CODIGO_SINIESTRO,FECHA_SINIESTRO,HORA_SINIESTRO,CLASE_SINIESTRO,CANTIDAD_FALLECIDOS,CANTIDAD_LESIONADOS,CANTIDAD_VEHICULOS,DEPARTAMENTO,PROVINCIA,DISTRITO,ZONA,TIPO_VIA,RED_VIAL,COD_CARRETERA,LATITUD,LONGITUD,CONDICION_CLIMATICA,ZONIFICACION,CARACTERISTICAS_VIA,PERFIL_VIA,SUPERFICIE_CALZADA,EXISTE_SENIAL_VERTICAL,CLASIFICACION_SENIAL_VERTICAL_1,CLASIFICACION_SENIAL_VERTICAL_2,EXISTE_SENIAL_HORIZONTAL,CAUSA_FACTOR_PRINCIPAL,CAUSA_ESPECIFICA,HORA,severidad,ANIO,MES,DIA_SEMANA,FIN_SEMANA,FRANJA_HORARIA,TEMPORADA,MACROREGION,TIPO_VIA_SCORE,PERFIL_VIA_SCORE,SUPERFICIE_CALZADA_SCORE,RIESGO_INFRAESTRUCTURA,RIESGO_CLIMATICO,SENIALIZACION_DEFICIENTE,EDAD_PROMEDIO,EDAD_STD,TOTAL_ALCOHOL,TOTAL_LICENCIA,TOTAL_PERSONAS,PCT_ALCOHOL,PCT_LICENCIA,ES_NOCHE
A-2021-01-344,2021-01-19,20:30,ATROPELLO,1,0,1,AREQUIPA,CARAVELI,CHALA,URBANA,CARRETERA,NACIONAL,PE-1S,-15.848355,-74.258278,DESPEJADO,RURAL,OTRO,INCLINADA,ASFALTADA,,,,,EN PROCESO DE INVESTIGACIÓN,NO CUENTA CON CAUSA ESPECIFICA,20.0,0,2021.0,1.0,1.0,0,3,0,0,0.0,1.0,0.0,1.0,0,0,34.0,15.556349186104045,0,1,2,0.0,0.5,1
A-2021-01-149,2021-01-19,21:21,DESPISTE,1,1,2,ICA,ICA,SALAS,URBANA,CARRETERA,NACIONAL,PE-1S,-14.001949,-75.767842,DESPEJADO,RURAL,TRAMO RECTO,PLANA ,ASFALTADA,,,,,IMPRUDENCIA DEL CONDUCTOR,EXCESO DE VELOCIDAD,21.0,0,2021.0,1.0,1.0,0,3,0,0,0.0,0.0,0.0,0.0,0,0,26.0,0.0,0,0,2,0.0,0.0,1
A-2021-01-161,2021-01-21,14:00,DESPISTE,1,3,1,PIURA,MORROPON,BUENOS AIRES,RURAL,CARRETERA,NACIONAL,PE-02A,-5.283625,-79.9524199,DESPEJADO,RURAL,TRAMO RECTO,PLANA ,ASFALTADA,SI,REGULADORA (R),,SI,IMPRUDENCIA DEL CONDUCTOR,EXCESO DE VELOCIDAD,14.0,0,2021.0,1.0,3.0,0,2,0,0,0.0,0.0,0.0,0.0,0,0,52.5,16.921386861996073,0,0,4,0.0,0.0,0
A-2021-01-308,2021-01-21,16:30,ATROPELLO,1,0,1,JUNIN,JUNIN,CARHUAMAYO,RURAL,CARRETERA,NACIONAL,PE-3N,-10.9409313,-76.0498808,DESPEJADO,RURAL,CURVA,PLANA ,ASFALTADA,,,,,EN PROCESO DE INVESTIGACIÓN,NO CUENTA CON CAUSA ESPECIFICA,16.0,0,2021.0,1.0,3.0,0,2,0,1,0.0,0.0,0.0,0.0,0,0,22.5,7.7781745930520225,0,1,2,0.0,0.5,0
A-2021-01-177,2021-01-21,16:40,DESPISTE,1,3,1,ICA,ICA,SANTIAGO,URBANA,CARRETERA,NACIONAL,PE-1S,-14.33265468433435,-75.664020917132,DESPEJADO,RURAL,TRAMO RECTO,PLANA ,ASFALTADA,,,,,NEGLIGENCIA DEL CONDUCTOR,CONDUCIR CON FALLAS DE NEUMÁTICOS,16.0,0,2021.0,1.0,3.0,0,2,0,0,0.0,0.0,0.0,0.0,0,0,27.0,20.579115627256677,0,0,5,0.0,0.0,0
A-2021-01-323,2021-01-21,17:30,ATROPELLO,1,0,0,PIURA,SULLANA,SULLANA,URBANA,CARRETERA,NACIONAL,PE-1N,-4.911118771722453,-80.69726784119618,SOLEADO,COMERCIAL,TRAMO RECTO,PLANA ,ASFALTADA,SI,REGULADORA (R),REGULADORA (R),NO,IMPRUDENCIA DEL PEATÓN,OTRO (IMPRUDENCIA DEL PEATÓN),17.0,0,2021.0,1.0,3.0,0,2,0,0,0.0,0.0,0.0,0.0,0,1,54.0,0.0,0,1,2,0.0,0.5,0
A-2021-01-157,2021-01-21,18:40,ATROPELLO,1,0,0,JUNIN,HUANCAYO,CHILCA,URBANA,CARRETERA,NACIONAL,PE-3SC,-12.0831302,-75.2030827,DESPEJADO,COMERCIAL,TRAMO RECTO,PLANA ,ASFALTADA,,,,,EN PROCESO DE INVESTIGACIÓN,NO CUENTA CON CAUSA ESPECIFICA,18.0,0,2021.0,1.0,3.0,0,3,0,1,0.0,0.0,0.0,0.0,0,0,45.5,20.506096654409877,0,1,2,0.0,0.5,1
A-2021-01-246,2021-01-22,16:00,CHOQUE,1,2,2,HUANCAVELICA,CHURCAMPA,PAUCARBAMBA,RURAL,CARRETERA,DEPARTAMENTAL,HV-103,-12.551354,-74.5466811,SOLEADO,RURAL,CURVA,INCLINADA,AFIRMADO,,,,,EN PROCESO DE INVESTIGACIÓN,NO CUENTA CON CAUSA ESPECIFICA,16.0,0,2021.0,1.0,4.0,0,2,0,1,0.0,1.0,1.0,2.0,0,0,25.0,12.649110640673518,0,1,4,0.0,0.25,0
A-2021-01-170,2021-01-22,21:00,CHOQUE,1,0,2,AREQUIPA,AREQUIPA,CERRO COLORADO,URBANA,CARRETERA,NACIONAL,PE-34A,-16.3180079,-71.6027605,DESPEJADO,COMERCIAL,TRAMO RECTO,PLANA ,ASFALTADA,SI,PREVENTIVA (P),,SI,IMPRUDENCIA DEL CONDUCTOR,OTRO (IMPRUDENCIA DEL CONDUCTOR),21.0,0,2021.0,1.0,4.0,0,3,0,0,0.0,0.0,0.0,0.0,0,0,45.0,7.0710678118654755,0,2,2,0.0,1.0,1
A-2021-01-205,2021-01-23,02:47,CHOQUE,1,2,2,TACNA,TACNA,CORONEL GREGORIO ALBARRACIN LANCHIPA,URBANA,AVENIDA,URBANO,NO CORRESPONDE,-18.050638,-70.251433,SOLEADO,RESIDENCIAL,INTERSECCIÓN,PLANA ,ASFALTADA,SI,REGULADORA (R),PREVENTIVA (P),SI,IMPRUDENCIA DEL CONDUCTOR,OTRO (IMPRUDENCIA DEL CONDUCTOR),2.0,0,2021.0,1.0,5.0,1,0,0,0,1.0,0.0,0.0,1.0,0,0,24.5,2.1213203435596424,0,2,3,0.0,0.667,1
A-2021-01-301,2021-01-23,06:00,CHOQUE FUGA,1,1,2,JUNIN,CONCEPCION,CONCEPCION,URBANA,CARRETERA,NACIONAL,PE-3S,-11.9108847,-75.3279751,LLUVIOSO,RESIDENCIAL,TRAMO RECTO,PLANA ,ASFALTADA,,,,,EN PROCESO DE INVESTIGACIÓN,NO CUENTA CON CAUSA ESPECIFICA,6.0,0,2021.0,1.0,5.0,1,1,0,1,0.0,0.0,0.0,0.0,1,0,31.0,19.0,0,1,4,0.0,0.25,0
A-2021-01-287,2021-01-23,07:00,CHOQUE,1,2,2,PUNO,SAN ANTONIO DE PUTINA,QUILCAPUNCU,RURAL,CARRETERA,NACIONAL,PE-34H,-14.90459240150889,-69.7541340962868,LLUVIOSO,RURAL,TRAMO RECTO,PLANA ,ASFALTADA,,,,,IMPRUDENCIA DEL CONDUCTOR,CONDUCIR EN SENTIDO CONTRARIO,7.0,0,2021.0,1.0,5.0,1,1,0,1,0.0,0.0,0.0,0.0,1,0,26.6,11.414902540100814,0,2,5,0.0,0.4,0
A-2021-01-362,2021-01-23,08:31,CHOQUE,1,1,2,AYACUCHO,HUAMANGA,VINCHOS,URBANA,CARRETERA,NACIONAL,PE-28A,-13.341398,-74.538772,DESPEJADO,RURAL,TRAMO RECTO,PLANA ,ASFALTADA,,,,,IMPRUDENCIA DEL CONDUCTOR,INVASIÓN DE CARRIL,8.0,0,2021.0,1.0,5.0,1,1,0,1,0.0,0.0,0.0,0.0,0,0,45.5,17.67766952966369,0,2,2,0.0,1.0,0
A-2021-01-271,2021-01-23,13:00,ATROPELLO,1,0,0,LIMA,LIMA,LOS OLIVOS,URBANA,AVENIDA,URBANO,NO CORRESPONDE,-11.991702,-77.070611,DESPEJADO,COMERCIAL,TRAMO RECTO,PLANA ,ASFALTADA,,,,,IMPRUDENCIA DEL CONDUCTOR,EXCESO DE VELOCIDAD,13.0,0,2021.0,1.0,5.0,1,2,0,0,1.0,0.0,0.0,1.0,0,0,55.0,18.384776310850235,0,0,2,0.0,0.0,0
A-2021-01-272,2021-01-23,17:35,ATROPELLO,1,0,0,LIMA,LIMA,PUENTE PIEDRA,URBANA,CARRETERA,NACIONAL,PE-1N,-11.897187,-77.067866,DESPEJADO,COMERCIAL,TRAMO RECTO,PLANA ,ASFALTADA,,,,,EN PROCESO DE INVESTIGACIÓN,NO CUENTA CON CAUSA ESPECIFICA,17.0,0,2021.0,1.0,5.0,1,2,0,0,0.0,0.0,0.0,0.0,0,0,37.5,9.192388155425117,0,0,2,0.0,0.0,0
A-2021-01-244,2021-01-23,19:30,VOLCADURA,2,4,1,HUANCAVELICA,HUAYTARA,OCOYO,RURAL,CARRETERA,DEPARTAMENTAL,HV-121,-13.968207,-75.049075,DESPEJADO,RURAL,SINUOSA,INCLINADA,TROCHA,,,,,INFRAESTRUCTURA Y ENTORNO VIAL,SUPERFICIE DETERIORADA,19.0,1,2021.0,1.0,5.0,1,3,0,1,0.0,1.0,2.0,3.0,0,0,31.0,8.17312669668102,0,1,6,0.0,0.167,1
A-2021-01-218,2021-01-23,19:50,ATROPELLO,1,0,1,CUSCO,URUBAMBA,OLLANTAYTAMBO,RURAL,CARRETERA,NACIONAL,PE-28B,-13.258314,-72.250823,DESPEJADO,RURAL,TRAMO RECTO,PLANA ,ASFALTADA,SI,REGULADORA (R),PREVENTIVA (P),SI,IMPRUDENCIA DEL CONDUCTOR,EXCESO DE VELOCIDAD,19.0,0,2021.0,1.0,5.0,1,3,0,1,0.0,0.0,0.0,0.0,0,0,36.0,18.384776310850235,0,1,2,0.0,0.5,1
A-2021-01-176,2021-01-23,20:25,DESPISTE,2,0,1,AREQUIPA,AREQUIPA,CERRO COLORADO,URBANA,CARRETERA,NACIONAL,PE-34A,-16.3944495,-71.5835,DESPEJADO,COMERCIAL,INTERSECCIÓN,PLANA ,ASFALTADA,SI,REGULADORA (R),,SI,EN PROCESO DE INVESTIGACIÓN,NO CUENTA CON CAUSA ESPECIFICA,20.0,1,2021.0,1.0,5.0,1,3,0,0,0.0,0.0,0.0,0.0,0,0,36.333333333333336,25.967928938083094,0,1,3,0.0,0.333,1
A-2021-01-198,2021-01-23,23:30,ATROPELLO FUGA,1,0,1,CUSCO,CANCHIS,MARANGANI,RURAL,CARRETERA,PROVINCIAL,CU-1421,-14.304823,-71.000242,LLUVIOSO,RURAL,TRAMO RECTO,PLANA ,ASFALTADA,,,,,NEGLIGENCIA DEL CONDUCTOR,OTRO (NEGLIGENCIA DEL CONDUCTOR),23.0,0,2021.0,1.0,5.0,1,3,0,1,0.0,0.0,0.0,0.0,1,0,61.0,0.0,0,0,2,0.0,0.0,1
A-2021-01-199,2021-01-24,02:10,CHOQUE,1,0,2,ICA,ICA,SANTIAGO,URBANA,CARRETERA,NACIONAL,PE-1S,-14.278243270178807,-75.68278177837077,DESPEJADO,RURAL,TRAMO RECTO,PLANA ,ASFALTADA,,,,,IMPRUDENCIA DEL CONDUCTOR,EXCESO DE VELOCIDAD,2.0,0,2021.0,1.0,6.0,1,0,0,0,0.0,0.0,0.0,0.0,0,0,42.0,25.45584412271571,0,1,2,0.0,0.5,1
A-2021-01-193,2021-01-24,08:20,CHOQUE,1,5,2,SAN MARTIN,PICOTA,PICOTA,RURAL,CARRETERA,NACIONAL,PE-5N,-6.9250035300956325,-76.34251605692607,LLUVIOSO,RURAL,OTRO,PLANA ,ASFALTADA,,,,,IMPRUDENCIA DEL CONDUCTOR,INVASIÓN DE CARRIL,8.0,0,2021.0,1.0,6.0,1,1,0,2,0.0,0.0,0.0,0.0,1,0,38.857142857142854,13.434142714598147,0,0,7,0.0,0.0,0
A-2021-01-186,2021-01-24,19:00,ATROPELLO FUGA,1,1,1,AREQUIPA,AREQUIPA,PAUCARPATA,URBANA,AVENIDA,URBANO,NO CORRESPONDE,-16.414171,-71.509877,DESPEJADO,COMERCIAL,INTERSECCIÓN,PLANA ,ASFALTADA,NO,,,SI,IMPRUDENCIA DEL CONDUCTOR,EXCESO DE VELOCIDAD,19.0,0,2021.0,1.0,6.0,1,3,0,0,1.0,0.0,0.0,1.0,0,1,39.333333333333336,14.46835627614047,0,0,3,0.0,0.0,1
A-2021-01-195,2021-01-24,20:10,DESPISTE,1,0,0,CALLAO,CALLAO,VENTANILLA,URBANA,CARRETERA,NACIONAL,PE-20,-11.881892360721375,-77.12626527470516,DESPEJADO,RESIDENCIAL,TRAMO RECTO,INCLINADA,ASFALTADA,,,,,EN PROCESO DE INVESTIGACIÓN,NO CUENTA CON CAUSA ESPECIFICA,20.0,0,2021.0,1.0,6.0,1,3,0,0,0.0,1.0,0.0,1.0,0,0,22.0,16.97056274847714,0,1,2,0.0,0.5,1
A-2021-01-203,2021-01-24,22:30,CHOQUE,2,1,2,UCAYALI,CORONEL PORTILLO,CALLERIA,URBANA,AVENIDA,URBANO,NO CORRESPONDE,-8.388567480945714,-74.56509945130679,DESPEJADO,RURAL,INTERSECCIÓN,PLANA ,ASFALTADA,SI,REGULADORA (R),REGULADORA (R),SI,IMPRUDENCIA DEL CONDUCTOR,OTRO (IMPRUDENCIA DEL CONDUCTOR),22.0,1,2021.0,1.0,6.0,1,3,0,2,1.0,0.0,0.0,1.0,0,0,34.666666666666664,17.7857620959388,1,1,3,0.333,0.333,1
A-2021-01-234,2021-01-25,04:40,CHOQUE,1,0,2,ICA,ICA,YAUCA DEL ROSARIO,RURAL,CARRETERA,DEPARTAMENTAL,IC-107,-14.141104435949291,-75.634732734369,DESPEJADO,RURAL,TRAMO RECTO,PLANA ,ASFALTADA,,,,,IMPRUDENCIA DEL CONDUCTOR,EXCESO DE VELOCIDAD,4.0,0,2021.0,1.0,0.0,0,0,0,0,0.0,0.0,0.0,0.0,0,0,44.5,12.020815280171307,0,1,2,0.0,0.5,1
A-2021-01-273,2021-01-25,08:00,ATROPELLO FUGA,1,0,0,LIMA,LIMA,SAN MARTIN DE PORRES,URBANA,AVENIDA,URBANO,NO CORRESPONDE,-11.9815573,-77.096882,DESPEJADO,COMERCIAL,TRAMO RECTO,PLANA ,ASFALTADA,,,,,IMPRUDENCIA DEL PEATÓN,OTRO (IMPRUDENCIA DEL PEATÓN),8.0,0,2021.0,1.0,0.0,0,1,0,0,1.0,0.0,0.0,1.0,0,0,41.0,0.0,0,0,2,0.0,0.0,0
A-2021-01-274,2021-01-25,11:30,CHOQUE,1,1,0,LIMA,LIMA,VILLA MARIA DEL TRIUNFO,URBANA,AVENIDA,URBANO,NO CORRESPONDE,-12.163841,-76.952571,DESPEJADO,COMERCIAL,TRAMO RECTO,PLANA ,ASFALTADA,,,,,NEGLIGENCIA DEL CONDUCTOR,OTRO (NEGLIGENCIA DEL CONDUCTOR),11.0,0,2021.0,1.0,0.0,0,1,0,0,1.0,0.0,0.0,1.0,0,0,44.75,25.210778118363056,0,0,4,0.0,0.0,0
A-2021-01-381,2021-01-26,06:50,ATROPELLO,1,0,0,LIMA,LIMA,SAN MARTIN DE PORRES,URBANA,JIRÓN,URBANO,NO CORRESPONDE,-12.018966,-77.053367,DESPEJADO,INDUSTRIAL,TRAMO RECTO,PLANA ,ASFALTADA,,,,,EN PROCESO DE INVESTIGACIÓN,NO CUENTA CON CAUSA ESPECIFICA,6.0,0,2021.0,1.0,1.0,0,1,0,0,1.0,0.0,0.0,1.0,0,0,41.0,22.627416997969522,0,0,2,0.0,0.0,0
A-2021-01-334,2021-01-26,07:00,ATROPELLO FUGA,1,0,0,ICA,PISCO,TUPAC AMARU INCA,URBANA,CARRETERA,NACIONAL,PE-1S,-13.706171,-76.151294,DESPEJADO,RESIDENCIAL,TRAMO RECTO,PLANA ,ASFALTADA,,PREVENTIVA (P),REGULADORA (R),,EN PROCESO DE INVESTIGACIÓN,NO CUENTA CON CAUSA ESPECIFICA,7.0,0,2021.0,1.0,1.0,0,1,0,0,0.0,0.0,0.0,0.0,0,0,80.0,0.0,0,0,2,0.0,0.0,0
A-2021-01-407,2021-01-26,15:15,CHOQUE,1,0,2,SAN MARTIN,MARISCAL CACERES,HUICUNGO,RURAL,CARRETERA,NACIONAL,PE-10B,-7.316294859438296,-76.77509505872386,DESPEJADO,RURAL,CURVA,INCLINADA,ASFALTADA,SI,INFORMATIVA (I),,NO,IMPRUDENCIA DEL CONDUCTOR,EXCESO DE VELOCIDAD,15.0,0,2021.0,1.0,1.0,0,2,0,2,0.0,1.0,0.0,1.0,0,1,64.0,7.0710678118654755,0,2,2,0.0,1.0,0
A-2021-01-207,2021-01-26,18:00,ESPECIAL,1,0,0,PUNO,CHUCUITO,DESAGUADERO,URBANA,CARRETERA,NACIONAL,PE-36A,-16.58229113,-69.06036235,DESPEJADO,RURAL,TRAMO RECTO,PLANA ,ASFALTADA,,,,,IMPRUDENCIA DEL CONDUCTOR,INVASIÓN DE CARRIL,18.0,0,2021.0,1.0,1.0,0,3,0,1,0.0,0.0,0.0,0.0,0,0,51.0,8.48528137423857,0,1,2,0.0,0.5,1
A-2021-01-214,2021-01-26,19:10,ATROPELLO,1,0,0,PUNO,PUNO,PUNO,URBANA,CARRETERA,NACIONAL,PE-3S,-15.844639,-70.028528,DESPEJADO,RESIDENCIAL,TRAMO RECTO,PLANA ,ASFALTADA,,,,,IMPRUDENCIA DEL PEATÓN,CRUCE INDEBIDO POR LA CALZADA,19.0,0,2021.0,1.0,1.0,0,3,0,1,0.0,0.0,0.0,0.0,0,0,42.0,25.45584412271571,0,0,2,0.0,0.0,1
A-2021-01-242,2021-01-26,19:45,ATROPELLO,1,0,1,MOQUEGUA,MARISCAL NIETO,MOQUEGUA,URBANA,CARRETERA,NACIONAL,PE-36A,-17.20663,-70.921486,DESPEJADO,COMERCIAL,TRAMO RECTO,PLANA ,ASFALTADA,,,,,IMPRUDENCIA DEL PEATÓN,CRUCE INDEBIDO POR LA CALZADA,19.0,0,2021.0,1.0,1.0,0,3,0,0,0.0,0.0,0.0,0.0,0,0,56.5,3.5355339059327378,0,1,2,0.0,0.5,1
A-2021-01-239,2021-01-26,21:00,DESPISTE,1,0,1,AREQUIPA,AREQUIPA,JOSE LUIS BUSTAMANTE Y RIVERO,URBANA,AVENIDA,URBANO,NO CORRESPONDE,-16.4342491,-71.5302518,DESPEJADO,RESIDENCIAL,TRAMO RECTO,PLANA ,ASFALTADA,NO,,,SI,IMPRUDENCIA DEL CONDUCTOR,OTRO (IMPRUDENCIA DEL CONDUCTOR),21.0,0,2021.0,1.0,1.0,0,3,0,0,1.0,0.0,0.0,1.0,0,1,22.0,0.0,0,1,1,0.0,1.0,1
A-2021-01-229,2021-01-27,07:30,ATROPELLO,1,0,1,TACNA,TACNA,TACNA,URBANA,CARRETERA,NACIONAL,PE-40,-18.00906,-70.231249,DESPEJADO,RESIDENCIAL,TRAMO RECTO,INCLINADA,ASFALTADA,SI,PREVENTIVA (P),PREVENTIVA (P),NO,IMPRUDENCIA DEL PEATÓN,ESTADO DE EBRIEDAD Y/O DROGADICCIÓN,7.0,0,2021.0,1.0,2.0,0,1,0,0,0.0,1.0,0.0,1.0,0,1,49.0,4.242640687119285,0,1,2,0.0,0.5,0
A-2021-01-406,2021-01-27,10:30,VOLCADURA,1,0,2,HUANUCO,PACHITEA,UMARI,RURAL,CARRETERA,NACIONAL,PE-18B,-9.833197,-76.065763,DESPEJADO,RURAL,SINUOSA,PLANA ,ASFALTADA,,,,,IMPRUDENCIA DEL CONDUCTOR,INVASIÓN DE CARRIL,10.0,0,2021.0,1.0,2.0,0,1,0,1,0.0,0.0,0.0,0.0,0,0,37.0,25.45584412271571,0,2,2,0.0,1.0,0
A-2021-01-243,2021-01-27,14:17,CHOQUE,1,2,2,SAN MARTIN,SAN MARTIN,TARAPOTO,URBANA,JIRÓN,URBANO,NO CORRESPONDE,-6.490228514490535,-76.35934169721354,DESPEJADO,COMERCIAL,INTERSECCIÓN,PLANA ,ASFALTADA,,,,,NEGLIGENCIA DEL CONDUCTOR,OTRO (NEGLIGENCIA DEL CONDUCTOR),14.0,0,2021.0,1.0,2.0,0,2,0,2,1.0,0.0,0.0,1.0,0,0,32.75,22.156639336024465,0,2,4,0.0,0.5,0
A-2021-01-237,2021-01-27,16:00,DESPISTE,1,0,1,LAMBAYEQUE,CHICLAYO,PIMENTEL,RURAL,CARRETERA,NACIONAL,PE-1N,-6.737074,-79.881409,SOLEADO,INDUSTRIAL,TRAMO RECTO,PLANA ,ASFALTADA,,,,,EN PROCESO DE INVESTIGACIÓN,NO CUENTA CON CAUSA ESPECIFICA,16.0,0,2021.0,1.0,2.0,0,2,0,0,0.0,0.0,0.0,0.0,0,0,66.0,0.0,0,0,1,0.0,0.0,0
A-2021-01-279,2021-01-27,16:00,CHOQUE,1,0,2,LAMBAYEQUE,CHICLAYO,LAGUNAS,URBANA,CARRETERA,NACIONAL,PE-1N,-6.985744,-79.629806,DESPEJADO,RESIDENCIAL,TRAMO RECTO,PLANA ,ASFALTADA,SI,REGULADORA (R),PREVENTIVA (P),NO,EN PROCESO DE INVESTIGACIÓN,NO CUENTA CON CAUSA ESPECIFICA,16.0,0,2021.0,1.0,2.0,0,2,0,0,0.0,0.0,0.0,0.0,0,1,27.0,12.727922061357855,0,1,2,0.0,0.5,0
A-2021-01-329,2021-01-27,18:00,DESPISTE,1,0,1,JUNIN,YAULI,PACCHA,RURAL,CARRETERA,NACIONAL,PE-3N,-11.4378895,-75.935218,LLUVIOSO,RURAL,TRAMO RECTO,PLANA ,ASFALTADA,SI,PREVENTIVA (P),REGULADORA (R),SI,EN PROCESO DE INVESTIGACIÓN,NO CUENTA CON CAUSA ESPECIFICA,18.0,0,2021.0,1.0,2.0,0,3,0,1,0.0,0.0,0.0,0.0,1,0,68.0,0.0,0,1,1,0.0,1.0,1
A-2021-01-282,2021-01-28,05:00,CHOQUE FUGA,1,1,0,LIMA,LIMA,COMAS,RURAL,CARRETERA,NACIONAL,PE-1N,-11.932369,-77.072179,DESPEJADO,RURAL,TRAMO RECTO,PLANA ,ASFALTADA,,,,,IMPRUDENCIA DEL CONDUCTOR,OTRO (IMPRUDENCIA DEL CONDUCTOR),5.0,0,2021.0,1.0,3.0,0,0,0,0,0.0,0.0,0.0,0.0,0,0,42.0,5.656854249492381,0,0,3,0.0,0.0,1
A-2021-01-268,2021-01-28,16:30,CHOQUE,1,4,2,PIURA,SECHURA,CRISTO NOS VALGA,RURAL,CARRETERA,NACIONAL,PE-1N,-5.573981,-80.580521,DESPEJADO,RURAL,OTRO,PLANA ,ASFALTADA,,,,,IMPRUDENCIA DEL CONDUCTOR,INVASIÓN DE CARRIL,16.0,0,2021.0,1.0,3.0,0,2,0,0,0.0,0.0,0.0,0.0,0,0,35.0,20.474374227311564,0,2,6,0.0,0.333,0
A-2021-01-284,2021-01-28,17:20,CHOQUE,1,0,0,LIMA,LIMA,CARABAYLLO,URBANA,AVENIDA,URBANO,NO CORRESPONDE,-11.89,-77.02691153,DESPEJADO,COMERCIAL,INTERSECCIÓN,PLANA ,ASFALTADA,,,,,EN PROCESO DE INVESTIGACIÓN,NO CUENTA CON CAUSA ESPECIFICA,17.0,0,2021.0,1.0,3.0,0,2,0,0,1.0,0.0,0.0,1.0,0,0,32.5,3.5355339059327378,0,0,2,0.0,0.0,0
A-2021-01-341,2021-01-29,07:00,ATROPELLO,1,0,1,LAMBAYEQUE,CHICLAYO,REQUE,URBANA,CARRETERA,NACIONAL,PE-1N,-6.876218,-79.816787,DESPEJADO,RESIDENCIAL,TRAMO RECTO,INCLINADA,AFIRMADO,,,,,EN PROCESO DE INVESTIGACIÓN,NO CUENTA CON CAUSA ESPECIFICA,7.0,0,2021.0,1.0,4.0,0,1,0,0,0.0,1.0,1.0,2.0,0,0,53.5,10.606601717798213,0,1,2,0.0,0.5,0
A-2021-01-340,2021-01-29,08:20,DESPISTE,2,0,1,AMAZONAS,RODRIGUEZ DE MENDOZA,MARISCAL BENAVIDES,RURAL,CARRETERA,NACIONAL,PE-08B,-6.3407682286398686,-77.50705857466426,DESPEJADO,RURAL,CURVA,PLANA ,AFIRMADO,,,,,EN PROCESO DE INVESTIGACIÓN,NO CUENTA CON CAUSA ESPECIFICA,8.0,1,2021.0,1.0,4.0,0,1,0,2,0.0,0.0,1.0,1.0,0,0,47.5,3.5355339059327378,0,1,2,0.0,0.5,0
A-2021-01-288,2021-01-29,10:14,CHOQUE,1,0,0,LIMA,LIMA,SAN JUAN DE LURIGANCHO,URBANA,AVENIDA,URBANO,NO CORRESPONDE,-12.02939938288795,-77.01008051633836,DESPEJADO,COMERCIAL,TRAMO RECTO,PLANA ,ASFALTADA,,,,,IMPRUDENCIA DEL CONDUCTOR,OTRO (IMPRUDENCIA DEL CONDUCTOR),10.0,0,2021.0,1.0,4.0,0,1,0,0,1.0,0.0,0.0,1.0,0,0,36.5,19.091883092036785,0,0,2,0.0,0.0,0
A-2021-01-292,2021-01-29,11:10,CHOQUE,4,0,2,PUNO,SAN ROMAN,CABANILLAS,RURAL,CARRETERA,NACIONAL,PE-34A,-15.6609065,-70.4690692,SOLEADO,RURAL,TRAMO RECTO,PLANA ,ASFALTADA,NO,,,SI,IMPRUDENCIA DEL CONDUCTOR,EXCESO DE VELOCIDAD,11.0,2,2021.0,1.0,4.0,0,1,0,1,0.0,0.0,0.0,0.0,0,1,29.4,20.107212636265626,0,1,5,0.0,0.2,0
A-2021-01-290,2021-01-29,17:40,DESPISTE,1,5,1,ANCASH,HUARAZ,INDEPENDENCIA,RURAL,CARRETERA,NACIONAL,PE-14,-9.5553723,-77.6120294,LLUVIOSO,RURAL,CURVA,INCLINADA,ASFALTADA,SI,PREVENTIVA (P),,NO,IMPRUDENCIA DEL CONDUCTOR,EXCESO DE VELOCIDAD,17.0,0,2021.0,1.0,4.0,0,2,0,0,0.0,1.0,0.0,1.0,1,1,23.666666666666668,10.93008081702357,0,1,6,0.0,0.167,0
A-2021-01-325,2021-01-29,20:30,ATROPELLO,1,0,1,PUNO,SAN ROMAN,CARACOTO,RURAL,CARRETERA,NACIONAL,PE-3S,-15.5359261,-70.1144705,DESPEJADO,RURAL,TRAMO RECTO,PLANA ,ASFALTADA,NO,,,SI,NEGLIGENCIA DEL CONDUCTOR,OTRO (NEGLIGENCIA DEL CONDUCTOR),20.0,0,2021.0,1.0,4.0,0,3,0,1,0.0,0.0,0.0,0.0,0,1,50.5,43.1335136523794,0,1,2,0.0,0.5,1
A-2021-01-349,2021-01-29,20:58,DESPISTE,1,2,1,PUNO,LAMPA,CALAPUJA,RURAL,CARRETERA,NACIONAL,PE-3S,-15.2802355,-70.2564289,DESPEJADO,RURAL,CURVA,PLANA ,ASFALTADA,SI,INFORMATIVA (I),PREVENTIVA (P),SI,IMPRUDENCIA DEL CONDUCTOR,EXCESO DE VELOCIDAD,20.0,0,2021.0,1.0,4.0,0,3,0,1,0.0,0.0,0.0,0.0,0,0,29.333333333333332,6.6583281184793925,0,1,3,0.0,0.333,1