CODIGO_SINIESTRO,FECHA_SINIESTRO,HORA_SINIESTRO,CLASE_SINIESTRO,CANTIDAD_FALLECIDOS,CANTIDAD_LESIONADOS,CANTIDAD_VEHICULOS,DEPARTAMENTO,PROVINCIA,DISTRITO,ZONA,TIPO_VIA,RED_VIAL,COD_CARRETERA,LATITUD,LONGITUD,CONDICION_CLIMATICA,ZONIFICACION,CARACTERISTICAS_VIA,PERFIL_VIA,SUPERFICIE_CALZADA,EXISTE_SENIAL_VERTICAL,CLASIFICACION_SENIAL_VERTICAL_1,CLASIFICACION_SENIAL_VERTICAL_2,EXISTE_SENIAL_HORIZONTAL,CAUSA_FACTOR_PRINCIPAL,CAUSA_ESPECIFICA,HORA,severidad,ANIO,MES,DIA_SEMANA,FIN_SEMANA,FRANJA_HORARIA,TEMPORADA,MACROREGION,TIPO_VIA_SCORE,PERFIL_VIA_SCORE,SUPERFICIE_CALZADA_SCORE,RIESGO_INFRAESTRUCTURA,RIESGO_CLIMATICO,SENIALIZACION_DEFICIENTE,EDAD_PROMEDIO,EDAD_STD,TOTAL_ALCOHOL,TOTAL_LICENCIA,TOTAL_PERSONAS,PCT_ALCOHOL,PCT_LICENCIA,ES_NOCHE
A-2021-01-356,2021-01-30,00:10,ATROPELLO FUGA,1,0,0,LIMA,LIMA,LURIGANCHO,URBANA,AVENIDA,URBANO,NO CORRESPONDE,-11.987377,-76.897774,DESPEJADO,COMERCIAL,TRAMO RECTO,PLANA ,ASFALTADA,,,,,EN PROCESO DE INVESTIGACIÓN,NO CUENTA CON CAUSA ESPECIFICA,0.0,0,2021.0,1.0,5.0,1,0,0,0,1.0,0.0,0.0,1.0,0,0,22.0,0.0,0,0,2,0.0,0.0,1
A-2021-01-247,2021-01-30,04:00,ATROPELLO FUGA,1,0,0,LIMA,HUAURA,HUACHO,RURAL,CARRETERA,NACIONAL,PE-1N,-11.169286827738713,-77.58567814112875,DESPEJADO,RURAL,TRAMO RECTO,PLANA ,ASFALTADA,,,,,EN PROCESO DE INVESTIGACIÓN,NO CUENTA CON CAUSA ESPECIFICA,4.0,0,2021.0,1.0,5.0,1,0,0,0,0.0,0.0,0.0,0.0,0,0,30.0,0.0,0,0,2,0.0,0.0,1
A-2021-01-285,2021-01-30,05:00,ATROPELLO,1,0,1,LA LIBERTAD,SANCHEZ CARRION,HUAMACHUCO,RURAL,CARRETERA,NACIONAL,PE-3N,-7.818645,-78.019036,DESPEJADO,RURAL,TRAMO RECTO,PLANA ,ASFALTADA,,,,,EN PROCESO DE INVESTIGACIÓN,NO CUENTA CON CAUSA ESPECIFICA,5.0,0,2021.0,1.0,5.0,1,0,0,0,0.0,0.0,0.0,0.0,0,0,46.5,31.81980515339464,0,1,2,0.0,0.5,1
A-2021-01-293,2021-01-30,05:30,CHOQUE,1,1,3,SAN MARTIN,LAMAS,TABALOSOS,RURAL,CARRETERA,NACIONAL,PE-5N,-6.393684,-76.628262,DESPEJADO,RURAL,TRAMO RECTO,PLANA ,ASFALTADA,NO,,,SI,IMPRUDENCIA DEL CONDUCTOR,EXCESO DE VELOCIDAD,5.0,0,2021.0,1.0,5.0,1,0,0,2,0.0,0.0,0.0,0.0,0,1,28.666666666666668,21.962088546705512,0,1,3,0.0,0.333,1
A-2021-01-324,2021-01-30,09:20,DESPISTE,2,0,1,PIURA,PAITA,PAITA,URBANA,CARRETERA,NACIONAL,PE-02,-5.103051878962269,-81.06725659719011,DESPEJADO,INDUSTRIAL,TRAMO RECTO,PLANA ,ASFALTADA,,REGULADORA (R),,,NEGLIGENCIA DEL CONDUCTOR,CONDUCIR CON FALLAS DE NEUMÁTICOS,9.0,1,2021.0,1.0,5.0,1,1,0,0,0.0,0.0,0.0,0.0,0,0,19.333333333333332,15.947831618540915,1,1,3,0.333,0.333,0
A-2021-01-298,2021-01-30,11:00,CHOQUE,1,0,2,CUSCO,URUBAMBA,OLLANTAYTAMBO,RURAL,CARRETERA,NACIONAL,PE-28B,-13.203964,-72.297491,NUBLADO,RURAL,CURVA,INCLINADA,ASFALTADA,SI,PREVENTIVA (P),PREVENTIVA (P),SI,EN PROCESO DE INVESTIGACIÓN,NO CUENTA CON CAUSA ESPECIFICA,11.0,0,2021.0,1.0,5.0,1,1,0,1,0.0,1.0,0.0,1.0,0,0,44.0,4.242640687119285,0,2,2,0.0,1.0,0
A-2021-01-291,2021-01-30,13:00,DESPISTE,1,1,1,CAJAMARCA,CAJAMARCA,COSPAN,RURAL,CARRETERA,DEPARTAMENTAL,CA-106,-7.466563,-78.496466,DESPEJADO,RURAL,TRAMO RECTO,PLANA ,TROCHA,,,,,IMPRUDENCIA DEL CONDUCTOR,FATIGA Y/O CANSANCIO,13.0,0,2021.0,1.0,5.0,1,2,0,1,0.0,0.0,2.0,2.0,0,0,28.0,24.331050121192877,0,1,3,0.0,0.333,0
A-2021-01-278,2021-01-30,13:20,DESPISTE,1,0,1,AREQUIPA,AREQUIPA,UCHUMAYO,RURAL,CARRETERA,NACIONAL,PE-34A,-16.447971,-71.696988,SOLEADO,RURAL,CURVA,INCLINADA,ASFALTADA,SI,PREVENTIVA (P),,SI,IMPRUDENCIA DEL CONDUCTOR,OTRO (IMPRUDENCIA DEL CONDUCTOR),13.0,0,2021.0,1.0,5.0,1,2,0,0,0.0,1.0,0.0,1.0,0,0,67.0,4.242640687119285,0,1,2,0.0,0.5,0
A-2021-01-295,2021-01-30,17:45,DESPISTE,1,0,0,ICA,ICA,PACHACUTEC,RURAL,CARRETERA,PROVINCIAL,IC-702,-14.161648,-75.689689,DESPEJADO,RURAL,TRAMO RECTO,PLANA ,TROCHA,,,,,IMPRUDENCIA DEL CONDUCTOR,EXCESO DE VELOCIDAD,17.0,0,2021.0,1.0,5.0,1,2,0,0,0.0,0.0,2.0,2.0,0,0,30.0,0.0,0,1,1,0.0,1.0,0
A-2021-01-342,2021-01-30,17:50,CHOQUE,1,1,2,AMAZONAS,UTCUBAMBA,EL MILAGRO,URBANA,CARRETERA,NACIONAL,PE-5NC,-5.669654,-78.58634,DESPEJADO,RURAL,CURVA,INCLINADA,ASFALTADA,SI,PREVENTIVA (P),,SI,EN PROCESO DE INVESTIGACIÓN,NO CUENTA CON CAUSA ESPECIFICA,17.0,0,2021.0,1.0,5.0,1,2,0,2,0.0,1.0,0.0,1.0,0,0,53.666666666666664,23.713568549109883,0,2,3,0.0,0.667,0
A-2021-01-391,2021-01-30,21:10,CHOQUE,1,1,2,CALLAO,CALLAO,CALLAO,URBANA,CARRETERA,NACIONAL,PE-20B,-12.033276606846124,-77.10028573127246,DESPEJADO,RESIDENCIAL,TRAMO RECTO,PLANA ,CONCRETO,,,,,IMPRUDENCIA DEL CONDUCTOR,CONDUCIR EN ESTADO DE EBRIEDAD Y/O DROGADICCIÓN,21.0,0,2021.0,1.0,5.0,1,3,0,0,0.0,0.0,0.0,0.0,0,0,48.5,14.849242404917497,0,1,2,0.0,0.5,1
A-2021-01-378,2021-01-30,23:00,DESPISTE,1,1,1,LAMBAYEQUE,CHICLAYO,PIMENTEL,RURAL,CARRETERA,DEPARTAMENTAL,LA-108,-6.8247686,-79.9362024,DESPEJADO,RURAL,CURVA,INCLINADA,ASFALTADA,,,,,EN PROCESO DE INVESTIGACIÓN,NO CUENTA CON CAUSA ESPECIFICA,23.0,0,2021.0,1.0,5.0,1,3,0,0,0.0,1.0,0.0,1.0,0,0,32.0,0.0,0,1,3,0.0,0.333,1
A-2021-01-306,2021-01-30,23:50,CHOQUE,2,1,2,LAMBAYEQUE,CHICLAYO,CHICLAYO,URBANA,CARRETERA,NACIONAL,PE-1N,-6.794637,-79.863534,DESPEJADO,RESIDENCIAL,TRAMO RECTO,PLANA ,ASFALTADA,SI,PREVENTIVA (P),PREVENTIVA (P),NO,EN PROCESO DE INVESTIGACIÓN,NO CUENTA CON CAUSA ESPECIFICA,23.0,1,2021.0,1.0,5.0,1,3,0,0,0.0,0.0,0.0,0.0,0,1,31.5,11.930353445448853,0,2,4,0.0,0.5,1
A-2021-01-345,2021-01-31,02:50,CHOQUE,1,4,1,AREQUIPA,CARAVELI,CHAPARRA,RURAL,CARRETERA,NACIONAL,PE-1S,-16.033304,-73.999519,DESPEJADO,RURAL,TRAMO RECTO,PLANA ,ASFALTADA,,,,,EN PROCESO DE INVESTIGACIÓN,NO CUENTA CON CAUSA ESPECIFICA,2.0,0,2021.0,1.0,6.0,1,0,0,0,0.0,0.0,0.0,0.0,0,0,36.4,13.334166640626625,0,1,6,0.0,0.167,1
A-2021-01-376,2021-01-31,15:30,CHOQUE,1,0,2,SAN MARTIN,MARISCAL CACERES,CAMPANILLA,RURAL,CARRETERA,PROVINCIAL,SM-738,-6.51496,-76.70329,DESPEJADO,RURAL,CURVA,PLANA ,ASFALTADA,,,,,IMPRUDENCIA DEL CONDUCTOR,EXCESO DE VELOCIDAD,15.0,0,2021.0,1.0,6.0,1,2,0,2,0.0,0.0,0.0,0.0,0,0,44.5,20.506096654409877,0,2,2,0.0,1.0,0
A-2021-01-305,2021-01-31,19:30,CHOQUE,1,1,2,PIURA,MORROPON,CHULUCANAS,RURAL,CARRETERA,NACIONAL,PE-1NR,-5.13616,-80.115052,DESPEJADO,RURAL,TRAMO RECTO,PLANA ,ASFALTADA,SI,REGULADORA (R),REGULADORA (R),SI,IMPRUDENCIA DEL CONDUCTOR,CONDUCIR EN ESTADO DE EBRIEDAD Y/O DROGADICCIÓN,19.0,0,2021.0,1.0,6.0,1,3,0,0,0.0,0.0,0.0,0.0,0,0,35.5,3.5355339059327378,0,0,2,0.0,0.0,1
A-2021-01-277,2021-01-31,21:20,CHOQUE,1,3,2,HUANUCO,LEONCIO PRADO,SANTO DOMINGO DE ANDA,RURAL,CARRETERA,NACIONAL,PE-5N,-9.052429849137347,-76.07697428021588,DESPEJADO,RURAL,TRAMO RECTO,PLANA ,CONCRETO,,,,,IMPRUDENCIA DEL CONDUCTOR,EXCESO DE VELOCIDAD,21.0,0,2021.0,1.0,6.0,1,3,0,1,0.0,0.0,0.0,0.0,0,0,20.25,8.421203397773187,0,1,4,0.0,0.25,1
A-2021-02-248,2021-02-01,04:47,CHOQUE,1,0,0,LIMA,LIMA,SAN ISIDRO,URBANA,AVENIDA,URBANO,NO CORRESPONDE,-12.09219,-77.032178,DESPEJADO,RESIDENCIAL,INTERSECCIÓN,PLANA ,ASFALTADA,,,,,NEGLIGENCIA DEL CONDUCTOR,CONDUCIR CON FALLAS DE DIRECCIÓN,4.0,0,2021.0,2.0,0.0,0,0,0,0,1.0,0.0,0.0,1.0,0,0,48.5,28.991378028648448,0,2,2,0.0,1.0,1
A-2021-02-251,2021-02-01,07:10,CHOQUE,1,0,0,LIMA,LIMA,COMAS,URBANA,AVENIDA,URBANO,NO CORRESPONDE,-11.937625632516268,-77.07126170396806,DESPEJADO,RESIDENCIAL,INTERSECCIÓN,PLANA ,ASFALTADA,,,,,EN PROCESO DE INVESTIGACIÓN,NO CUENTA CON CAUSA ESPECIFICA,7.0,0,2021.0,2.0,0.0,0,1,0,0,1.0,0.0,0.0,1.0,0,0,46.5,20.506096654409877,1,0,2,0.5,0.0,0
A-2021-02-102,2021-02-01,15:45,DESPISTE,1,1,1,PUNO,SANDIA,SANDIA,RURAL,CARRETERA,NACIONAL,PE-34H,-14.365523022552429,-69.48053229031025,NUBLADO,RURAL,TRAMO RECTO,PLANA ,ASFALTADA,,,,,IMPRUDENCIA DEL CONDUCTOR,EXCESO DE VELOCIDAD,15.0,0,2021.0,2.0,0.0,0,2,0,1,0.0,0.0,0.0,0.0,0,0,28.5,2.1213203435596424,0,0,2,0.0,0.0,0
A-2021-02-163,2021-02-01,18:30,DESPISTE,1,3,1,CUSCO,PAUCARTAMBO,CAICAY,RURAL,CARRETERA,PROVINCIAL,CU-1364,-13.5972,-71.6969,LLUVIOSO,RURAL,CURVA,INCLINADA,AFIRMADO,,,,,IMPRUDENCIA DEL CONDUCTOR,EXCESO DE VELOCIDAD,18.0,0,2021.0,2.0,0.0,0,3,0,1,0.0,1.0,1.0,2.0,1,0,29.75,25.104780421266383,0,1,4,0.0,0.25,1
A-2021-02-21,2021-02-01,19:40,ATROPELLO FUGA,1,0,0,AREQUIPA,CONDESUYOS,RIO GRANDE,RURAL,CARRETERA,PROVINCIAL,AR-535,-15.928147453816774,-73.13040730041367,DESPEJADO,RURAL,SINUOSA,INCLINADA,TROCHA,,,,,EN PROCESO DE INVESTIGACIÓN,NO CUENTA CON CAUSA ESPECIFICA,19.0,0,2021.0,2.0,0.0,0,3,0,0,0.0,1.0,2.0,3.0,0,0,6.0,0.0,0,0,1,0.0,0.0,1
A-2021-02-6,2021-02-01,20:40,CHOQUE,2,5,2,PIURA,PIURA,CATACAOS,RURAL,CARRETERA,NACIONAL,PE-1N,-5.260848,-80.613699,DESPEJADO,RURAL,CURVA,PLANA ,ASFALTADA,SI,REGULADORA (R),PREVENTIVA (P),NO,IMPRUDENCIA DEL CONDUCTOR,CONDUCIR EN ESTADO DE EBRIEDAD Y/O DROGADICCIÓN,20.0,1,2021.0,2.0,0.0,0,3,0,0,0.0,0.0,0.0,0.0,0,1,32.857142857142854,14.43870459827302,2,2,7,0.286,0.286,1
A-2021-02-76,2021-02-02,05:40,CHOQUE,1,0,2,SAN MARTIN,MOYOBAMBA,CALZADA,RURAL,CARRETERA,NACIONAL,PE-5N,-6.042342803993313,-77.05495127659906,DESPEJADO,RURAL,TRAMO RECTO,PLANA ,ASFALTADA,,,,,IMPRUDENCIA DEL CONDUCTOR,OTRO (IMPRUDENCIA DEL CONDUCTOR),5.0,0,2021.0,2.0,1.0,0,0,0,2,0.0,0.0,0.0,0.0,0,0,29.0,8.48528137423857,0,2,2,0.0,1.0,1
A-2021-02-5,2021-02-02,13:30,CHOQUE,1,1,2,ICA,ICA,SANTIAGO,RURAL,CARRETERA,NACIONAL,PE-1S,-14.240577,-75.692856,DESPEJADO,RURAL,TRAMO RECTO,PLANA ,ASFALTADA,,,,,IMPRUDENCIA DEL CONDUCTOR,INVASIÓN DE CARRIL,13.0,0,2021.0,2.0,1.0,0,2,0,0,0.0,0.0,0.0,0.0,0,0,20.333333333333332,2.309401076758503,0,2,3,0.0,0.667,0
A-2021-02-4,2021-02-02,15:00,CHOQUE,1,0,2,HUANUCO,LEONCIO PRADO,RUPA-RUPA,URBANA,CARRETERA,NACIONAL,PE-18A,-9.31989,-75.99349,DESPEJADO,COMERCIAL,CURVA,PLANA ,ASFALTADA,SI,REGULADORA (R),PREVENTIVA (P),NO,IMPRUDENCIA DEL CONDUCTOR,EXCESO DE VELOCIDAD,15.0,0,2021.0,2.0,1.0,0,2,0,1,0.0,0.0,0.0,0.0,0,1,37.5,26.16295090390226,0,1,2,0.0,0.5,0
A-2021-02-113,2021-02-02,17:20,ATROPELLO,1,0,1,ANCASH,CASMA,CASMA,URBANA,CARRETERA,NACIONAL,PE-1N,-9.47433373914006,-78.2960977852209,DESPEJADO,RESIDENCIAL,INTERSECCIÓN,PLANA ,ASFALTADA,,,,,IMPRUDENCIA DEL CONDUCTOR,NO DAR PASO PREFERENTE AL PEATÓN,17.0,0,2021.0,2.0,1.0,0,2,0,0,0.0,0.0,0.0,0.0,0,0,61.0,33.94112549695428,0,1,2,0.0,0.5,0
A-2021-02-32,2021-02-03,12:00,DESPISTE,1,1,1,TACNA,TACNA,SAMA,RURAL,CARRETERA,NACIONAL,PE-1SD,-18.170141,-70.647195,SOLEADO,RURAL,TRAMO RECTO,PLANA ,ASFALTADA,,,,,IMPRUDENCIA DEL CONDUCTOR,CONDUCIR EN ESTADO DE EBRIEDAD Y/O DROGADICCIÓN,12.0,0,2021.0,2.0,2.0,0,2,0,0,0.0,0.0,0.0,0.0,0,0,34.5,0.7071067811865476,0,0,3,0.0,0.0,0
A-2021-02-31,2021-02-03,13:30,DESPISTE,2,2,1,ANCASH,HUARI,UCO,RURAL,CARRETERA,NACIONAL,PE-14A,-9.160781225717082,-76.92738104820685,NUBLADO,RURAL,TRAMO RECTO,INCLINADA,TROCHA,SI,PREVENTIVA (P),PREVENTIVA (P),SI,IMPRUDENCIA DEL CONDUCTOR,FATIGA Y/O CANSANCIO,13.0,1,2021.0,2.0,2.0,0,2,0,0,0.0,1.0,2.0,3.0,0,0,31.5,23.014488190413157,0,1,4,0.0,0.25,0
A-2021-02-75,2021-02-03,15:30,DESPISTE,1,0,1,MOQUEGUA,MARISCAL NIETO,CARUMAS,RURAL,CARRETERA,NACIONAL,PE-36B,-16.72916,-70.453007,GRANIZADO,RURAL,CURVA,INCLINADA,ASFALTADA,,,,,INFRAESTRUCTURA Y ENTORNO VIAL,FACTOR AMBIENTAL,15.0,0,2021.0,2.0,2.0,0,2,0,0,0.0,1.0,0.0,1.0,1,0,51.5,4.949747468305833,0,1,2,0.0,0.5,0
A-2021-02-286,2021-02-03,19:15,ATROPELLO,1,0,1,SAN MARTIN,SAN MARTIN,TARAPOTO,URBANA,AVENIDA,URBANO,NO CORRESPONDE,-6.47596,-76.36267,DESPEJADO,COMERCIAL,TRAMO RECTO,PLANA ,ASFALTADA,,,,,IMPRUDENCIA DEL CONDUCTOR,NO DAR PASO PREFERENTE AL PEATÓN,19.0,0,2021.0,2.0,2.0,0,3,0,2,1.0,0.0,0.0,1.0,0,0,39.5,24.748737341529164,1,1,2,0.5,0.5,1
A-2021-02-8,2021-02-04,02:30,CHOQUE FUGA,1,0,1,PUNO,EL COLLAO,PILCUYO,RURAL,CARRETERA,NACIONAL,PE-3S,-16.11862696,-69.59255185,DESPEJADO,RURAL,TRAMO RECTO,PLANA ,ASFALTADA,SI,PREVENTIVA (P),,NO,IMPRUDENCIA DEL CONDUCTOR,EXCESO DE VELOCIDAD,2.0,0,2021.0,2.0,3.0,0,0,0,1,0.0,0.0,0.0,0.0,0,1,50.0,0.0,0,0,2,0.0,0.0,1
A-2021-02-78,2021-02-04,09:45,ATROPELLO,1,0,1,CUSCO,CANAS,PAMPAMARCA,URBANA,CALLE,URBANO,NO CORRESPONDE,-14.14751,-71.46,DESPEJADO,RESIDENCIAL,INTERSECCIÓN,PLANA ,AFIRMADO,,,INFORMATIVA (I),,NEGLIGENCIA DEL CONDUCTOR,OTRO (NEGLIGENCIA DEL CONDUCTOR),9.0,0,2021.0,2.0,3.0,0,1,0,1,2.0,0.0,1.0,3.0,0,0,31.5,38.890872965260115,0,0,2,0.0,0.0,0
A-2021-02-240,2021-02-04,12:00,DESPISTE,1,0,1,CAJAMARCA,CAJAMARCA,LLACANORA,RURAL,CARRETERA,PROVINCIAL,CA-1495,-7.174738,-78.423229,DESPEJADO,RURAL,CURVA,INCLINADA,ASFALTADA,SI,PREVENTIVA (P),,SI,EN PROCESO DE INVESTIGACIÓN,NO CUENTA CON CAUSA ESPECIFICA,12.0,0,2021.0,2.0,3.0,0,2,0,1,0.0,1.0,0.0,1.0,0,0,21.0,0.0,0,0,1,0.0,0.0,0
A-2021-02-56,2021-02-04,12:00,CHOQUE,1,0,2,PUNO,AZANGARO,SAN JOSE,RURAL,CARRETERA,DEPARTAMENTAL,PU-111,-14.8922844,-70.1617261,NUBLADO,RURAL,TRAMO RECTO,PLANA ,ASFALTADA,SI,INFORMATIVA (I),PREVENTIVA (P),SI,IMPRUDENCIA DEL CONDUCTOR,EXCESO DE VELOCIDAD,12.0,0,2021.0,2.0,3.0,0,2,0,1,0.0,0.0,0.0,0.0,0,0,24.0,2.8284271247461903,0,1,2,0.0,0.5,0
A-2021-02-277,2021-02-04,14:30,DESPISTE,1,0,1,HUANUCO,HUANUCO,CHINCHAO,RURAL,CARRETERA,NACIONAL,PE-18A,-9.712672764117524,-76.09245650562782,NUBLADO,RURAL,CURVA,INCLINADA,ASFALTADA,,,,,IMPRUDENCIA DEL CONDUCTOR,OTRO (IMPRUDENCIA DEL CONDUCTOR),14.0,0,2021.0,2.0,3.0,0,2,0,1,0.0,1.0,0.0,1.0,0,0,30.0,0.0,0,0,2,0.0,0.0,0
A-2021-02-20,2021-02-04,22:10,CHOQUE,1,3,2,PIURA,PIURA,PIURA,URBANA,AVENIDA,URBANO,NO CORRESPONDE,-5.167524,-80.655907,DESPEJADO,RURAL,TRAMO RECTO,PLANA ,ASFALTADA,SI,INFORMATIVA (I),PREVENTIVA (P),SI,IMPRUDENCIA DEL CONDUCTOR,CONDUCIR EN ESTADO DE EBRIEDAD Y/O DROGADICCIÓN,22.0,0,2021.0,2.0,3.0,0,3,0,0,1.0,0.0,0.0,1.0,0,0,31.25,14.361406616345072,0,0,4,0.0,0.0,1
A-2021-02-276,2021-02-05,09:00,DESPISTE,1,0,1,PIURA,PIURA,TAMBO GRANDE,RURAL,CARRETERA,SIN CLASIFICAR,SIN CLASIFICAR,-4.885024319059653,-80.33600611919029,DESPEJADO,RURAL,TRAMO RECTO,PLANA ,ASFALTADA,,,,,EN PROCESO DE INVESTIGACIÓN,NO CUENTA CON CAUSA ESPECIFICA,9.0,0,2021.0,2.0,4.0,0,1,0,0,0.0,0.0,0.0,0.0,0,0,51.0,0.0,0,0,1,0.0,0.0,0
A-2021-02-95,2021-02-05,09:45,ATROPELLO,1,0,1,CUSCO,CANCHIS,SICUANI,URBANA,CARRETERA,NACIONAL,PE-3S,-14.2758759830276,-71.2356738655972,DESPEJADO,RESIDENCIAL,TRAMO RECTO,PLANA ,ASFALTADA,SI,PREVENTIVA (P),INFORMATIVA (I),NO,IMPRUDENCIA DEL CONDUCTOR,EXCESO DE VELOCIDAD,9.0,0,2021.0,2.0,4.0,0,1,0,1,0.0,0.0,0.0,0.0,0,1,41.0,31.11269837220809,0,1,2,0.0,0.5,0
A-2021-02-164,2021-02-05,10:30,CAÍDA DE PASAJERO,1,0,0,CUSCO,CALCA,SAN SALVADOR,RURAL,CARRETERA,PROVINCIAL,CU-1073,-13.493,-71.7882,DESPEJADO,RURAL,TRAMO RECTO,PLANA ,ASFALTADA,,,,,IMPRUDENCIA DEL CONDUCTOR,GIRAR IMPRUDENTEMENTE,10.0,0,2021.0,2.0,4.0,0,1,0,1,0.0,0.0,0.0,0.0,0,0,20.0,1.4142135623730951,1,1,2,0.5,0.5,0
A-2021-02-24,2021-02-05,12:00,CHOQUE,1,1,3,ICA,ICA,SALAS,RURAL,CARRETERA,NACIONAL,PE-1S,-13.934894,-75.869417,DESPEJADO,RURAL,TRAMO RECTO,PLANA ,ASFALTADA,,,,,IMPRUDENCIA DEL CONDUCTOR,EXCESO DE VELOCIDAD,12.0,0,2021.0,2.0,4.0,0,2,0,0,0.0,0.0,0.0,0.0,0,0,39.0,4.546060565661952,0,3,4,0.0,0.75,0
A-2021-02-17,2021-02-05,14:30,ATROPELLO,1,0,0,LIMA,CAJATAMBO,MANAS,RURAL,CARRETERA,DEPARTAMENTAL,LM-112,-10.572365864241098,-77.15383704151937,NUBLADO,RURAL,SINUOSA,INCLINADA,CASCAJO/RIPIO,,,,,EN PROCESO DE INVESTIGACIÓN,NO CUENTA CON CAUSA ESPECIFICA,14.0,0,2021.0,2.0,4.0,0,2,0,0,0.0,1.0,1.0,2.0,0,0,48.5,2.1213203435596424,0,0,2,0.0,0.0,0
A-2021-02-15,2021-02-05,17:30,DESPISTE,1,3,1,AREQUIPA,ISLAY,MOLLENDO,RURAL,CARRETERA,NACIONAL,PE-34,-16.6779758,-71.9100334,DESPEJADO,RURAL,TRAMO RECTO,PLANA ,ASFALTADA,NO,,,SI,IMPRUDENCIA DEL CONDUCTOR,EXCESO DE VELOCIDAD,17.0,0,2021.0,2.0,4.0,0,2,0,0,0.0,0.0,0.0,0.0,0,1,23.0,0.0,0,0,4,0.0,0.0,0
A-2021-02-87,2021-02-05,22:00,ATROPELLO,1,0,1,LA LIBERTAD,ASCOPE,PAIJAN,RURAL,CARRETERA,NACIONAL,PE-1N,-7.733987,-79.300616,DESPEJADO,RURAL,TRAMO RECTO,PLANA ,ASFALTADA,,,,,IMPRUDENCIA DEL PEATÓN,CRUCE INDEBIDO POR LA CALZADA,22.0,0,2021.0,2.0,4.0,0,3,0,0,0.0,0.0,0.0,0.0,0,0,26.5,21.920310216782973,0,1,2,0.0,0.5,1
A-2021-02-23,2021-02-06,07:45,DESPISTE,2,1,1,APURIMAC,CHINCHEROS,OCOBAMBA,RURAL,CARRETERA,DEPARTAMENTAL,AP-102,-13.57507,-73.46999,NIEBLA,RURAL,TRAMO RECTO,PLANA ,CASCAJO/RIPIO,,,,,NEGLIGENCIA DEL CONDUCTOR,OTRO (NEGLIGENCIA DEL CONDUCTOR),7.0,1,2021.0,2.0,5.0,1,1,0,1,0.0,0.0,1.0,1.0,0,0,42.0,0.0,0,1,3,0.0,0.333,0
A-2021-02-25,2021-02-07,12:00,CHOQUE,2,0,2,ICA,ICA,SALAS,URBANA,CARRETERA,NACIONAL,PE-1S,-14.005534,-75.766709,DESPEJADO,RURAL,TRAMO RECTO,PLANA ,ASFALTADA,,,,,IMPRUDENCIA DEL CONDUCTOR,INVASIÓN DE CARRIL,12.0,1,2021.0,2.0,6.0,1,2,0,0,0.0,0.0,0.0,0.0,0,0,33.666666666666664,2.0816659994661335,0,1,3,0.0,0.333,0
A-2021-02-293,2021-02-07,13:15,DESPISTE,1,0,1,AREQUIPA,CAMANA,SAMUEL PASTOR,RURAL,CARRETERA,NACIONAL,PE-1S,-16.604922514552918,-72.63072251414734,DESPEJADO,RURAL,TRAMO RECTO,INCLINADA,ASFALTADA,,,,,EN PROCESO DE INVESTIGACIÓN,NO CUENTA CON CAUSA ESPECIFICA,13.0,0,2021.0,2.0,6.0,1,2,0,0,0.0,1.0,0.0,1.0,0,0,62.0,0.0,0,1,1,0.0,1.0,0
A-2021-02-241,2021-02-07,17:00,DESPISTE,1,1,1,JUNIN,CONCEPCION,COMAS,RURAL,CARRETERA,PROVINCIAL,JU-1167,-11.7295272,-75.074987,SOLEADO,RURAL,CURVA,INCLINADA,ASFALTADA,SI,PREVENTIVA (P),,NO,IMPRUDENCIA DEL CONDUCTOR,EXCESO DE VELOCIDAD,17.0,0,2021.0,2.0,6.0,1,2,0,1,0.0,1.0,0.0,1.0,0,1,29.0,4.242640687119285,0,1,2,0.0,0.5,0
A-2021-02-124,2021-02-08,11:30,CHOQUE,1,0,1,LIMA,LIMA,SAN JUAN DE LURIGANCHO,URBANA,AVENIDA,URBANO,NO CORRESPONDE,-12.025888,-76.98613,DESPEJADO,COMERCIAL,INTERSECCIÓN,PLANA ,ASFALTADA,,,,,IMPRUDENCIA DEL CONDUCTOR,EXCESO DE VELOCIDAD,11.0,0,2021.0,2.0,0.0,0,1,0,0,1.0,0.0,0.0,1.0,0,0,38.5,4.949747468305833,0,0,2,0.0,0.0,0
A-2021-02-171,2021-02-08,15:00,DESPISTE,1,3,1,CUSCO,LA CONVENCION,SANTA ANA,RURAL,CARRETERA,DEPARTAMENTAL,CU-118,-12.9186583170426,-72.736736539381,DESPEJADO,RURAL,TRAMO RECTO,PLANA ,TROCHA,,,,,IMPRUDENCIA DEL CONDUCTOR,EXCESO DE VELOCIDAD,15.0,0,2021.0,2.0,0.0,0,2,0,1,0.0,0.0,2.0,2.0,0,0,48.0,12.489995996796797,0,0,4,0.0,0.0,0
A-2021-02-40,2021-02-08,15:30,DESPISTE,1,0,1,APURIMAC,AYMARAES,CHALHUANCA,RURAL,CARRETERA,SIN CLASIFICAR,SIN CLASIFICAR,-14.323716971911608,-73.24946437688853,LLUVIOSO,RURAL,TRAMO RECTO,PLANA ,CASCAJO/RIPIO,,,,,IMPRUDENCIA DEL CONDUCTOR,FATIGA Y/O CANSANCIO,15.0,0,2021.0,2.0,0.0,0,2,0,1,0.0,0.0,1.0,1.0,1,0,38.0,0.0,0,1,1,0.0,1.0,0