CODIGO_SINIESTRO,FECHA_SINIESTRO,HORA_SINIESTRO,CLASE_SINIESTRO,CANTIDAD_FALLECIDOS,CANTIDAD_LESIONADOS,CANTIDAD_VEHICULOS,DEPARTAMENTO,PROVINCIA,DISTRITO,ZONA,TIPO_VIA,RED_VIAL,COD_CARRETERA,LATITUD,LONGITUD,CONDICION_CLIMATICA,ZONIFICACION,CARACTERISTICAS_VIA,PERFIL_VIA,SUPERFICIE_CALZADA,EXISTE_SENIAL_VERTICAL,CLASIFICACION_SENIAL_VERTICAL_1,CLASIFICACION_SENIAL_VERTICAL_2,EXISTE_SENIAL_HORIZONTAL,CAUSA_FACTOR_PRINCIPAL,CAUSA_ESPECIFICA,HORA,severidad,ANIO,MES,DIA_SEMANA,FIN_SEMANA,FRANJA_HORARIA,TEMPORADA,MACROREGION,TIPO_VIA_SCORE,PERFIL_VIA_SCORE,SUPERFICIE_CALZADA_SCORE,RIESGO_INFRAESTRUCTURA,RIESGO_CLIMATICO,SENIALIZACION_DEFICIENTE,EDAD_PROMEDIO,EDAD_STD,TOTAL_ALCOHOL,TOTAL_LICENCIA,TOTAL_PERSONAS,PCT_ALCOHOL,PCT_LICENCIA,ES_NOCHE
A-2021-02-127,2021-02-08,15:40,ATROPELLO,1,0,1,LIMA,LIMA,EL AGUSTINO,URBANA,AVENIDA,URBANO,NO CORRESPONDE,-12.029121,-76.99979,DESPEJADO,COMERCIAL,INTERSECCIÓN,PLANA ,ASFALTADA,,REGULADORA (R),,,IMPRUDENCIA DEL CONDUCTOR,CONDUCIR EN ESTADO DE EBRIEDAD Y/O DROGADICCIÓN,15.0,0,2021.0,2.0,0.0,0,2,0,0,1.0,0.0,0.0,1.0,0,0,33.0,5.656854249492381,0,0,2,0.0,0.0,0
A-2021-02-42,2021-02-08,17:30,CHOQUE,1,0,2,ANCASH,HUAYLAS,CARAZ,RURAL,CARRETERA,NACIONAL,PE-3N,-9.02562827779985,-77.8208550385728,NUBLADO,RURAL,CURVA,INCLINADA,ASFALTADA,SI,PREVENTIVA (P),PREVENTIVA (P),SI,EN PROCESO DE INVESTIGACIÓN,NO CUENTA CON CAUSA ESPECIFICA,17.0,0,2021.0,2.0,0.0,0,2,0,0,0.0,1.0,0.0,1.0,0,0,32.5,9.192388155425117,0,2,2,0.0,1.0,0
A-2021-02-45,2021-02-08,18:20,DESPISTE,2,0,1,APURIMAC,AYMARAES,YANACA,RURAL,CARRETERA,DEPARTAMENTAL,AP-108,-14.20255817645848,-73.13044804455083,DESPEJADO,RURAL,PUENTE,INCLINADA,AFIRMADO,,,,,IMPRUDENCIA DEL CONDUCTOR,FATIGA Y/O CANSANCIO,18.0,1,2021.0,2.0,0.0,0,3,0,1,0.0,1.0,1.0,2.0,0,0,36.5,3.5355339059327378,0,1,2,0.0,0.5,1
A-2021-02-28,2021-02-08,18:30,CHOQUE,1,0,0,MADRE DE DIOS,TAMBOPATA,TAMBOPATA,RURAL,CARRETERA,NACIONAL,PE-30C,-12.6768762957303,-69.3683650006837,,,,,,,,,,EN PROCESO DE INVESTIGACIÓN,NO CUENTA CON CAUSA ESPECIFICA,18.0,0,2021.0,2.0,0.0,0,3,0,2,0.0,1.0,1.0,2.0,0,0,29.0,0.0,0,0,2,0.0,0.0,1
A-2021-02-46,2021-02-09,08:30,DESPISTE,1,1,1,APURIMAC,COTABAMBAS,HAQUIRA,RURAL,CARRETERA,NACIONAL,PE-3SG,-14.223052227128653,-72.15168099959223,LLUVIOSO,RURAL,TRAMO RECTO,PLANA ,ASFALTADA,,,,,EN PROCESO DE INVESTIGACIÓN,NO CUENTA CON CAUSA ESPECIFICA,8.0,0,2021.0,2.0,1.0,0,1,0,1,0.0,0.0,0.0,0.0,1,0,49.0,29.698484809834994,0,1,2,0.0,0.5,0
A-2021-02-249,2021-02-09,20:00,ATROPELLO,1,0,0,LIMA,LIMA,SAN JUAN DE MIRAFLORES,URBANA,CARRETERA,NACIONAL,PE-1S,-12.156762275040451,-76.98325306177139,DESPEJADO,RESIDENCIAL,TRAMO RECTO,PLANA ,ASFALTADA,,,,,IMPRUDENCIA DEL PEATÓN,ESTADO DE EBRIEDAD Y/O DROGADICCIÓN,20.0,0,2021.0,2.0,1.0,0,3,0,0,0.0,0.0,0.0,0.0,0,0,56.5,0.7071067811865476,0,1,2,0.0,0.5,1
A-2021-02-250,2021-02-09,21:12,DESPISTE,1,0,0,LIMA,LIMA,LA VICTORIA,URBANA,AVENIDA,URBANO,NO CORRESPONDE,-12.076163677993936,-77.02763028722859,DESPEJADO,RESIDENCIAL,TRAMO RECTO,INCLINADA,ASFALTADA,,,,,IMPRUDENCIA DEL CONDUCTOR,EXCESO DE VELOCIDAD,21.0,0,2021.0,2.0,1.0,0,3,0,0,1.0,1.0,0.0,2.0,0,0,22.0,0.0,0,1,1,0.0,1.0,1
A-2021-02-254,2021-02-10,13:00,CHOQUE,1,0,0,LIMA,LIMA,SURQUILLO,URBANA,AVENIDA,URBANO,NO CORRESPONDE,-12.117716928281103,-77.00858920812608,DESPEJADO,COMERCIAL,INTERSECCIÓN,PLANA ,ASFALTADA,,,,,IMPERICIA DEL CONDUCTOR,,13.0,0,2021.0,2.0,2.0,0,2,0,0,1.0,0.0,0.0,1.0,0,0,30.333333333333332,2.309401076758503,0,2,3,0.0,0.667,0
A-2021-02-77,2021-02-10,14:45,CHOQUE,1,0,1,LA LIBERTAD,ASCOPE,CHICAMA,RURAL,CARRETERA,NACIONAL,PE-1N,-7.834859,-79.157289,DESPEJADO,RURAL,TRAMO RECTO,PLANA ,ASFALTADA,,,,,IMPRUDENCIA DEL CONDUCTOR,OTRO (IMPRUDENCIA DEL CONDUCTOR),14.0,0,2021.0,2.0,2.0,0,2,0,0,0.0,0.0,0.0,0.0,0,0,40.5,24.748737341529164,1,1,2,0.5,0.5,0
A-2021-02-252,2021-02-10,15:30,DESPISTE,1,0,1,LIMA,LIMA,LURIN,URBANA,CARRETERA,NACIONAL,PE-1S,-12.290935854275048,-76.86632484197618,DESPEJADO,INDUSTRIAL,TRAMO RECTO,PLANA ,ASFALTADA,,,,,IMPRUDENCIA DEL CONDUCTOR,EXCESO DE VELOCIDAD,15.0,0,2021.0,2.0,2.0,0,2,0,0,0.0,0.0,0.0,0.0,0,0,35.5,20.506096654409877,0,1,2,0.0,0.5,0
A-2021-02-253,2021-02-10,16:15,ATROPELLO,1,0,1,LIMA,LIMA,SAN LUIS,URBANA,AVENIDA,URBANO,NO CORRESPONDE,-12.081299174313552,-76.99488312005998,DESPEJADO,RESIDENCIAL,TRAMO RECTO,PLANA ,ASFALTADA,,,,,IMPRUDENCIA DEL PEATÓN,USO DE DISPOSITIVOS MÓVILES Y/O ELECTRÓNICOS,16.0,0,2021.0,2.0,2.0,0,2,0,0,1.0,0.0,0.0,1.0,0,0,53.5,38.890872965260115,0,0,2,0.0,0.0,0
A-2021-02-285,2021-02-10,19:40,CHOQUE FUGA,1,0,1,SAN MARTIN,MARISCAL CACERES,JUANJUI,RURAL,CARRETERA,NACIONAL,PE-5N,-7.191479494207583,-76.73389059871813,SOLEADO,RURAL,OTRO,PLANA ,AFIRMADO,,,,,EN PROCESO DE INVESTIGACIÓN,NO CUENTA CON CAUSA ESPECIFICA,19.0,0,2021.0,2.0,2.0,0,3,0,2,0.0,0.0,1.0,1.0,0,0,58.0,0.0,0,1,2,0.0,0.5,1
A-2021-02-88,2021-02-10,20:30,CHOQUE,1,1,2,LA LIBERTAD,SANCHEZ CARRION,HUAMACHUCO,RURAL,AVENIDA,URBANO,NO CORRESPONDE,-7.81973,-78.028613,DESPEJADO,RURAL,TRAMO RECTO,PLANA ,AFIRMADO,,,,,EN PROCESO DE INVESTIGACIÓN,NO CUENTA CON CAUSA ESPECIFICA,20.0,0,2021.0,2.0,2.0,0,3,0,0,1.0,0.0,1.0,2.0,0,0,35.666666666666664,21.07921567168317,0,1,3,0.0,0.333,1
A-2021-02-99,2021-02-10,23:30,DESPISTE,1,0,1,CUSCO,CHUMBIVILCAS,CAPACMARCA,RURAL,CARRETERA,DEPARTAMENTAL,CU-119,-13.974894,-71.962837,NUBLADO,RURAL,CURVA,PLANA ,AFIRMADO,,,,,IMPRUDENCIA DEL CONDUCTOR,FATIGA Y/O CANSANCIO,23.0,0,2021.0,2.0,2.0,0,3,0,1,0.0,0.0,1.0,1.0,0,0,71.0,24.041630560342615,0,1,2,0.0,0.5,1
A-2021-02-279,2021-02-11,12:35,CHOQUE,1,1,2,HUANUCO,HUANUCO,SAN FRANCISCO DE CAYRAN,RURAL,CARRETERA,PROVINCIAL,HU-1093,-9.978324,-76.272743,DESPEJADO,RURAL,SINUOSA,INCLINADA,AFIRMADO,,,,,IMPRUDENCIA DEL CONDUCTOR,EXCESO DE VELOCIDAD,12.0,0,2021.0,2.0,3.0,0,2,0,1,0.0,1.0,1.0,2.0,0,0,40.0,1.4142135623730951,0,0,2,0.0,0.0,0
A-2021-02-47,2021-02-11,15:00,DESPISTE,1,1,1,APURIMAC,GRAU,CURPAHUASI,RURAL,CARRETERA,PROVINCIAL,AP-883,-14.027349884168968,-72.60715432872891,DESPEJADO,RURAL,CURVA,INCLINADA,TROCHA,,,,,EN PROCESO DE INVESTIGACIÓN,NO CUENTA CON CAUSA ESPECIFICA,15.0,0,2021.0,2.0,3.0,0,2,0,1,0.0,1.0,2.0,3.0,0,0,34.5,0.7071067811865476,0,1,2,0.0,0.5,0
A-2021-02-50,2021-02-11,17:25,CHOQUE,1,2,2,AREQUIPA,AREQUIPA,CERRO COLORADO,URBANA,OTRO,URBANO,NO CORRESPONDE,-16.323438,-71.594112,DESPEJADO,RESIDENCIAL,INTERSECCIÓN,PLANA ,ASFALTADA,SI,PREVENTIVA (P),PREVENTIVA (P),SI,IMPRUDENCIA DEL CONDUCTOR,NO ESTABLECER EL DERECHO DE PASO,17.0,0,2021.0,2.0,3.0,0,2,0,0,2.0,0.0,0.0,2.0,0,0,30.5,18.15672510852843,0,1,4,0.0,0.25,0
A-2021-02-246,2021-02-11,22:30,CHOQUE,1,0,2,CAJAMARCA,JAEN,PUCARA,URBANA,CARRETERA,NACIONAL,PE-3N,-6.0414394,-79.1254947,DESPEJADO,INDUSTRIAL,CURVA,INCLINADA,ASFALTADA,SI,PREVENTIVA (P),PREVENTIVA (P),NO,EN PROCESO DE INVESTIGACIÓN,NO CUENTA CON CAUSA ESPECIFICA,22.0,0,2021.0,2.0,3.0,0,3,0,1,0.0,1.0,0.0,1.0,0,1,33.5,19.091883092036785,0,2,2,0.0,1.0,1
A-2021-02-63,2021-02-12,02:20,VOLCADURA,1,13,1,CUSCO,PARURO,HUANOQUITE,RURAL,CARRETERA,DEPARTAMENTAL,CU-118,-13.6828285595271,-72.0160588098124,LLUVIOSO,RURAL,TRAMO RECTO,PLANA ,AFIRMADO,,,,,NEGLIGENCIA DEL CONDUCTOR,OTRO (NEGLIGENCIA DEL CONDUCTOR),2.0,0,2021.0,2.0,4.0,0,0,0,1,0.0,0.0,1.0,1.0,1,0,48.38461538461539,13.991297661632759,0,0,14,0.0,0.0,1
A-2021-02-255,2021-02-12,07:15,ATROPELLO,1,0,0,LIMA,LIMA,SAN MARTIN DE PORRES,URBANA,CARRETERA,NACIONAL,PE-20F,-11.954708647868603,-77.08510190248491,DESPEJADO,COMERCIAL,INTERSECCIÓN,PLANA ,ASFALTADA,,,,,EN PROCESO DE INVESTIGACIÓN,NO CUENTA CON CAUSA ESPECIFICA,7.0,0,2021.0,2.0,4.0,0,1,0,0,0.0,0.0,0.0,0.0,0,0,44.5,14.849242404917497,0,0,2,0.0,0.0,0
A-2021-02-66,2021-02-12,11:15,CHOQUE,1,0,2,AREQUIPA,ISLAY,PUNTA DE BOMBON,RURAL,CARRETERA,PROVINCIAL,AR-827,-17.1583427,-71.7933493,DESPEJADO,RURAL,OTRO,INCLINADA,ASFALTADA,SI,PREVENTIVA (P),PREVENTIVA (P),SI,IMPRUDENCIA DEL CONDUCTOR,INVASIÓN DE CARRIL,11.0,0,2021.0,2.0,4.0,0,1,0,0,0.0,1.0,0.0,1.0,0,0,32.0,4.242640687119285,1,1,2,0.5,0.5,0
A-2021-02-244,2021-02-12,11:50,CHOQUE,1,0,1,CALLAO,CALLAO,CALLAO,URBANA,AVENIDA,URBANO,NO CORRESPONDE,-12.055772845365071,-77.12188849777318,DESPEJADO,RESIDENCIAL,TRAMO RECTO,PLANA ,ASFALTADA,,,,,NEGLIGENCIA DEL CONDUCTOR,OTRO (NEGLIGENCIA DEL CONDUCTOR),11.0,0,2021.0,2.0,4.0,0,1,0,0,1.0,0.0,0.0,1.0,0,0,48.5,2.1213203435596424,0,1,2,0.0,0.5,0
A-2021-02-79,2021-02-12,13:20,ATROPELLO,1,0,0,CUSCO,CALCA,PISAC,URBANA,CARRETERA,DEPARTAMENTAL,CU-112,-13.40901,-71.83107314,DESPEJADO,RESIDENCIAL,TRAMO RECTO,PLANA ,ASFALTADA,,,,,NEGLIGENCIA DEL CONDUCTOR,OTRO (NEGLIGENCIA DEL CONDUCTOR),13.0,0,2021.0,2.0,4.0,0,2,0,1,0.0,0.0,0.0,0.0,0,0,18.5,21.920310216782973,0,0,2,0.0,0.0,0
A-2021-02-86,2021-02-12,20:26,CHOQUE,1,0,2,LAMBAYEQUE,CHICLAYO,JOSE LEONARDO ORTIZ,RURAL,CARRETERA,DEPARTAMENTAL,LA-111,-6.7453118,-79.8012296,DESPEJADO,RURAL,TRAMO RECTO,PLANA ,ASFALTADA,SI,PREVENTIVA (P),PREVENTIVA (P),SI,IMPRUDENCIA DEL CONDUCTOR,EXCESO DE VELOCIDAD,20.0,0,2021.0,2.0,4.0,0,3,0,0,0.0,0.0,0.0,0.0,0,0,50.0,18.384776310850235,0,2,2,0.0,1.0,1
A-2021-02-258,2021-02-13,08:00,ATROPELLO,1,0,0,LIMA,LIMA,EL AGUSTINO,URBANA,CARRETERA,NACIONAL,PE-1N,-12.030233594117089,-76.99354463022675,DESPEJADO,RESIDENCIAL,INTERSECCIÓN,PLANA ,ASFALTADA,,,,,IMPRUDENCIA DEL CONDUCTOR,EXCESO DE VELOCIDAD,8.0,0,2021.0,2.0,5.0,1,1,0,0,0.0,0.0,0.0,0.0,0,0,77.0,9.899494936611665,0,1,2,0.0,0.5,0
A-2021-02-68,2021-02-13,10:00,DESPISTE,1,0,1,ANCASH,POMABAMBA,QUINUABAMBA,RURAL,CARRETERA,PROVINCIAL,AN-585,-8.691887465999999,-77.36824103548135,NUBLADO,RURAL,SINUOSA,INCLINADA,TROCHA,,,,,IMPRUDENCIA DEL CONDUCTOR,OTRO (IMPRUDENCIA DEL CONDUCTOR),10.0,0,2021.0,2.0,5.0,1,1,0,0,0.0,1.0,2.0,3.0,0,0,42.0,0.0,0,0,1,0.0,0.0,0
A-2021-02-256,2021-02-13,17:20,CHOQUE,1,2,0,LIMA,LIMA,VILLA EL SALVADOR,URBANA,AVENIDA,URBANO,NO CORRESPONDE,-12.199057991412102,-76.94201409816743,DESPEJADO,RESIDENCIAL,INTERSECCIÓN,PLANA ,ASFALTADA,,,,,IMPRUDENCIA DEL CONDUCTOR,EXCESO DE VELOCIDAD,17.0,0,2021.0,2.0,5.0,1,2,0,0,1.0,0.0,0.0,1.0,0,0,21.75,2.7537852736430515,0,2,4,0.0,0.5,0
A-2021-02-213,2021-02-13,18:50,ATROPELLO,1,1,1,PUNO,CHUCUITO,JULI,RURAL,CARRETERA,NACIONAL,PE-3S,-16.21621,-69.45559,DESPEJADO,RURAL,TRAMO RECTO,PLANA ,ASFALTADA,,,,,IMPRUDENCIA DEL PEATÓN,OTRO (IMPRUDENCIA DEL PEATÓN),18.0,0,2021.0,2.0,5.0,1,3,0,1,0.0,0.0,0.0,0.0,0,0,16.333333333333332,20.502032419575706,0,1,3,0.0,0.333,1
A-2021-02-259,2021-02-13,18:50,VOLCADURA,1,0,0,LIMA,LIMA,MIRAFLORES,URBANA,CALLE,URBANO,NO CORRESPONDE,-12.116940683422827,-77.03471392393112,DESPEJADO,RESIDENCIAL,INTERSECCIÓN,PLANA ,ASFALTADA,,,,,IMPRUDENCIA DEL CONDUCTOR,EXCESO DE VELOCIDAD,18.0,0,2021.0,2.0,5.0,1,3,0,0,2.0,0.0,0.0,2.0,0,0,29.0,0.0,0,1,1,0.0,1.0,1
A-2021-02-181,2021-02-13,19:20,CHOQUE,1,2,0,SAN MARTIN,PICOTA,PICOTA,RURAL,CARRETERA,NACIONAL,PE-5N,-6.91336178149583,-76.3323315713814,DESPEJADO,RURAL,TRAMO RECTO,PLANA ,ASFALTADA,,,,,IMPRUDENCIA DEL CONDUCTOR,CONDUCIR EN ESTADO DE EBRIEDAD Y/O DROGADICCIÓN,19.0,0,2021.0,2.0,5.0,1,3,0,2,0.0,0.0,0.0,0.0,0,0,39.333333333333336,12.741009902410928,0,1,3,0.0,0.333,1
A-2021-02-91,2021-02-13,20:00,ATROPELLO,1,0,1,LA LIBERTAD,TRUJILLO,HUANCHACO,RURAL,CARRETERA,NACIONAL,PE-1N,-8.012936,-79.071356,DESPEJADO,RURAL,TRAMO RECTO,PLANA ,AFIRMADO,,,,,IMPRUDENCIA DEL CONDUCTOR,CONDUCIR EN ESTADO DE EBRIEDAD Y/O DROGADICCIÓN,20.0,0,2021.0,2.0,5.0,1,3,0,0,0.0,0.0,1.0,1.0,0,0,35.0,7.0710678118654755,0,1,2,0.0,0.5,1
A-2021-02-257,2021-02-13,20:40,ATROPELLO FUGA,1,0,0,LIMA,LIMA,CARABAYLLO,URBANA,AVENIDA,URBANO,NO CORRESPONDE,-11.861366118567192,-77.05357243780493,DESPEJADO,INDUSTRIAL,INTERSECCIÓN,PLANA ,ASFALTADA,NO,,,NO,IMPRUDENCIA DEL PEATÓN,CRUCE INDEBIDO POR LA CALZADA,20.0,0,2021.0,2.0,5.0,1,3,0,0,1.0,0.0,0.0,1.0,0,2,35.5,7.7781745930520225,0,0,2,0.0,0.0,1
A-2021-02-74,2021-02-14,06:00,CHOQUE,1,0,2,PIURA,PIURA,PIURA,URBANA,OTRO,URBANO,NO CORRESPONDE,-5.1824885,-80.6313471,DESPEJADO,RESIDENCIAL,INTERSECCIÓN,PLANA ,ASFALTADA,SI,REGULADORA (R),REGULADORA (R),NO,IMPRUDENCIA DEL CONDUCTOR,EXCESO DE VELOCIDAD,6.0,0,2021.0,2.0,6.0,1,1,0,0,2.0,0.0,0.0,2.0,0,1,34.0,11.313708498984761,1,2,2,0.5,1.0,0
A-2021-02-71,2021-02-14,20:30,DESPISTE,1,0,1,APURIMAC,CHINCHEROS,ONGOY,RURAL,CARRETERA,PROVINCIAL,AP-527,-13.405828,-73.604734,DESPEJADO,RURAL,CURVA,INCLINADA,TROCHA,,,,,IMPRUDENCIA DEL CONDUCTOR,CONDUCIR EN ESTADO DE EBRIEDAD Y/O DROGADICCIÓN,20.0,0,2021.0,2.0,6.0,1,3,0,1,0.0,1.0,2.0,3.0,0,0,24.0,0.0,0,1,1,0.0,1.0,1
A-2021-02-273,2021-02-14,21:30,VOLCADURA,1,0,1,PIURA,SULLANA,IGNACIO ESCUDERO,RURAL,CARRETERA,NACIONAL,PE-1N,-4.844994929619984,-80.88665301972264,DESPEJADO,RURAL,CURVA,PLANA ,ASFALTADA,,,,,EN PROCESO DE INVESTIGACIÓN,NO CUENTA CON CAUSA ESPECIFICA,21.0,0,2021.0,2.0,6.0,1,3,0,0,0.0,0.0,0.0,0.0,0,0,64.0,0.0,0,0,1,0.0,0.0,1
A-2021-02-80,2021-02-15,07:30,ESPECIAL,2,4,2,CAJAMARCA,CONTUMAZA,TANTARICA,RURAL,CARRETERA,NACIONAL,PE-08,-7.19824358,-78.95239371,SOLEADO,RURAL,CURVA,INCLINADA,ASFALTADA,SI,PREVENTIVA (P),,SI,IMPRUDENCIA DEL CONDUCTOR,INVASIÓN DE CARRIL,7.0,1,2021.0,2.0,0.0,0,1,0,1,0.0,1.0,0.0,1.0,0,0,39.5,9.137833441248533,0,2,6,0.0,0.333,0
A-2021-02-92,2021-02-15,08:30,DESPISTE,1,0,1,LA LIBERTAD,PATAZ,HUANCASPATA,RURAL,CARRETERA,SIN CLASIFICAR,SIN CLASIFICAR,-8.459044,-77.300349,DESPEJADO,RURAL,TRAMO RECTO,PLANA ,AFIRMADO,,,,,EN PROCESO DE INVESTIGACIÓN,NO CUENTA CON CAUSA ESPECIFICA,8.0,0,2021.0,2.0,0.0,0,1,0,0,0.0,0.0,1.0,1.0,0,0,25.0,0.0,0,0,1,0.0,0.0,0
A-2021-02-69,2021-02-15,15:38,CAÍDA DE PASAJERO,1,0,0,AMAZONAS,UTCUBAMBA,CAJARURO,URBANA,CARRETERA,DEPARTAMENTAL,AM-102,-5.750702122519955,-78.42147209445628,SOLEADO,RURAL,CURVA,INCLINADA,ASFALTADA,,,,,EN PROCESO DE INVESTIGACIÓN,NO CUENTA CON CAUSA ESPECIFICA,15.0,0,2021.0,2.0,0.0,0,2,0,2,0.0,1.0,0.0,1.0,0,0,35.0,36.76955262170047,0,1,2,0.0,0.5,0
A-2021-02-106,2021-02-16,04:40,CHOQUE,6,3,2,PUNO,HUANCANE,TARACO,RURAL,CARRETERA,NACIONAL,PE-34H,-15.2968047,-69.9693645,DESPEJADO,RURAL,TRAMO RECTO,PLANA ,ASFALTADA,SI,INFORMATIVA (I),REGULADORA (R),SI,IMPRUDENCIA DEL CONDUCTOR,INVASIÓN DE CARRIL,4.0,2,2021.0,2.0,1.0,0,0,0,1,0.0,0.0,0.0,0.0,0,0,26.77777777777778,15.880631109765268,0,2,9,0.0,0.222,1
A-2021-02-261,2021-02-16,08:00,CHOQUE,1,0,0,LIMA,LIMA,LIMA,URBANA,AVENIDA,URBANO,NO CORRESPONDE,-12.07343065154641,-77.0361972507521,DESPEJADO,RESIDENCIAL,INTERSECCIÓN,PLANA ,ASFALTADA,,,,,IMPRUDENCIA DEL CONDUCTOR,EXCESO DE VELOCIDAD,8.0,0,2021.0,2.0,1.0,0,1,0,0,1.0,0.0,0.0,1.0,0,0,42.0,9.899494936611665,0,1,2,0.0,0.5,0
A-2021-02-197,2021-02-16,09:30,DESPISTE,1,0,1,HUANCAVELICA,ACOBAMBA,PAUCARA,RURAL,CARRETERA,DEPARTAMENTAL,HV-105,-12.769323,-74.734499,DESPEJADO,RURAL,SINUOSA,PLANA ,TROCHA,,,,,EN PROCESO DE INVESTIGACIÓN,NO CUENTA CON CAUSA ESPECIFICA,9.0,0,2021.0,2.0,1.0,0,1,0,1,0.0,0.0,2.0,2.0,0,0,53.0,35.35533905932738,0,1,2,0.0,0.5,0
A-2021-02-85,2021-02-16,14:30,ATROPELLO,1,0,1,JUNIN,HUANCAYO,VIQUES,URBANA,CARRETERA,NACIONAL,PE-3SZ,-12.1572836,-75.2356973,DESPEJADO,RESIDENCIAL,CURVA,PLANA ,ASFALTADA,,,,,EN PROCESO DE INVESTIGACIÓN,NO CUENTA CON CAUSA ESPECIFICA,14.0,0,2021.0,2.0,1.0,0,2,0,1,0.0,0.0,0.0,0.0,0,0,41.0,28.284271247461902,1,1,2,0.5,0.5,0
A-2021-02-135,2021-02-16,15:27,CHOQUE,1,1,2,JUNIN,JAUJA,ACOLLA,RURAL,CARRETERA,NACIONAL,PE-3SA,-11.708441,-75.55653763,SOLEADO,RURAL,TRAMO RECTO,PLANA ,ASFALTADA,SI,REGULADORA (R),,NO,EN PROCESO DE INVESTIGACIÓN,NO CUENTA CON CAUSA ESPECIFICA,15.0,0,2021.0,2.0,1.0,0,2,0,1,0.0,0.0,0.0,0.0,0,1,48.333333333333336,6.350852961085884,0,1,3,0.0,0.333,0
A-2021-02-144,2021-02-16,16:10,ESPECIAL,1,1,3,AMAZONAS,BAGUA,BAGUA,RURAL,CARRETERA,DEPARTAMENTAL,AM-101,-5.633006,-78.555329,SOLEADO,RURAL,TRAMO RECTO,PLANA ,ASFALTADA,,,,,EN PROCESO DE INVESTIGACIÓN,NO CUENTA CON CAUSA ESPECIFICA,16.0,0,2021.0,2.0,1.0,0,2,0,2,0.0,0.0,0.0,0.0,0,0,37.5,8.698658900466592,0,2,4,0.0,0.5,0
A-2021-02-110,2021-02-16,17:30,DESPISTE,1,0,1,LAMBAYEQUE,LAMBAYEQUE,OLMOS,RURAL,CARRETERA,NACIONAL,PE-04B,-5.960593,-79.672984,DESPEJADO,RURAL,TRAMO RECTO,PLANA ,ASFALTADA,,,,,EN PROCESO DE INVESTIGACIÓN,NO CUENTA CON CAUSA ESPECIFICA,17.0,0,2021.0,2.0,1.0,0,2,0,0,0.0,0.0,0.0,0.0,0,0,48.0,0.0,0,1,1,0.0,1.0,0
A-2021-02-260,2021-02-16,18:30,CHOQUE,1,0,0,LIMA,LIMA,LINCE,URBANA,AVENIDA,URBANO,NO CORRESPONDE,-12.08513,-77.04855,DESPEJADO,RESIDENCIAL,TRAMO RECTO,PLANA ,ASFALTADA,,,,,IMPRUDENCIA DEL CONDUCTOR,OTRO (IMPRUDENCIA DEL CONDUCTOR),18.0,0,2021.0,2.0,1.0,0,3,0,0,1.0,0.0,0.0,1.0,0,0,43.5,7.7781745930520225,0,0,2,0.0,0.0,1
A-2021-02-82,2021-02-17,06:15,CHOQUE,1,4,2,ICA,NASCA,VISTA ALEGRE,RURAL,CARRETERA,NACIONAL,PE-1S,-14.97386555992674,-74.98803833433065,DESPEJADO,RURAL,CURVA,PLANA ,ASFALTADA,SI,PREVENTIVA (P),INFORMATIVA (I),NO,IMPRUDENCIA DEL CONDUCTOR,INVASIÓN DE CARRIL,6.0,0,2021.0,2.0,2.0,0,1,0,0,0.0,0.0,0.0,0.0,0,1,38.2,17.455658108475888,0,2,5,0.0,0.4,0
A-2021-02-242,2021-02-17,07:10,CHOQUE FUGA,1,1,2,LAMBAYEQUE,CHICLAYO,PICSI,RURAL,CARRETERA,DEPARTAMENTAL,LA-111,-6.732341,-79.785366,DESPEJADO,RURAL,CURVA,PLANA ,ASFALTADA,,,,,EN PROCESO DE INVESTIGACIÓN,NO CUENTA CON CAUSA ESPECIFICA,7.0,0,2021.0,2.0,2.0,0,1,0,0,0.0,0.0,0.0,0.0,0,0,41.333333333333336,22.5905584998099,0,0,3,0.0,0.0,0
A-2021-02-195,2021-02-17,09:35,CHOQUE,1,2,1,LORETO,MAYNAS,BELEN,URBANA,AVENIDA,URBANO,NO CORRESPONDE,-3.7657412959985743,-73.26442118723445,SOLEADO,ESCOLAR,TRAMO RECTO,PLANA ,ASFALTADA,,,,,EN PROCESO DE INVESTIGACIÓN,NO CUENTA CON CAUSA ESPECIFICA,9.0,0,2021.0,2.0,2.0,0,1,0,2,1.0,0.0,0.0,1.0,0,0,30.0,11.16542281629615,0,1,5,0.0,0.2,0
A-2021-02-262,2021-02-17,11:30,ATROPELLO,1,0,0,LIMA,LIMA,RIMAC,URBANA,AVENIDA,URBANO,NO CORRESPONDE,-12.026901980340384,-77.04017210949648,DESPEJADO,RESIDENCIAL,INTERSECCIÓN,PLANA ,ASFALTADA,,,,,IMPRUDENCIA DEL PEATÓN,DESACATO DE SEÑAL DE TRÁNSITO,11.0,0,2021.0,2.0,2.0,0,1,0,0,1.0,0.0,0.0,1.0,0,0,55.5,26.16295090390226,0,0,2,0.0,0.0,0
A-2021-02-112,2021-02-17,13:10,ATROPELLO,1,1,0,PIURA,SULLANA,SULLANA,RURAL,CARRETERA,PROVINCIAL,PI-986,-4.957413,-80.64223,DESPEJADO,RURAL,TRAMO RECTO,PLANA ,AFIRMADO,,,,,EN PROCESO DE INVESTIGACIÓN,NO CUENTA CON CAUSA ESPECIFICA,13.0,0,2021.0,2.0,2.0,0,2,0,0,0.0,0.0,1.0,1.0,0,0,40.333333333333336,18.502252115170556,0,1,4,0.0,0.25,0