CODIGO_SINIESTRO,FECHA_SINIESTRO,HORA_SINIESTRO,CLASE_SINIESTRO,CANTIDAD_FALLECIDOS,CANTIDAD_LESIONADOS,CANTIDAD_VEHICULOS,DEPARTAMENTO,PROVINCIA,DISTRITO,ZONA,TIPO_VIA,RED_VIAL,COD_CARRETERA,LATITUD,LONGITUD,CONDICION_CLIMATICA,ZONIFICACION,CARACTERISTICAS_VIA,PERFIL_VIA,SUPERFICIE_CALZADA,EXISTE_SENIAL_VERTICAL,CLASIFICACION_SENIAL_VERTICAL_1,CLASIFICACION_SENIAL_VERTICAL_2,EXISTE_SENIAL_HORIZONTAL,CAUSA_FACTOR_PRINCIPAL,CAUSA_ESPECIFICA,HORA,severidad,ANIO,MES,DIA_SEMANA,FIN_SEMANA,FRANJA_HORARIA,TEMPORADA,MACROREGION,TIPO_VIA_SCORE,PERFIL_VIA_SCORE,SUPERFICIE_CALZADA_SCORE,RIESGO_INFRAESTRUCTURA,RIESGO_CLIMATICO,SENIALIZACION_DEFICIENTE,EDAD_PROMEDIO,EDAD_STD,TOTAL_ALCOHOL,TOTAL_LICENCIA,TOTAL_PERSONAS,PCT_ALCOHOL,PCT_LICENCIA,ES_NOCHE
A-2021-02-111,2021-02-17,17:30,ATROPELLO FUGA,1,2,0,PIURA,PIURA,CASTILLA,RURAL,CARRETERA,NACIONAL,PE-1NJ,-5.1798425,-80.5700802,DESPEJADO,RURAL,TRAMO RECTO,PLANA ,ASFALTADA,,,,,EN PROCESO DE INVESTIGACIÓN,NO CUENTA CON CAUSA ESPECIFICA,17.0,0,2021.0,2.0,2.0,0,2,0,0,0.0,0.0,0.0,0.0,0,0,23.666666666666668,8.504900548115383,0,0,4,0.0,0.0,0
A-2021-02-89,2021-02-17,19:20,ATROPELLO,1,0,1,ICA,ICA,ICA,URBANA,AVENIDA,URBANO,NO CORRESPONDE,-14.055739,-75.728511,DESPEJADO,RESIDENCIAL,TRAMO RECTO,PLANA ,ASFALTADA,,,,,IMPRUDENCIA DEL PEATÓN,CRUCE INDEBIDO POR LA CALZADA,19.0,0,2021.0,2.0,2.0,0,3,0,0,1.0,0.0,0.0,1.0,0,0,38.0,4.242640687119285,0,1,2,0.0,0.5,1
A-2021-02-83,2021-02-17,19:25,ATROPELLO,1,0,1,CAJAMARCA,CAJAMARCA,CAJAMARCA,URBANA,JIRÓN,URBANO,NO CORRESPONDE,-7.13840293,-78.52786045,DESPEJADO,INDUSTRIAL,TRAMO RECTO,INCLINADA,AFIRMADO,,,,,NEGLIGENCIA DEL CONDUCTOR,OTRO (NEGLIGENCIA DEL CONDUCTOR),19.0,0,2021.0,2.0,2.0,0,3,0,1,1.0,1.0,1.0,3.0,0,0,46.0,24.041630560342615,0,1,2,0.0,0.5,1
A-2021-02-192,2021-02-17,23:46,ATROPELLO FUGA,1,0,0,LAMBAYEQUE,CHICLAYO,PIMENTEL,RURAL,CARRETERA,NACIONAL,PE-06,-6.833033,-79.926935,DESPEJADO,RESIDENCIAL,TRAMO RECTO,PLANA ,ASFALTADA,,,,,IMPRUDENCIA DEL CONDUCTOR,EXCESO DE VELOCIDAD,23.0,0,2021.0,2.0,2.0,0,3,0,0,0.0,0.0,0.0,0.0,0,0,45.0,0.0,0,0,2,0.0,0.0,1
A-2021-02-93,2021-02-18,00:10,DESPISTE,1,1,1,ICA,ICA,SALAS,URBANA,CARRETERA,NACIONAL,PE-1S,-13.923069,-75.993168,DESPEJADO,RURAL,TRAMO RECTO,PLANA ,ASFALTADA,,,,,IMPRUDENCIA DEL CONDUCTOR,FATIGA Y/O CANSANCIO,0.0,0,2021.0,2.0,3.0,0,0,0,0,0.0,0.0,0.0,0.0,0,0,34.0,7.0,0,1,3,0.0,0.333,1
A-2021-02-84,2021-02-18,07:40,DESPISTE,1,0,0,PUNO,YUNGUYO,YUNGUYO,RURAL,CARRETERA,DEPARTAMENTAL,PU-130,-16.266,-69.08,DESPEJADO,RURAL,CURVA,INCLINADA,ASFALTADA,SI,PREVENTIVA (P),,SI,IMPRUDENCIA DEL CONDUCTOR,CONDUCIR EN ESTADO DE EBRIEDAD Y/O DROGADICCIÓN,7.0,0,2021.0,2.0,3.0,0,1,0,1,0.0,1.0,0.0,1.0,0,0,26.0,5.656854249492381,0,1,2,0.0,0.5,0
A-2021-02-100,2021-02-18,10:30,VOLCADURA,2,0,2,AREQUIPA,CAMANA,QUILCA,RURAL,CARRETERA,NACIONAL,PE-1SD,-16.666286,-72.556992,DESPEJADO,RURAL,CURVA,INCLINADA,ASFALTADA,SI,PREVENTIVA (P),,SI,IMPRUDENCIA DEL CONDUCTOR,EXCESO DE VELOCIDAD,10.0,1,2021.0,2.0,3.0,0,1,0,0,0.0,1.0,0.0,1.0,0,0,33.0,0.0,0,1,2,0.0,0.5,0
A-2021-02-148,2021-02-18,11:00,VOLCADURA,1,0,1,CUSCO,LA CONVENCION,QUELLOUNO,RURAL,CARRETERA,DEPARTAMENTAL,CU-105,-12.6365227,-72.55693921,NUBLADO,RURAL,CURVA,PLANA ,AFIRMADO,,,,,NEGLIGENCIA DEL CONDUCTOR,OTRO (NEGLIGENCIA DEL CONDUCTOR),11.0,0,2021.0,2.0,3.0,0,1,0,1,0.0,0.0,1.0,1.0,0,0,42.0,0.0,0,0,1,0.0,0.0,0
A-2021-02-178,2021-02-18,11:40,ATROPELLO,1,0,0,PUNO,SAN ANTONIO DE PUTINA,PUTINA,URBANA,JIRÓN,URBANO,NO CORRESPONDE,-14.913518951915876,-69.86333177050078,LLUVIOSO,RESIDENCIAL,TRAMO RECTO,PLANA ,CONCRETO,,,,,IMPRUDENCIA DEL PEATÓN,OTRO (IMPRUDENCIA DEL PEATÓN),11.0,0,2021.0,2.0,3.0,0,1,0,1,1.0,0.0,0.0,1.0,1,0,65.5,23.33452377915607,0,1,2,0.0,0.5,0
A-2021-02-264,2021-02-18,15:25,CHOQUE CON OBJETO FIJO,1,3,0,LIMA,LIMA,VILLA MARIA DEL TRIUNFO,RURAL,CALLE,URBANO,NO CORRESPONDE,-12.14029,-76.9112,DESPEJADO,RURAL,PASE A DESNIVEL,INCLINADA,AFIRMADO,,,,,IMPRUDENCIA DEL CONDUCTOR,EXCESO DE VELOCIDAD,15.0,0,2021.0,2.0,3.0,0,2,0,0,2.0,1.0,1.0,4.0,0,0,23.0,18.096961070853858,0,0,5,0.0,0.0,0
A-2021-02-263,2021-02-18,18:00,ATROPELLO FUGA,1,0,0,LIMA,LIMA,RIMAC,URBANA,CARRETERA,NACIONAL,PE-1N,-12.043103204032894,-77.02317771163345,DESPEJADO,INDUSTRIAL,TRAMO RECTO,PLANA ,ASFALTADA,,,,,EN PROCESO DE INVESTIGACIÓN,NO CUENTA CON CAUSA ESPECIFICA,18.0,0,2021.0,2.0,3.0,0,3,0,0,0.0,0.0,0.0,0.0,0,0,30.0,0.0,0,0,2,0.0,0.0,1
A-2021-02-94,2021-02-19,03:50,ATROPELLO FUGA,1,0,0,PUNO,CHUCUITO,POMATA,RURAL,CARRETERA,NACIONAL,PE-3S,-16.34595052,-69.24282331,DESPEJADO,RURAL,TRAMO RECTO,PLANA ,ASFALTADA,,,,,IMPRUDENCIA DEL PEATÓN,CRUCE INDEBIDO POR LA CALZADA,3.0,0,2021.0,2.0,4.0,0,0,0,1,0.0,0.0,0.0,0.0,0,0,27.0,0.0,0,0,2,0.0,0.0,1
A-2021-02-201,2021-02-19,06:55,ATROPELLO FUGA,1,0,0,LAMBAYEQUE,CHICLAYO,JOSE LEONARDO ORTIZ,URBANA,AVENIDA,URBANO,NO CORRESPONDE,-6.7546582,-79.8478185,DESPEJADO,COMERCIAL,TRAMO RECTO,PLANA ,ASFALTADA,,,,,IMPRUDENCIA DEL CONDUCTOR,CONDUCIR EN SENTIDO CONTRARIO,6.0,0,2021.0,2.0,4.0,0,1,0,0,1.0,0.0,0.0,1.0,0,0,75.0,0.0,0,0,2,0.0,0.0,0
A-2021-02-235,2021-02-19,08:30,CHOQUE,1,0,1,CALLAO,CALLAO,CALLAO,URBANA,CARRETERA,NACIONAL,PE-20,-11.959804478406474,-77.12836781252078,DESPEJADO,INDUSTRIAL,TRAMO RECTO,PLANA ,CONCRETO,,,,,EN PROCESO DE INVESTIGACIÓN,NO CUENTA CON CAUSA ESPECIFICA,8.0,0,2021.0,2.0,4.0,0,1,0,0,0.0,0.0,0.0,0.0,0,0,43.5,31.81980515339464,0,2,2,0.0,1.0,0
A-2021-02-281,2021-02-19,10:20,DESPISTE,2,2,0,ANCASH,PALLASCA,TAUCA,RURAL,CARRETERA,NACIONAL,PE-3N,-8.449816342225832,-78.02931243646064,DESPEJADO,RURAL,CURVA,INCLINADA,AFIRMADO,,,,,IMPERICIA DEL CONDUCTOR,,10.0,1,2021.0,2.0,4.0,0,1,0,0,0.0,1.0,1.0,2.0,0,0,47.75,8.539125638299666,0,1,4,0.0,0.25,0
A-2021-02-104,2021-02-19,16:30,DESPISTE,1,1,1,PUNO,EL COLLAO,CAPAZO,RURAL,CARRETERA,DEPARTAMENTAL,PU-131,-17.183,-69.645,DESPEJADO,RURAL,TRAMO RECTO,PLANA ,TROCHA,,,,,IMPRUDENCIA DEL CONDUCTOR,OTRO (IMPRUDENCIA DEL CONDUCTOR),16.0,0,2021.0,2.0,4.0,0,2,0,1,0.0,0.0,2.0,2.0,0,0,22.0,1.4142135623730951,0,0,2,0.0,0.0,0
A-2021-02-103,2021-02-19,17:31,VOLCADURA,1,0,1,AREQUIPA,CAMANA,SAMUEL PASTOR,RURAL,CARRETERA,PROVINCIAL,AR-541,-16.610207,-72.715164,DESPEJADO,RURAL,TRAMO RECTO,PLANA ,ASFALTADA,,,,,EN PROCESO DE INVESTIGACIÓN,NO CUENTA CON CAUSA ESPECIFICA,17.0,0,2021.0,2.0,4.0,0,2,0,0,0.0,0.0,0.0,0.0,0,0,0.0,0.0,0,0,1,0.0,0.0,0
A-2021-02-165,2021-02-19,19:15,CHOQUE,1,0,3,CUSCO,CHUMBIVILCAS,QUIÑOTA,RURAL,CARRETERA,NACIONAL,PE-3SG,-14.320065,-72.13885,DESPEJADO,RURAL,TRAMO RECTO,PLANA ,ASFALTADA,,,,,IMPRUDENCIA DEL CONDUCTOR,EXCESO DE VELOCIDAD,19.0,0,2021.0,2.0,4.0,0,3,0,1,0.0,0.0,0.0,0.0,0,0,30.666666666666668,5.686240703077327,1,1,3,0.333,0.333,1
A-2021-02-265,2021-02-19,20:20,ATROPELLO,2,0,0,LIMA,LIMA,LIMA,URBANA,AVENIDA,URBANO,NO CORRESPONDE,-12.061018898523397,-77.01281365599989,DESPEJADO,COMERCIAL,INTERSECCIÓN,PLANA ,ASFALTADA,,,,,IMPRUDENCIA DEL CONDUCTOR,EXCESO DE VELOCIDAD,20.0,1,2021.0,2.0,4.0,0,3,0,0,1.0,0.0,0.0,1.0,0,0,22.666666666666668,14.0118997046558,0,1,3,0.0,0.333,1
A-2021-02-278,2021-02-19,21:00,ATROPELLO FUGA,1,0,0,HUANUCO,HUANUCO,AMARILIS,URBANA,CARRETERA,NACIONAL,PE-18A,-9.913444,-76.231121,DESPEJADO,RESIDENCIAL,TRAMO RECTO,PLANA ,ASFALTADA,,,,,EN PROCESO DE INVESTIGACIÓN,NO CUENTA CON CAUSA ESPECIFICA,21.0,0,2021.0,2.0,4.0,0,3,0,1,0.0,0.0,0.0,0.0,0,0,0.0,0.0,0,0,2,0.0,0.0,1
A-2021-02-128,2021-02-19,22:39,DESPISTE,1,1,0,PIURA,PIURA,LA ARENA,RURAL,CARRETERA,NACIONAL,PE-1NK,-5.35371130978209,-80.7164430447336,DESPEJADO,RURAL,CURVA,PLANA ,TROCHA,,,,,EN PROCESO DE INVESTIGACIÓN,NO CUENTA CON CAUSA ESPECIFICA,22.0,0,2021.0,2.0,4.0,0,3,0,0,0.0,0.0,2.0,2.0,0,0,20.0,5.656854249492381,0,0,2,0.0,0.0,1
A-2021-02-96,2021-02-20,05:30,DESPISTE,1,0,1,HUANUCO,LEONCIO PRADO,CASTILLO GRANDE,URBANA,CARRETERA,PROVINCIAL,HU-556,-9.2972753,-76.0076681,DESPEJADO,COMERCIAL,TRAMO RECTO,PLANA ,ASFALTADA,,,,,EN PROCESO DE INVESTIGACIÓN,NO CUENTA CON CAUSA ESPECIFICA,5.0,0,2021.0,2.0,5.0,1,0,0,1,0.0,0.0,0.0,0.0,0,0,49.0,0.0,0,0,1,0.0,0.0,1
A-2021-02-280,2021-02-20,10:00,DESPISTE,1,0,1,HUANUCO,HUANUCO,QUISQUI (KICHKI),RURAL,CARRETERA,NACIONAL,PE-3N,-9.89296941835359,-76.4520505758337,DESPEJADO,RURAL,CURVA,INCLINADA,AFIRMADO,,,,,IMPRUDENCIA DEL CONDUCTOR,OTRO (IMPRUDENCIA DEL CONDUCTOR),10.0,0,2021.0,2.0,5.0,1,1,0,1,0.0,1.0,1.0,2.0,0,0,45.0,0.0,0,1,1,0.0,1.0,0
A-2021-02-166,2021-02-20,19:30,CHOQUE,1,2,2,LA LIBERTAD,CHEPEN,CHEPEN,RURAL,CALLE,URBANO,NO CORRESPONDE,-7.243284,-79.399869,DESPEJADO,RURAL,TRAMO RECTO,PLANA ,ASFALTADA,,,,,EN PROCESO DE INVESTIGACIÓN,NO CUENTA CON CAUSA ESPECIFICA,19.0,0,2021.0,2.0,5.0,1,3,0,0,2.0,0.0,0.0,2.0,0,0,30.333333333333332,7.234178138070235,0,0,4,0.0,0.0,1
A-2021-02-212,2021-02-20,21:19,ATROPELLO FUGA,1,1,0,PUNO,PUNO,ACORA,RURAL,CARRETERA,NACIONAL,PE-3S,-15.967404649767197,-69.80668923289836,DESPEJADO,RURAL,TRAMO RECTO,PLANA ,ASFALTADA,,,,,EN PROCESO DE INVESTIGACIÓN,NO CUENTA CON CAUSA ESPECIFICA,21.0,0,2021.0,2.0,5.0,1,3,0,1,0.0,0.0,0.0,0.0,0,0,36.0,11.313708498984761,0,0,3,0.0,0.0,1
A-2021-02-147,2021-02-20,23:00,DESPISTE,1,0,0,PUNO,CHUCUITO,POMATA,RURAL,CARRETERA,SIN CLASIFICAR,SIN CLASIFICAR,-16.267506795376008,-69.29679018408967,DESPEJADO,RURAL,CURVA,PLANA ,TROCHA,,,,,IMPRUDENCIA DEL CONDUCTOR,EXCESO DE VELOCIDAD,23.0,0,2021.0,2.0,5.0,1,3,0,1,0.0,0.0,2.0,2.0,0,0,28.0,0.0,0,0,1,0.0,0.0,1
A-2021-02-284,2021-02-21,19:45,DESPISTE,1,1,1,PIURA,MORROPON,SALITRAL,RURAL,CARRETERA,NACIONAL,PE-02A,-5.371868812921817,-79.820396398911,DESPEJADO,RURAL,TRAMO RECTO,PLANA ,ASFALTADA,,,,,EN PROCESO DE INVESTIGACIÓN,NO CUENTA CON CAUSA ESPECIFICA,19.0,0,2021.0,2.0,6.0,1,3,0,0,0.0,0.0,0.0,0.0,0,0,25.5,13.435028842544403,1,1,2,0.5,0.5,1
A-2021-02-115,2021-02-21,20:00,CHOQUE,1,2,2,PIURA,PIURA,VEINTISEIS DE OCTUBRE,RURAL,CARRETERA,NACIONAL,PE-1N,-5.160125,-80.693127,DESPEJADO,RURAL,TRAMO RECTO,PLANA ,ASFALTADA,SI,REGULADORA (R),,NO,IMPRUDENCIA DEL CONDUCTOR,CONDUCIR EN ESTADO DE EBRIEDAD Y/O DROGADICCIÓN,20.0,0,2021.0,2.0,6.0,1,3,0,0,0.0,0.0,0.0,0.0,0,1,38.25,12.685293322058685,1,1,4,0.25,0.25,1
A-2021-02-275,2021-02-21,20:00,VOLCADURA,1,0,1,PIURA,SULLANA,QUERECOTILLO,RURAL,CARRETERA,NACIONAL,PE-1NN,-4.807883,-80.623159,DESPEJADO,RURAL,TRAMO RECTO,PLANA ,ASFALTADA,,,,,EN PROCESO DE INVESTIGACIÓN,NO CUENTA CON CAUSA ESPECIFICA,20.0,0,2021.0,2.0,6.0,1,3,0,0,0.0,0.0,0.0,0.0,0,0,19.0,0.0,0,0,1,0.0,0.0,1
A-2021-02-274,2021-02-21,20:30,DESPISTE,1,0,1,PIURA,SULLANA,QUERECOTILLO,RURAL,CARRETERA,NACIONAL,PE-1NN,-4.7495287,-80.5879604,DESPEJADO,RURAL,TRAMO RECTO,PLANA ,ASFALTADA,,,,,EN PROCESO DE INVESTIGACIÓN,NO CUENTA CON CAUSA ESPECIFICA,20.0,0,2021.0,2.0,6.0,1,3,0,0,0.0,0.0,0.0,0.0,0,0,29.0,0.0,0,0,1,0.0,0.0,1
A-2021-02-237,2021-02-21,21:40,CHOQUE CON OBJETO FIJO,1,0,0,LIMA,LIMA,MAGDALENA DEL MAR,URBANA,OTRO,URBANO,NO CORRESPONDE,-12.096810104208997,-77.0752579074752,SOLEADO,RURAL,TRAMO RECTO,PLANA ,ASFALTADA,,,,,EN PROCESO DE INVESTIGACIÓN,NO CUENTA CON CAUSA ESPECIFICA,21.0,0,2021.0,2.0,6.0,1,3,0,0,2.0,0.0,0.0,2.0,0,0,22.5,3.5355339059327378,0,0,2,0.0,0.0,1
A-2021-02-167,2021-02-21,23:15,CHOQUE,3,2,3,LA LIBERTAD,PACASMAYO,SAN PEDRO DE LLOC,RURAL,CARRETERA,NACIONAL,PE-1N,-7.434894,-79.50161,DESPEJADO,RURAL,TRAMO RECTO,PLANA ,ASFALTADA,,,,,IMPRUDENCIA DEL CONDUCTOR,CONDUCIR EN ESTADO DE EBRIEDAD Y/O DROGADICCIÓN,23.0,2,2021.0,2.0,6.0,1,3,0,0,0.0,0.0,0.0,0.0,0,0,31.285714285714285,14.851647335276601,0,2,7,0.0,0.286,1
A-2021-02-282,2021-02-22,06:00,ATROPELLO FUGA,1,0,0,ANCASH,SANTA,NUEVO CHIMBOTE,URBANA,CARRETERA,NACIONAL,PE-1N,-9.15415057421513,-78.50331610768579,DESPEJADO,RESIDENCIAL,TRAMO RECTO,PLANA ,ASFALTADA,,,,,EN PROCESO DE INVESTIGACIÓN,NO CUENTA CON CAUSA ESPECIFICA,6.0,0,2021.0,2.0,0.0,0,1,0,0,0.0,0.0,0.0,0.0,0,0,57.0,0.0,0,0,2,0.0,0.0,0
A-2021-02-266,2021-02-22,07:30,VOLCADURA,1,0,0,LIMA,LIMA,INDEPENDENCIA,URBANA,CARRETERA,NACIONAL,PE-1N,-11.988294226428462,-77.06414607991313,DESPEJADO,COMERCIAL,INTERSECCIÓN,PLANA ,ASFALTADA,,,,,IMPRUDENCIA DEL CONDUCTOR,EXCESO DE VELOCIDAD,7.0,0,2021.0,2.0,0.0,0,1,0,0,0.0,0.0,0.0,0.0,0,0,0.0,0.0,0,0,2,0.0,0.0,0
A-2021-02-179,2021-02-22,07:50,ATROPELLO,1,0,1,PUNO,SAN ROMAN,JULIACA,URBANA,AVENIDA,URBANO,NO CORRESPONDE,-15.492512,-70.116788,DESPEJADO,RESIDENCIAL,TRAMO RECTO,PLANA ,CONCRETO,NO,,,SI,IMPRUDENCIA DEL PEATÓN,CRUCE INDEBIDO POR LA CALZADA,7.0,0,2021.0,2.0,0.0,0,1,0,1,1.0,0.0,0.0,1.0,0,1,50.5,38.890872965260115,0,0,2,0.0,0.0,0
A-2021-02-175,2021-02-22,08:30,ATROPELLO,1,0,1,LAMBAYEQUE,CHICLAYO,LA VICTORIA,URBANA,CARRETERA,NACIONAL,PE-1N,-6.802063778798723,-79.84676677752996,DESPEJADO,RESIDENCIAL,INTERSECCIÓN,PLANA ,ASFALTADA,SI,REGULADORA (R),PREVENTIVA (P),NO,EN PROCESO DE INVESTIGACIÓN,NO CUENTA CON CAUSA ESPECIFICA,8.0,0,2021.0,2.0,0.0,0,1,0,0,0.0,0.0,0.0,0.0,0,1,39.5,9.192388155425117,0,1,2,0.0,0.5,0
A-2021-02-202,2021-02-22,14:00,DESPISTE,1,2,1,APURIMAC,GRAU,GAMARRA,RURAL,CARRETERA,PROVINCIAL,AP-906,-13.902034194238322,-72.53300183276687,DESPEJADO,RURAL,CURVA,PLANA ,TROCHA,,,,,IMPRUDENCIA DEL CONDUCTOR,CONDUCIR EN ESTADO DE EBRIEDAD Y/O DROGADICCIÓN,14.0,0,2021.0,2.0,0.0,0,2,0,1,0.0,0.0,2.0,2.0,0,0,41.666666666666664,19.42506971244462,0,1,3,0.0,0.333,0
A-2021-02-182,2021-02-22,14:40,DESPISTE,1,0,2,LIMA,HUAURA,HUAURA,URBANA,CARRETERA,NACIONAL,PE-1NE,-11.062979683742768,-77.5774509197476,DESPEJADO,RURAL,TRAMO RECTO,PLANA ,ASFALTADA,,,,,EN PROCESO DE INVESTIGACIÓN,NO CUENTA CON CAUSA ESPECIFICA,14.0,0,2021.0,2.0,0.0,0,2,0,0,0.0,0.0,0.0,0.0,0,0,24.0,0.0,0,1,2,0.0,0.5,0
A-2021-02-129,2021-02-22,16:40,CHOQUE,1,0,2,PIURA,PIURA,VEINTISEIS DE OCTUBRE,URBANA,AVENIDA,URBANO,NO CORRESPONDE,-5.1761019142593,-80.6619739068756,DESPEJADO,ESCOLAR,INTERSECCIÓN,PLANA ,CONCRETO,SI,PREVENTIVA (P),PREVENTIVA (P),SI,EN PROCESO DE INVESTIGACIÓN,NO CUENTA CON CAUSA ESPECIFICA,16.0,0,2021.0,2.0,0.0,0,2,0,0,1.0,0.0,0.0,1.0,0,0,47.5,12.020815280171307,0,2,2,0.0,1.0,0
A-2021-02-183,2021-02-23,07:00,CHOQUE,1,1,2,LA LIBERTAD,GRAN CHIMU,CASCAS,RURAL,CARRETERA,NACIONAL,PE-1NF,-7.530991,-78.806241,DESPEJADO,RURAL,TRAMO RECTO,PLANA ,ASFALTADA,,,,,IMPRUDENCIA DEL CONDUCTOR,CONDUCIR EN ESTADO DE EBRIEDAD Y/O DROGADICCIÓN,7.0,0,2021.0,2.0,1.0,0,1,0,0,0.0,0.0,0.0,0.0,0,0,52.333333333333336,7.234178138070234,1,1,3,0.333,0.333,0
A-2021-02-214,2021-02-23,11:20,DESPISTE,1,0,1,LAMBAYEQUE,CHICLAYO,LA VICTORIA,URBANA,CARRETERA,NACIONAL,PE-1N,-6.8379207,-79.8293674,DESPEJADO,RESIDENCIAL,TRAMO RECTO,PLANA ,ASFALTADA,,,,,EN PROCESO DE INVESTIGACIÓN,NO CUENTA CON CAUSA ESPECIFICA,11.0,0,2021.0,2.0,1.0,0,1,0,0,0.0,0.0,0.0,0.0,0,0,40.0,0.0,0,0,1,0.0,0.0,0
A-2021-02-184,2021-02-23,14:20,ATROPELLO,1,0,1,LA LIBERTAD,TRUJILLO,TRUJILLO,URBANA,AVENIDA,URBANO,NO CORRESPONDE,-8.112031,-79.032938,DESPEJADO,COMERCIAL,INTERSECCIÓN,PLANA ,ASFALTADA,,,,,IMPRUDENCIA DEL PEATÓN,CRUCE INDEBIDO POR LA CALZADA,14.0,0,2021.0,2.0,1.0,0,2,0,0,1.0,0.0,0.0,1.0,0,0,61.5,31.81980515339464,0,1,2,0.0,0.5,0
A-2021-02-236,2021-02-23,17:00,DESPISTE,1,0,1,CALLAO,CALLAO,CALLAO,URBANA,CARRETERA,NACIONAL,PE-20I,-12.050285363986184,-77.11806391190329,DESPEJADO,RESIDENCIAL,TRAMO RECTO,PLANA ,CONCRETO,,,,,EN PROCESO DE INVESTIGACIÓN,NO CUENTA CON CAUSA ESPECIFICA,17.0,0,2021.0,2.0,1.0,0,2,0,0,0.0,0.0,0.0,0.0,0,0,32.0,0.0,0,1,1,0.0,1.0,0
A-2021-02-283,2021-02-23,20:05,ATROPELLO FUGA,1,0,0,ANCASH,SANTA,SAMANCO,RURAL,CARRETERA,NACIONAL,PE-1N,-9.251160715910917,-78.4393731434623,DESPEJADO,RURAL,TRAMO RECTO,PLANA ,ASFALTADA,,,,,EN PROCESO DE INVESTIGACIÓN,NO CUENTA CON CAUSA ESPECIFICA,20.0,0,2021.0,2.0,1.0,0,3,0,0,0.0,0.0,0.0,0.0,0,0,0.0,0.0,0,0,2,0.0,0.0,1
A-2021-02-267,2021-02-23,21:00,ATROPELLO FUGA,1,0,0,LIMA,LIMA,SANTA ANITA,URBANA,CARRETERA,NACIONAL,PE-1N,-12.057,-76.974,DESPEJADO,RESIDENCIAL,TRAMO RECTO,PLANA ,ASFALTADA,,,,,EN PROCESO DE INVESTIGACIÓN,NO CUENTA CON CAUSA ESPECIFICA,21.0,0,2021.0,2.0,1.0,0,3,0,0,0.0,0.0,0.0,0.0,0,0,0.0,0.0,0,0,2,0.0,0.0,1
A-2021-02-168,2021-02-24,05:40,CHOQUE,1,1,2,LA LIBERTAD,ASCOPE,CHICAMA,RURAL,CARRETERA,NACIONAL,PE-1NF,-7.838814,-79.152311,DESPEJADO,RURAL,TRAMO RECTO,PLANA ,ASFALTADA,,,,,IMPRUDENCIA DEL CONDUCTOR,FATIGA Y/O CANSANCIO,5.0,0,2021.0,2.0,2.0,0,0,0,0,0.0,0.0,0.0,0.0,0,0,30.0,12.165525060596439,0,1,3,0.0,0.333,1
A-2021-02-226,2021-02-24,07:15,ESPECIAL,1,0,0,MOQUEGUA,MARISCAL NIETO,MOQUEGUA,RURAL,OTRO,URBANO,NO CORRESPONDE,-17.203995,-70.895577,SOLEADO,RURAL,TRAMO RECTO,PLANA ,TROCHA,,,,,IMPRUDENCIA DEL PEATÓN,OTRO (IMPRUDENCIA DEL PEATÓN),7.0,0,2021.0,2.0,2.0,0,1,0,0,2.0,0.0,2.0,4.0,0,0,48.5,6.363961030678928,0,1,2,0.0,0.5,0
A-2021-02-268,2021-02-24,08:30,CHOQUE,1,0,2,LIMA,LIMA,RIMAC,URBANA,AVENIDA,URBANO,NO CORRESPONDE,-12.034806871808192,-77.02985840706565,DESPEJADO,RESIDENCIAL,INTERSECCIÓN,PLANA ,ASFALTADA,,,,,EN PROCESO DE INVESTIGACIÓN,NO CUENTA CON CAUSA ESPECIFICA,8.0,0,2021.0,2.0,2.0,0,1,0,0,1.0,0.0,0.0,1.0,0,0,34.0,0.0,0,0,2,0.0,0.0,0
A-2021-02-156,2021-02-24,12:40,CHOQUE,1,0,2,PUNO,SAN ROMAN,CABANILLAS,RURAL,CARRETERA,DEPARTAMENTAL,PU-124,-15.43385,-70.2663,DESPEJADO,RURAL,TRAMO RECTO,PLANA ,ASFALTADA,SI,PREVENTIVA (P),INFORMATIVA (I),SI,IMPRUDENCIA DEL CONDUCTOR,INVASIÓN DE CARRIL,12.0,0,2021.0,2.0,2.0,0,2,0,1,0.0,0.0,0.0,0.0,0,0,29.0,8.48528137423857,0,2,2,0.0,1.0,0
A-2021-02-133,2021-02-24,19:10,CHOQUE,1,0,2,AREQUIPA,ISLAY,DEAN VALDIVIA,RURAL,CARRETERA,NACIONAL,PE-1SD,-17.122811,-71.887054,DESPEJADO,RURAL,TRAMO RECTO,PLANA ,ASFALTADA,NO,,,SI,IMPRUDENCIA DEL CONDUCTOR,EXCESO DE VELOCIDAD,19.0,0,2021.0,2.0,2.0,0,3,0,0,0.0,0.0,0.0,0.0,0,1,33.5,3.5355339059327378,0,1,2,0.0,0.5,1
A-2021-02-136,2021-02-24,19:15,CHOQUE,1,0,2,TACNA,TACNA,TACNA,RURAL,CARRETERA,NACIONAL,PE-1S,-17.979841,-70.282731,DESPEJADO,RURAL,TRAMO RECTO,PLANA ,ASFALTADA,SI,REGULADORA (R),INFORMATIVA (I),NO,IMPRUDENCIA DEL CONDUCTOR,INVASIÓN DE CARRIL,19.0,0,2021.0,2.0,2.0,0,3,0,0,0.0,0.0,0.0,0.0,0,1,37.0,2.8284271247461903,0,2,2,0.0,1.0,1