CODIGO_SINIESTRO,FECHA_SINIESTRO,HORA_SINIESTRO,CLASE_SINIESTRO,CANTIDAD_FALLECIDOS,CANTIDAD_LESIONADOS,CANTIDAD_VEHICULOS,DEPARTAMENTO,PROVINCIA,DISTRITO,ZONA,TIPO_VIA,RED_VIAL,COD_CARRETERA,LATITUD,LONGITUD,CONDICION_CLIMATICA,ZONIFICACION,CARACTERISTICAS_VIA,PERFIL_VIA,SUPERFICIE_CALZADA,EXISTE_SENIAL_VERTICAL,CLASIFICACION_SENIAL_VERTICAL_1,CLASIFICACION_SENIAL_VERTICAL_2,EXISTE_SENIAL_HORIZONTAL,CAUSA_FACTOR_PRINCIPAL,CAUSA_ESPECIFICA,HORA,severidad,ANIO,MES,DIA_SEMANA,FIN_SEMANA,FRANJA_HORARIA,TEMPORADA,MACROREGION,TIPO_VIA_SCORE,PERFIL_VIA_SCORE,SUPERFICIE_CALZADA_SCORE,RIESGO_INFRAESTRUCTURA,RIESGO_CLIMATICO,SENIALIZACION_DEFICIENTE,EDAD_PROMEDIO,EDAD_STD,TOTAL_ALCOHOL,TOTAL_LICENCIA,TOTAL_PERSONAS,PCT_ALCOHOL,PCT_LICENCIA,ES_NOCHE
A-2021-02-170,2021-02-24,19:20,ATROPELLO,1,0,0,CUSCO,LA CONVENCION,QUELLOUNO,URBANA,JIRÓN,URBANO,NO CORRESPONDE,-12.514535130645434,-72.41194327228267,DESPEJADO,RESIDENCIAL,INTERSECCIÓN,PLANA ,ASFALTADA,,,,,IMPRUDENCIA DEL CONDUCTOR,EXCESO DE VELOCIDAD,19.0,0,2021.0,2.0,2.0,0,3,0,1,1.0,0.0,0.0,1.0,0,0,38.0,22.627416997969522,0,1,2,0.0,0.5,1
A-2021-02-190,2021-02-25,05:10,CHOQUE,1,1,2,LIMA,HUARAL,CHANCAY,URBANA,CARRETERA,NACIONAL,PE-1N,-11.598373816167577,-77.25110706721921,DESPEJADO,RURAL,TRAMO RECTO,PLANA ,ASFALTADA,SI,REGULADORA (R),PREVENTIVA (P),NO,EN PROCESO DE INVESTIGACIÓN,NO CUENTA CON CAUSA ESPECIFICA,5.0,0,2021.0,2.0,3.0,0,0,0,0,0.0,0.0,0.0,0.0,0,1,41.0,16.97056274847714,0,1,2,0.0,0.5,1
A-2021-02-169,2021-02-25,07:30,CHOQUE FUGA,1,0,1,LA LIBERTAD,ASCOPE,PAIJAN,RURAL,CARRETERA,NACIONAL,PE-1N,-7.704619,-79.314822,DESPEJADO,RURAL,TRAMO RECTO,PLANA ,ASFALTADA,,,,,IMPRUDENCIA DEL CONDUCTOR,OTRO (IMPRUDENCIA DEL CONDUCTOR),7.0,0,2021.0,2.0,3.0,0,1,0,0,0.0,0.0,0.0,0.0,0,0,26.0,0.0,0,0,2,0.0,0.0,0
A-2021-02-227,2021-02-25,12:40,DESPISTE,2,1,1,MOQUEGUA,MARISCAL NIETO,SAN CRISTOBAL,RURAL,CARRETERA,PROVINCIAL,MO-528,-16.664125,-70.734802,DESPEJADO,RURAL,SINUOSA,INCLINADA,TROCHA,,,,,IMPRUDENCIA DEL CONDUCTOR,FATIGA Y/O CANSANCIO,12.0,1,2021.0,2.0,3.0,0,2,0,0,0.0,1.0,2.0,3.0,0,0,38.666666666666664,16.010413278030438,0,1,3,0.0,0.333,0
A-2021-02-228,2021-02-26,05:30,CHOQUE,1,0,2,MOQUEGUA,MARISCAL NIETO,MOQUEGUA,RURAL,CARRETERA,NACIONAL,PE-1S,-17.20612,-71.386858,DESPEJADO,RURAL,TRAMO RECTO,PLANA ,ASFALTADA,,,,,IMPRUDENCIA DEL CONDUCTOR,OTRO (IMPRUDENCIA DEL CONDUCTOR),5.0,0,2021.0,2.0,4.0,0,0,0,0,0.0,0.0,0.0,0.0,0,0,34.666666666666664,11.71893055416463,0,2,3,0.0,0.667,1
A-2021-02-269,2021-02-26,07:30,ATROPELLO,1,0,0,LIMA,LIMA,SAN JUAN DE MIRAFLORES,URBANA,AVENIDA,URBANO,NO CORRESPONDE,-12.162491,-76.962732,DESPEJADO,RESIDENCIAL,TRAMO RECTO,PLANA ,ASFALTADA,,,,,IMPRUDENCIA DEL CONDUCTOR,OTRO (IMPRUDENCIA DEL CONDUCTOR),7.0,0,2021.0,2.0,4.0,0,1,0,0,1.0,0.0,0.0,1.0,0,0,57.0,41.012193308819754,0,0,2,0.0,0.0,0
A-2021-02-233,2021-02-26,17:15,ATROPELLO,1,1,0,JUNIN,JAUJA,LEONOR ORDOÑEZ,URBANA,CARRETERA,NACIONAL,PE-3SB,-11.8616999,-75.41395513,DESPEJADO,RURAL,INTERSECCIÓN,INCLINADA,ASFALTADA,SI,REGULADORA (R),,SI,EN PROCESO DE INVESTIGACIÓN,NO CUENTA CON CAUSA ESPECIFICA,17.0,0,2021.0,2.0,4.0,0,2,0,1,0.0,1.0,0.0,1.0,0,0,49.5,38.890872965260115,0,1,2,0.0,0.5,0
A-2021-02-177,2021-02-27,04:00,VOLCADURA,1,0,2,ICA,ICA,ICA,URBANA,CARRETERA,NACIONAL,PE-1S,-14.063037153649963,-75.74121214851782,DESPEJADO,RESIDENCIAL,TRAMO RECTO,PLANA ,ASFALTADA,,,,,IMPRUDENCIA DEL CONDUCTOR,EXCESO DE VELOCIDAD,4.0,0,2021.0,2.0,5.0,1,0,0,0,0.0,0.0,0.0,0.0,0,0,38.0,17.578395831246947,1,1,4,0.25,0.25,1
A-2021-02-176,2021-02-27,07:00,DESPISTE,1,0,1,ICA,PISCO,HUMAY,RURAL,CARRETERA,NACIONAL,PE-28A,-13.733104,-75.923859,DESPEJADO,RURAL,TRAMO RECTO,PLANA ,ASFALTADA,,,,,IMPRUDENCIA DEL CONDUCTOR,FATIGA Y/O CANSANCIO,7.0,0,2021.0,2.0,5.0,1,1,0,0,0.0,0.0,0.0,0.0,0,0,32.0,0.0,0,0,1,0.0,0.0,0
A-2021-02-172,2021-02-27,07:40,DESPISTE,1,0,2,ICA,ICA,SANTIAGO,RURAL,CARRETERA,NACIONAL,PE-1S,-14.1786410782402,-75.71557504710242,DESPEJADO,RURAL,TRAMO RECTO,PLANA ,ASFALTADA,,,,,IMPRUDENCIA DEL CONDUCTOR,EXCESO DE VELOCIDAD,7.0,0,2021.0,2.0,5.0,1,1,0,0,0.0,0.0,0.0,0.0,0,0,25.0,5.656854249492381,0,2,2,0.0,1.0,0
A-2021-02-199,2021-02-27,09:45,CHOQUE,1,0,2,LAMBAYEQUE,LAMBAYEQUE,OLMOS,URBANA,CARRETERA,NACIONAL,PE-1NJ,-5.9863394,-79.7392495,DESPEJADO,COMERCIAL,TRAMO RECTO,PLANA ,ASFALTADA,SI,PREVENTIVA (P),REGULADORA (R),SI,EN PROCESO DE INVESTIGACIÓN,NO CUENTA CON CAUSA ESPECIFICA,9.0,0,2021.0,2.0,5.0,1,1,0,0,0.0,0.0,0.0,0.0,0,0,46.5,20.506096654409877,0,1,2,0.0,0.5,0
A-2021-02-270,2021-02-27,12:30,ATROPELLO,1,0,0,LIMA,LIMA,EL AGUSTINO,URBANA,CARRETERA,NACIONAL,PE-1N,-12.032477409451634,-76.99107365892452,SOLEADO,RESIDENCIAL,TRAMO RECTO,PLANA ,ASFALTADA,,,,,EN PROCESO DE INVESTIGACIÓN,NO CUENTA CON CAUSA ESPECIFICA,12.0,0,2021.0,2.0,5.0,1,2,0,0,0.0,0.0,0.0,0.0,0,0,30.0,0.0,0,0,2,0.0,0.0,0
A-2021-02-180,2021-02-27,15:30,ESPECIAL,1,0,1,CAJAMARCA,SAN MARCOS,GREGORIO PITA,URBANA,CALLE,URBANO,NO CORRESPONDE,-7.273584,-78.159523,DESPEJADO,ESCOLAR,TRAMO RECTO,INCLINADA,CONCRETO,,,,,NEGLIGENCIA DEL CONDUCTOR,OTRO (NEGLIGENCIA DEL CONDUCTOR),15.0,0,2021.0,2.0,5.0,1,2,0,1,2.0,1.0,0.0,3.0,0,0,63.0,0.0,0,0,1,0.0,0.0,0
A-2021-02-216,2021-02-27,16:15,CHOQUE,1,0,0,JUNIN,JAUJA,CURICACA,URBANA,CARRETERA,NACIONAL,PE-3S,-11.8143497,-75.61393633,LLUVIOSO,RESIDENCIAL,CURVA,INCLINADA,ASFALTADA,SI,REGULADORA (R),INFORMATIVA (I),NO,EN PROCESO DE INVESTIGACIÓN,NO CUENTA CON CAUSA ESPECIFICA,16.0,0,2021.0,2.0,5.0,1,2,0,1,0.0,1.0,0.0,1.0,1,1,46.5,3.5355339059327378,0,2,2,0.0,1.0,0
A-2021-02-209,2021-02-27,20:00,CHOQUE,1,3,3,PUNO,LAMPA,CALAPUJA,RURAL,CARRETERA,NACIONAL,PE-34B,-15.2779016,-70.2241947,DESPEJADO,RURAL,TRAMO RECTO,PLANA ,ASFALTADA,SI,REGULADORA (R),INFORMATIVA (I),SI,IMPRUDENCIA DEL CONDUCTOR,DESACATO DE SEÑAL DE TRÁNSITO,20.0,0,2021.0,2.0,5.0,1,3,0,1,0.0,0.0,0.0,0.0,0,0,29.2,14.024977718342372,0,3,5,0.0,0.6,1
A-2021-02-271,2021-02-27,22:30,DESPISTE,1,0,1,LIMA,LIMA,CARABAYLLO,URBANA,JIRÓN,URBANO,NO CORRESPONDE,-11.889978,-77.02457,DESPEJADO,RESIDENCIAL,TRAMO RECTO,INCLINADA,ASFALTADA,,,,,IMPRUDENCIA DEL CONDUCTOR,CONDUCIR EN ESTADO DE EBRIEDAD Y/O DROGADICCIÓN,22.0,0,2021.0,2.0,5.0,1,3,0,0,1.0,1.0,0.0,2.0,0,0,46.0,0.0,1,0,1,1.0,0.0,1
A-2021-02-196,2021-02-27,23:15,CHOQUE,4,1,2,TUMBES,CONTRALMIRANTE VILLAR,CANOAS DE PUNTA SAL,RURAL,CARRETERA,NACIONAL,PE-1N,-4.053658966728172,-80.95568770884869,DESPEJADO,RURAL,CURVA,PLANA ,ASFALTADA,SI,PREVENTIVA (P),PREVENTIVA (P),SI,IMPRUDENCIA DEL CONDUCTOR,INVASIÓN DE CARRIL,23.0,2,2021.0,2.0,5.0,1,3,0,0,0.0,0.0,0.0,0.0,0,0,16.8,9.257429448826494,0,1,5,0.0,0.2,1
A-2021-02-272,2021-02-28,04:00,DESPISTE,1,0,1,PIURA,SULLANA,SULLANA,RURAL,CARRETERA,NACIONAL,PE-1N,-4.916857978078274,-80.69707447355155,DESPEJADO,INDUSTRIAL,TRAMO RECTO,PLANA ,ASFALTADA,SI,PREVENTIVA (P),REGULADORA (R),NO,EN PROCESO DE INVESTIGACIÓN,NO CUENTA CON CAUSA ESPECIFICA,4.0,0,2021.0,2.0,6.0,1,0,0,0,0.0,0.0,0.0,0.0,0,1,19.0,0.0,0,0,1,0.0,0.0,1
A-2021-02-186,2021-02-28,04:30,DESPISTE,2,0,1,LA LIBERTAD,SANTIAGO DE CHUCO,SITABAMBA,RURAL,CARRETERA,DEPARTAMENTAL,LI-115,-8.017236,-77.7588,DESPEJADO,RURAL,TRAMO RECTO,PLANA ,AFIRMADO,,,,,IMPRUDENCIA DEL CONDUCTOR,OTRO (IMPRUDENCIA DEL CONDUCTOR),4.0,1,2021.0,2.0,6.0,1,0,0,0,0.0,0.0,1.0,1.0,0,0,40.5,12.020815280171307,0,1,2,0.0,0.5,1
A-2021-02-185,2021-02-28,05:00,ATROPELLO FUGA,1,0,1,LA LIBERTAD,TRUJILLO,SALAVERRY,RURAL,CARRETERA,NACIONAL,PE-1N,-8.283801,-78.91814,DESPEJADO,RURAL,TRAMO RECTO,PLANA ,ASFALTADA,,,,,IMPRUDENCIA DEL CONDUCTOR,EXCESO DE VELOCIDAD,5.0,0,2021.0,2.0,6.0,1,0,0,0,0.0,0.0,0.0,0.0,0,0,56.0,0.0,0,0,2,0.0,0.0,1
A-2021-02-187,2021-02-28,20:40,CHOQUE FUGA,1,2,2,LA LIBERTAD,VIRU,CHAO,RURAL,CARRETERA,PROVINCIAL,LI-1208,-8.54778,-78.678269,DESPEJADO,RURAL,TRAMO RECTO,PLANA ,ASFALTADA,,,,,EN PROCESO DE INVESTIGACIÓN,NO CUENTA CON CAUSA ESPECIFICA,20.0,0,2021.0,2.0,6.0,1,3,0,0,0.0,0.0,0.0,0.0,0,0,28.0,15.620499351813308,0,0,4,0.0,0.0,1
A-2021-02-189,2021-02-28,21:00,ATROPELLO,1,0,1,LA LIBERTAD,TRUJILLO,FLORENCIA DE MORA,URBANA,CALLE,URBANO,NO CORRESPONDE,-8.088921,-79.026501,DESPEJADO,COMERCIAL,TRAMO RECTO,PLANA ,ASFALTADA,,,,,IMPRUDENCIA DEL CONDUCTOR,CONDUCIR EN ESTADO DE EBRIEDAD Y/O DROGADICCIÓN,21.0,0,2021.0,2.0,6.0,1,3,0,0,2.0,0.0,0.0,2.0,0,0,36.0,0.0,0,1,2,0.0,0.5,1
A-2021-02-223,2021-02-28,21:15,ATROPELLO,2,0,1,PUNO,SAN ROMAN,SAN MIGUEL,URBANA,CARRETERA,NACIONAL,PE-3S,-15.466583,-70.138198,DESPEJADO,INDUSTRIAL,TRAMO RECTO,PLANA ,ASFALTADA,SI,REGULADORA (R),PREVENTIVA (P),SI,IMPRUDENCIA DEL CONDUCTOR,EXCESO DE VELOCIDAD,21.0,1,2021.0,2.0,6.0,1,3,0,1,0.0,0.0,0.0,0.0,0,0,32.0,1.4142135623730951,0,0,2,0.0,0.0,1
A-2021-02-188,2021-02-28,21:25,CHOQUE,1,1,2,LA LIBERTAD,TRUJILLO,LAREDO,RURAL,CARRETERA,NACIONAL,PE-10A,-8.048596,-78.849761,DESPEJADO,RURAL,TRAMO RECTO,PLANA ,ASFALTADA,,,,,IMPRUDENCIA DEL CONDUCTOR,CONDUCIR EN ESTADO DE EBRIEDAD Y/O DROGADICCIÓN,21.0,0,2021.0,2.0,6.0,1,3,0,0,0.0,0.0,0.0,0.0,0,0,26.666666666666668,7.637626158259733,0,2,3,0.0,0.667,1
A-2021-02-194,2021-02-28,23:30,DESPISTE,2,1,1,AREQUIPA,AREQUIPA,MARIANO MELGAR,RURAL,CARRETERA,SIN CLASIFICAR,SIN CLASIFICAR,-16.387007,-71.457041,DESPEJADO,RURAL,OTRO,INCLINADA,TROCHA,,,,,NEGLIGENCIA DEL CONDUCTOR,OTRO (NEGLIGENCIA DEL CONDUCTOR),23.0,1,2021.0,2.0,6.0,1,3,0,0,0.0,1.0,2.0,3.0,0,0,13.333333333333334,15.307950004273378,0,0,3,0.0,0.0,1
A-2021-03-100,2021-03-01,05:28,ATROPELLO,1,0,1,LIMA,HUARAL,CHANCAY,URBANA,CARRETERA,NACIONAL,PE-1N,-11.53777846548452,-77.2829764573073,DESPEJADO,RURAL,TRAMO RECTO,PLANA ,ASFALTADA,,,,,IMPRUDENCIA DEL PEATÓN,CRUCE INDEBIDO POR LA CALZADA,5.0,0,2021.0,3.0,0.0,0,0,1,0,0.0,0.0,0.0,0.0,0,0,48.0,25.45584412271571,0,1,2,0.0,0.5,1
A-2021-03-69,2021-03-01,08:00,CAÍDA DE PASAJERO,1,0,0,LIMA,LIMA,INDEPENDENCIA,URBANA,AVENIDA,URBANO,NO CORRESPONDE,-11.9969,-77.0544,DESPEJADO,COMERCIAL,TRAMO RECTO,PLANA ,ASFALTADA,,,,,EN PROCESO DE INVESTIGACIÓN,NO CUENTA CON CAUSA ESPECIFICA,8.0,0,2021.0,3.0,0.0,0,1,1,0,1.0,0.0,0.0,1.0,0,0,22.0,1.4142135623730951,0,0,2,0.0,0.0,0
A-2021-03-1,2021-03-01,08:50,ATROPELLO,1,0,1,PUNO,YUNGUYO,YUNGUYO,RURAL,CARRETERA,DEPARTAMENTAL,PU-130,-16.30911252,-69.06047903,DESPEJADO,RURAL,TRAMO RECTO,PLANA ,ASFALTADA,,,,,IMPRUDENCIA DEL CONDUCTOR,EXCESO DE VELOCIDAD,8.0,0,2021.0,3.0,0.0,0,1,1,1,0.0,0.0,0.0,0.0,0,0,32.0,12.727922061357855,0,0,2,0.0,0.0,0
A-2021-03-6,2021-03-01,15:00,DESPISTE,1,0,1,JUNIN,TARMA,SAN PEDRO DE CAJAS,RURAL,CARRETERA,PROVINCIAL,JU-548,-11.16358188421908,-75.8564661443685,DESPEJADO,RURAL,TRAMO RECTO,INCLINADA,TROCHA,,,,,IMPRUDENCIA DEL CONDUCTOR,CONDUCIR EN ESTADO DE EBRIEDAD Y/O DROGADICCIÓN,15.0,0,2021.0,3.0,0.0,0,2,1,1,0.0,1.0,2.0,3.0,0,0,43.0,0.0,1,1,1,1.0,1.0,0
A-2021-03-93,2021-03-01,19:30,CHOQUE,1,0,2,SAN MARTIN,LAMAS,BARRANQUITA,RURAL,CARRETERA,DEPARTAMENTAL,SM-105,-6.21662,-75.99639,DESPEJADO,RURAL,TRAMO RECTO,PLANA ,ASFALTADA,,,,,IMPRUDENCIA DEL CONDUCTOR,CONDUCIR EN ESTADO DE EBRIEDAD Y/O DROGADICCIÓN,19.0,0,2021.0,3.0,0.0,0,3,1,2,0.0,0.0,0.0,0.0,0,0,21.0,2.8284271247461903,0,1,2,0.0,0.5,1
A-2021-03-273,2021-03-02,02:00,DESPISTE,1,1,1,HUANCAVELICA,HUAYTARA,PILPICHACA,RURAL,CARRETERA,NACIONAL,PE-28A,-13.450225,-74.983666,NUBLADO,RURAL,TRAMO RECTO,INCLINADA,ASFALTADA,,,,,IMPRUDENCIA DEL CONDUCTOR,FATIGA Y/O CANSANCIO,2.0,0,2021.0,3.0,1.0,0,0,1,1,0.0,1.0,0.0,1.0,0,0,35.5,20.506096654409877,0,1,2,0.0,0.5,1
A-2021-03-5,2021-03-02,05:50,DESPISTE,1,2,1,ICA,PISCO,SAN CLEMENTE,RURAL,CARRETERA,NACIONAL,PE-1S,-13.630134,-76.152208,DESPEJADO,RURAL,TRAMO RECTO,PLANA ,ASFALTADA,,,,,IMPRUDENCIA DEL CONDUCTOR,FATIGA Y/O CANSANCIO,5.0,0,2021.0,3.0,1.0,0,0,1,0,0.0,0.0,0.0,0.0,0,0,42.0,4.58257569495584,0,1,3,0.0,0.333,1
A-2021-03-65,2021-03-02,07:45,CHOQUE,4,0,2,CUSCO,QUISPICANCHI,OCONGATE,RURAL,CARRETERA,NACIONAL,PE-30C,-13.652514,-71.305902,DESPEJADO,RURAL,CURVA,PLANA ,ASFALTADA,SI,PREVENTIVA (P),INFORMATIVA (I),NO,IMPRUDENCIA DEL CONDUCTOR,INVASIÓN DE CARRIL,7.0,2,2021.0,3.0,1.0,0,1,1,1,0.0,0.0,0.0,0.0,0,1,38.0,7.788880963698617,0,1,5,0.0,0.2,0
A-2021-03-58,2021-03-02,13:30,DESPISTE,1,0,1,LA LIBERTAD,SANCHEZ CARRION,HUAMACHUCO,RURAL,CARRETERA,NACIONAL,PE-3N,-7.915461,-78.14592,DESPEJADO,RURAL,CURVA,PLANA ,ASFALTADA,,,,,EN PROCESO DE INVESTIGACIÓN,NO CUENTA CON CAUSA ESPECIFICA,13.0,0,2021.0,3.0,1.0,0,2,1,0,0.0,0.0,0.0,0.0,0,0,30.5,2.1213203435596424,0,1,2,0.0,0.5,0
A-2021-03-12,2021-03-02,21:40,DESPISTE,1,4,1,CAJAMARCA,CELENDIN,SOROCHUCO,RURAL,CARRETERA,PROVINCIAL,CA-1024,-6.91790623,-78.2523829,LLUVIOSO,RURAL,CURVA,INCLINADA,AFIRMADO,,,,,IMPRUDENCIA DEL CONDUCTOR,CONDUCIR EN ESTADO DE EBRIEDAD Y/O DROGADICCIÓN,21.0,0,2021.0,3.0,1.0,0,3,1,1,0.0,1.0,1.0,2.0,1,0,34.4,8.848728722251575,0,0,6,0.0,0.0,1
A-2021-03-11,2021-03-03,07:45,CHOQUE,1,1,2,ANCASH,RECUAY,CATAC,RURAL,CARRETERA,NACIONAL,PE-3N,-9.859137723842816,-77.40590948703202,DESPEJADO,RURAL,CURVA,PLANA ,ASFALTADA,,,,,IMPRUDENCIA DEL CONDUCTOR,FATIGA Y/O CANSANCIO,7.0,0,2021.0,3.0,2.0,0,1,1,0,0.0,0.0,0.0,0.0,0,0,32.0,7.0710678118654755,0,2,2,0.0,1.0,0
A-2021-03-365,2021-03-03,15:03,DESPISTE,2,0,1,PIURA,AYABACA,SAPILLICA,RURAL,CARRETERA,PROVINCIAL,PI-745,-4.767575262701006,-80.03604948149277,DESPEJADO,RURAL,TRAMO RECTO,PLANA ,AFIRMADO,,,,,IMPRUDENCIA DEL CONDUCTOR,OTRO (IMPRUDENCIA DEL CONDUCTOR),15.0,1,2021.0,3.0,2.0,0,2,1,0,0.0,0.0,1.0,1.0,0,0,51.666666666666664,17.473789896108208,0,0,3,0.0,0.0,0
A-2021-03-84,2021-03-03,16:15,ATROPELLO,1,0,0,LORETO,MAYNAS,BELEN,URBANA,CALLE,URBANO,NO CORRESPONDE,-3.760023,-73.248444,SOLEADO,COMERCIAL,TRAMO RECTO,PLANA ,ASFALTADA,,,,,IMPRUDENCIA DEL PEATÓN,CRUCE INDEBIDO POR LA CALZADA,16.0,0,2021.0,3.0,2.0,0,2,1,2,2.0,0.0,0.0,2.0,0,0,28.0,0.0,0,0,2,0.0,0.0,0
A-2021-03-99,2021-03-03,17:50,CHOQUE,1,2,0,SAN MARTIN,PICOTA,PICOTA,RURAL,CARRETERA,NACIONAL,PE-5N,-6.89955,-76.33663,LLUVIOSO,RURAL,TRAMO RECTO,PLANA ,ASFALTADA,,,,,IMPRUDENCIA DEL CONDUCTOR,EXCESO DE VELOCIDAD,17.0,0,2021.0,3.0,2.0,0,2,1,2,0.0,0.0,0.0,0.0,1,0,30.0,6.082762530298219,0,1,3,0.0,0.333,0
A-2021-03-170,2021-03-03,18:00,ATROPELLO,1,0,1,LIMA,LIMA,SAN JUAN DE LURIGANCHO,URBANA,CARRETERA,SIN CLASIFICAR,SIN CLASIFICAR,-11.960103612746728,-76.98185596768646,DESPEJADO,RESIDENCIAL,INTERSECCIÓN,PLANA ,ASFALTADA,,,,,IMPRUDENCIA DEL PEATÓN,OTRO (IMPRUDENCIA DEL PEATÓN),18.0,0,2021.0,3.0,2.0,0,3,1,0,0.0,0.0,0.0,0.0,0,0,44.0,33.94112549695428,0,0,2,0.0,0.0,1
A-2021-03-7,2021-03-03,19:00,DESPISTE,1,0,1,AREQUIPA,AREQUIPA,CERRO COLORADO,URBANA,CARRETERA,DEPARTAMENTAL,AR-123,-16.3354896,-71.5971248,DESPEJADO,RESIDENCIAL,ÓVALO,PLANA ,ASFALTADA,,,,,EN PROCESO DE INVESTIGACIÓN,NO CUENTA CON CAUSA ESPECIFICA,19.0,0,2021.0,3.0,2.0,0,3,1,0,0.0,0.0,0.0,0.0,0,0,22.0,0.0,0,1,1,0.0,1.0,1
A-2021-03-103,2021-03-03,21:36,CHOQUE,1,0,2,CUSCO,CANCHIS,MARANGANI,RURAL,CARRETERA,NACIONAL,PE-3S,-14.321561,-71.200158,DESPEJADO,RURAL,TRAMO RECTO,PLANA ,ASFALTADA,NO,,,SI,IMPRUDENCIA DEL CONDUCTOR,INVASIÓN DE CARRIL,21.0,0,2021.0,3.0,2.0,0,3,1,1,0.0,0.0,0.0,0.0,0,1,38.0,2.8284271247461903,0,1,2,0.0,0.5,1
A-2021-03-64,2021-03-03,22:00,CAÍDA DE PASAJERO,1,0,0,CUSCO,CHUMBIVILCAS,QUIÑOTA,RURAL,CARRETERA,NACIONAL,PE-3SG,-14.311253,-72.142777,DESPEJADO,RURAL,TRAMO RECTO,PLANA ,AFIRMADO,,,,,NEGLIGENCIA DEL CONDUCTOR,OTRO (NEGLIGENCIA DEL CONDUCTOR),22.0,0,2021.0,3.0,2.0,0,3,1,1,0.0,0.0,1.0,1.0,0,0,57.0,0.0,0,0,2,0.0,0.0,1
A-2021-03-96,2021-03-04,06:28,CHOQUE,1,0,2,LIMA,HUAURA,SANTA MARIA,URBANA,CARRETERA,NACIONAL,PE-1N,-11.112764002167914,-77.59242894031976,DESPEJADO,RURAL,TRAMO RECTO,PLANA ,ASFALTADA,SI,REGULADORA (R),INFORMATIVA (I),NO,IMPRUDENCIA DEL CONDUCTOR,NO ESTABLECER EL DERECHO DE PASO,6.0,0,2021.0,3.0,3.0,0,1,1,0,0.0,0.0,0.0,0.0,0,1,44.0,0.0,0,1,2,0.0,0.5,0
A-2021-03-36,2021-03-04,10:00,CHOQUE,1,0,2,LAMBAYEQUE,LAMBAYEQUE,MORROPE,URBANA,CARRETERA,NACIONAL,PE-1N,-6.6306533,-79.9547741,SOLEADO,INDUSTRIAL,TRAMO RECTO,PLANA ,ASFALTADA,SI,PREVENTIVA (P),REGULADORA (R),NO,EN PROCESO DE INVESTIGACIÓN,NO CUENTA CON CAUSA ESPECIFICA,10.0,0,2021.0,3.0,3.0,0,1,1,0,0.0,0.0,0.0,0.0,0,1,49.0,14.730919862656235,0,2,3,0.0,0.667,0
A-2021-03-8,2021-03-04,10:20,CHOQUE CON OBJETO FIJO,1,0,0,MADRE DE DIOS,TAMBOPATA,TAMBOPATA,RURAL,CARRETERA,DEPARTAMENTAL,MD-102,-12.633364,-69.183511,SOLEADO,RURAL,OTRO,PLANA ,TROCHA,,,,,NEGLIGENCIA DEL CONDUCTOR,OTRO (NEGLIGENCIA DEL CONDUCTOR),10.0,0,2021.0,3.0,3.0,0,1,1,2,0.0,0.0,2.0,2.0,0,0,65.0,8.48528137423857,0,1,2,0.0,0.5,0
A-2021-03-171,2021-03-04,20:40,VOLCADURA,1,0,1,LIMA,LIMA,SAN JUAN DE LURIGANCHO,URBANA,AVENIDA,URBANO,NO CORRESPONDE,-11.961697,-76.982522,DESPEJADO,RURAL,SINUOSA,INCLINADA,ASFALTADA,,,,,EN PROCESO DE INVESTIGACIÓN,NO CUENTA CON CAUSA ESPECIFICA,20.0,0,2021.0,3.0,3.0,0,3,1,0,1.0,1.0,0.0,2.0,0,0,26.0,0.0,0,0,1,0.0,0.0,1
A-2021-03-175,2021-03-05,00:30,DESPISTE,1,0,1,LIMA,LIMA,SAN MARTIN DE PORRES,URBANA,AVENIDA,URBANO,NO CORRESPONDE,-12.031772,-77.077474,DESPEJADO,COMERCIAL,INTERSECCIÓN,PLANA ,ASFALTADA,,,,,INFRAESTRUCTURA Y ENTORNO VIAL,OTRO (INFRAESTRUCTURA Y ENTORNO VIAL),0.0,0,2021.0,3.0,4.0,0,0,1,0,1.0,0.0,0.0,1.0,0,0,29.0,0.0,0,0,1,0.0,0.0,1
A-2021-03-37,2021-03-05,15:00,DESPISTE,1,1,1,CUSCO,CHUMBIVILCAS,COLQUEMARCA,RURAL,CARRETERA,PROVINCIAL,CU-1544,-14.2836,-72.0403,NUBLADO,RURAL,CURVA,PLANA ,AFIRMADO,,,,,IMPRUDENCIA DEL CONDUCTOR,EXCESO DE VELOCIDAD,15.0,0,2021.0,3.0,4.0,0,2,1,1,0.0,0.0,1.0,1.0,0,0,40.0,14.142135623730951,0,1,2,0.0,0.5,0
A-2021-03-27,2021-03-05,18:00,DESPISTE,1,0,1,AREQUIPA,AREQUIPA,YURA,RURAL,CARRETERA,NACIONAL,PE-34A,-16.1780492,-71.6472994,DESPEJADO,RURAL,TRAMO RECTO,INCLINADA,ASFALTADA,,,,,NEGLIGENCIA DEL CONDUCTOR,OTRO (NEGLIGENCIA DEL CONDUCTOR),18.0,0,2021.0,3.0,4.0,0,3,1,0,0.0,1.0,0.0,1.0,0,0,53.0,0.0,0,1,1,0.0,1.0,1
A-2021-03-59,2021-03-05,18:10,CHOQUE,1,3,2,LA LIBERTAD,CHEPEN,PACANGA,RURAL,CARRETERA,PROVINCIAL,LI-500,-7.195012,-79.496807,DESPEJADO,RURAL,TRAMO RECTO,PLANA ,ASFALTADA,,,,,IMPRUDENCIA DEL CONDUCTOR,INVASIÓN DE CARRIL,18.0,0,2021.0,3.0,4.0,0,3,1,0,0.0,0.0,0.0,0.0,0,0,33.5,8.504900548115383,0,0,4,0.0,0.0,1