CODIGO_SINIESTRO,FECHA_SINIESTRO,HORA_SINIESTRO,CLASE_SINIESTRO,CANTIDAD_FALLECIDOS,CANTIDAD_LESIONADOS,CANTIDAD_VEHICULOS,DEPARTAMENTO,PROVINCIA,DISTRITO,ZONA,TIPO_VIA,RED_VIAL,COD_CARRETERA,LATITUD,LONGITUD,CONDICION_CLIMATICA,ZONIFICACION,CARACTERISTICAS_VIA,PERFIL_VIA,SUPERFICIE_CALZADA,EXISTE_SENIAL_VERTICAL,CLASIFICACION_SENIAL_VERTICAL_1,CLASIFICACION_SENIAL_VERTICAL_2,EXISTE_SENIAL_HORIZONTAL,CAUSA_FACTOR_PRINCIPAL,CAUSA_ESPECIFICA,HORA,severidad,ANIO,MES,DIA_SEMANA,FIN_SEMANA,FRANJA_HORARIA,TEMPORADA,MACROREGION,TIPO_VIA_SCORE,PERFIL_VIA_SCORE,SUPERFICIE_CALZADA_SCORE,RIESGO_INFRAESTRUCTURA,RIESGO_CLIMATICO,SENIALIZACION_DEFICIENTE,EDAD_PROMEDIO,EDAD_STD,TOTAL_ALCOHOL,TOTAL_LICENCIA,TOTAL_PERSONAS,PCT_ALCOHOL,PCT_LICENCIA,ES_NOCHE
A-2021-03-352,2021-03-05,19:00,ATROPELLO,1,0,0,LIMA,LIMA,LIMA,URBANA,JIRÓN,URBANO,NO CORRESPONDE,-12.050964,-77.039908,DESPEJADO,RESIDENCIAL,INTERSECCIÓN,PLANA ,ASFALTADA,SI,PREVENTIVA (P),,NO,IMPRUDENCIA DEL PEATÓN,ESTADO DE EBRIEDAD Y/O DROGADICCIÓN,19.0,0,2021.0,3.0,4.0,0,3,1,0,1.0,0.0,0.0,1.0,0,1,54.0,7.0710678118654755,1,1,2,0.5,0.5,1
A-2021-03-258,2021-03-05,19:30,ATROPELLO,1,1,1,JUNIN,HUANCAYO,SAPALLANGA,URBANA,CARRETERA,NACIONAL,PE-3SC,-12.1380528,-75.16620673,DESPEJADO,COMERCIAL,TRAMO RECTO,PLANA ,ASFALTADA,,,,,EN PROCESO DE INVESTIGACIÓN,NO CUENTA CON CAUSA ESPECIFICA,19.0,0,2021.0,3.0,4.0,0,3,1,1,0.0,0.0,0.0,0.0,0,0,72.0,0.0,0,1,2,0.0,0.5,1
A-2021-03-201,2021-03-05,21:30,ATROPELLO,1,0,1,LIMA,LIMA,SAN JUAN DE MIRAFLORES,URBANA,CARRETERA,NACIONAL,PE-1S,-12.185667,-76.974538,DESPEJADO,RURAL,TRAMO RECTO,PLANA ,ASFALTADA,,,,,IMPRUDENCIA DEL CONDUCTOR,OTRO (IMPRUDENCIA DEL CONDUCTOR),21.0,0,2021.0,3.0,4.0,0,3,1,0,0.0,0.0,0.0,0.0,0,0,35.5,3.5355339059327378,0,0,2,0.0,0.0,1
A-2021-03-178,2021-03-06,02:20,ATROPELLO FUGA,1,0,0,LAMBAYEQUE,CHICLAYO,LAGUNAS,RURAL,CARRETERA,NACIONAL,PE-1N,-6.938924,-79.723199,DESPEJADO,RURAL,TRAMO RECTO,PLANA ,ASFALTADA,,,,,IMPRUDENCIA DEL PEATÓN,CRUCE INDEBIDO POR LA CALZADA,2.0,0,2021.0,3.0,5.0,1,0,1,0,0.0,0.0,0.0,0.0,0,0,0.0,0.0,0,0,2,0.0,0.0,1
A-2021-03-202,2021-03-06,03:50,ATROPELLO,3,0,0,LIMA,LIMA,COMAS,URBANA,CARRETERA,NACIONAL,PE-1N,-11.939114,-77.071492,DESPEJADO,RESIDENCIAL,OTRO,PLANA ,ASFALTADA,,,,,IMPRUDENCIA DEL CONDUCTOR,OTRO (IMPRUDENCIA DEL CONDUCTOR),3.0,2,2021.0,3.0,5.0,1,0,1,0,0.0,0.0,0.0,0.0,0,0,17.25,11.586630226256467,0,0,4,0.0,0.0,1
A-2021-03-101,2021-03-06,04:30,DESPISTE,1,0,1,LIMA,HUARAL,SANTA CRUZ DE ANDAMARCA,RURAL,CARRETERA,NACIONAL,PE-20C,-11.129518303906018,-76.62382890757128,LLUVIOSO,RURAL,SINUOSA,INCLINADA,CASCAJO/RIPIO,,,,,EN PROCESO DE INVESTIGACIÓN,NO CUENTA CON CAUSA ESPECIFICA,4.0,0,2021.0,3.0,5.0,1,0,1,0,0.0,1.0,1.0,2.0,1,0,34.0,0.0,0,1,1,0.0,1.0,1
A-2021-03-23,2021-03-06,06:15,DESPISTE,1,1,1,AREQUIPA,AREQUIPA,TIABAYA,URBANA,AVENIDA,URBANO,NO CORRESPONDE,-16.442496,-71.586279,DESPEJADO,RESIDENCIAL,SINUOSA,INCLINADA,ASFALTADA,,,,,IMPRUDENCIA DEL CONDUCTOR,OTRO (IMPRUDENCIA DEL CONDUCTOR),6.0,0,2021.0,3.0,5.0,1,1,1,0,1.0,1.0,0.0,2.0,0,0,44.0,22.715633383201094,0,0,3,0.0,0.0,0
A-2021-03-46,2021-03-06,06:30,DESPISTE,1,0,1,CUSCO,LA CONVENCION,ECHARATE,RURAL,CARRETERA,DEPARTAMENTAL,CU-101,-12.7681,-72.5767,DESPEJADO,RURAL,TRAMO RECTO,PLANA ,AFIRMADO,,,,,IMPRUDENCIA DEL CONDUCTOR,CONDUCIR EN ESTADO DE EBRIEDAD Y/O DROGADICCIÓN,6.0,0,2021.0,3.0,5.0,1,1,1,1,0.0,0.0,1.0,1.0,0,0,32.0,0.0,0,0,1,0.0,0.0,0
A-2021-03-32,2021-03-06,08:30,ATROPELLO,1,0,1,JUNIN,SATIPO,RIO NEGRO,RURAL,CARRETERA,NACIONAL,PE-5S,-11.214738164264311,-74.6551090295526,DESPEJADO,RURAL,INTERSECCIÓN,PLANA ,ASFALTADA,,,,,EN PROCESO DE INVESTIGACIÓN,NO CUENTA CON CAUSA ESPECIFICA,8.0,0,2021.0,3.0,5.0,1,1,1,1,0.0,0.0,0.0,0.0,0,0,46.0,4.242640687119285,0,1,2,0.0,0.5,0
A-2021-03-90,2021-03-06,12:00,ATROPELLO,1,0,0,LORETO,MAYNAS,IQUITOS,URBANA,CALLE,URBANO,NO CORRESPONDE,-3.757262362820321,-73.25272629123265,SOLEADO,COMERCIAL,INTERSECCIÓN,PLANA ,ASFALTADA,,,,,EN PROCESO DE INVESTIGACIÓN,NO CUENTA CON CAUSA ESPECIFICA,12.0,0,2021.0,3.0,5.0,1,2,1,2,2.0,0.0,0.0,2.0,0,0,69.0,0.0,0,0,2,0.0,0.0,0
A-2021-03-24,2021-03-06,17:30,DESPISTE,1,0,1,AREQUIPA,AREQUIPA,AREQUIPA,URBANA,AVENIDA,URBANO,NO CORRESPONDE,-16.403636,-71.544713,DESPEJADO,RESIDENCIAL,CURVA,INCLINADA,ASFALTADA,NO,,,SI,IMPRUDENCIA DEL CONDUCTOR,EXCESO DE VELOCIDAD,17.0,0,2021.0,3.0,5.0,1,2,1,0,1.0,1.0,0.0,2.0,0,1,22.0,0.0,0,0,1,0.0,0.0,0
A-2021-03-137,2021-03-06,18:00,DESPISTE,1,1,1,PIURA,AYABACA,FRIAS,RURAL,CARRETERA,PROVINCIAL,PI-789,-4.9969,-79.958187,LLUVIOSO,RURAL,CURVA,INCLINADA,AFIRMADO,,,,,EN PROCESO DE INVESTIGACIÓN,NO CUENTA CON CAUSA ESPECIFICA,18.0,0,2021.0,3.0,5.0,1,3,1,0,0.0,1.0,1.0,2.0,1,0,36.0,18.520259177452136,1,0,3,0.333,0.0,1
A-2021-03-94,2021-03-06,19:45,ATROPELLO,1,0,1,MOQUEGUA,MARISCAL NIETO,MOQUEGUA,RURAL,CARRETERA,NACIONAL,PE-1S,-17.639785,-70.930033,DESPEJADO,RURAL,TRAMO RECTO,PLANA ,ASFALTADA,SI,PREVENTIVA (P),,SI,IMPRUDENCIA DEL PEATÓN,CRUCE INDEBIDO POR LA CALZADA,19.0,0,2021.0,3.0,5.0,1,3,1,0,0.0,0.0,0.0,0.0,0,0,55.0,35.35533905932738,0,1,2,0.0,0.5,1
A-2021-03-335,2021-03-06,19:50,ATROPELLO,1,1,1,UCAYALI,CORONEL PORTILLO,MANANTAY,URBANA,AVENIDA,URBANO,NO CORRESPONDE,-8.405868002013198,-74.55392539503238,DESPEJADO,RURAL,INTERSECCIÓN,PLANA ,AFIRMADO,,,,,EN PROCESO DE INVESTIGACIÓN,NO CUENTA CON CAUSA ESPECIFICA,19.0,0,2021.0,3.0,5.0,1,3,1,2,1.0,0.0,1.0,2.0,0,0,41.5,30.405591591021544,0,0,2,0.0,0.0,1
A-2021-03-41,2021-03-07,00:35,DESPISTE,1,0,1,LAMBAYEQUE,CHICLAYO,JOSE LEONARDO ORTIZ,URBANA,AVENIDA,URBANO,NO CORRESPONDE,-6.7463873,-79.8359186,DESPEJADO,RESIDENCIAL,INTERSECCIÓN,PLANA ,ASFALTADA,SI,REGULADORA (R),PREVENTIVA (P),NO,IMPRUDENCIA DEL CONDUCTOR,EXCESO DE VELOCIDAD,0.0,0,2021.0,3.0,6.0,1,0,1,0,1.0,0.0,0.0,1.0,0,1,22.0,0.0,0,0,1,0.0,0.0,1
A-2021-03-31,2021-03-07,01:30,DESPISTE,1,1,1,CAJAMARCA,CAJAMARCA,ENCAÑADA,RURAL,CARRETERA,PROVINCIAL,CA-1071,-7.06915203,-78.39827421,LLUVIOSO,RURAL,TRAMO RECTO,INCLINADA,AFIRMADO,,,,,IMPRUDENCIA DEL CONDUCTOR,FATIGA Y/O CANSANCIO,1.0,0,2021.0,3.0,6.0,1,0,1,1,0.0,1.0,1.0,2.0,1,0,38.0,1.4142135623730951,0,1,2,0.0,0.5,1
A-2021-03-349,2021-03-07,12:30,CHOQUE CON OBJETO FIJO,1,0,1,LIMA,LIMA,SANTA ROSA,URBANA,CARRETERA,NACIONAL,PE-1N,-11.790793427187957,-77.14873099633672,DESPEJADO,RESIDENCIAL,TRAMO RECTO,PLANA ,ASFALTADA,,,,,IMPRUDENCIA DEL CONDUCTOR,OTRO (IMPRUDENCIA DEL CONDUCTOR),12.0,0,2021.0,3.0,6.0,1,2,1,0,0.0,0.0,0.0,0.0,0,0,0.0,0.0,0,0,1,0.0,0.0,0
A-2021-03-367,2021-03-07,20:00,ATROPELLO,1,0,1,HUANUCO,AMBO,CONCHAMARCA,RURAL,CARRETERA,NACIONAL,PE-3N,-10.066035262288748,-76.21928850486164,DESPEJADO,RURAL,TRAMO RECTO,PLANA ,ASFALTADA,,,,,EN PROCESO DE INVESTIGACIÓN,NO CUENTA CON CAUSA ESPECIFICA,20.0,0,2021.0,3.0,6.0,1,3,1,1,0.0,0.0,0.0,0.0,0,0,21.5,27.577164466275352,0,1,2,0.0,0.5,1
A-2021-03-26,2021-03-07,21:23,CHOQUE,1,1,2,PIURA,PIURA,CATACAOS,RURAL,CARRETERA,NACIONAL,PE-1N,-5.283955992646325,-80.61486486635837,LLUVIOSO,RURAL,TRAMO RECTO,PLANA ,ASFALTADA,NO,,,SI,IMPRUDENCIA DEL CONDUCTOR,INVASIÓN DE CARRIL,21.0,0,2021.0,3.0,6.0,1,3,1,0,0.0,0.0,0.0,0.0,1,1,38.333333333333336,17.925772879665004,0,0,3,0.0,0.0,1
A-2021-03-323,2021-03-08,02:30,CHOQUE,1,0,2,LAMBAYEQUE,LAMBAYEQUE,JAYANCA,RURAL,CARRETERA,NACIONAL,PE-1NJ,-6.3450316,-79.770666,DESPEJADO,RURAL,TRAMO RECTO,PLANA ,ASFALTADA,SI,PREVENTIVA (P),INFORMATIVA (I),NO,EN PROCESO DE INVESTIGACIÓN,NO CUENTA CON CAUSA ESPECIFICA,2.0,0,2021.0,3.0,0.0,0,0,1,0,0.0,0.0,0.0,0.0,0,1,27.0,1.4142135623730951,0,2,2,0.0,1.0,1
A-2021-03-60,2021-03-08,05:00,CHOQUE FUGA,1,0,2,LA LIBERTAD,ASCOPE,CASA GRANDE,RURAL,CARRETERA,PROVINCIAL,LI-620,-7.679810922969303,-79.23708866294055,DESPEJADO,RURAL,TRAMO RECTO,PLANA ,ASFALTADA,,,,,EN PROCESO DE INVESTIGACIÓN,NO CUENTA CON CAUSA ESPECIFICA,5.0,0,2021.0,3.0,0.0,0,0,1,0,0.0,0.0,0.0,0.0,0,0,63.0,0.0,0,0,2,0.0,0.0,1
A-2021-03-305,2021-03-08,06:00,CHOQUE CON OBJETO FIJO,1,0,0,PIURA,SULLANA,MARCAVELICA,,CARRETERA,NACIONAL,PE-1N,-4.859390536930436,-80.77017540941709,,,,,,,,,,EN PROCESO DE INVESTIGACIÓN,NO CUENTA CON CAUSA ESPECIFICA,6.0,0,2021.0,3.0,0.0,0,1,1,0,0.0,1.0,1.0,2.0,0,0,45.0,0.0,0,0,1,0.0,0.0,0
A-2021-03-372,2021-03-08,06:20,DESPISTE,1,0,0,ANCASH,SANTA,CHIMBOTE,URBANA,AVENIDA,URBANO,NO CORRESPONDE,-9.078415681082886,-78.59126234022105,DESPEJADO,RESIDENCIAL,INTERSECCIÓN,PLANA ,ASFALTADA,,,,,IMPRUDENCIA DEL CONDUCTOR,CONDUCIR EN ESTADO DE EBRIEDAD Y/O DROGADICCIÓN,6.0,0,2021.0,3.0,0.0,0,1,1,0,1.0,0.0,0.0,1.0,0,0,27.0,0.0,0,0,1,0.0,0.0,0
A-2021-03-102,2021-03-08,06:30,VOLCADURA,3,2,1,LIMA,HUARAL,SAN MIGUEL DE ACOS,RURAL,CARRETERA,NACIONAL,PE-20C,-11.276480953144809,-76.82007008530744,LLUVIOSO,RURAL,SINUOSA,INCLINADA,ASFALTADA,SI,PREVENTIVA (P),,NO,EN PROCESO DE INVESTIGACIÓN,NO CUENTA CON CAUSA ESPECIFICA,6.0,2,2021.0,3.0,0.0,0,1,1,0,0.0,1.0,0.0,1.0,1,1,42.833333333333336,14.634434279010128,0,1,6,0.0,0.167,0
A-2021-03-61,2021-03-08,11:10,CHOQUE,1,0,2,LA LIBERTAD,PACASMAYO,GUADALUPE,RURAL,CARRETERA,NACIONAL,PE-1N,-7.238599,-79.459271,DESPEJADO,RURAL,TRAMO RECTO,PLANA ,ASFALTADA,,,,,IMPRUDENCIA DEL CONDUCTOR,INVASIÓN DE CARRIL,11.0,0,2021.0,3.0,0.0,0,1,1,0,0.0,0.0,0.0,0.0,0,0,40.5,2.1213203435596424,0,1,2,0.0,0.5,0
A-2021-03-112,2021-03-08,15:30,CHOQUE,1,7,2,PUNO,AZANGARO,SAN ANTON,RURAL,CARRETERA,NACIONAL,PE-34B,-14.4807473,-70.2578329,DESPEJADO,RURAL,CURVA,PLANA ,ASFALTADA,SI,PREVENTIVA (P),REGULADORA (R),SI,IMPRUDENCIA DEL CONDUCTOR,EXCESO DE VELOCIDAD,15.0,0,2021.0,3.0,0.0,0,2,1,1,0.0,0.0,0.0,0.0,0,0,22.1,17.58439965171149,0,2,10,0.0,0.2,0
A-2021-03-300,2021-03-08,15:30,DESPISTE,1,0,1,AMAZONAS,RODRIGUEZ DE MENDOZA,CHIRIMOTO,RURAL,CARRETERA,PROVINCIAL,AM-693,-6.528155635882059,-77.41589920908366,LLUVIOSO,RURAL,CURVA,INCLINADA,TROCHA,,,,,EN PROCESO DE INVESTIGACIÓN,NO CUENTA CON CAUSA ESPECIFICA,15.0,0,2021.0,3.0,0.0,0,2,1,2,0.0,1.0,2.0,3.0,1,0,49.0,0.0,0,1,1,0.0,1.0,0
A-2021-03-28,2021-03-08,16:30,CHOQUE,1,0,2,PUNO,CHUCUITO,JULI,RURAL,CARRETERA,NACIONAL,PE-3S,-16.18222040768753,-69.53192410164623,DESPEJADO,RURAL,TRAMO RECTO,PLANA ,ASFALTADA,,,,,IMPRUDENCIA DEL CONDUCTOR,GIRAR IMPRUDENTEMENTE,16.0,0,2021.0,3.0,0.0,0,2,1,1,0.0,0.0,0.0,0.0,0,0,65.5,6.363961030678928,0,1,2,0.0,0.5,0
A-2021-03-336,2021-03-08,17:00,CHOQUE,1,0,2,CAJAMARCA,JAEN,JAEN,RURAL,CARRETERA,NACIONAL,PE-5N,-5.685918175899451,-78.79005609596572,DESPEJADO,RURAL,TRAMO RECTO,PLANA ,ASFALTADA,,,,,EN PROCESO DE INVESTIGACIÓN,NO CUENTA CON CAUSA ESPECIFICA,17.0,0,2021.0,3.0,0.0,0,2,1,1,0.0,0.0,0.0,0.0,0,0,40.5,3.5355339059327378,0,2,2,0.0,1.0,0
A-2021-03-194,2021-03-08,17:40,DESPISTE,1,3,1,LIMA,HUAURA,SAYAN,RURAL,CARRETERA,NACIONAL,PE-18,-11.209470868955776,-77.30811335932076,DESPEJADO,RURAL,TRAMO RECTO,PLANA ,ASFALTADA,,,,,EN PROCESO DE INVESTIGACIÓN,NO CUENTA CON CAUSA ESPECIFICA,17.0,0,2021.0,3.0,0.0,0,2,1,0,0.0,0.0,0.0,0.0,0,0,25.4,10.406728592598157,0,0,5,0.0,0.0,0
A-2021-03-83,2021-03-08,19:45,CHOQUE,1,8,2,LAMBAYEQUE,CHICLAYO,PICSI,RURAL,CARRETERA,DEPARTAMENTAL,LA-111,-6.687525,-79.779782,LLUVIOSO,RURAL,TRAMO RECTO,PLANA ,ASFALTADA,,,,,IMPRUDENCIA DEL CONDUCTOR,INVASIÓN DE CARRIL,19.0,0,2021.0,3.0,0.0,0,3,1,0,0.0,0.0,0.0,0.0,1,0,26.666666666666668,6.461423991660043,0,2,9,0.0,0.222,1
A-2021-03-106,2021-03-08,19:50,ATROPELLO FUGA,1,0,0,LIMA,BARRANCA,SUPE,URBANA,CARRETERA,NACIONAL,PE-1N,-10.847684232280365,-77.69390695701968,DESPEJADO,RURAL,TRAMO RECTO,PLANA ,ASFALTADA,,,,,EN PROCESO DE INVESTIGACIÓN,NO CUENTA CON CAUSA ESPECIFICA,19.0,0,2021.0,3.0,0.0,0,3,1,0,0.0,0.0,0.0,0.0,0,0,20.0,0.0,0,0,2,0.0,0.0,1
A-2021-03-80,2021-03-08,20:00,CHOQUE CON OBJETO FIJO,1,0,1,LAMBAYEQUE,LAMBAYEQUE,OLMOS,RURAL,CARRETERA,NACIONAL,PE-1N,-6.154283393625945,-80.4744833231973,DESPEJADO,RURAL,OTRO,PLANA ,ASFALTADA,SI,PREVENTIVA (P),REGULADORA (R),NO,EN PROCESO DE INVESTIGACIÓN,NO CUENTA CON CAUSA ESPECIFICA,20.0,0,2021.0,3.0,0.0,0,3,1,0,0.0,0.0,0.0,0.0,0,1,30.0,0.0,0,1,1,0.0,1.0,1
A-2021-03-42,2021-03-08,21:30,DESPISTE,1,0,1,LAMBAYEQUE,LAMBAYEQUE,MOTUPE,RURAL,CARRETERA,PROVINCIAL,LA-535,-6.299153,-79.758988,LLUVIOSO,RURAL,SINUOSA,PLANA ,TROCHA,,,,,EN PROCESO DE INVESTIGACIÓN,NO CUENTA CON CAUSA ESPECIFICA,21.0,0,2021.0,3.0,0.0,0,3,1,0,0.0,0.0,2.0,2.0,1,0,31.0,0.0,0,0,1,0.0,0.0,1
A-2021-03-315,2021-03-09,03:00,DESPISTE,1,0,1,PIURA,AYABACA,AYABACA,,CARRETERA,NACIONAL,PE-1NT,-4.704679385931243,-79.79501006503793,LLUVIOSO,RURAL,TRAMO RECTO,INCLINADA,ASFALTADA,,,,,EN PROCESO DE INVESTIGACIÓN,NO CUENTA CON CAUSA ESPECIFICA,3.0,0,2021.0,3.0,1.0,0,0,1,0,0.0,1.0,0.0,1.0,1,0,30.0,0.0,0,1,1,0.0,1.0,1
A-2021-03-62,2021-03-09,20:30,CHOQUE FUGA,1,0,2,LA LIBERTAD,TRUJILLO,HUANCHACO,RURAL,CARRETERA,NACIONAL,PE-1N,-7.99302,-79.074555,DESPEJADO,RURAL,TRAMO RECTO,PLANA ,ASFALTADA,,,,,EN PROCESO DE INVESTIGACIÓN,NO CUENTA CON CAUSA ESPECIFICA,20.0,0,2021.0,3.0,1.0,0,3,1,0,0.0,0.0,0.0,0.0,0,0,81.0,0.0,0,0,2,0.0,0.0,1
A-2021-03-74,2021-03-09,21:30,DESPISTE,2,1,1,CAJAMARCA,CHOTA,QUEROCOTO,RURAL,CARRETERA,PROVINCIAL,CA-827,-6.40624446,-79.03196898,LLUVIOSO,RURAL,CURVA,PLANA ,AFIRMADO,,,,,EN PROCESO DE INVESTIGACIÓN,NO CUENTA CON CAUSA ESPECIFICA,21.0,1,2021.0,3.0,1.0,0,3,1,1,0.0,0.0,1.0,1.0,1,0,25.333333333333332,10.214368964029708,0,0,4,0.0,0.0,1
A-2021-03-306,2021-03-10,05:00,CHOQUE CON OBJETO FIJO,1,0,1,PIURA,TALARA,PARIÑAS,,CARRETERA,NACIONAL,PE-1N,-4.5940524,-81.1739242,DESPEJADO,RURAL,TRAMO RECTO,PLANA ,ASFALTADA,,,,,INFRAESTRUCTURA Y ENTORNO VIAL,OTRO (INFRAESTRUCTURA Y ENTORNO VIAL),5.0,0,2021.0,3.0,2.0,0,0,1,0,0.0,0.0,0.0,0.0,0,0,31.0,0.0,0,0,1,0.0,0.0,1
A-2021-03-44,2021-03-10,07:00,DESPISTE,1,3,1,AREQUIPA,CAMANA,OCOÑA,RURAL,CARRETERA,NACIONAL,PE-1S,-16.48163,-73.000389,DESPEJADO,RURAL,TRAMO RECTO,PLANA ,ASFALTADA,NO,,,SI,EN PROCESO DE INVESTIGACIÓN,NO CUENTA CON CAUSA ESPECIFICA,7.0,0,2021.0,3.0,2.0,0,1,1,0,0.0,0.0,0.0,0.0,0,1,20.333333333333332,15.50268793897798,0,1,4,0.0,0.25,0
A-2021-03-363,2021-03-10,10:00,DESPISTE,2,0,1,PIURA,PAITA,LA HUACA,RURAL,CARRETERA,NACIONAL,PE-02,-5.11413,-80.88071,DESPEJADO,RURAL,TRAMO RECTO,PLANA ,ASFALTADA,,,,,EN PROCESO DE INVESTIGACIÓN,NO CUENTA CON CAUSA ESPECIFICA,10.0,1,2021.0,3.0,2.0,0,1,1,0,0.0,0.0,0.0,0.0,0,0,0.0,0.0,0,0,2,0.0,0.0,0
A-2021-03-54,2021-03-11,04:00,DESPISTE,1,1,1,PIURA,PIURA,VEINTISEIS DE OCTUBRE,RURAL,CARRETERA,NACIONAL,PE-1N,-5.140422,-80.699239,DESPEJADO,RURAL,TRAMO RECTO,PLANA ,ASFALTADA,,,,,IMPRUDENCIA DEL CONDUCTOR,FATIGA Y/O CANSANCIO,4.0,0,2021.0,3.0,3.0,0,0,1,0,0.0,0.0,0.0,0.0,0,0,23.666666666666668,19.55334583474995,0,1,3,0.0,0.333,1
A-2021-03-218,2021-03-11,17:40,CHOQUE CON OBJETO FIJO,1,0,1,LIMA,LIMA,PUENTE PIEDRA,URBANA,CARRETERA,NACIONAL,PE-1N,-11.91275,-77.07335,DESPEJADO,INDUSTRIAL,TRAMO RECTO,PLANA ,ASFALTADA,,,,,IMPRUDENCIA DEL CONDUCTOR,EXCESO DE VELOCIDAD,17.0,0,2021.0,3.0,3.0,0,2,1,0,0.0,0.0,0.0,0.0,0,0,0.0,0.0,0,0,1,0.0,0.0,0
A-2021-03-43,2021-03-11,20:30,ATROPELLO,1,0,1,PUNO,EL COLLAO,ILAVE,RURAL,CARRETERA,PROVINCIAL,PU-1149,-16.0551,-69.6171,DESPEJADO,RURAL,TRAMO RECTO,PLANA ,ASFALTADA,,,,,IMPRUDENCIA DEL PEATÓN,ESTADO DE EBRIEDAD Y/O DROGADICCIÓN,20.0,0,2021.0,3.0,3.0,0,3,1,1,0.0,0.0,0.0,0.0,0,0,29.5,13.435028842544403,0,1,2,0.0,0.5,1
A-2021-03-77,2021-03-12,04:30,DESPISTE,1,8,1,CUSCO,CANCHIS,MARANGANI,RURAL,CARRETERA,PROVINCIAL,CU-1430,-14.3569,-71.1589,LLUVIOSO,RURAL,CURVA,INCLINADA,AFIRMADO,,,,,IMPRUDENCIA DEL CONDUCTOR,EXCESO DE PASAJEROS O CARGA,4.0,0,2021.0,3.0,4.0,0,0,1,1,0.0,1.0,1.0,2.0,1,0,55.111111111111114,18.421756461073713,0,1,10,0.0,0.1,1
A-2021-03-50,2021-03-12,06:30,CHOQUE,2,1,2,HUANUCO,LEONCIO PRADO,JOSE CRESPO Y CASTILLO,RURAL,CARRETERA,NACIONAL,PE-5N,-8.894713,-76.096844,NUBLADO,RURAL,TRAMO RECTO,PLANA ,ASFALTADA,,,,,IMPRUDENCIA DEL CONDUCTOR,EXCESO DE VELOCIDAD,6.0,1,2021.0,3.0,4.0,0,1,1,1,0.0,0.0,0.0,0.0,0,0,27.5,9.882644720249063,0,1,4,0.0,0.25,0
A-2021-03-48,2021-03-12,06:45,ATROPELLO,1,0,1,CUSCO,CUSCO,SAN SEBASTIAN,URBANA,AVENIDA,URBANO,NO CORRESPONDE,-13.531674,-71.916772,DESPEJADO,RESIDENCIAL,TRAMO RECTO,PLANA ,ASFALTADA,SI,PREVENTIVA (P),REGULADORA (R),NO,NEGLIGENCIA DEL CONDUCTOR,OTRO (NEGLIGENCIA DEL CONDUCTOR),6.0,0,2021.0,3.0,4.0,0,1,1,1,1.0,0.0,0.0,1.0,0,1,21.0,0.0,0,1,2,0.0,0.5,0
A-2021-03-180,2021-03-12,07:35,CHOQUE,1,23,2,LAMBAYEQUE,LAMBAYEQUE,OLMOS,RURAL,CARRETERA,NACIONAL,PE-1N,-6.3690787,-80.2055165,DESPEJADO,RURAL,OTRO,PLANA ,ASFALTADA,SI,REGULADORA (R),PREVENTIVA (P),NO,EN PROCESO DE INVESTIGACIÓN,NO CUENTA CON CAUSA ESPECIFICA,7.0,0,2021.0,3.0,4.0,0,1,1,0,0.0,0.0,0.0,0.0,0,1,32.875,8.74425277091983,0,2,24,0.0,0.083,0
A-2021-03-78,2021-03-12,08:00,ATROPELLO,1,0,0,PIURA,PIURA,CASTILLA,URBANA,CARRETERA,NACIONAL,PE-1NJ,-5.185041,-80.586141,DESPEJADO,RURAL,TRAMO RECTO,PLANA ,ASFALTADA,SI,PREVENTIVA (P),PREVENTIVA (P),NO,EN PROCESO DE INVESTIGACIÓN,NO CUENTA CON CAUSA ESPECIFICA,8.0,0,2021.0,3.0,4.0,0,1,1,0,0.0,0.0,0.0,0.0,0,1,35.5,47.37615433949868,0,1,2,0.0,0.5,0
A-2021-03-63,2021-03-12,10:00,CHOQUE,1,0,2,LA LIBERTAD,TRUJILLO,LAREDO,RURAL,CARRETERA,NACIONAL,PE-10A,-8.016867521254301,-78.83514398371496,DESPEJADO,RURAL,TRAMO RECTO,PLANA ,ASFALTADA,,,,,IMPRUDENCIA DEL CONDUCTOR,OTRO (IMPRUDENCIA DEL CONDUCTOR),10.0,0,2021.0,3.0,4.0,0,1,1,0,0.0,0.0,0.0,0.0,0,0,25.0,7.0710678118654755,0,1,2,0.0,0.5,0
A-2021-03-105,2021-03-12,13:00,VOLCADURA,1,0,1,CUSCO,ESPINAR,ESPINAR,URBANA,CALLE,URBANO,NO CORRESPONDE,-14.784459,-71.462374,DESPEJADO,RESIDENCIAL,TRAMO RECTO,PLANA ,AFIRMADO,,,,,IMPRUDENCIA DEL CONDUCTOR,CONDUCIR EN ESTADO DE EBRIEDAD Y/O DROGADICCIÓN,13.0,0,2021.0,3.0,4.0,0,2,1,1,2.0,0.0,1.0,3.0,0,0,28.0,0.0,0,0,1,0.0,0.0,0
A-2021-03-221,2021-03-12,16:00,ATROPELLO,1,0,1,LIMA,LIMA,PUEBLO LIBRE,URBANA,AVENIDA,URBANO,NO CORRESPONDE,-12.08142,-77.05889,DESPEJADO,INDUSTRIAL,TRAMO RECTO,PLANA ,ASFALTADA,,,,,EN PROCESO DE INVESTIGACIÓN,NO CUENTA CON CAUSA ESPECIFICA,16.0,0,2021.0,3.0,4.0,0,2,1,0,1.0,0.0,0.0,1.0,0,0,51.0,16.97056274847714,0,0,2,0.0,0.0,0