CODIGO_SINIESTRO,FECHA_SINIESTRO,HORA_SINIESTRO,CLASE_SINIESTRO,CANTIDAD_FALLECIDOS,CANTIDAD_LESIONADOS,CANTIDAD_VEHICULOS,DEPARTAMENTO,PROVINCIA,DISTRITO,ZONA,TIPO_VIA,RED_VIAL,COD_CARRETERA,LATITUD,LONGITUD,CONDICION_CLIMATICA,ZONIFICACION,CARACTERISTICAS_VIA,PERFIL_VIA,SUPERFICIE_CALZADA,EXISTE_SENIAL_VERTICAL,CLASIFICACION_SENIAL_VERTICAL_1,CLASIFICACION_SENIAL_VERTICAL_2,EXISTE_SENIAL_HORIZONTAL,CAUSA_FACTOR_PRINCIPAL,CAUSA_ESPECIFICA,HORA,severidad,ANIO,MES,DIA_SEMANA,FIN_SEMANA,FRANJA_HORARIA,TEMPORADA,MACROREGION,TIPO_VIA_SCORE,PERFIL_VIA_SCORE,SUPERFICIE_CALZADA_SCORE,RIESGO_INFRAESTRUCTURA,RIESGO_CLIMATICO,SENIALIZACION_DEFICIENTE,EDAD_PROMEDIO,EDAD_STD,TOTAL_ALCOHOL,TOTAL_LICENCIA,TOTAL_PERSONAS,PCT_ALCOHOL,PCT_LICENCIA,ES_NOCHE
A-2021-03-92,2021-03-12,18:30,CHOQUE FUGA,1,1,2,JUNIN,CHANCHAMAYO,SAN RAMON,URBANA,CARRETERA,NACIONAL,PE-22B,-11.126949689311978,-75.36334645316921,DESPEJADO,RURAL,TRAMO RECTO,INCLINADA,ASFALTADA,,,,,IMPRUDENCIA DEL CONDUCTOR,EXCESO DE VELOCIDAD,18.0,0,2021.0,3.0,4.0,0,3,1,1,0.0,1.0,0.0,1.0,0,0,32.0,10.801234497346433,1,1,4,0.25,0.25,1
A-2021-03-70,2021-03-12,19:00,DESPISTE,1,0,1,PIURA,SECHURA,VICE,RURAL,CARRETERA,NACIONAL,PE-1NK,-5.402755,-80.752317,DESPEJADO,RURAL,TRAMO RECTO,PLANA ,ASFALTADA,,,,,IMPRUDENCIA DEL CONDUCTOR,OTRO (IMPRUDENCIA DEL CONDUCTOR),19.0,0,2021.0,3.0,4.0,0,3,1,0,0.0,0.0,0.0,0.0,0,0,43.0,0.0,0,0,1,0.0,0.0,1
A-2021-03-67,2021-03-12,19:50,CHOQUE,1,0,2,AREQUIPA,AREQUIPA,YURA,URBANA,CARRETERA,NACIONAL,PE-34A,-16.278201,-71.658954,DESPEJADO,RURAL,TRAMO RECTO,INCLINADA,ASFALTADA,NO,,,SI,IMPRUDENCIA DEL CONDUCTOR,INVASIÓN DE CARRIL,19.0,0,2021.0,3.0,4.0,0,3,1,0,0.0,1.0,0.0,1.0,0,1,37.5,9.192388155425117,0,2,2,0.0,1.0,1
A-2021-03-282,2021-03-12,20:20,CHOQUE,1,1,1,PASCO,PASCO,VICCO,URBANA,CARRETERA,NACIONAL,PE-3N,-10.818273679466634,-76.20787658954369,LLUVIOSO,RURAL,TRAMO RECTO,PLANA ,ASFALTADA,,,,,EN PROCESO DE INVESTIGACIÓN,NO CUENTA CON CAUSA ESPECIFICA,20.0,0,2021.0,3.0,4.0,0,3,1,1,0.0,0.0,0.0,0.0,1,0,44.333333333333336,3.055050463303893,0,2,3,0.0,0.667,1
A-2021-03-76,2021-03-12,23:00,CHOQUE CON OBJETO FIJO,1,0,1,ICA,ICA,SANTIAGO,RURAL,CARRETERA,SIN CLASIFICAR,SIN CLASIFICAR,-14.25426,-75.692065,DESPEJADO,RURAL,TRAMO RECTO,PLANA ,ASFALTADA,,,,,IMPRUDENCIA DEL CONDUCTOR,OTRO (IMPRUDENCIA DEL CONDUCTOR),23.0,0,2021.0,3.0,4.0,0,3,1,0,0.0,0.0,0.0,0.0,0,0,33.0,0.0,0,0,1,0.0,0.0,1
A-2021-03-73,2021-03-13,00:10,ATROPELLO,1,0,1,AREQUIPA,AREQUIPA,CERRO COLORADO,URBANA,CARRETERA,NACIONAL,PE-34A,-16.3758069,-71.5751028,DESPEJADO,COMERCIAL,TRAMO RECTO,INCLINADA,ASFALTADA,NO,,,SI,IMPRUDENCIA DEL CONDUCTOR,OTRO (IMPRUDENCIA DEL CONDUCTOR),0.0,0,2021.0,3.0,5.0,1,0,1,0,0.0,1.0,0.0,1.0,0,1,28.5,0.7071067811865476,0,1,2,0.0,0.5,1
A-2021-03-274,2021-03-13,01:00,CHOQUE,2,8,2,HUANCAVELICA,HUAYTARA,PILPICHACA,RURAL,CARRETERA,NACIONAL,PE-28E,-13.353474,-74.954488,DESPEJADO,RURAL,TRAMO RECTO,PLANA ,ASFALTADA,,,,,IMPRUDENCIA DEL CONDUCTOR,OTRO (IMPRUDENCIA DEL CONDUCTOR),1.0,1,2021.0,3.0,5.0,1,0,1,1,0.0,0.0,0.0,0.0,0,0,30.4,11.147495981908525,0,0,10,0.0,0.0,1
A-2021-03-107,2021-03-13,03:00,DESPISTE,2,0,1,LIMA,HUAURA,HUACHO,RURAL,CARRETERA,NACIONAL,PE-1N,-11.248954826898862,-77.52969139879113,DESPEJADO,RURAL,TRAMO RECTO,PLANA ,ASFALTADA,SI,REGULADORA (R),,NO,EN PROCESO DE INVESTIGACIÓN,NO CUENTA CON CAUSA ESPECIFICA,3.0,1,2021.0,3.0,5.0,1,0,1,0,0.0,0.0,0.0,0.0,0,1,37.5,2.1213203435596424,0,1,2,0.0,0.5,1
A-2021-03-168,2021-03-13,08:29,ESPECIAL,1,0,0,SAN MARTIN,RIOJA,PARDO MIGUEL,URBANA,CARRETERA,NACIONAL,PE-5N,-5.746693705628321,-77.47625704613425,LLUVIOSO,RESIDENCIAL,TRAMO RECTO,PLANA ,ASFALTADA,,,,,IMPRUDENCIA DEL CONDUCTOR,CONDUCIR EN ESTADO DE EBRIEDAD Y/O DROGADICCIÓN,8.0,0,2021.0,3.0,5.0,1,1,1,2,0.0,0.0,0.0,0.0,1,0,36.0,0.0,0,0,1,0.0,0.0,0
A-2021-03-79,2021-03-13,15:40,ATROPELLO,1,0,1,SAN MARTIN,RIOJA,NUEVA CAJAMARCA,URBANA,CARRETERA,NACIONAL,PE-5N,-5.92532612047425,-77.31517099342778,DESPEJADO,COMERCIAL,TRAMO RECTO,PLANA ,ASFALTADA,,PREVENTIVA (P),PREVENTIVA (P),,IMPRUDENCIA DEL CONDUCTOR,OTRO (IMPRUDENCIA DEL CONDUCTOR),15.0,0,2021.0,3.0,5.0,1,2,1,2,0.0,0.0,0.0,0.0,0,0,40.5,28.991378028648448,1,0,2,0.5,0.0,0
A-2021-03-82,2021-03-13,16:50,CHOQUE,1,5,2,PIURA,MORROPON,CHULUCANAS,RURAL,CARRETERA,SIN CLASIFICAR,SIN CLASIFICAR,-5.00954765882599,-80.2211168608005,DESPEJADO,RURAL,CURVA,PLANA ,TROCHA,,,,,EN PROCESO DE INVESTIGACIÓN,NO CUENTA CON CAUSA ESPECIFICA,16.0,0,2021.0,3.0,5.0,1,2,1,0,0.0,0.0,2.0,2.0,0,0,27.666666666666668,20.98253241786288,0,0,6,0.0,0.0,0
A-2021-03-373,2021-03-13,20:20,ATROPELLO FUGA,1,0,0,ANCASH,SANTA,CHIMBOTE,RURAL,CARRETERA,DEPARTAMENTAL,AN-107,-9.033604854509422,-78.56125272044436,DESPEJADO,RURAL,TRAMO RECTO,PLANA ,ASFALTADA,,,,,EN PROCESO DE INVESTIGACIÓN,NO CUENTA CON CAUSA ESPECIFICA,20.0,0,2021.0,3.0,5.0,1,3,1,0,0.0,0.0,0.0,0.0,0,0,0.0,0.0,0,0,2,0.0,0.0,1
A-2021-03-320,2021-03-13,21:00,CHOQUE FUGA,1,0,1,LAMBAYEQUE,FERREÑAFE,FERREÑAFE,RURAL,CARRETERA,PROVINCIAL,LA-712,-6.678596,-79.781781,DESPEJADO,RURAL,OTRO,PLANA ,TROCHA,,,,,EN PROCESO DE INVESTIGACIÓN,NO CUENTA CON CAUSA ESPECIFICA,21.0,0,2021.0,3.0,5.0,1,3,1,0,0.0,0.0,2.0,2.0,0,0,41.0,0.0,0,0,2,0.0,0.0,1
A-2021-03-81,2021-03-13,23:30,ATROPELLO FUGA,1,1,1,AREQUIPA,AREQUIPA,CAYMA,URBANA,AVENIDA,URBANO,NO CORRESPONDE,-16.31881119565338,-71.52969234622411,DESPEJADO,RESIDENCIAL,CURVA,INCLINADA,ASFALTADA,,,,,IMPRUDENCIA DEL CONDUCTOR,EXCESO DE VELOCIDAD,23.0,0,2021.0,3.0,5.0,1,3,1,0,1.0,1.0,0.0,2.0,0,0,46.0,12.165525060596439,0,0,3,0.0,0.0,1
A-2021-03-346,2021-03-14,03:00,ATROPELLO FUGA,1,0,1,LIMA,LIMA,COMAS,URBANA,CARRETERA,NACIONAL,PE-1N,-11.946883,-77.070858,DESPEJADO,RESIDENCIAL,INTERSECCIÓN,PLANA ,ASFALTADA,,,,,EN PROCESO DE INVESTIGACIÓN,NO CUENTA CON CAUSA ESPECIFICA,3.0,0,2021.0,3.0,6.0,1,0,1,0,0.0,0.0,0.0,0.0,0,0,0.0,0.0,0,0,2,0.0,0.0,1
A-2021-03-75,2021-03-14,14:44,DESPISTE,1,0,1,AREQUIPA,CAYLLOMA,SAN ANTONIO DE CHUCA,RURAL,CARRETERA,NACIONAL,PE-34J,-15.663868,-71.05266,GRANIZADO,RURAL,TRAMO RECTO,PLANA ,ASFALTADA,NO,,,SI,IMPRUDENCIA DEL CONDUCTOR,EXCESO DE VELOCIDAD,14.0,0,2021.0,3.0,6.0,1,2,1,0,0.0,0.0,0.0,0.0,1,1,43.0,4.242640687119285,0,1,2,0.0,0.5,0
A-2021-03-265,2021-03-14,18:00,CHOQUE,1,0,2,JUNIN,CONCEPCION,MATAHUASI,RURAL,CARRETERA,NACIONAL,PE-3S,-11.894049,-75.341376,LLUVIOSO,RURAL,TÚNEL,PLANA ,ASFALTADA,SI,REGULADORA (R),PREVENTIVA (P),NO,EN PROCESO DE INVESTIGACIÓN,NO CUENTA CON CAUSA ESPECIFICA,18.0,0,2021.0,3.0,6.0,1,3,1,1,0.0,0.0,0.0,0.0,1,1,24.0,9.899494936611665,0,1,2,0.0,0.5,1
A-2021-03-140,2021-03-14,22:30,CHOQUE,1,0,2,LA LIBERTAD,ASCOPE,PAIJAN,RURAL,CARRETERA,PROVINCIAL,LI-616,-7.73735125059365,-79.30589344133942,DESPEJADO,RURAL,TRAMO RECTO,PLANA ,ASFALTADA,,,,,IMPRUDENCIA DEL CONDUCTOR,CONDUCIR EN ESTADO DE EBRIEDAD Y/O DROGADICCIÓN,22.0,0,2021.0,3.0,6.0,1,3,1,0,0.0,0.0,0.0,0.0,0,0,39.5,12.020815280171307,2,1,2,1.0,0.5,1
A-2021-03-296,2021-03-15,01:00,CHOQUE,1,4,2,AYACUCHO,LA MAR,AYNA,URBANA,CARRETERA,NACIONAL,PE-28B,-12.624625,-73.789154,DESPEJADO,RURAL,CURVA,PLANA ,TROCHA,NO,,,SI,NEGLIGENCIA DEL CONDUCTOR,OTRO (NEGLIGENCIA DEL CONDUCTOR),1.0,0,2021.0,3.0,0.0,0,0,1,1,0.0,0.0,2.0,2.0,0,1,26.666666666666668,19.490168461731333,0,1,6,0.0,0.167,1
A-2021-03-368,2021-03-15,05:00,DESPISTE,1,0,1,HUANUCO,HUANUCO,YACUS,RURAL,CARRETERA,DEPARTAMENTAL,HU-111,-9.97815888177728,-76.49972328540551,DESPEJADO,RURAL,CURVA,PLANA ,AFIRMADO,,,,,EN PROCESO DE INVESTIGACIÓN,NO CUENTA CON CAUSA ESPECIFICA,5.0,0,2021.0,3.0,0.0,0,0,1,1,0.0,0.0,1.0,1.0,0,0,42.0,0.0,0,0,2,0.0,0.0,1
A-2021-03-334,2021-03-15,07:00,DESPISTE,2,3,1,PIURA,HUANCABAMBA,HUARMACA,RURAL,CARRETERA,SIN CLASIFICAR,SIN CLASIFICAR,-5.61141,-79.611036,DESPEJADO,RURAL,CURVA,INCLINADA,AFIRMADO,,,,,EN PROCESO DE INVESTIGACIÓN,NO CUENTA CON CAUSA ESPECIFICA,7.0,1,2021.0,3.0,0.0,0,1,1,0,0.0,1.0,1.0,2.0,0,0,33.2,13.21741275741966,0,0,5,0.0,0.0,0
A-2021-03-110,2021-03-15,09:00,CHOQUE,1,1,2,LIMA,HUARAL,HUARAL,RURAL,CARRETERA,PROVINCIAL,LM-667,-11.379775056306409,-77.31190138795026,DESPEJADO,RURAL,TRAMO RECTO,PLANA ,ASFALTADA,,,,,IMPRUDENCIA DEL CONDUCTOR,INVASIÓN DE CARRIL,9.0,0,2021.0,3.0,0.0,0,1,1,0,0.0,0.0,0.0,0.0,0,0,30.0,24.020824298928627,0,1,3,0.0,0.333,0
A-2021-03-95,2021-03-15,10:20,ATROPELLO,1,1,1,CAJAMARCA,CAJAMARCA,LLACANORA,RURAL,CARRETERA,PROVINCIAL,CA-1495,-7.19258821260287,-78.4284867247807,DESPEJADO,RURAL,TRAMO RECTO,PLANA ,TROCHA,,,,,IMPRUDENCIA DEL PEATÓN,CRUCE INDEBIDO POR LA CALZADA,10.0,0,2021.0,3.0,0.0,0,1,1,1,0.0,0.0,2.0,2.0,0,0,42.5,31.81980515339464,0,1,2,0.0,0.5,0
A-2021-03-113,2021-03-15,12:20,ATROPELLO,1,0,1,PUNO,HUANCANE,TARACO,RURAL,CARRETERA,NACIONAL,PE-34H,-15.290999,-69.95277,DESPEJADO,RURAL,TRAMO RECTO,PLANA ,ASFALTADA,SI,REGULADORA (R),PREVENTIVA (P),SI,IMPRUDENCIA DEL CONDUCTOR,EXCESO DE VELOCIDAD,12.0,0,2021.0,3.0,0.0,0,2,1,1,0.0,0.0,0.0,0.0,0,0,19.5,17.67766952966369,0,1,2,0.0,0.5,0
A-2021-03-262,2021-03-15,17:20,ATROPELLO,1,0,0,JUNIN,CHUPACA,CHUPACA,RURAL,JIRÓN,URBANO,NO CORRESPONDE,-12.0884911,-75.286090516,DESPEJADO,RURAL,TRAMO RECTO,PLANA ,TROCHA,,,,,EN PROCESO DE INVESTIGACIÓN,NO CUENTA CON CAUSA ESPECIFICA,17.0,0,2021.0,3.0,0.0,0,2,1,1,1.0,0.0,2.0,3.0,0,0,26.5,34.64823227814083,0,1,2,0.0,0.5,0
A-2021-03-145,2021-03-16,08:00,ATROPELLO,1,0,1,ANCASH,CARHUAZ,ANTA,RURAL,CARRETERA,PROVINCIAL,AN-1106,-9.356615206019528,-77.59713007455545,DESPEJADO,RURAL,CURVA,INCLINADA,CONCRETO,,,,,IMPRUDENCIA DEL CONDUCTOR,EXCESO DE VELOCIDAD,8.0,0,2021.0,3.0,1.0,0,1,1,0,0.0,1.0,0.0,1.0,0,0,17.0,0.0,0,0,2,0.0,0.0,0
A-2021-03-147,2021-03-16,14:30,DESPISTE,1,6,1,ANCASH,HUARI,CAJAY,RURAL,CARRETERA,PROVINCIAL,AN-654,-9.291594640542083,-77.06817394987873,SOLEADO,RURAL,CURVA,INCLINADA,TROCHA,,,,,IMPRUDENCIA DEL CONDUCTOR,FATIGA Y/O CANSANCIO,14.0,0,2021.0,3.0,1.0,0,2,1,0,0.0,1.0,2.0,3.0,0,0,43.166666666666664,5.076087732365022,0,1,7,0.0,0.143,0
A-2021-03-228,2021-03-16,16:00,ATROPELLO FUGA,1,0,1,LIMA,LIMA,INDEPENDENCIA,URBANA,AVENIDA,URBANO,NO CORRESPONDE,-12.00466,-77.06125,DESPEJADO,INDUSTRIAL,TRAMO RECTO,PLANA ,ASFALTADA,,,,,EN PROCESO DE INVESTIGACIÓN,NO CUENTA CON CAUSA ESPECIFICA,16.0,0,2021.0,3.0,1.0,0,2,1,0,1.0,0.0,0.0,1.0,0,0,0.0,0.0,0,0,2,0.0,0.0,0
A-2021-03-311,2021-03-16,17:30,ATROPELLO,1,1,1,CALLAO,CALLAO,CALLAO,URBANA,AVENIDA,URBANO,NO CORRESPONDE,-12.0474209170896,-77.08599033016722,DESPEJADO,COMERCIAL,TRAMO RECTO,PLANA ,CONCRETO,,,,,IMPRUDENCIA DEL PEATÓN,CRUCE INDEBIDO POR LA CALZADA,17.0,0,2021.0,3.0,1.0,0,2,1,0,1.0,0.0,0.0,1.0,0,0,60.0,33.94112549695428,0,1,2,0.0,0.5,0
A-2021-03-142,2021-03-16,17:45,ATROPELLO,1,0,1,LA LIBERTAD,CHEPEN,PACANGA,RURAL,CARRETERA,NACIONAL,PE-1N,-7.151852,-79.449101,DESPEJADO,RURAL,TRAMO RECTO,PLANA ,ASFALTADA,,,,,EN PROCESO DE INVESTIGACIÓN,NO CUENTA CON CAUSA ESPECIFICA,17.0,0,2021.0,3.0,1.0,0,2,1,0,0.0,0.0,0.0,0.0,0,0,33.0,19.79898987322333,0,1,2,0.0,0.5,0
A-2021-03-116,2021-03-17,03:00,CHOQUE,1,1,2,CUSCO,ANTA,LIMATAMBO,RURAL,CARRETERA,NACIONAL,PE-3S,-13.454315,-72.411212,LLUVIOSO,RURAL,CURVA,INCLINADA,ASFALTADA,SI,PREVENTIVA (P),PREVENTIVA (P),SI,INFRAESTRUCTURA Y ENTORNO VIAL,FACTOR AMBIENTAL,3.0,0,2021.0,3.0,2.0,0,0,1,1,0.0,1.0,0.0,1.0,1,0,33.0,11.357816691600547,0,2,3,0.0,0.667,1
A-2021-03-98,2021-03-17,03:40,ATROPELLO FUGA,1,0,0,AREQUIPA,AREQUIPA,LA JOYA,URBANA,JIRÓN,URBANO,NO CORRESPONDE,-16.496078,-71.836013,DESPEJADO,RESIDENCIAL,TRAMO RECTO,INCLINADA,ASFALTADA,,,,,IMPRUDENCIA DEL CONDUCTOR,OTRO (IMPRUDENCIA DEL CONDUCTOR),3.0,0,2021.0,3.0,2.0,0,0,1,0,1.0,1.0,0.0,2.0,0,0,0.0,0.0,0,0,2,0.0,0.0,1
A-2021-03-108,2021-03-17,06:00,CHOQUE,1,3,2,TACNA,TACNA,TACNA,RURAL,CARRETERA,NACIONAL,PE-1S,-17.975617,-70.2867008,DESPEJADO,RURAL,INTERSECCIÓN,INCLINADA,ASFALTADA,SI,REGULADORA (R),PREVENTIVA (P),SI,IMPRUDENCIA DEL CONDUCTOR,DESACATO DE SEÑAL DE TRÁNSITO,6.0,0,2021.0,3.0,2.0,0,1,1,0,0.0,1.0,0.0,1.0,0,0,36.8,12.070625501605125,0,1,5,0.0,0.2,0
A-2021-03-230,2021-03-17,10:30,ATROPELLO,1,0,1,LIMA,LIMA,SAN MARTIN DE PORRES,URBANA,AVENIDA,URBANO,NO CORRESPONDE,-12.03756,-77.04597,SOLEADO,INDUSTRIAL,TRAMO RECTO,PLANA ,ASFALTADA,,,,,IMPRUDENCIA DEL PEATÓN,OTRO (IMPRUDENCIA DEL PEATÓN),10.0,0,2021.0,3.0,2.0,0,1,1,0,1.0,0.0,0.0,1.0,0,0,60.0,28.284271247461902,0,0,2,0.0,0.0,0
A-2021-03-233,2021-03-17,17:00,VOLCADURA,1,0,1,LIMA,LIMA,PUNTA NEGRA,URBANA,AVENIDA,URBANO,NO CORRESPONDE,-12.38028,-76.78787,DESPEJADO,INDUSTRIAL,TRAMO RECTO,PLANA ,ASFALTADA,,,,,EN PROCESO DE INVESTIGACIÓN,NO CUENTA CON CAUSA ESPECIFICA,17.0,0,2021.0,3.0,2.0,0,2,1,0,1.0,0.0,0.0,1.0,0,0,62.0,0.0,0,0,1,0.0,0.0,0
A-2021-03-104,2021-03-18,03:26,CHOQUE,1,2,0,MADRE DE DIOS,TAMBOPATA,INAMBARI,URBANA,CARRETERA,NACIONAL,PE-30C,-12.883538,-70.026828,,,,,,,,,,EN PROCESO DE INVESTIGACIÓN,NO CUENTA CON CAUSA ESPECIFICA,3.0,0,2021.0,3.0,3.0,0,0,1,2,0.0,1.0,1.0,2.0,0,0,32.25,4.924428900898054,0,1,5,0.0,0.2,1
A-2021-03-109,2021-03-18,09:40,ATROPELLO,1,0,0,CUSCO,CUSCO,SAN SEBASTIAN,URBANA,CALLE,URBANO,NO CORRESPONDE,-13.526312,-71.929567,SOLEADO,RESIDENCIAL,TRAMO RECTO,INCLINADA,AFIRMADO,,,,,IMPRUDENCIA DEL CONDUCTOR,OTRO (IMPRUDENCIA DEL CONDUCTOR),9.0,0,2021.0,3.0,3.0,0,1,1,1,2.0,1.0,1.0,4.0,0,0,56.5,44.54772721475249,0,1,2,0.0,0.5,0
A-2021-03-111,2021-03-18,12:30,DESPISTE,1,1,1,ICA,PALPA,SANTA CRUZ,RURAL,CARRETERA,NACIONAL,PE-1S,-14.495542593746388,-75.28891236341828,DESPEJADO,RURAL,TRAMO RECTO,PLANA ,ASFALTADA,NO,,,SI,EN PROCESO DE INVESTIGACIÓN,NO CUENTA CON CAUSA ESPECIFICA,12.0,0,2021.0,3.0,3.0,0,2,1,0,0.0,0.0,0.0,0.0,0,1,24.5,2.1213203435596424,0,1,2,0.0,0.5,0
A-2021-03-155,2021-03-18,13:30,DESPISTE,1,0,1,CAJAMARCA,CUTERVO,PIMPINGOS,RURAL,CARRETERA,PROVINCIAL,CA-774,-6.03268818,-78.76084474,DESPEJADO,RURAL,CURVA,INCLINADA,AFIRMADO,,,,,IMPRUDENCIA DEL CONDUCTOR,EXCESO DE VELOCIDAD,13.0,0,2021.0,3.0,3.0,0,2,1,1,0.0,1.0,1.0,2.0,0,0,47.0,0.0,0,0,1,0.0,0.0,0
A-2021-03-369,2021-03-18,17:50,DESPISTE,1,0,1,HUANUCO,AMBO,AMBO,RURAL,CARRETERA,SIN CLASIFICAR,SIN CLASIFICAR,-10.138769,-76.222358,DESPEJADO,RURAL,CURVA,INCLINADA,AFIRMADO,,,,,IMPRUDENCIA DEL CONDUCTOR,EXCESO DE VELOCIDAD,17.0,0,2021.0,3.0,3.0,0,2,1,1,0.0,1.0,1.0,2.0,0,0,29.0,1.4142135623730951,1,0,2,0.5,0.0,0
A-2021-03-347,2021-03-18,23:20,ATROPELLO FUGA,1,0,1,LIMA,CAÑETE,CHILCA,URBANA,CARRETERA,NACIONAL,PE-1S,-12.47704286581339,-76.74824147897822,DESPEJADO,INDUSTRIAL,TRAMO RECTO,PLANA ,ASFALTADA,,,,,EN PROCESO DE INVESTIGACIÓN,NO CUENTA CON CAUSA ESPECIFICA,23.0,0,2021.0,3.0,3.0,0,3,1,0,0.0,0.0,0.0,0.0,0,0,29.0,0.0,0,0,2,0.0,0.0,1
A-2021-03-134,2021-03-19,02:40,CHOQUE,1,0,2,CUSCO,CUSCO,SAYLLA,URBANA,CARRETERA,NACIONAL,PE-3S,-13.566591,-71.833875,DESPEJADO,RESIDENCIAL,TRAMO RECTO,PLANA ,ASFALTADA,,,,,IMPRUDENCIA DEL CONDUCTOR,CONDUCIR EN ESTADO DE EBRIEDAD Y/O DROGADICCIÓN,2.0,0,2021.0,3.0,4.0,0,0,1,1,0.0,0.0,0.0,0.0,0,0,29.0,5.656854249492381,0,2,2,0.0,1.0,1
A-2021-03-236,2021-03-19,08:40,DESPISTE,1,0,1,LIMA,LIMA,SANTIAGO DE SURCO,URBANA,AVENIDA,URBANO,NO CORRESPONDE,-12.13744,-77.01514,DESPEJADO,INDUSTRIAL,TRAMO RECTO,PLANA ,ASFALTADA,,,,,IMPRUDENCIA DEL CONDUCTOR,EXCESO DE VELOCIDAD,8.0,0,2021.0,3.0,4.0,0,1,1,0,1.0,0.0,0.0,1.0,0,0,35.0,0.0,0,0,1,0.0,0.0,0
A-2021-03-307,2021-03-19,09:00,CHOQUE,1,0,2,PIURA,PIURA,TAMBO GRANDE,RURAL,CARRETERA,NACIONAL,PE-1NL,-4.930936712113596,-80.5380034003376,DESPEJADO,RURAL,TRAMO RECTO,PLANA ,ASFALTADA,SI,REGULADORA (R),,SI,EN PROCESO DE INVESTIGACIÓN,NO CUENTA CON CAUSA ESPECIFICA,9.0,0,2021.0,3.0,4.0,0,1,1,0,0.0,0.0,0.0,0.0,0,0,33.0,11.313708498984761,0,1,2,0.0,0.5,0
A-2021-03-187,2021-03-19,09:30,DESPISTE,1,1,1,PUNO,LAMPA,SANTA LUCIA,RURAL,CARRETERA,NACIONAL,PE-34A,-15.68907120928058,-70.81193843738657,DESPEJADO,RURAL,CURVA,INCLINADA,ASFALTADA,SI,PREVENTIVA (P),REGULADORA (R),SI,IMPRUDENCIA DEL CONDUCTOR,EXCESO DE VELOCIDAD,9.0,0,2021.0,3.0,4.0,0,1,1,1,0.0,1.0,0.0,1.0,0,0,60.0,1.4142135623730951,0,1,2,0.0,0.5,0
A-2021-03-143,2021-03-19,11:50,CHOQUE,1,0,2,LA LIBERTAD,PACASMAYO,SAN PEDRO DE LLOC,URBANA,CARRETERA,NACIONAL,PE-1N,-7.434928,-79.501621,DESPEJADO,RURAL,TRAMO RECTO,PLANA ,ASFALTADA,,,,,IMPRUDENCIA DEL CONDUCTOR,OTRO (IMPRUDENCIA DEL CONDUCTOR),11.0,0,2021.0,3.0,4.0,0,1,1,0,0.0,0.0,0.0,0.0,0,0,21.5,2.1213203435596424,0,0,2,0.0,0.0,0
A-2021-03-167,2021-03-19,14:30,DESPISTE,4,2,1,CUSCO,LA CONVENCION,ECHARATE,RURAL,CARRETERA,NACIONAL,PE-28B,-12.6442572040192,-72.9332272616422,NUBLADO,RURAL,CURVA,INCLINADA,TROCHA,,,,,INFRAESTRUCTURA Y ENTORNO VIAL,FACTOR AMBIENTAL,14.0,2,2021.0,3.0,4.0,0,2,1,1,0.0,1.0,2.0,3.0,0,0,51.0,12.12435565298214,0,1,7,0.0,0.143,0
A-2021-03-242,2021-03-19,15:10,DESPISTE,2,0,1,LIMA,OYON,OYON,URBANA,CARRETERA,NACIONAL,PE-18,-10.67120414605662,-76.76976285249098,DESPEJADO,RURAL,CURVA,INCLINADA,ASFALTADA,SI,PREVENTIVA (P),,NO,EN PROCESO DE INVESTIGACIÓN,NO CUENTA CON CAUSA ESPECIFICA,15.0,1,2021.0,3.0,4.0,0,2,1,0,0.0,1.0,0.0,1.0,0,1,21.0,1.4142135623730951,0,1,2,0.0,0.5,0
A-2021-03-148,2021-03-19,18:00,DESPISTE,1,0,1,LA LIBERTAD,TRUJILLO,HUANCHACO,URBANA,CARRETERA,DEPARTAMENTAL,LI-104,-8.0959207,-79.1139278,DESPEJADO,RURAL,TRAMO RECTO,PLANA ,ASFALTADA,,,,,IMPRUDENCIA DEL CONDUCTOR,EXCESO DE VELOCIDAD,18.0,0,2021.0,3.0,4.0,0,3,1,0,0.0,0.0,0.0,0.0,0,0,35.0,0.0,0,0,1,0.0,0.0,1
A-2021-03-135,2021-03-19,20:20,CHOQUE,1,3,2,AREQUIPA,AREQUIPA,UCHUMAYO,RURAL,CARRETERA,DEPARTAMENTAL,AR-115,-16.5407845,-71.6995849,DESPEJADO,RURAL,TRAMO RECTO,PLANA ,ASFALTADA,SI,INFORMATIVA (I),INFORMATIVA (I),SI,IMPRUDENCIA DEL CONDUCTOR,INVASIÓN DE CARRIL,20.0,0,2021.0,3.0,4.0,0,3,1,0,0.0,0.0,0.0,0.0,0,0,30.25,13.696106502701173,0,2,4,0.0,0.5,1
A-2021-03-131,2021-03-19,21:30,CHOQUE,1,0,2,PUNO,EL COLLAO,ILAVE,RURAL,CARRETERA,PROVINCIAL,PU-1211,-16.148,-69.622,DESPEJADO,RURAL,TRAMO RECTO,PLANA ,ASFALTADA,,,,,NEGLIGENCIA DEL CONDUCTOR,CONDUCIR CON FALLAS ELÉCTRICAS,21.0,0,2021.0,3.0,4.0,0,3,1,1,0.0,0.0,0.0,0.0,0,0,63.0,4.242640687119285,0,0,2,0.0,0.0,1
A-2021-03-348,2021-03-20,06:15,DESPISTE,1,3,1,JUNIN,HUANCAYO,SICAYA,RURAL,CARRETERA,PROVINCIAL,JU-848,-12.047251,-75.303147,DESPEJADO,RURAL,CURVA,PLANA ,ASFALTADA,,,,,IMPRUDENCIA DEL CONDUCTOR,EXCESO DE VELOCIDAD,6.0,0,2021.0,3.0,5.0,1,1,1,1,0.0,0.0,0.0,0.0,0,0,21.0,17.568911937472585,0,1,5,0.0,0.2,0