CODIGO_SINIESTRO,FECHA_SINIESTRO,HORA_SINIESTRO,CLASE_SINIESTRO,CANTIDAD_FALLECIDOS,CANTIDAD_LESIONADOS,CANTIDAD_VEHICULOS,DEPARTAMENTO,PROVINCIA,DISTRITO,ZONA,TIPO_VIA,RED_VIAL,COD_CARRETERA,LATITUD,LONGITUD,CONDICION_CLIMATICA,ZONIFICACION,CARACTERISTICAS_VIA,PERFIL_VIA,SUPERFICIE_CALZADA,EXISTE_SENIAL_VERTICAL,CLASIFICACION_SENIAL_VERTICAL_1,CLASIFICACION_SENIAL_VERTICAL_2,EXISTE_SENIAL_HORIZONTAL,CAUSA_FACTOR_PRINCIPAL,CAUSA_ESPECIFICA,HORA,severidad,ANIO,MES,DIA_SEMANA,FIN_SEMANA,FRANJA_HORARIA,TEMPORADA,MACROREGION,TIPO_VIA_SCORE,PERFIL_VIA_SCORE,SUPERFICIE_CALZADA_SCORE,RIESGO_INFRAESTRUCTURA,RIESGO_CLIMATICO,SENIALIZACION_DEFICIENTE,EDAD_PROMEDIO,EDAD_STD,TOTAL_ALCOHOL,TOTAL_LICENCIA,TOTAL_PERSONAS,PCT_ALCOHOL,PCT_LICENCIA,ES_NOCHE
A-2021-03-216,2021-03-20,06:45,DESPISTE,1,3,1,LA LIBERTAD,VIRU,GUADALUPITO,RURAL,CARRETERA,NACIONAL,PE-1N,-8.964107,-78.624423,DESPEJADO,RURAL,TRAMO RECTO,PLANA ,ASFALTADA,,,,,EN PROCESO DE INVESTIGACIÓN,NO CUENTA CON CAUSA ESPECIFICA,6.0,0,2021.0,3.0,5.0,1,1,1,0,0.0,0.0,0.0,0.0,0,0,26.75,16.00781059358212,0,1,4,0.0,0.25,0
A-2021-03-237,2021-03-20,07:00,ATROPELLO,1,0,1,LIMA,LIMA,SAN MARTIN DE PORRES,URBANA,AVENIDA,URBANO,NO CORRESPONDE,-12.00624,-77.0827,DESPEJADO,INDUSTRIAL,TRAMO RECTO,PLANA ,ASFALTADA,,,,,IMPRUDENCIA DEL CONDUCTOR,OTRO (IMPRUDENCIA DEL CONDUCTOR),7.0,0,2021.0,3.0,5.0,1,1,1,0,1.0,0.0,0.0,1.0,0,0,57.0,24.041630560342615,0,0,2,0.0,0.0,0
A-2021-03-245,2021-03-20,09:30,ATROPELLO FUGA,1,0,0,LIMA,HUAURA,HUACHO,URBANA,CARRETERA,NACIONAL,PE-1N,-11.120528053750226,-77.59414475468402,DESPEJADO,RURAL,TRAMO RECTO,PLANA ,ASFALTADA,,,,,EN PROCESO DE INVESTIGACIÓN,NO CUENTA CON CAUSA ESPECIFICA,9.0,0,2021.0,3.0,5.0,1,1,1,0,0.0,0.0,0.0,0.0,0,0,60.0,0.0,0,0,2,0.0,0.0,0
A-2021-03-247,2021-03-20,11:20,CHOQUE,2,2,2,LIMA,BARRANCA,PARAMONGA,RURAL,CARRETERA,NACIONAL,PE-1N,-10.65249977216015,-77.84463793068983,DESPEJADO,RURAL,TRAMO RECTO,PLANA ,ASFALTADA,SI,REGULADORA (R),,NO,IMPRUDENCIA DEL CONDUCTOR,FATIGA Y/O CANSANCIO,11.0,1,2021.0,3.0,5.0,1,1,1,0,0.0,0.0,0.0,0.0,0,1,37.0,18.479718612576328,0,2,5,0.0,0.4,0
A-2021-03-377,2021-03-20,11:40,VOLCADURA,1,0,0,SAN MARTIN,PICOTA,PICOTA,URBANA,JIRÓN,URBANO,NO CORRESPONDE,-6.924153,-76.329368,SOLEADO,COMERCIAL,TRAMO RECTO,PLANA ,ASFALTADA,NO,,,SI,IMPERICIA DEL CONDUCTOR,,11.0,0,2021.0,3.0,5.0,1,1,1,2,1.0,0.0,0.0,1.0,0,1,49.0,0.0,0,0,1,0.0,0.0,0
A-2021-03-370,2021-03-20,13:33,ATROPELLO,1,0,1,HUANUCO,AMBO,CONCHAMARCA,RURAL,CARRETERA,NACIONAL,PE-3N,-10.058429,-76.222235,DESPEJADO,RURAL,TRAMO RECTO,INCLINADA,ASFALTADA,,,,,EN PROCESO DE INVESTIGACIÓN,NO CUENTA CON CAUSA ESPECIFICA,13.0,0,2021.0,3.0,5.0,1,2,1,1,0.0,1.0,0.0,1.0,0,0,53.0,19.79898987322333,0,0,2,0.0,0.0,0
A-2021-03-238,2021-03-20,14:10,CHOQUE,1,0,1,LIMA,LIMA,EL AGUSTINO,URBANA,CARRETERA,NACIONAL,PE-1N,-12.0427,-76.98674,DESPEJADO,RURAL,INTERSECCIÓN,PLANA ,ASFALTADA,,,,,IMPRUDENCIA DEL CONDUCTOR,CONDUCIR EN ESTADO DE EBRIEDAD Y/O DROGADICCIÓN,14.0,0,2021.0,3.0,5.0,1,2,1,0,0.0,0.0,0.0,0.0,0,0,43.0,0.0,0,0,2,0.0,0.0,0
A-2021-03-136,2021-03-20,16:30,CHOQUE,1,1,2,AREQUIPA,AREQUIPA,YURA,RURAL,CARRETERA,NACIONAL,PE-34A,-16.0735194,-71.4758204,DESPEJADO,RURAL,TRAMO RECTO,PLANA ,ASFALTADA,,,,,IMPRUDENCIA DEL CONDUCTOR,INVASIÓN DE CARRIL,16.0,0,2021.0,3.0,5.0,1,2,1,0,0.0,0.0,0.0,0.0,0,0,32.333333333333336,15.044378795195676,0,2,3,0.0,0.667,0
A-2021-03-188,2021-03-20,18:00,CHOQUE,1,1,2,PUNO,AZANGARO,SANTIAGO DE PUPUJA,RURAL,CARRETERA,DEPARTAMENTAL,PU-117,-15.05,-70.24757,NUBLADO,RURAL,CURVA,PLANA ,TROCHA,,,,,IMPRUDENCIA DEL CONDUCTOR,OTRO (IMPRUDENCIA DEL CONDUCTOR),18.0,0,2021.0,3.0,5.0,1,3,1,1,0.0,0.0,2.0,2.0,0,0,36.0,8.48528137423857,0,2,2,0.0,1.0,1
A-2021-03-179,2021-03-20,19:30,CHOQUE,1,0,2,LAMBAYEQUE,LAMBAYEQUE,LAMBAYEQUE,RURAL,CARRETERA,NACIONAL,PE-1N,-6.661266789375377,-79.9278410687739,DESPEJADO,RURAL,TRAMO RECTO,PLANA ,ASFALTADA,SI,REGULADORA (R),PREVENTIVA (P),SI,IMPRUDENCIA DEL CONDUCTOR,INVASIÓN DE CARRIL,19.0,0,2021.0,3.0,5.0,1,3,1,0,0.0,0.0,0.0,0.0,0,0,39.5,7.7781745930520225,0,1,2,0.0,0.5,1
A-2021-03-173,2021-03-20,19:45,CAÍDA DE PASAJERO,1,0,1,JUNIN,SATIPO,RIO NEGRO,RURAL,CARRETERA,NACIONAL,PE-5S,-11.205682145657612,-74.66242047948204,DESPEJADO,RURAL,TRAMO RECTO,PLANA ,ASFALTADA,,,,,EN PROCESO DE INVESTIGACIÓN,NO CUENTA CON CAUSA ESPECIFICA,19.0,0,2021.0,3.0,5.0,1,3,1,1,0.0,0.0,0.0,0.0,0,0,35.0,14.142135623730951,0,1,2,0.0,0.5,1
A-2021-03-146,2021-03-20,20:00,CHOQUE FUGA,1,0,1,PUNO,MELGAR,NUÑOA,RURAL,CARRETERA,PROVINCIAL,PU-665,-14.471582977069756,-70.63235122851832,NUBLADO,RURAL,TRAMO RECTO,PLANA ,TROCHA,,,,,IMPRUDENCIA DEL CONDUCTOR,EXCESO DE VELOCIDAD,20.0,0,2021.0,3.0,5.0,1,3,1,1,0.0,0.0,2.0,2.0,0,0,22.0,0.0,0,0,2,0.0,0.0,1
A-2021-03-213,2021-03-20,20:30,CHOQUE,1,0,2,LA LIBERTAD,PACASMAYO,SAN JOSE,RURAL,CARRETERA,NACIONAL,PE-1N,-7.336833,-79.495344,DESPEJADO,RURAL,TRAMO RECTO,PLANA ,ASFALTADA,,,,,EN PROCESO DE INVESTIGACIÓN,NO CUENTA CON CAUSA ESPECIFICA,20.0,0,2021.0,3.0,5.0,1,3,1,0,0.0,0.0,0.0,0.0,0,0,31.5,4.949747468305833,0,1,2,0.0,0.5,1
A-2021-03-177,2021-03-20,23:40,DESPISTE,1,0,1,CAJAMARCA,SAN MARCOS,PEDRO GALVEZ,URBANA,CARRETERA,NACIONAL,PE-3N,-7.32351431,-78.17276079,DESPEJADO,COMERCIAL,CURVA,INCLINADA,ASFALTADA,SI,PREVENTIVA (P),REGULADORA (R),SI,IMPRUDENCIA DEL CONDUCTOR,EXCESO DE VELOCIDAD,23.0,0,2021.0,3.0,5.0,1,3,1,1,0.0,1.0,0.0,1.0,0,0,19.0,0.0,0,0,1,0.0,0.0,1
A-2021-03-164,2021-03-21,10:40,CHOQUE,1,4,2,CAJAMARCA,CONTUMAZA,YONAN,RURAL,CARRETERA,NACIONAL,PE-08,-7.222726156837997,-79.20615785520997,DESPEJADO,RURAL,CURVA,PLANA ,AFIRMADO,SI,PREVENTIVA (P),,SI,IMPRUDENCIA DEL CONDUCTOR,INVASIÓN DE CARRIL,10.0,0,2021.0,3.0,6.0,1,1,1,1,0.0,0.0,1.0,1.0,0,0,36.333333333333336,16.451950239004088,0,2,6,0.0,0.333,0
A-2021-03-166,2021-03-21,11:50,CHOQUE,1,0,2,JUNIN,SATIPO,RIO NEGRO,RURAL,CARRETERA,NACIONAL,PE-5S,-11.103631107497216,-74.69443274237562,DESPEJADO,RURAL,TRAMO RECTO,INCLINADA,ASFALTADA,,,,,EN PROCESO DE INVESTIGACIÓN,NO CUENTA CON CAUSA ESPECIFICA,11.0,0,2021.0,3.0,6.0,1,1,1,1,0.0,1.0,0.0,1.0,0,0,39.333333333333336,15.947831618540913,0,1,3,0.0,0.333,0
A-2021-03-326,2021-03-21,12:30,DESPISTE,1,0,0,LIMA,LIMA,INDEPENDENCIA,URBANA,PASAJE,URBANO,NO CORRESPONDE,-11.999400281006354,-77.0437503319536,DESPEJADO,INDUSTRIAL,TRAMO RECTO,PLANA ,ASFALTADA,,,,,EN PROCESO DE INVESTIGACIÓN,NO CUENTA CON CAUSA ESPECIFICA,12.0,0,2021.0,3.0,6.0,1,2,1,0,1.0,0.0,0.0,1.0,0,0,59.0,0.0,0,0,2,0.0,0.0,0
A-2021-03-303,2021-03-21,14:55,CHOQUE FUGA,1,0,2,CAJAMARCA,JAEN,JAEN,URBANA,CARRETERA,NACIONAL,PE-5N,-5.696099,-78.806165,SOLEADO,COMERCIAL,CURVA,INCLINADA,ASFALTADA,,,,,EN PROCESO DE INVESTIGACIÓN,NO CUENTA CON CAUSA ESPECIFICA,14.0,0,2021.0,3.0,6.0,1,2,1,1,0.0,1.0,0.0,1.0,0,0,18.0,0.0,0,0,2,0.0,0.0,0
A-2021-03-169,2021-03-21,18:45,CHOQUE,1,1,2,SAN MARTIN,RIOJA,RIOJA,RURAL,CARRETERA,DEPARTAMENTAL,SM-114,-6.044007,-77.171703,DESPEJADO,RESIDENCIAL,CURVA,PLANA ,ASFALTADA,,,,,IMPRUDENCIA DEL CONDUCTOR,CONDUCIR EN ESTADO DE EBRIEDAD Y/O DROGADICCIÓN,18.0,0,2021.0,3.0,6.0,1,3,1,2,0.0,0.0,0.0,0.0,0,0,35.0,15.620499351813308,0,1,3,0.0,0.333,1
A-2021-03-375,2021-03-21,19:30,CHOQUE,1,0,2,ANCASH,CASMA,YAUTAN,RURAL,CARRETERA,NACIONAL,PE-14,-9.51666637187945,-77.98920716539112,DESPEJADO,RURAL,TRAMO RECTO,PLANA ,ASFALTADA,,,,,EN PROCESO DE INVESTIGACIÓN,NO CUENTA CON CAUSA ESPECIFICA,19.0,0,2021.0,3.0,6.0,1,3,1,0,0.0,0.0,0.0,0.0,0,0,38.5,26.16295090390226,0,1,2,0.0,0.5,1
A-2021-03-259,2021-03-21,19:45,CHOQUE,1,1,2,PUNO,HUANCANE,TARACO,URBANA,CARRETERA,NACIONAL,PE-34H,-15.2710254,-69.895208,NUBLADO,RURAL,TRAMO RECTO,PLANA ,ASFALTADA,SI,REGULADORA (R),PREVENTIVA (P),SI,IMPRUDENCIA DEL CONDUCTOR,CONDUCIR EN ESTADO DE EBRIEDAD Y/O DROGADICCIÓN,19.0,0,2021.0,3.0,6.0,1,3,1,1,0.0,0.0,0.0,0.0,0,0,41.666666666666664,5.131601439446884,0,2,3,0.0,0.667,1
A-2021-03-240,2021-03-21,20:00,ATROPELLO,1,0,1,LIMA,LIMA,SAN MARTIN DE PORRES,URBANA,AVENIDA,URBANO,NO CORRESPONDE,-12.00193,-77.087,DESPEJADO,INDUSTRIAL,TRAMO RECTO,PLANA ,ASFALTADA,,,,,IMPRUDENCIA DEL CONDUCTOR,EXCESO DE VELOCIDAD,20.0,0,2021.0,3.0,6.0,1,3,1,0,1.0,0.0,0.0,1.0,0,0,60.0,0.0,0,0,2,0.0,0.0,1
A-2021-03-182,2021-03-21,21:00,ATROPELLO FUGA,1,0,0,AREQUIPA,CAMANA,OCOÑA,URBANA,CARRETERA,NACIONAL,PE-1S,-16.438828,-73.103706,DESPEJADO,RESIDENCIAL,TRAMO RECTO,PLANA ,ASFALTADA,SI,INFORMATIVA (I),,SI,IMPRUDENCIA DEL PEATÓN,OTRO (IMPRUDENCIA DEL PEATÓN),21.0,0,2021.0,3.0,6.0,1,3,1,0,0.0,0.0,0.0,0.0,0,0,66.0,0.0,0,0,1,0.0,0.0,1
A-2021-03-217,2021-03-21,22:00,CHOQUE,1,0,2,LA LIBERTAD,PACASMAYO,GUADALUPE,RURAL,CARRETERA,NACIONAL,PE-1N,-7.255380444143223,-79.4904159816797,DESPEJADO,RURAL,CURVA,INCLINADA,ASFALTADA,,,,,IMPRUDENCIA DEL CONDUCTOR,CONDUCIR EN ESTADO DE EBRIEDAD Y/O DROGADICCIÓN,22.0,0,2021.0,3.0,6.0,1,3,1,0,0.0,1.0,0.0,1.0,0,0,40.0,14.142135623730951,0,1,2,0.0,0.5,1
A-2021-03-193,2021-03-22,00:30,CHOQUE,1,0,2,CAJAMARCA,JAEN,PUCARA,RURAL,CARRETERA,NACIONAL,PE-3N,-6.0517875,-79.1069385,DESPEJADO,RURAL,TRAMO RECTO,PLANA ,ASFALTADA,,,,,EN PROCESO DE INVESTIGACIÓN,NO CUENTA CON CAUSA ESPECIFICA,0.0,0,2021.0,3.0,0.0,0,0,1,1,0.0,0.0,0.0,0.0,0,0,41.666666666666664,5.507570547286101,0,2,3,0.0,0.667,1
A-2021-03-172,2021-03-22,03:20,DESPISTE,1,1,1,SAN MARTIN,MOYOBAMBA,JEPELACIO,RURAL,CARRETERA,NACIONAL,PE-5N,-6.134287719090137,-76.8424262397659,DESPEJADO,RURAL,CURVA,INCLINADA,ASFALTADA,,PREVENTIVA (P),,,IMPRUDENCIA DEL CONDUCTOR,OTRO (IMPRUDENCIA DEL CONDUCTOR),3.0,0,2021.0,3.0,0.0,0,0,1,2,0.0,1.0,0.0,1.0,0,0,53.0,2.8284271247461903,0,1,2,0.0,0.5,1
A-2021-03-310,2021-03-22,07:40,CHOQUE,1,1,2,AREQUIPA,AREQUIPA,CERRO COLORADO,URBANA,JIRÓN,URBANO,NO CORRESPONDE,-16.388872175538697,-71.57667851196345,DESPEJADO,RESIDENCIAL,INTERSECCIÓN,INCLINADA,ASFALTADA,NO,,,SI,IMPRUDENCIA DEL CONDUCTOR,OTRO (IMPRUDENCIA DEL CONDUCTOR),7.0,0,2021.0,3.0,0.0,0,1,1,0,1.0,1.0,0.0,2.0,0,1,32.666666666666664,13.012814197295425,0,2,3,0.0,0.667,0
A-2021-03-160,2021-03-22,09:00,CHOQUE,1,0,2,PUNO,PUNO,TIQUILLACA,RURAL,CARRETERA,PROVINCIAL,PU-1068,-15.92643147561958,-70.23046904105486,DESPEJADO,RURAL,SINUOSA,PLANA ,TROCHA,,,,,IMPRUDENCIA DEL CONDUCTOR,NO ESTABLECER EL DERECHO DE PASO,9.0,0,2021.0,3.0,0.0,0,1,1,1,0.0,0.0,2.0,2.0,0,0,36.5,10.606601717798213,0,1,2,0.0,0.5,0
A-2021-03-189,2021-03-22,09:00,ATROPELLO,1,0,0,PUNO,CARABAYA,MACUSANI,RURAL,CARRETERA,NACIONAL,PE-34B,-13.9932258,-70.4806316,SOLEADO,RURAL,CURVA,PLANA ,ASFALTADA,SI,PREVENTIVA (P),REGULADORA (R),SI,IMPRUDENCIA DEL PEATÓN,CRUCE INDEBIDO POR LA CALZADA,9.0,0,2021.0,3.0,0.0,0,1,1,1,0.0,0.0,0.0,0.0,0,0,33.5,30.405591591021544,0,1,2,0.0,0.5,0
A-2021-03-301,2021-03-22,11:00,CHOQUE,2,1,2,AMAZONAS,UTCUBAMBA,BAGUA GRANDE,RURAL,CARRETERA,NACIONAL,PE-5N,-5.724799032198174,-78.47560712182704,SOLEADO,RURAL,TRAMO RECTO,PLANA ,ASFALTADA,,,,,EN PROCESO DE INVESTIGACIÓN,NO CUENTA CON CAUSA ESPECIFICA,11.0,1,2021.0,3.0,0.0,0,1,1,2,0.0,0.0,0.0,0.0,0,0,38.333333333333336,17.21433511156714,0,1,3,0.0,0.333,0
A-2021-03-260,2021-03-22,13:50,ATROPELLO,1,1,1,PUNO,SAN ROMAN,CARACOTO,RURAL,CARRETERA,NACIONAL,PE-3S,-15.5497222,-70.1086111,NUBLADO,RURAL,TRAMO RECTO,PLANA ,ASFALTADA,SI,REGULADORA (R),PREVENTIVA (P),SI,IMPRUDENCIA DEL CONDUCTOR,EXCESO DE VELOCIDAD,13.0,0,2021.0,3.0,0.0,0,2,1,1,0.0,0.0,0.0,0.0,0,0,46.5,37.476659402887016,0,1,2,0.0,0.5,0
A-2021-03-176,2021-03-22,14:00,CHOQUE,3,0,2,JUNIN,SATIPO,PANGOA,RURAL,CARRETERA,NACIONAL,PE-28C,-11.373984884323086,-74.49930280995058,DESPEJADO,RURAL,CURVA,INCLINADA,ASFALTADA,,,,,IMPRUDENCIA DEL CONDUCTOR,EXCESO DE VELOCIDAD,14.0,2,2021.0,3.0,0.0,0,2,1,1,0.0,1.0,0.0,1.0,0,0,38.75,13.047988350699889,0,2,4,0.0,0.5,0
A-2021-03-324,2021-03-23,12:40,ATROPELLO,1,0,1,CAJAMARCA,JAEN,BELLAVISTA,RURAL,CARRETERA,NACIONAL,PE-5N,-5.55862433981325,-78.80684133885843,SOLEADO,COMERCIAL,TRAMO RECTO,PLANA ,ASFALTADA,SI,INFORMATIVA (I),PREVENTIVA (P),NO,EN PROCESO DE INVESTIGACIÓN,NO CUENTA CON CAUSA ESPECIFICA,12.0,0,2021.0,3.0,1.0,0,2,1,1,0.0,0.0,0.0,0.0,0,1,45.5,7.7781745930520225,0,1,2,0.0,0.5,0
A-2021-03-266,2021-03-23,17:00,CHOQUE,3,18,2,LAMBAYEQUE,CHICLAYO,LAGUNAS,RURAL,CARRETERA,NACIONAL,PE-1N,-6.95708341461093,-79.69393886021302,DESPEJADO,RURAL,TRAMO RECTO,PLANA ,ASFALTADA,SI,REGULADORA (R),PREVENTIVA (P),NO,EN PROCESO DE INVESTIGACIÓN,NO CUENTA CON CAUSA ESPECIFICA,17.0,2,2021.0,3.0,1.0,0,2,1,0,0.0,0.0,0.0,0.0,0,1,38.68181818181818,13.228347496538541,0,2,22,0.0,0.091,0
A-2021-03-222,2021-03-23,19:30,ATROPELLO,1,1,1,LA LIBERTAD,PACASMAYO,SAN JOSE,RURAL,CARRETERA,NACIONAL,PE-1N,-7.346123,-79.511216,DESPEJADO,RURAL,TRAMO RECTO,PLANA ,ASFALTADA,,,,,NEGLIGENCIA DEL CONDUCTOR,OTRO (NEGLIGENCIA DEL CONDUCTOR),19.0,0,2021.0,3.0,1.0,0,3,1,0,0.0,0.0,0.0,0.0,0,0,33.0,22.60530911091463,0,0,3,0.0,0.0,1
A-2021-03-276,2021-03-23,19:40,DESPISTE,1,0,1,PUNO,LAMPA,NICASIO,RURAL,CARRETERA,NACIONAL,PE-3S,-15.250495244586451,-70.31697922152009,NUBLADO,RURAL,TRAMO RECTO,PLANA ,ASFALTADA,NO,,,SI,NEGLIGENCIA DEL CONDUCTOR,OTRO (NEGLIGENCIA DEL CONDUCTOR),19.0,0,2021.0,3.0,1.0,0,3,1,1,0.0,0.0,0.0,0.0,0,1,50.0,0.0,0,0,1,0.0,0.0,1
A-2021-03-243,2021-03-24,09:30,CHOQUE,1,0,0,LIMA,LIMA,LA MOLINA,RURAL,AVENIDA,URBANO,NO CORRESPONDE,-12.0607,-76.94719,DESPEJADO,INDUSTRIAL,TRAMO RECTO,PLANA ,ASFALTADA,,,,,IMPRUDENCIA DEL CONDUCTOR,OTRO (IMPRUDENCIA DEL CONDUCTOR),9.0,0,2021.0,3.0,2.0,0,1,1,0,1.0,0.0,0.0,1.0,0,0,20.0,0.0,0,0,2,0.0,0.0,0
A-2021-03-353,2021-03-24,14:30,ATROPELLO,1,0,0,LIMA,LIMA,LURIGANCHO,URBANA,AVENIDA,URBANO,NO CORRESPONDE,-11.945180194293131,-76.71322899549537,SOLEADO,RESIDENCIAL,TRAMO RECTO,INCLINADA,ASFALTADA,,,,,EN PROCESO DE INVESTIGACIÓN,NO CUENTA CON CAUSA ESPECIFICA,14.0,0,2021.0,3.0,2.0,0,2,1,0,1.0,1.0,0.0,2.0,0,0,65.0,19.79898987322333,0,0,2,0.0,0.0,0
A-2021-03-199,2021-03-24,15:00,CHOQUE,1,0,1,JUNIN,CHANCHAMAYO,PICHANAQUI,RURAL,CARRETERA,NACIONAL,PE-5S,-10.967878005677097,-74.7917760942454,DESPEJADO,RURAL,INTERSECCIÓN,INCLINADA,ASFALTADA,,,,,EN PROCESO DE INVESTIGACIÓN,NO CUENTA CON CAUSA ESPECIFICA,15.0,0,2021.0,3.0,2.0,0,2,1,1,0.0,1.0,0.0,1.0,0,0,39.0,29.698484809834994,0,1,2,0.0,0.5,0
A-2021-03-190,2021-03-24,19:30,DESPISTE,1,3,1,PUNO,MELGAR,NUÑOA,RURAL,CARRETERA,PROVINCIAL,PU-665,-14.41044906031268,-70.70375704495181,NUBLADO,RURAL,TRAMO RECTO,PLANA ,TROCHA,,,,,IMPRUDENCIA DEL CONDUCTOR,EXCESO DE VELOCIDAD,19.0,0,2021.0,3.0,2.0,0,3,1,1,0.0,0.0,2.0,2.0,0,0,46.75,26.775299562594377,0,1,4,0.0,0.25,1
A-2021-03-219,2021-03-25,05:30,DESPISTE,1,3,0,APURIMAC,GRAU,CHUQUIBAMBILLA,RURAL,CARRETERA,NACIONAL,PE-3SF,-14.104414840976938,-72.74611625204166,,,,,,,,,,EN PROCESO DE INVESTIGACIÓN,NO CUENTA CON CAUSA ESPECIFICA,5.0,0,2021.0,3.0,3.0,0,0,1,1,0.0,1.0,1.0,2.0,0,0,47.25,21.975364995072702,0,0,4,0.0,0.0,1
A-2021-03-186,2021-03-25,18:32,ATROPELLO,1,1,1,AREQUIPA,AREQUIPA,AREQUIPA,URBANA,CALLE,URBANO,NO CORRESPONDE,-16.400793,-71.54054,DESPEJADO,RESIDENCIAL,TRAMO RECTO,PLANA ,ADOQUINADO,NO,,,SI,IMPRUDENCIA DEL CONDUCTOR,OTRO (IMPRUDENCIA DEL CONDUCTOR),18.0,0,2021.0,3.0,3.0,0,3,1,0,2.0,0.0,1.0,3.0,0,1,56.5,34.64823227814083,0,1,2,0.0,0.5,1
A-2021-03-275,2021-03-25,18:40,CHOQUE,1,0,2,LAMBAYEQUE,LAMBAYEQUE,MOTUPE,URBANA,CARRETERA,NACIONAL,PE-1NJ,-6.1578438,-79.7023381,DESPEJADO,COMERCIAL,TRAMO RECTO,PLANA ,ASFALTADA,SI,INFORMATIVA (I),PREVENTIVA (P),NO,EN PROCESO DE INVESTIGACIÓN,NO CUENTA CON CAUSA ESPECIFICA,18.0,0,2021.0,3.0,3.0,0,3,1,0,0.0,0.0,0.0,0.0,0,1,39.666666666666664,15.695009822658072,0,1,3,0.0,0.333,1
A-2021-03-271,2021-03-25,19:50,CHOQUE,1,0,2,LAMBAYEQUE,CHICLAYO,CHICLAYO,URBANA,OTRO,URBANO,NO CORRESPONDE,-6.7654206,-79.8528301,DESPEJADO,RESIDENCIAL,ÓVALO,PLANA ,ASFALTADA,,,,,EN PROCESO DE INVESTIGACIÓN,NO CUENTA CON CAUSA ESPECIFICA,19.0,0,2021.0,3.0,3.0,0,3,1,0,2.0,0.0,0.0,2.0,0,0,34.0,0.0,0,0,2,0.0,0.0,1
A-2021-03-225,2021-03-25,20:45,CHOQUE FUGA,1,0,1,LA LIBERTAD,OTUZCO,SALPO,RURAL,CARRETERA,NACIONAL,PE-10A,-7.999311010082164,-78.68804637143906,DESPEJADO,RURAL,TRAMO RECTO,PLANA ,ASFALTADA,,,,,EN PROCESO DE INVESTIGACIÓN,NO CUENTA CON CAUSA ESPECIFICA,20.0,0,2021.0,3.0,3.0,0,3,1,0,0.0,0.0,0.0,0.0,0,0,65.0,0.0,0,0,3,0.0,0.0,1
A-2021-03-267,2021-03-26,03:30,DESPISTE,1,0,1,TACNA,CANDARAVE,HUANUARA,RURAL,CARRETERA,PROVINCIAL,TA-530,-17.311855,-70.31844,DESPEJADO,RURAL,CURVA,INCLINADA,AFIRMADO,,,,,IMPRUDENCIA DEL CONDUCTOR,CONDUCIR EN ESTADO DE EBRIEDAD Y/O DROGADICCIÓN,3.0,0,2021.0,3.0,4.0,0,0,1,0,0.0,1.0,1.0,2.0,0,0,34.0,0.0,0,1,1,0.0,1.0,1
A-2021-03-354,2021-03-26,03:50,DESPISTE,1,0,0,LIMA,LIMA,COMAS,URBANA,AVENIDA,URBANO,NO CORRESPONDE,-11.953623,-77.051583,DESPEJADO,RESIDENCIAL,TRAMO RECTO,PLANA ,ASFALTADA,,,,,IMPRUDENCIA DEL CONDUCTOR,OTRO (IMPRUDENCIA DEL CONDUCTOR),3.0,0,2021.0,3.0,4.0,0,0,1,0,1.0,0.0,0.0,1.0,0,0,61.5,34.64823227814083,0,1,2,0.0,0.5,1
A-2021-03-200,2021-03-26,04:30,CHOQUE,1,0,2,TACNA,TACNA,POCOLLAY,URBANA,CARRETERA,NACIONAL,PE-40,-17.986708,-70.210552,DESPEJADO,COMERCIAL,TRAMO RECTO,INCLINADA,ASFALTADA,,,,,IMPRUDENCIA DEL CONDUCTOR,CONDUCIR EN ESTADO DE EBRIEDAD Y/O DROGADICCIÓN,4.0,0,2021.0,3.0,4.0,0,0,1,0,0.0,1.0,0.0,1.0,0,0,44.5,26.16295090390226,0,2,2,0.0,1.0,1
A-2021-03-252,2021-03-26,07:45,DESPISTE,1,1,1,PIURA,MORROPON,LA MATANZA,RURAL,CARRETERA,NACIONAL,PE-1NJ,-5.329315,-80.0771,DESPEJADO,RURAL,CURVA,PLANA ,ASFALTADA,,,,,EN PROCESO DE INVESTIGACIÓN,NO CUENTA CON CAUSA ESPECIFICA,7.0,0,2021.0,3.0,4.0,0,1,1,0,0.0,0.0,0.0,0.0,0,0,34.5,14.849242404917497,0,1,2,0.0,0.5,0
A-2021-03-197,2021-03-26,15:30,DESPISTE,1,0,1,AREQUIPA,CAYLLOMA,MAJES,URBANA,CALLE,URBANO,NO CORRESPONDE,-16.352045,-72.191188,DESPEJADO,RESIDENCIAL,CURVA,PLANA ,ASFALTADA,,,,,IMPRUDENCIA DEL CONDUCTOR,OTRO (IMPRUDENCIA DEL CONDUCTOR),15.0,0,2021.0,3.0,4.0,0,2,1,0,2.0,0.0,0.0,2.0,0,0,28.0,0.0,0,0,1,0.0,0.0,0