CODIGO_SINIESTRO,FECHA_SINIESTRO,HORA_SINIESTRO,CLASE_SINIESTRO,CANTIDAD_FALLECIDOS,CANTIDAD_LESIONADOS,CANTIDAD_VEHICULOS,DEPARTAMENTO,PROVINCIA,DISTRITO,ZONA,TIPO_VIA,RED_VIAL,COD_CARRETERA,LATITUD,LONGITUD,CONDICION_CLIMATICA,ZONIFICACION,CARACTERISTICAS_VIA,PERFIL_VIA,SUPERFICIE_CALZADA,EXISTE_SENIAL_VERTICAL,CLASIFICACION_SENIAL_VERTICAL_1,CLASIFICACION_SENIAL_VERTICAL_2,EXISTE_SENIAL_HORIZONTAL,CAUSA_FACTOR_PRINCIPAL,CAUSA_ESPECIFICA,HORA,severidad,ANIO,MES,DIA_SEMANA,FIN_SEMANA,FRANJA_HORARIA,TEMPORADA,MACROREGION,TIPO_VIA_SCORE,PERFIL_VIA_SCORE,SUPERFICIE_CALZADA_SCORE,RIESGO_INFRAESTRUCTURA,RIESGO_CLIMATICO,SENIALIZACION_DEFICIENTE,EDAD_PROMEDIO,EDAD_STD,TOTAL_ALCOHOL,TOTAL_LICENCIA,TOTAL_PERSONAS,PCT_ALCOHOL,PCT_LICENCIA,ES_NOCHE
A-2021-03-382,2021-03-26,15:40,CHOQUE FUGA,1,0,1,LAMBAYEQUE,LAMBAYEQUE,LAMBAYEQUE,RURAL,CALLE,URBANO,NO CORRESPONDE,-6.704442,-79.903106,DESPEJADO,RESIDENCIAL,INTERSECCIÓN,PLANA ,ASFALTADA,,,,,EN PROCESO DE INVESTIGACIÓN,NO CUENTA CON CAUSA ESPECIFICA,15.0,0,2021.0,3.0,4.0,0,2,1,0,2.0,0.0,0.0,2.0,0,0,67.0,0.0,0,0,2,0.0,0.0,0
A-2021-03-253,2021-03-26,17:00,VOLCADURA,1,0,1,CAJAMARCA,SAN MIGUEL,NIEPOS,RURAL,CARRETERA,NACIONAL,PE-1NI,-6.90688137,-79.13921384,DESPEJADO,RURAL,CURVA,INCLINADA,TROCHA,,,,,NEGLIGENCIA DEL CONDUCTOR,OTRO (NEGLIGENCIA DEL CONDUCTOR),17.0,0,2021.0,3.0,4.0,0,2,1,1,0.0,1.0,2.0,3.0,0,0,38.0,4.242640687119285,0,0,2,0.0,0.0,0
A-2021-03-198,2021-03-26,18:30,CHOQUE,1,3,2,AREQUIPA,AREQUIPA,YURA,RURAL,CARRETERA,NACIONAL,PE-34A,-16.178638,-71.647253,DESPEJADO,RURAL,CURVA,INCLINADA,ASFALTADA,,,,,IMPRUDENCIA DEL CONDUCTOR,CONDUCIR EN SENTIDO CONTRARIO,18.0,0,2021.0,3.0,4.0,0,3,1,0,0.0,1.0,0.0,1.0,0,0,48.75,5.5,0,2,5,0.0,0.4,1
A-2021-03-203,2021-03-26,19:00,CHOQUE,1,1,0,MADRE DE DIOS,TAMBOPATA,LAS PIEDRAS,RURAL,CARRETERA,NACIONAL,PE-30C,-12.0725992,-69.1198846,,,,,,,,,,EN PROCESO DE INVESTIGACIÓN,NO CUENTA CON CAUSA ESPECIFICA,19.0,0,2021.0,3.0,4.0,0,3,1,2,0.0,1.0,1.0,2.0,0,0,23.0,6.082762530298219,0,0,3,0.0,0.0,1
A-2021-03-250,2021-03-26,20:00,CHOQUE FUGA,1,1,1,LORETO,MAYNAS,SAN JUAN BAUTISTA,URBANA,AVENIDA,URBANO,NO CORRESPONDE,-3.785814198423744,-73.28995031986766,DESPEJADO,COMERCIAL,INTERSECCIÓN,INCLINADA,ASFALTADA,NO,,,NO,EN PROCESO DE INVESTIGACIÓN,NO CUENTA CON CAUSA ESPECIFICA,20.0,0,2021.0,3.0,4.0,0,3,1,2,1.0,1.0,0.0,2.0,0,2,17.5,2.1213203435596424,1,0,3,0.333,0.0,1
A-2021-03-214,2021-03-26,20:30,DESPISTE,1,1,1,APURIMAC,ANDAHUAYLAS,TUMAY HUARACA,RURAL,CARRETERA,NACIONAL,PE-30B,-13.947494514996482,-73.4382497707236,DESPEJADO,RURAL,CURVA,INCLINADA,ASFALTADA,SI,REGULADORA (R),PREVENTIVA (P),SI,IMPRUDENCIA DEL CONDUCTOR,EXCESO DE VELOCIDAD,20.0,0,2021.0,3.0,4.0,0,3,1,1,0.0,1.0,0.0,1.0,0,0,18.0,1.4142135623730951,0,0,2,0.0,0.0,1
A-2021-03-269,2021-03-26,20:53,ATROPELLO FUGA,1,0,0,TACNA,TACNA,CORONEL GREGORIO ALBARRACIN LANCHIPA,URBANA,CALLE,URBANO,NO CORRESPONDE,-18.053095,-70.253597,DESPEJADO,RESIDENCIAL,TRAMO RECTO,PLANA ,ASFALTADA,,,,,INFRAESTRUCTURA Y ENTORNO VIAL,SEÑALIZACIÓN DEFECTUOSA,20.0,0,2021.0,3.0,4.0,0,3,1,0,2.0,0.0,0.0,2.0,0,0,22.0,0.0,0,0,1,0.0,0.0,1
A-2021-03-226,2021-03-26,21:30,ATROPELLO FUGA,1,0,1,LA LIBERTAD,TRUJILLO,LA ESPERANZA,URBANA,CALLE,URBANO,NO CORRESPONDE,-8.079445,-79.035751,DESPEJADO,COMERCIAL,INTERSECCIÓN,PLANA ,ASFALTADA,,,,,EN PROCESO DE INVESTIGACIÓN,NO CUENTA CON CAUSA ESPECIFICA,21.0,0,2021.0,3.0,4.0,0,3,1,0,2.0,0.0,0.0,2.0,0,0,0.0,0.0,0,0,2,0.0,0.0,1
A-2021-03-355,2021-03-26,22:00,CHOQUE,1,0,2,LIMA,LIMA,VILLA MARIA DEL TRIUNFO,URBANA,AVENIDA,URBANO,NO CORRESPONDE,-12.193128,-76.935911,DESPEJADO,RESIDENCIAL,INTERSECCIÓN,INCLINADA,ASFALTADA,,,,,IMPRUDENCIA DEL CONDUCTOR,OTRO (IMPRUDENCIA DEL CONDUCTOR),22.0,0,2021.0,3.0,4.0,0,3,1,0,1.0,1.0,0.0,2.0,0,0,33.0,7.0710678118654755,0,2,2,0.0,1.0,1
A-2021-03-227,2021-03-27,02:10,CHOQUE,1,1,2,ICA,PISCO,INDEPENDENCIA,URBANA,CARRETERA,NACIONAL,PE-28A,-13.693049,-76.021685,DESPEJADO,RESIDENCIAL,INTERSECCIÓN,PLANA ,ASFALTADA,SI,PREVENTIVA (P),,NO,IMPRUDENCIA DEL CONDUCTOR,EXCESO DE VELOCIDAD,2.0,0,2021.0,3.0,5.0,1,0,1,0,0.0,0.0,0.0,0.0,0,1,52.666666666666664,15.821925715074425,0,2,3,0.0,0.667,1
A-2021-03-229,2021-03-27,07:30,DESPISTE,1,1,1,LA LIBERTAD,JULCAN,JULCAN,RURAL,CARRETERA,PROVINCIAL,LI-988,-8.032453,-78.502576,DESPEJADO,RURAL,TRAMO RECTO,PLANA ,ASFALTADA,,,,,EN PROCESO DE INVESTIGACIÓN,NO CUENTA CON CAUSA ESPECIFICA,7.0,0,2021.0,3.0,5.0,1,1,1,0,0.0,0.0,0.0,0.0,0,0,26.0,1.4142135623730951,0,1,2,0.0,0.5,0
A-2021-03-254,2021-03-27,08:30,INCENDIO,1,0,0,LIMA,HUAROCHIRI,SAN MATEO,RURAL,CARRETERA,NACIONAL,PE-22,-11.791667,-76.337556,DESPEJADO,RURAL,TRAMO RECTO,PLANA ,ASFALTADA,,,,,EN PROCESO DE INVESTIGACIÓN,NO CUENTA CON CAUSA ESPECIFICA,8.0,0,2021.0,3.0,5.0,1,1,1,0,0.0,0.0,0.0,0.0,0,0,33.0,0.0,0,0,1,0.0,0.0,0
A-2021-03-302,2021-03-27,13:55,ATROPELLO,1,0,1,LAMBAYEQUE,LAMBAYEQUE,LAMBAYEQUE,URBANA,AVENIDA,URBANO,NO CORRESPONDE,-6.7039467,-79.9051717,DESPEJADO,COMERCIAL,TRAMO RECTO,PLANA ,ASFALTADA,,,,,EN PROCESO DE INVESTIGACIÓN,NO CUENTA CON CAUSA ESPECIFICA,13.0,0,2021.0,3.0,5.0,1,2,1,0,1.0,0.0,0.0,1.0,0,0,41.0,8.48528137423857,0,1,2,0.0,0.5,0
A-2021-03-356,2021-03-27,17:00,CHOQUE,1,2,2,LIMA,LIMA,VILLA EL SALVADOR,URBANA,CARRETERA,NACIONAL,PE-1S,-12.244081782334527,-76.94098072336237,DESPEJADO,RESIDENCIAL,TRAMO RECTO,PLANA ,ASFALTADA,,,,,EN PROCESO DE INVESTIGACIÓN,NO CUENTA CON CAUSA ESPECIFICA,17.0,0,2021.0,3.0,5.0,1,2,1,0,0.0,0.0,0.0,0.0,0,0,45.0,7.0710678118654755,0,0,4,0.0,0.0,0
A-2021-03-364,2021-03-27,17:30,CHOQUE,1,0,1,PIURA,PIURA,TAMBO GRANDE,RURAL,CARRETERA,NACIONAL,PE-1NL,-4.8322721,-80.2882567,DESPEJADO,RURAL,TRAMO RECTO,PLANA ,ASFALTADA,,,,,EN PROCESO DE INVESTIGACIÓN,NO CUENTA CON CAUSA ESPECIFICA,17.0,0,2021.0,3.0,5.0,1,2,1,0,0.0,0.0,0.0,0.0,0,0,48.666666666666664,14.153915830374762,0,0,3,0.0,0.0,0
A-2021-03-224,2021-03-27,20:30,CHOQUE,1,1,2,AREQUIPA,AREQUIPA,AREQUIPA,URBANA,AVENIDA,URBANO,NO CORRESPONDE,-16.419134,-71.538835,DESPEJADO,COMERCIAL,INTERSECCIÓN,PLANA ,ASFALTADA,NO,,,SI,IMPRUDENCIA DEL CONDUCTOR,EXCESO DE VELOCIDAD,20.0,0,2021.0,3.0,5.0,1,3,1,0,1.0,0.0,0.0,1.0,0,1,28.0,4.58257569495584,2,1,3,0.667,0.333,1
A-2021-03-232,2021-03-27,21:30,ATROPELLO FUGA,1,0,1,LA LIBERTAD,ASCOPE,CHICAMA,RURAL,CARRETERA,NACIONAL,PE-1N,-7.887445,-79.126379,DESPEJADO,RURAL,TRAMO RECTO,PLANA ,ASFALTADA,,,,,EN PROCESO DE INVESTIGACIÓN,NO CUENTA CON CAUSA ESPECIFICA,21.0,0,2021.0,3.0,5.0,1,3,1,0,0.0,0.0,0.0,0.0,0,0,40.0,0.0,0,0,2,0.0,0.0,1
A-2021-03-231,2021-03-27,21:50,ATROPELLO FUGA,1,0,1,ICA,ICA,ICA,URBANA,AVENIDA,URBANO,NO CORRESPONDE,-14.043545564976254,-75.74112707414302,DESPEJADO,RESIDENCIAL,TRAMO RECTO,INCLINADA,ASFALTADA,,,,,EN PROCESO DE INVESTIGACIÓN,NO CUENTA CON CAUSA ESPECIFICA,21.0,0,2021.0,3.0,5.0,1,3,1,0,1.0,1.0,0.0,2.0,0,0,36.0,0.0,0,0,1,0.0,0.0,1
A-2021-03-297,2021-03-27,23:30,DESPISTE,1,0,1,CALLAO,CALLAO,LA PERLA,URBANA,AVENIDA,URBANO,NO CORRESPONDE,-12.06490615771504,-77.11599952363943,DESPEJADO,COMERCIAL,TRAMO RECTO,PLANA ,CONCRETO,,,,,IMPRUDENCIA DEL CONDUCTOR,CONDUCIR EN ESTADO DE EBRIEDAD Y/O DROGADICCIÓN,23.0,0,2021.0,3.0,5.0,1,3,1,0,1.0,0.0,0.0,1.0,0,0,42.0,0.0,0,0,1,0.0,0.0,1
A-2021-03-257,2021-03-28,01:40,DESPISTE,1,1,1,LA LIBERTAD,CHEPEN,PUEBLO NUEVO,RURAL,AVENIDA,URBANO,NO CORRESPONDE,-7.185060669048768,-79.51876737032491,DESPEJADO,RURAL,TRAMO RECTO,PLANA ,ASFALTADA,,,,,EN PROCESO DE INVESTIGACIÓN,NO CUENTA CON CAUSA ESPECIFICA,1.0,0,2021.0,3.0,6.0,1,0,1,0,1.0,0.0,0.0,1.0,0,0,18.5,0.7071067811865476,0,0,2,0.0,0.0,1
A-2021-03-280,2021-03-28,05:20,DESPISTE,1,0,1,PUNO,SANDIA,SAN PEDRO DE PUTINA PUNCO,RURAL,CARRETERA,SIN CLASIFICAR,SIN CLASIFICAR,-14.062846700281092,-68.95309940779988,DESPEJADO,RURAL,CURVA,PLANA ,TROCHA,,,,,IMPRUDENCIA DEL CONDUCTOR,EXCESO DE VELOCIDAD,5.0,0,2021.0,3.0,6.0,1,0,1,1,0.0,0.0,2.0,2.0,0,0,18.5,13.435028842544403,0,0,2,0.0,0.0,1
A-2021-03-309,2021-03-28,12:30,CHOQUE,1,1,2,LAMBAYEQUE,CHICLAYO,TUMAN,URBANA,CARRETERA,NACIONAL,PE-06A,-6.745034,-79.689578,DESPEJADO,RESIDENCIAL,CURVA,PLANA ,ASFALTADA,SI,PREVENTIVA (P),PREVENTIVA (P),NO,EN PROCESO DE INVESTIGACIÓN,NO CUENTA CON CAUSA ESPECIFICA,12.0,0,2021.0,3.0,6.0,1,2,1,0,0.0,0.0,0.0,0.0,0,1,52.75,13.841363131329707,0,1,4,0.0,0.25,0
A-2021-03-234,2021-03-28,19:45,CHOQUE CON OBJETO FIJO,1,0,1,ICA,ICA,SUBTANJALLA,URBANA,OTRO,URBANO,NO CORRESPONDE,-14.045839514156564,-75.74718142237191,DESPEJADO,RESIDENCIAL,TRAMO RECTO,PLANA ,TROCHA,,,,,EN PROCESO DE INVESTIGACIÓN,NO CUENTA CON CAUSA ESPECIFICA,19.0,0,2021.0,3.0,6.0,1,3,1,0,2.0,0.0,2.0,4.0,0,0,15.5,16.263455967290593,0,0,2,0.0,0.0,1
A-2021-03-261,2021-03-28,20:00,ATROPELLO FUGA,1,0,0,PUNO,SAN ROMAN,JULIACA,RURAL,CARRETERA,NACIONAL,PE-34A,-15.520849288682257,-70.17885623135186,NUBLADO,RURAL,TRAMO RECTO,PLANA ,ASFALTADA,SI,REGULADORA (R),INFORMATIVA (I),SI,IMPRUDENCIA DEL CONDUCTOR,OTRO (IMPRUDENCIA DEL CONDUCTOR),20.0,0,2021.0,3.0,6.0,1,3,1,1,0.0,0.0,0.0,0.0,0,0,18.0,0.0,0,0,2,0.0,0.0,1
A-2021-03-350,2021-03-28,23:00,CHOQUE FUGA,1,1,1,PIURA,PIURA,CASTILLA,URBANA,CARRETERA,NACIONAL,PE-1NJ,-5.181108,-80.57434,DESPEJADO,RESIDENCIAL,TRAMO RECTO,PLANA ,ASFALTADA,SI,REGULADORA (R),REGULADORA (R),SI,EN PROCESO DE INVESTIGACIÓN,NO CUENTA CON CAUSA ESPECIFICA,23.0,0,2021.0,3.0,6.0,1,3,1,0,0.0,0.0,0.0,0.0,0,0,20.5,3.5355339059327378,0,0,3,0.0,0.0,1
A-2021-03-308,2021-03-28,23:30,DESPISTE,1,1,1,AREQUIPA,CAMANA,NICOLAS DE PIEROLA,RURAL,CARRETERA,DEPARTAMENTAL,AR-105,-16.373756450271028,-72.47942453975892,DESPEJADO,RURAL,CURVA,INCLINADA,ASFALTADA,,,,,IMPRUDENCIA DEL CONDUCTOR,EXCESO DE VELOCIDAD,23.0,0,2021.0,3.0,6.0,1,3,1,0,0.0,1.0,0.0,1.0,0,0,37.5,24.748737341529164,0,1,2,0.0,0.5,1
A-2021-03-371,2021-03-29,01:30,CHOQUE,1,2,2,HUANUCO,HUANUCO,PILLCO MARCA,URBANA,CARRETERA,NACIONAL,PE-3N,-9.987041,-76.244492,DESPEJADO,COMERCIAL,TRAMO RECTO,PLANA ,ASFALTADA,,,,,IMPRUDENCIA DEL CONDUCTOR,CONDUCIR EN ESTADO DE EBRIEDAD Y/O DROGADICCIÓN,1.0,0,2021.0,3.0,0.0,0,0,1,1,0.0,0.0,0.0,0.0,0,0,18.666666666666668,2.5166114784235836,2,2,3,0.667,0.667,1
A-2021-03-295,2021-03-29,03:40,DESPISTE,1,0,1,LIMA,BARRANCA,PARAMONGA,RURAL,CARRETERA,NACIONAL,PE-1N,-10.64844032844232,-77.85044760795031,DESPEJADO,RURAL,TRAMO RECTO,PLANA ,ASFALTADA,,,,,EN PROCESO DE INVESTIGACIÓN,NO CUENTA CON CAUSA ESPECIFICA,3.0,0,2021.0,3.0,0.0,0,0,1,0,0.0,0.0,0.0,0.0,0,0,35.0,0.0,0,1,1,0.0,1.0,1
A-2021-03-357,2021-03-29,05:50,CHOQUE,1,2,2,LIMA,LIMA,VILLA EL SALVADOR,URBANA,AVENIDA,URBANO,NO CORRESPONDE,-12.224975,-76.932972,DESPEJADO,ESCOLAR,INTERSECCIÓN,INCLINADA,ASFALTADA,,,,,IMPRUDENCIA DEL CONDUCTOR,OTRO (IMPRUDENCIA DEL CONDUCTOR),5.0,0,2021.0,3.0,0.0,0,0,1,0,1.0,1.0,0.0,2.0,0,0,37.333333333333336,13.316656236958785,0,1,4,0.0,0.25,1
A-2021-03-358,2021-03-29,07:45,CHOQUE,1,0,2,LIMA,LIMA,CHORRILLOS,URBANA,AVENIDA,URBANO,NO CORRESPONDE,-12.183982,-77.008011,DESPEJADO,RESIDENCIAL,INTERSECCIÓN,PLANA ,ASFALTADA,,,,,IMPRUDENCIA DEL CONDUCTOR,EXCESO DE VELOCIDAD,7.0,0,2021.0,3.0,0.0,0,1,1,0,1.0,0.0,0.0,1.0,0,0,0.0,0.0,0,0,3,0.0,0.0,0
A-2021-03-359,2021-03-29,19:00,ATROPELLO,1,0,1,LIMA,LIMA,SAN JUAN DE LURIGANCHO,URBANA,AVENIDA,URBANO,NO CORRESPONDE,-12.027828,-77.001119,DESPEJADO,RESIDENCIAL,INTERSECCIÓN,PLANA ,ASFALTADA,,,,,IMPRUDENCIA DEL CONDUCTOR,EXCESO DE VELOCIDAD,19.0,0,2021.0,3.0,0.0,0,3,1,0,1.0,0.0,0.0,1.0,0,0,75.0,0.0,0,0,2,0.0,0.0,1
A-2021-03-360,2021-03-29,20:00,DESPISTE,1,0,1,LIMA,LIMA,COMAS,URBANA,JIRÓN,URBANO,NO CORRESPONDE,-11.91039907384613,-77.02092664971087,DESPEJADO,RESIDENCIAL,INTERSECCIÓN,INCLINADA,TROCHA,,,,,EN PROCESO DE INVESTIGACIÓN,NO CUENTA CON CAUSA ESPECIFICA,20.0,0,2021.0,3.0,0.0,0,3,1,0,1.0,1.0,2.0,4.0,0,0,0.0,0.0,0,0,1,0.0,0.0,1
A-2021-03-287,2021-03-30,06:00,DESPISTE,1,0,1,LIMA,HUAURA,VEGUETA,URBANA,CARRETERA,NACIONAL,PE-1N,-10.963269842130025,-77.64632993513834,DESPEJADO,RURAL,TRAMO RECTO,PLANA ,ASFALTADA,,,,,EN PROCESO DE INVESTIGACIÓN,NO CUENTA CON CAUSA ESPECIFICA,6.0,0,2021.0,3.0,1.0,0,1,1,0,0.0,0.0,0.0,0.0,0,0,21.0,0.0,0,0,1,0.0,0.0,0
A-2021-03-284,2021-03-30,08:15,CHOQUE,1,0,2,PUNO,LAMPA,CALAPUJA,RURAL,CARRETERA,NACIONAL,PE-34B,-15.25751,-70.22343,DESPEJADO,RURAL,TRAMO RECTO,PLANA ,ASFALTADA,,,,,IMPRUDENCIA DEL CONDUCTOR,EXCESO DE VELOCIDAD,8.0,0,2021.0,3.0,1.0,0,1,1,1,0.0,0.0,0.0,0.0,0,0,23.5,0.7071067811865476,0,1,2,0.0,0.5,0
A-2021-03-270,2021-03-30,12:10,CHOQUE,2,0,3,ICA,NASCA,EL INGENIO,RURAL,CARRETERA,NACIONAL,PE-1S,-14.687108,-75.123428,DESPEJADO,RURAL,TRAMO RECTO,INCLINADA,ASFALTADA,SI,REGULADORA (R),REGULADORA (R),NO,EN PROCESO DE INVESTIGACIÓN,NO CUENTA CON CAUSA ESPECIFICA,12.0,1,2021.0,3.0,1.0,0,2,1,0,0.0,1.0,0.0,1.0,0,1,42.4,3.577708763999663,0,4,5,0.0,0.8,0
A-2021-03-288,2021-03-30,14:42,ATROPELLO,1,0,1,LIMA,HUARAL,CHANCAY,RURAL,CARRETERA,NACIONAL,PE-1N,-11.494018696999127,-77.30373700042851,SOLEADO,RURAL,TRAMO RECTO,PLANA ,ASFALTADA,,,,,IMPRUDENCIA DEL PEATÓN,CRUCE INDEBIDO POR LA CALZADA,14.0,0,2021.0,3.0,1.0,0,2,1,0,0.0,0.0,0.0,0.0,0,0,65.0,15.556349186104045,0,1,2,0.0,0.5,0
A-2021-03-283,2021-03-30,15:10,ATROPELLO,1,1,0,PUNO,MELGAR,AYAVIRI,RURAL,CARRETERA,NACIONAL,PE-3S,-14.9186437,-70.5641597,DESPEJADO,RURAL,TRAMO RECTO,PLANA ,ASFALTADA,NO,,,SI,IMPRUDENCIA DEL PEATÓN,CRUCE INDEBIDO POR LA CALZADA,15.0,0,2021.0,3.0,1.0,0,2,1,1,0.0,0.0,0.0,0.0,0,1,22.666666666666668,21.77919496522618,0,1,3,0.0,0.333,0
A-2021-03-272,2021-03-30,19:10,CHOQUE,1,0,3,CUSCO,CUSCO,SAYLLA,URBANA,CARRETERA,NACIONAL,PE-3S,-13.565124,-71.837256,DESPEJADO,RESIDENCIAL,TRAMO RECTO,PLANA ,ASFALTADA,SI,PREVENTIVA (P),,NO,IMPRUDENCIA DEL CONDUCTOR,INVASIÓN DE CARRIL,19.0,0,2021.0,3.0,1.0,0,3,1,1,0.0,0.0,0.0,0.0,0,1,29.666666666666668,5.507570547286102,0,3,3,0.0,1.0,1
A-2021-03-281,2021-03-30,23:15,CHOQUE,1,0,2,PUNO,SAN ROMAN,JULIACA,URBANA,JIRÓN,URBANO,NO CORRESPONDE,-15.488024833998816,-70.13208385244509,NUBLADO,COMERCIAL,TRAMO RECTO,PLANA ,ASFALTADA,,,,,IMPRUDENCIA DEL CONDUCTOR,OTRO (IMPRUDENCIA DEL CONDUCTOR),23.0,0,2021.0,3.0,1.0,0,3,1,1,1.0,0.0,0.0,1.0,0,0,45.0,24.041630560342615,0,1,2,0.0,0.5,1
A-2021-03-325,2021-03-31,05:30,CHOQUE,2,0,2,LAMBAYEQUE,FERREÑAFE,PUEBLO NUEVO,RURAL,CARRETERA,DEPARTAMENTAL,LA-111,-6.63742782430162,-79.80798673523505,DESPEJADO,RURAL,TRAMO RECTO,PLANA ,ASFALTADA,,,,,EN PROCESO DE INVESTIGACIÓN,NO CUENTA CON CAUSA ESPECIFICA,5.0,1,2021.0,3.0,2.0,0,0,1,0,0.0,0.0,0.0,0.0,0,0,48.666666666666664,24.542480178933285,0,2,3,0.0,0.667,1
A-2021-03-378,2021-03-31,08:50,ATROPELLO,1,0,1,SAN MARTIN,SAN MARTIN,TARAPOTO,URBANA,JIRÓN,URBANO,NO CORRESPONDE,-6.49013,-76.36175,DESPEJADO,COMERCIAL,INTERSECCIÓN,PLANA ,ASFALTADA,SI,PREVENTIVA (P),,SI,IMPRUDENCIA DEL CONDUCTOR,EXCESO DE VELOCIDAD,8.0,0,2021.0,3.0,2.0,0,1,1,2,1.0,0.0,0.0,1.0,0,0,23.0,0.0,0,1,2,0.0,0.5,0
A-2021-03-292,2021-03-31,10:00,CHOQUE,1,3,3,AYACUCHO,HUAMANGA,AYACUCHO,RURAL,CARRETERA,NACIONAL,PE-3S,-13.046056,-74.224796,LLUVIOSO,RURAL,CURVA,PLANA ,ASFALTADA,,,,,IMPRUDENCIA DEL CONDUCTOR,EXCESO DE VELOCIDAD,10.0,0,2021.0,3.0,2.0,0,1,1,1,0.0,0.0,0.0,0.0,1,0,26.6,11.523888232710346,0,2,5,0.0,0.4,0
A-2021-03-298,2021-03-31,15:00,ESPECIAL,1,0,0,LIMA,HUAROCHIRI,SAN ANTONIO,URBANA,CARRETERA,DEPARTAMENTAL,LM-114,-11.920510256918735,-76.87444854375725,DESPEJADO,INDUSTRIAL,TRAMO RECTO,PLANA ,ASFALTADA,,,,,EN PROCESO DE INVESTIGACIÓN,NO CUENTA CON CAUSA ESPECIFICA,15.0,0,2021.0,3.0,2.0,0,2,1,0,0.0,0.0,0.0,0.0,0,0,68.0,0.0,0,0,2,0.0,0.0,0
A-2021-03-312,2021-03-31,15:05,ATROPELLO,1,0,1,LAMBAYEQUE,CHICLAYO,CHONGOYAPE,RURAL,CARRETERA,NACIONAL,PE-06A,-6.6321239,-79.3980907,DESPEJADO,RURAL,TRAMO RECTO,PLANA ,ASFALTADA,,,,,EN PROCESO DE INVESTIGACIÓN,NO CUENTA CON CAUSA ESPECIFICA,15.0,0,2021.0,3.0,2.0,0,2,1,0,0.0,0.0,0.0,0.0,0,0,46.5,10.606601717798213,0,1,2,0.0,0.5,0
A-2021-03-361,2021-03-31,15:45,ATROPELLO,1,0,0,LIMA,LIMA,SAN ISIDRO,URBANA,AVENIDA,URBANO,NO CORRESPONDE,-12.096617,-77.055005,SOLEADO,RESIDENCIAL,TRAMO RECTO,PLANA ,ASFALTADA,,,,,IMPRUDENCIA DEL CONDUCTOR,OTRO (IMPRUDENCIA DEL CONDUCTOR),15.0,0,2021.0,3.0,2.0,0,2,1,0,1.0,0.0,0.0,1.0,0,0,71.0,25.45584412271571,0,1,2,0.0,0.5,0
A-2021-03-321,2021-03-31,17:50,DESPISTE,1,3,1,JUNIN,CONCEPCION,MITO,RURAL,CARRETERA,NACIONAL,PE-3SB,-11.948392,-75.325018,LLUVIOSO,RURAL,TRAMO RECTO,PLANA ,ASFALTADA,,,,,EN PROCESO DE INVESTIGACIÓN,NO CUENTA CON CAUSA ESPECIFICA,17.0,0,2021.0,3.0,2.0,0,2,1,1,0.0,0.0,0.0,0.0,1,0,33.25,14.568802284333465,0,0,4,0.0,0.0,0
A-2021-03-277,2021-03-31,21:00,ATROPELLO,1,1,1,ANCASH,CARHUAZ,TINCO,RURAL,CARRETERA,NACIONAL,PE-3N,-9.269004270679783,-77.67599794945315,LLUVIOSO,RURAL,TRAMO RECTO,PLANA ,ASFALTADA,SI,PREVENTIVA (P),INFORMATIVA (I),SI,IMPRUDENCIA DEL CONDUCTOR,NO DAR PASO PREFERENTE AL PEATÓN,21.0,0,2021.0,3.0,2.0,0,3,1,0,0.0,0.0,0.0,0.0,1,0,53.5,51.61879502661797,0,0,2,0.0,0.0,1
A-2021-03-313,2021-03-31,21:00,CHOQUE,1,0,2,LA LIBERTAD,ASCOPE,PAIJAN,RURAL,CARRETERA,NACIONAL,PE-1N,-7.715331,-79.310961,DESPEJADO,RURAL,TRAMO RECTO,PLANA ,ASFALTADA,,,,,IMPRUDENCIA DEL CONDUCTOR,CONDUCIR EN ESTADO DE EBRIEDAD Y/O DROGADICCIÓN,21.0,0,2021.0,3.0,2.0,0,3,1,0,0.0,0.0,0.0,0.0,0,0,38.5,7.7781745930520225,0,0,2,0.0,0.0,1
A-2021-03-299,2021-03-31,21:40,ATROPELLO,1,0,0,LIMA,LIMA,LURIN,URBANA,AVENIDA,URBANO,NO CORRESPONDE,-12.2617770804141,-76.8831283306641,DESPEJADO,RESIDENCIAL,TRAMO RECTO,PLANA ,ASFALTADA,,,,,IMPRUDENCIA DEL PEATÓN,ESTADO DE EBRIEDAD Y/O DROGADICCIÓN,21.0,0,2021.0,3.0,2.0,0,3,1,0,1.0,0.0,0.0,1.0,0,0,0.0,0.0,0,0,2,0.0,0.0,1
A-2021-04-9,2021-04-01,03:05,ATROPELLO FUGA,1,0,2,LA LIBERTAD,ASCOPE,CHICAMA,RURAL,CARRETERA,NACIONAL,PE-1N,-7.839252,-79.152646,DESPEJADO,RURAL,TRAMO RECTO,PLANA ,ASFALTADA,,,,,EN PROCESO DE INVESTIGACIÓN,NO CUENTA CON CAUSA ESPECIFICA,3.0,0,2021.0,4.0,3.0,0,0,1,0,0.0,0.0,0.0,0.0,0,0,26.0,0.0,0,0,2,0.0,0.0,1
A-2021-04-319,2021-04-01,04:00,CHOQUE,2,0,0,ANCASH,SANTA,NUEVO CHIMBOTE,URBANA,CARRETERA,NACIONAL,PE-1N,-9.15999212082273,-78.49698374553051,DESPEJADO,RESIDENCIAL,TRAMO RECTO,PLANA ,ASFALTADA,,,,,EN PROCESO DE INVESTIGACIÓN,NO CUENTA CON CAUSA ESPECIFICA,4.0,1,2021.0,4.0,3.0,0,0,1,0,0.0,0.0,0.0,0.0,0,0,47.0,5.656854249492381,0,2,2,0.0,1.0,1