CODIGO_SINIESTRO,FECHA_SINIESTRO,HORA_SINIESTRO,CLASE_SINIESTRO,CANTIDAD_FALLECIDOS,CANTIDAD_LESIONADOS,CANTIDAD_VEHICULOS,DEPARTAMENTO,PROVINCIA,DISTRITO,ZONA,TIPO_VIA,RED_VIAL,COD_CARRETERA,LATITUD,LONGITUD,CONDICION_CLIMATICA,ZONIFICACION,CARACTERISTICAS_VIA,PERFIL_VIA,SUPERFICIE_CALZADA,EXISTE_SENIAL_VERTICAL,CLASIFICACION_SENIAL_VERTICAL_1,CLASIFICACION_SENIAL_VERTICAL_2,EXISTE_SENIAL_HORIZONTAL,CAUSA_FACTOR_PRINCIPAL,CAUSA_ESPECIFICA,HORA,severidad,ANIO,MES,DIA_SEMANA,FIN_SEMANA,FRANJA_HORARIA,TEMPORADA,MACROREGION,TIPO_VIA_SCORE,PERFIL_VIA_SCORE,SUPERFICIE_CALZADA_SCORE,RIESGO_INFRAESTRUCTURA,RIESGO_CLIMATICO,SENIALIZACION_DEFICIENTE,EDAD_PROMEDIO,EDAD_STD,TOTAL_ALCOHOL,TOTAL_LICENCIA,TOTAL_PERSONAS,PCT_ALCOHOL,PCT_LICENCIA,ES_NOCHE
A-2021-04-3,2021-04-01,07:00,CHOQUE,1,2,2,LORETO,MAYNAS,PUNCHANA,URBANA,CALLE,URBANO,NO CORRESPONDE,-3.727735,-73.247409,DESPEJADO,COMERCIAL,TRAMO RECTO,PLANA ,ASFALTADA,,,,,IMPRUDENCIA DEL CONDUCTOR,EXCESO DE VELOCIDAD,7.0,0,2021.0,4.0,3.0,0,1,1,2,2.0,0.0,0.0,2.0,0,0,36.0,15.394804318340652,0,0,3,0.0,0.0,0
A-2021-04-38,2021-04-01,08:00,DESPISTE,1,0,1,JUNIN,TARMA,TAPO,RURAL,CARRETERA,PROVINCIAL,JU-614,-11.441708317287668,-75.53182458966285,DESPEJADO,RURAL,TRAMO RECTO,INCLINADA,ASFALTADA,,,,,EN PROCESO DE INVESTIGACIÓN,NO CUENTA CON CAUSA ESPECIFICA,8.0,0,2021.0,4.0,3.0,0,1,1,1,0.0,1.0,0.0,1.0,0,0,50.0,0.0,0,1,1,0.0,1.0,0
A-2021-04-61,2021-04-01,08:20,ESPECIAL,1,0,1,AYACUCHO,HUAMANGA,AYACUCHO,URBANA,CARRETERA,NACIONAL,PE-28A,-13.16257,-74.2396644,DESPEJADO,ESCOLAR,CURVA,PLANA ,ASFALTADA,,,,,NEGLIGENCIA DEL CONDUCTOR,OTRO (NEGLIGENCIA DEL CONDUCTOR),8.0,0,2021.0,4.0,3.0,0,1,1,1,0.0,0.0,0.0,0.0,0,0,22.5,13.435028842544403,0,1,2,0.0,0.5,0
A-2021-04-182,2021-04-01,09:20,ATROPELLO,1,0,1,PUNO,EL COLLAO,PILCUYO,RURAL,CARRETERA,DEPARTAMENTAL,PU-127,-16.094171,-69.544627,DESPEJADO,RURAL,TRAMO RECTO,PLANA ,ASFALTADA,,,,,IMPRUDENCIA DEL PEATÓN,CRUCE INDEBIDO POR LA CALZADA,9.0,0,2021.0,4.0,3.0,0,1,1,1,0.0,0.0,0.0,0.0,0,0,40.5,27.577164466275352,0,0,2,0.0,0.0,0
A-2021-04-6,2021-04-01,21:40,DESPISTE,2,5,1,CALLAO,CALLAO,VENTANILLA,URBANA,AVENIDA,URBANO,NO CORRESPONDE,-11.91868873071722,-77.1287114439881,DESPEJADO,INDUSTRIAL,TRAMO RECTO,PLANA ,CONCRETO,,,,,IMPRUDENCIA DEL CONDUCTOR,CONDUCIR EN ESTADO DE EBRIEDAD Y/O DROGADICCIÓN,21.0,1,2021.0,4.0,3.0,0,3,1,0,1.0,0.0,0.0,1.0,0,0,27.875,4.223657859520076,0,1,8,0.0,0.125,1
A-2021-04-14,2021-04-01,22:00,DESPISTE,1,3,1,CAJAMARCA,HUALGAYOC,BAMBAMARCA,RURAL,CARRETERA,PROVINCIAL,CA-970,-6.69908934,-78.4326443,LLUVIOSO,RURAL,TRAMO RECTO,INCLINADA,AFIRMADO,,,,,EN PROCESO DE INVESTIGACIÓN,NO CUENTA CON CAUSA ESPECIFICA,22.0,0,2021.0,4.0,3.0,0,3,1,1,0.0,1.0,1.0,2.0,1,0,33.5,9.398581453247788,0,0,4,0.0,0.0,1
A-2021-04-137,2021-04-02,07:00,ATROPELLO,1,1,1,LAMBAYEQUE,CHICLAYO,JOSE LEONARDO ORTIZ,URBANA,AVENIDA,URBANO,NO CORRESPONDE,-6.750371,-79.829915,SOLEADO,RESIDENCIAL,INTERSECCIÓN,PLANA ,CONCRETO,,,,,IMPRUDENCIA DEL CONDUCTOR,NO DAR PASO PREFERENTE AL PEATÓN,7.0,0,2021.0,4.0,4.0,0,1,1,0,1.0,0.0,0.0,1.0,0,0,64.0,31.11269837220809,0,0,2,0.0,0.0,0
A-2021-04-47,2021-04-02,13:03,ATROPELLO,1,0,1,TACNA,TACNA,TACNA,URBANA,CARRETERA,NACIONAL,PE-1S,-18.029503,-70.264294,SOLEADO,RESIDENCIAL,TRAMO RECTO,INCLINADA,ASFALTADA,SI,PREVENTIVA (P),PREVENTIVA (P),SI,IMPRUDENCIA DEL PEATÓN,ESTADO DE EBRIEDAD Y/O DROGADICCIÓN,13.0,0,2021.0,4.0,4.0,0,2,1,0,0.0,1.0,0.0,1.0,0,0,38.5,6.363961030678928,0,1,2,0.0,0.5,0
A-2021-04-25,2021-04-03,06:00,DESPISTE,1,0,1,AREQUIPA,AREQUIPA,PAUCARPATA,URBANA,CALLE,URBANO,NO CORRESPONDE,-16.419573506649474,-71.50312824858133,DESPEJADO,RESIDENCIAL,INTERSECCIÓN,INCLINADA,ASFALTADA,NO,,,SI,IMPRUDENCIA DEL CONDUCTOR,OTRO (IMPRUDENCIA DEL CONDUCTOR),6.0,0,2021.0,4.0,5.0,1,1,1,0,2.0,1.0,0.0,3.0,0,1,30.0,0.0,0,0,1,0.0,0.0,0
A-2021-04-314,2021-04-03,07:47,ATROPELLO,1,0,1,HUANUCO,HUANUCO,AMARILIS,URBANA,AVENIDA,URBANO,NO CORRESPONDE,-9.938782,-76.244047,DESPEJADO,COMERCIAL,TRAMO RECTO,PLANA ,ASFALTADA,,,,,IMPRUDENCIA DEL CONDUCTOR,CONDUCIR EN ESTADO DE EBRIEDAD Y/O DROGADICCIÓN,7.0,0,2021.0,4.0,5.0,1,1,1,1,1.0,0.0,0.0,1.0,0,0,47.5,30.405591591021544,1,1,2,0.5,0.5,0
A-2021-04-219,2021-04-03,10:30,ATROPELLO,1,0,0,LIMA,LIMA,SAN MARTIN DE PORRES,RURAL,AVENIDA,URBANO,NO CORRESPONDE,-12.015548,-77.052266,DESPEJADO,INDUSTRIAL,TRAMO RECTO,PLANA ,ASFALTADA,,,,,IMPRUDENCIA DEL PEATÓN,OTRO (IMPRUDENCIA DEL PEATÓN),10.0,0,2021.0,4.0,5.0,1,1,1,0,1.0,0.0,0.0,1.0,0,0,47.0,0.0,0,0,2,0.0,0.0,0
A-2021-04-180,2021-04-03,13:40,DESPISTE,1,0,1,CUSCO,ACOMAYO,SANGARARA,RURAL,CARRETERA,SIN CLASIFICAR,SIN CLASIFICAR,-13.93799,-71.619028188,DESPEJADO,RURAL,CURVA,INCLINADA,TROCHA,,,,,NEGLIGENCIA DEL CONDUCTOR,OTRO (NEGLIGENCIA DEL CONDUCTOR),13.0,0,2021.0,4.0,5.0,1,2,1,1,0.0,1.0,2.0,3.0,0,0,18.0,15.556349186104045,0,1,2,0.0,0.5,0
A-2021-04-19,2021-04-03,13:40,ATROPELLO,1,0,0,ANCASH,YUNGAY,YUNGAY,RURAL,CARRETERA,NACIONAL,PE-3N,-9.12154631379743,-77.76274894606632,NUBLADO,RURAL,TRAMO RECTO,PLANA ,ASFALTADA,SI,PREVENTIVA (P),INFORMATIVA (I),NO,IMPRUDENCIA DEL CONDUCTOR,EXCESO DE VELOCIDAD,13.0,0,2021.0,4.0,5.0,1,2,1,0,0.0,0.0,0.0,0.0,0,1,48.0,11.313708498984761,0,1,2,0.0,0.5,0
A-2021-04-17,2021-04-04,04:50,DESPISTE,1,7,1,ICA,ICA,SALAS,URBANA,CARRETERA,NACIONAL,PE-1S,-13.93082,-75.925659,DESPEJADO,RESIDENCIAL,TRAMO RECTO,PLANA ,ASFALTADA,,,,,IMPRUDENCIA DEL CONDUCTOR,CONDUCIR EN ESTADO DE EBRIEDAD Y/O DROGADICCIÓN,4.0,0,2021.0,4.0,6.0,1,0,1,0,0.0,0.0,0.0,0.0,0,0,30.666666666666668,10.908712114635714,1,1,9,0.111,0.111,1
A-2021-04-311,2021-04-04,12:30,ATROPELLO,1,0,0,PIURA,SULLANA,SULLANA,URBANA,CALLE,URBANO,NO CORRESPONDE,-4.909915205679431,-80.68494015346894,DESPEJADO,RURAL,TRAMO RECTO,PLANA ,AFIRMADO,,,,,IMPRUDENCIA DEL CONDUCTOR,OTRO (IMPRUDENCIA DEL CONDUCTOR),12.0,0,2021.0,4.0,6.0,1,2,1,0,2.0,0.0,1.0,3.0,0,0,18.0,22.627416997969522,0,0,2,0.0,0.0,0
A-2021-04-168,2021-04-04,14:45,CHOQUE,1,0,2,JUNIN,HUANCAYO,HUANCAYO,URBANA,JIRÓN,URBANO,NO CORRESPONDE,-12.0738047,-75.210433317,DESPEJADO,COMERCIAL,INTERSECCIÓN,PLANA ,ASFALTADA,,,,,EN PROCESO DE INVESTIGACIÓN,NO CUENTA CON CAUSA ESPECIFICA,14.0,0,2021.0,4.0,6.0,1,2,1,1,1.0,0.0,0.0,1.0,0,0,48.5,34.64823227814083,0,0,2,0.0,0.0,0
A-2021-04-23,2021-04-04,17:20,CHOQUE,1,1,2,LA LIBERTAD,CHEPEN,PACANGA,RURAL,CARRETERA,NACIONAL,PE-1N,-7.156068,-79.444243,DESPEJADO,RURAL,TRAMO RECTO,PLANA ,ASFALTADA,,,,,IMPRUDENCIA DEL CONDUCTOR,ADELANTAR INDEBIDAMENTE,17.0,0,2021.0,4.0,6.0,1,2,1,0,0.0,0.0,0.0,0.0,0,0,52.0,0.0,0,0,2,0.0,0.0,0
A-2021-04-203,2021-04-04,17:30,DESPISTE,1,0,1,PIURA,AYABACA,PACAIPAMPA,RURAL,CARRETERA,NACIONAL,PE-1NR,-5.008129,-79.713425,DESPEJADO,RURAL,CURVA,INCLINADA,TROCHA,,,,,EN PROCESO DE INVESTIGACIÓN,NO CUENTA CON CAUSA ESPECIFICA,17.0,0,2021.0,4.0,6.0,1,2,1,0,0.0,1.0,2.0,3.0,0,0,63.0,0.0,0,0,1,0.0,0.0,0
A-2021-04-20,2021-04-04,19:00,CHOQUE,1,0,2,ANCASH,HUARAZ,TARICA,RURAL,CARRETERA,NACIONAL,PE-3N,-9.44103432558107,-77.54961201855198,NUBLADO,RURAL,CURVA,INCLINADA,ASFALTADA,NO,,,SI,IMPRUDENCIA DEL CONDUCTOR,INVASIÓN DE CARRIL,19.0,0,2021.0,4.0,6.0,1,3,1,0,0.0,1.0,0.0,1.0,0,1,46.5,7.7781745930520225,0,1,2,0.0,0.5,1
A-2021-04-161,2021-04-04,21:00,DESPISTE,1,0,1,APURIMAC,ANDAHUAYLAS,TALAVERA,RURAL,CARRETERA,SIN CLASIFICAR,SIN CLASIFICAR,-13.5634716,-73.4540211,LLUVIOSO,RURAL,CURVA,INCLINADA,TROCHA,,,,,INFRAESTRUCTURA Y ENTORNO VIAL,SUPERFICIE DETERIORADA,21.0,0,2021.0,4.0,6.0,1,3,1,1,0.0,1.0,2.0,3.0,1,0,46.0,0.0,0,1,1,0.0,1.0,1
A-2021-04-26,2021-04-04,21:30,ATROPELLO,1,0,1,LIMA,HUAURA,VEGUETA,URBANA,CARRETERA,NACIONAL,PE-1N,-10.928013700836738,-77.65143687572593,DESPEJADO,ESCOLAR,TRAMO RECTO,PLANA ,ASFALTADA,SI,PREVENTIVA (P),REGULADORA (R),NO,IMPRUDENCIA DEL PEATÓN,ESTADO DE EBRIEDAD Y/O DROGADICCIÓN,21.0,0,2021.0,4.0,6.0,1,3,1,0,0.0,0.0,0.0,0.0,0,1,34.0,15.556349186104045,0,1,2,0.0,0.5,1
A-2021-04-24,2021-04-04,22:00,CHOQUE FUGA,1,0,1,CUSCO,CANCHIS,SAN PEDRO,URBANA,CARRETERA,NACIONAL,PE-3S,-14.184078,-71.351995,DESPEJADO,RURAL,TRAMO RECTO,PLANA ,ASFALTADA,,,,,EN PROCESO DE INVESTIGACIÓN,NO CUENTA CON CAUSA ESPECIFICA,22.0,0,2021.0,4.0,6.0,1,3,1,1,0.0,0.0,0.0,0.0,0,0,63.0,0.0,0,0,2,0.0,0.0,1
A-2021-04-199,2021-04-05,07:30,CHOQUE,1,6,2,HUANCAVELICA,HUAYTARA,PILPICHACA,RURAL,CARRETERA,NACIONAL,PE-28A,-13.44379,-74.964815,DESPEJADO,RURAL,TRAMO RECTO,PLANA ,ASFALTADA,,,,,IMPRUDENCIA DEL CONDUCTOR,EXCESO DE VELOCIDAD,7.0,0,2021.0,4.0,0.0,0,1,1,1,0.0,0.0,0.0,0.0,0,0,32.0,19.87460691435179,1,2,7,0.143,0.286,0
A-2021-04-143,2021-04-05,13:55,ATROPELLO,1,0,0,CUSCO,CUSCO,SAN SEBASTIAN,URBANA,AVENIDA,URBANO,NO CORRESPONDE,-13.53252,-71.929495,DESPEJADO,RESIDENCIAL,TRAMO RECTO,PLANA ,ASFALTADA,,,,,IMPRUDENCIA DEL PEATÓN,CRUCE INDEBIDO POR LA CALZADA,13.0,0,2021.0,4.0,0.0,0,2,1,1,1.0,0.0,0.0,1.0,0,0,32.5,40.30508652763321,0,1,2,0.0,0.5,0
A-2021-04-100,2021-04-05,14:00,DESPISTE,5,2,1,ANCASH,BOLOGNESI,ANTONIO RAYMONDI,RURAL,CARRETERA,PROVINCIAL,AN-1240,-10.179600375182709,-77.47241302532659,SOLEADO,RURAL,CURVA,PLANA ,AFIRMADO,,,,,IMPRUDENCIA DEL CONDUCTOR,EXCESO DE VELOCIDAD,14.0,2,2021.0,4.0,0.0,0,2,1,0,0.0,0.0,1.0,1.0,0,0,36.42857142857143,26.56349087787687,0,1,7,0.0,0.143,0
A-2021-04-28,2021-04-05,14:15,CHOQUE,1,1,2,CAJAMARCA,CAJAMARCA,CAJAMARCA,URBANA,JIRÓN,URBANO,NO CORRESPONDE,-7.15509546,-78.51223546,DESPEJADO,ESCOLAR,TRAMO RECTO,PLANA ,CONCRETO,SI,PREVENTIVA (P),PREVENTIVA (P),SI,IMPRUDENCIA DEL CONDUCTOR,EXCESO DE VELOCIDAD,14.0,0,2021.0,4.0,0.0,0,2,1,1,1.0,0.0,0.0,1.0,0,0,33.0,1.4142135623730951,0,2,3,0.0,0.667,0
A-2021-04-116,2021-04-05,15:30,DESPISTE,6,8,1,PUNO,SANDIA,LIMBANI,RURAL,CARRETERA,DEPARTAMENTAL,PU-106,-14.133438,-69.683171,NUBLADO,RURAL,CURVA,INCLINADA,TROCHA,,,,,IMPRUDENCIA DEL CONDUCTOR,EXCESO DE VELOCIDAD,15.0,2,2021.0,4.0,0.0,0,2,1,1,0.0,1.0,2.0,3.0,0,0,23.214285714285715,12.783273755657738,0,0,14,0.0,0.0,0
A-2021-04-60,2021-04-05,17:00,CHOQUE,1,0,2,AYACUCHO,HUAMANGA,CARMEN ALTO,RURAL,CARRETERA,NACIONAL,PE-3S,-13.2162044,-74.2269812,DESPEJADO,RURAL,CURVA,PLANA ,ASFALTADA,SI,PREVENTIVA (P),PREVENTIVA (P),NO,IMPRUDENCIA DEL CONDUCTOR,CONDUCIR EN ESTADO DE EBRIEDAD Y/O DROGADICCIÓN,17.0,0,2021.0,4.0,0.0,0,2,1,1,0.0,0.0,0.0,0.0,0,1,30.0,1.4142135623730951,1,1,2,0.5,0.5,0
A-2021-04-41,2021-04-05,18:36,CHOQUE FUGA,1,0,1,JUNIN,SATIPO,MAZAMARI,RURAL,CARRETERA,NACIONAL,PE-5S,-11.30223695862583,-74.54661386778807,DESPEJADO,RURAL,CURVA,PLANA ,ASFALTADA,,,,,EN PROCESO DE INVESTIGACIÓN,NO CUENTA CON CAUSA ESPECIFICA,18.0,0,2021.0,4.0,0.0,0,3,1,1,0.0,0.0,0.0,0.0,0,0,47.0,4.242640687119285,0,2,2,0.0,1.0,1
A-2021-04-89,2021-04-05,20:30,DESPISTE,1,0,1,APURIMAC,COTABAMBAS,MARA,RURAL,CARRETERA,NACIONAL,PE-3SY,-14.065016610059931,-72.06663619986575,DESPEJADO,RURAL,SINUOSA,PLANA ,ASFALTADA,SI,PREVENTIVA (P),PREVENTIVA (P),NO,IMPRUDENCIA DEL CONDUCTOR,OTRO (IMPRUDENCIA DEL CONDUCTOR),20.0,0,2021.0,4.0,0.0,0,3,1,1,0.0,0.0,0.0,0.0,0,1,43.0,0.0,0,1,1,0.0,1.0,1
A-2021-04-27,2021-04-06,01:30,DESPISTE,1,1,1,CAJAMARCA,SAN PABLO,SAN BERNARDINO,RURAL,CARRETERA,NACIONAL,PE-08A,-7.165161,-78.83830201,LLUVIOSO,RURAL,CURVA,INCLINADA,ASFALTADA,SI,PREVENTIVA (P),,SI,IMPRUDENCIA DEL CONDUCTOR,FATIGA Y/O CANSANCIO,1.0,0,2021.0,4.0,1.0,0,0,1,1,0.0,1.0,0.0,1.0,1,0,32.0,14.142135623730951,0,0,2,0.0,0.0,1
A-2021-04-315,2021-04-06,05:00,CHOQUE,1,1,1,HUANUCO,HUANUCO,CHINCHAO,RURAL,CARRETERA,NACIONAL,PE-18A,-9.529889,-75.965192,LLUVIOSO,RURAL,SINUOSA,INCLINADA,ASFALTADA,,,,,IMPRUDENCIA DEL CONDUCTOR,ADELANTAR INDEBIDAMENTE,5.0,0,2021.0,4.0,1.0,0,0,1,1,0.0,1.0,0.0,1.0,1,0,37.75,19.189841062395487,0,1,4,0.0,0.25,1
A-2021-04-220,2021-04-06,10:20,CHOQUE,1,4,0,LIMA,LIMA,EL AGUSTINO,URBANA,AVENIDA,URBANO,NO CORRESPONDE,-12.054878,-77.004339,DESPEJADO,INDUSTRIAL,TRAMO RECTO,PLANA ,ASFALTADA,,,,,EN PROCESO DE INVESTIGACIÓN,NO CUENTA CON CAUSA ESPECIFICA,10.0,0,2021.0,4.0,1.0,0,1,1,0,1.0,0.0,0.0,1.0,0,0,42.4,4.560701700396552,0,0,7,0.0,0.0,0
A-2021-04-90,2021-04-06,12:15,ATROPELLO,1,0,1,PUNO,SAN ROMAN,CABANA,RURAL,CARRETERA,DEPARTAMENTAL,PU-121,-15.63747592480151,-70.3295756686597,DESPEJADO,RURAL,CURVA,PLANA ,ASFALTADA,,,,,NEGLIGENCIA DEL CONDUCTOR,OTRO (NEGLIGENCIA DEL CONDUCTOR),12.0,0,2021.0,4.0,1.0,0,2,1,1,0.0,0.0,0.0,0.0,0,0,48.0,28.284271247461902,0,1,2,0.0,0.5,0
A-2021-04-32,2021-04-06,12:30,DESPISTE,1,1,1,CAJAMARCA,CUTERVO,CHOROS,RURAL,CARRETERA,NACIONAL,PE-3ND,-6.02857,-78.791621,DESPEJADO,RURAL,CURVA,INCLINADA,ASFALTADA,,,,,EN PROCESO DE INVESTIGACIÓN,NO CUENTA CON CAUSA ESPECIFICA,12.0,0,2021.0,4.0,1.0,0,2,1,1,0.0,1.0,0.0,1.0,0,0,54.5,0.7071067811865476,0,1,2,0.0,0.5,0
A-2021-04-45,2021-04-06,15:20,DESPISTE,1,1,1,CUSCO,ANTA,ANTA,RURAL,CARRETERA,NACIONAL,PE-3S,-13.474206,-72.15724,DESPEJADO,RURAL,TRAMO RECTO,INCLINADA,ASFALTADA,SI,REGULADORA (R),,NO,IMPRUDENCIA DEL CONDUCTOR,EXCESO DE VELOCIDAD,15.0,0,2021.0,4.0,1.0,0,2,1,1,0.0,1.0,0.0,1.0,0,1,58.5,23.33452377915607,0,0,2,0.0,0.0,0
A-2021-04-320,2021-04-07,04:30,CHOQUE,1,0,0,ANCASH,CASMA,COMANDANTE NOEL,URBANA,CARRETERA,NACIONAL,PE-1N,-9.426303877037506,-78.36322055623961,DESPEJADO,RESIDENCIAL,TRAMO RECTO,PLANA ,ASFALTADA,,,,,EN PROCESO DE INVESTIGACIÓN,NO CUENTA CON CAUSA ESPECIFICA,4.0,0,2021.0,4.0,2.0,0,0,1,0,0.0,0.0,0.0,0.0,0,0,34.5,4.949747468305833,0,0,2,0.0,0.0,1
A-2021-04-30,2021-04-07,10:30,ESPECIAL,1,0,1,AREQUIPA,ISLAY,COCACHACRA,RURAL,CARRETERA,NACIONAL,PE-1S,-17.03281264289713,-71.69802188826868,DESPEJADO,RURAL,OTRO,PLANA ,ASFALTADA,SI,PREVENTIVA (P),REGULADORA (R),SI,IMPRUDENCIA DEL CONDUCTOR,OTRO (IMPRUDENCIA DEL CONDUCTOR),10.0,0,2021.0,4.0,2.0,0,1,1,0,0.0,0.0,0.0,0.0,0,0,46.5,34.64823227814083,0,1,2,0.0,0.5,0
A-2021-04-221,2021-04-07,17:00,ATROPELLO,1,0,0,LIMA,LIMA,RIMAC,URBANA,AVENIDA,URBANO,NO CORRESPONDE,-12.041403,-77.020181,DESPEJADO,RESIDENCIAL,TRAMO RECTO,PLANA ,ASFALTADA,,,,,IMPRUDENCIA DEL PEATÓN,OTRO (IMPRUDENCIA DEL PEATÓN),17.0,0,2021.0,4.0,2.0,0,2,1,0,1.0,0.0,0.0,1.0,0,0,49.0,26.870057685088806,0,0,2,0.0,0.0,0
A-2021-04-222,2021-04-07,18:00,ATROPELLO FUGA,1,0,0,LIMA,LIMA,LIMA,URBANA,AVENIDA,URBANO,NO CORRESPONDE,-12.05516205666465,-77.01369525044477,DESPEJADO,INDUSTRIAL,TRAMO RECTO,PLANA ,ASFALTADA,,,,,EN PROCESO DE INVESTIGACIÓN,NO CUENTA CON CAUSA ESPECIFICA,18.0,0,2021.0,4.0,2.0,0,3,1,0,1.0,0.0,0.0,1.0,0,0,0.0,0.0,0,0,2,0.0,0.0,1
A-2021-04-232,2021-04-07,18:00,ATROPELLO,1,0,0,LIMA,LIMA,EL AGUSTINO,URBANA,JIRÓN,URBANO,NO CORRESPONDE,-12.053118221273774,-77.00628305305597,DESPEJADO,COMERCIAL,TRAMO RECTO,PLANA ,ASFALTADA,,,,,NEGLIGENCIA DEL CONDUCTOR,OTRO (NEGLIGENCIA DEL CONDUCTOR),18.0,0,2021.0,4.0,2.0,0,3,1,0,1.0,0.0,0.0,1.0,0,0,0.0,0.0,0,0,2,0.0,0.0,1
A-2021-04-231,2021-04-07,21:20,ATROPELLO,1,0,0,LIMA,LIMA,PUENTE PIEDRA,URBANA,CARRETERA,NACIONAL,PE-1N,-11.83371,-77.113468,DESPEJADO,RURAL,TRAMO RECTO,PLANA ,ASFALTADA,,,,,IMPRUDENCIA DEL CONDUCTOR,OTRO (IMPRUDENCIA DEL CONDUCTOR),21.0,0,2021.0,4.0,2.0,0,3,1,0,0.0,0.0,0.0,0.0,0,0,0.0,0.0,0,0,2,0.0,0.0,1
A-2021-04-124,2021-04-08,01:00,DESPISTE,1,1,0,CUSCO,CHUMBIVILCAS,LIVITACA,RURAL,CARRETERA,DEPARTAMENTAL,CU-126,-14.317023,-71.736049,DESPEJADO,RURAL,TRAMO RECTO,PLANA ,ASFALTADA,,,,,IMPRUDENCIA DEL CONDUCTOR,EXCESO DE VELOCIDAD,1.0,0,2021.0,4.0,3.0,0,0,1,1,0.0,0.0,0.0,0.0,0,0,28.0,11.313708498984761,0,1,2,0.0,0.5,1
A-2021-04-71,2021-04-08,04:45,DESPISTE,1,1,1,LORETO,MAYNAS,SAN JUAN BAUTISTA,RURAL,CARRETERA,DEPARTAMENTAL,LO-103,-4.091061573355892,-73.45173545621408,SOLEADO,RURAL,PUENTE,PLANA ,ASFALTADA,,,,,EN PROCESO DE INVESTIGACIÓN,NO CUENTA CON CAUSA ESPECIFICA,4.0,0,2021.0,4.0,3.0,0,0,1,2,0.0,0.0,0.0,0.0,0,0,28.5,0.7071067811865476,0,1,2,0.0,0.5,1
A-2021-04-299,2021-04-08,06:00,DESPISTE,11,19,1,AYACUCHO,PARINACOCHAS,CORACORA,RURAL,CARRETERA,NACIONAL,PE-30A,-14.6399303,-73.71511169,DESPEJADO,RURAL,CURVA,INCLINADA,ASFALTADA,SI,PREVENTIVA (P),PREVENTIVA (P),NO,IMPRUDENCIA DEL CONDUCTOR,FATIGA Y/O CANSANCIO,6.0,2,2021.0,4.0,3.0,0,1,1,1,0.0,1.0,0.0,1.0,0,1,31.161290322580644,15.431778411649013,0,1,31,0.0,0.032,0
A-2021-04-247,2021-04-08,09:00,DESPISTE,1,1,1,LIMA,BARRANCA,PARAMONGA,RURAL,CARRETERA,NACIONAL,PE-16,-10.56150256814494,-77.75940758797587,SOLEADO,RURAL,TRAMO RECTO,PLANA ,TROCHA,,,,,IMPRUDENCIA DEL CONDUCTOR,EXCESO DE VELOCIDAD,9.0,0,2021.0,4.0,3.0,0,1,1,0,0.0,0.0,2.0,2.0,0,0,18.0,1.4142135623730951,0,0,2,0.0,0.0,0
A-2021-04-29,2021-04-08,10:00,DESPISTE,1,0,1,AREQUIPA,AREQUIPA,UCHUMAYO,RURAL,CARRETERA,DEPARTAMENTAL,AR-115,-16.485472868789834,-71.62227539440323,DESPEJADO,RURAL,TRAMO RECTO,INCLINADA,ASFALTADA,NO,,,SI,IMPRUDENCIA DEL CONDUCTOR,CONDUCIR EN ESTADO DE EBRIEDAD Y/O DROGADICCIÓN,10.0,0,2021.0,4.0,3.0,0,1,1,0,0.0,1.0,0.0,1.0,0,1,20.0,0.0,1,0,1,1.0,0.0,0
A-2021-04-40,2021-04-08,12:33,DESPISTE,1,0,1,JUNIN,TARMA,SAN PEDRO DE CAJAS,RURAL,CARRETERA,DEPARTAMENTAL,JU-105,-11.256094405732266,-75.90572115138157,NUBLADO,RURAL,CURVA,INCLINADA,AFIRMADO,,,,,EN PROCESO DE INVESTIGACIÓN,NO CUENTA CON CAUSA ESPECIFICA,12.0,0,2021.0,4.0,3.0,0,2,1,1,0.0,1.0,1.0,2.0,0,0,46.0,0.0,0,0,1,0.0,0.0,0
A-2021-04-55,2021-04-08,14:50,ATROPELLO,1,1,1,SAN MARTIN,RIOJA,NUEVA CAJAMARCA,URBANA,CARRETERA,NACIONAL,PE-5N,-5.821697,-77.378454,DESPEJADO,RURAL,TRAMO RECTO,PLANA ,ASFALTADA,,,,,IMPRUDENCIA DEL PEATÓN,OTRO (IMPRUDENCIA DEL PEATÓN),14.0,0,2021.0,4.0,3.0,0,2,1,2,0.0,0.0,0.0,0.0,0,0,51.0,36.76955262170047,0,1,2,0.0,0.5,0
A-2021-04-31,2021-04-08,17:50,CHOQUE,2,0,2,PUNO,CHUCUITO,JULI,RURAL,CARRETERA,NACIONAL,PE-3S,-16.16267320425616,-69.54302245792485,DESPEJADO,RURAL,TRAMO RECTO,PLANA ,ASFALTADA,,,,,IMPRUDENCIA DEL CONDUCTOR,NO ESTABLECER EL DERECHO DE PASO,17.0,1,2021.0,4.0,3.0,0,2,1,1,0.0,0.0,0.0,0.0,0,0,35.333333333333336,19.655363983740756,0,1,3,0.0,0.333,0
A-2021-04-87,2021-04-08,18:45,CHOQUE,1,2,2,CUSCO,QUISPICANCHI,OCONGATE,RURAL,CARRETERA,NACIONAL,PE-30C,-13.6114352,-71.2451296,NUBLADO,RURAL,CURVA,INCLINADA,ASFALTADA,,,,,IMPRUDENCIA DEL CONDUCTOR,EXCESO DE VELOCIDAD,18.0,0,2021.0,4.0,3.0,0,3,1,1,0.0,1.0,0.0,1.0,0,0,16.666666666666668,5.686240703077327,0,0,3,0.0,0.0,1