CODIGO_SINIESTRO,FECHA_SINIESTRO,HORA_SINIESTRO,CLASE_SINIESTRO,CANTIDAD_FALLECIDOS,CANTIDAD_LESIONADOS,CANTIDAD_VEHICULOS,DEPARTAMENTO,PROVINCIA,DISTRITO,ZONA,TIPO_VIA,RED_VIAL,COD_CARRETERA,LATITUD,LONGITUD,CONDICION_CLIMATICA,ZONIFICACION,CARACTERISTICAS_VIA,PERFIL_VIA,SUPERFICIE_CALZADA,EXISTE_SENIAL_VERTICAL,CLASIFICACION_SENIAL_VERTICAL_1,CLASIFICACION_SENIAL_VERTICAL_2,EXISTE_SENIAL_HORIZONTAL,CAUSA_FACTOR_PRINCIPAL,CAUSA_ESPECIFICA,HORA,severidad,ANIO,MES,DIA_SEMANA,FIN_SEMANA,FRANJA_HORARIA,TEMPORADA,MACROREGION,TIPO_VIA_SCORE,PERFIL_VIA_SCORE,SUPERFICIE_CALZADA_SCORE,RIESGO_INFRAESTRUCTURA,RIESGO_CLIMATICO,SENIALIZACION_DEFICIENTE,EDAD_PROMEDIO,EDAD_STD,TOTAL_ALCOHOL,TOTAL_LICENCIA,TOTAL_PERSONAS,PCT_ALCOHOL,PCT_LICENCIA,ES_NOCHE
A-2021-04-234,2021-04-09,08:10,DESPISTE,1,0,0,LIMA,LIMA,SAN MARTIN DE PORRES,URBANA,CARRETERA,NACIONAL,PE-1N,-12.0208394,-77.0591224,DESPEJADO,COMERCIAL,TRAMO RECTO,PLANA ,ASFALTADA,,,,,EN PROCESO DE INVESTIGACIÓN,NO CUENTA CON CAUSA ESPECIFICA,8.0,0,2021.0,4.0,4.0,0,1,1,0,0.0,0.0,0.0,0.0,0,0,40.0,0.0,0,0,1,0.0,0.0,0
A-2021-04-63,2021-04-09,09:00,VOLCADURA,1,0,1,PUNO,PUNO,PAUCARCOLLA,RURAL,CARRETERA,SIN CLASIFICAR,SIN CLASIFICAR,-15.786983164153632,-70.08120213017172,DESPEJADO,RURAL,CURVA,INCLINADA,TROCHA,,,,,NEGLIGENCIA DEL CONDUCTOR,CONDUCIR CON FALLAS DE FRENOS,9.0,0,2021.0,4.0,4.0,0,1,1,1,0.0,1.0,2.0,3.0,0,0,69.0,0.0,0,0,1,0.0,0.0,0
A-2021-04-42,2021-04-09,14:30,CHOQUE,1,3,2,AREQUIPA,AREQUIPA,SAN JUAN DE TARUCANI,RURAL,CARRETERA,NACIONAL,PE-34A,-16.019093,-71.2838097,LLUVIOSO,RURAL,CURVA,PLANA ,ASFALTADA,,,,,IMPRUDENCIA DEL CONDUCTOR,OTRO (IMPRUDENCIA DEL CONDUCTOR),14.0,0,2021.0,4.0,4.0,0,2,1,0,0.0,0.0,0.0,0.0,1,0,23.0,14.089002803605371,0,2,5,0.0,0.4,0
A-2021-04-88,2021-04-09,18:00,CHOQUE,1,2,2,CAJAMARCA,CONTUMAZA,CONTUMAZA,URBANA,CARRETERA,NACIONAL,PE-08,-7.23580207,-78.70758406,DESPEJADO,COMERCIAL,CURVA,INCLINADA,ASFALTADA,SI,PREVENTIVA (P),PREVENTIVA (P),SI,IMPRUDENCIA DEL CONDUCTOR,CONDUCIR EN ESTADO DE EBRIEDAD Y/O DROGADICCIÓN,18.0,0,2021.0,4.0,4.0,0,3,1,1,0.0,1.0,0.0,1.0,0,0,31.333333333333332,6.806859285554046,0,2,3,0.0,0.667,1
A-2021-04-316,2021-04-09,18:20,DESPISTE,1,1,1,HUANUCO,HUANUCO,CHINCHAO,RURAL,CARRETERA,NACIONAL,PE-18A,-9.525074,-75.954437,DESPEJADO,RURAL,TRAMO RECTO,PLANA ,ASFALTADA,,,,,IMPRUDENCIA DEL CONDUCTOR,OTRO (IMPRUDENCIA DEL CONDUCTOR),18.0,0,2021.0,4.0,4.0,0,3,1,1,0.0,0.0,0.0,0.0,0,0,13.0,1.4142135623730951,0,0,2,0.0,0.0,1
A-2021-04-233,2021-04-09,20:20,ATROPELLO FUGA,1,0,0,LIMA,LIMA,SAN JUAN DE LURIGANCHO,URBANA,AVENIDA,URBANO,NO CORRESPONDE,-11.969483,-77.005295,DESPEJADO,INDUSTRIAL,TRAMO RECTO,PLANA ,ASFALTADA,,,,,IMPRUDENCIA DEL PEATÓN,OTRO (IMPRUDENCIA DEL PEATÓN),20.0,0,2021.0,4.0,4.0,0,3,1,0,1.0,0.0,0.0,1.0,0,0,49.0,0.0,0,0,2,0.0,0.0,1
A-2021-04-326,2021-04-09,20:50,ATROPELLO,1,0,0,SAN MARTIN,SAN MARTIN,TARAPOTO,URBANA,CARRETERA,NACIONAL,PE-5N,-6.533466,-76.373776,SOLEADO,COMERCIAL,OTRO,PLANA ,ASFALTADA,NO,,,SI,EN PROCESO DE INVESTIGACIÓN,NO CUENTA CON CAUSA ESPECIFICA,20.0,0,2021.0,4.0,4.0,0,3,1,2,0.0,0.0,0.0,0.0,0,1,56.0,0.0,0,0,2,0.0,0.0,1
A-2021-04-104,2021-04-09,21:30,CHOQUE,1,0,2,APURIMAC,ANDAHUAYLAS,ANDAHUAYLAS,URBANA,CARRETERA,NACIONAL,PE-3S,-13.664063,-73.406394,DESPEJADO,COMERCIAL,TRAMO RECTO,PLANA ,ASFALTADA,NO,,,SI,IMPRUDENCIA DEL CONDUCTOR,CONDUCIR EN ESTADO DE EBRIEDAD Y/O DROGADICCIÓN,21.0,0,2021.0,4.0,4.0,0,3,1,1,0.0,0.0,0.0,0.0,0,1,31.0,14.142135623730951,0,1,2,0.0,0.5,1
A-2021-04-44,2021-04-10,04:00,DESPISTE,1,0,1,CUSCO,CANAS,PAMPAMARCA,RURAL,CARRETERA,NACIONAL,PE-34F,-14.124041695076892,-71.45938409956628,NUBLADO,RURAL,TRAMO RECTO,INCLINADA,ASFALTADA,,,,,IMPRUDENCIA DEL CONDUCTOR,EXCESO DE VELOCIDAD,4.0,0,2021.0,4.0,5.0,1,0,1,1,0.0,1.0,0.0,1.0,0,0,39.0,0.0,0,1,1,0.0,1.0,1
A-2021-04-235,2021-04-10,08:00,ATROPELLO,1,0,0,LIMA,LIMA,COMAS,URBANA,AVENIDA,URBANO,NO CORRESPONDE,-11.936976,-77.057317,DESPEJADO,COMERCIAL,TRAMO RECTO,PLANA ,ASFALTADA,,,,,IMPRUDENCIA DEL CONDUCTOR,OTRO (IMPRUDENCIA DEL CONDUCTOR),8.0,0,2021.0,4.0,5.0,1,1,1,0,1.0,0.0,0.0,1.0,0,0,26.0,0.0,0,0,2,0.0,0.0,0
A-2021-04-80,2021-04-10,08:00,DESPISTE,1,0,1,PIURA,PIURA,LA ARENA,RURAL,CARRETERA,SIN CLASIFICAR,SIN CLASIFICAR,-5.327202,-80.709734,DESPEJADO,RURAL,OTRO,PLANA ,AFIRMADO,,,,,EN PROCESO DE INVESTIGACIÓN,NO CUENTA CON CAUSA ESPECIFICA,8.0,0,2021.0,4.0,5.0,1,1,1,0,0.0,0.0,1.0,1.0,0,0,30.0,0.0,0,1,1,0.0,1.0,0
A-2021-04-214,2021-04-10,09:40,ATROPELLO,1,0,1,LAMBAYEQUE,CHICLAYO,PIMENTEL,,CARRETERA,NACIONAL,PE-1N,-6.779284,-79.8729521,LLUVIOSO,RESIDENCIAL,TRAMO RECTO,PLANA ,ASFALTADA,,,,,EN PROCESO DE INVESTIGACIÓN,NO CUENTA CON CAUSA ESPECIFICA,9.0,0,2021.0,4.0,5.0,1,1,1,0,0.0,0.0,0.0,0.0,1,0,56.0,2.8284271247461903,0,1,2,0.0,0.5,0
A-2021-04-91,2021-04-10,10:30,ATROPELLO,1,0,0,PUNO,MOHO,HUAYRAPATA,URBANA,JIRÓN,URBANO,NO CORRESPONDE,-15.32126358,-69.34099316,DESPEJADO,RESIDENCIAL,TRAMO RECTO,PLANA ,CONCRETO,,,,,IMPRUDENCIA DEL PEATÓN,CRUCE INDEBIDO POR LA CALZADA,10.0,0,2021.0,4.0,5.0,1,1,1,1,1.0,0.0,0.0,1.0,0,0,37.0,41.012193308819754,0,1,2,0.0,0.5,0
A-2021-04-122,2021-04-10,14:00,ATROPELLO FUGA,1,0,0,APURIMAC,ANDAHUAYLAS,JOSE MARIA ARGUEDAS,RURAL,CARRETERA,NACIONAL,PE-30B,-13.770326,-73.35418,NUBLADO,RURAL,TRAMO RECTO,PLANA ,TROCHA,,,,,EN PROCESO DE INVESTIGACIÓN,NO CUENTA CON CAUSA ESPECIFICA,14.0,0,2021.0,4.0,5.0,1,2,1,1,0.0,0.0,2.0,2.0,0,0,5.0,0.0,0,0,1,0.0,0.0,0
A-2021-04-239,2021-04-10,14:30,DESPISTE,1,6,0,LIMA,LIMA,LIMA,URBANA,AVENIDA,URBANO,NO CORRESPONDE,-12.046567,-77.045112,SOLEADO,INDUSTRIAL,TRAMO RECTO,PLANA ,ASFALTADA,,,,,NEGLIGENCIA DEL CONDUCTOR,OTRO (NEGLIGENCIA DEL CONDUCTOR),14.0,0,2021.0,4.0,5.0,1,2,1,0,1.0,0.0,0.0,1.0,0,0,39.0,25.311394008759507,0,0,8,0.0,0.0,0
A-2021-04-317,2021-04-10,15:00,ATROPELLO,1,0,1,HUANUCO,HUANUCO,AMARILIS,RURAL,CARRETERA,NACIONAL,PE-18A,-9.888402,-76.207281,DESPEJADO,COMERCIAL,TRAMO RECTO,INCLINADA,ASFALTADA,,,,,IMPRUDENCIA DEL PEATÓN,CRUCE INDEBIDO POR LA CALZADA,15.0,0,2021.0,4.0,5.0,1,2,1,1,0.0,1.0,0.0,1.0,0,0,54.5,3.5355339059327378,0,1,2,0.0,0.5,0
A-2021-04-49,2021-04-10,15:15,ATROPELLO FUGA,1,0,0,TACNA,TACNA,ALTO DE LA ALIANZA,URBANA,AVENIDA,URBANO,NO CORRESPONDE,-17.994464,-70.251829,SOLEADO,COMERCIAL,TRAMO RECTO,INCLINADA,ASFALTADA,,,,,IMPRUDENCIA DEL PEATÓN,CRUCE INDEBIDO POR LA CALZADA,15.0,0,2021.0,4.0,5.0,1,2,1,0,1.0,1.0,0.0,2.0,0,0,92.0,0.0,0,0,1,0.0,0.0,0
A-2021-04-82,2021-04-10,16:00,CHOQUE,1,2,0,JUNIN,JAUJA,CURICACA,URBANA,CARRETERA,NACIONAL,PE-3S,-11.814453,-75.614052,LLUVIOSO,RURAL,CURVA,INCLINADA,ASFALTADA,SI,REGULADORA (R),PREVENTIVA (P),NO,EN PROCESO DE INVESTIGACIÓN,NO CUENTA CON CAUSA ESPECIFICA,16.0,0,2021.0,4.0,5.0,1,2,1,1,0.0,1.0,0.0,1.0,1,1,48.75,15.945218719101975,0,2,4,0.0,0.5,0
A-2021-04-46,2021-04-10,18:35,ATROPELLO,1,0,1,CUSCO,CUSCO,SANTIAGO,RURAL,CARRETERA,DEPARTAMENTAL,CU-119,-13.60298,-71.956285,DESPEJADO,RURAL,TRAMO RECTO,INCLINADA,ASFALTADA,SI,PREVENTIVA (P),,SI,IMPRUDENCIA DEL CONDUCTOR,EXCESO DE VELOCIDAD,18.0,0,2021.0,4.0,5.0,1,3,1,1,0.0,1.0,0.0,1.0,0,0,44.5,21.920310216782973,0,1,2,0.0,0.5,1
A-2021-04-43,2021-04-10,22:00,CHOQUE CON OBJETO FIJO,1,2,3,AREQUIPA,AREQUIPA,CERRO COLORADO,URBANA,CARRETERA,DEPARTAMENTAL,AR-123,-16.349449,-71.609067,DESPEJADO,RESIDENCIAL,TRAMO RECTO,INCLINADA,ASFALTADA,,,,,IMPRUDENCIA DEL CONDUCTOR,EXCESO DE VELOCIDAD,22.0,0,2021.0,4.0,5.0,1,3,1,0,0.0,1.0,0.0,1.0,0,0,32.5,10.246950765959598,0,0,4,0.0,0.0,1
A-2021-04-39,2021-04-10,22:30,CHOQUE,1,2,3,CALLAO,CALLAO,MI PERU,URBANA,AVENIDA,URBANO,NO CORRESPONDE,-11.856284191345669,-77.12128517216202,DESPEJADO,RESIDENCIAL,TRAMO RECTO,INCLINADA,ASFALTADA,,,,,IMPRUDENCIA DEL CONDUCTOR,OTRO (IMPRUDENCIA DEL CONDUCTOR),22.0,0,2021.0,4.0,5.0,1,3,1,0,1.0,1.0,0.0,2.0,0,0,54.666666666666664,15.69500982265807,0,2,3,0.0,0.667,1
A-2021-04-258,2021-04-11,04:20,CHOQUE,1,0,0,LIMA,LIMA,LURIN,RURAL,CARRETERA,NACIONAL,PE-1S,-12.28545,-76.87457,DESPEJADO,INDUSTRIAL,TRAMO RECTO,PLANA ,ASFALTADA,,,,,EN PROCESO DE INVESTIGACIÓN,NO CUENTA CON CAUSA ESPECIFICA,4.0,0,2021.0,4.0,6.0,1,0,1,0,0.0,0.0,0.0,0.0,0,0,0.0,0.0,0,0,2,0.0,0.0,1
A-2021-04-48,2021-04-11,05:10,CHOQUE,1,0,2,LA LIBERTAD,VIRU,GUADALUPITO,RURAL,CARRETERA,NACIONAL,PE-1N,-8.957886,-78.629494,DESPEJADO,RURAL,TRAMO RECTO,PLANA ,ASFALTADA,,,,,IMPRUDENCIA DEL CONDUCTOR,EXCESO DE VELOCIDAD,5.0,0,2021.0,4.0,6.0,1,0,1,0,0.0,0.0,0.0,0.0,0,0,44.0,32.526911934581186,0,1,2,0.0,0.5,1
A-2021-04-240,2021-04-11,09:40,ATROPELLO,1,0,0,LIMA,LIMA,SAN JUAN DE LURIGANCHO,URBANA,CALLE,URBANO,NO CORRESPONDE,-12.01158658248876,-77.00225764657088,SOLEADO,INDUSTRIAL,TRAMO RECTO,PLANA ,ASFALTADA,,,,,IMPRUDENCIA DEL CONDUCTOR,OTRO (IMPRUDENCIA DEL CONDUCTOR),9.0,0,2021.0,4.0,6.0,1,1,1,0,2.0,0.0,0.0,2.0,0,0,34.0,0.0,0,0,2,0.0,0.0,0
A-2021-04-248,2021-04-11,17:00,ATROPELLO,1,1,0,LIMA,BARRANCA,BARRANCA,RURAL,CARRETERA,NACIONAL,PE-1N,-10.73740879294424,-77.74961095594773,,,,,,,,,,EN PROCESO DE INVESTIGACIÓN,NO CUENTA CON CAUSA ESPECIFICA,17.0,0,2021.0,4.0,6.0,1,2,1,0,0.0,1.0,1.0,2.0,0,0,37.333333333333336,30.2709982216202,0,1,3,0.0,0.333,0
A-2021-04-322,2021-04-11,19:40,CHOQUE,1,0,2,SAN MARTIN,SAN MARTIN,LA BANDA DE SHILCAYO,RURAL,CARRETERA,NACIONAL,PE-5NB,-6.490609,-76.334311,DESPEJADO,RURAL,CURVA,INCLINADA,ASFALTADA,,,,,IMPRUDENCIA DEL CONDUCTOR,INVASIÓN DE CARRIL,19.0,0,2021.0,4.0,6.0,1,3,1,2,0.0,1.0,0.0,1.0,0,0,29.5,7.7781745930520225,0,2,2,0.0,1.0,1
A-2021-04-148,2021-04-11,23:00,CHOQUE,1,4,2,PUNO,LAMPA,CALAPUJA,RURAL,CARRETERA,NACIONAL,PE-3S,-15.306874856261128,-70.23276326719375,NUBLADO,RURAL,TRAMO RECTO,PLANA ,ASFALTADA,SI,INFORMATIVA (I),INFORMATIVA (I),SI,IMPRUDENCIA DEL CONDUCTOR,CONDUCIR EN ESTADO DE EBRIEDAD Y/O DROGADICCIÓN,23.0,0,2021.0,4.0,6.0,1,3,1,1,0.0,0.0,0.0,0.0,0,0,40.6,5.549774770204643,1,2,5,0.2,0.4,1
A-2021-04-56,2021-04-12,00:15,DESPISTE,2,0,1,JUNIN,CHANCHAMAYO,PICHANAQUI,RURAL,CARRETERA,PROVINCIAL,JU-1488,-10.853432177122563,-74.85401646881803,DESPEJADO,RURAL,CURVA,INCLINADA,AFIRMADO,,,,,EN PROCESO DE INVESTIGACIÓN,NO CUENTA CON CAUSA ESPECIFICA,0.0,1,2021.0,4.0,0.0,0,0,1,1,0.0,1.0,1.0,2.0,0,0,56.0,16.97056274847714,0,0,2,0.0,0.0,1
A-2021-04-249,2021-04-12,02:40,CHOQUE,1,0,2,LIMA,BARRANCA,PARAMONGA,RURAL,CARRETERA,NACIONAL,PE-1N,-10.65534662249617,-77.8399700098646,SOLEADO,RURAL,TRAMO RECTO,PLANA ,ASFALTADA,,,,,IMPRUDENCIA DEL CONDUCTOR,OTRO (IMPRUDENCIA DEL CONDUCTOR),2.0,0,2021.0,4.0,0.0,0,0,1,0,0.0,0.0,0.0,0.0,0,0,25.0,4.242640687119285,0,2,2,0.0,1.0,1
A-2021-04-102,2021-04-12,07:00,DESPISTE,20,14,1,ANCASH,SIHUAS,SAN JUAN,RURAL,CARRETERA,NACIONAL,PE-14C,-8.69666005388224,-77.53486365347635,LLUVIOSO,RURAL,TRAMO RECTO,INCLINADA,AFIRMADO,,,,,IMPRUDENCIA DEL CONDUCTOR,OTRO (IMPRUDENCIA DEL CONDUCTOR),7.0,2,2021.0,4.0,0.0,0,1,1,0,0.0,1.0,1.0,2.0,1,0,31.272727272727273,17.029886830350502,0,1,34,0.0,0.029,0
A-2021-04-324,2021-04-12,09:00,ESPECIAL,1,0,1,SAN MARTIN,LAMAS,TABALOSOS,RURAL,CARRETERA,NACIONAL,PE-5N,-6.38853,-76.62908,SOLEADO,RURAL,TRAMO RECTO,INCLINADA,ASFALTADA,NO,,,SI,INFRAESTRUCTURA Y ENTORNO VIAL,FACTOR AMBIENTAL,9.0,0,2021.0,4.0,0.0,0,1,1,2,0.0,1.0,0.0,1.0,0,1,33.0,0.0,0,0,1,0.0,0.0,0
A-2021-04-74,2021-04-12,11:00,CHOQUE,1,0,2,PIURA,PIURA,LA ARENA,RURAL,CARRETERA,NACIONAL,PE-1NK,-5.3270303,-80.7091891,DESPEJADO,RURAL,TRAMO RECTO,PLANA ,ASFALTADA,,,,,EN PROCESO DE INVESTIGACIÓN,NO CUENTA CON CAUSA ESPECIFICA,11.0,0,2021.0,4.0,0.0,0,1,1,0,0.0,0.0,0.0,0.0,0,0,36.5,0.7071067811865476,0,1,2,0.0,0.5,0
A-2021-04-321,2021-04-12,14:40,CHOQUE,1,0,0,ANCASH,CASMA,COMANDANTE NOEL,RURAL,CARRETERA,NACIONAL,PE-1N,-9.386123724420107,-78.38270036653594,DESPEJADO,RURAL,TRAMO RECTO,PLANA ,ASFALTADA,,,,,EN PROCESO DE INVESTIGACIÓN,NO CUENTA CON CAUSA ESPECIFICA,14.0,0,2021.0,4.0,0.0,0,2,1,0,0.0,0.0,0.0,0.0,0,0,33.0,0.0,0,1,2,0.0,0.5,0
A-2021-04-154,2021-04-12,21:20,ATROPELLO,1,0,1,JUNIN,HUANCAYO,EL TAMBO,URBANA,AVENIDA,URBANO,NO CORRESPONDE,-12.044233,-75.226414,DESPEJADO,COMERCIAL,TRAMO RECTO,PLANA ,ASFALTADA,,,,,EN PROCESO DE INVESTIGACIÓN,NO CUENTA CON CAUSA ESPECIFICA,21.0,0,2021.0,4.0,0.0,0,3,1,1,1.0,0.0,0.0,1.0,0,0,27.0,0.0,0,1,2,0.0,0.5,1
A-2021-04-274,2021-04-13,08:10,VOLCADURA,1,2,1,AREQUIPA,AREQUIPA,VITOR,RURAL,CARRETERA,NACIONAL,PE-1S,-16.44309281961517,-71.98043251709701,DESPEJADO,RURAL,TRAMO RECTO,PLANA ,ASFALTADA,NO,,,SI,IMPRUDENCIA DEL CONDUCTOR,OTRO (IMPRUDENCIA DEL CONDUCTOR),8.0,0,2021.0,4.0,1.0,0,1,1,0,0.0,0.0,0.0,0.0,0,1,26.333333333333332,12.503332889007368,0,1,3,0.0,0.333,0
A-2021-04-114,2021-04-13,13:20,DESPISTE,1,0,1,PUNO,AZANGARO,SANTIAGO DE PUPUJA,RURAL,CARRETERA,SIN CLASIFICAR,SIN CLASIFICAR,-15.143904525808171,-70.28900647426507,NUBLADO,RURAL,TRAMO RECTO,PLANA ,TROCHA,,,,,IMPRUDENCIA DEL CONDUCTOR,EXCESO DE VELOCIDAD,13.0,0,2021.0,4.0,1.0,0,2,1,1,0.0,0.0,2.0,2.0,0,0,22.0,0.0,0,0,1,0.0,0.0,0
A-2021-04-111,2021-04-13,15:30,DESPISTE,1,0,2,LA LIBERTAD,SANCHEZ CARRION,HUAMACHUCO,RURAL,CARRETERA,NACIONAL,PE-3N,-7.818842,-78.051671,DESPEJADO,RURAL,TRAMO RECTO,PLANA ,ASFALTADA,,,,,EN PROCESO DE INVESTIGACIÓN,NO CUENTA CON CAUSA ESPECIFICA,15.0,0,2021.0,4.0,1.0,0,2,1,0,0.0,0.0,0.0,0.0,0,0,53.0,0.0,0,0,1,0.0,0.0,0
A-2021-04-241,2021-04-13,21:40,ATROPELLO FUGA,1,0,0,LIMA,LIMA,ATE,URBANA,CARRETERA,NACIONAL,PE-22,-12.016930624496403,-76.89219493519806,DESPEJADO,INDUSTRIAL,TRAMO RECTO,PLANA ,ASFALTADA,,,,,EN PROCESO DE INVESTIGACIÓN,NO CUENTA CON CAUSA ESPECIFICA,21.0,0,2021.0,4.0,1.0,0,3,1,0,0.0,0.0,0.0,0.0,0,0,0.0,0.0,0,0,2,0.0,0.0,1
A-2021-04-171,2021-04-14,06:45,DESPISTE,1,3,1,PUNO,PUNO,PUNO,RURAL,CARRETERA,NACIONAL,PE-3S,-15.78966549,-70.03369678,DESPEJADO,RURAL,CURVA,PLANA ,ASFALTADA,NO,,,SI,IMPRUDENCIA DEL CONDUCTOR,GIRAR IMPRUDENTEMENTE,6.0,0,2021.0,4.0,2.0,0,1,1,1,0.0,0.0,0.0,0.0,0,1,23.0,3.366501646120693,0,1,4,0.0,0.25,0
A-2021-04-62,2021-04-14,07:45,CHOQUE,1,4,2,ICA,ICA,LA TINGUIÑA,RURAL,CARRETERA,NACIONAL,PE-1SC,-14.016173,-75.705801,DESPEJADO,RURAL,TRAMO RECTO,PLANA ,ASFALTADA,,,,,IMPRUDENCIA DEL CONDUCTOR,GIRAR IMPRUDENTEMENTE,7.0,0,2021.0,4.0,2.0,0,1,1,0,0.0,0.0,0.0,0.0,0,0,40.8,16.69431040804022,0,2,5,0.0,0.4,0
A-2021-04-99,2021-04-14,10:00,CHOQUE,1,1,2,HUANUCO,LEONCIO PRADO,JOSE CRESPO Y CASTILLO,RURAL,CARRETERA,PROVINCIAL,HU-552,-8.943214,-76.131939,DESPEJADO,RURAL,TRAMO RECTO,PLANA ,ASFALTADA,,,,,EN PROCESO DE INVESTIGACIÓN,NO CUENTA CON CAUSA ESPECIFICA,10.0,0,2021.0,4.0,2.0,0,1,1,1,0.0,0.0,0.0,0.0,0,0,40.333333333333336,15.56705923844749,0,1,3,0.0,0.333,0
A-2021-04-92,2021-04-14,11:45,DESPISTE,1,0,1,JUNIN,TARMA,TARMA,RURAL,CARRETERA,NACIONAL,PE-3SA,-11.443254109535014,-75.69294148260842,DESPEJADO,RURAL,TRAMO RECTO,INCLINADA,ASFALTADA,,,,,IMPRUDENCIA DEL CONDUCTOR,EXCESO DE VELOCIDAD,11.0,0,2021.0,4.0,2.0,0,1,1,1,0.0,1.0,0.0,1.0,0,0,42.5,19.091883092036785,0,1,2,0.0,0.5,0
A-2021-04-242,2021-04-14,17:40,CHOQUE,1,0,0,LIMA,LIMA,PUEBLO LIBRE,URBANA,AVENIDA,URBANO,NO CORRESPONDE,-12.07116,-77.050526,DESPEJADO,INDUSTRIAL,TRAMO RECTO,PLANA ,ASFALTADA,,,,,IMPRUDENCIA DEL CONDUCTOR,OTRO (IMPRUDENCIA DEL CONDUCTOR),17.0,0,2021.0,4.0,2.0,0,2,1,0,1.0,0.0,0.0,1.0,0,0,0.0,0.0,0,0,2,0.0,0.0,0
A-2021-04-179,2021-04-14,19:00,VOLCADURA,1,0,1,CUSCO,QUISPICANCHI,LUCRE,RURAL,CARRETERA,SIN CLASIFICAR,SIN CLASIFICAR,-13.581504,-71.711606,DESPEJADO,RURAL,OTRO,INCLINADA,TROCHA,,,,,NEGLIGENCIA DEL CONDUCTOR,CONDUCIR CON FALLAS DE CARROCERÍA,19.0,0,2021.0,4.0,2.0,0,3,1,1,0.0,1.0,2.0,3.0,0,0,44.0,11.313708498984761,0,1,2,0.0,0.5,1
A-2021-04-243,2021-04-15,13:00,CHOQUE,1,2,0,LIMA,LIMA,LURIGANCHO,URBANA,AVENIDA,URBANO,NO CORRESPONDE,-11.967223,-76.936176,DESPEJADO,RURAL,TRAMO RECTO,PLANA ,ASFALTADA,,,,,IMPRUDENCIA DEL CONDUCTOR,EXCESO DE VELOCIDAD,13.0,0,2021.0,4.0,3.0,0,2,1,0,1.0,0.0,0.0,1.0,0,0,48.0,6.44980619863884,0,0,6,0.0,0.0,0
A-2021-04-66,2021-04-15,14:30,DESPISTE,1,0,1,LORETO,MAYNAS,SAN JUAN BAUTISTA,RURAL,CARRETERA,PROVINCIAL,LO-506,-3.775162235994497,-73.30292675957386,SOLEADO,RURAL,CURVA,PLANA ,ASFALTADA,,,,,IMPRUDENCIA DEL CONDUCTOR,CONDUCIR EN ESTADO DE EBRIEDAD Y/O DROGADICCIÓN,14.0,0,2021.0,4.0,3.0,0,2,1,2,0.0,0.0,0.0,0.0,0,0,23.0,0.0,1,0,1,1.0,0.0,0
A-2021-04-138,2021-04-15,15:50,CHOQUE,1,1,2,CAJAMARCA,JAEN,PUCARA,URBANA,CARRETERA,NACIONAL,PE-3N,-6.040112930190763,-79.0328333510505,DESPEJADO,RURAL,TRAMO RECTO,PLANA ,ASFALTADA,,,,,EN PROCESO DE INVESTIGACIÓN,NO CUENTA CON CAUSA ESPECIFICA,15.0,0,2021.0,4.0,3.0,0,2,1,1,0.0,0.0,0.0,0.0,0,0,57.333333333333336,27.227437142216182,0,2,3,0.0,0.667,0
A-2021-04-96,2021-04-16,04:15,ATROPELLO,1,0,1,ICA,NASCA,EL INGENIO,URBANA,CARRETERA,NACIONAL,PE-1S,-14.71645977,-75.09105373,DESPEJADO,RURAL,TRAMO RECTO,PLANA ,ASFALTADA,SI,REGULADORA (R),REGULADORA (R),NO,IMPRUDENCIA DEL PEATÓN,OTRO (IMPRUDENCIA DEL PEATÓN),4.0,0,2021.0,4.0,4.0,0,0,1,0,0.0,0.0,0.0,0.0,0,1,53.0,15.556349186104045,0,1,2,0.0,0.5,1
A-2021-04-272,2021-04-16,06:20,CHOQUE,1,0,2,PIURA,PAITA,PAITA,,CARRETERA,NACIONAL,PE-02,-5.1131573,-81.0028846,DESPEJADO,RURAL,TRAMO RECTO,PLANA ,ASFALTADA,,,,,EN PROCESO DE INVESTIGACIÓN,NO CUENTA CON CAUSA ESPECIFICA,6.0,0,2021.0,4.0,4.0,0,1,1,0,0.0,0.0,0.0,0.0,0,0,50.5,16.263455967290593,0,0,2,0.0,0.0,0
A-2021-04-244,2021-04-16,07:20,ATROPELLO,1,0,0,LIMA,LIMA,SAN LUIS,URBANA,AVENIDA,URBANO,NO CORRESPONDE,-12.076392689319754,-76.99618090398323,DESPEJADO,RESIDENCIAL,TRAMO RECTO,PLANA ,ASFALTADA,,,,,EN PROCESO DE INVESTIGACIÓN,NO CUENTA CON CAUSA ESPECIFICA,7.0,0,2021.0,4.0,4.0,0,1,1,0,1.0,0.0,0.0,1.0,0,0,21.0,0.0,0,0,2,0.0,0.0,0
A-2021-04-125,2021-04-16,11:10,ATROPELLO FUGA,1,0,0,CUSCO,LA CONVENCION,ECHARATE,RURAL,CARRETERA,NACIONAL,PE-28B,-12.764117,-72.586902,DESPEJADO,RURAL,TRAMO RECTO,PLANA ,ASFALTADA,,,,,IMPRUDENCIA DEL CONDUCTOR,EXCESO DE VELOCIDAD,11.0,0,2021.0,4.0,4.0,0,1,1,1,0.0,0.0,0.0,0.0,0,0,60.0,0.0,0,0,2,0.0,0.0,0
A-2021-04-126,2021-04-16,20:50,DESPISTE,1,0,1,CUSCO,CUSCO,SAN JERONIMO,URBANA,CARRETERA,PROVINCIAL,CU-1311,-13.55511,-71.875119,LLUVIOSO,RESIDENCIAL,TRAMO RECTO,PLANA ,ASFALTADA,,,,,IMPRUDENCIA DEL CONDUCTOR,EXCESO DE VELOCIDAD,20.0,0,2021.0,4.0,4.0,0,3,1,1,0.0,0.0,0.0,0.0,1,0,43.0,0.0,0,1,1,0.0,1.0,1