CODIGO_SINIESTRO,FECHA_SINIESTRO,HORA_SINIESTRO,CLASE_SINIESTRO,CANTIDAD_FALLECIDOS,CANTIDAD_LESIONADOS,CANTIDAD_VEHICULOS,DEPARTAMENTO,PROVINCIA,DISTRITO,ZONA,TIPO_VIA,RED_VIAL,COD_CARRETERA,LATITUD,LONGITUD,CONDICION_CLIMATICA,ZONIFICACION,CARACTERISTICAS_VIA,PERFIL_VIA,SUPERFICIE_CALZADA,EXISTE_SENIAL_VERTICAL,CLASIFICACION_SENIAL_VERTICAL_1,CLASIFICACION_SENIAL_VERTICAL_2,EXISTE_SENIAL_HORIZONTAL,CAUSA_FACTOR_PRINCIPAL,CAUSA_ESPECIFICA,HORA,severidad,ANIO,MES,DIA_SEMANA,FIN_SEMANA,FRANJA_HORARIA,TEMPORADA,MACROREGION,TIPO_VIA_SCORE,PERFIL_VIA_SCORE,SUPERFICIE_CALZADA_SCORE,RIESGO_INFRAESTRUCTURA,RIESGO_CLIMATICO,SENIALIZACION_DEFICIENTE,EDAD_PROMEDIO,EDAD_STD,TOTAL_ALCOHOL,TOTAL_LICENCIA,TOTAL_PERSONAS,PCT_ALCOHOL,PCT_LICENCIA,ES_NOCHE
A-2021-04-86,2021-04-16,21:30,CHOQUE,1,0,2,PUNO,CHUCUITO,JULI,RURAL,CARRETERA,NACIONAL,PE-3S,-16.184,-69.531,DESPEJADO,RURAL,TRAMO RECTO,PLANA ,ASFALTADA,,,,,IMPRUDENCIA DEL CONDUCTOR,CONDUCIR EN ESTADO DE EBRIEDAD Y/O DROGADICCIÓN,21.0,0,2021.0,4.0,4.0,0,3,1,1,0.0,0.0,0.0,0.0,0,0,47.5,2.1213203435596424,0,1,2,0.0,0.5,1
A-2021-04-84,2021-04-17,04:45,CHOQUE,1,3,2,CALLAO,CALLAO,CALLAO,URBANA,AVENIDA,URBANO,NO CORRESPONDE,-12.061784813699616,-77.13568562333947,DESPEJADO,RESIDENCIAL,TRAMO RECTO,PLANA ,ASFALTADA,,,,,EN PROCESO DE INVESTIGACIÓN,NO CUENTA CON CAUSA ESPECIFICA,4.0,0,2021.0,4.0,5.0,1,0,1,0,1.0,0.0,0.0,1.0,0,0,30.25,11.4418821295566,0,1,5,0.0,0.2,1
A-2021-04-101,2021-04-17,07:20,CHOQUE,1,0,1,AREQUIPA,AREQUIPA,LA JOYA,RURAL,CARRETERA,NACIONAL,PE-1S,-16.518226425911358,-71.79940535161711,DESPEJADO,RURAL,TRAMO RECTO,PLANA ,ASFALTADA,,,,,EN PROCESO DE INVESTIGACIÓN,NO CUENTA CON CAUSA ESPECIFICA,7.0,0,2021.0,4.0,5.0,1,1,1,0,0.0,0.0,0.0,0.0,0,0,38.0,14.142135623730951,0,1,2,0.0,0.5,0
A-2021-04-108,2021-04-17,15:00,DESPISTE,1,0,1,AREQUIPA,AREQUIPA,CAYMA,RURAL,CARRETERA,DEPARTAMENTAL,AR-116,-16.247762045592907,-71.47610770583664,DESPEJADO,RURAL,TRAMO RECTO,INCLINADA,TROCHA,,,,,EN PROCESO DE INVESTIGACIÓN,NO CUENTA CON CAUSA ESPECIFICA,15.0,0,2021.0,4.0,5.0,1,2,1,0,0.0,1.0,2.0,3.0,0,0,37.0,0.0,0,1,1,0.0,1.0,0
A-2021-04-97,2021-04-17,22:50,CHOQUE,2,2,2,ICA,NASCA,VISTA ALEGRE,URBANA,CARRETERA,NACIONAL,PE-1S,-14.858588,-74.972278,DESPEJADO,RESIDENCIAL,TRAMO RECTO,PLANA ,ASFALTADA,SI,PREVENTIVA (P),PREVENTIVA (P),NO,IMPRUDENCIA DEL CONDUCTOR,CONDUCIR EN ESTADO DE EBRIEDAD Y/O DROGADICCIÓN,22.0,1,2021.0,4.0,5.0,1,3,1,0,0.0,0.0,0.0,0.0,0,1,48.75,7.804912982645397,1,2,4,0.25,0.5,1
A-2021-04-107,2021-04-18,04:30,DESPISTE,1,0,1,CUSCO,CANAS,YANAOCA,RURAL,CARRETERA,DEPARTAMENTAL,CU-126,-14.233373,-71.432597,NUBLADO,RURAL,TRAMO RECTO,INCLINADA,AFIRMADO,,,,,NEGLIGENCIA DEL CONDUCTOR,OTRO (NEGLIGENCIA DEL CONDUCTOR),4.0,0,2021.0,4.0,6.0,1,0,1,1,0.0,1.0,1.0,2.0,0,0,36.0,24.041630560342615,0,0,2,0.0,0.0,1
A-2021-04-106,2021-04-18,05:00,ATROPELLO FUGA,1,0,0,TACNA,TACNA,LA YARADA LOS PALOS,RURAL,CARRETERA,PROVINCIAL,TA-643,-18.282521,-70.440696,NUBLADO,RURAL,TRAMO RECTO,PLANA ,ASFALTADA,SI,PREVENTIVA (P),,NO,IMPRUDENCIA DEL PEATÓN,ESTADO DE EBRIEDAD Y/O DROGADICCIÓN,5.0,0,2021.0,4.0,6.0,1,0,1,0,0.0,0.0,0.0,0.0,0,1,29.0,0.0,0,0,1,0.0,0.0,1
A-2021-04-115,2021-04-18,10:50,DESPISTE,1,0,1,PUNO,SAN ROMAN,CARACOTO,RURAL,CARRETERA,DEPARTAMENTAL,PU-120,-15.555315,-70.019694,DESPEJADO,RURAL,CURVA,PLANA ,ASFALTADA,SI,PREVENTIVA (P),REGULADORA (R),SI,IMPRUDENCIA DEL CONDUCTOR,EXCESO DE VELOCIDAD,10.0,0,2021.0,4.0,6.0,1,1,1,1,0.0,0.0,0.0,0.0,0,0,33.0,0.0,0,1,1,0.0,1.0,0
A-2021-04-109,2021-04-18,17:10,DESPISTE,1,0,1,AREQUIPA,AREQUIPA,CHIGUATA,RURAL,CARRETERA,NACIONAL,PE-34C,-16.408865127793135,-71.42158259761975,DESPEJADO,RURAL,CURVA,PLANA ,ASFALTADA,NO,,,SI,IMPRUDENCIA DEL CONDUCTOR,OTRO (IMPRUDENCIA DEL CONDUCTOR),17.0,0,2021.0,4.0,6.0,1,2,1,0,0.0,0.0,0.0,0.0,0,1,43.0,0.0,0,1,1,0.0,1.0,0
A-2021-04-156,2021-04-18,17:10,DESPISTE,3,0,2,JUNIN,YAULI,YAULI,RURAL,CARRETERA,NACIONAL,PE-22,-11.6130433,-76.0269168,LLUVIOSO,RURAL,PUENTE,PLANA ,ASFALTADA,SI,REGULADORA (R),PREVENTIVA (P),SI,EN PROCESO DE INVESTIGACIÓN,NO CUENTA CON CAUSA ESPECIFICA,17.0,2,2021.0,4.0,6.0,1,2,1,1,0.0,0.0,0.0,0.0,1,0,39.0,14.674240468703426,0,2,4,0.0,0.5,0
A-2021-04-103,2021-04-19,04:00,ATROPELLO FUGA,1,0,0,PIURA,PIURA,CATACAOS,RURAL,CARRETERA,NACIONAL,PE-1N,-5.228093,-80.653777,DESPEJADO,RURAL,TRAMO RECTO,PLANA ,ASFALTADA,SI,INFORMATIVA (I),REGULADORA (R),NO,EN PROCESO DE INVESTIGACIÓN,NO CUENTA CON CAUSA ESPECIFICA,4.0,0,2021.0,4.0,0.0,0,0,1,0,0.0,0.0,0.0,0.0,0,1,17.0,0.0,0,0,2,0.0,0.0,1
A-2021-04-295,2021-04-19,17:22,ATROPELLO,1,0,0,SAN MARTIN,RIOJA,NUEVA CAJAMARCA,URBANA,JIRÓN,URBANO,NO CORRESPONDE,-5.944299,-77.302306,DESPEJADO,COMERCIAL,INTERSECCIÓN,PLANA ,AFIRMADO,,,,,IMPRUDENCIA DEL CONDUCTOR,OTRO (IMPRUDENCIA DEL CONDUCTOR),17.0,0,2021.0,4.0,0.0,0,2,1,2,1.0,0.0,1.0,2.0,0,0,27.5,33.23401871576773,0,1,2,0.0,0.5,0
A-2021-04-113,2021-04-19,19:00,ATROPELLO,1,0,2,LA LIBERTAD,TRUJILLO,HUANCHACO,RURAL,AVENIDA,URBANO,NO CORRESPONDE,-8.041961,-79.058879,DESPEJADO,RURAL,TRAMO RECTO,PLANA ,ASFALTADA,,,,,IMPRUDENCIA DEL CONDUCTOR,OTRO (IMPRUDENCIA DEL CONDUCTOR),19.0,0,2021.0,4.0,0.0,0,3,1,0,1.0,0.0,0.0,1.0,0,0,52.5,28.991378028648448,0,1,2,0.0,0.5,1
A-2021-04-245,2021-04-19,19:45,ATROPELLO,1,0,0,LIMA,LIMA,SANTIAGO DE SURCO,URBANA,CARRETERA,NACIONAL,PE-1S,-12.143660765494351,-76.98169504559282,DESPEJADO,INDUSTRIAL,TRAMO RECTO,PLANA ,ASFALTADA,,,,,IMPRUDENCIA DEL PEATÓN,OTRO (IMPRUDENCIA DEL PEATÓN),19.0,0,2021.0,4.0,0.0,0,3,1,0,0.0,0.0,0.0,0.0,0,0,51.5,19.091883092036785,0,0,2,0.0,0.0,1
A-2021-04-105,2021-04-19,19:50,DESPISTE,1,9,1,ICA,ICA,SAN JOSE DE LOS MOLINOS,RURAL,CARRETERA,NACIONAL,PE-1SC,-13.837511143746196,-75.55509477784405,DESPEJADO,RURAL,SINUOSA,PLANA ,ASFALTADA,,PREVENTIVA (P),,,INFRAESTRUCTURA Y ENTORNO VIAL,OTRO (INFRAESTRUCTURA Y ENTORNO VIAL),19.0,0,2021.0,4.0,0.0,0,3,1,0,0.0,0.0,0.0,0.0,0,0,21.1,20.074583156043087,0,1,10,0.0,0.1,1
A-2021-04-181,2021-04-19,23:30,DESPISTE,1,0,1,CUSCO,ANTA,ANCAHUASI,RURAL,CARRETERA,SIN CLASIFICAR,SIN CLASIFICAR,-13.491315,-72.277111,DESPEJADO,RURAL,CURVA,INCLINADA,TROCHA,,,,,IMPRUDENCIA DEL CONDUCTOR,CONDUCIR EN ESTADO DE EBRIEDAD Y/O DROGADICCIÓN,23.0,0,2021.0,4.0,0.0,0,3,1,1,0.0,1.0,2.0,3.0,0,0,11.5,16.263455967290593,0,1,2,0.0,0.5,1
A-2021-04-165,2021-04-20,09:35,VOLCADURA,1,0,1,JUNIN,HUANCAYO,EL TAMBO,URBANA,AVENIDA,URBANO,NO CORRESPONDE,-12.055297,-75.212626,SOLEADO,INDUSTRIAL,TRAMO RECTO,INCLINADA,ASFALTADA,,,,,EN PROCESO DE INVESTIGACIÓN,NO CUENTA CON CAUSA ESPECIFICA,9.0,0,2021.0,4.0,1.0,0,1,1,1,1.0,1.0,0.0,2.0,0,0,75.0,0.0,0,0,1,0.0,0.0,0
A-2021-04-212,2021-04-20,20:05,CHOQUE,2,3,2,LAMBAYEQUE,CHICLAYO,PATAPO,RURAL,CARRETERA,NACIONAL,PE-06A,-6.740117852627036,-79.67576966896017,DESPEJADO,RURAL,TRAMO RECTO,PLANA ,ASFALTADA,,,,,EN PROCESO DE INVESTIGACIÓN,NO CUENTA CON CAUSA ESPECIFICA,20.0,1,2021.0,4.0,1.0,0,3,1,0,0.0,0.0,0.0,0.0,0,0,51.333333333333336,11.71893055416463,0,1,5,0.0,0.2,1
A-2021-04-121,2021-04-21,05:10,CHOQUE,1,0,2,ICA,ICA,SALAS,RURAL,CARRETERA,NACIONAL,PE-1S,-13.9346253,-75.870705217,DESPEJADO,RURAL,TRAMO RECTO,PLANA ,ASFALTADA,,,,,IMPRUDENCIA DEL CONDUCTOR,OTRO (IMPRUDENCIA DEL CONDUCTOR),5.0,0,2021.0,4.0,2.0,0,0,1,0,0.0,0.0,0.0,0.0,0,0,41.5,13.435028842544403,0,2,2,0.0,1.0,1
A-2021-04-225,2021-04-21,05:56,DESPISTE,1,0,1,AREQUIPA,CAMANA,SAMUEL PASTOR,RURAL,CARRETERA,NACIONAL,PE-1S,-16.605183,-72.630501,LLUVIOSO,RURAL,CURVA,INCLINADA,ASFALTADA,NO,,,SI,INFRAESTRUCTURA Y ENTORNO VIAL,OTRO (INFRAESTRUCTURA Y ENTORNO VIAL),5.0,0,2021.0,4.0,2.0,0,0,1,0,0.0,1.0,0.0,1.0,1,1,52.5,26.16295090390226,0,0,2,0.0,0.0,1
A-2021-04-309,2021-04-21,08:00,ATROPELLO,1,0,0,CALLAO,CALLAO,CARMEN DE LA LEGUA REYNOSO,URBANA,AVENIDA,URBANO,NO CORRESPONDE,-12.039089714698626,-77.09487395265722,DESPEJADO,RESIDENCIAL,TRAMO RECTO,PLANA ,ASFALTADA,NO,,,SI,EN PROCESO DE INVESTIGACIÓN,NO CUENTA CON CAUSA ESPECIFICA,8.0,0,2021.0,4.0,2.0,0,1,1,0,1.0,0.0,0.0,1.0,0,1,45.0,12.727922061357855,0,1,2,0.0,0.5,0
A-2021-04-246,2021-04-21,10:00,ATROPELLO,1,0,0,LIMA,LIMA,SAN JUAN DE LURIGANCHO,URBANA,AVENIDA,URBANO,NO CORRESPONDE,-11.916645,-76.969383,DESPEJADO,COMERCIAL,TRAMO RECTO,PLANA ,ASFALTADA,,,,,IMPRUDENCIA DEL PEATÓN,OTRO (IMPRUDENCIA DEL PEATÓN),10.0,0,2021.0,4.0,2.0,0,1,1,0,1.0,0.0,0.0,1.0,0,0,40.5,12.020815280171307,0,0,2,0.0,0.0,0
A-2021-04-313,2021-04-21,10:30,DESPISTE,2,0,1,HUANCAVELICA,CASTROVIRREYNA,TANTARA,RURAL,CARRETERA,DEPARTAMENTAL,HV-114,-13.15336,-75.64931,DESPEJADO,RURAL,SINUOSA,INCLINADA,CASCAJO/RIPIO,,,,,EN PROCESO DE INVESTIGACIÓN,NO CUENTA CON CAUSA ESPECIFICA,10.0,1,2021.0,4.0,2.0,0,1,1,1,0.0,1.0,1.0,2.0,0,0,38.5,2.1213203435596424,0,1,2,0.0,0.5,0
A-2021-04-218,2021-04-21,11:30,DESPISTE,1,1,1,HUANCAVELICA,CASTROVIRREYNA,ARMA,RURAL,CARRETERA,NACIONAL,PE-26,-13.185949,-75.572333,DESPEJADO,RURAL,CURVA,PLANA ,ASFALTADA,,,,,EN PROCESO DE INVESTIGACIÓN,NO CUENTA CON CAUSA ESPECIFICA,11.0,0,2021.0,4.0,2.0,0,1,1,1,0.0,0.0,0.0,0.0,0,0,41.0,0.0,1,1,2,0.5,0.5,0
A-2021-04-291,2021-04-21,19:50,CHOQUE,1,2,2,LAMBAYEQUE,CHICLAYO,SAÑA,RURAL,CARRETERA,DEPARTAMENTAL,LA-116,-6.79093,-79.598616,DESPEJADO,RURAL,TRAMO RECTO,PLANA ,ASFALTADA,,,,,EN PROCESO DE INVESTIGACIÓN,NO CUENTA CON CAUSA ESPECIFICA,19.0,0,2021.0,4.0,2.0,0,3,1,0,0.0,0.0,0.0,0.0,0,0,50.0,13.076696830622021,0,0,4,0.0,0.0,1
A-2021-04-129,2021-04-21,20:00,ATROPELLO,1,0,1,LAMBAYEQUE,CHICLAYO,PIMENTEL,URBANA,CARRETERA,NACIONAL,PE-1N,-6.7296316,-79.8883738,DESPEJADO,INDUSTRIAL,TRAMO RECTO,PLANA ,ASFALTADA,SI,PREVENTIVA (P),REGULADORA (R),NO,EN PROCESO DE INVESTIGACIÓN,NO CUENTA CON CAUSA ESPECIFICA,20.0,0,2021.0,4.0,2.0,0,3,1,0,0.0,0.0,0.0,0.0,0,1,27.5,9.192388155425117,0,1,2,0.0,0.5,1
A-2021-04-301,2021-04-21,21:10,ATROPELLO,1,0,1,JUNIN,JUNIN,CARHUAMAYO,URBANA,CARRETERA,NACIONAL,PE-3N,-10.9311262,-76.0555103,DESPEJADO,COMERCIAL,TRAMO RECTO,PLANA ,ASFALTADA,SI,REGULADORA (R),PREVENTIVA (P),NO,EN PROCESO DE INVESTIGACIÓN,NO CUENTA CON CAUSA ESPECIFICA,21.0,0,2021.0,4.0,2.0,0,3,1,1,0.0,0.0,0.0,0.0,0,1,34.0,2.8284271247461903,0,1,2,0.0,0.5,1
A-2021-04-133,2021-04-21,22:15,ATROPELLO,1,0,1,TUMBES,TUMBES,TUMBES,URBANA,CARRETERA,NACIONAL,PE-1N,-3.568419150202117,-80.45914645042534,DESPEJADO,COMERCIAL,INTERSECCIÓN,PLANA ,ASFALTADA,SI,PREVENTIVA (P),,NO,IMPRUDENCIA DEL PEATÓN,OTRO (IMPRUDENCIA DEL PEATÓN),22.0,0,2021.0,4.0,2.0,0,3,1,0,0.0,0.0,0.0,0.0,0,1,41.0,16.97056274847714,1,1,2,0.5,0.5,1
A-2021-04-128,2021-04-22,11:50,DESPISTE,3,0,2,LA LIBERTAD,VIRU,GUADALUPITO,RURAL,CARRETERA,NACIONAL,PE-1N,-8.960994,-78.628281,DESPEJADO,RURAL,TRAMO RECTO,PLANA ,ASFALTADA,,,,,NEGLIGENCIA DEL CONDUCTOR,OTRO (NEGLIGENCIA DEL CONDUCTOR),11.0,2,2021.0,4.0,3.0,0,1,1,0,0.0,0.0,0.0,0.0,0,0,44.333333333333336,38.656607887052544,0,1,3,0.0,0.333,0
A-2021-04-167,2021-04-22,12:21,ATROPELLO FUGA,1,0,0,JUNIN,JAUJA,ACOLLA,URBANA,CARRETERA,NACIONAL,PE-3SA,-11.70311,-75.559091,DESPEJADO,RURAL,TRAMO RECTO,PLANA ,ASFALTADA,,,,,EN PROCESO DE INVESTIGACIÓN,NO CUENTA CON CAUSA ESPECIFICA,12.0,0,2021.0,4.0,3.0,0,2,1,1,0.0,0.0,0.0,0.0,0,0,50.0,0.0,1,0,2,0.5,0.0,0
A-2021-04-318,2021-04-22,16:25,CHOQUE,1,2,2,HUANUCO,HUANUCO,PILLCO MARCA,URBANA,CARRETERA,NACIONAL,PE-3N,-9.950517,-76.250307,DESPEJADO,COMERCIAL,TRAMO RECTO,PLANA ,ASFALTADA,,,,,IMPRUDENCIA DEL CONDUCTOR,CONDUCIR EN ESTADO DE EBRIEDAD Y/O DROGADICCIÓN,16.0,0,2021.0,4.0,3.0,0,2,1,1,0.0,0.0,0.0,0.0,0,0,42.333333333333336,9.451631252505218,1,1,3,0.333,0.333,0
A-2021-04-195,2021-04-22,18:30,DESPISTE,2,0,1,APURIMAC,ANTABAMBA,JUAN ESPINOZA MEDRANO,RURAL,CARRETERA,DEPARTAMENTAL,AP-109,-14.392414259366753,-72.92141519023642,DESPEJADO,RURAL,CURVA,INCLINADA,TROCHA,,,,,EN PROCESO DE INVESTIGACIÓN,NO CUENTA CON CAUSA ESPECIFICA,18.0,1,2021.0,4.0,3.0,0,3,1,1,0.0,1.0,2.0,3.0,0,0,53.5,0.7071067811865476,0,1,2,0.0,0.5,1
A-2021-04-273,2021-04-22,19:00,ATROPELLO FUGA,1,0,0,LIMA,BARRANCA,BARRANCA,RURAL,CARRETERA,DEPARTAMENTAL,LM-100,-10.721502022389227,-77.77330574542792,,,,,,,,,,EN PROCESO DE INVESTIGACIÓN,NO CUENTA CON CAUSA ESPECIFICA,19.0,0,2021.0,4.0,3.0,0,3,1,0,0.0,1.0,1.0,2.0,0,0,29.0,0.0,0,0,2,0.0,0.0,1
A-2021-04-250,2021-04-22,22:00,ATROPELLO,1,0,0,LIMA,LIMA,SANTIAGO DE SURCO,URBANA,CARRETERA,NACIONAL,PE-1S,-12.139552,-76.981017,DESPEJADO,INDUSTRIAL,TRAMO RECTO,PLANA ,ASFALTADA,,,,,IMPRUDENCIA DEL PEATÓN,OTRO (IMPRUDENCIA DEL PEATÓN),22.0,0,2021.0,4.0,3.0,0,3,1,0,0.0,0.0,0.0,0.0,0,0,36.5,13.435028842544403,0,0,2,0.0,0.0,1
A-2021-04-226,2021-04-23,00:30,DESPISTE,1,1,1,AREQUIPA,CARAVELI,BELLA UNION,RURAL,CARRETERA,NACIONAL,PE-1S,-15.615523,-74.649963,DESPEJADO,RURAL,CURVA,INCLINADA,ASFALTADA,,,,,EN PROCESO DE INVESTIGACIÓN,NO CUENTA CON CAUSA ESPECIFICA,0.0,0,2021.0,4.0,4.0,0,0,1,0,0.0,1.0,0.0,1.0,0,0,25.0,1.4142135623730951,0,0,2,0.0,0.0,1
A-2021-04-187,2021-04-23,04:45,ATROPELLO,1,0,1,MOQUEGUA,MARISCAL NIETO,MOQUEGUA,URBANA,CARRETERA,NACIONAL,PE-36A,-17.20278080851402,-70.91790671033618,DESPEJADO,RURAL,TRAMO RECTO,INCLINADA,ASFALTADA,SI,REGULADORA (R),REGULADORA (R),SI,IMPRUDENCIA DEL PEATÓN,CRUCE INDEBIDO POR LA CALZADA,4.0,0,2021.0,4.0,4.0,0,0,1,0,0.0,1.0,0.0,1.0,0,0,59.0,5.656854249492381,0,1,2,0.0,0.5,1
A-2021-04-147,2021-04-23,05:10,CHOQUE,1,0,3,ICA,NASCA,MARCONA,RURAL,CARRETERA,NACIONAL,PE-1S,-15.1371348,-74.9825958,DESPEJADO,RURAL,TRAMO RECTO,PLANA ,ASFALTADA,,,,,IMPRUDENCIA DEL CONDUCTOR,CONDUCIR EN ESTADO DE EBRIEDAD Y/O DROGADICCIÓN,5.0,0,2021.0,4.0,4.0,0,0,1,0,0.0,0.0,0.0,0.0,0,0,43.333333333333336,2.0816659994661335,1,3,3,0.333,1.0,1
A-2021-04-134,2021-04-23,06:18,ATROPELLO FUGA,1,0,0,PUNO,EL COLLAO,ILAVE,RURAL,CARRETERA,NACIONAL,PE-3S,-16.124706747287654,-69.58561060283843,DESPEJADO,RURAL,TRAMO RECTO,PLANA ,ASFALTADA,,,,,IMPRUDENCIA DEL CONDUCTOR,EXCESO DE VELOCIDAD,6.0,0,2021.0,4.0,4.0,0,1,1,1,0.0,0.0,0.0,0.0,0,0,80.0,0.0,0,0,2,0.0,0.0,0
A-2021-04-145,2021-04-23,07:30,CHOQUE,1,0,2,CUSCO,CANCHIS,CHECACUPE,RURAL,CARRETERA,SIN CLASIFICAR,SIN CLASIFICAR,-14.0437031306402,-71.2729837080364,DESPEJADO,RURAL,TRAMO RECTO,PLANA ,ASFALTADA,,,,,IMPRUDENCIA DEL CONDUCTOR,EXCESO DE VELOCIDAD,7.0,0,2021.0,4.0,4.0,0,1,1,1,0.0,0.0,0.0,0.0,0,0,65.5,7.7781745930520225,0,1,2,0.0,0.5,0
A-2021-04-146,2021-04-23,07:30,ATROPELLO,1,0,1,CUSCO,CHUMBIVILCAS,SANTO TOMAS,URBANA,CALLE,URBANO,NO CORRESPONDE,-14.452748,-72.082632,SOLEADO,RESIDENCIAL,PUENTE,INCLINADA,CONCRETO,,,,,NEGLIGENCIA DEL CONDUCTOR,OTRO (NEGLIGENCIA DEL CONDUCTOR),7.0,0,2021.0,4.0,4.0,0,1,1,1,2.0,1.0,0.0,3.0,0,0,35.0,16.97056274847714,0,0,2,0.0,0.0,0
A-2021-04-325,2021-04-23,10:00,DESPISTE,1,0,1,SAN MARTIN,LAMAS,TABALOSOS,RURAL,CARRETERA,NACIONAL,PE-5N,-6.38954,-76.628213,SOLEADO,RURAL,CURVA,INCLINADA,ASFALTADA,SI,PREVENTIVA (P),,SI,IMPRUDENCIA DEL CONDUCTOR,EXCESO DE VELOCIDAD,10.0,0,2021.0,4.0,4.0,0,1,1,2,0.0,1.0,0.0,1.0,0,0,55.0,0.0,0,1,1,0.0,1.0,0
A-2021-04-135,2021-04-23,14:30,DESPISTE,2,9,1,ANCASH,HUARI,HUARI,RURAL,CARRETERA,PROVINCIAL,AN-657,-9.31913474485371,-77.20134579694593,NUBLADO,RURAL,CURVA,INCLINADA,TROCHA,,,,,IMPRUDENCIA DEL CONDUCTOR,EXCESO DE PASAJEROS O CARGA,14.0,1,2021.0,4.0,4.0,0,2,1,0,0.0,1.0,2.0,3.0,0,0,19.181818181818183,17.08694344707784,0,1,11,0.0,0.091,0
A-2021-04-149,2021-04-23,14:30,CHOQUE,2,1,2,PUNO,LAMPA,SANTA LUCIA,RURAL,CARRETERA,NACIONAL,PE-34A,-15.689975004885174,-70.52936698439152,DESPEJADO,RURAL,TRAMO RECTO,PLANA ,ASFALTADA,NO,,,SI,IMPRUDENCIA DEL CONDUCTOR,INVASIÓN DE CARRIL,14.0,1,2021.0,4.0,4.0,0,2,1,1,0.0,0.0,0.0,0.0,0,1,55.666666666666664,24.006943440041116,0,1,3,0.0,0.333,0
A-2021-04-151,2021-04-23,14:30,CHOQUE,1,0,2,CAJAMARCA,CHOTA,HUAMBOS,RURAL,CARRETERA,NACIONAL,PE-06A,-6.46931532,-79.04992001,DESPEJADO,RURAL,TRAMO RECTO,PLANA ,ASFALTADA,SI,PREVENTIVA (P),PREVENTIVA (P),SI,IMPRUDENCIA DEL CONDUCTOR,INVASIÓN DE CARRIL,14.0,0,2021.0,4.0,4.0,0,2,1,1,0.0,0.0,0.0,0.0,0,0,37.5,9.192388155425117,0,2,2,0.0,1.0,0
A-2021-04-177,2021-04-23,19:30,CHOQUE,1,0,0,CUSCO,ESPINAR,ESPINAR,RURAL,CARRETERA,NACIONAL,PE-3SG,-14.780251,-71.396026,NUBLADO,RURAL,TRAMO RECTO,PLANA ,ASFALTADA,SI,PREVENTIVA (P),PREVENTIVA (P),NO,IMPRUDENCIA DEL CONDUCTOR,EXCESO DE VELOCIDAD,19.0,0,2021.0,4.0,4.0,0,3,1,1,0.0,0.0,0.0,0.0,0,1,44.5,10.606601717798213,0,2,2,0.0,1.0,1
A-2021-04-227,2021-04-24,04:00,DESPISTE,1,4,1,AREQUIPA,CONDESUYOS,RIO GRANDE,URBANA,CARRETERA,PROVINCIAL,AR-532,-15.89423,-73.190285,DESPEJADO,RURAL,OTRO,INCLINADA,AFIRMADO,,,,,EN PROCESO DE INVESTIGACIÓN,NO CUENTA CON CAUSA ESPECIFICA,4.0,0,2021.0,4.0,5.0,1,0,1,0,0.0,1.0,1.0,2.0,0,0,29.0,4.06201920231798,0,0,5,0.0,0.0,1
A-2021-04-170,2021-04-24,10:30,CHOQUE,1,6,0,JUNIN,CONCEPCION,MITO,RURAL,CARRETERA,NACIONAL,PE-3SE,-11.94441779,-75.33027359,SOLEADO,COMERCIAL,TRAMO RECTO,PLANA ,ASFALTADA,,,,,EN PROCESO DE INVESTIGACIÓN,NO CUENTA CON CAUSA ESPECIFICA,10.0,0,2021.0,4.0,5.0,1,1,1,1,0.0,0.0,0.0,0.0,0,0,36.125,12.426210777454015,0,2,8,0.0,0.25,0
A-2021-04-144,2021-04-24,11:45,CHOQUE,1,0,1,ANCASH,HUARAZ,INDEPENDENCIA,URBANA,AVENIDA,URBANO,NO CORRESPONDE,-9.514670460171162,-77.53099610976474,SOLEADO,RESIDENCIAL,TRAMO RECTO,PLANA ,CONCRETO,SI,REGULADORA (R),,SI,IMPRUDENCIA DEL CONDUCTOR,NO ESTABLECER EL DERECHO DE PASO,11.0,0,2021.0,4.0,5.0,1,1,1,0,1.0,0.0,0.0,1.0,0,0,18.5,0.7071067811865476,0,0,2,0.0,0.0,0
A-2021-04-193,2021-04-24,17:00,CHOQUE,1,0,1,JUNIN,CHANCHAMAYO,PERENE,RURAL,CARRETERA,NACIONAL,PE-5S,-10.89080429083629,-74.94928842950357,DESPEJADO,RURAL,TRAMO RECTO,INCLINADA,ASFALTADA,,,,,EN PROCESO DE INVESTIGACIÓN,NO CUENTA CON CAUSA ESPECIFICA,17.0,0,2021.0,4.0,5.0,1,2,1,1,0.0,1.0,0.0,1.0,0,0,41.5,23.33452377915607,0,0,2,0.0,0.0,0
A-2021-04-213,2021-04-24,19:10,DESPISTE,1,0,1,LAMBAYEQUE,CHICLAYO,REQUE,RURAL,CARRETERA,NACIONAL,PE-1N,-6.8548202,-79.8257166,DESPEJADO,RURAL,PUENTE,PLANA ,ASFALTADA,SI,PREVENTIVA (P),INFORMATIVA (I),NO,EN PROCESO DE INVESTIGACIÓN,NO CUENTA CON CAUSA ESPECIFICA,19.0,0,2021.0,4.0,5.0,1,3,1,0,0.0,0.0,0.0,0.0,0,1,20.0,0.0,0,1,1,0.0,1.0,1