CODIGO_SINIESTRO,FECHA_SINIESTRO,HORA_SINIESTRO,CLASE_SINIESTRO,CANTIDAD_FALLECIDOS,CANTIDAD_LESIONADOS,CANTIDAD_VEHICULOS,DEPARTAMENTO,PROVINCIA,DISTRITO,ZONA,TIPO_VIA,RED_VIAL,COD_CARRETERA,LATITUD,LONGITUD,CONDICION_CLIMATICA,ZONIFICACION,CARACTERISTICAS_VIA,PERFIL_VIA,SUPERFICIE_CALZADA,EXISTE_SENIAL_VERTICAL,CLASIFICACION_SENIAL_VERTICAL_1,CLASIFICACION_SENIAL_VERTICAL_2,EXISTE_SENIAL_HORIZONTAL,CAUSA_FACTOR_PRINCIPAL,CAUSA_ESPECIFICA,HORA,severidad,ANIO,MES,DIA_SEMANA,FIN_SEMANA,FRANJA_HORARIA,TEMPORADA,MACROREGION,TIPO_VIA_SCORE,PERFIL_VIA_SCORE,SUPERFICIE_CALZADA_SCORE,RIESGO_INFRAESTRUCTURA,RIESGO_CLIMATICO,SENIALIZACION_DEFICIENTE,EDAD_PROMEDIO,EDAD_STD,TOTAL_ALCOHOL,TOTAL_LICENCIA,TOTAL_PERSONAS,PCT_ALCOHOL,PCT_LICENCIA,ES_NOCHE
A-2021-04-163,2021-04-24,21:00,CHOQUE FUGA,1,0,2,LA LIBERTAD,TRUJILLO,SIMBAL,RURAL,CARRETERA,DEPARTAMENTAL,LI-105,-7.974098,-78.812277,DESPEJADO,RURAL,TRAMO RECTO,PLANA ,ASFALTADA,,,,,EN PROCESO DE INVESTIGACIÓN,NO CUENTA CON CAUSA ESPECIFICA,21.0,0,2021.0,4.0,5.0,1,3,1,0,0.0,0.0,0.0,0.0,0,0,73.0,16.97056274847714,0,0,3,0.0,0.0,1
A-2021-04-169,2021-04-24,22:20,DESPISTE,1,0,1,JUNIN,HUANCAYO,HUANCAYO,URBANA,CALLE,URBANO,NO CORRESPONDE,-12.0765584,-75.207582417,DESPEJADO,COMERCIAL,TRAMO RECTO,PLANA ,ASFALTADA,SI,PREVENTIVA (P),REGULADORA (R),NO,EN PROCESO DE INVESTIGACIÓN,NO CUENTA CON CAUSA ESPECIFICA,22.0,0,2021.0,4.0,5.0,1,3,1,1,2.0,0.0,0.0,2.0,0,1,31.0,0.0,0,0,1,0.0,0.0,1
A-2021-04-140,2021-04-25,02:15,ATROPELLO,1,0,0,CALLAO,CALLAO,CALLAO,URBANA,CARRETERA,NACIONAL,PE-20,-12.050127977587698,-77.13967692583283,DESPEJADO,COMERCIAL,TRAMO RECTO,PLANA ,CONCRETO,,,,,EN PROCESO DE INVESTIGACIÓN,NO CUENTA CON CAUSA ESPECIFICA,2.0,0,2021.0,4.0,6.0,1,0,1,0,0.0,0.0,0.0,0.0,0,0,53.5,7.7781745930520225,0,1,2,0.0,0.5,1
A-2021-04-201,2021-04-25,04:30,CHOQUE,1,0,1,PUNO,HUANCANE,VILQUE CHICO,RURAL,CARRETERA,NACIONAL,PE-34L,-15.1201561,-69.5422729,NUBLADO,RURAL,TRAMO RECTO,PLANA ,ASFALTADA,,,,,IMPRUDENCIA DEL CONDUCTOR,OTRO (IMPRUDENCIA DEL CONDUCTOR),4.0,0,2021.0,4.0,6.0,1,0,1,1,0.0,0.0,0.0,0.0,0,0,63.0,21.213203435596427,0,1,2,0.0,0.5,1
A-2021-04-312,2021-04-25,10:30,DESPISTE,2,6,1,HUANCAVELICA,HUANCAVELICA,ACORIA,RURAL,CARRETERA,DEPARTAMENTAL,HV-130,-12.64179,-74.86311,DESPEJADO,RURAL,SINUOSA,INCLINADA,ASFALTADA,SI,REGULADORA (R),PREVENTIVA (P),NO,EN PROCESO DE INVESTIGACIÓN,NO CUENTA CON CAUSA ESPECIFICA,10.0,1,2021.0,4.0,6.0,1,1,1,1,0.0,1.0,0.0,1.0,0,1,24.125,15.551182775412476,0,1,8,0.0,0.125,0
A-2021-04-279,2021-04-25,11:30,ATROPELLO,1,1,0,PASCO,PASCO,VICCO,URBANA,CARRETERA,NACIONAL,PE-20A,-10.86696127535042,-76.28819879898643,,,,,,,,,,EN PROCESO DE INVESTIGACIÓN,NO CUENTA CON CAUSA ESPECIFICA,11.0,0,2021.0,4.0,6.0,1,1,1,1,0.0,1.0,1.0,2.0,0,0,12.5,10.606601717798213,0,0,2,0.0,0.0,0
A-2021-04-152,2021-04-25,16:00,CHOQUE,1,2,2,PUNO,PUNO,PAUCARCOLLA,RURAL,CARRETERA,NACIONAL,PE-3S,-15.778642,-70.032045,DESPEJADO,RURAL,CURVA,PLANA ,ASFALTADA,SI,REGULADORA (R),,SI,IMPRUDENCIA DEL CONDUCTOR,EXCESO DE VELOCIDAD,16.0,0,2021.0,4.0,6.0,1,2,1,1,0.0,0.0,0.0,0.0,0,0,32.75,14.818344486930156,0,2,4,0.0,0.5,0
A-2021-04-153,2021-04-25,16:30,ATROPELLO FUGA,1,2,0,PUNO,CHUCUITO,DESAGUADERO,URBANA,CARRETERA,NACIONAL,PE-36A,-16.577499,-69.053221,DESPEJADO,RURAL,TRAMO RECTO,PLANA ,ASFALTADA,,,,,IMPRUDENCIA DEL CONDUCTOR,EXCESO DE VELOCIDAD,16.0,0,2021.0,4.0,6.0,1,2,1,1,0.0,0.0,0.0,0.0,0,0,39.333333333333336,34.847285881877994,0,0,4,0.0,0.0,0
A-2021-04-175,2021-04-25,18:20,VOLCADURA,1,0,0,SAN MARTIN,MOYOBAMBA,MOYOBAMBA,RURAL,CARRETERA,PROVINCIAL,SM-576,-5.77609532941348,-77.1690432205311,DESPEJADO,RURAL,OTRO,INCLINADA,CASCAJO/RIPIO,,,,,IMPRUDENCIA DEL CONDUCTOR,OTRO (IMPRUDENCIA DEL CONDUCTOR),18.0,0,2021.0,4.0,6.0,1,3,1,2,0.0,1.0,1.0,2.0,0,0,62.0,0.0,0,1,1,0.0,1.0,1
A-2021-04-300,2021-04-25,18:30,DESPISTE,1,0,1,AMAZONAS,CHACHAPOYAS,LEVANTO,RURAL,JIRÓN,URBANO,NO CORRESPONDE,-6.308780146917162,-77.89786413559592,DESPEJADO,RURAL,INTERSECCIÓN,INCLINADA,AFIRMADO,,,,,EN PROCESO DE INVESTIGACIÓN,NO CUENTA CON CAUSA ESPECIFICA,18.0,0,2021.0,4.0,6.0,1,3,1,2,1.0,1.0,1.0,3.0,0,0,56.5,21.920310216782973,0,1,2,0.0,0.5,1
A-2021-04-176,2021-04-25,20:00,CHOQUE,1,0,2,JUNIN,SATIPO,PANGOA,RURAL,CARRETERA,NACIONAL,PE-28C,-11.506640080742583,-74.45938332501434,DESPEJADO,RURAL,TRAMO RECTO,PLANA ,ASFALTADA,,,,,IMPRUDENCIA DEL CONDUCTOR,CONDUCIR EN ESTADO DE EBRIEDAD Y/O DROGADICCIÓN,20.0,0,2021.0,4.0,6.0,1,3,1,1,0.0,0.0,0.0,0.0,0,0,40.0,22.627416997969522,1,2,2,0.5,1.0,1
A-2021-04-141,2021-04-25,22:00,CHOQUE,1,0,1,CALLAO,CALLAO,CALLAO,URBANA,CARRETERA,NACIONAL,PE-20,-11.969749205859332,-77.12548212654109,DESPEJADO,COMERCIAL,TRAMO RECTO,PLANA ,CONCRETO,,,,,EN PROCESO DE INVESTIGACIÓN,NO CUENTA CON CAUSA ESPECIFICA,22.0,0,2021.0,4.0,6.0,1,3,1,0,0.0,0.0,0.0,0.0,0,0,34.0,5.656854249492381,0,1,2,0.0,0.5,1
A-2021-04-252,2021-04-26,02:00,ATROPELLO FUGA,1,0,0,LIMA,LIMA,SAN MARTIN DE PORRES,URBANA,CARRETERA,NACIONAL,PE-1N,-12.018517,-77.059519,DESPEJADO,INDUSTRIAL,TRAMO RECTO,PLANA ,ASFALTADA,,,,,EN PROCESO DE INVESTIGACIÓN,NO CUENTA CON CAUSA ESPECIFICA,2.0,0,2021.0,4.0,0.0,0,0,1,0,0.0,0.0,0.0,0.0,0,0,0.0,0.0,0,0,2,0.0,0.0,1
A-2021-04-142,2021-04-26,04:20,DESPISTE,1,2,1,TUMBES,TUMBES,TUMBES,URBANA,CARRETERA,DEPARTAMENTAL,TU-104,-3.580171143202091,-80.44856768971081,DESPEJADO,COMERCIAL,INTERSECCIÓN,PLANA ,CONCRETO,,,,,IMPRUDENCIA DEL CONDUCTOR,CONDUCIR EN ESTADO DE EBRIEDAD Y/O DROGADICCIÓN,4.0,0,2021.0,4.0,0.0,0,0,1,0,0.0,0.0,0.0,0.0,0,0,19.0,2.0,2,0,3,0.667,0.0,1
A-2021-04-206,2021-04-26,05:40,CHOQUE,1,2,1,JUNIN,HUANCAYO,CHUPURO,RURAL,CARRETERA,DEPARTAMENTAL,JU-110,-12.177069,-75.259884,DESPEJADO,INDUSTRIAL,TRAMO RECTO,INCLINADA,ASFALTADA,,,,,EN PROCESO DE INVESTIGACIÓN,NO CUENTA CON CAUSA ESPECIFICA,5.0,0,2021.0,4.0,0.0,0,0,1,1,0.0,1.0,0.0,1.0,0,0,28.75,17.745891543302825,0,1,4,0.0,0.25,1
A-2021-04-160,2021-04-26,06:00,DESPISTE,1,0,0,PUNO,EL COLLAO,ILAVE,RURAL,CARRETERA,NACIONAL,PE-38A,-16.28037824,-69.68476687,DESPEJADO,RURAL,TRAMO RECTO,PLANA ,ASFALTADA,,,,,IMPRUDENCIA DEL CONDUCTOR,GIRAR IMPRUDENTEMENTE,6.0,0,2021.0,4.0,0.0,0,1,1,1,0.0,0.0,0.0,0.0,0,0,28.0,1.4142135623730951,0,1,2,0.0,0.5,0
A-2021-04-229,2021-04-26,06:10,ATROPELLO FUGA,1,0,0,LAMBAYEQUE,LAMBAYEQUE,JAYANCA,URBANA,CARRETERA,NACIONAL,PE-1NJ,-6.420400190210845,-79.83478720198148,DESPEJADO,RURAL,TRAMO RECTO,PLANA ,ASFALTADA,,,,,EN PROCESO DE INVESTIGACIÓN,NO CUENTA CON CAUSA ESPECIFICA,6.0,0,2021.0,4.0,0.0,0,1,1,0,0.0,0.0,0.0,0.0,0,0,75.0,0.0,0,0,2,0.0,0.0,0
A-2021-04-310,2021-04-26,07:15,ATROPELLO FUGA,1,0,0,LIMA,LIMA,EL AGUSTINO,RURAL,OTRO,URBANO,NO CORRESPONDE,-12.036416235190408,-77.00151550062228,DESPEJADO,RESIDENCIAL,TRAMO RECTO,PLANA ,EMPEDRADO,,,,,EN PROCESO DE INVESTIGACIÓN,NO CUENTA CON CAUSA ESPECIFICA,7.0,0,2021.0,4.0,0.0,0,1,1,0,2.0,0.0,1.0,3.0,0,0,70.5,10.606601717798213,0,0,2,0.0,0.0,0
A-2021-04-278,2021-04-26,11:00,DESPISTE,1,4,1,AYACUCHO,VICTOR FAJARDO,SARHUA,RURAL,OTRO,URBANO,NO CORRESPONDE,-13.674243,-74.320074,NUBLADO,RURAL,OTRO,INCLINADA,TROCHA,,,,,NEGLIGENCIA DEL CONDUCTOR,OTRO (NEGLIGENCIA DEL CONDUCTOR),11.0,0,2021.0,4.0,0.0,0,1,1,1,2.0,1.0,2.0,5.0,0,0,35.4,4.774934554525329,0,1,5,0.0,0.2,0
A-2021-04-253,2021-04-26,12:00,CHOQUE CON OBJETO FIJO,1,0,0,LIMA,LIMA,SAN JUAN DE LURIGANCHO,URBANA,AVENIDA,URBANO,NO CORRESPONDE,-12.009293,-77.004063,DESPEJADO,INDUSTRIAL,TRAMO RECTO,PLANA ,ASFALTADA,,,,,IMPRUDENCIA DEL CONDUCTOR,EXCESO DE VELOCIDAD,12.0,0,2021.0,4.0,0.0,0,2,1,0,1.0,0.0,0.0,1.0,0,0,30.0,0.0,0,0,1,0.0,0.0,0
A-2021-04-185,2021-04-26,14:30,ATROPELLO,1,0,1,HUANUCO,LEONCIO PRADO,PUCAYACU,RURAL,CARRETERA,NACIONAL,PE-5N,-8.7514023548135,-76.1221856331335,DESPEJADO,RURAL,TRAMO RECTO,PLANA ,ASFALTADA,,,,,IMPRUDENCIA DEL CONDUCTOR,EXCESO DE VELOCIDAD,14.0,0,2021.0,4.0,0.0,0,2,1,1,0.0,0.0,0.0,0.0,0,0,78.0,25.45584412271571,1,1,2,0.5,0.5,0
A-2021-04-254,2021-04-26,18:20,ATROPELLO,1,0,0,LIMA,LIMA,LOS OLIVOS,URBANA,CARRETERA,NACIONAL,PE-1N,-12.007427,-77.061738,DESPEJADO,INDUSTRIAL,TRAMO RECTO,PLANA ,ASFALTADA,,,,,IMPRUDENCIA DEL PEATÓN,OTRO (IMPRUDENCIA DEL PEATÓN),18.0,0,2021.0,4.0,0.0,0,3,1,0,0.0,0.0,0.0,0.0,0,0,51.0,0.0,0,0,2,0.0,0.0,1
A-2021-04-323,2021-04-26,18:20,CHOQUE,1,1,2,SAN MARTIN,HUALLAGA,SACANCHE,RURAL,CARRETERA,NACIONAL,PE-5N,-7.072906374001675,-76.71596313007927,DESPEJADO,RURAL,CURVA,INCLINADA,ASFALTADA,NO,,,SI,IMPRUDENCIA DEL CONDUCTOR,CONDUCIR EN ESTADO DE EBRIEDAD Y/O DROGADICCIÓN,18.0,0,2021.0,4.0,0.0,0,3,1,2,0.0,1.0,0.0,1.0,0,1,47.666666666666664,22.143471573656495,1,2,3,0.333,0.667,1
A-2021-04-255,2021-04-26,19:30,ATROPELLO,1,0,0,LIMA,LIMA,SAN JUAN DE LURIGANCHO,URBANA,JIRÓN,URBANO,NO CORRESPONDE,-11.975217,-77.00532,DESPEJADO,INDUSTRIAL,TRAMO RECTO,PLANA ,ASFALTADA,,,,,IMPRUDENCIA DEL CONDUCTOR,OTRO (IMPRUDENCIA DEL CONDUCTOR),19.0,0,2021.0,4.0,0.0,0,3,1,0,1.0,0.0,0.0,1.0,0,0,54.0,31.11269837220809,0,0,2,0.0,0.0,1
A-2021-04-271,2021-04-26,20:15,CHOQUE,1,0,1,PIURA,PAITA,PAITA,,CARRETERA,NACIONAL,PE-02,-5.102095,-81.069194,DESPEJADO,RURAL,TRAMO RECTO,PLANA ,ASFALTADA,,,,,IMPRUDENCIA DEL CONDUCTOR,EXCESO DE VELOCIDAD,20.0,0,2021.0,4.0,0.0,0,3,1,0,0.0,0.0,0.0,0.0,0,0,28.5,7.7781745930520225,0,0,2,0.0,0.0,1
A-2021-04-256,2021-04-26,23:15,DESPISTE,2,2,0,LIMA,LIMA,CHACLACAYO,URBANA,CARRETERA,NACIONAL,PE-22,-11.980851,-76.792388,DESPEJADO,INDUSTRIAL,TRAMO RECTO,PLANA ,ASFALTADA,,,,,IMPRUDENCIA DEL CONDUCTOR,EXCESO DE VELOCIDAD,23.0,1,2021.0,4.0,0.0,0,3,1,0,0.0,0.0,0.0,0.0,0,0,57.0,3.605551275463989,0,0,5,0.0,0.0,1
A-2021-04-194,2021-04-27,04:30,ATROPELLO FUGA,1,0,1,ICA,NASCA,NASCA,URBANA,CARRETERA,NACIONAL,PE-1S,-14.826,-74.955,DESPEJADO,COMERCIAL,TRAMO RECTO,PLANA ,ASFALTADA,SI,INFORMATIVA (I),PREVENTIVA (P),NO,EN PROCESO DE INVESTIGACIÓN,NO CUENTA CON CAUSA ESPECIFICA,4.0,0,2021.0,4.0,1.0,0,0,1,0,0.0,0.0,0.0,0.0,0,1,36.0,0.0,0,0,1,0.0,0.0,1
A-2021-04-178,2021-04-27,07:30,CAÍDA DE PASAJERO,1,0,1,AREQUIPA,AREQUIPA,CAYMA,URBANA,CALLE,URBANO,NO CORRESPONDE,-16.391007942757486,-71.54839748858807,DESPEJADO,RESIDENCIAL,TRAMO RECTO,PLANA ,ASFALTADA,,,,,IMPRUDENCIA DEL PASAJERO/OCUPANTE,OTRO (IMPRUDENCIA DEL PASAJERO/OCUPANTE),7.0,0,2021.0,4.0,1.0,0,1,1,0,2.0,0.0,0.0,2.0,0,0,56.0,0.0,0,1,2,0.0,0.5,0
A-2021-04-173,2021-04-27,08:00,DESPISTE,1,0,2,LA LIBERTAD,PATAZ,PATAZ,RURAL,CARRETERA,DEPARTAMENTAL,LI-124,-7.719236,-77.662911,DESPEJADO,RURAL,TRAMO RECTO,PLANA ,ASFALTADA,,,,,EN PROCESO DE INVESTIGACIÓN,NO CUENTA CON CAUSA ESPECIFICA,8.0,0,2021.0,4.0,1.0,0,1,1,0,0.0,0.0,0.0,0.0,0,0,17.5,10.606601717798213,0,0,2,0.0,0.0,0
A-2021-04-172,2021-04-27,11:30,CHOQUE,1,0,2,LA LIBERTAD,TRUJILLO,HUANCHACO,RURAL,CARRETERA,NACIONAL,PE-1N,-8.024046,-79.076353,DESPEJADO,RURAL,TRAMO RECTO,PLANA ,ASFALTADA,,,,,IMPRUDENCIA DEL CONDUCTOR,NO ESTABLECER EL DERECHO DE PASO,11.0,0,2021.0,4.0,1.0,0,1,1,0,0.0,0.0,0.0,0.0,0,0,39.0,14.142135623730951,0,1,2,0.0,0.5,0
A-2021-04-216,2021-04-27,18:00,CHOQUE,1,0,2,LAMBAYEQUE,CHICLAYO,REQUE,URBANA,CARRETERA,NACIONAL,PE-1N,-6.8626205138730185,-79.81867247722157,DESPEJADO,RESIDENCIAL,INTERSECCIÓN,PLANA ,ASFALTADA,SI,REGULADORA (R),PREVENTIVA (P),NO,EN PROCESO DE INVESTIGACIÓN,NO CUENTA CON CAUSA ESPECIFICA,18.0,0,2021.0,4.0,1.0,0,3,1,0,0.0,0.0,0.0,0.0,0,1,67.0,2.8284271247461903,0,1,2,0.0,0.5,1
A-2021-04-188,2021-04-27,18:45,CHOQUE,1,0,1,MOQUEGUA,MARISCAL NIETO,MOQUEGUA,RURAL,CARRETERA,DEPARTAMENTAL,MO-107,-17.213738,-70.922987,DESPEJADO,RURAL,TRAMO RECTO,INCLINADA,ASFALTADA,SI,REGULADORA (R),PREVENTIVA (P),SI,IMPRUDENCIA DEL CONDUCTOR,CONDUCIR EN ESTADO DE EBRIEDAD Y/O DROGADICCIÓN,18.0,0,2021.0,4.0,1.0,0,3,1,0,0.0,1.0,0.0,1.0,0,0,45.5,34.64823227814083,0,2,2,0.0,1.0,1
A-2021-04-259,2021-04-28,04:30,CHOQUE,1,0,1,LIMA,LIMA,LOS OLIVOS,URBANA,AVENIDA,URBANO,NO CORRESPONDE,-11.923226255573336,-77.07654145949084,DESPEJADO,INDUSTRIAL,TRAMO RECTO,PLANA ,ASFALTADA,,,,,IMPRUDENCIA DEL CONDUCTOR,OTRO (IMPRUDENCIA DEL CONDUCTOR),4.0,0,2021.0,4.0,2.0,0,0,1,0,1.0,0.0,0.0,1.0,0,0,60.0,1.4142135623730951,0,0,2,0.0,0.0,1
A-2021-04-261,2021-04-28,16:30,ATROPELLO,1,0,0,LIMA,LIMA,LURIN,URBANA,CALLE,URBANO,NO CORRESPONDE,-12.28618,-76.87237,DESPEJADO,INDUSTRIAL,TRAMO RECTO,PLANA ,ASFALTADA,,,,,IMPRUDENCIA DEL CONDUCTOR,OTRO (IMPRUDENCIA DEL CONDUCTOR),16.0,0,2021.0,4.0,2.0,0,2,1,0,2.0,0.0,0.0,2.0,0,0,33.0,0.0,0,0,2,0.0,0.0,0
A-2021-04-184,2021-04-28,17:30,DESPISTE,1,2,0,PUNO,CHUCUITO,JULI,,CARRETERA,PROVINCIAL,PU-1274,-16.249499,-69.390472,DESPEJADO,RURAL,SINUOSA,INCLINADA,TROCHA,,,,,IMPRUDENCIA DEL CONDUCTOR,EXCESO DE VELOCIDAD,17.0,0,2021.0,4.0,2.0,0,2,1,1,0.0,1.0,2.0,3.0,0,0,59.333333333333336,10.016652800877814,0,1,3,0.0,0.333,0
A-2021-04-189,2021-04-28,19:30,ATROPELLO,1,0,1,CUSCO,QUISPICANCHI,QUIQUIJANA,RURAL,CARRETERA,NACIONAL,PE-3S,-13.804365,-71.545984,DESPEJADO,RURAL,TRAMO RECTO,PLANA ,ASFALTADA,,,,,IMPRUDENCIA DEL CONDUCTOR,EXCESO DE VELOCIDAD,19.0,0,2021.0,4.0,2.0,0,3,1,1,0.0,0.0,0.0,0.0,0,0,61.5,14.849242404917497,0,1,2,0.0,0.5,1
A-2021-04-260,2021-04-29,00:10,CHOQUE,1,1,0,LIMA,LIMA,LOS OLIVOS,URBANA,AVENIDA,URBANO,NO CORRESPONDE,-11.937824603362309,-77.07888112938127,DESPEJADO,INDUSTRIAL,TRAMO RECTO,PLANA ,ASFALTADA,,,,,EN PROCESO DE INVESTIGACIÓN,NO CUENTA CON CAUSA ESPECIFICA,0.0,0,2021.0,4.0,3.0,0,0,1,0,1.0,0.0,0.0,1.0,0,0,37.333333333333336,23.28805129961142,0,0,3,0.0,0.0,1
A-2021-04-292,2021-04-29,07:00,DESPISTE,1,2,1,JUNIN,YAULI,PACCHA,RURAL,CARRETERA,NACIONAL,PE-3N,-11.485281,-75.9531612,SOLEADO,RURAL,CURVA,PLANA ,ASFALTADA,SI,REGULADORA (R),PREVENTIVA (P),NO,IMPRUDENCIA DEL CONDUCTOR,EXCESO DE VELOCIDAD,7.0,0,2021.0,4.0,3.0,0,1,1,1,0.0,0.0,0.0,0.0,0,1,35.666666666666664,11.676186592091332,0,1,3,0.0,0.333,0
A-2021-04-202,2021-04-29,09:00,DESPISTE,1,1,1,CUSCO,CANCHIS,PITUMARCA,RURAL,CARRETERA,DEPARTAMENTAL,CU-125,-13.92986,-71.0209,DESPEJADO,RURAL,CURVA,INCLINADA,TROCHA,,,,,NEGLIGENCIA DEL CONDUCTOR,OTRO (NEGLIGENCIA DEL CONDUCTOR),9.0,0,2021.0,4.0,3.0,0,1,1,1,0.0,1.0,2.0,3.0,0,0,33.5,10.606601717798213,0,1,2,0.0,0.5,0
A-2021-04-280,2021-04-29,10:50,DESPISTE,1,1,1,LIMA,HUARAL,CHANCAY,RURAL,CARRETERA,NACIONAL,PE-18,-11.398112453019715,-77.33464609261696,DESPEJADO,RURAL,TRAMO RECTO,PLANA ,ASFALTADA,,,,,NEGLIGENCIA DEL CONDUCTOR,CONDUCIR CON FALLAS DE NEUMÁTICOS,10.0,0,2021.0,4.0,3.0,0,1,1,0,0.0,0.0,0.0,0.0,0,0,31.666666666666668,16.862186493255653,0,0,3,0.0,0.0,0
A-2021-04-211,2021-04-29,11:00,ATROPELLO FUGA,1,0,1,LA LIBERTAD,TRUJILLO,LAREDO,RURAL,CARRETERA,PROVINCIAL,LI-734,-8.092592,-78.956074,DESPEJADO,RURAL,TRAMO RECTO,PLANA ,ASFALTADA,,,,,IMPRUDENCIA DEL CONDUCTOR,NO DAR PASO PREFERENTE AL PEATÓN,11.0,0,2021.0,4.0,3.0,0,1,1,0,0.0,0.0,0.0,0.0,0,0,72.0,0.0,1,0,2,0.5,0.0,0
A-2021-04-281,2021-04-29,11:30,ATROPELLO,1,0,1,LIMA,HUARAL,AUCALLAMA,RURAL,CARRETERA,SIN CLASIFICAR,SIN CLASIFICAR,-11.430781799922846,-77.08143126557555,DESPEJADO,RURAL,SINUOSA,INCLINADA,CASCAJO/RIPIO,,,,,EN PROCESO DE INVESTIGACIÓN,NO CUENTA CON CAUSA ESPECIFICA,11.0,0,2021.0,4.0,3.0,0,1,1,0,0.0,1.0,1.0,2.0,0,0,50.0,25.45584412271571,0,1,2,0.0,0.5,0
A-2021-04-217,2021-04-29,15:30,CHOQUE,1,3,2,PIURA,PIURA,CASTILLA,URBANA,AVENIDA,URBANO,NO CORRESPONDE,-5.187268,-80.613112,DESPEJADO,RURAL,INTERSECCIÓN,PLANA ,ASFALTADA,,,,,EN PROCESO DE INVESTIGACIÓN,NO CUENTA CON CAUSA ESPECIFICA,15.0,0,2021.0,4.0,3.0,0,2,1,0,1.0,0.0,0.0,1.0,0,0,25.333333333333332,18.151216671801002,0,1,6,0.0,0.167,0
A-2021-04-200,2021-04-29,16:00,ATROPELLO,1,0,1,CALLAO,CALLAO,CALLAO,URBANA,CARRETERA,NACIONAL,PE-20,-11.994407401910234,-77.12599190223546,DESPEJADO,COMERCIAL,TRAMO RECTO,PLANA ,CONCRETO,,,,,EN PROCESO DE INVESTIGACIÓN,NO CUENTA CON CAUSA ESPECIFICA,16.0,0,2021.0,4.0,3.0,0,2,1,0,0.0,0.0,0.0,0.0,0,0,65.0,9.899494936611665,0,1,2,0.0,0.5,0
A-2021-04-285,2021-04-29,18:45,ATROPELLO,1,0,0,LIMA,HUAURA,VEGUETA,URBANA,CARRETERA,NACIONAL,PE-1N,-10.989429946855031,-77.63791485551336,DESPEJADO,RURAL,TRAMO RECTO,PLANA ,ASFALTADA,SI,REGULADORA (R),,NO,IMPRUDENCIA DEL CONDUCTOR,OTRO (IMPRUDENCIA DEL CONDUCTOR),18.0,0,2021.0,4.0,3.0,0,3,1,0,0.0,0.0,0.0,0.0,0,1,49.0,9.899494936611665,0,0,2,0.0,0.0,1
A-2021-04-204,2021-04-29,23:40,CHOQUE CON OBJETO FIJO,1,0,1,TUMBES,TUMBES,CORRALES,RURAL,CARRETERA,NACIONAL,PE-1N,-3.603042926354615,-80.49703530897278,DESPEJADO,RURAL,TRAMO RECTO,PLANA ,ASFALTADA,SI,PREVENTIVA (P),,SI,IMPRUDENCIA DEL CONDUCTOR,EXCESO DE VELOCIDAD,23.0,0,2021.0,4.0,3.0,0,3,1,0,0.0,0.0,0.0,0.0,0,0,27.0,0.0,0,0,2,0.0,0.0,1
A-2021-04-230,2021-04-30,03:00,CHOQUE,1,0,1,PUNO,HUANCANE,PUSI,RURAL,CARRETERA,NACIONAL,PE-34H,-15.3979771,-70.0630439,NUBLADO,RURAL,TRAMO RECTO,PLANA ,ASFALTADA,,,,,NEGLIGENCIA DEL CONDUCTOR,OTRO (NEGLIGENCIA DEL CONDUCTOR),3.0,0,2021.0,4.0,4.0,0,0,1,1,0.0,0.0,0.0,0.0,0,0,24.0,0.0,0,1,2,0.0,0.5,1
A-2021-04-205,2021-04-30,06:55,ATROPELLO FUGA,1,0,0,TUMBES,TUMBES,TUMBES,RURAL,CARRETERA,NACIONAL,PE-1N,-3.553035560485589,-80.42390441286221,DESPEJADO,RURAL,PUENTE,PLANA ,ASFALTADA,SI,PREVENTIVA (P),,SI,IMPRUDENCIA DEL CONDUCTOR,EXCESO DE VELOCIDAD,6.0,0,2021.0,4.0,4.0,0,1,1,0,0.0,0.0,0.0,0.0,0,0,81.0,0.0,0,0,1,0.0,0.0,0
A-2021-04-215,2021-04-30,19:25,CHOQUE,1,0,2,LA LIBERTAD,TRUJILLO,VICTOR LARCO HERRERA,RURAL,CARRETERA,NACIONAL,PE-1N,-8.15108,-79.034121,DESPEJADO,RURAL,TRAMO RECTO,PLANA ,ASFALTADA,,,,,IMPRUDENCIA DEL CONDUCTOR,CONDUCIR EN ESTADO DE EBRIEDAD Y/O DROGADICCIÓN,19.0,0,2021.0,4.0,4.0,0,3,1,0,0.0,0.0,0.0,0.0,0,0,37.0,7.0710678118654755,0,2,2,0.0,1.0,1
A-2021-05-95,2021-05-01,00:55,ATROPELLO,1,0,1,LIMA,BARRANCA,BARRANCA,RURAL,CARRETERA,NACIONAL,PE-1N,-10.738742225081932,-77.74812410503186,DESPEJADO,RURAL,TRAMO RECTO,PLANA ,ASFALTADA,,,,,IMPRUDENCIA DEL PEATÓN,ESTADO DE EBRIEDAD Y/O DROGADICCIÓN,0.0,0,2021.0,5.0,5.0,1,0,1,0,0.0,0.0,0.0,0.0,0,0,60.5,10.606601717798213,0,0,2,0.0,0.0,1
A-2021-05-1,2021-05-01,04:45,ATROPELLO FUGA,1,0,0,LA LIBERTAD,TRUJILLO,HUANCHACO,RURAL,CARRETERA,SIN CLASIFICAR,SIN CLASIFICAR,-8.025953,-79.047857,DESPEJADO,INDUSTRIAL,CURVA,PLANA ,AFIRMADO,,,,,EN PROCESO DE INVESTIGACIÓN,NO CUENTA CON CAUSA ESPECIFICA,4.0,0,2021.0,5.0,5.0,1,0,1,0,0.0,0.0,1.0,1.0,0,0,9.0,0.0,0,0,2,0.0,0.0,1