CODIGO_SINIESTRO,FECHA_SINIESTRO,HORA_SINIESTRO,CLASE_SINIESTRO,CANTIDAD_FALLECIDOS,CANTIDAD_LESIONADOS,CANTIDAD_VEHICULOS,DEPARTAMENTO,PROVINCIA,DISTRITO,ZONA,TIPO_VIA,RED_VIAL,COD_CARRETERA,LATITUD,LONGITUD,CONDICION_CLIMATICA,ZONIFICACION,CARACTERISTICAS_VIA,PERFIL_VIA,SUPERFICIE_CALZADA,EXISTE_SENIAL_VERTICAL,CLASIFICACION_SENIAL_VERTICAL_1,CLASIFICACION_SENIAL_VERTICAL_2,EXISTE_SENIAL_HORIZONTAL,CAUSA_FACTOR_PRINCIPAL,CAUSA_ESPECIFICA,HORA,severidad,ANIO,MES,DIA_SEMANA,FIN_SEMANA,FRANJA_HORARIA,TEMPORADA,MACROREGION,TIPO_VIA_SCORE,PERFIL_VIA_SCORE,SUPERFICIE_CALZADA_SCORE,RIESGO_INFRAESTRUCTURA,RIESGO_CLIMATICO,SENIALIZACION_DEFICIENTE,EDAD_PROMEDIO,EDAD_STD,TOTAL_ALCOHOL,TOTAL_LICENCIA,TOTAL_PERSONAS,PCT_ALCOHOL,PCT_LICENCIA,ES_NOCHE
A-2021-05-124,2021-05-01,05:30,CHOQUE FUGA,1,0,0,LIMA,LIMA,LURIGANCHO,URBANA,AVENIDA,URBANO,NO CORRESPONDE,-11.930175,-76.69002,DESPEJADO,RESIDENCIAL,TRAMO RECTO,PLANA ,ASFALTADA,,,,,EN PROCESO DE INVESTIGACIÓN,NO CUENTA CON CAUSA ESPECIFICA,5.0,0,2021.0,5.0,5.0,1,0,1,0,1.0,0.0,0.0,1.0,0,0,27.0,0.0,0,0,2,0.0,0.0,1
A-2021-05-94,2021-05-01,11:20,CHOQUE,1,0,1,JUNIN,HUANCAYO,SICAYA,URBANA,CARRETERA,NACIONAL,PE-3SB,-12.023939,-75.271322,SOLEADO,RESIDENCIAL,INTERSECCIÓN,PLANA ,ASFALTADA,SI,PREVENTIVA (P),,NO,EN PROCESO DE INVESTIGACIÓN,NO CUENTA CON CAUSA ESPECIFICA,11.0,0,2021.0,5.0,5.0,1,1,1,1,0.0,0.0,0.0,0.0,0,1,53.0,8.48528137423857,0,0,2,0.0,0.0,0
A-2021-05-319,2021-05-01,15:25,ATROPELLO,1,0,0,ANCASH,SANTA,NUEVO CHIMBOTE,URBANA,AVENIDA,URBANO,NO CORRESPONDE,-9.124688512201416,-78.52870251604854,DESPEJADO,COMERCIAL,TRAMO RECTO,PLANA ,ASFALTADA,,,,,IMPRUDENCIA DEL CONDUCTOR,NO DAR PASO PREFERENTE AL PEATÓN,15.0,0,2021.0,5.0,5.0,1,2,1,0,1.0,0.0,0.0,1.0,0,0,50.5,50.204581464244875,0,0,2,0.0,0.0,0
A-2021-05-123,2021-05-01,15:30,ATROPELLO,1,0,0,LIMA,LIMA,COMAS,URBANA,AVENIDA,URBANO,NO CORRESPONDE,-11.962209,-77.054503,DESPEJADO,INDUSTRIAL,TRAMO RECTO,PLANA ,ASFALTADA,,,,,EN PROCESO DE INVESTIGACIÓN,NO CUENTA CON CAUSA ESPECIFICA,15.0,0,2021.0,5.0,5.0,1,2,1,0,1.0,0.0,0.0,1.0,0,0,23.0,0.0,0,0,2,0.0,0.0,0
A-2021-05-70,2021-05-01,16:10,ATROPELLO,1,1,1,CUSCO,CALCA,LAMAY,RURAL,CARRETERA,NACIONAL,PE-28B,-13.374216,-71.917709,DESPEJADO,RURAL,TRAMO RECTO,PLANA ,ASFALTADA,,,,,NEGLIGENCIA DEL CONDUCTOR,OTRO (NEGLIGENCIA DEL CONDUCTOR),16.0,0,2021.0,5.0,5.0,1,2,1,1,0.0,0.0,0.0,0.0,0,0,29.0,30.44667469527666,0,1,3,0.0,0.333,0
A-2021-05-9,2021-05-01,16:10,DESPISTE,1,1,1,CAJAMARCA,CHOTA,CHOTA,RURAL,CARRETERA,NACIONAL,PE-3N,-6.56770394,-78.64263126,DESPEJADO,RURAL,CURVA,INCLINADA,ASFALTADA,SI,PREVENTIVA (P),,SI,EN PROCESO DE INVESTIGACIÓN,NO CUENTA CON CAUSA ESPECIFICA,16.0,0,2021.0,5.0,5.0,1,2,1,1,0.0,1.0,0.0,1.0,0,0,16.5,0.7071067811865476,0,0,2,0.0,0.0,0
A-2021-05-10,2021-05-01,16:30,ATROPELLO,1,2,1,SAN MARTIN,MOYOBAMBA,SORITOR,RURAL,CARRETERA,SIN CLASIFICAR,SIN CLASIFICAR,-6.225567,-77.134417,DESPEJADO,RURAL,CURVA,INCLINADA,ASFALTADA,,,,,IMPRUDENCIA DEL CONDUCTOR,OTRO (IMPRUDENCIA DEL CONDUCTOR),16.0,0,2021.0,5.0,5.0,1,2,1,2,0.0,1.0,0.0,1.0,0,0,43.25,27.633011658763028,1,1,4,0.25,0.25,0
A-2021-05-36,2021-05-01,18:45,ATROPELLO,1,0,1,PUNO,SAN ROMAN,JULIACA,RURAL,CARRETERA,NACIONAL,PE-3S,-15.5354642,-70.1146895,NUBLADO,RURAL,TRAMO RECTO,PLANA ,ASFALTADA,SI,REGULADORA (R),INFORMATIVA (I),SI,IMPRUDENCIA DEL PEATÓN,CRUCE INDEBIDO POR LA CALZADA,18.0,0,2021.0,5.0,5.0,1,3,1,1,0.0,0.0,0.0,0.0,0,0,55.0,2.8284271247461903,0,1,2,0.0,0.5,1
A-2021-05-2,2021-05-01,20:00,CHOQUE,1,0,2,ICA,PISCO,SAN CLEMENTE,URBANA,CARRETERA,NACIONAL,PE-28A,-13.679986618506526,-76.14755565186188,DESPEJADO,COMERCIAL,INTERSECCIÓN,PLANA ,ASFALTADA,,,,,EN PROCESO DE INVESTIGACIÓN,NO CUENTA CON CAUSA ESPECIFICA,20.0,0,2021.0,5.0,5.0,1,3,1,0,0.0,0.0,0.0,0.0,0,0,17.0,0.0,0,0,2,0.0,0.0,1
A-2021-05-3,2021-05-02,03:31,CHOQUE,1,0,2,JUNIN,CHANCHAMAYO,CHANCHAMAYO,RURAL,CARRETERA,NACIONAL,PE-22B,-11.05411900879454,-75.32400898727913,DESPEJADO,RURAL,TRAMO RECTO,PLANA ,ASFALTADA,,,,,EN PROCESO DE INVESTIGACIÓN,NO CUENTA CON CAUSA ESPECIFICA,3.0,0,2021.0,5.0,6.0,1,0,1,1,0.0,0.0,0.0,0.0,0,0,26.5,12.020815280171307,0,1,2,0.0,0.5,1
A-2021-05-125,2021-05-02,09:00,CHOQUE,1,0,0,LIMA,LIMA,LIMA,URBANA,AVENIDA,URBANO,NO CORRESPONDE,-12.053072448541595,-77.01305632819688,SOLEADO,INDUSTRIAL,TRAMO RECTO,PLANA ,ASFALTADA,,,,,IMPRUDENCIA DEL CONDUCTOR,EXCESO DE VELOCIDAD,9.0,0,2021.0,5.0,6.0,1,1,1,0,1.0,0.0,0.0,1.0,0,0,37.0,15.556349186104045,0,0,2,0.0,0.0,0
A-2021-05-206,2021-05-02,16:30,DESPISTE,2,0,1,PUNO,SANDIA,SAN PEDRO DE PUTINA PUNCO,RURAL,CARRETERA,NACIONAL,PE-34H,-14.119034,-69.050906,DESPEJADO,RURAL,PASE A DESNIVEL,INCLINADA,TROCHA,,,,,IMPRUDENCIA DEL CONDUCTOR,EXCESO DE VELOCIDAD,16.0,1,2021.0,5.0,6.0,1,2,1,1,0.0,1.0,2.0,3.0,0,0,35.333333333333336,7.767453465154029,0,1,3,0.0,0.333,0
A-2021-05-29,2021-05-03,02:00,DESPISTE,1,1,1,APURIMAC,COTABAMBAS,COYLLURQUI,RURAL,CARRETERA,NACIONAL,PE-3SX,-13.977506644269104,-72.38680757070567,DESPEJADO,RURAL,TRAMO RECTO,PLANA ,CASCAJO/RIPIO,,,,,IMPRUDENCIA DEL CONDUCTOR,CONDUCIR EN ESTADO DE EBRIEDAD Y/O DROGADICCIÓN,2.0,0,2021.0,5.0,0.0,0,0,1,1,0.0,0.0,1.0,1.0,0,0,29.0,2.8284271247461903,0,0,2,0.0,0.0,1
A-2021-05-126,2021-05-03,06:00,ATROPELLO,1,0,0,LIMA,LIMA,EL AGUSTINO,URBANA,CARRETERA,NACIONAL,PE-1N,-12.033464037862172,-76.99048730611834,SOLEADO,INDUSTRIAL,TRAMO RECTO,PLANA ,ASFALTADA,,,,,IMPRUDENCIA DEL PEATÓN,ESTADO DE EBRIEDAD Y/O DROGADICCIÓN,6.0,0,2021.0,5.0,0.0,0,1,1,0,0.0,0.0,0.0,0.0,0,0,38.0,0.0,0,0,2,0.0,0.0,0
A-2021-05-37,2021-05-03,07:45,DESPISTE,1,0,1,PUNO,SAN ROMAN,JULIACA,RURAL,CARRETERA,DEPARTAMENTAL,PU-124,-15.4328266547477,-70.22161597565652,DESPEJADO,RURAL,TRAMO RECTO,INCLINADA,ASFALTADA,,,,,NEGLIGENCIA DEL CONDUCTOR,OTRO (NEGLIGENCIA DEL CONDUCTOR),7.0,0,2021.0,5.0,0.0,0,1,1,1,0.0,1.0,0.0,1.0,0,0,46.0,0.0,1,0,1,1.0,0.0,0
A-2021-05-228,2021-05-03,08:20,ATROPELLO,1,2,1,JUNIN,HUANCAYO,SAN JERONIMO DE TUNAN,URBANA,AVENIDA,URBANO,NO CORRESPONDE,-11.957304,-75.26739,DESPEJADO,RURAL,TRAMO RECTO,PLANA ,CONCRETO,,,,,IMPRUDENCIA DEL CONDUCTOR,EXCESO DE VELOCIDAD,8.0,0,2021.0,5.0,0.0,0,1,1,1,1.0,0.0,0.0,1.0,0,0,31.0,22.105806175452337,0,1,4,0.0,0.25,0
A-2021-05-127,2021-05-03,15:30,ATROPELLO,1,0,0,LIMA,LIMA,COMAS,URBANA,AVENIDA,URBANO,NO CORRESPONDE,-11.905596557455068,-77.04212480216349,DESPEJADO,INDUSTRIAL,TRAMO RECTO,PLANA ,ASFALTADA,,,,,IMPRUDENCIA DEL PEATÓN,OTRO (IMPRUDENCIA DEL PEATÓN),15.0,0,2021.0,5.0,0.0,0,2,1,0,1.0,0.0,0.0,1.0,0,0,53.0,0.0,0,0,2,0.0,0.0,0
A-2021-05-318,2021-05-03,16:30,DESPISTE,1,3,1,HUANUCO,HUANUCO,CHURUBAMBA,RURAL,CARRETERA,PROVINCIAL,HU-780,-9.830753,-76.153403,DESPEJADO,RURAL,CURVA,INCLINADA,AFIRMADO,,,,,IMPRUDENCIA DEL PASAJERO/OCUPANTE,OTRO (IMPRUDENCIA DEL PASAJERO/OCUPANTE),16.0,0,2021.0,5.0,0.0,0,2,1,1,0.0,1.0,1.0,2.0,0,0,23.6,17.21336689901194,0,0,5,0.0,0.0,0
A-2021-05-5,2021-05-03,18:30,CHOQUE,1,1,2,PUNO,CHUCUITO,DESAGUADERO,RURAL,CARRETERA,NACIONAL,PE-3S,-16.54100210832694,-69.05834507787692,DESPEJADO,RURAL,TRAMO RECTO,PLANA ,ASFALTADA,,,,,IMPRUDENCIA DEL CONDUCTOR,EXCESO DE VELOCIDAD,18.0,0,2021.0,5.0,0.0,0,3,1,1,0.0,0.0,0.0,0.0,0,0,45.0,15.556349186104045,0,0,2,0.0,0.0,1
A-2021-05-8,2021-05-03,20:00,CHOQUE,1,1,2,PIURA,PIURA,CATACAOS,URBANA,CARRETERA,NACIONAL,PE-1N,-5.221969,-80.654578,DESPEJADO,RURAL,CURVA,PLANA ,ASFALTADA,SI,PREVENTIVA (P),INFORMATIVA (I),SI,EN PROCESO DE INVESTIGACIÓN,NO CUENTA CON CAUSA ESPECIFICA,20.0,0,2021.0,5.0,0.0,0,3,1,0,0.0,0.0,0.0,0.0,0,0,46.0,15.620499351813308,2,1,3,0.667,0.333,1
A-2021-05-81,2021-05-03,23:30,DESPISTE,3,3,1,CUSCO,PAUCARTAMBO,PAUCARTAMBO,RURAL,CARRETERA,DEPARTAMENTAL,CU-116,-13.323248,-71.587061,DESPEJADO,RURAL,CURVA,INCLINADA,TROCHA,,,,,IMPRUDENCIA DEL CONDUCTOR,EXCESO DE VELOCIDAD,23.0,2,2021.0,5.0,0.0,0,3,1,1,0.0,1.0,2.0,3.0,0,0,27.166666666666668,17.67955504719128,0,0,6,0.0,0.0,1
A-2021-05-316,2021-05-04,06:30,CHOQUE CON OBJETO FIJO,1,0,1,HUANUCO,AMBO,SAN RAFAEL,RURAL,CARRETERA,NACIONAL,PE-3N,-10.258065,-76.147926,DESPEJADO,RURAL,CURVA,PLANA ,ASFALTADA,,,,,IMPRUDENCIA DEL CONDUCTOR,EXCESO DE VELOCIDAD,6.0,0,2021.0,5.0,1.0,0,1,1,1,0.0,0.0,0.0,0.0,0,0,47.0,0.0,0,1,1,0.0,1.0,0
A-2021-05-7,2021-05-04,06:40,CHOQUE,1,0,2,ICA,ICA,SUBTANJALLA,URBANA,CARRETERA,NACIONAL,PE-1S,-14.008209193958823,-75.76604954345218,DESPEJADO,COMERCIAL,INTERSECCIÓN,PLANA ,ASFALTADA,,,,,IMPRUDENCIA DEL CONDUCTOR,GIRAR IMPRUDENTEMENTE,6.0,0,2021.0,5.0,1.0,0,1,1,0,0.0,0.0,0.0,0.0,0,0,40.5,0.7071067811865476,0,2,2,0.0,1.0,0
A-2021-05-73,2021-05-04,16:10,CHOQUE FUGA,1,0,1,PIURA,SULLANA,SULLANA,RURAL,CARRETERA,DEPARTAMENTAL,PI-102,-4.905415927210847,-80.70526061283559,DESPEJADO,INDUSTRIAL,TRAMO RECTO,PLANA ,ASFALTADA,,,,,EN PROCESO DE INVESTIGACIÓN,NO CUENTA CON CAUSA ESPECIFICA,16.0,0,2021.0,5.0,1.0,0,2,1,0,0.0,0.0,0.0,0.0,0,0,39.0,0.0,0,0,2,0.0,0.0,0
A-2021-05-82,2021-05-04,20:50,ATROPELLO,1,0,1,CUSCO,CANCHIS,SAN PEDRO,RURAL,CARRETERA,NACIONAL,PE-3S,-14.1841,-71.35309818,DESPEJADO,RURAL,TRAMO RECTO,PLANA ,ASFALTADA,SI,PREVENTIVA (P),INFORMATIVA (I),SI,IMPRUDENCIA DEL CONDUCTOR,OTRO (IMPRUDENCIA DEL CONDUCTOR),20.0,0,2021.0,5.0,1.0,0,3,1,1,0.0,0.0,0.0,0.0,0,0,65.0,18.384776310850235,0,1,2,0.0,0.5,1
A-2021-05-19,2021-05-05,00:10,ATROPELLO,1,0,0,PIURA,PIURA,CATACAOS,RURAL,CARRETERA,NACIONAL,PE-1N,-5.255503,-80.616913,DESPEJADO,RURAL,TRAMO RECTO,PLANA ,ASFALTADA,SI,PREVENTIVA (P),INFORMATIVA (I),NO,EN PROCESO DE INVESTIGACIÓN,NO CUENTA CON CAUSA ESPECIFICA,0.0,0,2021.0,5.0,2.0,0,0,1,0,0.0,0.0,0.0,0.0,0,1,29.0,0.0,1,0,2,0.5,0.0,1
A-2021-05-324,2021-05-05,05:45,DESPISTE,1,0,0,JUNIN,SATIPO,PANGOA,RURAL,CARRETERA,NACIONAL,PE-28C,-11.33568,-74.52846,,,,,,,,,,EN PROCESO DE INVESTIGACIÓN,NO CUENTA CON CAUSA ESPECIFICA,5.0,0,2021.0,5.0,2.0,0,0,1,1,0.0,1.0,1.0,2.0,0,0,72.0,0.0,0,0,1,0.0,0.0,1
A-2021-05-11,2021-05-05,07:00,ATROPELLO,1,0,1,ANCASH,HUARAZ,OLLEROS,URBANA,AVENIDA,URBANO,NO CORRESPONDE,-9.663039536688188,-77.467772744454,DESPEJADO,RESIDENCIAL,TRAMO RECTO,INCLINADA,CONCRETO,,,,,IMPRUDENCIA DEL CONDUCTOR,EXCESO DE VELOCIDAD,7.0,0,2021.0,5.0,2.0,0,1,1,0,1.0,1.0,0.0,2.0,0,0,56.5,26.16295090390226,0,1,2,0.0,0.5,0
A-2021-05-15,2021-05-05,12:30,DESPISTE,1,0,1,APURIMAC,ANDAHUAYLAS,HUANCARAMA,RURAL,CARRETERA,PROVINCIAL,AP-597,-13.6516219,-73.0590121,DESPEJADO,RURAL,CURVA,INCLINADA,TROCHA,,,,,IMPRUDENCIA DEL CONDUCTOR,CONDUCIR EN ESTADO DE EBRIEDAD Y/O DROGADICCIÓN,12.0,0,2021.0,5.0,2.0,0,2,1,1,0.0,1.0,2.0,3.0,0,0,20.0,0.0,0,0,1,0.0,0.0,0
A-2021-05-308,2021-05-05,13:30,CHOQUE,1,0,2,ICA,PISCO,SAN CLEMENTE,URBANA,CARRETERA,NACIONAL,PE-28A,-13.678722126115671,-76.13532408819252,DESPEJADO,COMERCIAL,TRAMO RECTO,PLANA ,ASFALTADA,,,,,EN PROCESO DE INVESTIGACIÓN,NO CUENTA CON CAUSA ESPECIFICA,13.0,0,2021.0,5.0,2.0,0,2,1,0,0.0,0.0,0.0,0.0,0,0,62.5,28.991378028648448,0,0,2,0.0,0.0,0
A-2021-05-189,2021-05-05,14:00,DESPISTE,3,1,1,CUSCO,LA CONVENCION,HUAYOPATA,RURAL,CARRETERA,NACIONAL,PE-28B,-13.133249,-72.316248,NIEBLA,RURAL,CURVA,INCLINADA,ASFALTADA,SI,REGULADORA (R),REGULADORA (R),SI,NEGLIGENCIA DEL CONDUCTOR,OTRO (NEGLIGENCIA DEL CONDUCTOR),14.0,2,2021.0,5.0,2.0,0,2,1,1,0.0,1.0,0.0,1.0,0,0,33.0,8.366600265340756,0,1,4,0.0,0.25,0
A-2021-05-74,2021-05-05,17:00,DESPISTE,1,1,1,CUSCO,ANTA,LIMATAMBO,RURAL,CARRETERA,NACIONAL,PE-3S,-13.457944,-72.4116,DESPEJADO,RURAL,CURVA,INCLINADA,ASFALTADA,,,,,NEGLIGENCIA DEL CONDUCTOR,OTRO (NEGLIGENCIA DEL CONDUCTOR),17.0,0,2021.0,5.0,2.0,0,2,1,1,0.0,1.0,0.0,1.0,0,0,36.0,2.8284271247461903,0,1,2,0.0,0.5,0
A-2021-05-175,2021-05-05,19:15,CHOQUE,1,1,2,LIMA,BARRANCA,BARRANCA,RURAL,CARRETERA,NACIONAL,PE-1N,-10.7369133660656,-77.74969622049346,DESPEJADO,RURAL,TRAMO RECTO,PLANA ,ASFALTADA,,,,,IMPRUDENCIA DEL CONDUCTOR,OTRO (IMPRUDENCIA DEL CONDUCTOR),19.0,0,2021.0,5.0,2.0,0,3,1,0,0.0,0.0,0.0,0.0,0,0,41.0,5.5677643628300215,0,2,3,0.0,0.667,1
A-2021-05-258,2021-05-05,20:10,DESPISTE,1,0,1,LAMBAYEQUE,CHICLAYO,MONSEFU,URBANA,CARRETERA,NACIONAL,PE-1N,-6.8512811,-79.8269899,DESPEJADO,COMERCIAL,TRAMO RECTO,PLANA ,ASFALTADA,SI,PREVENTIVA (P),REGULADORA (R),NO,EN PROCESO DE INVESTIGACIÓN,NO CUENTA CON CAUSA ESPECIFICA,20.0,0,2021.0,5.0,2.0,0,3,1,0,0.0,0.0,0.0,0.0,0,1,24.0,0.0,0,1,1,0.0,1.0,1
A-2021-05-128,2021-05-05,21:50,ATROPELLO,1,1,0,LIMA,LIMA,LIMA,URBANA,AVENIDA,URBANO,NO CORRESPONDE,-12.044108,-77.046872,DESPEJADO,INDUSTRIAL,TRAMO RECTO,PLANA ,ASFALTADA,,,,,IMPRUDENCIA DEL PEATÓN,OTRO (IMPRUDENCIA DEL PEATÓN),21.0,0,2021.0,5.0,2.0,0,3,1,0,1.0,0.0,0.0,1.0,0,0,56.0,0.0,0,0,3,0.0,0.0,1
A-2021-05-129,2021-05-06,13:45,ATROPELLO,1,0,0,LIMA,LIMA,CHACLACAYO,URBANA,CARRETERA,NACIONAL,PE-22,-11.9919966,-76.8256921,DESPEJADO,INDUSTRIAL,TRAMO RECTO,PLANA ,CONCRETO,,,,,EN PROCESO DE INVESTIGACIÓN,NO CUENTA CON CAUSA ESPECIFICA,13.0,0,2021.0,5.0,3.0,0,2,1,0,0.0,0.0,0.0,0.0,0,0,24.0,0.0,0,0,2,0.0,0.0,0
A-2021-05-21,2021-05-07,02:40,CHOQUE,2,0,2,LA LIBERTAD,VIRU,VIRU,RURAL,CARRETERA,NACIONAL,PE-1N,-8.412773,-78.798247,DESPEJADO,RURAL,TRAMO RECTO,PLANA ,ASFALTADA,,,,,IMPRUDENCIA DEL CONDUCTOR,NO ESTABLECER EL DERECHO DE PASO,2.0,1,2021.0,5.0,4.0,0,0,1,0,0.0,0.0,0.0,0.0,0,0,43.5,7.7781745930520225,0,0,2,0.0,0.0,1
A-2021-05-18,2021-05-07,04:40,ATROPELLO,1,0,1,ICA,NASCA,NASCA,URBANA,CARRETERA,NACIONAL,PE-1S,-14.8729674,-74.9904761,DESPEJADO,RESIDENCIAL,TRAMO RECTO,PLANA ,ASFALTADA,,,,,EN PROCESO DE INVESTIGACIÓN,NO CUENTA CON CAUSA ESPECIFICA,4.0,0,2021.0,5.0,4.0,0,0,1,0,0.0,0.0,0.0,0.0,0,0,35.5,24.748737341529164,0,0,2,0.0,0.0,1
A-2021-05-142,2021-05-07,09:55,ATROPELLO,1,0,1,PUNO,HUANCANE,TARACO,RURAL,CARRETERA,NACIONAL,PE-34H,-15.281613,-69.9257604,DESPEJADO,RURAL,TRAMO RECTO,PLANA ,ASFALTADA,SI,INFORMATIVA (I),REGULADORA (R),SI,IMPRUDENCIA DEL PEATÓN,CRUCE INDEBIDO POR LA CALZADA,9.0,0,2021.0,5.0,4.0,0,1,1,1,0.0,0.0,0.0,0.0,0,0,42.0,22.627416997969522,0,0,2,0.0,0.0,0
A-2021-05-64,2021-05-07,10:45,DESPISTE,1,0,1,MOQUEGUA,MARISCAL NIETO,MOQUEGUA,RURAL,CARRETERA,DEPARTAMENTAL,MO-107,-17.210263,-70.921352,SOLEADO,RURAL,TRAMO RECTO,INCLINADA,ASFALTADA,SI,REGULADORA (R),PREVENTIVA (P),NO,IMPRUDENCIA DEL CONDUCTOR,EXCESO DE VELOCIDAD,10.0,0,2021.0,5.0,4.0,0,1,1,0,0.0,1.0,0.0,1.0,0,1,31.0,0.0,0,1,1,0.0,1.0,0
A-2021-05-67,2021-05-07,15:10,DESPISTE,1,2,1,PIURA,TALARA,LA BREA,,CARRETERA,NACIONAL,PE-1N,-4.68356635520392,-81.09414331545014,DESPEJADO,RURAL,TRAMO RECTO,PLANA ,ASFALTADA,,,,,EN PROCESO DE INVESTIGACIÓN,NO CUENTA CON CAUSA ESPECIFICA,15.0,0,2021.0,5.0,4.0,0,2,1,0,0.0,0.0,0.0,0.0,0,0,30.333333333333332,4.725815626252609,0,0,3,0.0,0.0,0
A-2021-05-22,2021-05-07,15:30,DESPISTE,1,0,1,LA LIBERTAD,SANTIAGO DE CHUCO,SANTIAGO DE CHUCO,RURAL,CARRETERA,NACIONAL,PE-3N,-8.141737,-78.197709,DESPEJADO,RURAL,TRAMO RECTO,PLANA ,ASFALTADA,,,,,IMPRUDENCIA DEL CONDUCTOR,FATIGA Y/O CANSANCIO,15.0,0,2021.0,5.0,4.0,0,2,1,0,0.0,0.0,0.0,0.0,0,0,15.0,14.142135623730951,0,1,2,0.0,0.5,0
A-2021-05-17,2021-05-07,19:10,CHOQUE,1,0,1,AREQUIPA,CAYLLOMA,SAN ANTONIO DE CHUCA,RURAL,CARRETERA,NACIONAL,PE-34A,-15.841667921338228,-71.10177723625667,DESPEJADO,RURAL,TRAMO RECTO,PLANA ,ASFALTADA,NO,,,SI,IMPRUDENCIA DEL CONDUCTOR,INVASIÓN DE CARRIL,19.0,0,2021.0,5.0,4.0,0,3,1,0,0.0,0.0,0.0,0.0,0,1,26.0,5.656854249492381,0,1,2,0.0,0.5,1
A-2021-05-30,2021-05-07,20:00,DESPISTE,2,0,1,ANCASH,HUAYLAS,CARAZ,RURAL,CARRETERA,NACIONAL,PE-3N,-9.077566096117572,-77.78314446226604,DESPEJADO,RURAL,CURVA,INCLINADA,ASFALTADA,SI,PREVENTIVA (P),,SI,IMPRUDENCIA DEL CONDUCTOR,EXCESO DE VELOCIDAD,20.0,1,2021.0,5.0,4.0,0,3,1,0,0.0,1.0,0.0,1.0,0,0,22.5,4.949747468305833,0,1,2,0.0,0.5,1
A-2021-05-109,2021-05-08,03:50,CHOQUE,1,0,2,JUNIN,CHANCHAMAYO,PICHANAQUI,RURAL,CARRETERA,NACIONAL,PE-5S,-10.932901566892642,-74.86769527334864,DESPEJADO,RURAL,TRAMO RECTO,PLANA ,ASFALTADA,,,,,EN PROCESO DE INVESTIGACIÓN,NO CUENTA CON CAUSA ESPECIFICA,3.0,0,2021.0,5.0,5.0,1,0,1,1,0.0,0.0,0.0,0.0,0,0,19.666666666666668,2.081665999466133,0,0,3,0.0,0.0,1
A-2021-05-43,2021-05-08,04:45,CHOQUE,1,1,2,APURIMAC,ABANCAY,CURAHUASI,RURAL,CARRETERA,NACIONAL,PE-3S,-13.541964783452272,-72.80367104108937,DESPEJADO,RURAL,CURVA,INCLINADA,ASFALTADA,SI,REGULADORA (R),PREVENTIVA (P),SI,IMPRUDENCIA DEL CONDUCTOR,EXCESO DE VELOCIDAD,4.0,0,2021.0,5.0,5.0,1,0,1,1,0.0,1.0,0.0,1.0,0,0,46.0,1.7320508075688772,0,2,3,0.0,0.667,1
A-2021-05-153,2021-05-08,05:40,ATROPELLO,1,0,0,AYACUCHO,HUAMANGA,SAN JUAN BAUTISTA,URBANA,CARRETERA,NACIONAL,PE-3S,-13.203862,-74.217087,DESPEJADO,RURAL,CURVA,INCLINADA,ASFALTADA,,,,,IMPRUDENCIA DEL CONDUCTOR,EXCESO DE VELOCIDAD,5.0,0,2021.0,5.0,5.0,1,0,1,1,0.0,1.0,0.0,1.0,0,0,46.666666666666664,7.094598884597588,0,2,3,0.0,0.667,1
A-2021-05-20,2021-05-08,07:45,CHOQUE,1,0,2,PUNO,CHUCUITO,POMATA,RURAL,CARRETERA,NACIONAL,PE-3S,-16.260407,-69.296237,DESPEJADO,RURAL,TRAMO RECTO,PLANA ,ASFALTADA,,,,,EN PROCESO DE INVESTIGACIÓN,NO CUENTA CON CAUSA ESPECIFICA,7.0,0,2021.0,5.0,5.0,1,1,1,1,0.0,0.0,0.0,0.0,0,0,43.0,24.041630560342615,0,1,2,0.0,0.5,0
A-2021-05-27,2021-05-08,17:30,CHOQUE,1,0,2,SAN MARTIN,MOYOBAMBA,CALZADA,URBANA,CARRETERA,NACIONAL,PE-5N,-6.0414216,-77.1308047,DESPEJADO,RESIDENCIAL,TRAMO RECTO,PLANA ,ASFALTADA,,,,,IMPRUDENCIA DEL CONDUCTOR,OTRO (IMPRUDENCIA DEL CONDUCTOR),17.0,0,2021.0,5.0,5.0,1,2,1,2,0.0,0.0,0.0,0.0,0,0,43.5,2.1213203435596424,0,2,2,0.0,1.0,0
A-2021-05-23,2021-05-08,19:20,CHOQUE,1,0,2,LA LIBERTAD,VIRU,GUADALUPITO,RURAL,CARRETERA,NACIONAL,PE-1N,-8.954141,-78.629623,DESPEJADO,RURAL,TRAMO RECTO,PLANA ,ASFALTADA,,,,,IMPRUDENCIA DEL CONDUCTOR,EXCESO DE VELOCIDAD,19.0,0,2021.0,5.0,5.0,1,3,1,0,0.0,0.0,0.0,0.0,0,0,34.666666666666664,14.224392195567914,0,2,3,0.0,0.667,1
A-2021-05-269,2021-05-08,19:20,ATROPELLO,1,0,0,LIMA,HUARAL,HUARAL,URBANA,AVENIDA,URBANO,NO CORRESPONDE,-11.491536,-77.211604,,,,,,,,,,EN PROCESO DE INVESTIGACIÓN,NO CUENTA CON CAUSA ESPECIFICA,19.0,0,2021.0,5.0,5.0,1,3,1,0,1.0,1.0,1.0,3.0,0,0,48.5,34.64823227814083,0,1,2,0.0,0.5,1