CODIGO_SINIESTRO,FECHA_SINIESTRO,HORA_SINIESTRO,CLASE_SINIESTRO,CANTIDAD_FALLECIDOS,CANTIDAD_LESIONADOS,CANTIDAD_VEHICULOS,DEPARTAMENTO,PROVINCIA,DISTRITO,ZONA,TIPO_VIA,RED_VIAL,COD_CARRETERA,LATITUD,LONGITUD,CONDICION_CLIMATICA,ZONIFICACION,CARACTERISTICAS_VIA,PERFIL_VIA,SUPERFICIE_CALZADA,EXISTE_SENIAL_VERTICAL,CLASIFICACION_SENIAL_VERTICAL_1,CLASIFICACION_SENIAL_VERTICAL_2,EXISTE_SENIAL_HORIZONTAL,CAUSA_FACTOR_PRINCIPAL,CAUSA_ESPECIFICA,HORA,severidad,ANIO,MES,DIA_SEMANA,FIN_SEMANA,FRANJA_HORARIA,TEMPORADA,MACROREGION,TIPO_VIA_SCORE,PERFIL_VIA_SCORE,SUPERFICIE_CALZADA_SCORE,RIESGO_INFRAESTRUCTURA,RIESGO_CLIMATICO,SENIALIZACION_DEFICIENTE,EDAD_PROMEDIO,EDAD_STD,TOTAL_ALCOHOL,TOTAL_LICENCIA,TOTAL_PERSONAS,PCT_ALCOHOL,PCT_LICENCIA,ES_NOCHE
A-2021-05-26,2021-05-08,19:50,CHOQUE,2,3,2,LA LIBERTAD,VIRU,VIRU,RURAL,CARRETERA,NACIONAL,PE-1N,-8.415622,-78.789251,DESPEJADO,RURAL,TRAMO RECTO,PLANA ,ASFALTADA,,,,,IMPRUDENCIA DEL CONDUCTOR,FATIGA Y/O CANSANCIO,19.0,1,2021.0,5.0,5.0,1,3,1,0,0.0,0.0,0.0,0.0,0,0,18.0,26.06722079547415,0,2,5,0.0,0.4,1
A-2021-05-48,2021-05-08,20:30,DESPISTE,1,1,1,APURIMAC,ABANCAY,CURAHUASI,RURAL,CARRETERA,NACIONAL,PE-3S,-13.540684,-72.690852,DESPEJADO,RURAL,CURVA,PLANA ,ASFALTADA,,,,,IMPRUDENCIA DEL CONDUCTOR,CONDUCIR EN ESTADO DE EBRIEDAD Y/O DROGADICCIÓN,20.0,0,2021.0,5.0,5.0,1,3,1,1,0.0,0.0,0.0,0.0,0,0,37.5,4.949747468305833,1,0,2,0.5,0.0,1
A-2021-05-130,2021-05-09,02:00,ATROPELLO,1,0,0,LIMA,LIMA,SAN JUAN DE MIRAFLORES,URBANA,CARRETERA,NACIONAL,PE-1S,-12.17513,-76.97776,DESPEJADO,INDUSTRIAL,TRAMO RECTO,PLANA ,ASFALTADA,,,,,IMPRUDENCIA DEL PEATÓN,ESTADO DE EBRIEDAD Y/O DROGADICCIÓN,2.0,0,2021.0,5.0,6.0,1,0,1,0,0.0,0.0,0.0,0.0,0,0,40.5,9.192388155425117,0,0,2,0.0,0.0,1
A-2021-05-72,2021-05-09,04:15,CHOQUE CON OBJETO FIJO,1,1,1,PIURA,PAITA,PAITA,,AVENIDA,URBANO,NO CORRESPONDE,-5.092568522791758,-81.10497948374011,DESPEJADO,COMERCIAL,INTERSECCIÓN,PLANA ,CONCRETO,,,,,EN PROCESO DE INVESTIGACIÓN,NO CUENTA CON CAUSA ESPECIFICA,4.0,0,2021.0,5.0,6.0,1,0,1,0,1.0,0.0,0.0,1.0,0,0,26.0,4.242640687119285,0,0,2,0.0,0.0,1
A-2021-05-92,2021-05-09,05:00,DESPISTE,2,0,1,APURIMAC,COTABAMBAS,COTABAMBAS,RURAL,CARRETERA,NACIONAL,PE-3SF,-13.6899950332972,-72.3357962695401,DESPEJADO,RURAL,TRAMO RECTO,PLANA ,ASFALTADA,,,,,IMPRUDENCIA DEL CONDUCTOR,FATIGA Y/O CANSANCIO,5.0,1,2021.0,5.0,6.0,1,0,1,1,0.0,0.0,0.0,0.0,0,0,40.0,46.66904755831214,0,1,2,0.0,0.5,1
A-2021-05-216,2021-05-09,08:30,DESPISTE,1,0,1,LIMA,BARRANCA,BARRANCA,RURAL,CARRETERA,PROVINCIAL,LM-519,-10.683096746105509,-77.5875042875954,DESPEJADO,RURAL,TRAMO RECTO,PLANA ,TROCHA,,,,,IMPRUDENCIA DEL CONDUCTOR,EXCESO DE VELOCIDAD,8.0,0,2021.0,5.0,6.0,1,1,1,0,0.0,0.0,2.0,2.0,0,0,45.0,0.0,0,1,1,0.0,1.0,0
A-2021-05-79,2021-05-09,18:44,CHOQUE,1,2,2,TUMBES,ZARUMILLA,PAPAYAL,RURAL,CARRETERA,DEPARTAMENTAL,TU-101,-3.597169772707001,-80.20990498828526,DESPEJADO,RURAL,TRAMO RECTO,PLANA ,ASFALTADA,SI,PREVENTIVA (P),PREVENTIVA (P),NO,IMPRUDENCIA DEL CONDUCTOR,GIRAR IMPRUDENTEMENTE,18.0,0,2021.0,5.0,6.0,1,3,1,0,0.0,0.0,0.0,0.0,0,1,21.666666666666668,7.234178138070234,0,0,3,0.0,0.0,1
A-2021-05-32,2021-05-09,21:00,CHOQUE,1,2,2,SAN MARTIN,MOYOBAMBA,MOYOBAMBA,URBANA,CARRETERA,NACIONAL,PE-5N,-6.045477,-77.015953,DESPEJADO,RESIDENCIAL,CURVA,INCLINADA,ASFALTADA,,,,,IMPRUDENCIA DEL CONDUCTOR,CONDUCIR EN ESTADO DE EBRIEDAD Y/O DROGADICCIÓN,21.0,0,2021.0,5.0,6.0,1,3,1,2,0.0,1.0,0.0,1.0,0,0,31.333333333333332,9.29157324317757,2,2,3,0.667,0.667,1
A-2021-05-84,2021-05-09,22:30,CHOQUE FUGA,1,0,2,CUSCO,CHUMBIVILCAS,SANTO TOMAS,URBANA,CALLE,URBANO,NO CORRESPONDE,-14.448563,-72.084076,DESPEJADO,RESIDENCIAL,TRAMO RECTO,PLANA ,ASFALTADA,,,,,IMPRUDENCIA DEL CONDUCTOR,EXCESO DE VELOCIDAD,22.0,0,2021.0,5.0,6.0,1,3,1,1,2.0,0.0,0.0,2.0,0,0,29.0,0.0,0,0,2,0.0,0.0,1
A-2021-05-28,2021-05-10,01:00,DESPISTE,1,0,1,PUNO,CHUCUITO,HUACULLANI,RURAL,CARRETERA,DEPARTAMENTAL,PU-131,-16.620514622644144,-69.40568275124429,DESPEJADO,RURAL,TRAMO RECTO,PLANA ,ASFALTADA,,,,,INFRAESTRUCTURA Y ENTORNO VIAL,SUPERFICIE DETERIORADA,1.0,0,2021.0,5.0,0.0,0,0,1,1,0.0,0.0,0.0,0.0,0,0,56.5,27.577164466275352,0,1,2,0.0,0.5,1
A-2021-05-174,2021-05-10,06:00,DESPISTE,2,0,1,LAMBAYEQUE,CHICLAYO,LAGUNAS,RURAL,CARRETERA,NACIONAL,PE-1N,-6.974972,-79.672524,NUBLADO,RURAL,TRAMO RECTO,PLANA ,ASFALTADA,,,,,EN PROCESO DE INVESTIGACIÓN,NO CUENTA CON CAUSA ESPECIFICA,6.0,1,2021.0,5.0,0.0,0,1,1,0,0.0,0.0,0.0,0.0,0,0,48.5,16.263455967290593,0,1,2,0.0,0.5,0
A-2021-05-58,2021-05-10,07:00,DESPISTE,1,0,1,LAMBAYEQUE,LAMBAYEQUE,MORROPE,RURAL,CARRETERA,NACIONAL,PE-1N,-6.525155041984445,-80.04043742758363,DESPEJADO,RURAL,OTRO,PLANA ,ASFALTADA,SI,PREVENTIVA (P),PREVENTIVA (P),NO,EN PROCESO DE INVESTIGACIÓN,NO CUENTA CON CAUSA ESPECIFICA,7.0,0,2021.0,5.0,0.0,0,1,1,0,0.0,0.0,0.0,0.0,0,1,40.0,0.0,0,0,1,0.0,0.0,0
A-2021-05-78,2021-05-10,13:00,ATROPELLO,1,0,0,APURIMAC,CHINCHEROS,ROCCHACC,URBANA,AVENIDA,URBANO,NO CORRESPONDE,-13.4404845,-73.5999776,SOLEADO,COMERCIAL,TRAMO RECTO,PLANA ,TROCHA,,,,,IMPRUDENCIA DEL CONDUCTOR,OTRO (IMPRUDENCIA DEL CONDUCTOR),13.0,0,2021.0,5.0,0.0,0,2,1,1,1.0,0.0,2.0,3.0,0,0,52.5,31.81980515339464,0,1,2,0.0,0.5,0
A-2021-05-194,2021-05-10,18:12,CHOQUE,1,0,2,PUNO,AZANGARO,SAN ANTON,RURAL,CARRETERA,NACIONAL,PE-34B,-14.5411033,-70.2900262,DESPEJADO,RURAL,TRAMO RECTO,PLANA ,ASFALTADA,,,,,IMPRUDENCIA DEL CONDUCTOR,EXCESO DE VELOCIDAD,18.0,0,2021.0,5.0,0.0,0,3,1,1,0.0,0.0,0.0,0.0,0,0,50.0,8.48528137423857,0,1,2,0.0,0.5,1
A-2021-05-34,2021-05-10,21:00,CHOQUE,1,1,3,ICA,ICA,SANTIAGO,RURAL,CARRETERA,NACIONAL,PE-1S,-14.218953,-75.707239,DESPEJADO,RURAL,TRAMO RECTO,PLANA ,ASFALTADA,,,,,EN PROCESO DE INVESTIGACIÓN,NO CUENTA CON CAUSA ESPECIFICA,21.0,0,2021.0,5.0,0.0,0,3,1,0,0.0,0.0,0.0,0.0,0,0,32.25,12.010412149464315,0,3,4,0.0,0.75,1
A-2021-05-54,2021-05-10,21:15,CHOQUE,1,0,2,PIURA,PIURA,CATACAOS,RURAL,CARRETERA,NACIONAL,PE-1N,-5.276932,-80.613759,DESPEJADO,RURAL,TRAMO RECTO,PLANA ,ASFALTADA,NO,,,SI,EN PROCESO DE INVESTIGACIÓN,NO CUENTA CON CAUSA ESPECIFICA,21.0,0,2021.0,5.0,0.0,0,3,1,0,0.0,0.0,0.0,0.0,0,1,36.0,14.142135623730951,1,1,2,0.5,0.5,1
A-2021-05-131,2021-05-10,22:00,ATROPELLO FUGA,1,0,0,LIMA,LIMA,LOS OLIVOS,URBANA,CARRETERA,NACIONAL,PE-1N,-11.965534,-77.067883,DESPEJADO,INDUSTRIAL,TRAMO RECTO,PLANA ,CONCRETO,,,,,EN PROCESO DE INVESTIGACIÓN,NO CUENTA CON CAUSA ESPECIFICA,22.0,0,2021.0,5.0,0.0,0,3,1,0,0.0,0.0,0.0,0.0,0,0,61.0,0.0,0,0,2,0.0,0.0,1
A-2021-05-69,2021-05-10,23:30,CHOQUE,1,0,2,PIURA,TALARA,EL ALTO,,CARRETERA,SIN CLASIFICAR,SIN CLASIFICAR,-4.235331377255618,-81.12563250127883,DESPEJADO,INDUSTRIAL,TRAMO RECTO,PLANA ,ASFALTADA,,,,,EN PROCESO DE INVESTIGACIÓN,NO CUENTA CON CAUSA ESPECIFICA,23.0,0,2021.0,5.0,0.0,0,3,1,0,0.0,0.0,0.0,0.0,0,0,37.0,2.8284271247461903,0,0,2,0.0,0.0,1
A-2021-05-210,2021-05-11,13:15,ATROPELLO,2,0,1,PUNO,HUANCANE,TARACO,RURAL,CARRETERA,NACIONAL,PE-34H,-15.298358082645134,-70.00006019210296,DESPEJADO,RURAL,TRAMO RECTO,PLANA ,ASFALTADA,,,,,NEGLIGENCIA DEL CONDUCTOR,OTRO (NEGLIGENCIA DEL CONDUCTOR),13.0,1,2021.0,5.0,1.0,0,2,1,1,0.0,0.0,0.0,0.0,0,0,17.666666666666668,4.725815626252609,0,0,3,0.0,0.0,0
A-2021-05-183,2021-05-11,15:30,DESPISTE,1,0,1,LAMBAYEQUE,FERREÑAFE,PITIPO,RURAL,CARRETERA,DEPARTAMENTAL,LA-111,-6.5567402,-79.7682136,DESPEJADO,RURAL,TRAMO RECTO,PLANA ,ASFALTADA,,,,,EN PROCESO DE INVESTIGACIÓN,NO CUENTA CON CAUSA ESPECIFICA,15.0,0,2021.0,5.0,1.0,0,2,1,0,0.0,0.0,0.0,0.0,0,0,13.0,0.0,0,0,1,0.0,0.0,0
A-2021-05-35,2021-05-11,17:30,CHOQUE,1,2,2,ICA,PALPA,SANTA CRUZ,RURAL,CARRETERA,NACIONAL,PE-1S,-14.490291747835574,-75.30455818676043,DESPEJADO,RURAL,TRAMO RECTO,PLANA ,ASFALTADA,,,,,EN PROCESO DE INVESTIGACIÓN,NO CUENTA CON CAUSA ESPECIFICA,17.0,0,2021.0,5.0,1.0,0,2,1,0,0.0,0.0,0.0,0.0,0,0,38.0,9.201449161228174,0,2,4,0.0,0.5,0
A-2021-05-42,2021-05-12,21:00,ATROPELLO,1,1,1,TACNA,TACNA,LA YARADA LOS PALOS,RURAL,CARRETERA,NACIONAL,PE-1SD,-18.158335,-70.462288,DESPEJADO,COMERCIAL,TRAMO RECTO,PLANA ,ASFALTADA,SI,PREVENTIVA (P),,SI,IMPRUDENCIA DEL CONDUCTOR,OTRO (IMPRUDENCIA DEL CONDUCTOR),21.0,0,2021.0,5.0,2.0,0,3,1,0,0.0,0.0,0.0,0.0,0,0,19.333333333333332,8.621678104251709,0,1,3,0.0,0.333,1
A-2021-05-53,2021-05-13,04:30,DESPISTE,1,1,1,AREQUIPA,CARAVELI,ATICO,RURAL,CARRETERA,NACIONAL,PE-1S,-16.302635,-73.396271,DESPEJADO,RURAL,CURVA,INCLINADA,ASFALTADA,NO,,,SI,EN PROCESO DE INVESTIGACIÓN,NO CUENTA CON CAUSA ESPECIFICA,4.0,0,2021.0,5.0,3.0,0,0,1,0,0.0,1.0,0.0,1.0,0,1,36.5,9.192388155425117,0,0,2,0.0,0.0,1
A-2021-05-50,2021-05-13,07:33,ATROPELLO,1,0,1,TACNA,TACNA,ALTO DE LA ALIANZA,URBANA,AVENIDA,URBANO,NO CORRESPONDE,-17.987599,-70.244088,DESPEJADO,RESIDENCIAL,INTERSECCIÓN,INCLINADA,ASFALTADA,SI,INFORMATIVA (I),INFORMATIVA (I),SI,IMPRUDENCIA DEL CONDUCTOR,NO ESTABLECER EL DERECHO DE PASO,7.0,0,2021.0,5.0,3.0,0,1,1,0,1.0,1.0,0.0,2.0,0,0,57.0,32.526911934581186,0,1,2,0.0,0.5,0
A-2021-05-287,2021-05-13,08:20,CHOQUE,1,0,2,LAMBAYEQUE,CHICLAYO,CHICLAYO,URBANA,CARRETERA,NACIONAL,PE-1N,-6.785434,-79.869206,DESPEJADO,RURAL,TRAMO RECTO,PLANA ,ASFALTADA,SI,REGULADORA (R),REGULADORA (R),NO,EN PROCESO DE INVESTIGACIÓN,NO CUENTA CON CAUSA ESPECIFICA,8.0,0,2021.0,5.0,3.0,0,1,1,0,0.0,0.0,0.0,0.0,0,1,40.0,8.48528137423857,0,1,2,0.0,0.5,0
A-2021-05-93,2021-05-13,11:30,DESPISTE,1,0,1,PIURA,AYABACA,SUYO,RURAL,CARRETERA,PROVINCIAL,PI-603,-4.547547,-80.206153,DESPEJADO,RURAL,SINUOSA,PLANA ,TROCHA,,,,,EN PROCESO DE INVESTIGACIÓN,NO CUENTA CON CAUSA ESPECIFICA,11.0,0,2021.0,5.0,3.0,0,1,1,0,0.0,0.0,2.0,2.0,0,0,0.0,0.0,0,0,1,0.0,0.0,0
A-2021-05-41,2021-05-13,15:10,CHOQUE,1,0,1,PUNO,CHUCUITO,POMATA,RURAL,CARRETERA,DEPARTAMENTAL,PU-130,-16.287404033734546,-69.22546263693665,DESPEJADO,RURAL,TRAMO RECTO,PLANA ,ASFALTADA,,,,,IMPRUDENCIA DEL CONDUCTOR,INVASIÓN DE CARRIL,15.0,0,2021.0,5.0,3.0,0,2,1,1,0.0,0.0,0.0,0.0,0,0,49.0,24.041630560342615,0,1,2,0.0,0.5,0
A-2021-05-195,2021-05-13,19:00,CHOQUE,1,0,2,PUNO,HUANCANE,PUSI,RURAL,CARRETERA,PROVINCIAL,PU-909,-15.419878082612398,-70.0500696320667,DESPEJADO,RURAL,TRAMO RECTO,PLANA ,ASFALTADA,,,,,NEGLIGENCIA DEL CONDUCTOR,CONDUCIR CON FALLAS ELÉCTRICAS,19.0,0,2021.0,5.0,3.0,0,3,1,1,0.0,0.0,0.0,0.0,0,0,48.0,12.727922061357855,0,1,2,0.0,0.5,1
A-2021-05-46,2021-05-13,19:20,CHOQUE,1,5,2,HUANUCO,LEONCIO PRADO,JOSE CRESPO Y CASTILLO,RURAL,CARRETERA,NACIONAL,PE-5N,-8.963253,-76.095438,DESPEJADO,RURAL,TRAMO RECTO,PLANA ,ASFALTADA,,,,,IMPRUDENCIA DEL CONDUCTOR,EXCESO DE VELOCIDAD,19.0,0,2021.0,5.0,3.0,0,3,1,1,0.0,0.0,0.0,0.0,0,0,27.75,28.08532916463174,0,1,8,0.0,0.125,1
A-2021-05-178,2021-05-13,19:30,ATROPELLO,1,0,0,PUNO,SAN ROMAN,SAN MIGUEL,RURAL,CARRETERA,NACIONAL,PE-3S,-15.43497260605749,-70.14088673661455,,,,,,,,,,EN PROCESO DE INVESTIGACIÓN,NO CUENTA CON CAUSA ESPECIFICA,19.0,0,2021.0,5.0,3.0,0,3,1,1,0.0,1.0,1.0,2.0,0,0,44.0,28.284271247461902,1,1,2,0.5,0.5,1
A-2021-05-71,2021-05-14,10:00,DESPISTE,1,0,1,LA LIBERTAD,PATAZ,TAYABAMBA,RURAL,CARRETERA,NACIONAL,PE-10C,-8.304154,-77.270799,DESPEJADO,RURAL,TRAMO RECTO,PLANA ,ASFALTADA,,,,,EN PROCESO DE INVESTIGACIÓN,NO CUENTA CON CAUSA ESPECIFICA,10.0,0,2021.0,5.0,4.0,0,1,1,0,0.0,0.0,0.0,0.0,0,0,23.0,0.0,0,0,2,0.0,0.0,0
A-2021-05-251,2021-05-14,15:00,CHOQUE,1,2,3,CAJAMARCA,JAEN,JAEN,RURAL,CARRETERA,NACIONAL,PE-5N,-5.836237,-78.756643,SOLEADO,RURAL,CURVA,PLANA ,ASFALTADA,SI,REGULADORA (R),REGULADORA (R),NO,EN PROCESO DE INVESTIGACIÓN,NO CUENTA CON CAUSA ESPECIFICA,15.0,0,2021.0,5.0,4.0,0,2,1,1,0.0,0.0,0.0,0.0,0,1,27.666666666666668,8.082903768654761,0,2,3,0.0,0.667,0
A-2021-05-317,2021-05-14,16:00,VOLCADURA,1,0,3,HUANUCO,HUANUCO,CHINCHAO,RURAL,CARRETERA,NACIONAL,PE-18A,-9.695459,-76.086889,LLUVIOSO,RURAL,CURVA,PLANA ,ASFALTADA,,,,,IMPRUDENCIA DEL CONDUCTOR,INVASIÓN DE CARRIL,16.0,0,2021.0,5.0,4.0,0,2,1,1,0.0,0.0,0.0,0.0,1,0,38.333333333333336,15.044378795195678,0,3,3,0.0,1.0,0
A-2021-05-132,2021-05-14,17:45,ATROPELLO,1,0,0,LIMA,LIMA,SANTA ANITA,URBANA,AVENIDA,URBANO,NO CORRESPONDE,-12.042317376940453,-76.97828863347918,DESPEJADO,INDUSTRIAL,TRAMO RECTO,PLANA ,ASFALTADA,,,,,IMPRUDENCIA DEL CONDUCTOR,EXCESO DE VELOCIDAD,17.0,0,2021.0,5.0,4.0,0,2,1,0,1.0,0.0,0.0,1.0,0,0,70.5,17.67766952966369,0,0,2,0.0,0.0,0
A-2021-05-76,2021-05-14,19:45,ATROPELLO,1,0,1,ICA,PISCO,PISCO,URBANA,CALLE,URBANO,NO CORRESPONDE,-13.7084423,-76.2046293,DESPEJADO,COMERCIAL,INTERSECCIÓN,PLANA ,ASFALTADA,,,,,IMPRUDENCIA DEL PEATÓN,CRUCE INDEBIDO POR LA CALZADA,19.0,0,2021.0,5.0,4.0,0,3,1,0,2.0,0.0,0.0,2.0,0,0,59.0,25.45584412271571,0,1,2,0.0,0.5,1
A-2021-05-114,2021-05-14,21:30,CHOQUE CON OBJETO FIJO,1,0,1,CAJAMARCA,CAJAMARCA,CAJAMARCA,URBANA,JIRÓN,URBANO,NO CORRESPONDE,-7.15010397,-78.51644851,DESPEJADO,COMERCIAL,TRAMO RECTO,INCLINADA,CONCRETO,,,,,IMPRUDENCIA DEL CONDUCTOR,CONDUCIR EN ESTADO DE EBRIEDAD Y/O DROGADICCIÓN,21.0,0,2021.0,5.0,4.0,0,3,1,1,1.0,1.0,0.0,2.0,0,0,22.0,0.0,0,1,1,0.0,1.0,1
A-2021-05-187,2021-05-15,11:30,CHOQUE,1,1,2,LAMBAYEQUE,CHICLAYO,JOSE LEONARDO ORTIZ,URBANA,AVENIDA,URBANO,NO CORRESPONDE,-6.762234,-79.829662,SOLEADO,RESIDENCIAL,TRAMO RECTO,PLANA ,ASFALTADA,,,,,EN PROCESO DE INVESTIGACIÓN,NO CUENTA CON CAUSA ESPECIFICA,11.0,0,2021.0,5.0,5.0,1,1,1,0,1.0,0.0,0.0,1.0,0,0,63.0,6.244997998398398,0,2,3,0.0,0.667,0
A-2021-05-120,2021-05-15,12:45,DESPISTE,1,1,1,CUSCO,CANAS,KUNTURKANKI,RURAL,CARRETERA,SIN CLASIFICAR,SIN CLASIFICAR,-14.499621,-71.329169,DESPEJADO,RURAL,CURVA,PLANA ,TROCHA,,,,,NEGLIGENCIA DEL CONDUCTOR,OTRO (NEGLIGENCIA DEL CONDUCTOR),12.0,0,2021.0,5.0,5.0,1,2,1,1,0.0,0.0,2.0,2.0,0,0,38.5,6.363961030678928,0,0,2,0.0,0.0,0
A-2021-05-121,2021-05-15,15:45,CHOQUE,1,0,2,CUSCO,LA CONVENCION,SANTA ANA,RURAL,CARRETERA,NACIONAL,PE-28B,-12.804034,-72.683129,DESPEJADO,RURAL,TRAMO RECTO,PLANA ,ASFALTADA,,,,,NEGLIGENCIA DEL CONDUCTOR,OTRO (NEGLIGENCIA DEL CONDUCTOR),15.0,0,2021.0,5.0,5.0,1,2,1,1,0.0,0.0,0.0,0.0,0,0,56.0,29.698484809834994,0,2,2,0.0,1.0,0
A-2021-05-86,2021-05-15,18:45,VOLCADURA,1,0,1,CUSCO,ESPINAR,COPORAQUE,RURAL,CARRETERA,NACIONAL,PE-3S,-14.748404,-71.484805,DESPEJADO,RURAL,CURVA,INCLINADA,TROCHA,,,,,EN PROCESO DE INVESTIGACIÓN,NO CUENTA CON CAUSA ESPECIFICA,18.0,0,2021.0,5.0,5.0,1,3,1,1,0.0,1.0,2.0,3.0,0,0,23.0,0.0,0,0,1,0.0,0.0,1
A-2021-05-110,2021-05-15,19:00,CHOQUE,2,3,2,ANCASH,CARHUAZ,ACOPAMPA,RURAL,CARRETERA,NACIONAL,PE-3N,-9.300778609747743,-77.62263159386384,NUBLADO,RURAL,CURVA,INCLINADA,ASFALTADA,SI,PREVENTIVA (P),,SI,IMPRUDENCIA DEL CONDUCTOR,CONDUCIR EN ESTADO DE EBRIEDAD Y/O DROGADICCIÓN,19.0,1,2021.0,5.0,5.0,1,3,1,0,0.0,1.0,0.0,1.0,0,0,31.8,9.444575162494075,0,2,5,0.0,0.4,1
A-2021-05-122,2021-05-15,19:00,ATROPELLO FUGA,1,0,1,CUSCO,PAUCARTAMBO,KOSÑIPATA,RURAL,CARRETERA,NACIONAL,PE-3S,-12.964499,-71.4214,NUBLADO,RURAL,TRAMO RECTO,PLANA ,TROCHA,SI,REGULADORA (R),INFORMATIVA (I),NO,IMPRUDENCIA DEL CONDUCTOR,EXCESO DE VELOCIDAD,19.0,0,2021.0,5.0,5.0,1,3,1,1,0.0,0.0,2.0,2.0,0,1,56.0,0.0,0,0,2,0.0,0.0,1
A-2021-05-75,2021-05-15,21:50,CHOQUE,1,0,2,LA LIBERTAD,CHEPEN,PACANGA,RURAL,CARRETERA,NACIONAL,PE-1N,-7.178046,-79.437756,DESPEJADO,RURAL,OTRO,PLANA ,ASFALTADA,,,,,IMPRUDENCIA DEL CONDUCTOR,GIRAR IMPRUDENTEMENTE,21.0,0,2021.0,5.0,5.0,1,3,1,0,0.0,0.0,0.0,0.0,0,0,32.5,7.7781745930520225,1,1,2,0.5,0.5,1
A-2021-05-115,2021-05-16,04:00,DESPISTE,1,0,0,SAN MARTIN,RIOJA,YURACYACU,RURAL,CARRETERA,DEPARTAMENTAL,SM-113,-5.9460881604485,-77.2427443729863,,,,,,,,,,EN PROCESO DE INVESTIGACIÓN,NO CUENTA CON CAUSA ESPECIFICA,4.0,0,2021.0,5.0,6.0,1,0,1,2,0.0,1.0,1.0,2.0,0,0,20.0,0.0,0,0,1,0.0,0.0,1
A-2021-05-68,2021-05-16,06:45,VOLCADURA,1,1,1,AREQUIPA,AREQUIPA,YURA,RURAL,CARRETERA,NACIONAL,PE-34A,-16.077201,-71.512188,DESPEJADO,RURAL,CURVA,PLANA ,ASFALTADA,SI,PREVENTIVA (P),PREVENTIVA (P),SI,EN PROCESO DE INVESTIGACIÓN,NO CUENTA CON CAUSA ESPECIFICA,6.0,0,2021.0,5.0,6.0,1,1,1,0,0.0,0.0,0.0,0.0,0,0,32.5,0.7071067811865476,0,1,2,0.0,0.5,0
A-2021-05-87,2021-05-16,17:00,CHOQUE,2,1,2,CUSCO,CUSCO,SAYLLA,URBANA,CARRETERA,NACIONAL,PE-3S,-13.567006,-71.833,SOLEADO,RESIDENCIAL,TRAMO RECTO,PLANA ,ASFALTADA,SI,PREVENTIVA (P),,SI,IMPRUDENCIA DEL CONDUCTOR,EXCESO DE VELOCIDAD,17.0,1,2021.0,5.0,6.0,1,2,1,1,0.0,0.0,0.0,0.0,0,0,36.666666666666664,15.307950004273378,0,1,3,0.0,0.333,0
A-2021-05-161,2021-05-16,18:40,CHOQUE,1,1,0,PASCO,PASCO,NINACACA,URBANA,CARRETERA,NACIONAL,PE-3N,-10.869821905685251,-76.11155199290695,,,,,,,,,,EN PROCESO DE INVESTIGACIÓN,NO CUENTA CON CAUSA ESPECIFICA,18.0,0,2021.0,5.0,6.0,1,3,1,1,0.0,1.0,1.0,2.0,0,0,34.666666666666664,12.741009902410928,1,1,3,0.333,0.333,1
A-2021-05-192,2021-05-16,19:15,CHOQUE FUGA,1,1,1,LAMBAYEQUE,LAMBAYEQUE,MOTUPE,RURAL,CARRETERA,NACIONAL,PE-1NJ,-6.213567,-79.701722,DESPEJADO,RURAL,TRAMO RECTO,PLANA ,ASFALTADA,,,,,EN PROCESO DE INVESTIGACIÓN,NO CUENTA CON CAUSA ESPECIFICA,19.0,0,2021.0,5.0,6.0,1,3,1,0,0.0,0.0,0.0,0.0,0,0,55.666666666666664,9.712534856222309,0,1,4,0.0,0.25,1
A-2021-05-188,2021-05-16,21:30,ATROPELLO FUGA,1,0,0,LAMBAYEQUE,LAMBAYEQUE,MOTUPE,RURAL,CARRETERA,NACIONAL,PE-1NJ,-6.2216688,-79.7073985,DESPEJADO,RURAL,TRAMO RECTO,PLANA ,ASFALTADA,,,,,EN PROCESO DE INVESTIGACIÓN,NO CUENTA CON CAUSA ESPECIFICA,21.0,0,2021.0,5.0,6.0,1,3,1,0,0.0,0.0,0.0,0.0,0,0,60.0,0.0,0,0,2,0.0,0.0,1
A-2021-05-77,2021-05-17,00:50,DESPISTE,2,0,1,LA LIBERTAD,OTUZCO,OTUZCO,RURAL,CARRETERA,PROVINCIAL,LI-754,-7.985028,-78.67921,DESPEJADO,RURAL,TRAMO RECTO,PLANA ,CASCAJO/RIPIO,,,,,NEGLIGENCIA DEL CONDUCTOR,CONDUCIR CON FALLAS DE FRENOS,0.0,1,2021.0,5.0,0.0,0,0,1,0,0.0,0.0,1.0,1.0,0,0,29.0,4.358898943540674,0,1,3,0.0,0.333,1
A-2021-05-323,2021-05-17,09:30,CHOQUE,1,0,2,SAN MARTIN,HUALLAGA,TINGO DE SAPOSOA,RURAL,CARRETERA,NACIONAL,PE-5N,-7.08700928856264,-76.6352227872794,SOLEADO,RURAL,TRAMO RECTO,PLANA ,ASFALTADA,SI,PREVENTIVA (P),,NO,IMPRUDENCIA DEL CONDUCTOR,OTRO (IMPRUDENCIA DEL CONDUCTOR),9.0,0,2021.0,5.0,0.0,0,1,1,2,0.0,0.0,0.0,0.0,0,1,42.333333333333336,14.571661996262929,0,2,3,0.0,0.667,0