CODIGO_SINIESTRO,FECHA_SINIESTRO,HORA_SINIESTRO,CLASE_SINIESTRO,CANTIDAD_FALLECIDOS,CANTIDAD_LESIONADOS,CANTIDAD_VEHICULOS,DEPARTAMENTO,PROVINCIA,DISTRITO,ZONA,TIPO_VIA,RED_VIAL,COD_CARRETERA,LATITUD,LONGITUD,CONDICION_CLIMATICA,ZONIFICACION,CARACTERISTICAS_VIA,PERFIL_VIA,SUPERFICIE_CALZADA,EXISTE_SENIAL_VERTICAL,CLASIFICACION_SENIAL_VERTICAL_1,CLASIFICACION_SENIAL_VERTICAL_2,EXISTE_SENIAL_HORIZONTAL,CAUSA_FACTOR_PRINCIPAL,CAUSA_ESPECIFICA,HORA,severidad,ANIO,MES,DIA_SEMANA,FIN_SEMANA,FRANJA_HORARIA,TEMPORADA,MACROREGION,TIPO_VIA_SCORE,PERFIL_VIA_SCORE,SUPERFICIE_CALZADA_SCORE,RIESGO_INFRAESTRUCTURA,RIESGO_CLIMATICO,SENIALIZACION_DEFICIENTE,EDAD_PROMEDIO,EDAD_STD,TOTAL_ALCOHOL,TOTAL_LICENCIA,TOTAL_PERSONAS,PCT_ALCOHOL,PCT_LICENCIA,ES_NOCHE
A-2021-05-80,2021-05-17,16:10,ATROPELLO,1,0,1,CALLAO,CALLAO,VENTANILLA,URBANA,CARRETERA,NACIONAL,PE-20,-11.904060014292073,-77.1284922344765,DESPEJADO,COMERCIAL,TRAMO RECTO,PLANA ,ASFALTADA,,,,,IMPRUDENCIA DEL PEATÓN,ESTADO DE EBRIEDAD Y/O DROGADICCIÓN,16.0,0,2021.0,5.0,0.0,0,2,1,0,0.0,0.0,0.0,0.0,0,0,40.5,26.16295090390226,0,1,2,0.0,0.5,0
A-2021-05-96,2021-05-17,16:30,CHOQUE,1,2,2,TACNA,TARATA,ESTIQUE,RURAL,CARRETERA,NACIONAL,PE-38,-17.700525,-70.102507,DESPEJADO,RURAL,CURVA,INCLINADA,ASFALTADA,NO,,,SI,IMPRUDENCIA DEL CONDUCTOR,INVASIÓN DE CARRIL,16.0,0,2021.0,5.0,0.0,0,2,1,0,0.0,1.0,0.0,1.0,0,1,54.5,22.825424421026653,0,2,4,0.0,0.5,0
A-2021-05-207,2021-05-17,19:00,ATROPELLO,1,0,1,PUNO,AZANGARO,ASILLO,RURAL,CARRETERA,SIN CLASIFICAR,SIN CLASIFICAR,-14.802268376997617,-70.34450097558799,DESPEJADO,RURAL,TRAMO RECTO,PLANA ,ASFALTADA,,,,,NEGLIGENCIA DEL CONDUCTOR,OTRO (NEGLIGENCIA DEL CONDUCTOR),19.0,0,2021.0,5.0,0.0,0,3,1,1,0.0,0.0,0.0,0.0,0,0,33.0,8.48528137423857,0,1,2,0.0,0.5,1
A-2021-05-83,2021-05-18,00:00,ATROPELLO FUGA,1,0,1,PUNO,PUNO,PAUCARCOLLA,RURAL,CARRETERA,NACIONAL,PE-3S,-15.735935,-70.056914,DESPEJADO,RURAL,CURVA,PLANA ,ASFALTADA,,,,,IMPRUDENCIA DEL CONDUCTOR,OTRO (IMPRUDENCIA DEL CONDUCTOR),0.0,0,2021.0,5.0,1.0,0,0,1,1,0.0,0.0,0.0,0.0,0,0,31.0,0.0,0,0,2,0.0,0.0,1
A-2021-05-133,2021-05-18,12:00,CHOQUE,1,0,0,LIMA,LIMA,ATE,URBANA,CARRETERA,NACIONAL,PE-22,-12.007770915494971,-76.85896757387667,DESPEJADO,INDUSTRIAL,TRAMO RECTO,PLANA ,ASFALTADA,,,,,IMPRUDENCIA DEL CONDUCTOR,ADELANTAR INDEBIDAMENTE,12.0,0,2021.0,5.0,1.0,0,2,1,0,0.0,0.0,0.0,0.0,0,0,34.0,0.0,0,0,2,0.0,0.0,0
A-2021-05-112,2021-05-18,15:00,CHOQUE,1,0,1,JUNIN,TARMA,TARMA,RURAL,CARRETERA,NACIONAL,PE-22B,-11.390965899569627,-75.68829563662541,DESPEJADO,RURAL,SINUOSA,INCLINADA,ASFALTADA,,,,,EN PROCESO DE INVESTIGACIÓN,NO CUENTA CON CAUSA ESPECIFICA,15.0,0,2021.0,5.0,1.0,0,2,1,1,0.0,1.0,0.0,1.0,0,0,22.0,1.4142135623730951,1,0,2,0.5,0.0,0
A-2021-05-180,2021-05-18,19:20,DESPISTE,1,1,1,AMAZONAS,BAGUA,BAGUA,RURAL,CARRETERA,NACIONAL,PE-5NC,-5.598773694574039,-78.55107903073039,SOLEADO,RURAL,TRAMO RECTO,PLANA ,ASFALTADA,,,,,EN PROCESO DE INVESTIGACIÓN,NO CUENTA CON CAUSA ESPECIFICA,19.0,0,2021.0,5.0,1.0,0,3,1,2,0.0,0.0,0.0,0.0,0,0,49.0,7.0710678118654755,0,1,2,0.0,0.5,1
A-2021-05-108,2021-05-18,20:20,VOLCADURA,1,0,1,AREQUIPA,AREQUIPA,JOSE LUIS BUSTAMANTE Y RIVERO,URBANA,AVENIDA,URBANO,NO CORRESPONDE,-16.425553,-71.53839,DESPEJADO,COMERCIAL,CURVA,PLANA ,ASFALTADA,,,,,IMPRUDENCIA DEL CONDUCTOR,ADELANTAR INDEBIDAMENTE,20.0,0,2021.0,5.0,1.0,0,3,1,0,1.0,0.0,0.0,1.0,0,0,28.0,0.0,0,1,1,0.0,1.0,1
A-2021-05-105,2021-05-18,21:05,CHOQUE,1,0,0,MADRE DE DIOS,TAMBOPATA,TAMBOPATA,RURAL,CARRETERA,NACIONAL,PE-30C,-12.6138,-69.243869,,,,,,,,,,EN PROCESO DE INVESTIGACIÓN,NO CUENTA CON CAUSA ESPECIFICA,21.0,0,2021.0,5.0,1.0,0,3,1,2,0.0,1.0,1.0,2.0,0,0,32.5,10.606601717798213,0,0,2,0.0,0.0,1
A-2021-05-211,2021-05-18,22:15,CHOQUE,1,3,0,PUNO,MELGAR,MACARI,RURAL,CARRETERA,DEPARTAMENTAL,PU-125,-14.767174420860924,-70.93875286479684,,,,,,,,,,EN PROCESO DE INVESTIGACIÓN,NO CUENTA CON CAUSA ESPECIFICA,22.0,0,2021.0,5.0,1.0,0,3,1,1,0.0,1.0,1.0,2.0,0,0,40.0,14.882876066137216,0,2,5,0.0,0.4,1
A-2021-05-326,2021-05-19,05:30,DESPISTE,1,2,1,AYACUCHO,HUAMANGA,VINCHOS,RURAL,CARRETERA,NACIONAL,PE-28A,-13.26641253167358,-74.30822444180802,DESPEJADO,RURAL,CURVA,PLANA ,ASFALTADA,SI,PREVENTIVA (P),,NO,IMPRUDENCIA DEL CONDUCTOR,EXCESO DE VELOCIDAD,5.0,0,2021.0,5.0,2.0,0,0,1,1,0.0,0.0,0.0,0.0,0,1,37.333333333333336,13.868429375143146,0,1,3,0.0,0.333,1
A-2021-05-113,2021-05-19,07:50,CHOQUE,3,1,2,PIURA,MORROPON,CHULUCANAS,RURAL,CARRETERA,NACIONAL,PE-1NJ,-5.136257,-80.331393,DESPEJADO,RURAL,OTRO,INCLINADA,ASFALTADA,NO,,,SI,IMPRUDENCIA DEL CONDUCTOR,EXCESO DE VELOCIDAD,7.0,2,2021.0,5.0,2.0,0,1,1,0,0.0,1.0,0.0,1.0,0,1,47.2,10.521406750050108,0,2,5,0.0,0.4,0
A-2021-05-202,2021-05-19,23:30,DESPISTE,2,0,1,CUSCO,LA CONVENCION,HUAYOPATA,RURAL,CARRETERA,NACIONAL,PE-28B,-13.123531,-72.333281,NIEBLA,RURAL,CURVA,INCLINADA,ASFALTADA,SI,REGULADORA (R),REGULADORA (R),SI,NEGLIGENCIA DEL CONDUCTOR,OTRO (NEGLIGENCIA DEL CONDUCTOR),23.0,1,2021.0,5.0,2.0,0,3,1,1,0.0,1.0,0.0,1.0,0,0,29.5,2.1213203435596424,0,1,2,0.0,0.5,1
A-2021-05-150,2021-05-20,00:05,DESPISTE,1,0,0,MADRE DE DIOS,TAMBOPATA,TAMBOPATA,URBANA,JIRÓN,URBANO,NO CORRESPONDE,-12.589681,-69.208873,,,,,,,,,,EN PROCESO DE INVESTIGACIÓN,NO CUENTA CON CAUSA ESPECIFICA,0.0,0,2021.0,5.0,3.0,0,0,1,2,1.0,1.0,1.0,3.0,0,0,44.0,0.0,0,0,1,0.0,0.0,1
A-2021-05-111,2021-05-20,05:40,DESPISTE,1,0,1,HUANUCO,LEONCIO PRADO,MARIANO DAMASO BERAUN,RURAL,CARRETERA,NACIONAL,PE-18A,-9.358401,-75.979258,DESPEJADO,RURAL,CURVA,PLANA ,ASFALTADA,,,,,EN PROCESO DE INVESTIGACIÓN,NO CUENTA CON CAUSA ESPECIFICA,5.0,0,2021.0,5.0,3.0,0,0,1,1,0.0,0.0,0.0,0.0,0,0,32.0,0.0,0,0,1,0.0,0.0,1
A-2021-05-134,2021-05-20,07:10,VOLCADURA,1,0,0,LIMA,LIMA,LA MOLINA,URBANA,AVENIDA,URBANO,NO CORRESPONDE,-12.078943,-76.930904,DESPEJADO,INDUSTRIAL,TRAMO RECTO,PLANA ,ASFALTADA,,,,,IMPRUDENCIA DEL CONDUCTOR,EXCESO DE VELOCIDAD,7.0,0,2021.0,5.0,3.0,0,1,1,0,1.0,0.0,0.0,1.0,0,0,0.0,0.0,0,0,1,0.0,0.0,0
A-2021-05-321,2021-05-20,08:00,DESPISTE,1,0,0,ANCASH,SANTA,SAMANCO,RURAL,CARRETERA,NACIONAL,PE-1N,-9.324390969991786,-78.40631869203264,DESPEJADO,RURAL,CURVA,INCLINADA,ASFALTADA,,,,,EN PROCESO DE INVESTIGACIÓN,NO CUENTA CON CAUSA ESPECIFICA,8.0,0,2021.0,5.0,3.0,0,1,1,0,0.0,1.0,0.0,1.0,0,0,37.0,0.0,0,1,2,0.0,0.5,0
A-2021-05-177,2021-05-20,10:45,CHOQUE,1,0,1,CUSCO,CUSCO,SAN JERONIMO,URBANA,CALLE,URBANO,NO CORRESPONDE,-13.549298,-71.905554,DESPEJADO,RESIDENCIAL,TRAMO RECTO,PLANA ,ASFALTADA,,,,,NEGLIGENCIA DEL CONDUCTOR,OTRO (NEGLIGENCIA DEL CONDUCTOR),10.0,0,2021.0,5.0,3.0,0,1,1,1,2.0,0.0,0.0,2.0,0,0,39.5,13.435028842544403,0,0,3,0.0,0.0,0
A-2021-05-196,2021-05-20,12:10,VOLCADURA,1,0,1,JUNIN,CHANCHAMAYO,PERENE,RURAL,CARRETERA,PROVINCIAL,JU-1365,-10.89247417867777,-75.16506149878079,DESPEJADO,RURAL,CURVA,INCLINADA,AFIRMADO,,,,,EN PROCESO DE INVESTIGACIÓN,NO CUENTA CON CAUSA ESPECIFICA,12.0,0,2021.0,5.0,3.0,0,2,1,1,0.0,1.0,1.0,2.0,0,0,48.0,0.0,0,0,1,0.0,0.0,0
A-2021-05-166,2021-05-20,20:20,CHOQUE FUGA,1,1,1,LA LIBERTAD,TRUJILLO,POROTO,RURAL,CARRETERA,PROVINCIAL,LI-1078,-8.012785,-78.757032,DESPEJADO,RURAL,TRAMO RECTO,PLANA ,AFIRMADO,,,,,IMPRUDENCIA DEL CONDUCTOR,INVASIÓN DE CARRIL,20.0,0,2021.0,5.0,3.0,0,3,1,0,0.0,0.0,1.0,1.0,0,0,40.0,32.526911934581186,0,0,3,0.0,0.0,1
A-2021-05-136,2021-05-21,16:50,CHOQUE,1,0,2,ICA,ICA,ICA,URBANA,CARRETERA,NACIONAL,PE-1S,-14.081115969144776,-75.7356150195617,DESPEJADO,ESCOLAR,INTERSECCIÓN,PLANA ,ASFALTADA,,,,,IMPRUDENCIA DEL CONDUCTOR,EXCESO DE VELOCIDAD,16.0,0,2021.0,5.0,4.0,0,2,1,0,0.0,0.0,0.0,0.0,0,0,40.5,14.849242404917497,0,0,2,0.0,0.0,0
A-2021-05-144,2021-05-21,22:20,CHOQUE FUGA,1,1,1,ANCASH,RECUAY,TICAPAMPA,RURAL,CARRETERA,DEPARTAMENTAL,AN-110,-9.769431576631796,-77.41685231499594,DESPEJADO,RURAL,TRAMO RECTO,INCLINADA,ASFALTADA,SI,PREVENTIVA (P),,SI,IMPRUDENCIA DEL CONDUCTOR,EXCESO DE VELOCIDAD,22.0,0,2021.0,5.0,4.0,0,3,1,0,0.0,1.0,0.0,1.0,0,0,34.5,0.7071067811865476,0,0,3,0.0,0.0,1
A-2021-05-138,2021-05-22,01:40,CHOQUE,1,0,2,ICA,ICA,SAN JUAN BAUTISTA,URBANA,AVENIDA,URBANO,NO CORRESPONDE,-14.016307,-75.73436,DESPEJADO,INDUSTRIAL,TRAMO RECTO,PLANA ,ASFALTADA,,,,,EN PROCESO DE INVESTIGACIÓN,NO CUENTA CON CAUSA ESPECIFICA,1.0,0,2021.0,5.0,5.0,1,0,1,0,1.0,0.0,0.0,1.0,0,0,40.0,7.0710678118654755,0,1,2,0.0,0.5,1
A-2021-05-181,2021-05-22,07:00,CHOQUE,1,1,2,APURIMAC,AYMARAES,COTARUSE,RURAL,CARRETERA,NACIONAL,PE-30A,-14.552146173470527,-73.38386531211128,DESPEJADO,RURAL,CURVA,INCLINADA,ASFALTADA,,,,,IMPRUDENCIA DEL CONDUCTOR,FATIGA Y/O CANSANCIO,7.0,0,2021.0,5.0,5.0,1,1,1,1,0.0,1.0,0.0,1.0,0,0,52.5,3.5355339059327378,0,1,2,0.0,0.5,0
A-2021-05-191,2021-05-22,11:53,CHOQUE,1,0,2,LAMBAYEQUE,CHICLAYO,CAYALTI,URBANA,OTRO,URBANO,NO CORRESPONDE,-6.892505,-79.563207,DESPEJADO,RESIDENCIAL,INTERSECCIÓN,PLANA ,ASFALTADA,NO,,,SI,EN PROCESO DE INVESTIGACIÓN,NO CUENTA CON CAUSA ESPECIFICA,11.0,0,2021.0,5.0,5.0,1,1,1,0,2.0,0.0,0.0,2.0,0,1,44.5,38.890872965260115,0,0,2,0.0,0.0,0
A-2021-05-139,2021-05-22,14:30,VOLCADURA,1,6,1,ICA,ICA,ICA,RURAL,CARRETERA,SIN CLASIFICAR,SIN CLASIFICAR,-14.09,-75.77,SOLEADO,RURAL,SINUOSA,INCLINADA,TROCHA,,,,,NEGLIGENCIA DEL CONDUCTOR,CONDUCIR CON FALLAS DE CARROCERÍA,14.0,0,2021.0,5.0,5.0,1,2,1,0,0.0,1.0,2.0,3.0,0,0,33.285714285714285,14.840420992616593,0,0,7,0.0,0.0,0
A-2021-05-158,2021-05-22,15:30,CHOQUE,1,1,2,LA LIBERTAD,TRUJILLO,HUANCHACO,RURAL,CARRETERA,NACIONAL,PE-1N,-8.040941,-79.084076,DESPEJADO,RURAL,TRAMO RECTO,PLANA ,ASFALTADA,,,,,IMPRUDENCIA DEL CONDUCTOR,ADELANTAR INDEBIDAMENTE,15.0,0,2021.0,5.0,5.0,1,2,1,0,0.0,0.0,0.0,0.0,0,0,34.0,1.4142135623730951,0,1,2,0.0,0.5,0
A-2021-05-151,2021-05-22,16:30,ATROPELLO,1,0,0,LORETO,MAYNAS,SAN JUAN BAUTISTA,RURAL,CARRETERA,DEPARTAMENTAL,LO-103,-4.015585723882315,-73.43273512207432,SOLEADO,RURAL,TRAMO RECTO,PLANA ,ASFALTADA,,,,,EN PROCESO DE INVESTIGACIÓN,NO CUENTA CON CAUSA ESPECIFICA,16.0,0,2021.0,5.0,5.0,1,2,1,2,0.0,0.0,0.0,0.0,0,0,47.5,3.5355339059327378,1,1,2,0.5,0.5,0
A-2021-05-184,2021-05-22,16:50,CHOQUE,1,0,2,PUNO,LAMPA,CABANILLA,RURAL,CARRETERA,DEPARTAMENTAL,PU-123,-15.51152974162293,-70.35054438396111,DESPEJADO,RURAL,TRAMO RECTO,PLANA ,ASFALTADA,,,,,IMPRUDENCIA DEL CONDUCTOR,OTRO (IMPRUDENCIA DEL CONDUCTOR),16.0,0,2021.0,5.0,5.0,1,2,1,1,0.0,0.0,0.0,0.0,0,0,69.5,12.020815280171307,0,1,2,0.0,0.5,0
A-2021-05-140,2021-05-22,18:00,CHOQUE,1,2,2,ICA,NASCA,CHANGUILLO,RURAL,CARRETERA,DEPARTAMENTAL,IC-112,-14.670563,-75.291881,SOLEADO,RURAL,CURVA,PLANA ,ASFALTADA,,,,,IMPRUDENCIA DEL CONDUCTOR,INVASIÓN DE CARRIL,18.0,0,2021.0,5.0,5.0,1,3,1,0,0.0,0.0,0.0,0.0,0,0,45.666666666666664,17.61628034896508,0,0,3,0.0,0.0,1
A-2021-05-162,2021-05-22,19:20,ATROPELLO,1,3,1,LA LIBERTAD,TRUJILLO,TRUJILLO,URBANA,CARRETERA,NACIONAL,PE-1N,-8.132569,-79.02341,DESPEJADO,INDUSTRIAL,TRAMO RECTO,PLANA ,ASFALTADA,,,,,EN PROCESO DE INVESTIGACIÓN,NO CUENTA CON CAUSA ESPECIFICA,19.0,0,2021.0,5.0,5.0,1,3,1,0,0.0,0.0,0.0,0.0,0,0,28.8,14.481022063376603,0,1,5,0.0,0.2,1
A-2021-05-116,2021-05-22,21:00,DESPISTE,1,0,1,CALLAO,CALLAO,LA PERLA,URBANA,AVENIDA,URBANO,NO CORRESPONDE,-12.06817959541864,-77.11449708038921,DESPEJADO,RESIDENCIAL,TRAMO RECTO,PLANA ,ASFALTADA,,,,,EN PROCESO DE INVESTIGACIÓN,NO CUENTA CON CAUSA ESPECIFICA,21.0,0,2021.0,5.0,5.0,1,3,1,0,1.0,0.0,0.0,1.0,0,0,65.0,0.0,0,1,1,0.0,1.0,1
A-2021-05-182,2021-05-22,21:51,CHOQUE,1,0,2,AMAZONAS,CHACHAPOYAS,CHACHAPOYAS,URBANA,JIRÓN,URBANO,NO CORRESPONDE,-6.233383980919296,-77.86731715212338,DESPEJADO,COMERCIAL,INTERSECCIÓN,PLANA ,CONCRETO,,,,,EN PROCESO DE INVESTIGACIÓN,NO CUENTA CON CAUSA ESPECIFICA,21.0,0,2021.0,5.0,5.0,1,3,1,2,1.0,0.0,0.0,1.0,0,0,26.0,11.313708498984761,0,1,2,0.0,0.5,1
A-2021-05-157,2021-05-23,13:25,CAÍDA DE PASAJERO,1,0,1,PIURA,PIURA,TAMBO GRANDE,RURAL,CARRETERA,NACIONAL,PE-1NL,-4.898257,-80.35187,DESPEJADO,RURAL,TRAMO RECTO,PLANA ,ASFALTADA,,,,,EN PROCESO DE INVESTIGACIÓN,NO CUENTA CON CAUSA ESPECIFICA,13.0,0,2021.0,5.0,6.0,1,2,1,0,0.0,0.0,0.0,0.0,0,0,35.0,1.4142135623730951,0,0,2,0.0,0.0,0
A-2021-05-200,2021-05-23,21:00,CHOQUE,1,0,2,LAMBAYEQUE,LAMBAYEQUE,OLMOS,RURAL,CARRETERA,NACIONAL,PE-04B,-5.9407622508173565,-79.60256158934189,DESPEJADO,RURAL,TRAMO RECTO,PLANA ,ASFALTADA,NO,,,SI,EN PROCESO DE INVESTIGACIÓN,NO CUENTA CON CAUSA ESPECIFICA,21.0,0,2021.0,5.0,6.0,1,3,1,0,0.0,0.0,0.0,0.0,0,1,23.5,0.7071067811865476,0,1,2,0.0,0.5,1
A-2021-05-160,2021-05-24,08:00,DESPISTE,1,1,1,CAJAMARCA,CHOTA,LLAMA,RURAL,CARRETERA,NACIONAL,PE-06A,-6.538239205064491,-79.12057235970696,DESPEJADO,RURAL,CURVA,INCLINADA,ASFALTADA,NO,,,SI,IMPRUDENCIA DEL CONDUCTOR,OTRO (IMPRUDENCIA DEL CONDUCTOR),8.0,0,2021.0,5.0,0.0,0,1,1,1,0.0,1.0,0.0,1.0,0,1,53.5,0.7071067811865476,0,0,2,0.0,0.0,0
A-2021-05-164,2021-05-24,09:00,CHOQUE,1,0,2,JUNIN,SATIPO,MAZAMARI,RURAL,CARRETERA,NACIONAL,PE-5S,-11.293946470583588,-74.54910274211872,DESPEJADO,RURAL,TRAMO RECTO,INCLINADA,ASFALTADA,,,,,IMPRUDENCIA DEL CONDUCTOR,INVASIÓN DE CARRIL,9.0,0,2021.0,5.0,0.0,0,1,1,1,0.0,1.0,0.0,1.0,0,0,46.0,31.11269837220809,0,0,2,0.0,0.0,0
A-2021-05-259,2021-05-24,13:35,DESPISTE,1,0,1,LAMBAYEQUE,CHICLAYO,LA VICTORIA,RURAL,CARRETERA,PROVINCIAL,LA-778,-6.8402936,-79.8596427,DESPEJADO,RURAL,TRAMO RECTO,PLANA ,ASFALTADA,,,,,EN PROCESO DE INVESTIGACIÓN,NO CUENTA CON CAUSA ESPECIFICA,13.0,0,2021.0,5.0,0.0,0,2,1,0,0.0,0.0,0.0,0.0,0,0,0.0,0.0,0,0,1,0.0,0.0,0
A-2021-05-255,2021-05-25,03:40,CHOQUE,1,2,2,LAMBAYEQUE,LAMBAYEQUE,MOTUPE,RURAL,CARRETERA,NACIONAL,PE-1NJ,-6.1602298,-79.6997597,DESPEJADO,RURAL,TRAMO RECTO,PLANA ,ASFALTADA,,,,,EN PROCESO DE INVESTIGACIÓN,NO CUENTA CON CAUSA ESPECIFICA,3.0,0,2021.0,5.0,1.0,0,0,1,0,0.0,0.0,0.0,0.0,0,0,24.0,5.94418483337567,0,1,4,0.0,0.25,1
A-2021-05-149,2021-05-25,04:00,CHOQUE,5,6,2,AREQUIPA,ISLAY,MOLLENDO,RURAL,CARRETERA,NACIONAL,PE-1S,-16.839662,-71.858213,DESPEJADO,RURAL,TRAMO RECTO,PLANA ,ASFALTADA,SI,PREVENTIVA (P),INFORMATIVA (I),SI,NEGLIGENCIA DEL CONDUCTOR,OTRO (NEGLIGENCIA DEL CONDUCTOR),4.0,2,2021.0,5.0,1.0,0,0,1,0,0.0,0.0,0.0,0.0,0,0,44.36363636363637,11.29843110589012,0,2,11,0.0,0.182,1
A-2021-05-185,2021-05-25,04:20,DESPISTE,1,1,1,PUNO,AZANGARO,MUÑANI,RURAL,CARRETERA,DEPARTAMENTAL,PU-111,-14.761245337213078,-69.98398249345642,DESPEJADO,RURAL,CURVA,PLANA ,TROCHA,SI,REGULADORA (R),PREVENTIVA (P),NO,INFRAESTRUCTURA Y ENTORNO VIAL,OTRO (INFRAESTRUCTURA Y ENTORNO VIAL),4.0,0,2021.0,5.0,1.0,0,0,1,1,0.0,0.0,2.0,2.0,0,1,50.5,24.748737341529164,0,1,2,0.0,0.5,1
A-2021-05-167,2021-05-25,11:30,DESPISTE,1,1,1,JUNIN,CHANCHAMAYO,PICHANAQUI,RURAL,CARRETERA,NACIONAL,PE-5S,-11.0198215161014,-74.75027911457556,DESPEJADO,RURAL,TRAMO RECTO,INCLINADA,TROCHA,,,,,NEGLIGENCIA DEL CONDUCTOR,OTRO (NEGLIGENCIA DEL CONDUCTOR),11.0,0,2021.0,5.0,1.0,0,1,1,1,0.0,1.0,2.0,3.0,0,0,39.0,15.716233645501712,0,1,3,0.0,0.333,0
A-2021-05-201,2021-05-25,14:00,CHOQUE,1,0,2,AREQUIPA,CARAVELI,ATIQUIPA,RURAL,CARRETERA,NACIONAL,PE-1S,-15.81381,-74.354744,DESPEJADO,RURAL,CURVA,INCLINADA,ASFALTADA,SI,REGULADORA (R),,SI,IMPRUDENCIA DEL CONDUCTOR,INVASIÓN DE CARRIL,14.0,0,2021.0,5.0,1.0,0,2,1,0,0.0,1.0,0.0,1.0,0,0,64.0,1.4142135623730951,0,0,2,0.0,0.0,0
A-2021-05-209,2021-05-25,17:25,ATROPELLO,1,0,0,CAJAMARCA,CAJAMARCA,NAMORA,URBANA,CARRETERA,NACIONAL,PE-3N,-7.20238724,-78.32503492,DESPEJADO,COMERCIAL,TRAMO RECTO,INCLINADA,ASFALTADA,NO,,,SI,IMPRUDENCIA DEL CONDUCTOR,CONDUCIR EN ESTADO DE EBRIEDAD Y/O DROGADICCIÓN,17.0,0,2021.0,5.0,1.0,0,2,1,1,0.0,1.0,0.0,1.0,0,1,40.0,1.4142135623730951,0,1,2,0.0,0.5,0
A-2021-05-325,2021-05-25,18:10,CHOQUE,1,0,2,PIURA,PIURA,CASTILLA,RURAL,CARRETERA,DEPARTAMENTAL,PI-126,-5.080388,-80.595817,DESPEJADO,RURAL,TRAMO RECTO,PLANA ,ASFALTADA,,,,,EN PROCESO DE INVESTIGACIÓN,NO CUENTA CON CAUSA ESPECIFICA,18.0,0,2021.0,5.0,1.0,0,3,1,0,0.0,0.0,0.0,0.0,0,0,28.0,0.0,0,1,2,0.0,0.5,1
A-2021-05-311,2021-05-26,07:00,CHOQUE,1,0,2,LIMA,LIMA,LURIN,URBANA,CARRETERA,NACIONAL,PE-1S,-12.295693338530304,-76.85870128496227,DESPEJADO,RESIDENCIAL,TRAMO RECTO,PLANA ,ASFALTADA,,,,,IMPRUDENCIA DEL CONDUCTOR,OTRO (IMPRUDENCIA DEL CONDUCTOR),7.0,0,2021.0,5.0,2.0,0,1,1,0,0.0,0.0,0.0,0.0,0,0,38.5,13.435028842544403,0,1,2,0.0,0.5,0
A-2021-05-186,2021-05-26,08:30,ATROPELLO,1,0,1,CUSCO,CUSCO,SAYLLA,URBANA,CARRETERA,NACIONAL,PE-3S,-13.5657362822115,-71.8359251424733,DESPEJADO,RESIDENCIAL,TRAMO RECTO,PLANA ,ASFALTADA,,,,,IMPRUDENCIA DEL PEATÓN,OTRO (IMPRUDENCIA DEL PEATÓN),8.0,0,2021.0,5.0,2.0,0,1,1,1,0.0,0.0,0.0,0.0,0,0,39.5,9.192388155425117,0,1,2,0.0,0.5,0
A-2021-05-256,2021-05-26,09:00,DESPISTE,1,2,1,LAMBAYEQUE,LAMBAYEQUE,SALAS,RURAL,CARRETERA,SIN CLASIFICAR,SIN CLASIFICAR,-6.041945,-79.532663,NUBLADO,RURAL,PASE A DESNIVEL,PLANA ,TROCHA,,,,,EN PROCESO DE INVESTIGACIÓN,NO CUENTA CON CAUSA ESPECIFICA,9.0,0,2021.0,5.0,2.0,0,1,1,0,0.0,0.0,2.0,2.0,0,0,40.0,9.539392014169456,0,1,3,0.0,0.333,0
A-2021-05-176,2021-05-26,16:00,DESPISTE,1,3,1,CUSCO,URUBAMBA,OLLANTAYTAMBO,RURAL,CARRETERA,NACIONAL,PE-28B,-13.13635,-72.284437,DESPEJADO,RURAL,TRAMO RECTO,PLANA ,ASFALTADA,,,,,IMPRUDENCIA DEL CONDUCTOR,EXCESO DE VELOCIDAD,16.0,0,2021.0,5.0,2.0,0,2,1,1,0.0,0.0,0.0,0.0,0,0,28.0,24.426761280748348,0,1,4,0.0,0.25,0
A-2021-05-165,2021-05-27,01:41,CHOQUE,1,0,2,AREQUIPA,CAYLLOMA,SAN ANTONIO DE CHUCA,RURAL,CARRETERA,NACIONAL,PE-34A,-15.755638,-70.949413,DESPEJADO,RURAL,TRAMO RECTO,PLANA ,ASFALTADA,NO,,,SI,EN PROCESO DE INVESTIGACIÓN,NO CUENTA CON CAUSA ESPECIFICA,1.0,0,2021.0,5.0,3.0,0,0,1,0,0.0,0.0,0.0,0.0,0,1,47.666666666666664,12.342339054382412,0,2,3,0.0,0.667,1
A-2021-05-265,2021-05-27,06:30,ATROPELLO,1,0,1,PUNO,SAN ANTONIO DE PUTINA,PUTINA,URBANA,CARRETERA,NACIONAL,PE-34H,-14.914385,-69.861438,DESPEJADO,COMERCIAL,INTERSECCIÓN,PLANA ,ASFALTADA,,,,,IMPRUDENCIA DEL CONDUCTOR,EXCESO DE VELOCIDAD,6.0,0,2021.0,5.0,3.0,0,1,1,1,0.0,0.0,0.0,0.0,0,0,0.0,0.0,0,1,2,0.0,0.5,0
A-2021-05-163,2021-05-27,08:40,CHOQUE,1,0,2,HUANUCO,LEONCIO PRADO,JOSE CRESPO Y CASTILLO,RURAL,JIRÓN,URBANO,NO CORRESPONDE,-8.92963,-76.11737,DESPEJADO,RURAL,INTERSECCIÓN,PLANA ,TROCHA,,,,,IMPRUDENCIA DEL CONDUCTOR,EXCESO DE VELOCIDAD,8.0,0,2021.0,5.0,3.0,0,1,1,1,1.0,0.0,2.0,3.0,0,0,42.666666666666664,17.387735140993303,0,0,3,0.0,0.0,0