CODIGO_SINIESTRO,FECHA_SINIESTRO,HORA_SINIESTRO,CLASE_SINIESTRO,CANTIDAD_FALLECIDOS,CANTIDAD_LESIONADOS,CANTIDAD_VEHICULOS,DEPARTAMENTO,PROVINCIA,DISTRITO,ZONA,TIPO_VIA,RED_VIAL,COD_CARRETERA,LATITUD,LONGITUD,CONDICION_CLIMATICA,ZONIFICACION,CARACTERISTICAS_VIA,PERFIL_VIA,SUPERFICIE_CALZADA,EXISTE_SENIAL_VERTICAL,CLASIFICACION_SENIAL_VERTICAL_1,CLASIFICACION_SENIAL_VERTICAL_2,EXISTE_SENIAL_HORIZONTAL,CAUSA_FACTOR_PRINCIPAL,CAUSA_ESPECIFICA,HORA,severidad,ANIO,MES,DIA_SEMANA,FIN_SEMANA,FRANJA_HORARIA,TEMPORADA,MACROREGION,TIPO_VIA_SCORE,PERFIL_VIA_SCORE,SUPERFICIE_CALZADA_SCORE,RIESGO_INFRAESTRUCTURA,RIESGO_CLIMATICO,SENIALIZACION_DEFICIENTE,EDAD_PROMEDIO,EDAD_STD,TOTAL_ALCOHOL,TOTAL_LICENCIA,TOTAL_PERSONAS,PCT_ALCOHOL,PCT_LICENCIA,ES_NOCHE
A-2021-05-312,2021-05-27,17:40,ATROPELLO,1,0,0,LIMA,LIMA,COMAS,URBANA,AVENIDA,URBANO,NO CORRESPONDE,-11.961375,-77.062622,DESPEJADO,RESIDENCIAL,INTERSECCIÓN,PLANA ,ASFALTADA,,,,,IMPRUDENCIA DEL PEATÓN,ESTADO DE EBRIEDAD Y/O DROGADICCIÓN,17.0,0,2021.0,5.0,3.0,0,2,1,0,1.0,0.0,0.0,1.0,0,0,48.0,0.0,0,0,2,0.0,0.0,0
A-2021-05-198,2021-05-28,04:20,DESPISTE,1,0,1,APURIMAC,GRAU,PROGRESO,RURAL,CARRETERA,NACIONAL,PE-3SF,-14.091548205417949,-72.4669091751593,DESPEJADO,RURAL,CURVA,INCLINADA,ASFALTADA,,,,,IMPRUDENCIA DEL CONDUCTOR,FATIGA Y/O CANSANCIO,4.0,0,2021.0,5.0,4.0,0,0,1,1,0.0,1.0,0.0,1.0,0,0,21.0,0.0,0,0,1,0.0,0.0,1
A-2021-05-267,2021-05-28,05:00,DESPISTE,3,0,1,PUNO,AZANGARO,SANTIAGO DE PUPUJA,RURAL,CARRETERA,NACIONAL,PE-34B,-15.00976941005684,-70.1810931569851,DESPEJADO,RURAL,TRAMO RECTO,PLANA ,ASFALTADA,,,,,IMPRUDENCIA DEL CONDUCTOR,EXCESO DE VELOCIDAD,5.0,2,2021.0,5.0,4.0,0,0,1,1,0.0,0.0,0.0,0.0,0,0,48.666666666666664,18.502252115170556,0,1,3,0.0,0.333,1
A-2021-05-172,2021-05-28,06:00,CHOQUE,1,1,2,PIURA,PIURA,CASTILLA,URBANA,CARRETERA,DEPARTAMENTAL,PI-126,-4.989286677,-80.58363662,DESPEJADO,RURAL,CURVA,PLANA ,ASFALTADA,SI,REGULADORA (R),INFORMATIVA (I),SI,EN PROCESO DE INVESTIGACIÓN,NO CUENTA CON CAUSA ESPECIFICA,6.0,0,2021.0,5.0,4.0,0,1,1,0,0.0,0.0,0.0,0.0,0,0,20.0,2.8284271247461903,0,0,2,0.0,0.0,0
A-2021-05-212,2021-05-28,08:20,CHOQUE,1,1,2,LA LIBERTAD,TRUJILLO,HUANCHACO,RURAL,CARRETERA,NACIONAL,PE-1N,-8.064051,-79.090253,DESPEJADO,RURAL,TRAMO RECTO,PLANA ,ASFALTADA,,,,,IMPRUDENCIA DEL CONDUCTOR,GIRAR IMPRUDENTEMENTE,8.0,0,2021.0,5.0,4.0,0,1,1,0,0.0,0.0,0.0,0.0,0,0,34.0,21.0,0,1,3,0.0,0.333,0
A-2021-05-199,2021-05-28,09:00,ATROPELLO,1,0,1,APURIMAC,ANTABAMBA,HUAQUIRCA,URBANA,CALLE,URBANO,NO CORRESPONDE,-14.339813536651096,-72.8950592666448,DESPEJADO,RURAL,TRAMO RECTO,PLANA ,TROCHA,,,,,EN PROCESO DE INVESTIGACIÓN,NO CUENTA CON CAUSA ESPECIFICA,9.0,0,2021.0,5.0,4.0,0,1,1,1,2.0,0.0,2.0,4.0,0,0,72.0,18.384776310850235,0,1,2,0.0,0.5,0
A-2021-05-203,2021-05-28,10:10,CHOQUE,1,0,2,CUSCO,CHUMBIVILCAS,VELILLE,RURAL,CARRETERA,NACIONAL,PE-3SG,-14.574877,-71.722283,DESPEJADO,RURAL,CURVA,INCLINADA,TROCHA,,,,,IMPRUDENCIA DEL CONDUCTOR,EXCESO DE VELOCIDAD,10.0,0,2021.0,5.0,4.0,0,1,1,1,0.0,1.0,2.0,3.0,0,0,35.0,0.0,0,0,2,0.0,0.0,0
A-2021-05-237,2021-05-28,11:35,DESPISTE,1,1,1,ANCASH,RECUAY,COTAPARACO,RURAL,CARRETERA,PROVINCIAL,AN-1225,-10.004290953091829,-77.59659360353507,DESPEJADO,RURAL,TRAMO RECTO,PLANA ,TROCHA,,,,,INFRAESTRUCTURA Y ENTORNO VIAL,OTRO (INFRAESTRUCTURA Y ENTORNO VIAL),11.0,0,2021.0,5.0,4.0,0,1,1,0,0.0,0.0,2.0,2.0,0,0,38.0,8.48528137423857,0,1,2,0.0,0.5,0
A-2021-05-277,2021-05-28,15:30,CHOQUE,1,0,2,SAN MARTIN,RIOJA,YURACYACU,RURAL,CARRETERA,DEPARTAMENTAL,SM-114,-5.956872,-77.228726,DESPEJADO,RURAL,CURVA,PLANA ,ASFALTADA,,,,,IMPRUDENCIA DEL CONDUCTOR,INVASIÓN DE CARRIL,15.0,0,2021.0,5.0,4.0,0,2,1,2,0.0,0.0,0.0,0.0,0,0,40.5,14.849242404917497,0,1,2,0.0,0.5,0
A-2021-05-173,2021-05-28,16:30,CHOQUE,1,2,2,TACNA,TACNA,LA YARADA LOS PALOS,RURAL,CARRETERA,NACIONAL,PE-1SD,-18.122931,-70.38478,DESPEJADO,RURAL,TRAMO RECTO,INCLINADA,ASFALTADA,,,,,IMPRUDENCIA DEL CONDUCTOR,OTRO (IMPRUDENCIA DEL CONDUCTOR),16.0,0,2021.0,5.0,4.0,0,2,1,0,0.0,1.0,0.0,1.0,0,0,57.666666666666664,21.07921567168317,0,2,3,0.0,0.667,0
A-2021-05-313,2021-05-28,19:00,ATROPELLO,2,0,0,LIMA,LIMA,LURIN,URBANA,CARRETERA,NACIONAL,PE-1S,-12.249579685482042,-76.9317592700767,DESPEJADO,RESIDENCIAL,TRAMO RECTO,PLANA ,ASFALTADA,,,,,IMPRUDENCIA DEL PEATÓN,ESTADO DE EBRIEDAD Y/O DROGADICCIÓN,19.0,1,2021.0,5.0,4.0,0,3,1,0,0.0,0.0,0.0,0.0,0,0,35.0,0.0,0,1,3,0.0,0.333,1
A-2021-05-286,2021-05-28,19:10,DESPISTE,2,0,1,MOQUEGUA,ILO,PACOCHA,RURAL,CARRETERA,NACIONAL,PE-1SD,-17.287596,-71.452845,DESPEJADO,RURAL,CURVA,INCLINADA,ASFALTADA,SI,PREVENTIVA (P),,SI,IMPRUDENCIA DEL CONDUCTOR,EXCESO DE VELOCIDAD,19.0,1,2021.0,5.0,4.0,0,3,1,0,0.0,1.0,0.0,1.0,0,0,49.0,15.556349186104045,0,1,2,0.0,0.5,1
A-2021-05-208,2021-05-28,20:15,ATROPELLO FUGA,1,0,1,JUNIN,TARMA,TARMA,RURAL,JIRÓN,URBANO,NO CORRESPONDE,-11.416427633523844,-75.68733561864786,DESPEJADO,RURAL,INTERSECCIÓN,PLANA ,ASFALTADA,,,,,EN PROCESO DE INVESTIGACIÓN,NO CUENTA CON CAUSA ESPECIFICA,20.0,0,2021.0,5.0,4.0,0,3,1,1,1.0,0.0,0.0,1.0,0,0,45.0,5.656854249492381,0,1,2,0.0,0.5,1
A-2021-05-197,2021-05-28,22:20,CHOQUE,2,0,2,JUNIN,SATIPO,RIO NEGRO,RURAL,CARRETERA,NACIONAL,PE-5S,-11.21403305737037,-74.65583372642733,DESPEJADO,RURAL,TRAMO RECTO,INCLINADA,ASFALTADA,,,,,EN PROCESO DE INVESTIGACIÓN,NO CUENTA CON CAUSA ESPECIFICA,22.0,1,2021.0,5.0,4.0,0,3,1,1,0.0,1.0,0.0,1.0,0,0,42.666666666666664,14.46835627614047,0,2,3,0.0,0.667,1
A-2021-05-218,2021-05-29,11:30,DESPISTE,1,2,1,LIMA,BARRANCA,PARAMONGA,RURAL,CARRETERA,NACIONAL,PE-1N,-10.639530450713131,-77.85450685967196,DESPEJADO,RURAL,CURVA,INCLINADA,ASFALTADA,,,,,IMPRUDENCIA DEL CONDUCTOR,EXCESO DE VELOCIDAD,11.0,0,2021.0,5.0,5.0,1,1,1,0,0.0,1.0,0.0,1.0,0,0,22.333333333333332,2.3094010767585034,0,1,3,0.0,0.333,0
A-2021-05-314,2021-05-29,18:30,CHOQUE,1,0,2,LIMA,LIMA,SAN JUAN DE LURIGANCHO,URBANA,CALLE,URBANO,NO CORRESPONDE,-11.939689,-77.002096,DESPEJADO,RESIDENCIAL,TRAMO RECTO,INCLINADA,ASFALTADA,,,,,EN PROCESO DE INVESTIGACIÓN,NO CUENTA CON CAUSA ESPECIFICA,18.0,0,2021.0,5.0,5.0,1,3,1,0,2.0,1.0,0.0,3.0,0,0,26.0,0.0,0,0,2,0.0,0.0,1
A-2021-05-215,2021-05-29,19:40,CHOQUE FUGA,2,1,2,AREQUIPA,CARAVELI,CHALA,RURAL,CARRETERA,NACIONAL,PE-1S,-15.8632427205141,-74.2205506526191,DESPEJADO,RURAL,TRAMO RECTO,INCLINADA,ASFALTADA,SI,REGULADORA (R),,SI,IMPRUDENCIA DEL CONDUCTOR,CONDUCIR EN SENTIDO CONTRARIO,19.0,1,2021.0,5.0,5.0,1,3,1,0,0.0,1.0,0.0,1.0,0,0,47.333333333333336,13.613718571108091,0,1,4,0.0,0.25,1
A-2021-05-205,2021-05-29,19:50,CHOQUE,1,0,2,JUNIN,CHANCHAMAYO,PICHANAQUI,RURAL,CARRETERA,NACIONAL,PE-5S,-10.932906833946245,-74.86763641307203,DESPEJADO,RURAL,TRAMO RECTO,INCLINADA,ASFALTADA,,,,,IMPRUDENCIA DEL CONDUCTOR,EXCESO DE VELOCIDAD,19.0,0,2021.0,5.0,5.0,1,3,1,1,0.0,1.0,0.0,1.0,0,0,34.0,2.8284271247461903,0,1,2,0.0,0.5,1
A-2021-05-291,2021-05-29,20:00,CHOQUE,2,0,2,LIMA,BARRANCA,SUPE,RURAL,CARRETERA,NACIONAL,PE-1N,-10.846962438545894,-77.69401368089524,LLUVIOSO,RURAL,TRAMO RECTO,PLANA ,ASFALTADA,NO,,,NO,NEGLIGENCIA DEL CONDUCTOR,CONDUCIR CON FALLAS ELÉCTRICAS,20.0,1,2021.0,5.0,5.0,1,3,1,0,0.0,0.0,0.0,0.0,1,2,25.0,8.717797887081348,0,1,3,0.0,0.333,1
A-2021-05-292,2021-05-29,21:40,DESPISTE,1,0,1,LAMBAYEQUE,CHICLAYO,TUMAN,RURAL,CARRETERA,PROVINCIAL,LA-709,-6.706245424525925,-79.6957146645593,DESPEJADO,RURAL,CURVA,INCLINADA,ASFALTADA,,,,,EN PROCESO DE INVESTIGACIÓN,NO CUENTA CON CAUSA ESPECIFICA,21.0,0,2021.0,5.0,5.0,1,3,1,0,0.0,1.0,0.0,1.0,0,0,25.0,0.0,0,1,1,0.0,1.0,1
A-2021-05-270,2021-05-30,04:05,ATROPELLO,1,0,0,LIMA,HUARAL,CHANCAY,URBANA,CARRETERA,NACIONAL,PE-1N,-11.473509184753135,-77.3090648284244,,,,,,,,,,EN PROCESO DE INVESTIGACIÓN,NO CUENTA CON CAUSA ESPECIFICA,4.0,0,2021.0,5.0,6.0,1,0,1,0,0.0,1.0,1.0,2.0,0,0,60.5,19.091883092036785,0,1,2,0.0,0.5,1
A-2021-05-214,2021-05-30,06:30,DESPISTE,1,1,1,APURIMAC,CHINCHEROS,CHINCHEROS,RURAL,CARRETERA,SIN CLASIFICAR,SIN CLASIFICAR,-13.5492647,-73.7618212,SOLEADO,RURAL,CURVA,INCLINADA,TROCHA,,,,,IMPRUDENCIA DEL CONDUCTOR,OTRO (IMPRUDENCIA DEL CONDUCTOR),6.0,0,2021.0,5.0,6.0,1,1,1,1,0.0,1.0,2.0,3.0,0,0,57.5,2.1213203435596424,0,0,2,0.0,0.0,0
A-2021-05-238,2021-05-30,11:40,DESPISTE,1,2,1,ANCASH,BOLOGNESI,CHIQUIAN,RURAL,CARRETERA,NACIONAL,PE-3N,-10.1371034428677,-77.16717840766506,SOLEADO,RURAL,TRAMO RECTO,PLANA ,ASFALTADA,,,,,EN PROCESO DE INVESTIGACIÓN,NO CUENTA CON CAUSA ESPECIFICA,11.0,0,2021.0,5.0,6.0,1,1,1,0,0.0,0.0,0.0,0.0,0,0,30.333333333333332,21.733231083604053,0,0,4,0.0,0.0,0
A-2021-05-193,2021-05-30,12:40,ATROPELLO FUGA,1,0,1,ICA,ICA,SALAS,URBANA,CARRETERA,NACIONAL,PE-1S,-13.975654,-75.776505,DESPEJADO,RESIDENCIAL,TRAMO RECTO,PLANA ,ASFALTADA,,,,,EN PROCESO DE INVESTIGACIÓN,NO CUENTA CON CAUSA ESPECIFICA,12.0,0,2021.0,5.0,6.0,1,2,1,0,0.0,0.0,0.0,0.0,0,0,0.0,0.0,0,0,1,0.0,0.0,0
A-2021-05-260,2021-05-30,20:10,DESPISTE,1,1,1,LAMBAYEQUE,LAMBAYEQUE,MOTUPE,RURAL,CARRETERA,NACIONAL,PE-1NJ,-6.3038644,-79.7571286,DESPEJADO,INDUSTRIAL,TRAMO RECTO,PLANA ,ASFALTADA,,,,,EN PROCESO DE INVESTIGACIÓN,NO CUENTA CON CAUSA ESPECIFICA,20.0,0,2021.0,5.0,6.0,1,3,1,0,0.0,0.0,0.0,0.0,0,0,31.5,3.5355339059327378,0,1,2,0.0,0.5,1
A-2021-05-213,2021-05-30,20:25,DESPISTE,2,2,1,LA LIBERTAD,ASCOPE,SANTIAGO DE CAO,RURAL,CARRETERA,PROVINCIAL,LI-662,-7.962044,-79.217278,DESPEJADO,RURAL,INTERSECCIÓN,PLANA ,AFIRMADO,,,,,IMPRUDENCIA DEL CONDUCTOR,OTRO (IMPRUDENCIA DEL CONDUCTOR),20.0,1,2021.0,5.0,6.0,1,3,1,0,0.0,0.0,1.0,1.0,0,0,50.25,29.948567021923882,0,0,5,0.0,0.0,1
A-2021-05-315,2021-05-31,08:20,ATROPELLO,1,0,0,LIMA,LIMA,CHORRILLOS,URBANA,CALLE,URBANO,NO CORRESPONDE,-12.16852548054847,-77.02117475237579,DESPEJADO,RESIDENCIAL,TRAMO RECTO,PLANA ,ASFALTADA,,,,,IMPRUDENCIA DEL PEATÓN,OTRO (IMPRUDENCIA DEL PEATÓN),8.0,0,2021.0,5.0,0.0,0,1,1,0,2.0,0.0,0.0,2.0,0,0,47.0,0.0,0,1,2,0.0,0.5,0
A-2021-05-246,2021-05-31,08:30,ATROPELLO,1,0,0,UCAYALI,CORONEL PORTILLO,YARINACOCHA,URBANA,JIRÓN,URBANO,NO CORRESPONDE,-8.383529,-74.598973,DESPEJADO,RURAL,TRAMO RECTO,PLANA ,AFIRMADO,,,,,EN PROCESO DE INVESTIGACIÓN,NO CUENTA CON CAUSA ESPECIFICA,8.0,0,2021.0,5.0,0.0,0,1,1,2,1.0,0.0,1.0,2.0,0,0,26.0,29.698484809834994,0,0,2,0.0,0.0,0
A-2021-05-272,2021-05-31,10:15,CHOQUE,1,6,2,LAMBAYEQUE,LAMBAYEQUE,PACORA,RURAL,CARRETERA,NACIONAL,PE-1NJ,-6.447826279111889,-79.85437276207495,SOLEADO,RURAL,CURVA,PLANA ,ASFALTADA,SI,REGULADORA (R),REGULADORA (R),NO,EN PROCESO DE INVESTIGACIÓN,NO CUENTA CON CAUSA ESPECIFICA,10.0,0,2021.0,5.0,0.0,0,1,1,0,0.0,0.0,0.0,0.0,0,1,61.888888888888886,18.306040290327978,0,2,9,0.0,0.222,0
A-2021-05-289,2021-05-31,12:50,ATROPELLO,1,0,1,LAMBAYEQUE,CHICLAYO,POMALCA,RURAL,CARRETERA,NACIONAL,PE-06A,-6.785794,-79.777171,SOLEADO,RURAL,INTERSECCIÓN,PLANA ,ASFALTADA,,,,,EN PROCESO DE INVESTIGACIÓN,NO CUENTA CON CAUSA ESPECIFICA,12.0,0,2021.0,5.0,0.0,0,2,1,0,0.0,0.0,0.0,0.0,0,0,36.0,15.556349186104045,0,1,2,0.0,0.5,0
A-2021-05-288,2021-05-31,15:55,CHOQUE,1,1,2,LAMBAYEQUE,CHICLAYO,REQUE,RURAL,CARRETERA,NACIONAL,PE-1N,-6.883133,-79.811744,DESPEJADO,RURAL,TRAMO RECTO,PLANA ,ASFALTADA,SI,REGULADORA (R),REGULADORA (R),SI,EN PROCESO DE INVESTIGACIÓN,NO CUENTA CON CAUSA ESPECIFICA,15.0,0,2021.0,5.0,0.0,0,2,1,0,0.0,0.0,0.0,0.0,0,0,37.666666666666664,19.347695814575268,0,2,3,0.0,0.667,0
A-2021-06-130,2021-06-01,02:00,DESPISTE,1,1,1,CUSCO,CUSCO,SAN SEBASTIAN,RURAL,AVENIDA,URBANO,NO CORRESPONDE,-13.5302766938174,-71.9100932272345,DESPEJADO,RURAL,CURVA,INCLINADA,ASFALTADA,,,,,IMPRUDENCIA DEL CONDUCTOR,CONDUCIR EN ESTADO DE EBRIEDAD Y/O DROGADICCIÓN,2.0,0,2021.0,6.0,1.0,0,0,2,1,1.0,1.0,0.0,2.0,0,0,39.5,0.7071067811865476,0,1,2,0.0,0.5,1
A-2021-06-270,2021-06-01,02:00,VOLCADURA,1,1,1,LAMBAYEQUE,LAMBAYEQUE,SALAS,RURAL,CARRETERA,DEPARTAMENTAL,LA-100,-6.065649,-79.426046,DESPEJADO,RURAL,TRAMO RECTO,PLANA ,TROCHA,,,,,EN PROCESO DE INVESTIGACIÓN,NO CUENTA CON CAUSA ESPECIFICA,2.0,0,2021.0,6.0,1.0,0,0,2,0,0.0,0.0,2.0,2.0,0,0,40.5,13.435028842544403,0,0,2,0.0,0.0,1
A-2021-06-25,2021-06-01,02:30,ATROPELLO,1,0,1,LA LIBERTAD,VIRU,GUADALUPITO,RURAL,CARRETERA,NACIONAL,PE-1N,-8.945029,-78.629661,DESPEJADO,RURAL,TRAMO RECTO,PLANA ,ASFALTADA,,,,,IMPRUDENCIA DEL PEATÓN,ESTADO DE EBRIEDAD Y/O DROGADICCIÓN,2.0,0,2021.0,6.0,1.0,0,0,2,0,0.0,0.0,0.0,0.0,0,0,37.5,14.849242404917497,0,1,2,0.0,0.5,1
A-2021-06-149,2021-06-01,05:00,DESPISTE,1,0,1,APURIMAC,ANDAHUAYLAS,KISHUARA,URBANA,JIRÓN,URBANO,NO CORRESPONDE,-13.690433,-73.11838,NUBLADO,RURAL,OTRO,INCLINADA,AFIRMADO,,,,,IMPRUDENCIA DEL CONDUCTOR,CONDUCIR EN ESTADO DE EBRIEDAD Y/O DROGADICCIÓN,5.0,0,2021.0,6.0,1.0,0,0,2,1,1.0,1.0,1.0,3.0,0,0,33.0,0.0,0,1,1,0.0,1.0,1
A-2021-06-100,2021-06-01,08:15,ATROPELLO,1,0,0,LIMA,LIMA,LOS OLIVOS,URBANA,AVENIDA,URBANO,NO CORRESPONDE,-11.954411,-77.076149,DESPEJADO,INDUSTRIAL,TRAMO RECTO,PLANA ,ASFALTADA,,,,,IMPRUDENCIA DEL CONDUCTOR,OTRO (IMPRUDENCIA DEL CONDUCTOR),8.0,0,2021.0,6.0,1.0,0,1,2,0,1.0,0.0,0.0,1.0,0,0,83.0,0.0,0,0,2,0.0,0.0,0
A-2021-06-217,2021-06-01,09:30,CHOQUE,1,1,2,CUSCO,ANTA,ANCAHUASI,URBANA,CARRETERA,NACIONAL,PE-3S,-13.45296,-72.3110282,DESPEJADO,RESIDENCIAL,TRAMO RECTO,PLANA ,ASFALTADA,SI,PREVENTIVA (P),PREVENTIVA (P),SI,IMPRUDENCIA DEL CONDUCTOR,EXCESO DE VELOCIDAD,9.0,0,2021.0,6.0,1.0,0,1,2,1,0.0,0.0,0.0,0.0,0,0,31.666666666666668,16.862186493255653,0,1,3,0.0,0.333,0
A-2021-06-101,2021-06-01,10:00,ATROPELLO,1,0,0,LIMA,LIMA,PUENTE PIEDRA,URBANA,CARRETERA,NACIONAL,PE-1N,-11.839958,-77.105521,SOLEADO,INDUSTRIAL,TRAMO RECTO,PLANA ,CONCRETO,,,,,IMPRUDENCIA DEL PEATÓN,OTRO (IMPRUDENCIA DEL PEATÓN),10.0,0,2021.0,6.0,1.0,0,1,2,0,0.0,0.0,0.0,0.0,0,0,27.0,1.4142135623730951,0,0,2,0.0,0.0,0
A-2021-06-218,2021-06-01,15:00,ATROPELLO,1,0,1,CUSCO,CANCHIS,MARANGANI,RURAL,CARRETERA,NACIONAL,PE-3S,-14.3699936,-71.15261,DESPEJADO,RURAL,TRAMO RECTO,PLANA ,ASFALTADA,NO,,,SI,IMPRUDENCIA DEL CONDUCTOR,EXCESO DE VELOCIDAD,15.0,0,2021.0,6.0,1.0,0,2,2,1,0.0,0.0,0.0,0.0,0,1,72.5,27.577164466275352,0,1,2,0.0,0.5,0
A-2021-06-58,2021-06-01,16:30,DESPISTE,1,3,1,LA LIBERTAD,PATAZ,PATAZ,RURAL,CARRETERA,DEPARTAMENTAL,LI-125,-7.699621,-77.641074,DESPEJADO,RURAL,CURVA,PLANA ,AFIRMADO,,,,,IMPRUDENCIA DEL CONDUCTOR,INVASIÓN DE CARRIL,16.0,0,2021.0,6.0,1.0,0,2,2,0,0.0,0.0,1.0,1.0,0,0,34.5,11.090536506409418,0,1,4,0.0,0.25,0
A-2021-06-120,2021-06-01,18:00,CHOQUE,2,3,2,JUNIN,JAUJA,JAUJA,RURAL,CARRETERA,NACIONAL,PE-3S,-11.7919703,-75.4637969,SOLEADO,RURAL,TRAMO RECTO,PLANA ,ASFALTADA,,,,,EN PROCESO DE INVESTIGACIÓN,NO CUENTA CON CAUSA ESPECIFICA,18.0,1,2021.0,6.0,1.0,0,3,2,1,0.0,0.0,0.0,0.0,0,0,45.0,37.242448899072144,0,1,6,0.0,0.167,1
A-2021-06-102,2021-06-01,21:30,CHOQUE,1,0,0,LIMA,LIMA,CHACLACAYO,URBANA,CARRETERA,NACIONAL,PE-22,-11.995138,-76.832106,DESPEJADO,INDUSTRIAL,TRAMO RECTO,PLANA ,CONCRETO,,,,,EN PROCESO DE INVESTIGACIÓN,NO CUENTA CON CAUSA ESPECIFICA,21.0,0,2021.0,6.0,1.0,0,3,2,0,0.0,0.0,0.0,0.0,0,0,44.0,9.899494936611665,0,0,2,0.0,0.0,1
A-2021-06-8,2021-06-01,21:45,CHOQUE,1,0,0,MADRE DE DIOS,TAMBOPATA,TAMBOPATA,URBANA,JIRÓN,URBANO,NO CORRESPONDE,-12.589831827560188,-69.18871916901787,,,,,,,,,,EN PROCESO DE INVESTIGACIÓN,NO CUENTA CON CAUSA ESPECIFICA,21.0,0,2021.0,6.0,1.0,0,3,2,2,1.0,1.0,1.0,3.0,0,0,47.0,8.48528137423857,0,0,2,0.0,0.0,1
A-2021-06-34,2021-06-02,14:25,ATROPELLO,1,0,1,PUNO,SANDIA,SANDIA,URBANA,JIRÓN,URBANO,NO CORRESPONDE,-14.326570467209285,-69.46594104727231,DESPEJADO,COMERCIAL,TRAMO RECTO,PLANA ,ASFALTADA,,,,,IMPRUDENCIA DEL PEATÓN,CRUCE INDEBIDO POR LA CALZADA,14.0,0,2021.0,6.0,2.0,0,2,2,1,1.0,0.0,0.0,1.0,0,0,59.0,45.254833995939045,0,1,2,0.0,0.5,0
A-2021-06-5,2021-06-02,17:30,CHOQUE,3,1,3,TACNA,TACNA,LA YARADA LOS PALOS,RURAL,CARRETERA,NACIONAL,PE-1S,-18.265441,-70.31958,DESPEJADO,RURAL,TRAMO RECTO,PLANA ,ASFALTADA,,,,,IMPRUDENCIA DEL CONDUCTOR,INVASIÓN DE CARRIL,17.0,2,2021.0,6.0,2.0,0,2,2,0,0.0,0.0,0.0,0.0,0,0,44.2,8.438009243891594,0,3,5,0.0,0.6,0
A-2021-06-22,2021-06-02,17:40,DESPISTE,1,0,0,TUMBES,TUMBES,CORRALES,RURAL,CARRETERA,NACIONAL,PE-1N,-3.609553141701579,-80.50655188567089,,,,,,,,,,EN PROCESO DE INVESTIGACIÓN,NO CUENTA CON CAUSA ESPECIFICA,17.0,0,2021.0,6.0,2.0,0,2,2,0,0.0,1.0,1.0,2.0,0,0,42.0,0.0,0,0,1,0.0,0.0,0
A-2021-06-59,2021-06-03,01:15,ATROPELLO FUGA,1,0,1,LA LIBERTAD,ASCOPE,PAIJAN,URBANA,CARRETERA,NACIONAL,PE-1N,-7.720955,-79.308816,DESPEJADO,COMERCIAL,TRAMO RECTO,PLANA ,ASFALTADA,,,,,IMPRUDENCIA DEL PEATÓN,CRUCE INDEBIDO POR LA CALZADA,1.0,0,2021.0,6.0,3.0,0,0,2,0,0.0,0.0,0.0,0.0,0,0,15.0,0.0,0,0,2,0.0,0.0,1
A-2021-06-77,2021-06-03,02:50,DESPISTE,1,8,1,LA LIBERTAD,SANCHEZ CARRION,CHUGAY,RURAL,CARRETERA,NACIONAL,PE-10C,-7.814912,-77.78488,DESPEJADO,RURAL,CURVA,PLANA ,AFIRMADO,,,,,EN PROCESO DE INVESTIGACIÓN,NO CUENTA CON CAUSA ESPECIFICA,2.0,0,2021.0,6.0,3.0,0,0,2,0,0.0,0.0,1.0,1.0,0,0,24.77777777777778,20.40697048668529,0,0,9,0.0,0.0,1
A-2021-06-293,2021-06-03,04:40,ATROPELLO FUGA,1,0,0,CALLAO,CALLAO,CARMEN DE LA LEGUA REYNOSO,URBANA,AVENIDA,URBANO,NO CORRESPONDE,-12.047462887228148,-77.0874816745895,,,,,,,,,,EN PROCESO DE INVESTIGACIÓN,NO CUENTA CON CAUSA ESPECIFICA,4.0,0,2021.0,6.0,3.0,0,0,2,0,1.0,1.0,1.0,3.0,0,0,44.0,0.0,0,0,2,0.0,0.0,1
A-2021-06-14,2021-06-03,05:20,CHOQUE,1,0,2,AREQUIPA,AREQUIPA,LA JOYA,RURAL,CARRETERA,NACIONAL,PE-1S,-16.652031,-71.871478,DESPEJADO,RURAL,TRAMO RECTO,PLANA ,ASFALTADA,NO,,,SI,EN PROCESO DE INVESTIGACIÓN,NO CUENTA CON CAUSA ESPECIFICA,5.0,0,2021.0,6.0,3.0,0,0,2,0,0.0,0.0,0.0,0.0,0,1,37.0,31.11269837220809,0,1,2,0.0,0.5,1
A-2021-06-11,2021-06-03,10:20,DESPISTE,2,0,1,CAJAMARCA,HUALGAYOC,HUALGAYOC,RURAL,CARRETERA,NACIONAL,PE-3N,-6.75591833,-78.59191,DESPEJADO,RURAL,CURVA,INCLINADA,ASFALTADA,NO,,,SI,IMPRUDENCIA DEL CONDUCTOR,INVASIÓN DE CARRIL,10.0,1,2021.0,6.0,3.0,0,1,2,1,0.0,1.0,0.0,1.0,0,1,15.0,21.213203435596427,0,0,2,0.0,0.0,0
A-2021-06-12,2021-06-03,11:15,CHOQUE,1,2,2,CUSCO,ANTA,ANTA,URBANA,CARRETERA,NACIONAL,PE-3S,-13.463903,-72.1505,DESPEJADO,RESIDENCIAL,TRAMO RECTO,PLANA ,ASFALTADA,,,,,IMPRUDENCIA DEL CONDUCTOR,NO DAR PASO PREFERENTE AL PEATÓN,11.0,0,2021.0,6.0,3.0,0,1,2,1,0.0,0.0,0.0,0.0,0,0,20.75,13.500000000000002,0,1,4,0.0,0.25,0