CODIGO_SINIESTRO,FECHA_SINIESTRO,HORA_SINIESTRO,CLASE_SINIESTRO,CANTIDAD_FALLECIDOS,CANTIDAD_LESIONADOS,CANTIDAD_VEHICULOS,DEPARTAMENTO,PROVINCIA,DISTRITO,ZONA,TIPO_VIA,RED_VIAL,COD_CARRETERA,LATITUD,LONGITUD,CONDICION_CLIMATICA,ZONIFICACION,CARACTERISTICAS_VIA,PERFIL_VIA,SUPERFICIE_CALZADA,EXISTE_SENIAL_VERTICAL,CLASIFICACION_SENIAL_VERTICAL_1,CLASIFICACION_SENIAL_VERTICAL_2,EXISTE_SENIAL_HORIZONTAL,CAUSA_FACTOR_PRINCIPAL,CAUSA_ESPECIFICA,HORA,severidad,ANIO,MES,DIA_SEMANA,FIN_SEMANA,FRANJA_HORARIA,TEMPORADA,MACROREGION,TIPO_VIA_SCORE,PERFIL_VIA_SCORE,SUPERFICIE_CALZADA_SCORE,RIESGO_INFRAESTRUCTURA,RIESGO_CLIMATICO,SENIALIZACION_DEFICIENTE,EDAD_PROMEDIO,EDAD_STD,TOTAL_ALCOHOL,TOTAL_LICENCIA,TOTAL_PERSONAS,PCT_ALCOHOL,PCT_LICENCIA,ES_NOCHE
A-2021-06-224,2021-06-11,00:05,DESPISTE,1,0,1,PUNO,SAN ROMAN,JULIACA,URBANA,JIRÓN,URBANO,NO CORRESPONDE,-15.499152,-70.125657,DESPEJADO,ESCOLAR,INTERSECCIÓN,PLANA ,CONCRETO,,,,,IMPRUDENCIA DEL CONDUCTOR,EXCESO DE VELOCIDAD,0.0,0,2021.0,6.0,4.0,0,0,2,1,1.0,0.0,0.0,1.0,0,0,28.0,0.0,1,0,1,1.0,0.0,1
A-2021-06-347,2021-06-11,04:30,CHOQUE,1,0,2,ANCASH,HUARMEY,HUARMEY,RURAL,CARRETERA,NACIONAL,PE-1N,-10.037025290858397,-78.16308242805525,DESPEJADO,RURAL,TRAMO RECTO,PLANA ,ASFALTADA,,,,,EN PROCESO DE INVESTIGACIÓN,NO CUENTA CON CAUSA ESPECIFICA,4.0,0,2021.0,6.0,4.0,0,0,2,0,0.0,0.0,0.0,0.0,0,0,29.666666666666668,11.547005383792515,0,2,3,0.0,0.667,1
A-2021-06-280,2021-06-11,06:15,CHOQUE,1,4,3,CAJAMARCA,JAEN,POMAHUACA,RURAL,CARRETERA,NACIONAL,PE-3N,-6.002936,-79.168209,NUBLADO,RURAL,TRAMO RECTO,PLANA ,ASFALTADA,,,,,EN PROCESO DE INVESTIGACIÓN,NO CUENTA CON CAUSA ESPECIFICA,6.0,0,2021.0,6.0,4.0,0,1,2,1,0.0,0.0,0.0,0.0,0,0,34.142857142857146,21.365303425792728,0,3,7,0.0,0.429,0
A-2021-06-74,2021-06-11,09:00,CHOQUE,1,0,0,LIMA,LIMA,SANTIAGO DE SURCO,URBANA,AVENIDA,URBANO,NO CORRESPONDE,-12.128939251337965,-76.98157574472145,DESPEJADO,INDUSTRIAL,TRAMO RECTO,PLANA ,CONCRETO,,,,,IMPRUDENCIA DEL CONDUCTOR,OTRO (IMPRUDENCIA DEL CONDUCTOR),9.0,0,2021.0,6.0,4.0,0,1,2,0,1.0,0.0,0.0,1.0,0,0,50.5,23.33452377915607,0,0,3,0.0,0.0,0
A-2021-06-220,2021-06-11,09:05,DESPISTE,2,0,1,AYACUCHO,HUANTA,SIVIA,RURAL,CARRETERA,PROVINCIAL,AY-518,-12.51799,-73.89203,DESPEJADO,RURAL,CURVA,INCLINADA,TROCHA,,,,,IMPRUDENCIA DEL CONDUCTOR,EXCESO DE VELOCIDAD,9.0,1,2021.0,6.0,4.0,0,1,2,1,0.0,1.0,2.0,3.0,0,0,48.0,11.313708498984761,0,1,2,0.0,0.5,0
A-2021-06-57,2021-06-11,15:20,CHOQUE,1,0,1,AREQUIPA,ISLAY,DEAN VALDIVIA,RURAL,CARRETERA,NACIONAL,PE-1SD,-17.126998,-71.88132,DESPEJADO,RURAL,TRAMO RECTO,PLANA ,ASFALTADA,NO,,,SI,EN PROCESO DE INVESTIGACIÓN,NO CUENTA CON CAUSA ESPECIFICA,15.0,0,2021.0,6.0,4.0,0,2,2,0,0.0,0.0,0.0,0.0,0,1,45.5,0.7071067811865476,0,2,2,0.0,1.0,0
A-2021-06-132,2021-06-11,20:00,CHOQUE,1,0,2,PUNO,SAN ROMAN,SAN MIGUEL,RURAL,CARRETERA,NACIONAL,PE-3S,-15.44113627531588,-70.14031827403376,DESPEJADO,RURAL,TRAMO RECTO,PLANA ,ASFALTADA,SI,INFORMATIVA (I),REGULADORA (R),NO,IMPRUDENCIA DEL CONDUCTOR,CONDUCIR EN ESTADO DE EBRIEDAD Y/O DROGADICCIÓN,20.0,0,2021.0,6.0,4.0,0,3,2,1,0.0,0.0,0.0,0.0,0,1,38.5,7.7781745930520225,1,1,2,0.5,0.5,1
A-2021-06-138,2021-06-12,00:25,CHOQUE CON OBJETO FIJO,1,0,1,PUNO,SAN ROMAN,JULIACA,URBANA,AVENIDA,URBANO,NO CORRESPONDE,-15.4854,-70.15334,DESPEJADO,COMERCIAL,INTERSECCIÓN,PLANA ,AFIRMADO,,,,,IMPRUDENCIA DEL CONDUCTOR,EXCESO DE VELOCIDAD,0.0,0,2021.0,6.0,5.0,1,0,2,1,1.0,0.0,1.0,2.0,0,0,27.0,0.0,0,0,1,0.0,0.0,1
A-2021-06-110,2021-06-12,04:50,CHOQUE,2,0,2,CAJAMARCA,CUTERVO,CHOROS,RURAL,CARRETERA,NACIONAL,PE-04C,-5.9653776,-78.84773207,DESPEJADO,RURAL,CURVA,INCLINADA,ASFALTADA,SI,PREVENTIVA (P),,SI,IMPRUDENCIA DEL CONDUCTOR,EXCESO DE VELOCIDAD,4.0,1,2021.0,6.0,5.0,1,0,2,1,0.0,1.0,0.0,1.0,0,0,29.0,14.422205101855956,0,1,3,0.0,0.333,1
A-2021-06-233,2021-06-12,07:39,CHOQUE,1,0,2,LA LIBERTAD,TRUJILLO,LAREDO,RURAL,CARRETERA,NACIONAL,PE-10A,-8.063745,-78.859234,DESPEJADO,RURAL,INTERSECCIÓN,PLANA ,AFIRMADO,,,,,IMPRUDENCIA DEL CONDUCTOR,GIRAR IMPRUDENTEMENTE,7.0,0,2021.0,6.0,5.0,1,1,2,0,0.0,0.0,1.0,1.0,0,0,34.333333333333336,13.316656236958787,0,2,3,0.0,0.667,0
A-2021-06-348,2021-06-12,16:00,DESPISTE,3,0,1,ANCASH,PALLASCA,PALLASCA,RURAL,CARRETERA,NACIONAL,PE-3N,-8.281153351406177,-77.9918369232945,DESPEJADO,RURAL,CURVA,INCLINADA,TROCHA,,,,,EN PROCESO DE INVESTIGACIÓN,NO CUENTA CON CAUSA ESPECIFICA,16.0,2,2021.0,6.0,5.0,1,2,2,0,0.0,1.0,2.0,3.0,0,0,41.0,7.810249675906654,0,0,3,0.0,0.0,0
A-2021-06-75,2021-06-12,16:00,DESPISTE,1,0,1,CAJAMARCA,HUALGAYOC,BAMBAMARCA,URBANA,CARRETERA,PROVINCIAL,CA-1177,-6.68773646,-78.52404445,NUBLADO,INDUSTRIAL,CURVA,INCLINADA,TROCHA,,,,,EN PROCESO DE INVESTIGACIÓN,NO CUENTA CON CAUSA ESPECIFICA,16.0,0,2021.0,6.0,5.0,1,2,2,1,0.0,1.0,2.0,3.0,0,0,9.0,0.0,0,0,1,0.0,0.0,0
A-2021-06-146,2021-06-12,17:00,CHOQUE FUGA,1,0,1,ICA,ICA,LA TINGUIÑA,URBANA,AVENIDA,URBANO,NO CORRESPONDE,-14.0346663,-75.7031269,DESPEJADO,RESIDENCIAL,INTERSECCIÓN,PLANA ,ASFALTADA,,,,,EN PROCESO DE INVESTIGACIÓN,NO CUENTA CON CAUSA ESPECIFICA,17.0,0,2021.0,6.0,5.0,1,2,2,0,1.0,0.0,0.0,1.0,0,0,51.0,0.0,0,0,2,0.0,0.0,0
A-2021-06-107,2021-06-12,18:40,ATROPELLO,1,0,1,AREQUIPA,AREQUIPA,CERRO COLORADO,URBANA,CARRETERA,NACIONAL,PE-34A,-16.3153818,-71.6065318,DESPEJADO,RESIDENCIAL,TRAMO RECTO,INCLINADA,ASFALTADA,NO,,,SI,EN PROCESO DE INVESTIGACIÓN,NO CUENTA CON CAUSA ESPECIFICA,18.0,0,2021.0,6.0,5.0,1,3,2,0,0.0,1.0,0.0,1.0,0,1,55.5,36.062445840513924,0,1,2,0.0,0.5,1
A-2021-06-158,2021-06-12,22:20,CHOQUE,1,0,2,LAMBAYEQUE,LAMBAYEQUE,LAMBAYEQUE,URBANA,CARRETERA,NACIONAL,PE-1N,-6.692028,-79.903736,DESPEJADO,INDUSTRIAL,TRAMO RECTO,PLANA ,ASFALTADA,,,,,EN PROCESO DE INVESTIGACIÓN,NO CUENTA CON CAUSA ESPECIFICA,22.0,0,2021.0,6.0,5.0,1,3,2,0,0.0,0.0,0.0,0.0,0,0,28.5,7.7781745930520225,0,2,2,0.0,1.0,1
A-2021-06-307,2021-06-12,22:30,ATROPELLO,1,0,0,LAMBAYEQUE,LAMBAYEQUE,TUCUME,URBANA,CARRETERA,NACIONAL,PE-1NJ,-6.4893174,-79.8574452,DESPEJADO,INDUSTRIAL,TRAMO RECTO,PLANA ,ASFALTADA,,,,,EN PROCESO DE INVESTIGACIÓN,NO CUENTA CON CAUSA ESPECIFICA,22.0,0,2021.0,6.0,5.0,1,3,2,0,0.0,0.0,0.0,0.0,0,0,42.333333333333336,3.511884584284245,0,1,3,0.0,0.333,1
A-2021-06-313,2021-06-12,23:30,ATROPELLO,1,1,1,PIURA,PIURA,PIURA,URBANA,AVENIDA,URBANO,NO CORRESPONDE,-5.182669,-80.631149,DESPEJADO,COMERCIAL,TRAMO RECTO,PLANA ,ASFALTADA,SI,REGULADORA (R),REGULADORA (R),SI,EN PROCESO DE INVESTIGACIÓN,NO CUENTA CON CAUSA ESPECIFICA,23.0,0,2021.0,6.0,5.0,1,3,2,0,1.0,0.0,0.0,1.0,0,0,49.0,28.284271247461902,0,1,2,0.0,0.5,1
A-2021-06-87,2021-06-13,03:00,DESPISTE,1,0,1,PIURA,PIURA,PIURA,RURAL,CARRETERA,NACIONAL,PE-1N,-5.046088,-80.70223,DESPEJADO,RURAL,TRAMO RECTO,PLANA ,ASFALTADA,,,,,EN PROCESO DE INVESTIGACIÓN,NO CUENTA CON CAUSA ESPECIFICA,3.0,0,2021.0,6.0,6.0,1,0,2,0,0.0,0.0,0.0,0.0,0,0,26.0,0.0,0,0,1,0.0,0.0,1
A-2021-06-84,2021-06-13,11:00,ATROPELLO FUGA,1,0,1,LA LIBERTAD,TRUJILLO,HUANCHACO,RURAL,CARRETERA,NACIONAL,PE-1N,-8.089253,-79.09689,DESPEJADO,RURAL,TRAMO RECTO,PLANA ,ASFALTADA,,,,,EN PROCESO DE INVESTIGACIÓN,NO CUENTA CON CAUSA ESPECIFICA,11.0,0,2021.0,6.0,6.0,1,1,2,0,0.0,0.0,0.0,0.0,0,0,76.0,0.0,0,0,2,0.0,0.0,0
A-2021-06-182,2021-06-13,16:00,CHOQUE,1,2,2,SAN MARTIN,RIOJA,NUEVA CAJAMARCA,URBANA,CARRETERA,NACIONAL,PE-5N,-5.919407,-77.318197,DESPEJADO,COMERCIAL,TRAMO RECTO,PLANA ,ASFALTADA,,,,,IMPRUDENCIA DEL CONDUCTOR,INVASIÓN DE CARRIL,16.0,0,2021.0,6.0,6.0,1,2,2,2,0.0,0.0,0.0,0.0,0,0,29.333333333333332,7.505553499465135,0,2,3,0.0,0.667,0
A-2021-06-171,2021-06-13,18:00,DESPISTE,1,0,1,PUNO,SAN ROMAN,JULIACA,RURAL,CARRETERA,PROVINCIAL,PU-971,-15.470276780585063,-70.25011717576817,DESPEJADO,RURAL,TRAMO RECTO,INCLINADA,TROCHA,,,,,IMPRUDENCIA DEL CONDUCTOR,CONDUCIR EN ESTADO DE EBRIEDAD Y/O DROGADICCIÓN,18.0,0,2021.0,6.0,6.0,1,3,2,1,0.0,1.0,2.0,3.0,0,0,45.0,0.0,1,0,1,1.0,0.0,1
A-2021-06-254,2021-06-13,18:30,CHOQUE FUGA,1,0,2,LIMA,HUARAL,CHANCAY,URBANA,CARRETERA,NACIONAL,PE-1N,-11.600641488817583,-77.2478833363662,DESPEJADO,RURAL,TRAMO RECTO,PLANA ,ASFALTADA,SI,REGULADORA (R),INFORMATIVA (I),NO,IMPRUDENCIA DEL CONDUCTOR,OTRO (IMPRUDENCIA DEL CONDUCTOR),18.0,0,2021.0,6.0,6.0,1,3,2,0,0.0,0.0,0.0,0.0,0,1,26.5,4.949747468305833,0,2,3,0.0,0.667,1
A-2021-06-335,2021-06-13,18:50,CHOQUE,1,0,2,LIMA,BARRANCA,PATIVILCA,RURAL,CARRETERA,NACIONAL,PE-1N,-10.696839077604036,-77.7831887438248,DESPEJADO,RURAL,TRAMO RECTO,PLANA ,ASFALTADA,,,,,IMPRUDENCIA DEL CONDUCTOR,EXCESO DE VELOCIDAD,18.0,0,2021.0,6.0,6.0,1,3,2,0,0.0,0.0,0.0,0.0,0,0,45.0,21.213203435596427,0,1,2,0.0,0.5,1
A-2021-06-281,2021-06-13,19:00,CHOQUE FUGA,1,0,1,CAJAMARCA,JAEN,JAEN,RURAL,CARRETERA,NACIONAL,PE-5N,-5.676544528004914,-78.77824641056534,NUBLADO,RURAL,TRAMO RECTO,PLANA ,ASFALTADA,,,,,EN PROCESO DE INVESTIGACIÓN,NO CUENTA CON CAUSA ESPECIFICA,19.0,0,2021.0,6.0,6.0,1,3,2,1,0.0,0.0,0.0,0.0,0,0,70.0,0.0,0,0,2,0.0,0.0,1
A-2021-06-282,2021-06-13,21:15,CHOQUE FUGA,1,0,2,LAMBAYEQUE,FERREÑAFE,PITIPO,RURAL,CARRETERA,DEPARTAMENTAL,LA-103,-6.480815578994556,-79.66632859822731,DESPEJADO,RURAL,TRAMO RECTO,PLANA ,ASFALTADA,,,,,EN PROCESO DE INVESTIGACIÓN,NO CUENTA CON CAUSA ESPECIFICA,21.0,0,2021.0,6.0,6.0,1,3,2,0,0.0,0.0,0.0,0.0,0,0,43.0,0.0,0,0,2,0.0,0.0,1
A-2021-06-187,2021-06-14,01:30,DESPISTE,2,5,1,HUANCAVELICA,TAYACAJA,PAZOS,RURAL,CARRETERA,PROVINCIAL,HV-561,-12.218205,-74.972588,DESPEJADO,RURAL,SINUOSA,INCLINADA,AFIRMADO,,,,,EN PROCESO DE INVESTIGACIÓN,NO CUENTA CON CAUSA ESPECIFICA,1.0,1,2021.0,6.0,0.0,0,0,2,1,0.0,1.0,1.0,2.0,0,0,23.428571428571427,10.721584815333083,0,0,7,0.0,0.0,1
A-2021-06-228,2021-06-14,05:00,ATROPELLO FUGA,1,0,0,PUNO,SAN ROMAN,JULIACA,RURAL,CARRETERA,NACIONAL,PE-34A,-15.540820543812828,-70.21040975838613,DESPEJADO,RURAL,TRAMO RECTO,PLANA ,ASFALTADA,,,,,IMPRUDENCIA DEL CONDUCTOR,EXCESO DE VELOCIDAD,5.0,0,2021.0,6.0,0.0,0,0,2,1,0.0,0.0,0.0,0.0,0,0,39.0,0.0,0,0,2,0.0,0.0,1
A-2021-06-73,2021-06-14,13:15,CHOQUE,1,1,0,AREQUIPA,AREQUIPA,VITOR,RURAL,CARRETERA,NACIONAL,PE-1S,-16.436571,-71.995343,,,,,,,,,,EN PROCESO DE INVESTIGACIÓN,NO CUENTA CON CAUSA ESPECIFICA,13.0,0,2021.0,6.0,0.0,0,2,2,0,0.0,1.0,1.0,2.0,0,0,37.333333333333336,14.047538337136986,0,1,3,0.0,0.333,0
A-2021-06-203,2021-06-14,14:50,ATROPELLO,1,0,1,SAN MARTIN,RIOJA,POSIC,URBANA,CARRETERA,DEPARTAMENTAL,SM-114,-6.014192,-77.166105,DESPEJADO,RESIDENCIAL,TRAMO RECTO,PLANA ,CONCRETO,,,,,IMPRUDENCIA DEL CONDUCTOR,NO DAR PASO PREFERENTE AL PEATÓN,14.0,0,2021.0,6.0,0.0,0,2,2,2,0.0,0.0,0.0,0.0,0,0,52.0,31.11269837220809,0,0,2,0.0,0.0,0
A-2021-06-255,2021-06-14,17:40,ATROPELLO,1,0,1,LIMA,HUAURA,SAYAN,RURAL,OTRO,URBANO,NO CORRESPONDE,-11.230432,-77.377681,DESPEJADO,RURAL,TRAMO RECTO,PLANA ,TROCHA,,,,,IMPRUDENCIA DEL CONDUCTOR,NO DAR PASO PREFERENTE AL PEATÓN,17.0,0,2021.0,6.0,0.0,0,2,2,0,2.0,0.0,2.0,4.0,0,0,65.5,19.091883092036785,0,0,2,0.0,0.0,0
A-2021-06-89,2021-06-14,20:30,ATROPELLO FUGA,1,0,0,CAJAMARCA,CAJAMARCA,CAJAMARCA,RURAL,CARRETERA,NACIONAL,PE-3N,-7.0983,-78.559943,DESPEJADO,RURAL,TRAMO RECTO,INCLINADA,ASFALTADA,SI,PREVENTIVA (P),,SI,EN PROCESO DE INVESTIGACIÓN,NO CUENTA CON CAUSA ESPECIFICA,20.0,0,2021.0,6.0,0.0,0,3,2,1,0.0,1.0,0.0,1.0,0,0,33.0,0.0,0,0,2,0.0,0.0,1
A-2021-06-268,2021-06-15,06:00,CHOQUE,1,1,2,PIURA,PIURA,LAS LOMAS,RURAL,CARRETERA,PROVINCIAL,PI-748,-4.679770326056327,-80.0868020487453,DESPEJADO,RURAL,CURVA,INCLINADA,TROCHA,,,,,EN PROCESO DE INVESTIGACIÓN,NO CUENTA CON CAUSA ESPECIFICA,6.0,0,2021.0,6.0,1.0,0,1,2,0,0.0,1.0,2.0,3.0,0,0,40.0,15.556349186104045,0,1,3,0.0,0.333,0
A-2021-06-116,2021-06-15,12:30,ATROPELLO,1,0,0,LIMA,LIMA,VILLA MARIA DEL TRIUNFO,URBANA,AVENIDA,URBANO,NO CORRESPONDE,-12.169581,-76.928672,DESPEJADO,INDUSTRIAL,TRAMO RECTO,PLANA ,ASFALTADA,,,,,IMPRUDENCIA DEL CONDUCTOR,EXCESO DE VELOCIDAD,12.0,0,2021.0,6.0,1.0,0,2,2,0,1.0,0.0,0.0,1.0,0,0,60.0,0.0,0,0,2,0.0,0.0,0
A-2021-06-161,2021-06-15,15:00,DESPISTE,1,0,1,TACNA,TACNA,PACHIA,RURAL,CARRETERA,NACIONAL,PE-40,-17.825808,-70.021437,DESPEJADO,RURAL,CURVA,INCLINADA,ASFALTADA,SI,PREVENTIVA (P),PREVENTIVA (P),NO,IMPRUDENCIA DEL CONDUCTOR,EXCESO DE VELOCIDAD,15.0,0,2021.0,6.0,1.0,0,2,2,0,0.0,1.0,0.0,1.0,0,1,31.0,0.0,0,1,1,0.0,1.0,0
A-2021-06-134,2021-06-15,18:45,CHOQUE,1,1,2,AREQUIPA,CAMANA,QUILCA,RURAL,CARRETERA,NACIONAL,PE-1SD,-16.666453065904008,-72.57973363860539,DESPEJADO,RURAL,SINUOSA,INCLINADA,ASFALTADA,SI,PREVENTIVA (P),PREVENTIVA (P),SI,IMPRUDENCIA DEL CONDUCTOR,EXCESO DE VELOCIDAD,18.0,0,2021.0,6.0,1.0,0,3,2,0,0.0,1.0,0.0,1.0,0,0,56.0,31.0,0,1,3,0.0,0.333,1
A-2021-06-129,2021-06-16,00:30,DESPISTE,1,1,1,CUSCO,ANTA,ZURITE,RURAL,CARRETERA,PROVINCIAL,CU-905,-13.462478,-72.248585,DESPEJADO,RURAL,TRAMO RECTO,PLANA ,ASFALTADA,,,,,NEGLIGENCIA DEL CONDUCTOR,OTRO (NEGLIGENCIA DEL CONDUCTOR),0.0,0,2021.0,6.0,2.0,0,0,2,1,0.0,0.0,0.0,0.0,0,0,26.5,2.1213203435596424,0,0,2,0.0,0.0,1
A-2021-06-141,2021-06-16,03:30,DESPISTE,2,1,1,HUANCAVELICA,HUANCAVELICA,HUANDO,RURAL,CARRETERA,NACIONAL,PE-26,-12.514322,-74.969003,DESPEJADO,RURAL,CURVA,PLANA ,ASFALTADA,SI,PREVENTIVA (P),,SI,EN PROCESO DE INVESTIGACIÓN,NO CUENTA CON CAUSA ESPECIFICA,3.0,1,2021.0,6.0,2.0,0,0,2,1,0.0,0.0,0.0,0.0,0,0,42.666666666666664,2.5166114784235836,0,1,3,0.0,0.333,1
A-2021-06-133,2021-06-16,05:15,ATROPELLO FUGA,1,0,1,CUSCO,ESPINAR,PALLPATA,URBANA,AVENIDA,URBANO,NO CORRESPONDE,-14.892449,-71.206354,DESPEJADO,RESIDENCIAL,TRAMO RECTO,PLANA ,ASFALTADA,,,,,IMPRUDENCIA DEL PEATÓN,ESTADO DE EBRIEDAD Y/O DROGADICCIÓN,5.0,0,2021.0,6.0,2.0,0,0,2,1,1.0,0.0,0.0,1.0,0,0,40.0,0.0,0,0,2,0.0,0.0,1
A-2021-06-119,2021-06-16,06:50,ATROPELLO,1,0,0,LIMA,HUAROCHIRI,CHICLA,URBANA,CARRETERA,NACIONAL,PE-22,-11.734287793443714,-76.260489446376,NUBLADO,INDUSTRIAL,TRAMO RECTO,PLANA ,CONCRETO,,,,,IMPRUDENCIA DEL PEATÓN,OTRO (IMPRUDENCIA DEL PEATÓN),6.0,0,2021.0,6.0,2.0,0,1,2,0,0.0,0.0,0.0,0.0,0,0,42.5,3.5355339059327378,0,0,2,0.0,0.0,0
A-2021-06-117,2021-06-16,08:00,DESPISTE,1,0,0,LIMA,LIMA,SAN MARTIN DE PORRES,URBANA,AVENIDA,URBANO,NO CORRESPONDE,-12.031643,-77.075594,DESPEJADO,INDUSTRIAL,TRAMO RECTO,PLANA ,ASFALTADA,,,,,EN PROCESO DE INVESTIGACIÓN,NO CUENTA CON CAUSA ESPECIFICA,8.0,0,2021.0,6.0,2.0,0,1,2,0,1.0,0.0,0.0,1.0,0,0,43.0,5.656854249492381,0,0,3,0.0,0.0,0
A-2021-06-284,2021-06-16,08:15,CHOQUE,1,0,2,LAMBAYEQUE,LAMBAYEQUE,MOTUPE,RURAL,CARRETERA,NACIONAL,PE-1NJ,-6.024251,-79.683434,DESPEJADO,RURAL,TRAMO RECTO,PLANA ,ASFALTADA,SI,INFORMATIVA (I),INFORMATIVA (I),NO,EN PROCESO DE INVESTIGACIÓN,NO CUENTA CON CAUSA ESPECIFICA,8.0,0,2021.0,6.0,2.0,0,1,2,0,0.0,0.0,0.0,0.0,0,1,45.5,0.7071067811865476,0,1,2,0.0,0.5,0
A-2021-06-135,2021-06-16,09:00,CHOQUE,1,1,2,AREQUIPA,CAMANA,SAMUEL PASTOR,RURAL,CARRETERA,NACIONAL,PE-1S,-16.64149615479502,-72.62531820964662,DESPEJADO,RURAL,CURVA,INCLINADA,ASFALTADA,SI,PREVENTIVA (P),PREVENTIVA (P),SI,IMPRUDENCIA DEL CONDUCTOR,INVASIÓN DE CARRIL,9.0,0,2021.0,6.0,2.0,0,1,2,0,0.0,1.0,0.0,1.0,0,0,53.333333333333336,14.224392195567912,0,2,3,0.0,0.667,0
A-2021-06-109,2021-06-16,14:00,ATROPELLO,1,0,1,AREQUIPA,AREQUIPA,TIABAYA,URBANA,OTRO,URBANO,NO CORRESPONDE,-16.4336445,-71.6064368,DESPEJADO,RURAL,TRAMO RECTO,PLANA ,TROCHA,,,,,EN PROCESO DE INVESTIGACIÓN,NO CUENTA CON CAUSA ESPECIFICA,14.0,0,2021.0,6.0,2.0,0,2,2,0,2.0,0.0,2.0,4.0,0,0,54.5,20.506096654409877,0,1,2,0.0,0.5,0
A-2021-06-126,2021-06-16,20:00,VOLCADURA,1,0,1,JUNIN,HUANCAYO,EL TAMBO,URBANA,CARRETERA,PROVINCIAL,JU-1047,-12.034909,-75.20063,SOLEADO,RESIDENCIAL,TRAMO RECTO,PLANA ,TROCHA,,,,,IMPRUDENCIA DEL CONDUCTOR,CONDUCIR EN ESTADO DE EBRIEDAD Y/O DROGADICCIÓN,20.0,0,2021.0,6.0,2.0,0,3,2,1,0.0,0.0,2.0,2.0,0,0,51.5,0.7071067811865476,2,0,2,1.0,0.0,1
A-2021-06-269,2021-06-17,05:00,ATROPELLO,1,0,1,PIURA,SULLANA,SULLANA,RURAL,CARRETERA,PROVINCIAL,PI-579,-4.866312452609063,-80.61768646737686,NUBLADO,RURAL,TRAMO RECTO,PLANA ,AFIRMADO,,,,,IMPRUDENCIA DEL CONDUCTOR,EXCESO DE VELOCIDAD,5.0,0,2021.0,6.0,3.0,0,0,2,0,0.0,0.0,1.0,1.0,0,0,50.5,30.405591591021544,0,0,2,0.0,0.0,1
A-2021-06-285,2021-06-17,05:30,DESPISTE,1,0,0,LAMBAYEQUE,CHICLAYO,OYOTUN,RURAL,CARRETERA,NACIONAL,PE-1NI,-6.862141175009053,-79.30387614648784,DESPEJADO,RURAL,TRAMO RECTO,PLANA ,ASFALTADA,SI,REGULADORA (R),REGULADORA (R),SI,EN PROCESO DE INVESTIGACIÓN,NO CUENTA CON CAUSA ESPECIFICA,5.0,0,2021.0,6.0,3.0,0,0,2,0,0.0,0.0,0.0,0.0,0,0,18.0,0.0,0,0,1,0.0,0.0,1
A-2021-06-298,2021-06-17,08:45,VOLCADURA,2,1,1,PUNO,SAN ROMAN,CABANILLAS,RURAL,CARRETERA,NACIONAL,PE-34A,-15.652198101772528,-70.35858040240547,DESPEJADO,RURAL,CURVA,PLANA ,ASFALTADA,NO,,,SI,IMPRUDENCIA DEL CONDUCTOR,EXCESO DE VELOCIDAD,8.0,1,2021.0,6.0,3.0,0,1,2,1,0.0,0.0,0.0,0.0,0,1,34.0,6.928203230275509,0,1,3,0.0,0.333,0
A-2021-06-118,2021-06-17,15:20,CHOQUE,1,0,2,PIURA,PIURA,VEINTISEIS DE OCTUBRE,URBANA,CARRETERA,NACIONAL,PE-1N,-5.172982,-80.681983,DESPEJADO,COMERCIAL,TRAMO RECTO,PLANA ,ASFALTADA,NO,,,SI,EN PROCESO DE INVESTIGACIÓN,NO CUENTA CON CAUSA ESPECIFICA,15.0,0,2021.0,6.0,3.0,0,2,2,0,0.0,0.0,0.0,0.0,0,1,37.5,21.920310216782973,0,1,2,0.0,0.5,0
A-2021-06-108,2021-06-18,03:30,DESPISTE,26,17,1,AYACUCHO,LUCANAS,LEONCIO PRADO,RURAL,CARRETERA,NACIONAL,PE-30A,-14.839697,-74.730312,NIEBLA,RURAL,SINUOSA,INCLINADA,ASFALTADA,SI,PREVENTIVA (P),INFORMATIVA (I),SI,INFRAESTRUCTURA Y ENTORNO VIAL,FACTOR AMBIENTAL,3.0,2,2021.0,6.0,4.0,0,0,2,1,0.0,1.0,0.0,1.0,0,0,38.53488372093023,9.878665895104946,0,1,43,0.0,0.023,1
A-2021-06-295,2021-06-18,12:30,ATROPELLO,1,0,1,JUNIN,JAUJA,CANCHAYLLO,RURAL,CARRETERA,NACIONAL,PE-3S,-11.768112,-75.708467,DESPEJADO,RURAL,TRAMO RECTO,PLANA ,ASFALTADA,SI,PREVENTIVA (P),PREVENTIVA (P),NO,IMPRUDENCIA DEL PEATÓN,ESTADO DE EBRIEDAD Y/O DROGADICCIÓN,12.0,0,2021.0,6.0,4.0,0,2,2,1,0.0,0.0,0.0,0.0,0,1,22.0,5.656854249492381,0,1,2,0.0,0.5,0
A-2021-06-205,2021-06-18,16:40,ATROPELLO,1,0,1,LAMBAYEQUE,LAMBAYEQUE,OLMOS,URBANA,CALLE,URBANO,NO CORRESPONDE,-5.991799,-79.747818,SOLEADO,RESIDENCIAL,TRAMO RECTO,PLANA ,CONCRETO,,,,,EN PROCESO DE INVESTIGACIÓN,NO CUENTA CON CAUSA ESPECIFICA,16.0,0,2021.0,6.0,4.0,0,2,2,0,2.0,0.0,0.0,2.0,0,0,16.0,21.213203435596427,0,1,2,0.0,0.5,0