CODIGO_SINIESTRO,FECHA_SINIESTRO,HORA_SINIESTRO,CLASE_SINIESTRO,CANTIDAD_FALLECIDOS,CANTIDAD_LESIONADOS,CANTIDAD_VEHICULOS,DEPARTAMENTO,PROVINCIA,DISTRITO,ZONA,TIPO_VIA,RED_VIAL,COD_CARRETERA,LATITUD,LONGITUD,CONDICION_CLIMATICA,ZONIFICACION,CARACTERISTICAS_VIA,PERFIL_VIA,SUPERFICIE_CALZADA,EXISTE_SENIAL_VERTICAL,CLASIFICACION_SENIAL_VERTICAL_1,CLASIFICACION_SENIAL_VERTICAL_2,EXISTE_SENIAL_HORIZONTAL,CAUSA_FACTOR_PRINCIPAL,CAUSA_ESPECIFICA,HORA,severidad,ANIO,MES,DIA_SEMANA,FIN_SEMANA,FRANJA_HORARIA,TEMPORADA,MACROREGION,TIPO_VIA_SCORE,PERFIL_VIA_SCORE,SUPERFICIE_CALZADA_SCORE,RIESGO_INFRAESTRUCTURA,RIESGO_CLIMATICO,SENIALIZACION_DEFICIENTE,EDAD_PROMEDIO,EDAD_STD,TOTAL_ALCOHOL,TOTAL_LICENCIA,TOTAL_PERSONAS,PCT_ALCOHOL,PCT_LICENCIA,ES_NOCHE
A-2021-06-354,2021-06-18,18:15,VOLCADURA,1,0,2,SAN MARTIN,EL DORADO,SAN JOSE DE SISA,RURAL,CARRETERA,DEPARTAMENTAL,SM-102,-6.61632,-76.69797,SOLEADO,RURAL,TRAMO RECTO,PLANA ,ASFALTADA,NO,,,SI,IMPRUDENCIA DEL CONDUCTOR,CONDUCIR EN ESTADO DE EBRIEDAD Y/O DROGADICCIÓN,18.0,0,2021.0,6.0,4.0,0,3,2,2,0.0,0.0,0.0,0.0,0,1,59.5,20.506096654409877,0,2,2,0.0,1.0,1
A-2021-06-235,2021-06-18,19:30,CHOQUE,1,0,2,LA LIBERTAD,TRUJILLO,HUANCHACO,RURAL,CARRETERA,NACIONAL,PE-1N,-7.992123,-79.075046,DESPEJADO,RURAL,TRAMO RECTO,PLANA ,ASFALTADA,,,,,EN PROCESO DE INVESTIGACIÓN,NO CUENTA CON CAUSA ESPECIFICA,19.0,0,2021.0,6.0,4.0,0,3,2,0,0.0,0.0,0.0,0.0,0,0,36.5,24.748737341529164,0,1,2,0.0,0.5,1
A-2021-06-140,2021-06-18,19:40,ATROPELLO,1,0,1,AREQUIPA,CAYLLOMA,MAJES,RURAL,CARRETERA,NACIONAL,PE-1S,-16.43124767221205,-72.30939473733457,DESPEJADO,RURAL,CURVA,PLANA ,ASFALTADA,NO,,,SI,EN PROCESO DE INVESTIGACIÓN,NO CUENTA CON CAUSA ESPECIFICA,19.0,0,2021.0,6.0,4.0,0,3,2,0,0.0,0.0,0.0,0.0,0,1,42.0,0.0,0,1,2,0.0,0.5,1
A-2021-06-143,2021-06-18,22:30,DESPISTE,1,0,1,PIURA,PIURA,CATACAOS,RURAL,CARRETERA,SIN CLASIFICAR,SIN CLASIFICAR,-5.219235,-80.666598,DESPEJADO,RURAL,TRAMO RECTO,PLANA ,ASFALTADA,SI,REGULADORA (R),REGULADORA (R),NO,IMPRUDENCIA DEL CONDUCTOR,EXCESO DE VELOCIDAD,22.0,0,2021.0,6.0,4.0,0,3,2,0,0.0,0.0,0.0,0.0,0,1,34.0,0.0,1,0,1,1.0,0.0,1
A-2021-06-256,2021-06-19,02:10,ATROPELLO,1,0,1,LIMA,HUARAL,CHANCAY,RURAL,CARRETERA,NACIONAL,PE-1N,-11.578115,-77.262181,DESPEJADO,RURAL,TRAMO RECTO,PLANA ,ASFALTADA,SI,PREVENTIVA (P),INFORMATIVA (I),NO,IMPRUDENCIA DEL PEATÓN,CRUCE INDEBIDO POR LA CALZADA,2.0,0,2021.0,6.0,5.0,1,0,2,0,0.0,0.0,0.0,0.0,0,1,38.5,2.1213203435596424,0,1,2,0.0,0.5,1
A-2021-06-208,2021-06-19,06:00,DESPISTE,1,0,1,APURIMAC,AYMARAES,COTARUSE,RURAL,CARRETERA,NACIONAL,PE-30A,-14.471905018115224,-73.23739505374836,DESPEJADO,RURAL,CURVA,INCLINADA,ASFALTADA,,,,,NEGLIGENCIA DEL CONDUCTOR,OTRO (NEGLIGENCIA DEL CONDUCTOR),6.0,0,2021.0,6.0,5.0,1,1,2,1,0.0,1.0,0.0,1.0,0,0,36.0,0.0,0,1,1,0.0,1.0,0
A-2021-06-128,2021-06-19,08:40,DESPISTE,4,3,1,CAJAMARCA,SAN MARCOS,ICHOCAN,RURAL,CARRETERA,NACIONAL,PE-3N,-7.36073167,-78.130325,DESPEJADO,RURAL,CURVA,INCLINADA,ASFALTADA,SI,PREVENTIVA (P),,SI,INFRAESTRUCTURA Y ENTORNO VIAL,OTRO (INFRAESTRUCTURA Y ENTORNO VIAL),8.0,2,2021.0,6.0,5.0,1,1,2,1,0.0,1.0,0.0,1.0,0,0,40.625,14.201986782539569,0,1,8,0.0,0.125,0
A-2021-06-191,2021-06-19,10:00,DESPISTE,3,3,1,AYACUCHO,HUAMANGA,ACOCRO,RURAL,CARRETERA,PROVINCIAL,AY-740,-13.218993,-74.044114,SOLEADO,RURAL,CURVA,INCLINADA,AFIRMADO,,,,,NEGLIGENCIA DEL CONDUCTOR,OTRO (NEGLIGENCIA DEL CONDUCTOR),10.0,2,2021.0,6.0,5.0,1,1,2,1,0.0,1.0,1.0,2.0,0,0,19.166666666666668,17.668238923748646,0,0,6,0.0,0.0,0
A-2021-06-243,2021-06-19,10:40,ATROPELLO,1,1,1,MOQUEGUA,ILO,ILO,URBANA,CALLE,URBANO,NO CORRESPONDE,-17.657897,-71.337566,DESPEJADO,RESIDENCIAL,TRAMO RECTO,INCLINADA,ASFALTADA,,,,,EN PROCESO DE INVESTIGACIÓN,NO CUENTA CON CAUSA ESPECIFICA,10.0,0,2021.0,6.0,5.0,1,1,2,0,2.0,1.0,0.0,3.0,0,0,49.5,23.33452377915607,0,0,2,0.0,0.0,0
A-2021-06-125,2021-06-19,12:50,CHOQUE,1,0,0,LIMA,LIMA,BARRANCO,URBANA,AVENIDA,URBANO,NO CORRESPONDE,-12.144939880924204,-77.0218308315467,DESPEJADO,INDUSTRIAL,TRAMO RECTO,PLANA ,ASFALTADA,,,,,IMPRUDENCIA DEL CONDUCTOR,OTRO (IMPRUDENCIA DEL CONDUCTOR),12.0,0,2021.0,6.0,5.0,1,2,2,0,1.0,0.0,0.0,1.0,0,0,46.5,31.81980515339464,0,0,2,0.0,0.0,0
A-2021-06-214,2021-06-19,14:10,CHOQUE,2,0,2,CUSCO,QUISPICANCHI,OCONGATE,URBANA,CARRETERA,NACIONAL,PE-30C,-13.6636006387845,-71.3408141570007,DESPEJADO,RESIDENCIAL,CURVA,PLANA ,ASFALTADA,SI,PREVENTIVA (P),PREVENTIVA (P),SI,IMPRUDENCIA DEL CONDUCTOR,EXCESO DE VELOCIDAD,14.0,1,2021.0,6.0,5.0,1,2,2,1,0.0,0.0,0.0,0.0,0,0,36.666666666666664,12.342339054382412,0,1,3,0.0,0.333,0
A-2021-06-172,2021-06-19,19:10,ATROPELLO,1,1,1,PIURA,PIURA,PIURA,URBANA,AVENIDA,URBANO,NO CORRESPONDE,-5.168928,-80.647644,DESPEJADO,RURAL,TRAMO RECTO,PLANA ,ASFALTADA,SI,PREVENTIVA (P),REGULADORA (R),SI,IMPRUDENCIA DEL CONDUCTOR,EXCESO DE VELOCIDAD,19.0,0,2021.0,6.0,5.0,1,3,2,0,1.0,0.0,0.0,1.0,0,0,60.5,36.062445840513924,1,1,2,0.5,0.5,1
A-2021-06-154,2021-06-19,22:00,DESPISTE,1,0,1,ANCASH,CARLOS FERMIN FITZCARRALD,SAN LUIS,RURAL,CARRETERA,NACIONAL,PE-14C,-9.090929980876298,-77.33650086310438,SOLEADO,RURAL,CURVA,PLANA ,AFIRMADO,,,,,IMPRUDENCIA DEL CONDUCTOR,FATIGA Y/O CANSANCIO,22.0,0,2021.0,6.0,5.0,1,3,2,0,0.0,0.0,1.0,1.0,0,0,32.0,0.0,0,1,1,0.0,1.0,1
A-2021-06-145,2021-06-19,23:30,ATROPELLO FUGA,1,0,0,CALLAO,CALLAO,CALLAO,URBANA,CARRETERA,NACIONAL,PE-20,-11.994543831713845,-77.1258039981221,DESPEJADO,COMERCIAL,TRAMO RECTO,PLANA ,ASFALTADA,,,,,IMPRUDENCIA DEL PEATÓN,ESTADO DE EBRIEDAD Y/O DROGADICCIÓN,23.0,0,2021.0,6.0,5.0,1,3,2,0,0.0,0.0,0.0,0.0,0,0,50.0,0.0,0,0,2,0.0,0.0,1
A-2021-06-193,2021-06-20,02:20,ATROPELLO,1,0,2,HUANCAVELICA,HUAYTARA,PILPICHACA,RURAL,CARRETERA,NACIONAL,PE-28A,-13.454586,-75.019227,DESPEJADO,RURAL,TRAMO RECTO,PLANA ,ASFALTADA,SI,PREVENTIVA (P),INFORMATIVA (I),SI,EN PROCESO DE INVESTIGACIÓN,NO CUENTA CON CAUSA ESPECIFICA,2.0,0,2021.0,6.0,6.0,1,0,2,1,0.0,0.0,0.0,0.0,0,0,27.5,6.363961030678928,0,1,3,0.0,0.333,1
A-2021-06-136,2021-06-20,10:00,DESPISTE,1,0,1,AREQUIPA,CAMANA,NICOLAS DE PIEROLA,RURAL,CARRETERA,PROVINCIAL,AR-548,-16.472612701793096,-72.55490712914008,DESPEJADO,RURAL,CURVA,INCLINADA,AFIRMADO,,,,,IMPRUDENCIA DEL CONDUCTOR,EXCESO DE VELOCIDAD,10.0,0,2021.0,6.0,6.0,1,1,2,0,0.0,1.0,1.0,2.0,0,0,26.0,0.0,0,1,2,0.0,0.5,0
A-2021-06-349,2021-06-20,11:50,CHOQUE,1,0,1,ANCASH,SANTA,SAMANCO,RURAL,CARRETERA,NACIONAL,PE-1N,-9.27756941674308,-78.41736935898118,DESPEJADO,RURAL,TRAMO RECTO,PLANA ,ASFALTADA,,,,,EN PROCESO DE INVESTIGACIÓN,NO CUENTA CON CAUSA ESPECIFICA,11.0,0,2021.0,6.0,6.0,1,1,2,0,0.0,0.0,0.0,0.0,0,0,42.5,7.7781745930520225,1,1,2,0.5,0.5,0
A-2021-06-210,2021-06-20,13:00,CHOQUE,1,0,2,PUNO,SAN ROMAN,CARACOTO,RURAL,CARRETERA,DEPARTAMENTAL,PU-120,-15.522839,-70.078009,SOLEADO,RURAL,TRAMO RECTO,PLANA ,ASFALTADA,,,,,IMPRUDENCIA DEL CONDUCTOR,EXCESO DE VELOCIDAD,13.0,0,2021.0,6.0,6.0,1,2,2,1,0.0,0.0,0.0,0.0,0,0,56.0,25.45584412271571,0,1,2,0.0,0.5,0
A-2021-06-142,2021-06-20,15:50,DESPISTE,1,0,1,AREQUIPA,CAYLLOMA,MAJES,,CARRETERA,PROVINCIAL,AR-737,-16.347506,-72.282885,DESPEJADO,RURAL,OTRO,PLANA ,ASFALTADA,NO,,,SI,EN PROCESO DE INVESTIGACIÓN,NO CUENTA CON CAUSA ESPECIFICA,15.0,0,2021.0,6.0,6.0,1,2,2,0,0.0,0.0,0.0,0.0,0,1,30.0,0.0,0,0,1,0.0,0.0,0
A-2021-06-357,2021-06-20,16:00,CHOQUE,1,0,0,SAN MARTIN,SAN MARTIN,MORALES,URBANA,JIRÓN,URBANO,NO CORRESPONDE,-6.4795,-76.38282,DESPEJADO,COMERCIAL,TRAMO RECTO,INCLINADA,ASFALTADA,SI,PREVENTIVA (P),,SI,IMPRUDENCIA DEL CONDUCTOR,CONDUCIR EN SENTIDO CONTRARIO,16.0,0,2021.0,6.0,6.0,1,2,2,2,1.0,1.0,0.0,2.0,0,0,40.666666666666664,15.044378795195676,1,2,3,0.333,0.667,0
A-2021-06-209,2021-06-20,18:45,ATROPELLO,1,0,1,JUNIN,CONCEPCION,CONCEPCION,URBANA,CARRETERA,NACIONAL,PE-3S,-11.903968,-75.333544,SOLEADO,RURAL,TRAMO RECTO,PLANA ,ASFALTADA,,,,,IMPRUDENCIA DEL PEATÓN,CRUCE INDEBIDO POR LA CALZADA,18.0,0,2021.0,6.0,6.0,1,3,2,1,0.0,0.0,0.0,0.0,0,0,28.0,2.8284271247461903,0,1,2,0.0,0.5,1
A-2021-06-328,2021-06-20,18:50,ATROPELLO FUGA,1,0,1,JUNIN,JAUJA,ACOLLA,URBANA,CARRETERA,NACIONAL,PE-3SA,-11.6927491,-75.5640005,DESPEJADO,COMERCIAL,TRAMO RECTO,PLANA ,ASFALTADA,,,,,IMPRUDENCIA DEL PEATÓN,ESTADO DE EBRIEDAD Y/O DROGADICCIÓN,18.0,0,2021.0,6.0,6.0,1,3,2,1,0.0,0.0,0.0,0.0,0,0,48.0,0.0,0,0,2,0.0,0.0,1
A-2021-06-286,2021-06-20,19:20,CHOQUE,1,2,2,LAMBAYEQUE,LAMBAYEQUE,JAYANCA,RURAL,CARRETERA,NACIONAL,PE-1NJ,-6.4166449,-79.8325378,DESPEJADO,RURAL,TRAMO RECTO,PLANA ,ASFALTADA,,,,,EN PROCESO DE INVESTIGACIÓN,NO CUENTA CON CAUSA ESPECIFICA,19.0,0,2021.0,6.0,6.0,1,3,2,0,0.0,0.0,0.0,0.0,0,0,38.0,3.4641016151377544,0,1,3,0.0,0.333,1
A-2021-06-237,2021-06-20,20:10,ATROPELLO FUGA,1,0,1,LA LIBERTAD,TRUJILLO,HUANCHACO,RURAL,CARRETERA,NACIONAL,PE-1N,-8.042738,-79.084645,DESPEJADO,RURAL,TRAMO RECTO,PLANA ,ASFALTADA,,,,,EN PROCESO DE INVESTIGACIÓN,NO CUENTA CON CAUSA ESPECIFICA,20.0,0,2021.0,6.0,6.0,1,3,2,0,0.0,0.0,0.0,0.0,0,0,46.0,0.0,0,0,2,0.0,0.0,1
A-2021-06-308,2021-06-20,23:30,CHOQUE,1,1,2,CAJAMARCA,JAEN,BELLAVISTA,URBANA,CARRETERA,PROVINCIAL,CA-744,-5.665668,-78.680329,DESPEJADO,RESIDENCIAL,INTERSECCIÓN,PLANA ,CONCRETO,,,,,EN PROCESO DE INVESTIGACIÓN,NO CUENTA CON CAUSA ESPECIFICA,23.0,0,2021.0,6.0,6.0,1,3,2,1,0.0,0.0,0.0,0.0,0,0,43.0,18.384776310850235,0,1,2,0.0,0.5,1
A-2021-06-320,2021-06-21,05:00,CHOQUE,1,0,1,PIURA,PIURA,TAMBO GRANDE,RURAL,CARRETERA,PROVINCIAL,PI-984,-4.984016797586359,-80.61351827767209,DESPEJADO,RURAL,TRAMO RECTO,PLANA ,TROCHA,,,,,EN PROCESO DE INVESTIGACIÓN,NO CUENTA CON CAUSA ESPECIFICA,5.0,0,2021.0,6.0,0.0,0,0,2,0,0.0,0.0,2.0,2.0,0,0,30.0,16.97056274847714,0,1,2,0.0,0.5,1
A-2021-06-245,2021-06-21,05:50,ATROPELLO FUGA,1,0,0,LIMA,LIMA,LURIN,URBANA,CARRETERA,NACIONAL,PE-1S,-12.25263,-76.92798,DESPEJADO,INDUSTRIAL,TRAMO RECTO,PLANA ,ASFALTADA,,,,,EN PROCESO DE INVESTIGACIÓN,NO CUENTA CON CAUSA ESPECIFICA,5.0,0,2021.0,6.0,0.0,0,0,2,0,0.0,0.0,0.0,0.0,0,0,63.0,0.0,0,0,2,0.0,0.0,1
A-2021-06-315,2021-06-21,06:00,CHOQUE,1,0,2,CUSCO,ANTA,ZURITE,RURAL,CARRETERA,NACIONAL,PE-3S,-13.489164,-72.240726,DESPEJADO,RURAL,TRAMO RECTO,PLANA ,ASFALTADA,,,,,IMPRUDENCIA DEL CONDUCTOR,INVASIÓN DE CARRIL,6.0,0,2021.0,6.0,0.0,0,1,2,1,0.0,0.0,0.0,0.0,0,0,30.0,14.142135623730951,0,0,2,0.0,0.0,0
A-2021-06-306,2021-06-21,08:10,CHOQUE,1,0,2,LAMBAYEQUE,CHICLAYO,LA VICTORIA,RURAL,CARRETERA,NACIONAL,PE-1N,-6.813826,-79.829436,SOLEADO,RURAL,TRAMO RECTO,PLANA ,ASFALTADA,,,,,EN PROCESO DE INVESTIGACIÓN,NO CUENTA CON CAUSA ESPECIFICA,8.0,0,2021.0,6.0,0.0,0,1,2,0,0.0,0.0,0.0,0.0,0,0,40.0,21.213203435596427,0,0,2,0.0,0.0,0
A-2021-06-155,2021-06-21,11:00,DESPISTE,1,2,1,ANCASH,HUARAZ,PIRA,RURAL,CARRETERA,NACIONAL,PE-14,-9.559358645745403,-77.70584727008071,DESPEJADO,RURAL,CURVA,INCLINADA,ASFALTADA,SI,REGULADORA (R),,SI,IMPRUDENCIA DEL CONDUCTOR,EXCESO DE VELOCIDAD,11.0,0,2021.0,6.0,0.0,0,1,2,0,0.0,1.0,0.0,1.0,0,0,33.75,13.841363131329707,1,1,4,0.25,0.25,0
A-2021-06-246,2021-06-21,12:20,ATROPELLO,1,0,0,LIMA,LIMA,ATE,URBANA,AVENIDA,URBANO,NO CORRESPONDE,-12.014492,-76.819179,DESPEJADO,RESIDENCIAL,TRAMO RECTO,PLANA ,ASFALTADA,,,,,IMPRUDENCIA DEL CONDUCTOR,OTRO (IMPRUDENCIA DEL CONDUCTOR),12.0,0,2021.0,6.0,0.0,0,2,2,0,1.0,0.0,0.0,1.0,0,0,0.0,0.0,0,0,2,0.0,0.0,0
A-2021-06-156,2021-06-21,13:40,CHOQUE,1,2,2,CAJAMARCA,SAN PABLO,SAN PABLO,RURAL,CARRETERA,PROVINCIAL,CA-1277,-7.09682997,-78.822862,SOLEADO,RURAL,CURVA,INCLINADA,ASFALTADA,SI,REGULADORA (R),,SI,IMPRUDENCIA DEL CONDUCTOR,INVASIÓN DE CARRIL,13.0,0,2021.0,6.0,0.0,0,2,2,1,0.0,1.0,0.0,1.0,0,0,30.0,21.740898478827106,0,1,4,0.0,0.25,0
A-2021-06-247,2021-06-21,13:45,CHOQUE,1,2,0,LIMA,LIMA,VILLA EL SALVADOR,RURAL,AVENIDA,URBANO,NO CORRESPONDE,-12.24393,-76.92189,DESPEJADO,COMERCIAL,TRAMO RECTO,PLANA ,ASFALTADA,,,,,EN PROCESO DE INVESTIGACIÓN,NO CUENTA CON CAUSA ESPECIFICA,13.0,0,2021.0,6.0,0.0,0,2,2,0,1.0,0.0,0.0,1.0,0,0,35.0,33.18132004607411,0,0,4,0.0,0.0,0
A-2021-06-147,2021-06-21,19:00,ATROPELLO,1,0,1,ICA,ICA,SANTIAGO,URBANA,CARRETERA,NACIONAL,PE-1S,-14.294216,-75.678891,DESPEJADO,COMERCIAL,TRAMO RECTO,PLANA ,ASFALTADA,SI,REGULADORA (R),PREVENTIVA (P),SI,IMPRUDENCIA DEL CONDUCTOR,EXCESO DE VELOCIDAD,19.0,0,2021.0,6.0,0.0,0,3,2,0,0.0,0.0,0.0,0.0,0,0,53.5,19.091883092036785,0,1,2,0.0,0.5,1
A-2021-06-249,2021-06-21,22:50,CHOQUE,1,0,0,LIMA,LIMA,LURIGANCHO,URBANA,CARRETERA,NACIONAL,PE-22,-11.921471,-76.676499,DESPEJADO,COMERCIAL,TRAMO RECTO,PLANA ,CONCRETO,,,,,IMPRUDENCIA DEL CONDUCTOR,EXCESO DE VELOCIDAD,22.0,0,2021.0,6.0,0.0,0,3,2,0,0.0,0.0,0.0,0.0,0,0,40.5,19.091883092036785,0,0,2,0.0,0.0,1
A-2021-06-248,2021-06-22,02:30,ATROPELLO FUGA,1,0,0,LIMA,LIMA,INDEPENDENCIA,URBANA,CARRETERA,NACIONAL,PE-1N,-11.988199,-77.0645344,DESPEJADO,RESIDENCIAL,TRAMO RECTO,PLANA ,ASFALTADA,,,,,EN PROCESO DE INVESTIGACIÓN,NO CUENTA CON CAUSA ESPECIFICA,2.0,0,2021.0,6.0,1.0,0,0,2,0,0.0,0.0,0.0,0.0,0,0,0.0,0.0,0,0,2,0.0,0.0,1
A-2021-06-148,2021-06-22,06:40,CHOQUE,1,5,2,ICA,ICA,SALAS,RURAL,CARRETERA,NACIONAL,PE-1S,-13.960023,-75.784643,DESPEJADO,INDUSTRIAL,TRAMO RECTO,PLANA ,ASFALTADA,,,,,IMPRUDENCIA DEL CONDUCTOR,GIRAR IMPRUDENTEMENTE,6.0,0,2021.0,6.0,1.0,0,1,2,0,0.0,0.0,0.0,0.0,0,0,25.142857142857142,16.945290116809957,0,2,7,0.0,0.286,0
A-2021-06-287,2021-06-22,08:05,CHOQUE,1,0,2,LAMBAYEQUE,LAMBAYEQUE,JAYANCA,RURAL,CARRETERA,NACIONAL,PE-1NJ,-6.379078,-79.8114,NUBLADO,RURAL,TRAMO RECTO,PLANA ,ASFALTADA,,,,,EN PROCESO DE INVESTIGACIÓN,NO CUENTA CON CAUSA ESPECIFICA,8.0,0,2021.0,6.0,1.0,0,1,2,0,0.0,0.0,0.0,0.0,0,0,55.0,5.656854249492381,0,2,2,0.0,1.0,0
A-2021-06-300,2021-06-22,10:50,DESPISTE,1,1,1,PUNO,LAMPA,PUCARA,RURAL,CARRETERA,NACIONAL,PE-3S,-15.0972742,-70.3563098,DESPEJADO,RURAL,TRAMO RECTO,PLANA ,ASFALTADA,,,,,NEGLIGENCIA DEL CONDUCTOR,CONDUCIR CON FALLAS DE NEUMÁTICOS,10.0,0,2021.0,6.0,1.0,0,1,2,1,0.0,0.0,0.0,0.0,0,0,26.5,14.849242404917497,0,0,2,0.0,0.0,0
A-2021-06-319,2021-06-22,12:00,DESPISTE,1,0,1,PIURA,AYABACA,SUYO,RURAL,CARRETERA,NACIONAL,PE-1NL,-4.576617439173308,-80.18218691777935,DESPEJADO,RURAL,TRAMO RECTO,INCLINADA,ASFALTADA,,,,,EN PROCESO DE INVESTIGACIÓN,NO CUENTA CON CAUSA ESPECIFICA,12.0,0,2021.0,6.0,1.0,0,2,2,0,0.0,1.0,0.0,1.0,0,0,25.0,0.0,0,0,1,0.0,0.0,0
A-2021-06-250,2021-06-22,13:35,CHOQUE,1,0,0,LIMA,LIMA,LOS OLIVOS,URBANA,AVENIDA,URBANO,NO CORRESPONDE,-11.99179,-77.07511,DESPEJADO,COMERCIAL,TRAMO RECTO,PLANA ,ASFALTADA,,,,,EN PROCESO DE INVESTIGACIÓN,NO CUENTA CON CAUSA ESPECIFICA,13.0,0,2021.0,6.0,1.0,0,2,2,0,1.0,0.0,0.0,1.0,0,0,0.0,0.0,0,0,2,0.0,0.0,0
A-2021-06-232,2021-06-22,15:55,CHOQUE,1,1,2,PUNO,CARABAYA,SAN GABAN,RURAL,CARRETERA,NACIONAL,PE-34B,-13.433582290622404,-70.32961247842753,LLUVIOSO,RURAL,TRAMO RECTO,PLANA ,ASFALTADA,SI,INFORMATIVA (I),,NO,IMPRUDENCIA DEL CONDUCTOR,EXCESO DE VELOCIDAD,15.0,0,2021.0,6.0,1.0,0,2,2,1,0.0,0.0,0.0,0.0,1,1,43.333333333333336,11.676186592091332,0,1,3,0.0,0.333,0
A-2021-06-163,2021-06-22,18:00,CHOQUE,1,0,0,PUNO,PUNO,VILQUE,RURAL,CARRETERA,DEPARTAMENTAL,PU-122,-15.7820572,-70.22156406,DESPEJADO,RURAL,TRAMO RECTO,PLANA ,ASFALTADA,,,,,IMPRUDENCIA DEL CONDUCTOR,INVASIÓN DE CARRIL,18.0,0,2021.0,6.0,1.0,0,3,2,1,0.0,0.0,0.0,0.0,0,0,31.0,12.727922061357855,0,2,2,0.0,1.0,1
A-2021-06-251,2021-06-22,21:30,ATROPELLO,1,0,0,LIMA,LIMA,LURIN,URBANA,AVENIDA,URBANO,NO CORRESPONDE,-12.25702,-76.88783,DESPEJADO,COMERCIAL,TRAMO RECTO,PLANA ,ASFALTADA,,,,,EN PROCESO DE INVESTIGACIÓN,NO CUENTA CON CAUSA ESPECIFICA,21.0,0,2021.0,6.0,1.0,0,3,2,0,1.0,0.0,0.0,1.0,0,0,36.5,13.435028842544403,0,0,2,0.0,0.0,1
A-2021-06-215,2021-06-22,23:10,CHOQUE,1,4,2,AYACUCHO,HUAMANGA,OCROS,RURAL,CARRETERA,NACIONAL,PE-3S,-13.40222,-73.904601,DESPEJADO,RURAL,OTRO,PLANA ,ASFALTADA,SI,PREVENTIVA (P),PREVENTIVA (P),SI,IMPRUDENCIA DEL CONDUCTOR,EXCESO DE VELOCIDAD,23.0,0,2021.0,6.0,1.0,0,3,2,1,0.0,0.0,0.0,0.0,0,0,32.166666666666664,7.782458908768274,0,2,6,0.0,0.333,1
A-2021-06-252,2021-06-23,00:50,DESPISTE,1,1,0,LIMA,LIMA,LOS OLIVOS,URBANA,AVENIDA,URBANO,NO CORRESPONDE,-11.986489,-77.072359,DESPEJADO,INDUSTRIAL,TRAMO RECTO,PLANA ,ASFALTADA,,,,,EN PROCESO DE INVESTIGACIÓN,NO CUENTA CON CAUSA ESPECIFICA,0.0,0,2021.0,6.0,2.0,0,0,2,0,1.0,0.0,0.0,1.0,0,0,0.0,0.0,0,0,2,0.0,0.0,1
A-2021-06-162,2021-06-23,07:30,CHOQUE,1,0,3,TUMBES,TUMBES,CORRALES,RURAL,CARRETERA,NACIONAL,PE-1N,-3.5857820643741536,-80.47399562260193,DESPEJADO,RURAL,TRAMO RECTO,PLANA ,ASFALTADA,,,,,NEGLIGENCIA DEL CONDUCTOR,CONDUCIR CON FALLAS DE CARROCERÍA,7.0,0,2021.0,6.0,2.0,0,1,2,0,0.0,0.0,0.0,0.0,0,0,70.0,1.4142135623730951,0,1,2,0.0,0.5,0
A-2021-06-258,2021-06-23,14:30,ATROPELLO FUGA,1,0,0,LIMA,LIMA,ATE,URBANA,AVENIDA,URBANO,NO CORRESPONDE,-12.0251552,-76.9204075,DESPEJADO,COMERCIAL,TRAMO RECTO,PLANA ,ASFALTADA,,,,,IMPRUDENCIA DEL CONDUCTOR,CONDUCIR EN ESTADO DE EBRIEDAD Y/O DROGADICCIÓN,14.0,0,2021.0,6.0,2.0,0,2,2,0,1.0,0.0,0.0,1.0,0,0,41.0,0.0,0,0,2,0.0,0.0,0
A-2021-06-257,2021-06-23,15:40,ATROPELLO FUGA,1,0,0,LIMA,LIMA,LIMA,URBANA,AVENIDA,URBANO,NO CORRESPONDE,-12.060343,-77.0083172,DESPEJADO,COMERCIAL,TRAMO RECTO,PLANA ,CONCRETO,,,,,EN PROCESO DE INVESTIGACIÓN,NO CUENTA CON CAUSA ESPECIFICA,15.0,0,2021.0,6.0,2.0,0,2,2,0,1.0,0.0,0.0,1.0,0,0,0.0,0.0,0,0,2,0.0,0.0,0
A-2021-06-324,2021-06-23,17:00,CHOQUE,1,1,2,LAMBAYEQUE,LAMBAYEQUE,LAMBAYEQUE,,CARRETERA,NACIONAL,PE-1N,-6.6813219,-79.9039121,DESPEJADO,INDUSTRIAL,ÓVALO,PLANA ,ASFALTADA,SI,INFORMATIVA (I),REGULADORA (R),NO,EN PROCESO DE INVESTIGACIÓN,NO CUENTA CON CAUSA ESPECIFICA,17.0,0,2021.0,6.0,2.0,0,2,2,0,0.0,0.0,0.0,0.0,0,1,35.333333333333336,8.621678104251709,0,2,3,0.0,0.667,0
A-2021-06-231,2021-06-23,18:00,DESPISTE,1,0,1,ANCASH,RECUAY,COTAPARACO,RURAL,CARRETERA,PROVINCIAL,AN-1229,-9.968398244619364,-77.52915705967843,DESPEJADO,RURAL,CURVA,INCLINADA,TROCHA,,,,,IMPRUDENCIA DEL CONDUCTOR,FATIGA Y/O CANSANCIO,18.0,0,2021.0,6.0,2.0,0,3,2,0,0.0,1.0,2.0,3.0,0,0,53.0,0.0,0,1,1,0.0,1.0,1