CODIGO_SINIESTRO,FECHA_SINIESTRO,HORA_SINIESTRO,CLASE_SINIESTRO,CANTIDAD_FALLECIDOS,CANTIDAD_LESIONADOS,CANTIDAD_VEHICULOS,DEPARTAMENTO,PROVINCIA,DISTRITO,ZONA,TIPO_VIA,RED_VIAL,COD_CARRETERA,LATITUD,LONGITUD,CONDICION_CLIMATICA,ZONIFICACION,CARACTERISTICAS_VIA,PERFIL_VIA,SUPERFICIE_CALZADA,EXISTE_SENIAL_VERTICAL,CLASIFICACION_SENIAL_VERTICAL_1,CLASIFICACION_SENIAL_VERTICAL_2,EXISTE_SENIAL_HORIZONTAL,CAUSA_FACTOR_PRINCIPAL,CAUSA_ESPECIFICA,HORA,severidad,ANIO,MES,DIA_SEMANA,FIN_SEMANA,FRANJA_HORARIA,TEMPORADA,MACROREGION,TIPO_VIA_SCORE,PERFIL_VIA_SCORE,SUPERFICIE_CALZADA_SCORE,RIESGO_INFRAESTRUCTURA,RIESGO_CLIMATICO,SENIALIZACION_DEFICIENTE,EDAD_PROMEDIO,EDAD_STD,TOTAL_ALCOHOL,TOTAL_LICENCIA,TOTAL_PERSONAS,PCT_ALCOHOL,PCT_LICENCIA,ES_NOCHE
A-2021-06-309,2021-06-23,18:00,ATROPELLO,1,0,2,JUNIN,JAUJA,MUQUI,URBANA,CARRETERA,NACIONAL,PE-3SB,-11.82927446,-75.44316147,DESPEJADO,RURAL,OTRO,PLANA ,ASFALTADA,,,,,IMPRUDENCIA DEL CONDUCTOR,EXCESO DE VELOCIDAD,18.0,0,2021.0,6.0,2.0,0,3,2,1,0.0,0.0,0.0,0.0,0,0,34.0,1.4142135623730951,0,1,2,0.0,0.5,1
A-2021-06-317,2021-06-23,18:30,ATROPELLO,1,0,1,CUSCO,PAUCARTAMBO,KOSÑIPATA,RURAL,CARRETERA,DEPARTAMENTAL,CU-113,-12.909693556407934,-71.40412218989076,DESPEJADO,RESIDENCIAL,TRAMO RECTO,PLANA ,TROCHA,,,,,IMPRUDENCIA DEL CONDUCTOR,EXCESO DE VELOCIDAD,18.0,0,2021.0,6.0,2.0,0,3,2,1,0.0,0.0,2.0,2.0,0,0,50.5,36.062445840513924,0,0,2,0.0,0.0,1
A-2021-06-180,2021-06-23,19:00,CHOQUE,1,0,1,LORETO,MAYNAS,SAN JUAN BAUTISTA,RURAL,CARRETERA,DEPARTAMENTAL,LO-103,-3.899723047888033,-73.35048787087666,DESPEJADO,RURAL,TRAMO RECTO,PLANA ,ASFALTADA,,,,,EN PROCESO DE INVESTIGACIÓN,NO CUENTA CON CAUSA ESPECIFICA,19.0,0,2021.0,6.0,2.0,0,3,2,2,0.0,0.0,0.0,0.0,0,0,33.0,46.66904755831214,0,0,2,0.0,0.0,1
A-2021-06-189,2021-06-23,23:00,ATROPELLO FUGA,1,0,0,HUANUCO,LEONCIO PRADO,MARIANO DAMASO BERAUN,RURAL,CARRETERA,NACIONAL,PE-18A,-9.431958843446022,-75.96656942106995,DESPEJADO,RURAL,TRAMO RECTO,PLANA ,ASFALTADA,,REGULADORA (R),,,IMPRUDENCIA DEL CONDUCTOR,EXCESO DE VELOCIDAD,23.0,0,2021.0,6.0,2.0,0,3,2,1,0.0,0.0,0.0,0.0,0,0,71.0,0.0,1,0,1,1.0,0.0,1
A-2021-06-173,2021-06-24,07:00,CHOQUE,1,1,2,HUANUCO,LEONCIO PRADO,DANIEL ALOMIA ROBLES,RURAL,CARRETERA,NACIONAL,PE-5N,-9.18857425256514,-75.9226630949866,DESPEJADO,RURAL,TRAMO RECTO,PLANA ,ASFALTADA,SI,PREVENTIVA (P),REGULADORA (R),NO,IMPRUDENCIA DEL CONDUCTOR,EXCESO DE VELOCIDAD,7.0,0,2021.0,6.0,3.0,0,1,2,1,0.0,0.0,0.0,0.0,0,1,34.5,23.33452377915607,0,1,2,0.0,0.5,0
A-2021-06-238,2021-06-24,09:30,CHOQUE,1,0,2,LA LIBERTAD,ASCOPE,PAIJAN,RURAL,CARRETERA,NACIONAL,PE-1N,-7.678769635511184,-79.32439874352757,DESPEJADO,RURAL,TRAMO RECTO,PLANA ,ASFALTADA,,,,,IMPRUDENCIA DEL CONDUCTOR,GIRAR IMPRUDENTEMENTE,9.0,0,2021.0,6.0,3.0,0,1,2,0,0.0,0.0,0.0,0.0,0,0,37.5,14.849242404917497,0,1,2,0.0,0.5,0
A-2021-06-239,2021-06-24,13:00,CHOQUE,3,6,2,LA LIBERTAD,TRUJILLO,MOCHE,URBANA,CARRETERA,NACIONAL,PE-1N,-8.14565,-79.012371,DESPEJADO,INDUSTRIAL,TRAMO RECTO,PLANA ,ASFALTADA,,,,,IMPRUDENCIA DEL CONDUCTOR,OTRO (IMPRUDENCIA DEL CONDUCTOR),13.0,2,2021.0,6.0,3.0,0,2,2,0,0.0,0.0,0.0,0.0,0,0,31.6,21.23519091822189,0,1,10,0.0,0.1,0
A-2021-06-346,2021-06-24,13:40,DESPISTE,1,0,1,HUANUCO,HUANUCO,PILLCO MARCA,URBANA,CARRETERA,NACIONAL,PE-3N,-9.980643,-76.244816,DESPEJADO,RURAL,TRAMO RECTO,PLANA ,ASFALTADA,,,,,IMPRUDENCIA DEL CONDUCTOR,ADELANTAR INDEBIDAMENTE,13.0,0,2021.0,6.0,3.0,0,2,2,1,0.0,0.0,0.0,0.0,0,0,26.0,12.727922061357855,0,1,2,0.0,0.5,0
A-2021-06-311,2021-06-24,17:50,ATROPELLO,1,0,0,PUNO,AZANGARO,ASILLO,RURAL,CARRETERA,NACIONAL,PE-34B,-14.674477,-70.366127,DESPEJADO,RURAL,TRAMO RECTO,PLANA ,ASFALTADA,,,,,IMPRUDENCIA DEL PEATÓN,CRUCE INDEBIDO POR LA CALZADA,17.0,0,2021.0,6.0,3.0,0,2,2,1,0.0,0.0,0.0,0.0,0,0,55.0,26.870057685088806,0,0,2,0.0,0.0,0
A-2021-06-259,2021-06-24,18:30,CHOQUE,1,0,0,LIMA,LIMA,ATE,URBANA,CALLE,URBANO,NO CORRESPONDE,-12.037300048041462,-76.93201594492336,NUBLADO,COMERCIAL,TRAMO RECTO,PLANA ,ASFALTADA,,,,,EN PROCESO DE INVESTIGACIÓN,NO CUENTA CON CAUSA ESPECIFICA,18.0,0,2021.0,6.0,3.0,0,3,2,0,2.0,0.0,0.0,2.0,0,0,29.333333333333332,7.371114795831994,0,0,3,0.0,0.0,1
A-2021-06-190,2021-06-24,19:00,CHOQUE,1,0,2,ICA,ICA,PARCONA,URBANA,CARRETERA,NACIONAL,PE-1SC,-14.056365,-75.708581,DESPEJADO,COMERCIAL,TRAMO RECTO,PLANA ,ASFALTADA,,,,,EN PROCESO DE INVESTIGACIÓN,NO CUENTA CON CAUSA ESPECIFICA,19.0,0,2021.0,6.0,3.0,0,3,2,0,0.0,0.0,0.0,0.0,0,0,27.0,0.0,0,0,2,0.0,0.0,1
A-2021-06-200,2021-06-24,19:50,ATROPELLO,1,0,1,AREQUIPA,AREQUIPA,CERRO COLORADO,URBANA,AVENIDA,URBANO,NO CORRESPONDE,-16.3274423,-71.5556384,DESPEJADO,COMERCIAL,TRAMO RECTO,PLANA ,ASFALTADA,NO,,,SI,IMPRUDENCIA DEL CONDUCTOR,NO DAR PASO PREFERENTE AL PEATÓN,19.0,0,2021.0,6.0,3.0,0,3,2,0,1.0,0.0,0.0,1.0,0,1,44.0,26.870057685088806,0,1,2,0.0,0.5,1
A-2021-06-183,2021-06-24,21:20,CHOQUE,2,1,0,MADRE DE DIOS,TAMBOPATA,TAMBOPATA,RURAL,CARRETERA,NACIONAL,PE-30C,-12.6597346510363,-69.3203245597664,,,,,,,,,,EN PROCESO DE INVESTIGACIÓN,NO CUENTA CON CAUSA ESPECIFICA,21.0,1,2021.0,6.0,3.0,0,3,2,2,0.0,1.0,1.0,2.0,0,0,29.0,16.522711641858304,0,0,3,0.0,0.0,1
A-2021-06-294,2021-06-25,05:35,CHOQUE,1,0,1,CALLAO,CALLAO,VENTANILLA,URBANA,CARRETERA,NACIONAL,PE-20,-11.873062591288354,-77.12711328495267,DESPEJADO,COMERCIAL,TRAMO RECTO,PLANA ,ASFALTADA,NO,,,NO,NEGLIGENCIA DEL CONDUCTOR,OTRO (NEGLIGENCIA DEL CONDUCTOR),5.0,0,2021.0,6.0,4.0,0,0,2,0,0.0,0.0,0.0,0.0,0,2,38.5,4.949747468305833,0,2,2,0.0,1.0,1
A-2021-06-219,2021-06-25,09:00,DESPISTE,2,2,1,CUSCO,QUISPICANCHI,CAMANTI,RURAL,CARRETERA,NACIONAL,PE-3S,-13.18691557,-70.51575479,LLUVIOSO,RURAL,CURVA,INCLINADA,ASFALTADA,NO,,,SI,IMPRUDENCIA DEL CONDUCTOR,EXCESO DE VELOCIDAD,9.0,1,2021.0,6.0,4.0,0,1,2,1,0.0,1.0,0.0,1.0,1,1,37.5,23.867690853257393,0,1,4,0.0,0.25,0
A-2021-06-350,2021-06-25,09:30,DESPISTE,1,0,1,ANCASH,SANTA,NEPEÑA,RURAL,CARRETERA,DEPARTAMENTAL,AN-104,-9.190111729951582,-78.35678506898871,DESPEJADO,RURAL,TRAMO RECTO,PLANA ,ASFALTADA,,,,,EN PROCESO DE INVESTIGACIÓN,NO CUENTA CON CAUSA ESPECIFICA,9.0,0,2021.0,6.0,4.0,0,1,2,0,0.0,0.0,0.0,0.0,0,0,42.0,0.0,0,1,1,0.0,1.0,0
A-2021-06-260,2021-06-25,12:30,ATROPELLO FUGA,1,0,0,LIMA,LIMA,RIMAC,URBANA,CARRETERA,NACIONAL,PE-1N,-12.04274739463909,-77.02300806760132,DESPEJADO,INDUSTRIAL,TRAMO RECTO,PLANA ,ASFALTADA,,,,,EN PROCESO DE INVESTIGACIÓN,NO CUENTA CON CAUSA ESPECIFICA,12.0,0,2021.0,6.0,4.0,0,2,2,0,0.0,0.0,0.0,0.0,0,0,0.0,0.0,0,0,2,0.0,0.0,0
A-2021-06-312,2021-06-25,14:40,CHOQUE,1,0,0,PUNO,HUANCANE,PUSI,RURAL,CARRETERA,DEPARTAMENTAL,PU-113,-15.385754937821613,-70.08964322148354,DESPEJADO,RURAL,TRAMO RECTO,PLANA ,AFIRMADO,,,,,NEGLIGENCIA DEL CONDUCTOR,OTRO (NEGLIGENCIA DEL CONDUCTOR),14.0,0,2021.0,6.0,4.0,0,2,2,1,0.0,0.0,1.0,1.0,0,0,52.5,38.890872965260115,0,1,2,0.0,0.5,0
A-2021-06-299,2021-06-25,15:30,DESPISTE,1,1,1,PIURA,MORROPON,SANTO DOMINGO,RURAL,CARRETERA,PROVINCIAL,PI-708,-5.03497243912157,-79.8578266567617,DESPEJADO,RURAL,TRAMO RECTO,INCLINADA,ASFALTADA,SI,PREVENTIVA (P),REGULADORA (R),NO,EN PROCESO DE INVESTIGACIÓN,NO CUENTA CON CAUSA ESPECIFICA,15.0,0,2021.0,6.0,4.0,0,2,2,0,0.0,1.0,0.0,1.0,0,1,52.0,19.79898987322333,0,1,2,0.0,0.5,0
A-2021-06-221,2021-06-25,17:00,DESPISTE,3,2,1,CUSCO,CANAS,CHECCA,RURAL,CARRETERA,PROVINCIAL,CU-1810,-14.492229,-71.460864,DESPEJADO,RURAL,CURVA,INCLINADA,TROCHA,,,,,IMPRUDENCIA DEL CONDUCTOR,EXCESO DE VELOCIDAD,17.0,2,2021.0,6.0,4.0,0,2,2,1,0.0,1.0,2.0,3.0,0,0,45.833333333333336,9.196013629104009,0,1,6,0.0,0.167,0
A-2021-06-240,2021-06-25,23:55,CHOQUE,1,1,2,LA LIBERTAD,TRUJILLO,LAREDO,RURAL,CARRETERA,NACIONAL,PE-10A,-8.096285,-78.962737,DESPEJADO,INDUSTRIAL,TRAMO RECTO,PLANA ,ASFALTADA,,,,,IMPRUDENCIA DEL CONDUCTOR,FATIGA Y/O CANSANCIO,23.0,0,2021.0,6.0,4.0,0,3,2,0,0.0,0.0,0.0,0.0,0,0,39.0,7.0710678118654755,0,2,2,0.0,1.0,1
A-2021-06-326,2021-06-26,22:20,ATROPELLO,1,0,1,LAMBAYEQUE,CHICLAYO,PIMENTEL,URBANA,CARRETERA,NACIONAL,PE-1N,-6.752748818246737,-79.86678567443747,DESPEJADO,COMERCIAL,TRAMO RECTO,PLANA ,ASFALTADA,,,,,IMPRUDENCIA DEL PEATÓN,ESTADO DE EBRIEDAD Y/O DROGADICCIÓN,22.0,0,2021.0,6.0,5.0,1,3,2,0,0.0,0.0,0.0,0.0,0,0,29.5,0.7071067811865476,1,1,2,0.5,0.5,1
A-2021-06-355,2021-06-27,02:00,CHOQUE,1,0,2,SAN MARTIN,SAN MARTIN,MORALES,URBANA,CARRETERA,NACIONAL,PE-5N,-6.49826,-76.39229,DESPEJADO,COMERCIAL,INTERSECCIÓN,PLANA ,ASFALTADA,NO,,,SI,IMPRUDENCIA DEL CONDUCTOR,CONDUCIR EN ESTADO DE EBRIEDAD Y/O DROGADICCIÓN,2.0,0,2021.0,6.0,6.0,1,0,2,2,0.0,0.0,0.0,0.0,0,1,30.5,4.949747468305833,0,1,2,0.0,0.5,1
A-2021-06-213,2021-06-27,03:00,ATROPELLO FUGA,1,0,0,MADRE DE DIOS,TAMBOPATA,INAMBARI,RURAL,CARRETERA,NACIONAL,PE-30C,-12.8771848139546,-70.0402617188448,,,,,,,,,,EN PROCESO DE INVESTIGACIÓN,NO CUENTA CON CAUSA ESPECIFICA,3.0,0,2021.0,6.0,6.0,1,0,2,2,0.0,1.0,1.0,2.0,0,0,0.0,0.0,0,0,2,0.0,0.0,1
A-2021-06-305,2021-06-27,03:45,DESPISTE,1,0,1,ICA,ICA,PARCONA,URBANA,CARRETERA,NACIONAL,PE-1SC,-14.0611623,-75.7207144,DESPEJADO,COMERCIAL,TRAMO RECTO,PLANA ,ASFALTADA,NO,,,SI,EN PROCESO DE INVESTIGACIÓN,NO CUENTA CON CAUSA ESPECIFICA,3.0,0,2021.0,6.0,6.0,1,0,2,0,0.0,0.0,0.0,0.0,0,1,34.5,9.192388155425117,0,0,2,0.0,0.0,1
A-2021-06-211,2021-06-27,03:46,ATROPELLO,1,1,2,SAN MARTIN,RIOJA,ELIAS SOPLIN VARGAS,URBANA,CARRETERA,NACIONAL,PE-5N,-5.979007,-77.288573,DESPEJADO,RURAL,TRAMO RECTO,INCLINADA,ASFALTADA,SI,REGULADORA (R),INFORMATIVA (I),NO,IMPRUDENCIA DEL PEATÓN,USO DE DISPOSITIVOS MÓVILES Y/O ELECTRÓNICOS,3.0,0,2021.0,6.0,6.0,1,0,2,2,0.0,1.0,0.0,1.0,0,1,31.0,20.8806130178211,0,1,3,0.0,0.333,1
A-2021-06-283,2021-06-27,06:00,CHOQUE,1,1,2,AREQUIPA,CAMANA,NICOLAS DE PIEROLA,RURAL,CARRETERA,PROVINCIAL,AR-548,-16.57889943703677,-72.71130139837734,DESPEJADO,RURAL,CURVA,PLANA ,ASFALTADA,,,,,EN PROCESO DE INVESTIGACIÓN,NO CUENTA CON CAUSA ESPECIFICA,6.0,0,2021.0,6.0,6.0,1,1,2,0,0.0,0.0,0.0,0.0,0,0,31.666666666666668,27.15388247255507,0,1,3,0.0,0.333,0
A-2021-06-225,2021-06-27,07:30,VOLCADURA,1,0,2,PUNO,SAN ROMAN,JULIACA,URBANA,JIRÓN,URBANO,NO CORRESPONDE,-15.500896,-70.130469,DESPEJADO,COMERCIAL,INTERSECCIÓN,PLANA ,CONCRETO,,,,,IMPRUDENCIA DEL CONDUCTOR,EXCESO DE VELOCIDAD,7.0,0,2021.0,6.0,6.0,1,1,2,1,1.0,0.0,0.0,1.0,0,0,15.5,21.920310216782973,1,0,3,0.333,0.0,0
A-2021-06-201,2021-06-27,14:20,DESPISTE,2,2,1,AREQUIPA,AREQUIPA,CERRO COLORADO,URBANA,CARRETERA,DEPARTAMENTAL,AR-123,-16.3665336,-71.6378436,DESPEJADO,RESIDENCIAL,TRAMO RECTO,PLANA ,ASFALTADA,,,,,EN PROCESO DE INVESTIGACIÓN,NO CUENTA CON CAUSA ESPECIFICA,14.0,1,2021.0,6.0,6.0,1,2,2,0,0.0,0.0,0.0,0.0,0,0,41.333333333333336,31.069813860616115,0,0,5,0.0,0.0,0
A-2021-06-202,2021-06-27,14:20,CHOQUE,1,1,2,ICA,ICA,LOS AQUIJES,RURAL,AVENIDA,URBANO,NO CORRESPONDE,-14.102249467716202,-75.68214878831114,DESPEJADO,RURAL,CURVA,PLANA ,ASFALTADA,,,,,IMPRUDENCIA DEL CONDUCTOR,EXCESO DE VELOCIDAD,14.0,0,2021.0,6.0,6.0,1,2,2,0,1.0,0.0,0.0,1.0,0,0,26.666666666666668,6.429100507328637,0,1,3,0.0,0.333,0
A-2021-06-272,2021-06-27,16:00,DESPISTE,1,0,1,AREQUIPA,CARAVELI,JAQUI,RURAL,CARRETERA,PROVINCIAL,AR-514,-15.4486459358603,-74.4027313767021,DESPEJADO,RURAL,SINUOSA,INCLINADA,TROCHA,,,,,EN PROCESO DE INVESTIGACIÓN,NO CUENTA CON CAUSA ESPECIFICA,16.0,0,2021.0,6.0,6.0,1,2,2,0,0.0,1.0,2.0,3.0,0,0,0.0,0.0,0,0,2,0.0,0.0,0
A-2021-06-297,2021-06-27,16:15,CHOQUE,1,0,2,LA LIBERTAD,GRAN CHIMU,CASCAS,RURAL,CARRETERA,DEPARTAMENTAL,LI-106,-7.557302,-78.720412,DESPEJADO,RURAL,CURVA,PLANA ,AFIRMADO,,,,,IMPRUDENCIA DEL CONDUCTOR,INVASIÓN DE CARRIL,16.0,0,2021.0,6.0,6.0,1,2,2,0,0.0,0.0,1.0,1.0,0,0,28.5,14.849242404917497,0,1,2,0.0,0.5,0
A-2021-06-358,2021-06-27,17:30,ATROPELLO FUGA,1,0,0,CALLAO,CALLAO,CALLAO,URBANA,CARRETERA,NACIONAL,PE-20B,-11.99989364,-77.118705716,DESPEJADO,INDUSTRIAL,TRAMO RECTO,PLANA ,ASFALTADA,,,,,NEGLIGENCIA DEL CONDUCTOR,OTRO (NEGLIGENCIA DEL CONDUCTOR),17.0,0,2021.0,6.0,6.0,1,2,2,0,0.0,0.0,0.0,0.0,0,0,27.0,0.0,0,0,2,0.0,0.0,0
A-2021-06-199,2021-06-27,20:00,ATROPELLO FUGA,1,0,0,CALLAO,CALLAO,CALLAO,URBANA,CARRETERA,NACIONAL,PE-20B,-11.999880281798202,-77.118723779655,DESPEJADO,RESIDENCIAL,TRAMO RECTO,PLANA ,ASFALTADA,,,,,EN PROCESO DE INVESTIGACIÓN,NO CUENTA CON CAUSA ESPECIFICA,20.0,0,2021.0,6.0,6.0,1,3,2,0,0.0,0.0,0.0,0.0,0,0,0.0,0.0,0,0,2,0.0,0.0,1
A-2021-06-198,2021-06-27,20:30,CHOQUE,1,1,2,TUMBES,TUMBES,CORRALES,RURAL,CARRETERA,NACIONAL,PE-1N,-3.583833236874771,-80.47256820971259,DESPEJADO,RURAL,TRAMO RECTO,PLANA ,ASFALTADA,,,,,IMPRUDENCIA DEL CONDUCTOR,ADELANTAR INDEBIDAMENTE,20.0,0,2021.0,6.0,6.0,1,3,2,0,0.0,0.0,0.0,0.0,0,0,35.0,24.331050121192877,0,1,3,0.0,0.333,1
A-2021-06-223,2021-06-28,04:50,DESPISTE,1,1,1,CUSCO,ANTA,HUAROCONDO,RURAL,CARRETERA,PROVINCIAL,CU-902,-13.427364,-72.218355,DESPEJADO,RURAL,TRAMO RECTO,PLANA ,ASFALTADA,,,,,IMPRUDENCIA DEL CONDUCTOR,EXCESO DE VELOCIDAD,4.0,0,2021.0,6.0,0.0,0,0,2,1,0.0,0.0,0.0,0.0,0,0,25.0,4.242640687119285,0,0,2,0.0,0.0,1
A-2021-06-227,2021-06-28,05:05,CHOQUE,1,1,2,PIURA,PIURA,CASTILLA,URBANA,CARRETERA,NACIONAL,PE-1NJ,-5.231254,-80.635399,DESPEJADO,RURAL,CURVA,PLANA ,ASFALTADA,SI,INFORMATIVA (I),REGULADORA (R),NO,EN PROCESO DE INVESTIGACIÓN,NO CUENTA CON CAUSA ESPECIFICA,5.0,0,2021.0,6.0,0.0,0,0,2,0,0.0,0.0,0.0,0.0,0,1,37.333333333333336,3.785938897200182,0,1,3,0.0,0.333,1
A-2021-06-325,2021-06-28,05:45,CHOQUE,2,0,2,LAMBAYEQUE,LAMBAYEQUE,MOTUPE,RURAL,CARRETERA,NACIONAL,PE-1NJ,-6.0373276,-79.677065,DESPEJADO,RURAL,TRAMO RECTO,PLANA ,ASFALTADA,,,,,EN PROCESO DE INVESTIGACIÓN,NO CUENTA CON CAUSA ESPECIFICA,5.0,1,2021.0,6.0,0.0,0,0,2,0,0.0,0.0,0.0,0.0,0,0,23.333333333333332,7.571877794400366,0,1,3,0.0,0.333,1
A-2021-06-261,2021-06-28,09:00,CHOQUE,1,2,0,LIMA,LIMA,COMAS,URBANA,CARRETERA,NACIONAL,PE-1N,-11.924998397515166,-77.07287307237524,DESPEJADO,COMERCIAL,TRAMO RECTO,PLANA ,ASFALTADA,,,,,EN PROCESO DE INVESTIGACIÓN,NO CUENTA CON CAUSA ESPECIFICA,9.0,0,2021.0,6.0,0.0,0,1,2,0,0.0,0.0,0.0,0.0,0,0,39.0,5.830951894845301,0,0,4,0.0,0.0,0
A-2021-06-216,2021-06-28,10:30,DESPISTE,1,0,1,PASCO,DANIEL ALCIDES CARRION,YANAHUANCA,RURAL,CARRETERA,DEPARTAMENTAL,PA-102,-10.497169232550563,-76.51338069190625,NUBLADO,RURAL,CURVA,INCLINADA,ASFALTADA,,,,,IMPRUDENCIA DEL CONDUCTOR,CONDUCIR EN ESTADO DE EBRIEDAD Y/O DROGADICCIÓN,10.0,0,2021.0,6.0,0.0,0,1,2,1,0.0,1.0,0.0,1.0,0,0,25.0,0.0,0,1,1,0.0,1.0,0
A-2021-06-303,2021-06-28,12:30,DESPISTE,1,1,1,HUANCAVELICA,TAYACAJA,AHUAYCHA,RURAL,CARRETERA,NACIONAL,PE-3SD,-12.39026,-74.89023,DESPEJADO,RURAL,CURVA,INCLINADA,ASFALTADA,SI,PREVENTIVA (P),PREVENTIVA (P),SI,EN PROCESO DE INVESTIGACIÓN,NO CUENTA CON CAUSA ESPECIFICA,12.0,0,2021.0,6.0,0.0,0,2,2,1,0.0,1.0,0.0,1.0,0,0,42.0,14.142135623730951,0,1,2,0.0,0.5,0
A-2021-06-262,2021-06-28,20:30,ATROPELLO FUGA,1,0,0,LIMA,LIMA,EL AGUSTINO,URBANA,CARRETERA,NACIONAL,PE-1N,-12.032365258669795,-77.00653383140924,DESPEJADO,INDUSTRIAL,TRAMO RECTO,PLANA ,ASFALTADA,,,,,EN PROCESO DE INVESTIGACIÓN,NO CUENTA CON CAUSA ESPECIFICA,20.0,0,2021.0,6.0,0.0,0,3,2,0,0.0,0.0,0.0,0.0,0,0,0.0,0.0,0,0,2,0.0,0.0,1
A-2021-06-226,2021-06-28,22:00,CHOQUE,1,0,2,PIURA,PIURA,CASTILLA,URBANA,CARRETERA,NACIONAL,PE-1NJ,-5.211506667,-80.62212667,DESPEJADO,RURAL,INTERSECCIÓN,PLANA ,ASFALTADA,NO,,,SI,EN PROCESO DE INVESTIGACIÓN,NO CUENTA CON CAUSA ESPECIFICA,22.0,0,2021.0,6.0,0.0,0,3,2,0,0.0,0.0,0.0,0.0,0,1,39.0,16.97056274847714,0,0,2,0.0,0.0,1
A-2021-06-244,2021-06-28,22:00,ATROPELLO FUGA,1,0,0,CAJAMARCA,SAN PABLO,SAN BERNARDINO,RURAL,CARRETERA,PROVINCIAL,CA-1302,-7.2127688642193135,-78.76543875887974,DESPEJADO,RURAL,CURVA,INCLINADA,TROCHA,,,,,NEGLIGENCIA DEL CONDUCTOR,OTRO (NEGLIGENCIA DEL CONDUCTOR),22.0,0,2021.0,6.0,0.0,0,3,2,1,0.0,1.0,2.0,3.0,0,0,46.0,0.0,0,0,2,0.0,0.0,1
A-2021-06-263,2021-06-28,23:00,ATROPELLO,1,0,0,LIMA,LIMA,BREÑA,URBANA,AVENIDA,URBANO,NO CORRESPONDE,-12.068456129021952,-77.04824710442705,DESPEJADO,INDUSTRIAL,TRAMO RECTO,PLANA ,ASFALTADA,,,,,EN PROCESO DE INVESTIGACIÓN,NO CUENTA CON CAUSA ESPECIFICA,23.0,0,2021.0,6.0,0.0,0,3,2,0,1.0,0.0,0.0,1.0,0,0,16.5,23.33452377915607,0,0,2,0.0,0.0,1
A-2021-06-316,2021-06-29,08:00,CHOQUE,1,0,2,PUNO,SAN ANTONIO DE PUTINA,PUTINA,RURAL,CARRETERA,NACIONAL,PE-34H,-14.944266577912035,-69.86740881756783,DESPEJADO,RURAL,TRAMO RECTO,INCLINADA,TROCHA,,,,,IMPRUDENCIA DEL CONDUCTOR,CONDUCIR EN SENTIDO CONTRARIO,8.0,0,2021.0,6.0,1.0,0,1,2,1,0.0,1.0,2.0,3.0,0,0,40.0,14.142135623730951,0,1,2,0.0,0.5,0
A-2021-06-264,2021-06-29,08:30,ATROPELLO FUGA,1,0,0,LIMA,LIMA,SANTA ANITA,URBANA,AVENIDA,URBANO,NO CORRESPONDE,-12.033213,-76.942706,DESPEJADO,INDUSTRIAL,TRAMO RECTO,PLANA ,ASFALTADA,,,,,EN PROCESO DE INVESTIGACIÓN,NO CUENTA CON CAUSA ESPECIFICA,8.0,0,2021.0,6.0,1.0,0,1,2,0,1.0,0.0,0.0,1.0,0,0,0.0,0.0,0,0,2,0.0,0.0,0
A-2021-06-222,2021-06-29,11:20,DESPISTE,3,0,1,PUNO,YUNGUYO,CUTURAPI,RURAL,CARRETERA,DEPARTAMENTAL,PU-130,-16.2697722970827,-69.1968094724791,DESPEJADO,RURAL,INTERSECCIÓN,PLANA ,ASFALTADA,,,,,IMPRUDENCIA DEL CONDUCTOR,CONDUCIR EN ESTADO DE EBRIEDAD Y/O DROGADICCIÓN,11.0,2,2021.0,6.0,1.0,0,1,2,1,0.0,0.0,0.0,0.0,0,0,43.5,21.047565179849187,0,1,4,0.0,0.25,0
A-2021-06-241,2021-06-29,17:25,DESPISTE,1,3,1,LA LIBERTAD,SANCHEZ CARRION,HUAMACHUCO,RURAL,CARRETERA,NACIONAL,PE-3N,-7.883144,-78.118494,DESPEJADO,RURAL,TRAMO RECTO,PLANA ,ASFALTADA,,,,,IMPRUDENCIA DEL CONDUCTOR,OTRO (IMPRUDENCIA DEL CONDUCTOR),17.0,0,2021.0,6.0,1.0,0,2,2,0,0.0,0.0,0.0,0.0,0,0,23.0,8.0,0,0,5,0.0,0.0,0
A-2021-06-234,2021-06-29,22:00,ATROPELLO FUGA,1,0,0,TACNA,TACNA,LA YARADA LOS PALOS,RURAL,CARRETERA,PROVINCIAL,TA-644,-18.236664,-70.368142,DESPEJADO,RURAL,TRAMO RECTO,PLANA ,ASFALTADA,,,,,IMPRUDENCIA DEL PEATÓN,ESTADO DE EBRIEDAD Y/O DROGADICCIÓN,22.0,0,2021.0,6.0,1.0,0,3,2,0,0.0,0.0,0.0,0.0,0,0,61.0,0.0,0,0,1,0.0,0.0,1
A-2021-06-230,2021-06-30,06:00,CHOQUE,1,6,2,HUANCAVELICA,HUANCAVELICA,ACORIA,RURAL,CARRETERA,NACIONAL,PE-3SM,-12.531054,-74.922456,DESPEJADO,RURAL,SINUOSA,PLANA ,ASFALTADA,SI,REGULADORA (R),REGULADORA (R),NO,EN PROCESO DE INVESTIGACIÓN,NO CUENTA CON CAUSA ESPECIFICA,6.0,0,2021.0,6.0,2.0,0,1,2,1,0.0,0.0,0.0,0.0,0,1,33.875,21.794085042899663,0,2,8,0.0,0.25,0