CODIGO_SINIESTRO,FECHA_SINIESTRO,HORA_SINIESTRO,CLASE_SINIESTRO,CANTIDAD_FALLECIDOS,CANTIDAD_LESIONADOS,CANTIDAD_VEHICULOS,DEPARTAMENTO,PROVINCIA,DISTRITO,ZONA,TIPO_VIA,RED_VIAL,COD_CARRETERA,LATITUD,LONGITUD,CONDICION_CLIMATICA,ZONIFICACION,CARACTERISTICAS_VIA,PERFIL_VIA,SUPERFICIE_CALZADA,EXISTE_SENIAL_VERTICAL,CLASIFICACION_SENIAL_VERTICAL_1,CLASIFICACION_SENIAL_VERTICAL_2,EXISTE_SENIAL_HORIZONTAL,CAUSA_FACTOR_PRINCIPAL,CAUSA_ESPECIFICA,HORA,severidad,ANIO,MES,DIA_SEMANA,FIN_SEMANA,FRANJA_HORARIA,TEMPORADA,MACROREGION,TIPO_VIA_SCORE,PERFIL_VIA_SCORE,SUPERFICIE_CALZADA_SCORE,RIESGO_INFRAESTRUCTURA,RIESGO_CLIMATICO,SENIALIZACION_DEFICIENTE,EDAD_PROMEDIO,EDAD_STD,TOTAL_ALCOHOL,TOTAL_LICENCIA,TOTAL_PERSONAS,PCT_ALCOHOL,PCT_LICENCIA,ES_NOCHE
A-2021-06-265,2021-06-30,10:30,CHOQUE,1,0,0,LIMA,LIMA,SAN JUAN DE LURIGANCHO,URBANA,AVENIDA,URBANO,NO CORRESPONDE,-12.012326,-77.011352,DESPEJADO,COMERCIAL,TRAMO RECTO,PLANA ,ASFALTADA,,,,,IMPRUDENCIA DEL CONDUCTOR,OTRO (IMPRUDENCIA DEL CONDUCTOR),10.0,0,2021.0,6.0,2.0,0,1,2,0,1.0,0.0,0.0,1.0,0,0,32.5,17.67766952966369,0,0,2,0.0,0.0,0
A-2021-06-266,2021-06-30,19:15,CHOQUE,1,2,0,LIMA,LIMA,LURIN,URBANA,CARRETERA,NACIONAL,PE-1S,-12.28184,-76.88049,NUBLADO,RESIDENCIAL,TRAMO RECTO,PLANA ,ASFALTADA,,,,,IMPRUDENCIA DEL CONDUCTOR,CONDUCIR EN ESTADO DE EBRIEDAD Y/O DROGADICCIÓN,19.0,0,2021.0,6.0,2.0,0,3,2,0,0.0,0.0,0.0,0.0,0,0,47.75,9.142392101268317,0,0,4,0.0,0.0,1
A-2021-06-356,2021-06-30,19:30,ATROPELLO,1,0,1,SAN MARTIN,EL DORADO,SAN MARTIN,URBANA,CARRETERA,DEPARTAMENTAL,SM-100,-6.516202452788468,-76.74214138703812,SOLEADO,COMERCIAL,TRAMO RECTO,PLANA ,ASFALTADA,,,,,IMPRUDENCIA DEL PEATÓN,CRUCE INDEBIDO POR LA CALZADA,19.0,0,2021.0,6.0,2.0,0,3,2,2,0.0,0.0,0.0,0.0,0,0,48.5,7.7781745930520225,0,1,2,0.0,0.5,1
A-2021-06-267,2021-06-30,20:20,CHOQUE,1,0,0,LIMA,LIMA,COMAS,URBANA,AVENIDA,URBANO,NO CORRESPONDE,-11.9661628,-77.0559275,DESPEJADO,COMERCIAL,TRAMO RECTO,PLANA ,CONCRETO,,,,,EN PROCESO DE INVESTIGACIÓN,NO CUENTA CON CAUSA ESPECIFICA,20.0,0,2021.0,6.0,2.0,0,3,2,0,1.0,0.0,0.0,1.0,0,0,39.0,12.727922061357855,0,0,2,0.0,0.0,1
A-2021-07-136,2021-07-01,01:30,ATROPELLO FUGA,1,0,1,CUSCO,CANCHIS,MARANGANI,RURAL,CARRETERA,NACIONAL,PE-3S,-14.36536,-71.15689,DESPEJADO,RURAL,TRAMO RECTO,PLANA ,ASFALTADA,NO,,,SI,IMPRUDENCIA DEL CONDUCTOR,EXCESO DE VELOCIDAD,1.0,0,2021.0,7.0,3.0,0,0,2,1,0.0,0.0,0.0,0.0,0,1,54.0,0.0,0,0,2,0.0,0.0,1
A-2021-07-149,2021-07-01,02:30,CHOQUE CON OBJETO FIJO,1,0,0,LIMA,HUARAL,HUARAL,URBANA,CARRETERA,PROVINCIAL,LM-678,-11.484734969302387,-77.20606663562256,,,,,,,,,,EN PROCESO DE INVESTIGACIÓN,NO CUENTA CON CAUSA ESPECIFICA,2.0,0,2021.0,7.0,3.0,0,0,2,0,0.0,1.0,1.0,2.0,0,0,35.0,0.0,0,0,1,0.0,0.0,1
A-2021-07-40,2021-07-01,13:30,DESPISTE,1,0,1,LA LIBERTAD,TRUJILLO,LA ESPERANZA,URBANA,JIRÓN,URBANO,NO CORRESPONDE,-8.048035,-79.070344,DESPEJADO,INDUSTRIAL,TRAMO RECTO,PLANA ,ASFALTADA,,,,,EN PROCESO DE INVESTIGACIÓN,NO CUENTA CON CAUSA ESPECIFICA,13.0,0,2021.0,7.0,3.0,0,2,2,0,1.0,0.0,0.0,1.0,0,0,21.5,3.5355339059327378,0,0,2,0.0,0.0,0
A-2021-07-279,2021-07-01,18:30,DESPISTE,1,1,1,HUANUCO,HUANUCO,SAN PEDRO DE CHAULAN,RURAL,CARRETERA,PROVINCIAL,HU-1148,-10.007025,-76.45803,DESPEJADO,RURAL,SINUOSA,INCLINADA,AFIRMADO,,,,,IMPRUDENCIA DEL CONDUCTOR,EXCESO DE VELOCIDAD,18.0,0,2021.0,7.0,3.0,0,3,2,1,0.0,1.0,1.0,2.0,0,0,64.0,4.242640687119285,0,1,2,0.0,0.5,1
A-2021-07-11,2021-07-01,20:30,VOLCADURA,1,0,0,LIMA,LIMA,SANTIAGO DE SURCO,URBANA,CARRETERA,NACIONAL,PE-1S,-12.132164945357,-76.97838078248924,DESPEJADO,COMERCIAL,TRAMO RECTO,PLANA ,ASFALTADA,,,,,IMPRUDENCIA DEL PEATÓN,OTRO (IMPRUDENCIA DEL PEATÓN),20.0,0,2021.0,7.0,3.0,0,3,2,0,0.0,0.0,0.0,0.0,0,0,9.5,13.435028842544403,0,0,2,0.0,0.0,1
A-2021-07-280,2021-07-02,02:00,DESPISTE,2,1,1,HUANUCO,PACHITEA,UMARI,RURAL,CARRETERA,PROVINCIAL,HU-840,-9.890068,-75.992688,DESPEJADO,RURAL,SINUOSA,INCLINADA,ASFALTADA,,,,,EN PROCESO DE INVESTIGACIÓN,NO CUENTA CON CAUSA ESPECIFICA,2.0,1,2021.0,7.0,4.0,0,0,2,1,0.0,1.0,0.0,1.0,0,0,27.666666666666668,5.033222956847167,0,1,3,0.0,0.333,1
A-2021-07-28,2021-07-02,06:00,DESPISTE,1,0,1,HUANCAVELICA,TAYACAJA,AHUAYCHA,RURAL,CARRETERA,NACIONAL,PE-3S,-12.530598,-74.945567,DESPEJADO,RURAL,TRAMO RECTO,INCLINADA,ASFALTADA,,,,,EN PROCESO DE INVESTIGACIÓN,NO CUENTA CON CAUSA ESPECIFICA,6.0,0,2021.0,7.0,4.0,0,1,2,1,0.0,1.0,0.0,1.0,0,0,47.0,0.0,0,1,1,0.0,1.0,0
A-2021-07-76,2021-07-02,06:30,CHOQUE,1,1,2,MOQUEGUA,MARISCAL NIETO,MOQUEGUA,URBANA,AVENIDA,URBANO,NO CORRESPONDE,-17.209031,-70.940198,DESPEJADO,COMERCIAL,INTERSECCIÓN,PLANA ,ASFALTADA,SI,REGULADORA (R),REGULADORA (R),NO,IMPRUDENCIA DEL CONDUCTOR,OTRO (IMPRUDENCIA DEL CONDUCTOR),6.0,0,2021.0,7.0,4.0,0,1,2,0,1.0,0.0,0.0,1.0,0,1,31.666666666666668,12.423096769056148,0,1,3,0.0,0.333,0
A-2021-07-13,2021-07-02,15:00,CHOQUE,1,1,0,LIMA,LIMA,CHORRILLOS,URBANA,AVENIDA,URBANO,NO CORRESPONDE,-12.196577,-76.990935,DESPEJADO,INDUSTRIAL,TRAMO RECTO,PLANA ,ASFALTADA,,,,,EN PROCESO DE INVESTIGACIÓN,NO CUENTA CON CAUSA ESPECIFICA,15.0,0,2021.0,7.0,4.0,0,2,2,0,1.0,0.0,0.0,1.0,0,0,42.0,0.0,0,0,2,0.0,0.0,0
A-2021-07-12,2021-07-02,15:30,ATROPELLO,1,0,0,LIMA,LIMA,LOS OLIVOS,,CARRETERA,NACIONAL,PE-1N,-11.967712,-77.067618,DESPEJADO,INDUSTRIAL,TRAMO RECTO,PLANA ,ASFALTADA,,,,,EN PROCESO DE INVESTIGACIÓN,NO CUENTA CON CAUSA ESPECIFICA,15.0,0,2021.0,7.0,4.0,0,2,2,0,0.0,0.0,0.0,0.0,0,0,38.0,0.0,0,0,2,0.0,0.0,0
A-2021-07-120,2021-07-02,17:00,CHOQUE,1,0,3,HUANCAVELICA,CHURCAMPA,ANCO,RURAL,CARRETERA,NACIONAL,PE-3S,-12.6850796376415,-74.5864762496305,DESPEJADO,RURAL,SINUOSA,INCLINADA,ASFALTADA,SI,PREVENTIVA (P),,SI,EN PROCESO DE INVESTIGACIÓN,NO CUENTA CON CAUSA ESPECIFICA,17.0,0,2021.0,7.0,4.0,0,2,2,1,0.0,1.0,0.0,1.0,0,0,42.666666666666664,4.163331998932264,0,0,3,0.0,0.0,0
A-2021-07-22,2021-07-02,18:00,DESPISTE,3,1,1,AREQUIPA,CARAVELI,CHAPARRA,RURAL,CARRETERA,PROVINCIAL,AR-514,-15.73168,-73.821106,DESPEJADO,RURAL,SINUOSA,INCLINADA,TROCHA,,,,,EN PROCESO DE INVESTIGACIÓN,NO CUENTA CON CAUSA ESPECIFICA,18.0,2,2021.0,7.0,4.0,0,3,2,0,0.0,1.0,2.0,3.0,0,0,40.333333333333336,15.17673658377628,0,1,4,0.0,0.25,1
A-2021-07-56,2021-07-02,22:30,ATROPELLO FUGA,1,0,1,LA LIBERTAD,PACASMAYO,GUADALUPE,RURAL,CARRETERA,NACIONAL,PE-08,-7.305328,-79.443897,DESPEJADO,RURAL,TRAMO RECTO,PLANA ,ASFALTADA,,,,,EN PROCESO DE INVESTIGACIÓN,NO CUENTA CON CAUSA ESPECIFICA,22.0,0,2021.0,7.0,4.0,0,3,2,0,0.0,0.0,0.0,0.0,0,0,22.0,0.0,0,0,2,0.0,0.0,1
A-2021-07-14,2021-07-03,01:12,CHOQUE,1,0,0,LIMA,LIMA,LA VICTORIA,URBANA,AVENIDA,URBANO,NO CORRESPONDE,-12.059242242659254,-77.02981069274405,DESPEJADO,INDUSTRIAL,TRAMO RECTO,PLANA ,CONCRETO,,,,,IMPRUDENCIA DEL CONDUCTOR,CONDUCIR EN ESTADO DE EBRIEDAD Y/O DROGADICCIÓN,1.0,0,2021.0,7.0,5.0,1,0,2,0,1.0,0.0,0.0,1.0,0,0,30.0,2.8284271247461903,0,0,2,0.0,0.0,1
A-2021-07-181,2021-07-03,01:40,DESPISTE,1,0,1,CUSCO,CANCHIS,SICUANI,RURAL,CARRETERA,SIN CLASIFICAR,SIN CLASIFICAR,-14.210094,-71.174294,DESPEJADO,RURAL,TRAMO RECTO,PLANA ,ASFALTADA,SI,PREVENTIVA (P),PREVENTIVA (P),SI,EN PROCESO DE INVESTIGACIÓN,NO CUENTA CON CAUSA ESPECIFICA,1.0,0,2021.0,7.0,5.0,1,0,2,1,0.0,0.0,0.0,0.0,0,0,33.0,0.0,0,1,1,0.0,1.0,1
A-2021-07-102,2021-07-03,10:30,CHOQUE,1,4,2,CAJAMARCA,JAEN,BELLAVISTA,RURAL,CARRETERA,NACIONAL,PE-5N,-5.598685,-78.781379,SOLEADO,RURAL,TRAMO RECTO,PLANA ,ASFALTADA,SI,REGULADORA (R),REGULADORA (R),NO,IMPRUDENCIA DEL CONDUCTOR,EXCESO DE VELOCIDAD,10.0,0,2021.0,7.0,5.0,1,1,2,1,0.0,0.0,0.0,0.0,0,1,15.4,7.63544366752843,0,2,5,0.0,0.4,0
A-2021-07-235,2021-07-03,12:19,DESPISTE,1,0,1,PIURA,TALARA,MANCORA,URBANA,AVENIDA,URBANO,NO CORRESPONDE,-4.10401028138664,-81.04727978228925,DESPEJADO,RESIDENCIAL,TRAMO RECTO,PLANA ,ASFALTADA,,,,,EN PROCESO DE INVESTIGACIÓN,NO CUENTA CON CAUSA ESPECIFICA,12.0,0,2021.0,7.0,5.0,1,2,2,0,1.0,0.0,0.0,1.0,0,0,41.0,0.0,0,0,1,0.0,0.0,0
A-2021-07-205,2021-07-03,15:00,CHOQUE,3,10,2,LAMBAYEQUE,FERREÑAFE,FERREÑAFE,RURAL,CARRETERA,DEPARTAMENTAL,LA-111,-6.590189,-79.785812,DESPEJADO,RURAL,TRAMO RECTO,PLANA ,ASFALTADA,,,,,EN PROCESO DE INVESTIGACIÓN,NO CUENTA CON CAUSA ESPECIFICA,15.0,2,2021.0,7.0,5.0,1,2,2,0,0.0,0.0,0.0,0.0,0,0,41.42857142857143,13.374569932492069,0,2,14,0.0,0.143,0
A-2021-07-57,2021-07-03,19:30,CHOQUE,1,0,2,LA LIBERTAD,CHEPEN,PACANGA,RURAL,CARRETERA,NACIONAL,PE-1N,-7.178163,-79.4377261,DESPEJADO,RURAL,TRAMO RECTO,PLANA ,ASFALTADA,,,,,EN PROCESO DE INVESTIGACIÓN,NO CUENTA CON CAUSA ESPECIFICA,19.0,0,2021.0,7.0,5.0,1,3,2,0,0.0,0.0,0.0,0.0,0,0,44.5,9.192388155425117,0,1,2,0.0,0.5,1
A-2021-07-15,2021-07-03,19:40,CHOQUE,1,2,0,LIMA,LIMA,ATE,URBANA,AVENIDA,URBANO,NO CORRESPONDE,-12.064744,-76.978404,DESPEJADO,COMERCIAL,TRAMO RECTO,PLANA ,CONCRETO,,,,,EN PROCESO DE INVESTIGACIÓN,NO CUENTA CON CAUSA ESPECIFICA,19.0,0,2021.0,7.0,5.0,1,3,2,0,1.0,0.0,0.0,1.0,0,0,52.0,8.205689083394114,0,0,4,0.0,0.0,1
A-2021-07-209,2021-07-03,20:30,CHOQUE,1,2,2,LAMBAYEQUE,LAMBAYEQUE,MORROPE,RURAL,CARRETERA,NACIONAL,PE-1N,-6.57292291453814,-79.9909434882227,DESPEJADO,RURAL,PASE A DESNIVEL,INCLINADA,ASFALTADA,SI,INFORMATIVA (I),PREVENTIVA (P),NO,EN PROCESO DE INVESTIGACIÓN,NO CUENTA CON CAUSA ESPECIFICA,20.0,0,2021.0,7.0,5.0,1,3,2,0,0.0,1.0,0.0,1.0,0,1,25.0,13.946325680981353,0,1,5,0.0,0.2,1
A-2021-07-16,2021-07-03,22:00,ATROPELLO,1,0,0,LIMA,LIMA,ATE,URBANA,CARRETERA,NACIONAL,PE-22,-12.00750801125261,-76.85646207678862,DESPEJADO,INDUSTRIAL,TRAMO RECTO,PLANA ,CONCRETO,,,,,IMPRUDENCIA DEL PEATÓN,ESTADO DE EBRIEDAD Y/O DROGADICCIÓN,22.0,0,2021.0,7.0,5.0,1,3,2,0,0.0,0.0,0.0,0.0,0,0,48.0,0.0,0,0,2,0.0,0.0,1
A-2021-07-169,2021-07-04,01:50,CHOQUE FUGA,1,0,0,AYACUCHO,CANGALLO,LOS MOROCHUCOS,RURAL,CARRETERA,SIN CLASIFICAR,SIN CLASIFICAR,-13.57731,-74.18991,DESPEJADO,RURAL,CURVA,INCLINADA,ASFALTADA,,,,,IMPRUDENCIA DEL CONDUCTOR,EXCESO DE VELOCIDAD,1.0,0,2021.0,7.0,6.0,1,0,2,1,0.0,1.0,0.0,1.0,0,0,27.0,0.0,0,0,2,0.0,0.0,1
A-2021-07-17,2021-07-04,03:30,VOLCADURA,1,0,0,LIMA,LIMA,SANTIAGO DE SURCO,URBANA,CARRETERA,NACIONAL,PE-1S,-12.131299,-76.978347,DESPEJADO,RESIDENCIAL,TRAMO RECTO,PLANA ,ASFALTADA,,,,,EN PROCESO DE INVESTIGACIÓN,NO CUENTA CON CAUSA ESPECIFICA,3.0,0,2021.0,7.0,6.0,1,0,2,0,0.0,0.0,0.0,0.0,0,0,26.0,1.4142135623730951,0,0,2,0.0,0.0,1
A-2021-07-84,2021-07-04,08:10,CHOQUE,1,0,2,PUNO,SANDIA,SAN JUAN DEL ORO,RURAL,CARRETERA,NACIONAL,PE-34H,-14.210239112782633,-69.14277791443065,DESPEJADO,RURAL,CURVA,INCLINADA,ASFALTADA,,,,,IMPRUDENCIA DEL CONDUCTOR,EXCESO DE VELOCIDAD,8.0,0,2021.0,7.0,6.0,1,1,2,1,0.0,1.0,0.0,1.0,0,0,26.0,7.0710678118654755,1,1,2,0.5,0.5,0
A-2021-07-132,2021-07-04,13:31,CHOQUE,1,0,2,CUSCO,CANAS,LANGUI,URBANA,CARRETERA,PROVINCIAL,CU-1719,-14.4832,-71.255,DESPEJADO,RESIDENCIAL,TRAMO RECTO,PLANA ,ASFALTADA,,,,,IMPRUDENCIA DEL CONDUCTOR,INVASIÓN DE CARRIL,13.0,0,2021.0,7.0,6.0,1,2,2,1,0.0,0.0,0.0,0.0,0,0,30.5,9.192388155425117,0,1,2,0.0,0.5,0
A-2021-07-9,2021-07-04,16:55,ATROPELLO,1,2,1,AREQUIPA,AREQUIPA,JOSE LUIS BUSTAMANTE Y RIVERO,URBANA,CALLE,URBANO,NO CORRESPONDE,-16.44527,-71.51142,DESPEJADO,RESIDENCIAL,TRAMO RECTO,PLANA ,ASFALTADA,,,,,EN PROCESO DE INVESTIGACIÓN,NO CUENTA CON CAUSA ESPECIFICA,16.0,0,2021.0,7.0,6.0,1,2,2,0,2.0,0.0,0.0,2.0,0,0,34.666666666666664,8.082903768654761,0,0,3,0.0,0.0,0
A-2021-07-8,2021-07-04,17:30,CHOQUE,1,0,2,AREQUIPA,ISLAY,COCACHACRA,RURAL,CARRETERA,NACIONAL,PE-1S,-16.88814,-71.846429,DESPEJADO,RURAL,TRAMO RECTO,PLANA ,ASFALTADA,NO,,,SI,EN PROCESO DE INVESTIGACIÓN,NO CUENTA CON CAUSA ESPECIFICA,17.0,0,2021.0,7.0,6.0,1,2,2,0,0.0,0.0,0.0,0.0,0,1,26.5,9.192388155425117,0,1,2,0.0,0.5,0
A-2021-07-65,2021-07-04,17:50,DESPISTE,1,1,1,APURIMAC,ANDAHUAYLAS,ANDARAPA,RURAL,CARRETERA,PROVINCIAL,AP-575,-13.516836,-73.356453,SOLEADO,RURAL,CURVA,INCLINADA,CASCAJO/RIPIO,,,,,NEGLIGENCIA DEL CONDUCTOR,OTRO (NEGLIGENCIA DEL CONDUCTOR),17.0,0,2021.0,7.0,6.0,1,2,2,1,0.0,1.0,1.0,2.0,0,0,27.333333333333332,19.85782801147531,0,1,3,0.0,0.333,0
A-2021-07-284,2021-07-04,18:00,DESPISTE,1,0,1,HUANUCO,HUANUCO,QUISQUI (KICHKI),RURAL,CARRETERA,PROVINCIAL,HU-1105,-9.899559,-76.434697,DESPEJADO,RURAL,CURVA,INCLINADA,TROCHA,,,,,EN PROCESO DE INVESTIGACIÓN,NO CUENTA CON CAUSA ESPECIFICA,18.0,0,2021.0,7.0,6.0,1,3,2,1,0.0,1.0,2.0,3.0,0,0,43.0,0.0,0,0,1,0.0,0.0,1
A-2021-07-24,2021-07-04,18:30,CHOQUE,1,0,2,SAN MARTIN,MOYOBAMBA,MOYOBAMBA,URBANA,CARRETERA,NACIONAL,PE-5N,-6.065207,-76.923387,DESPEJADO,RURAL,TRAMO RECTO,PLANA ,ASFALTADA,,,,,IMPRUDENCIA DEL CONDUCTOR,GIRAR IMPRUDENTEMENTE,18.0,0,2021.0,7.0,6.0,1,3,2,2,0.0,0.0,0.0,0.0,0,0,58.0,21.213203435596427,0,2,2,0.0,1.0,1
A-2021-07-10,2021-07-04,19:00,ATROPELLO,1,0,0,CALLAO,CALLAO,VENTANILLA,URBANA,CARRETERA,NACIONAL,PE-20,-11.915812389435017,-77.12852595735622,DESPEJADO,INDUSTRIAL,TRAMO RECTO,PLANA ,ASFALTADA,,,,,IMPRUDENCIA DEL CONDUCTOR,OTRO (IMPRUDENCIA DEL CONDUCTOR),19.0,0,2021.0,7.0,6.0,1,3,2,0,0.0,0.0,0.0,0.0,0,0,43.333333333333336,9.073771725877465,0,2,3,0.0,0.667,1
A-2021-07-189,2021-07-04,22:18,ATROPELLO FUGA,1,0,1,CUSCO,CANCHIS,SICUANI,RURAL,CARRETERA,NACIONAL,PE-3S,-14.305062,-71.210537,DESPEJADO,RURAL,TRAMO RECTO,PLANA ,ASFALTADA,,,,,EN PROCESO DE INVESTIGACIÓN,NO CUENTA CON CAUSA ESPECIFICA,22.0,0,2021.0,7.0,6.0,1,3,2,1,0.0,0.0,0.0,0.0,0,0,23.0,0.0,0,0,2,0.0,0.0,1
A-2021-07-33,2021-07-05,07:25,DESPISTE,1,0,1,CAJAMARCA,HUALGAYOC,BAMBAMARCA,RURAL,CARRETERA,PROVINCIAL,CA-966,-6.6377064,-78.48006483,DESPEJADO,RURAL,CURVA,INCLINADA,AFIRMADO,SI,PREVENTIVA (P),,NO,IMPRUDENCIA DEL CONDUCTOR,FATIGA Y/O CANSANCIO,7.0,0,2021.0,7.0,0.0,0,1,2,1,0.0,1.0,1.0,2.0,0,1,36.0,21.213203435596427,0,1,2,0.0,0.5,0
A-2021-07-21,2021-07-05,17:30,DESPISTE,1,2,1,CALLAO,CALLAO,VENTANILLA,URBANA,AVENIDA,URBANO,NO CORRESPONDE,-11.846209305910964,-77.13424790406403,DESPEJADO,RESIDENCIAL,OTRO,INCLINADA,AFIRMADO,,,,,NEGLIGENCIA DEL CONDUCTOR,OTRO (NEGLIGENCIA DEL CONDUCTOR),17.0,0,2021.0,7.0,0.0,0,2,2,0,1.0,1.0,1.0,3.0,0,0,66.66666666666667,13.203534880225574,0,0,4,0.0,0.0,0
A-2021-07-23,2021-07-05,17:58,ATROPELLO,1,0,0,AREQUIPA,AREQUIPA,CAYMA,URBANA,AVENIDA,URBANO,NO CORRESPONDE,-16.3895257,-71.5478585,DESPEJADO,RESIDENCIAL,INTERSECCIÓN,INCLINADA,ASFALTADA,NO,,,SI,EN PROCESO DE INVESTIGACIÓN,NO CUENTA CON CAUSA ESPECIFICA,17.0,0,2021.0,7.0,0.0,0,2,2,0,1.0,1.0,0.0,2.0,0,1,41.5,16.263455967290593,0,1,2,0.0,0.5,0
A-2021-07-229,2021-07-05,21:20,ATROPELLO FUGA,1,0,0,LIMA,LIMA,SAN MARTIN DE PORRES,URBANA,AVENIDA,URBANO,NO CORRESPONDE,-12.001002,-77.090998,DESPEJADO,COMERCIAL,INTERSECCIÓN,PLANA ,ASFALTADA,,,,,EN PROCESO DE INVESTIGACIÓN,NO CUENTA CON CAUSA ESPECIFICA,21.0,0,2021.0,7.0,0.0,0,3,2,0,1.0,0.0,0.0,1.0,0,0,69.0,0.0,0,0,2,0.0,0.0,1
A-2021-07-141,2021-07-06,06:20,DESPISTE,2,0,1,PUNO,SANDIA,SAN JUAN DEL ORO,RURAL,CARRETERA,NACIONAL,PE-34H,-14.211377970111968,-69.1442638354776,DESPEJADO,RURAL,CURVA,INCLINADA,TROCHA,,,,,NEGLIGENCIA DEL CONDUCTOR,OTRO (NEGLIGENCIA DEL CONDUCTOR),6.0,1,2021.0,7.0,1.0,0,1,2,1,0.0,1.0,2.0,3.0,0,0,37.0,1.4142135623730951,0,0,2,0.0,0.0,0
A-2021-07-146,2021-07-06,10:00,DESPISTE,2,2,1,LIMA,HUAURA,SAYAN,RURAL,CARRETERA,NACIONAL,PE-18,-11.191100360128829,-77.30334008873774,DESPEJADO,RURAL,TRAMO RECTO,PLANA ,ASFALTADA,,,,,IMPRUDENCIA DEL CONDUCTOR,EXCESO DE VELOCIDAD,10.0,1,2021.0,7.0,1.0,0,1,2,0,0.0,0.0,0.0,0.0,0,0,22.25,6.701989754294367,0,1,4,0.0,0.25,0
A-2021-07-58,2021-07-06,12:45,ATROPELLO,1,0,1,LA LIBERTAD,TRUJILLO,TRUJILLO,URBANA,AVENIDA,URBANO,NO CORRESPONDE,-8.11165,-79.01348,DESPEJADO,COMERCIAL,TRAMO RECTO,PLANA ,ASFALTADA,,,,,EN PROCESO DE INVESTIGACIÓN,NO CUENTA CON CAUSA ESPECIFICA,12.0,0,2021.0,7.0,1.0,0,2,2,0,1.0,0.0,0.0,1.0,0,0,52.5,33.23401871576773,0,1,2,0.0,0.5,0
A-2021-07-160,2021-07-06,19:58,CHOQUE,1,0,2,CUSCO,CUSCO,SAN JERONIMO,URBANA,VIA EXPRESA,URBANO,NO CORRESPONDE,-13.543829,-71.900762,DESPEJADO,RESIDENCIAL,TRAMO RECTO,PLANA ,ASFALTADA,SI,REGULADORA (R),REGULADORA (R),SI,IMPRUDENCIA DEL CONDUCTOR,INVASIÓN DE CARRIL,19.0,0,2021.0,7.0,1.0,0,3,2,1,1.0,0.0,0.0,1.0,0,0,31.0,4.242640687119285,0,2,2,0.0,1.0,1
A-2021-07-231,2021-07-06,20:00,ATROPELLO FUGA,2,0,0,LIMA,LIMA,SAN JUAN DE LURIGANCHO,URBANA,AVENIDA,URBANO,NO CORRESPONDE,-11.990197,-77.015389,NUBLADO,COMERCIAL,INTERSECCIÓN,PLANA ,ASFALTADA,,,,,IMPRUDENCIA DEL CONDUCTOR,EXCESO DE VELOCIDAD,20.0,1,2021.0,7.0,1.0,0,3,2,0,1.0,0.0,0.0,1.0,0,0,37.0,21.213203435596427,0,0,3,0.0,0.0,1
A-2021-07-37,2021-07-07,05:00,CHOQUE,1,0,0,MADRE DE DIOS,TAMBOPATA,INAMBARI,RURAL,CARRETERA,NACIONAL,PE-30C,-12.885875129843052,-70.02098674946659,,,,,,,,,,EN PROCESO DE INVESTIGACIÓN,NO CUENTA CON CAUSA ESPECIFICA,5.0,0,2021.0,7.0,2.0,0,0,2,2,0.0,1.0,1.0,2.0,0,0,37.0,0.0,0,0,2,0.0,0.0,1
A-2021-07-226,2021-07-07,06:15,DESPISTE,2,1,1,APURIMAC,GRAU,GAMARRA,RURAL,CARRETERA,DEPARTAMENTAL,AP-113,-13.86392416157982,-72.50583311454133,DESPEJADO,RURAL,TRAMO RECTO,PLANA ,AFIRMADO,,,,,NEGLIGENCIA DEL CONDUCTOR,OTRO (NEGLIGENCIA DEL CONDUCTOR),6.0,1,2021.0,7.0,2.0,0,1,2,1,0.0,0.0,1.0,1.0,0,0,26.666666666666668,4.041451884327381,0,1,3,0.0,0.333,0
A-2021-07-50,2021-07-07,07:20,ATROPELLO,1,0,1,JUNIN,CHUPACA,HUAMANCACA CHICO,URBANA,JIRÓN,URBANO,NO CORRESPONDE,-12.07933,-75.24921,DESPEJADO,RURAL,OTRO,PLANA ,TROCHA,,,,,IMPRUDENCIA DEL CONDUCTOR,VEHÍCULO MAL ESTACIONADO,7.0,0,2021.0,7.0,2.0,0,1,2,1,1.0,0.0,2.0,3.0,0,0,21.5,28.991378028648448,0,1,2,0.0,0.5,0
A-2021-07-59,2021-07-07,07:40,CHOQUE,1,0,2,LA LIBERTAD,ASCOPE,RAZURI,RURAL,CARRETERA,NACIONAL,PE-1N,-7.6118045,-79.3688091,LLUVIOSO,RURAL,TRAMO RECTO,PLANA ,ASFALTADA,,,,,IMPRUDENCIA DEL CONDUCTOR,FATIGA Y/O CANSANCIO,7.0,0,2021.0,7.0,2.0,0,1,2,0,0.0,0.0,0.0,0.0,1,0,41.0,11.0,0,2,3,0.0,0.667,0
A-2021-07-233,2021-07-07,11:30,CHOQUE,1,0,0,LIMA,LIMA,COMAS,URBANA,CARRETERA,NACIONAL,PE-20A,-11.910779,-77.05586,NUBLADO,ESCOLAR,INTERSECCIÓN,PLANA ,ASFALTADA,NO,,,NO,EN PROCESO DE INVESTIGACIÓN,NO CUENTA CON CAUSA ESPECIFICA,11.0,0,2021.0,7.0,2.0,0,1,2,0,0.0,0.0,0.0,0.0,0,2,33.0,2.8284271247461903,0,0,2,0.0,0.0,0