CODIGO_SINIESTRO,FECHA_SINIESTRO,HORA_SINIESTRO,CLASE_SINIESTRO,CANTIDAD_FALLECIDOS,CANTIDAD_LESIONADOS,CANTIDAD_VEHICULOS,DEPARTAMENTO,PROVINCIA,DISTRITO,ZONA,TIPO_VIA,RED_VIAL,COD_CARRETERA,LATITUD,LONGITUD,CONDICION_CLIMATICA,ZONIFICACION,CARACTERISTICAS_VIA,PERFIL_VIA,SUPERFICIE_CALZADA,EXISTE_SENIAL_VERTICAL,CLASIFICACION_SENIAL_VERTICAL_1,CLASIFICACION_SENIAL_VERTICAL_2,EXISTE_SENIAL_HORIZONTAL,CAUSA_FACTOR_PRINCIPAL,CAUSA_ESPECIFICA,HORA,severidad,ANIO,MES,DIA_SEMANA,FIN_SEMANA,FRANJA_HORARIA,TEMPORADA,MACROREGION,TIPO_VIA_SCORE,PERFIL_VIA_SCORE,SUPERFICIE_CALZADA_SCORE,RIESGO_INFRAESTRUCTURA,RIESGO_CLIMATICO,SENIALIZACION_DEFICIENTE,EDAD_PROMEDIO,EDAD_STD,TOTAL_ALCOHOL,TOTAL_LICENCIA,TOTAL_PERSONAS,PCT_ALCOHOL,PCT_LICENCIA,ES_NOCHE
A-2021-07-78,2021-07-07,16:30,CHOQUE,8,8,3,TACNA,TACNA,LA YARADA LOS PALOS,RURAL,CARRETERA,NACIONAL,PE-1SD,-18.125966,-70.391346,DESPEJADO,RURAL,TRAMO RECTO,PLANA ,ASFALTADA,NO,,,SI,IMPRUDENCIA DEL CONDUCTOR,INVASIÓN DE CARRIL,16.0,2,2021.0,7.0,2.0,0,2,2,0,0.0,0.0,0.0,0.0,0,1,30.3125,15.413062641798353,0,3,16,0.0,0.188,0
A-2021-07-29,2021-07-07,21:10,CHOQUE,2,1,2,PUNO,CHUCUITO,ZEPITA,RURAL,CARRETERA,NACIONAL,PE-3S,-16.43036876686359,-69.16751835808462,DESPEJADO,RURAL,TRAMO RECTO,PLANA ,ASFALTADA,,,,,IMPRUDENCIA DEL CONDUCTOR,EXCESO DE VELOCIDAD,21.0,1,2021.0,7.0,2.0,0,3,2,1,0.0,0.0,0.0,0.0,0,0,36.666666666666664,4.72581562625261,0,2,3,0.0,0.667,1
A-2021-07-34,2021-07-08,02:10,CHOQUE,1,2,2,ANCASH,HUAYLAS,CARAZ,RURAL,CARRETERA,NACIONAL,PE-3N,-9.072865102671804,-77.78696410785597,DESPEJADO,RURAL,TRAMO RECTO,INCLINADA,ASFALTADA,SI,PREVENTIVA (P),,SI,IMPRUDENCIA DEL CONDUCTOR,INVASIÓN DE CARRIL,2.0,0,2021.0,7.0,3.0,0,0,2,0,0.0,1.0,0.0,1.0,0,0,36.0,5.5677643628300215,0,2,3,0.0,0.667,1
A-2021-07-46,2021-07-08,14:31,DESPISTE,1,3,1,TACNA,TACNA,ALTO DE LA ALIANZA,RURAL,CARRETERA,NACIONAL,PE-38,-17.995197,-70.262317,DESPEJADO,RURAL,CURVA,INCLINADA,ASFALTADA,SI,PREVENTIVA (P),PREVENTIVA (P),NO,IMPRUDENCIA DEL CONDUCTOR,EXCESO DE VELOCIDAD,14.0,0,2021.0,7.0,3.0,0,2,2,0,0.0,1.0,0.0,1.0,0,1,36.4,12.934450123604018,0,1,5,0.0,0.2,0
A-2021-07-60,2021-07-08,16:45,CHOQUE,1,0,2,LA LIBERTAD,PACASMAYO,PACASMAYO,RURAL,CARRETERA,NACIONAL,PE-1N,-7.407695,-79.557017,DESPEJADO,RURAL,INTERSECCIÓN,PLANA ,ASFALTADA,,,,,EN PROCESO DE INVESTIGACIÓN,NO CUENTA CON CAUSA ESPECIFICA,16.0,0,2021.0,7.0,3.0,0,2,2,0,0.0,0.0,0.0,0.0,0,0,30.5,7.7781745930520225,0,2,2,0.0,1.0,0
A-2021-07-116,2021-07-09,00:55,ATROPELLO FUGA,1,0,0,CAJAMARCA,CHOTA,CHOTA,URBANA,CARRETERA,NACIONAL,PE-3N,-6.5754156,-78.63548693,DESPEJADO,COMERCIAL,TRAMO RECTO,PLANA ,ASFALTADA,SI,PREVENTIVA (P),,SI,EN PROCESO DE INVESTIGACIÓN,NO CUENTA CON CAUSA ESPECIFICA,0.0,0,2021.0,7.0,4.0,0,0,2,1,0.0,0.0,0.0,0.0,0,0,75.0,0.0,0,0,2,0.0,0.0,1
A-2021-07-38,2021-07-09,03:30,CHOQUE,1,0,2,HUANUCO,LEONCIO PRADO,RUPA-RUPA,URBANA,PASAJE,URBANO,NO CORRESPONDE,-9.314544,-75.998179,DESPEJADO,COMERCIAL,TRAMO RECTO,INCLINADA,CONCRETO,,,,,IMPRUDENCIA DEL CONDUCTOR,CONDUCIR EN ESTADO DE EBRIEDAD Y/O DROGADICCIÓN,3.0,0,2021.0,7.0,4.0,0,0,2,1,1.0,1.0,0.0,2.0,0,0,21.0,5.656854249492381,0,0,2,0.0,0.0,1
A-2021-07-276,2021-07-09,06:35,CHOQUE,1,0,0,LIMA,LIMA,RIMAC,URBANA,VIA EXPRESA,URBANO,NO CORRESPONDE,-12.038363,-77.016899,DESPEJADO,RESIDENCIAL,TRAMO RECTO,PLANA ,ASFALTADA,NO,,,NO,IMPRUDENCIA DEL CONDUCTOR,EXCESO DE VELOCIDAD,6.0,0,2021.0,7.0,4.0,0,1,2,0,1.0,0.0,0.0,1.0,0,2,43.0,9.899494936611665,0,0,2,0.0,0.0,0
A-2021-07-75,2021-07-09,08:00,ATROPELLO,1,0,0,APURIMAC,ANDAHUAYLAS,ANDAHUAYLAS,URBANA,CARRETERA,PROVINCIAL,AP-672,-13.715679,-73.342001,DESPEJADO,RURAL,TRAMO RECTO,INCLINADA,AFIRMADO,,,,,IMPRUDENCIA DEL CONDUCTOR,NO DAR PASO PREFERENTE AL PEATÓN,8.0,0,2021.0,7.0,4.0,0,1,2,1,0.0,1.0,1.0,2.0,0,0,28.5,28.991378028648448,0,0,2,0.0,0.0,0
A-2021-07-77,2021-07-09,17:00,ATROPELLO,1,0,0,MOQUEGUA,MARISCAL NIETO,SAMEGUA,RURAL,CARRETERA,SIN CLASIFICAR,SIN CLASIFICAR,-17.2046333,-70.90035,,,,,,,,,,EN PROCESO DE INVESTIGACIÓN,NO CUENTA CON CAUSA ESPECIFICA,17.0,0,2021.0,7.0,4.0,0,2,2,0,0.0,1.0,1.0,2.0,0,0,32.0,43.840620433565945,0,0,2,0.0,0.0,0
A-2021-07-151,2021-07-09,18:00,ATROPELLO FUGA,1,0,0,PUNO,AZANGARO,SANTIAGO DE PUPUJA,RURAL,CARRETERA,NACIONAL,PE-34B,-15.017495,-70.1798524,DESPEJADO,RURAL,TRAMO RECTO,PLANA ,ASFALTADA,,,,,IMPRUDENCIA DEL CONDUCTOR,OTRO (IMPRUDENCIA DEL CONDUCTOR),18.0,0,2021.0,7.0,4.0,0,3,2,1,0.0,0.0,0.0,0.0,0,0,59.0,0.0,0,0,2,0.0,0.0,1
A-2021-07-306,2021-07-09,18:50,ATROPELLO,1,0,0,SAN MARTIN,EL DORADO,SAN JOSE DE SISA,URBANA,CARRETERA,DEPARTAMENTAL,SM-102,-6.61362,-76.6821,DESPEJADO,COMERCIAL,TRAMO RECTO,PLANA ,ASFALTADA,,,,,EN PROCESO DE INVESTIGACIÓN,NO CUENTA CON CAUSA ESPECIFICA,18.0,0,2021.0,7.0,4.0,0,3,2,2,0.0,0.0,0.0,0.0,0,0,64.0,0.0,1,0,2,0.5,0.0,1
A-2021-07-35,2021-07-09,18:50,DESPISTE,1,2,1,ANCASH,YUNGAY,YUNGAY,RURAL,CARRETERA,PROVINCIAL,AN-828,-9.13960825098862,-77.7298863031341,DESPEJADO,RURAL,CURVA,INCLINADA,TROCHA,,,,,NEGLIGENCIA DEL CONDUCTOR,OTRO (NEGLIGENCIA DEL CONDUCTOR),18.0,0,2021.0,7.0,4.0,0,3,2,0,0.0,1.0,2.0,3.0,0,0,34.5,19.087517736293876,0,1,4,0.0,0.25,1
A-2021-07-80,2021-07-09,19:45,CHOQUE FUGA,1,0,1,TACNA,TACNA,LA YARADA LOS PALOS,RURAL,CARRETERA,PROVINCIAL,TA-641,-18.21671096,-70.52593212,DESPEJADO,RURAL,TRAMO RECTO,PLANA ,ASFALTADA,,,,,IMPRUDENCIA DEL CONDUCTOR,CONDUCIR EN ESTADO DE EBRIEDAD Y/O DROGADICCIÓN,19.0,0,2021.0,7.0,4.0,0,3,2,0,0.0,0.0,0.0,0.0,0,0,39.0,0.0,0,0,2,0.0,0.0,1
A-2021-07-242,2021-07-09,22:30,CHOQUE FUGA,1,0,0,LIMA,LIMA,SANTIAGO DE SURCO,URBANA,AVENIDA,URBANO,NO CORRESPONDE,-12.1240797,-76.9883922,DESPEJADO,RESIDENCIAL,TRAMO RECTO,PLANA ,ASFALTADA,,,,,IMPRUDENCIA DEL CONDUCTOR,EXCESO DE VELOCIDAD,22.0,0,2021.0,7.0,4.0,0,3,2,0,1.0,0.0,0.0,1.0,0,0,26.0,0.0,0,0,2,0.0,0.0,1
A-2021-07-62,2021-07-10,01:30,DESPISTE,1,0,1,LA LIBERTAD,ASCOPE,PAIJAN,RURAL,CARRETERA,PROVINCIAL,LI-610,-7.7275,-79.321517,DESPEJADO,RURAL,TRAMO RECTO,PLANA ,ASFALTADA,,,,,NEGLIGENCIA DEL CONDUCTOR,OTRO (NEGLIGENCIA DEL CONDUCTOR),1.0,0,2021.0,7.0,5.0,1,0,2,0,0.0,0.0,0.0,0.0,0,0,50.0,0.0,0,0,1,0.0,0.0,1
A-2021-07-296,2021-07-10,04:00,CHOQUE,1,0,2,ANCASH,CASMA,CASMA,RURAL,CARRETERA,NACIONAL,PE-1N,-9.45911297221642,-78.33128691074788,DESPEJADO,RURAL,TRAMO RECTO,PLANA ,ASFALTADA,,,,,EN PROCESO DE INVESTIGACIÓN,NO CUENTA CON CAUSA ESPECIFICA,4.0,0,2021.0,7.0,5.0,1,0,2,0,0.0,0.0,0.0,0.0,0,0,59.0,0.0,0,1,2,0.0,0.5,1
A-2021-07-44,2021-07-10,05:00,DESPISTE,2,1,1,HUANCAVELICA,TAYACAJA,QUICHUAS,RURAL,CARRETERA,NACIONAL,PE-3SD,-12.4888976,-74.6497887,DESPEJADO,RURAL,CURVA,PLANA ,CASCAJO/RIPIO,,,,,EN PROCESO DE INVESTIGACIÓN,NO CUENTA CON CAUSA ESPECIFICA,5.0,1,2021.0,7.0,5.0,1,0,2,1,0.0,0.0,1.0,1.0,0,0,45.0,15.874507866387544,0,1,3,0.0,0.333,1
A-2021-07-36,2021-07-10,05:45,CHOQUE,1,0,1,CALLAO,CALLAO,CALLAO,URBANA,CARRETERA,NACIONAL,PE-20,-12.038659507054833,-77.12718311012668,DESPEJADO,INDUSTRIAL,TRAMO RECTO,PLANA ,ASFALTADA,SI,REGULADORA (R),,SI,IMPRUDENCIA DEL CONDUCTOR,GIRAR IMPRUDENTEMENTE,5.0,0,2021.0,7.0,5.0,1,0,2,0,0.0,0.0,0.0,0.0,0,0,51.5,6.363961030678928,0,1,2,0.0,0.5,1
A-2021-07-134,2021-07-10,07:45,DESPISTE,1,0,1,CUSCO,QUISPICANCHI,CCATCA,RURAL,CARRETERA,PROVINCIAL,CU-1036,-13.537243,-71.499815,DESPEJADO,RURAL,CURVA,INCLINADA,TROCHA,,,,,IMPRUDENCIA DEL CONDUCTOR,EXCESO DE VELOCIDAD,7.0,0,2021.0,7.0,5.0,1,1,2,1,0.0,1.0,2.0,3.0,0,0,48.5,0.7071067811865476,0,0,2,0.0,0.0,0
A-2021-07-63,2021-07-10,10:15,ATROPELLO,2,0,0,PIURA,PIURA,CASTILLA,URBANA,AVENIDA,URBANO,NO CORRESPONDE,-5.191074,-80.583146,DESPEJADO,RURAL,TRAMO RECTO,INCLINADA,TROCHA,,,,,IMPRUDENCIA DEL CONDUCTOR,OTRO (IMPRUDENCIA DEL CONDUCTOR),10.0,1,2021.0,7.0,5.0,1,1,2,0,1.0,1.0,2.0,4.0,0,0,13.333333333333334,14.294521094927712,1,0,3,0.333,0.0,0
A-2021-07-42,2021-07-10,11:00,DESPISTE,1,1,1,AREQUIPA,AREQUIPA,YARABAMBA,RURAL,CARRETERA,DEPARTAMENTAL,AR-117,-16.579011,-71.423802,DESPEJADO,RURAL,CURVA,INCLINADA,ASFALTADA,NO,,,SI,EN PROCESO DE INVESTIGACIÓN,NO CUENTA CON CAUSA ESPECIFICA,11.0,0,2021.0,7.0,5.0,1,1,2,0,0.0,1.0,0.0,1.0,0,1,36.5,14.849242404917497,0,0,2,0.0,0.0,0
A-2021-07-97,2021-07-10,15:30,VOLCADURA,1,0,1,PIURA,SECHURA,SECHURA,RURAL,CARRETERA,SIN CLASIFICAR,SIN CLASIFICAR,-5.6338193,-80.8510544,DESPEJADO,RURAL,ÓVALO,PLANA ,ASFALTADA,SI,PREVENTIVA (P),INFORMATIVA (I),NO,EN PROCESO DE INVESTIGACIÓN,NO CUENTA CON CAUSA ESPECIFICA,15.0,0,2021.0,7.0,5.0,1,2,2,0,0.0,0.0,0.0,0.0,0,1,58.0,0.0,0,1,1,0.0,1.0,0
A-2021-07-183,2021-07-10,22:55,CHOQUE,1,0,2,CUSCO,ANTA,ANTA,URBANA,CARRETERA,NACIONAL,PE-3S,-13.463102,-72.147352,DESPEJADO,RESIDENCIAL,TRAMO RECTO,PLANA ,ASFALTADA,,,,,NEGLIGENCIA DEL CONDUCTOR,OTRO (NEGLIGENCIA DEL CONDUCTOR),22.0,0,2021.0,7.0,5.0,1,3,2,1,0.0,0.0,0.0,0.0,0,0,28.0,15.556349186104045,0,1,2,0.0,0.5,1
A-2021-07-64,2021-07-10,23:50,ATROPELLO FUGA,1,0,1,LA LIBERTAD,TRUJILLO,HUANCHACO,URBANA,CARRETERA,NACIONAL,PE-1N,-8.126609,-79.075534,DESPEJADO,INDUSTRIAL,TRAMO RECTO,PLANA ,ASFALTADA,,,,,EN PROCESO DE INVESTIGACIÓN,NO CUENTA CON CAUSA ESPECIFICA,23.0,0,2021.0,7.0,5.0,1,3,2,0,0.0,0.0,0.0,0.0,0,0,0.0,0.0,0,0,2,0.0,0.0,1
A-2021-07-190,2021-07-11,05:00,ATROPELLO FUGA,1,0,1,CUSCO,PAUCARTAMBO,PAUCARTAMBO,RURAL,CARRETERA,SIN CLASIFICAR,SIN CLASIFICAR,-13.1838992,-71.353975,DESPEJADO,RURAL,CURVA,INCLINADA,TROCHA,,,,,EN PROCESO DE INVESTIGACIÓN,NO CUENTA CON CAUSA ESPECIFICA,5.0,0,2021.0,7.0,6.0,1,0,2,1,0.0,1.0,2.0,3.0,0,0,64.0,0.0,0,0,2,0.0,0.0,1
A-2021-07-133,2021-07-11,05:20,ATROPELLO,1,0,1,CUSCO,CUSCO,SAYLLA,URBANA,CARRETERA,NACIONAL,PE-3S,-13.555456,-71.856487,DESPEJADO,RESIDENCIAL,TRAMO RECTO,PLANA ,ASFALTADA,,,,,IMPRUDENCIA DEL CONDUCTOR,EXCESO DE VELOCIDAD,5.0,0,2021.0,7.0,6.0,1,0,2,1,0.0,0.0,0.0,0.0,0,0,35.0,5.656854249492381,0,1,2,0.0,0.5,1
A-2021-07-236,2021-07-11,10:30,DESPISTE,1,1,1,PIURA,SULLANA,IGNACIO ESCUDERO,URBANA,CARRETERA,NACIONAL,PE-1N,-4.83667332625442,-80.8964646475364,DESPEJADO,RESIDENCIAL,TRAMO RECTO,PLANA ,ASFALTADA,,,,,EN PROCESO DE INVESTIGACIÓN,NO CUENTA CON CAUSA ESPECIFICA,10.0,0,2021.0,7.0,6.0,1,1,2,0,0.0,0.0,0.0,0.0,0,0,29.0,1.4142135623730951,0,0,2,0.0,0.0,0
A-2021-07-82,2021-07-11,12:30,DESPISTE,1,2,1,HUANCAVELICA,CASTROVIRREYNA,CASTROVIRREYNA,RURAL,CARRETERA,SIN CLASIFICAR,SIN CLASIFICAR,-13.222,-75.2929,DESPEJADO,RURAL,PUENTE,INCLINADA,CASCAJO/RIPIO,,,,,EN PROCESO DE INVESTIGACIÓN,NO CUENTA CON CAUSA ESPECIFICA,12.0,0,2021.0,7.0,6.0,1,2,2,1,0.0,1.0,1.0,2.0,0,0,44.0,11.313708498984761,0,0,3,0.0,0.0,0
A-2021-07-243,2021-07-11,13:00,DESPISTE,1,0,0,LIMA,LIMA,RIMAC,URBANA,AVENIDA,URBANO,NO CORRESPONDE,-12.0304145,-77.0238564,DESPEJADO,RESIDENCIAL,TÚNEL,PLANA ,ASFALTADA,,,,,IMPRUDENCIA DEL CONDUCTOR,EXCESO DE VELOCIDAD,13.0,0,2021.0,7.0,6.0,1,2,2,0,1.0,0.0,0.0,1.0,0,0,41.0,0.0,0,0,1,0.0,0.0,0
A-2021-07-86,2021-07-11,15:00,ATROPELLO FUGA,1,0,0,SAN MARTIN,RIOJA,NUEVA CAJAMARCA,URBANA,CARRETERA,NACIONAL,PE-5N,-5.907573,-77.324103,DESPEJADO,RURAL,TRAMO RECTO,PLANA ,ASFALTADA,,,,,EN PROCESO DE INVESTIGACIÓN,NO CUENTA CON CAUSA ESPECIFICA,15.0,0,2021.0,7.0,6.0,1,2,2,2,0.0,0.0,0.0,0.0,0,0,55.0,0.0,0,0,1,0.0,0.0,0
A-2021-07-188,2021-07-11,18:45,DESPISTE,1,1,1,CUSCO,PARURO,YAURISQUE,RURAL,CARRETERA,DEPARTAMENTAL,CU-117,-13.657442,-71.923325,DESPEJADO,RURAL,SINUOSA,INCLINADA,TROCHA,,,,,EN PROCESO DE INVESTIGACIÓN,NO CUENTA CON CAUSA ESPECIFICA,18.0,0,2021.0,7.0,6.0,1,3,2,1,0.0,1.0,2.0,3.0,0,0,40.5,3.5355339059327378,0,1,2,0.0,0.5,1
A-2021-07-43,2021-07-11,20:00,ATROPELLO,1,0,1,CALLAO,CALLAO,CALLAO,URBANA,CARRETERA,NACIONAL,PE-20,-11.994312950467313,-77.1259433100459,DESPEJADO,INDUSTRIAL,TRAMO RECTO,PLANA ,ASFALTADA,SI,INFORMATIVA (I),,SI,IMPRUDENCIA DEL PEATÓN,ESTADO DE EBRIEDAD Y/O DROGADICCIÓN,20.0,0,2021.0,7.0,6.0,1,3,2,0,0.0,0.0,0.0,0.0,0,0,49.5,3.5355339059327378,0,1,2,0.0,0.5,1
A-2021-07-304,2021-07-12,03:30,CHOQUE,1,2,2,SAN MARTIN,SAN MARTIN,LA BANDA DE SHILCAYO,RURAL,CARRETERA,NACIONAL,PE-5N,-6.517511240967366,-76.3615952657631,DESPEJADO,RURAL,TRAMO RECTO,INCLINADA,ASFALTADA,NO,,,SI,IMPRUDENCIA DEL CONDUCTOR,CONDUCIR EN ESTADO DE EBRIEDAD Y/O DROGADICCIÓN,3.0,0,2021.0,7.0,0.0,0,0,2,2,0.0,1.0,0.0,1.0,0,1,20.5,0.7071067811865476,0,1,4,0.0,0.25,1
A-2021-07-297,2021-07-12,04:50,CHOQUE,1,0,2,ANCASH,SANTA,NEPEÑA,RURAL,CARRETERA,NACIONAL,PE-1N,-9.234413370363791,-78.44856350500798,DESPEJADO,RURAL,TRAMO RECTO,PLANA ,ASFALTADA,,,,,EN PROCESO DE INVESTIGACIÓN,NO CUENTA CON CAUSA ESPECIFICA,4.0,0,2021.0,7.0,0.0,0,0,2,0,0.0,0.0,0.0,0.0,0,0,39.5,21.920310216782973,0,1,3,0.0,0.333,1
A-2021-07-48,2021-07-12,06:15,CHOQUE,4,6,2,AREQUIPA,CAYLLOMA,SAN ANTONIO DE CHUCA,RURAL,CARRETERA,NACIONAL,PE-34A,-15.758273,-70.965986,DESPEJADO,RURAL,TRAMO RECTO,INCLINADA,ASFALTADA,NO,,,SI,EN PROCESO DE INVESTIGACIÓN,NO CUENTA CON CAUSA ESPECIFICA,6.0,2,2021.0,7.0,0.0,0,1,2,0,0.0,1.0,0.0,1.0,0,1,28.7,19.994721525664943,0,2,10,0.0,0.2,0
A-2021-07-61,2021-07-12,08:10,CHOQUE,1,0,4,ICA,ICA,SANTIAGO,RURAL,CARRETERA,NACIONAL,PE-1S,-14.215792,-75.709245,DESPEJADO,RURAL,CURVA,PLANA ,ASFALTADA,SI,PREVENTIVA (P),PREVENTIVA (P),SI,EN PROCESO DE INVESTIGACIÓN,NO CUENTA CON CAUSA ESPECIFICA,8.0,0,2021.0,7.0,0.0,0,1,2,0,0.0,0.0,0.0,0.0,0,0,31.75,4.272001872658765,0,4,4,0.0,1.0,0
A-2021-07-81,2021-07-12,09:45,CHOQUE,1,0,2,LA LIBERTAD,CHEPEN,CHEPEN,RURAL,CARRETERA,NACIONAL,PE-08,-7.320172,-79.370243,DESPEJADO,RURAL,TRAMO RECTO,PLANA ,ASFALTADA,,,,,IMPRUDENCIA DEL CONDUCTOR,NO ESTABLECER EL DERECHO DE PASO,9.0,0,2021.0,7.0,0.0,0,1,2,0,0.0,0.0,0.0,0.0,0,0,59.5,2.1213203435596424,0,1,2,0.0,0.5,0
A-2021-07-227,2021-07-12,10:00,DESPISTE,2,2,1,AREQUIPA,CARAVELI,CHAPARRA,RURAL,CARRETERA,SIN CLASIFICAR,SIN CLASIFICAR,-15.75,-73.787,DESPEJADO,RURAL,OTRO,INCLINADA,TROCHA,,,,,EN PROCESO DE INVESTIGACIÓN,NO CUENTA CON CAUSA ESPECIFICA,10.0,1,2021.0,7.0,0.0,0,1,2,0,0.0,1.0,2.0,3.0,0,0,32.5,2.3804761428476167,0,1,4,0.0,0.25,0
A-2021-07-158,2021-07-12,12:00,DESPISTE,1,0,1,CUSCO,CALCA,CALCA,RURAL,CARRETERA,PROVINCIAL,CU-948,-13.24952,-71.89265,DESPEJADO,RURAL,TRAMO RECTO,PLANA ,ASFALTADA,SI,REGULADORA (R),REGULADORA (R),SI,IMPRUDENCIA DEL CONDUCTOR,EXCESO DE VELOCIDAD,12.0,0,2021.0,7.0,0.0,0,2,2,1,0.0,0.0,0.0,0.0,0,0,22.0,0.0,0,0,1,0.0,0.0,0
A-2021-07-83,2021-07-12,13:40,DESPISTE,1,9,1,HUANCAVELICA,CASTROVIRREYNA,CASTROVIRREYNA,RURAL,CARRETERA,SIN CLASIFICAR,SIN CLASIFICAR,-13.2544,-75.2749,SOLEADO,RURAL,SINUOSA,INCLINADA,AFIRMADO,,,,,EN PROCESO DE INVESTIGACIÓN,NO CUENTA CON CAUSA ESPECIFICA,13.0,0,2021.0,7.0,0.0,0,2,2,1,0.0,1.0,1.0,2.0,0,0,37.285714285714285,15.976172734359606,0,1,10,0.0,0.1,0
A-2021-07-244,2021-07-12,14:30,CHOQUE,1,0,0,LIMA,LIMA,LIMA,RURAL,AVENIDA,URBANO,NO CORRESPONDE,-12.0580984,-77.0159842,DESPEJADO,RESIDENCIAL,TRAMO RECTO,PLANA ,ASFALTADA,,,,,IMPRUDENCIA DEL CONDUCTOR,EXCESO DE VELOCIDAD,14.0,0,2021.0,7.0,0.0,0,2,2,0,1.0,0.0,0.0,1.0,0,0,37.333333333333336,14.742229591663987,0,2,3,0.0,0.667,0
A-2021-07-74,2021-07-12,14:30,CHOQUE,2,0,2,JUNIN,CHANCHAMAYO,PERENE,RURAL,CARRETERA,NACIONAL,PE-5S,-10.893806921559912,-74.93667564283874,NUBLADO,RURAL,TRAMO RECTO,PLANA ,ASFALTADA,,,,,EN PROCESO DE INVESTIGACIÓN,NO CUENTA CON CAUSA ESPECIFICA,14.0,1,2021.0,7.0,0.0,0,2,2,1,0.0,0.0,0.0,0.0,0,0,36.666666666666664,23.692474191889147,2,2,3,0.667,0.667,0
A-2021-07-70,2021-07-12,16:00,CHOQUE,2,4,2,CAJAMARCA,CAJAMARCA,MAGDALENA,RURAL,CARRETERA,NACIONAL,PE-08,-7.280169,-78.588818,DESPEJADO,RURAL,TRAMO RECTO,PLANA ,ASFALTADA,SI,PREVENTIVA (P),REGULADORA (R),SI,EN PROCESO DE INVESTIGACIÓN,NO CUENTA CON CAUSA ESPECIFICA,16.0,1,2021.0,7.0,0.0,0,2,2,1,0.0,0.0,0.0,0.0,0,0,45.0,25.638512697372548,0,1,7,0.0,0.143,0
A-2021-07-245,2021-07-12,19:00,ATROPELLO,2,0,0,LIMA,LIMA,ATE,URBANA,AVENIDA,URBANO,NO CORRESPONDE,-12.0197036,-76.9007886,DESPEJADO,COMERCIAL,TRAMO RECTO,PLANA ,ASFALTADA,,,,,IMPRUDENCIA DEL PEATÓN,USO DE DISPOSITIVOS MÓVILES Y/O ELECTRÓNICOS,19.0,1,2021.0,7.0,0.0,0,3,2,0,1.0,0.0,0.0,1.0,0,0,0.0,0.0,0,0,2,0.0,0.0,1
A-2021-07-103,2021-07-12,22:50,ATROPELLO FUGA,1,0,0,LAMBAYEQUE,CHICLAYO,PIMENTEL,RURAL,CARRETERA,NACIONAL,PE-1N,-6.7432016,-79.8756589,DESPEJADO,INDUSTRIAL,TRAMO RECTO,PLANA ,ASFALTADA,,,,,EN PROCESO DE INVESTIGACIÓN,NO CUENTA CON CAUSA ESPECIFICA,22.0,0,2021.0,7.0,0.0,0,3,2,0,0.0,0.0,0.0,0.0,0,0,53.0,0.0,0,0,2,0.0,0.0,1
A-2021-07-228,2021-07-13,07:10,DESPISTE,1,0,1,APURIMAC,ANTABAMBA,HUAQUIRCA,RURAL,CARRETERA,DEPARTAMENTAL,AP-110,-14.338654539436444,-72.90138831482322,DESPEJADO,RURAL,CURVA,INCLINADA,TROCHA,,,,,NEGLIGENCIA DEL CONDUCTOR,OTRO (NEGLIGENCIA DEL CONDUCTOR),7.0,0,2021.0,7.0,1.0,0,1,2,1,0.0,1.0,2.0,3.0,0,0,32.0,0.0,0,1,1,0.0,1.0,0
A-2021-07-246,2021-07-13,07:30,ATROPELLO,1,0,0,LIMA,LIMA,LIMA,URBANA,AVENIDA,URBANO,NO CORRESPONDE,-12.05899008,-77.071171,DESPEJADO,RESIDENCIAL,TRAMO RECTO,PLANA ,ASFALTADA,NO,,,NO,IMPRUDENCIA DEL CONDUCTOR,EXCESO DE VELOCIDAD,7.0,0,2021.0,7.0,1.0,0,1,2,0,1.0,0.0,0.0,1.0,0,2,33.0,7.0710678118654755,0,0,2,0.0,0.0,0
A-2021-07-51,2021-07-13,07:40,CHOQUE,1,0,2,PUNO,CHUCUITO,POMATA,RURAL,CARRETERA,NACIONAL,PE-3S,-16.314404199339357,-69.26494716577756,DESPEJADO,RURAL,TRAMO RECTO,PLANA ,ASFALTADA,,,,,IMPRUDENCIA DEL CONDUCTOR,GIRAR IMPRUDENTEMENTE,7.0,0,2021.0,7.0,1.0,0,1,2,1,0.0,0.0,0.0,0.0,0,0,44.5,2.1213203435596424,0,0,2,0.0,0.0,0
A-2021-07-179,2021-07-13,11:00,ESPECIAL,1,0,0,HUANCAVELICA,HUAYTARA,SANTIAGO DE QUIRAHUARA,RURAL,CARRETERA,DEPARTAMENTAL,HV-121,-14.0548579,-74.9788585,DESPEJADO,RURAL,SINUOSA,INCLINADA,TROCHA,,,,,EN PROCESO DE INVESTIGACIÓN,NO CUENTA CON CAUSA ESPECIFICA,11.0,0,2021.0,7.0,1.0,0,1,2,1,0.0,1.0,2.0,3.0,0,0,38.0,4.242640687119285,0,0,2,0.0,0.0,0
A-2021-07-105,2021-07-13,19:10,CHOQUE,1,0,2,UCAYALI,CORONEL PORTILLO,MANANTAY,URBANA,JIRÓN,URBANO,NO CORRESPONDE,-8.399637780653611,-74.53477976385207,DESPEJADO,RURAL,INTERSECCIÓN,INCLINADA,CONCRETO,NO,,,NO,IMPRUDENCIA DEL CONDUCTOR,OTRO (IMPRUDENCIA DEL CONDUCTOR),19.0,0,2021.0,7.0,1.0,0,3,2,2,1.0,1.0,0.0,2.0,0,2,28.5,9.192388155425117,1,1,2,0.5,0.5,1