CODIGO_SINIESTRO,FECHA_SINIESTRO,HORA_SINIESTRO,CLASE_SINIESTRO,CANTIDAD_FALLECIDOS,CANTIDAD_LESIONADOS,CANTIDAD_VEHICULOS,DEPARTAMENTO,PROVINCIA,DISTRITO,ZONA,TIPO_VIA,RED_VIAL,COD_CARRETERA,LATITUD,LONGITUD,CONDICION_CLIMATICA,ZONIFICACION,CARACTERISTICAS_VIA,PERFIL_VIA,SUPERFICIE_CALZADA,EXISTE_SENIAL_VERTICAL,CLASIFICACION_SENIAL_VERTICAL_1,CLASIFICACION_SENIAL_VERTICAL_2,EXISTE_SENIAL_HORIZONTAL,CAUSA_FACTOR_PRINCIPAL,CAUSA_ESPECIFICA,HORA,severidad,ANIO,MES,DIA_SEMANA,FIN_SEMANA,FRANJA_HORARIA,TEMPORADA,MACROREGION,TIPO_VIA_SCORE,PERFIL_VIA_SCORE,SUPERFICIE_CALZADA_SCORE,RIESGO_INFRAESTRUCTURA,RIESGO_CLIMATICO,SENIALIZACION_DEFICIENTE,EDAD_PROMEDIO,EDAD_STD,TOTAL_ALCOHOL,TOTAL_LICENCIA,TOTAL_PERSONAS,PCT_ALCOHOL,PCT_LICENCIA,ES_NOCHE
A-2021-07-110,2021-07-14,08:30,ESPECIAL,1,0,0,APURIMAC,CHINCHEROS,HUACCANA,URBANA,CARRETERA,PROVINCIAL,AP-514,-13.33448,-73.737493,DESPEJADO,RURAL,TRAMO RECTO,PLANA ,AFIRMADO,,,,,IMPRUDENCIA DEL CONDUCTOR,NO DAR PASO PREFERENTE AL PEATÓN,8.0,0,2021.0,7.0,2.0,0,1,2,1,0.0,0.0,1.0,1.0,0,0,40.0,21.213203435596427,0,0,2,0.0,0.0,0
A-2021-07-210,2021-07-14,09:00,DESPISTE,1,0,1,LAMBAYEQUE,LAMBAYEQUE,MOTUPE,RURAL,CARRETERA,NACIONAL,PE-1NJ,-6.017674981373157,-79.68494826132546,DESPEJADO,RURAL,TRAMO RECTO,PLANA ,ASFALTADA,SI,PREVENTIVA (P),PREVENTIVA (P),SI,IMPRUDENCIA DEL CONDUCTOR,EXCESO DE VELOCIDAD,9.0,0,2021.0,7.0,2.0,0,1,2,0,0.0,0.0,0.0,0.0,0,0,19.0,0.0,0,0,1,0.0,0.0,0
A-2021-07-92,2021-07-14,10:40,ATROPELLO,1,0,1,LA LIBERTAD,VIRU,VIRU,RURAL,CALLE,URBANO,NO CORRESPONDE,-8.446464,-78.737754,DESPEJADO,RURAL,INTERSECCIÓN,PLANA ,TROCHA,,,,,IMPRUDENCIA DEL CONDUCTOR,OTRO (IMPRUDENCIA DEL CONDUCTOR),10.0,0,2021.0,7.0,2.0,0,1,2,0,2.0,0.0,2.0,4.0,0,0,14.5,19.091883092036785,0,1,2,0.0,0.5,0
A-2021-07-85,2021-07-14,17:58,DESPISTE,2,0,1,CAJAMARCA,CAJAMARCA,LOS BAÑOS DEL INCA,RURAL,CARRETERA,PROVINCIAL,CA-1143,-7.092547,-78.521681,DESPEJADO,RURAL,OTRO,INCLINADA,AFIRMADO,SI,INFORMATIVA (I),,NO,IMPERICIA DEL CONDUCTOR,,17.0,1,2021.0,7.0,2.0,0,2,2,1,0.0,1.0,1.0,2.0,0,1,41.5,17.67766952966369,0,0,2,0.0,0.0,0
A-2021-07-71,2021-07-14,18:20,ATROPELLO FUGA,1,0,0,CALLAO,CALLAO,VENTANILLA,URBANA,CARRETERA,NACIONAL,PE-20,-11.91642125254102,-77.1289141925749,DESPEJADO,INDUSTRIAL,OTRO,INCLINADA,ASFALTADA,SI,INFORMATIVA (I),,SI,EN PROCESO DE INVESTIGACIÓN,NO CUENTA CON CAUSA ESPECIFICA,18.0,0,2021.0,7.0,2.0,0,3,2,0,0.0,1.0,0.0,1.0,0,0,60.0,0.0,0,0,2,0.0,0.0,1
A-2021-07-247,2021-07-14,18:35,ATROPELLO,1,0,0,LIMA,LIMA,SANTA ANITA,URBANA,AVENIDA,URBANO,NO CORRESPONDE,-12.0532414,-76.9632317,DESPEJADO,COMERCIAL,INTERSECCIÓN,PLANA ,ASFALTADA,NO,,,NO,IMPRUDENCIA DEL CONDUCTOR,NO DAR PASO PREFERENTE AL PEATÓN,18.0,0,2021.0,7.0,2.0,0,3,2,0,1.0,0.0,0.0,1.0,0,2,30.5,2.1213203435596424,0,0,2,0.0,0.0,1
A-2021-07-147,2021-07-14,23:00,ATROPELLO FUGA,1,0,0,LIMA,HUAURA,HUACHO,RURAL,CARRETERA,NACIONAL,PE-1N,-11.159255736074789,-77.59199499462859,,,,,,,,,,EN PROCESO DE INVESTIGACIÓN,NO CUENTA CON CAUSA ESPECIFICA,23.0,0,2021.0,7.0,2.0,0,3,2,0,0.0,1.0,1.0,2.0,0,0,32.0,0.0,0,0,1,0.0,0.0,1
A-2021-07-248,2021-07-15,04:30,ATROPELLO,1,0,0,LIMA,LIMA,SAN MARTIN DE PORRES,URBANA,CARRETERA,NACIONAL,PE-1N,-12.018492884416814,-77.05971127194398,DESPEJADO,COMERCIAL,TRAMO RECTO,PLANA ,ASFALTADA,,,,,EN PROCESO DE INVESTIGACIÓN,NO CUENTA CON CAUSA ESPECIFICA,4.0,0,2021.0,7.0,3.0,0,0,2,0,0.0,0.0,0.0,0.0,0,0,44.0,0.0,0,0,2,0.0,0.0,1
A-2021-07-298,2021-07-15,05:45,CHOQUE,1,0,2,ANCASH,SANTA,NEPEÑA,RURAL,CARRETERA,DEPARTAMENTAL,AN-104,-9.157355415991582,-78.30201765267253,DESPEJADO,RURAL,TRAMO RECTO,PLANA ,ASFALTADA,,,,,IMPRUDENCIA DEL CONDUCTOR,EXCESO DE VELOCIDAD,5.0,0,2021.0,7.0,3.0,0,0,2,0,0.0,0.0,0.0,0.0,0,0,30.333333333333332,3.5118845842842457,0,1,3,0.0,0.333,1
A-2021-07-79,2021-07-15,15:00,CHOQUE,1,0,1,PUNO,YUNGUYO,COPANI,RURAL,CARRETERA,DEPARTAMENTAL,PU-130,-16.362010974940993,-69.04291336339008,DESPEJADO,RURAL,TRAMO RECTO,PLANA ,ASFALTADA,,,,,IMPRUDENCIA DEL CONDUCTOR,GIRAR IMPRUDENTEMENTE,15.0,0,2021.0,7.0,3.0,0,2,2,1,0.0,0.0,0.0,0.0,0,0,48.5,27.577164466275352,0,0,2,0.0,0.0,0
A-2021-07-106,2021-07-15,15:10,DESPISTE,1,1,1,SAN MARTIN,RIOJA,RIOJA,RURAL,CARRETERA,NACIONAL,PE-5N,-6.031427,-77.206819,DESPEJADO,RURAL,TRAMO RECTO,PLANA ,ASFALTADA,,,,,NEGLIGENCIA DEL CONDUCTOR,OTRO (NEGLIGENCIA DEL CONDUCTOR),15.0,0,2021.0,7.0,3.0,0,2,2,2,0.0,0.0,0.0,0.0,0,0,30.5,0.7071067811865476,0,1,2,0.0,0.5,0
A-2021-07-94,2021-07-15,22:20,CHOQUE,1,0,2,LA LIBERTAD,TRUJILLO,TRUJILLO,URBANA,CARRETERA,PROVINCIAL,LI-733,-8.104748,-79.019586,DESPEJADO,RESIDENCIAL,INTERSECCIÓN,PLANA ,ASFALTADA,,,,,IMPRUDENCIA DEL CONDUCTOR,CONDUCIR EN SENTIDO CONTRARIO,22.0,0,2021.0,7.0,3.0,0,3,2,0,0.0,0.0,0.0,0.0,0,0,46.5,36.062445840513924,0,1,2,0.0,0.5,1
A-2021-07-250,2021-07-16,07:30,CHOQUE,1,0,0,LIMA,LIMA,SAN MARTIN DE PORRES,URBANA,AVENIDA,URBANO,NO CORRESPONDE,-12.029194,-77.076803,DESPEJADO,ESCOLAR,INTERSECCIÓN,PLANA ,ASFALTADA,,,,,IMPRUDENCIA DEL CONDUCTOR,EXCESO DE VELOCIDAD,7.0,0,2021.0,7.0,4.0,0,1,2,0,1.0,0.0,0.0,1.0,0,0,51.0,19.79898987322333,0,0,2,0.0,0.0,0
A-2021-07-108,2021-07-16,08:00,CHOQUE,1,0,0,MADRE DE DIOS,TAMBOPATA,TAMBOPATA,URBANA,JIRÓN,URBANO,NO CORRESPONDE,-12.586208882298934,-69.19292979405877,,,,,,,,,,EN PROCESO DE INVESTIGACIÓN,NO CUENTA CON CAUSA ESPECIFICA,8.0,0,2021.0,7.0,4.0,0,1,2,2,1.0,1.0,1.0,3.0,0,0,33.0,5.656854249492381,0,0,2,0.0,0.0,0
A-2021-07-237,2021-07-16,14:45,ATROPELLO,1,0,1,PIURA,AYABACA,PAIMAS,RURAL,CARRETERA,NACIONAL,PE-1NT,-4.624891353749046,-79.95898957912434,DESPEJADO,RURAL,TRAMO RECTO,INCLINADA,ASFALTADA,SI,PREVENTIVA (P),,SI,EN PROCESO DE INVESTIGACIÓN,NO CUENTA CON CAUSA ESPECIFICA,14.0,0,2021.0,7.0,4.0,0,2,2,0,0.0,1.0,0.0,1.0,0,0,51.0,16.97056274847714,0,0,2,0.0,0.0,0
A-2021-07-93,2021-07-16,16:55,ATROPELLO,1,0,1,AREQUIPA,AREQUIPA,SACHACA,URBANA,CARRETERA,DEPARTAMENTAL,AR-115,-16.439212,-71.571189,DESPEJADO,COMERCIAL,TRAMO RECTO,PLANA ,ASFALTADA,NO,,,SI,EN PROCESO DE INVESTIGACIÓN,NO CUENTA CON CAUSA ESPECIFICA,16.0,0,2021.0,7.0,4.0,0,2,2,0,0.0,0.0,0.0,0.0,0,1,43.5,0.7071067811865476,0,1,2,0.0,0.5,0
A-2021-07-96,2021-07-16,18:15,ATROPELLO FUGA,1,0,0,CALLAO,CALLAO,CALLAO,URBANA,CARRETERA,NACIONAL,PE-20,-11.988771741260638,-77.12541766532088,DESPEJADO,RESIDENCIAL,TRAMO RECTO,PLANA ,TROCHA,,,,,EN PROCESO DE INVESTIGACIÓN,NO CUENTA CON CAUSA ESPECIFICA,18.0,0,2021.0,7.0,4.0,0,3,2,0,0.0,0.0,2.0,2.0,0,0,29.0,0.0,0,0,2,0.0,0.0,1
A-2021-07-253,2021-07-17,01:20,DESPISTE,1,1,0,LIMA,LIMA,VILLA EL SALVADOR,URBANA,AVENIDA,URBANO,NO CORRESPONDE,-12.216319369506603,-76.96818478841601,DESPEJADO,RESIDENCIAL,INTERSECCIÓN,PLANA ,ASFALTADA,,,,,IMPRUDENCIA DEL CONDUCTOR,EXCESO DE VELOCIDAD,1.0,0,2021.0,7.0,5.0,1,0,2,0,1.0,0.0,0.0,1.0,0,0,29.666666666666668,0.5773502691896255,0,0,3,0.0,0.0,1
A-2021-07-111,2021-07-17,04:30,DESPISTE,1,0,1,HUANCAVELICA,HUAYTARA,PILPICHACA,RURAL,CARRETERA,NACIONAL,PE-28A,-13.4521672174203,-74.9973989385413,NUBLADO,RURAL,CURVA,INCLINADA,ASFALTADA,SI,PREVENTIVA (P),,SI,EN PROCESO DE INVESTIGACIÓN,NO CUENTA CON CAUSA ESPECIFICA,4.0,0,2021.0,7.0,5.0,1,0,2,1,0.0,1.0,0.0,1.0,0,0,34.0,0.0,0,1,1,0.0,1.0,1
A-2021-07-305,2021-07-17,08:30,CHOQUE,1,0,2,SAN MARTIN,LAMAS,TABALOSOS,RURAL,CARRETERA,NACIONAL,PE-5N,-6.31581427443118,-76.7068584524363,DESPEJADO,RURAL,CURVA,INCLINADA,ASFALTADA,NO,,,SI,IMPRUDENCIA DEL CONDUCTOR,EXCESO DE VELOCIDAD,8.0,0,2021.0,7.0,5.0,1,1,2,2,0.0,1.0,0.0,1.0,0,1,35.5,27.577164466275352,0,1,2,0.0,0.5,0
A-2021-07-274,2021-07-17,19:00,ATROPELLO FUGA,1,0,0,CALLAO,CALLAO,CALLAO,URBANA,CARRETERA,NACIONAL,PE-20,-12.001538390304228,-77.12682896429786,DESPEJADO,INDUSTRIAL,TRAMO RECTO,PLANA ,ASFALTADA,,,,,IMPRUDENCIA DEL CONDUCTOR,CONDUCIR EN ESTADO DE EBRIEDAD Y/O DROGADICCIÓN,19.0,0,2021.0,7.0,5.0,1,3,2,0,0.0,0.0,0.0,0.0,0,0,51.0,0.0,0,0,2,0.0,0.0,1
A-2021-07-99,2021-07-18,04:10,CHOQUE CON OBJETO FIJO,1,0,1,LORETO,MAYNAS,IQUITOS,URBANA,AVENIDA,URBANO,NO CORRESPONDE,-3.7483069354641354,-73.2589226315963,DESPEJADO,COMERCIAL,TRAMO RECTO,PLANA ,ASFALTADA,,,,,EN PROCESO DE INVESTIGACIÓN,NO CUENTA CON CAUSA ESPECIFICA,4.0,0,2021.0,7.0,6.0,1,0,2,2,1.0,0.0,0.0,1.0,0,0,31.0,0.0,1,1,1,1.0,1.0,1
A-2021-07-199,2021-07-18,04:30,ATROPELLO,1,0,1,LIMA,HUAURA,HUACHO,URBANA,CARRETERA,NACIONAL,PE-1N,-11.11998170758802,-77.59402055291598,DESPEJADO,RURAL,INTERSECCIÓN,PLANA ,ASFALTADA,SI,REGULADORA (R),INFORMATIVA (I),NO,IMPRUDENCIA DEL PEATÓN,CRUCE INDEBIDO POR LA CALZADA,4.0,0,2021.0,7.0,6.0,1,0,2,0,0.0,0.0,0.0,0.0,0,1,33.0,7.0710678118654755,0,1,2,0.0,0.5,1
A-2021-07-91,2021-07-18,04:30,ATROPELLO,1,0,1,TACNA,TACNA,SAMA,RURAL,CARRETERA,NACIONAL,PE-1S,-17.876742,-70.451452,DESPEJADO,RURAL,TRAMO RECTO,PLANA ,ASFALTADA,,,,,IMPRUDENCIA DEL PEATÓN,OTRO (IMPRUDENCIA DEL PEATÓN),4.0,0,2021.0,7.0,6.0,1,0,2,0,0.0,0.0,0.0,0.0,0,0,36.0,18.384776310850235,0,1,2,0.0,0.5,1
A-2021-07-224,2021-07-18,08:30,DESPISTE,1,4,1,JUNIN,HUANCAYO,HUANCAYO,RURAL,CARRETERA,DEPARTAMENTAL,JU-108,-11.95518,-75.04378,DESPEJADO,RURAL,OTRO,PLANA ,AFIRMADO,SI,PREVENTIVA (P),,NO,IMPRUDENCIA DEL CONDUCTOR,GIRAR IMPRUDENTEMENTE,8.0,0,2021.0,7.0,6.0,1,1,2,1,0.0,0.0,1.0,1.0,0,1,21.333333333333332,16.65733071853551,0,1,6,0.0,0.167,0
A-2021-07-95,2021-07-18,10:35,DESPISTE,1,0,1,AREQUIPA,CAYLLOMA,SIBAYO,RURAL,CARRETERA,PROVINCIAL,AR-683,-15.50927,-71.49057,DESPEJADO,RURAL,CURVA,INCLINADA,TROCHA,,,,,EN PROCESO DE INVESTIGACIÓN,NO CUENTA CON CAUSA ESPECIFICA,10.0,0,2021.0,7.0,6.0,1,1,2,0,0.0,1.0,2.0,3.0,0,0,37.0,0.0,0,0,1,0.0,0.0,0
A-2021-07-238,2021-07-18,12:31,CHOQUE,1,0,1,PIURA,TALARA,EL ALTO,RURAL,CARRETERA,NACIONAL,PE-1N,-4.228173353940337,-81.17287156157471,DESPEJADO,RURAL,SINUOSA,INCLINADA,ASFALTADA,SI,PREVENTIVA (P),,SI,EN PROCESO DE INVESTIGACIÓN,NO CUENTA CON CAUSA ESPECIFICA,12.0,0,2021.0,7.0,6.0,1,2,2,0,0.0,1.0,0.0,1.0,0,0,33.666666666666664,14.468356276140469,0,0,3,0.0,0.0,0
A-2021-07-222,2021-07-18,15:20,CHOQUE,1,2,2,LIMA,BARRANCA,BARRANCA,RURAL,CARRETERA,DEPARTAMENTAL,LM-100,-10.730304082998613,-77.77765093308459,DESPEJADO,RURAL,CURVA,PLANA ,ASFALTADA,,,,,EN PROCESO DE INVESTIGACIÓN,NO CUENTA CON CAUSA ESPECIFICA,15.0,0,2021.0,7.0,6.0,1,2,2,0,0.0,0.0,0.0,0.0,0,0,33.75,6.898067362191625,0,2,4,0.0,0.5,0
A-2021-07-155,2021-07-18,17:00,DESPISTE,1,0,1,LA LIBERTAD,SANTIAGO DE CHUCO,SANTIAGO DE CHUCO,RURAL,CARRETERA,DEPARTAMENTAL,LI-122,-8.152446,-78.172287,DESPEJADO,RURAL,TRAMO RECTO,PLANA ,AFIRMADO,,,,,IMPRUDENCIA DEL CONDUCTOR,OTRO (IMPRUDENCIA DEL CONDUCTOR),17.0,0,2021.0,7.0,6.0,1,2,2,0,0.0,0.0,1.0,1.0,0,0,19.0,0.0,0,1,1,0.0,1.0,0
A-2021-07-299,2021-07-18,18:40,ATROPELLO FUGA,1,0,0,ANCASH,HUARMEY,HUARMEY,RURAL,CARRETERA,DEPARTAMENTAL,AN-109,-9.994870343345976,-77.87472804855625,DESPEJADO,RURAL,CURVA,INCLINADA,ASFALTADA,,,,,EN PROCESO DE INVESTIGACIÓN,NO CUENTA CON CAUSA ESPECIFICA,18.0,0,2021.0,7.0,6.0,1,3,2,0,0.0,1.0,0.0,1.0,0,0,50.0,0.0,0,0,2,0.0,0.0,1
A-2021-07-112,2021-07-18,19:00,DESPISTE,1,0,1,CAJAMARCA,SANTA CRUZ,UTICYACU,RURAL,CARRETERA,SIN CLASIFICAR,SIN CLASIFICAR,-6.609316,-78.772981,DESPEJADO,RURAL,CURVA,INCLINADA,ASFALTADA,,,,,NEGLIGENCIA DEL CONDUCTOR,CONDUCIR CON FALLAS DE FRENOS,19.0,0,2021.0,7.0,6.0,1,3,2,1,0.0,1.0,0.0,1.0,0,0,16.0,0.0,0,0,1,0.0,0.0,1
A-2021-07-254,2021-07-18,19:00,CHOQUE,1,0,0,LIMA,LIMA,CARABAYLLO,URBANA,AVENIDA,URBANO,NO CORRESPONDE,-11.749137125445165,-76.96752013826908,DESPEJADO,RESIDENCIAL,TRAMO RECTO,PLANA ,ASFALTADA,,,,,IMPRUDENCIA DEL CONDUCTOR,EXCESO DE VELOCIDAD,19.0,0,2021.0,7.0,6.0,1,3,2,0,1.0,0.0,0.0,1.0,0,0,48.0,33.94112549695428,0,0,2,0.0,0.0,1
A-2021-07-148,2021-07-18,19:20,CHOQUE FUGA,1,1,0,LIMA,HUAURA,VEGUETA,RURAL,CARRETERA,NACIONAL,PE-1N,-10.92706561404527,-77.6518670560507,,,,,,,,,,EN PROCESO DE INVESTIGACIÓN,NO CUENTA CON CAUSA ESPECIFICA,19.0,0,2021.0,7.0,6.0,1,3,2,0,0.0,1.0,1.0,2.0,0,0,22.0,2.8284271247461903,0,0,2,0.0,0.0,1
A-2021-07-101,2021-07-18,23:00,ATROPELLO FUGA,1,0,0,AREQUIPA,AREQUIPA,CERRO COLORADO,URBANA,CARRETERA,NACIONAL,PE-34A,-16.3122898,-71.6097602,DESPEJADO,COMERCIAL,TRAMO RECTO,INCLINADA,ASFALTADA,NO,,,SI,EN PROCESO DE INVESTIGACIÓN,NO CUENTA CON CAUSA ESPECIFICA,23.0,0,2021.0,7.0,6.0,1,3,2,0,0.0,1.0,0.0,1.0,0,1,52.0,0.0,0,0,1,0.0,0.0,1
A-2021-07-109,2021-07-19,04:40,DESPISTE,1,1,1,CAJAMARCA,CAJAMARCA,CAJAMARCA,URBANA,CARRETERA,NACIONAL,PE-08B,-7.16536638,-78.4903542,DESPEJADO,ESCOLAR,TRAMO RECTO,PLANA ,ASFALTADA,,,,,IMPRUDENCIA DEL CONDUCTOR,CONDUCIR EN ESTADO DE EBRIEDAD Y/O DROGADICCIÓN,4.0,0,2021.0,7.0,0.0,0,0,2,1,0.0,0.0,0.0,0.0,0,0,24.0,1.4142135623730951,0,0,3,0.0,0.0,1
A-2021-07-285,2021-07-19,08:00,ATROPELLO FUGA,1,0,0,HUANUCO,AMBO,CONCHAMARCA,RURAL,CARRETERA,NACIONAL,PE-3N,-10.076634,-76.218674,DESPEJADO,RURAL,TRAMO RECTO,PLANA ,ASFALTADA,,,,,EN PROCESO DE INVESTIGACIÓN,NO CUENTA CON CAUSA ESPECIFICA,8.0,0,2021.0,7.0,0.0,0,1,2,1,0.0,0.0,0.0,0.0,0,0,45.0,0.0,0,0,2,0.0,0.0,0
A-2021-07-153,2021-07-19,08:35,CHOQUE,1,1,3,LA LIBERTAD,PACASMAYO,PACASMAYO,RURAL,CARRETERA,NACIONAL,PE-1N,-7.414561,-79.549833,DESPEJADO,RURAL,TRAMO RECTO,PLANA ,ASFALTADA,,,,,IMPRUDENCIA DEL CONDUCTOR,ADELANTAR INDEBIDAMENTE,8.0,0,2021.0,7.0,0.0,0,1,2,0,0.0,0.0,0.0,0.0,0,0,39.0,10.23067283548187,0,2,4,0.0,0.5,0
A-2021-07-294,2021-07-19,11:00,CAÍDA DE PASAJERO,1,0,0,CALLAO,CALLAO,CALLAO,URBANA,CARRETERA,NACIONAL,PE-20,-11.944257565480138,-77.13135089364027,DESPEJADO,INDUSTRIAL,TRAMO RECTO,PLANA ,ASFALTADA,SI,INFORMATIVA (I),,SI,IMPRUDENCIA DEL CONDUCTOR,FRENAR INTEMPESTIVAMENTE,11.0,0,2021.0,7.0,0.0,0,1,2,0,0.0,0.0,0.0,0.0,0,0,49.0,16.97056274847714,0,1,2,0.0,0.5,0
A-2021-07-300,2021-07-19,16:30,CHOQUE,1,0,2,ANCASH,SANTA,CHIMBOTE,RURAL,CARRETERA,NACIONAL,PE-12,-8.65878291287488,-78.26001658413668,DESPEJADO,RURAL,CURVA,INCLINADA,ASFALTADA,,,,,EN PROCESO DE INVESTIGACIÓN,NO CUENTA CON CAUSA ESPECIFICA,16.0,0,2021.0,7.0,0.0,0,2,2,0,0.0,1.0,0.0,1.0,0,0,32.0,11.313708498984761,0,1,2,0.0,0.5,0
A-2021-07-195,2021-07-19,19:00,ATROPELLO,1,0,1,MOQUEGUA,ILO,ILO,URBANA,CARRETERA,NACIONAL,PE-1SD,-17.674146,-71.362063,DESPEJADO,COMERCIAL,TRAMO RECTO,INCLINADA,ASFALTADA,SI,REGULADORA (R),PREVENTIVA (P),NO,IMPRUDENCIA DEL CONDUCTOR,OTRO (IMPRUDENCIA DEL CONDUCTOR),19.0,0,2021.0,7.0,0.0,0,3,2,0,0.0,1.0,0.0,1.0,0,1,45.0,15.556349186104045,0,1,2,0.0,0.5,1
A-2021-07-286,2021-07-19,23:00,DESPISTE,1,0,1,HUANUCO,HUANUCO,QUISQUI (KICHKI),RURAL,CARRETERA,DEPARTAMENTAL,HU-111,-9.925061,-76.36229,DESPEJADO,RURAL,CURVA,INCLINADA,AFIRMADO,,,,,IMPRUDENCIA DEL CONDUCTOR,OTRO (IMPRUDENCIA DEL CONDUCTOR),23.0,0,2021.0,7.0,0.0,0,3,2,1,0.0,1.0,1.0,2.0,0,0,34.0,0.0,0,1,1,0.0,1.0,1
A-2021-07-255,2021-07-21,10:30,ATROPELLO,1,0,0,LIMA,LIMA,INDEPENDENCIA,URBANA,AVENIDA,URBANO,NO CORRESPONDE,-11.98885388113522,-77.05678408991467,DESPEJADO,RESIDENCIAL,INTERSECCIÓN,PLANA ,ASFALTADA,,,,,NEGLIGENCIA DEL CONDUCTOR,OTRO (NEGLIGENCIA DEL CONDUCTOR),10.0,0,2021.0,7.0,2.0,0,1,2,0,1.0,0.0,0.0,1.0,0,0,53.0,0.0,0,0,2,0.0,0.0,0
A-2021-07-256,2021-07-21,13:00,CHOQUE,2,0,0,LIMA,LIMA,SAN MARTIN DE PORRES,URBANA,CARRETERA,NACIONAL,PE-20B,-11.996599900441687,-77.1126382063782,DESPEJADO,RESIDENCIAL,TRAMO RECTO,PLANA ,ASFALTADA,,,,,IMPRUDENCIA DEL CONDUCTOR,EXCESO DE VELOCIDAD,13.0,1,2021.0,7.0,2.0,0,2,2,0,0.0,0.0,0.0,0.0,0,0,35.5,3.5355339059327378,0,0,4,0.0,0.0,0
A-2021-07-137,2021-07-21,13:15,CHOQUE,1,0,2,AREQUIPA,CAYLLOMA,MAJES,URBANA,CARRETERA,PROVINCIAL,AR-735,-16.3632625,-72.1897345,DESPEJADO,RESIDENCIAL,INTERSECCIÓN,INCLINADA,ASFALTADA,,,,,EN PROCESO DE INVESTIGACIÓN,NO CUENTA CON CAUSA ESPECIFICA,13.0,0,2021.0,7.0,2.0,0,2,2,0,0.0,1.0,0.0,1.0,0,0,28.5,10.606601717798213,0,1,2,0.0,0.5,0
A-2021-07-275,2021-07-22,04:50,ATROPELLO,1,0,1,CALLAO,CALLAO,CALLAO,URBANA,CARRETERA,NACIONAL,PE-20,-12.044608902861452,-77.12655512713319,DESPEJADO,INDUSTRIAL,TRAMO RECTO,PLANA ,ASFALTADA,SI,INFORMATIVA (I),,SI,IMPRUDENCIA DEL PEATÓN,CRUCE INDEBIDO POR LA CALZADA,4.0,0,2021.0,7.0,3.0,0,0,2,0,0.0,0.0,0.0,0.0,0,0,43.5,10.606601717798213,0,1,2,0.0,0.5,1
A-2021-07-159,2021-07-22,05:00,DESPISTE,1,0,1,CUSCO,QUISPICANCHI,MARCAPATA,RURAL,CARRETERA,NACIONAL,PE-30C,-13.60481,-71.05254,DESPEJADO,RURAL,TRAMO RECTO,PLANA ,ASFALTADA,SI,REGULADORA (R),REGULADORA (R),SI,IMPRUDENCIA DEL CONDUCTOR,FATIGA Y/O CANSANCIO,5.0,0,2021.0,7.0,3.0,0,0,2,1,0.0,0.0,0.0,0.0,0,0,26.0,0.0,0,0,1,0.0,0.0,1
A-2021-07-125,2021-07-22,05:25,CHOQUE,1,0,2,PIURA,SECHURA,SECHURA,RURAL,CARRETERA,NACIONAL,PE-1NK,-5.5149555,-80.8180217,DESPEJADO,RURAL,TRAMO RECTO,PLANA ,ASFALTADA,SI,INFORMATIVA (I),INFORMATIVA (I),SI,EN PROCESO DE INVESTIGACIÓN,NO CUENTA CON CAUSA ESPECIFICA,5.0,0,2021.0,7.0,3.0,0,0,2,0,0.0,0.0,0.0,0.0,0,0,43.5,14.849242404917497,1,1,2,0.5,0.5,1
A-2021-07-257,2021-07-22,15:30,ATROPELLO,1,0,0,LIMA,LIMA,ATE,URBANA,AVENIDA,URBANO,NO CORRESPONDE,-12.033012461127711,-76.93837525187416,DESPEJADO,RESIDENCIAL,INTERSECCIÓN,PLANA ,ASFALTADA,,,,,IMPRUDENCIA DEL CONDUCTOR,EXCESO DE VELOCIDAD,15.0,0,2021.0,7.0,3.0,0,2,2,0,1.0,0.0,0.0,1.0,0,0,44.5,19.091883092036785,0,0,2,0.0,0.0,0
A-2021-07-249,2021-07-22,18:30,DESPISTE,1,0,0,PASCO,PASCO,HUARIACA,RURAL,CARRETERA,PROVINCIAL,PA-545,-10.44022427507388,-76.1960974389186,,,,,,,,,,EN PROCESO DE INVESTIGACIÓN,NO CUENTA CON CAUSA ESPECIFICA,18.0,0,2021.0,7.0,3.0,0,3,2,1,0.0,1.0,1.0,2.0,0,0,40.0,22.627416997969522,0,0,2,0.0,0.0,1
A-2021-07-266,2021-07-22,21:15,CHOQUE,1,1,2,LIMA,BARRANCA,PATIVILCA,RURAL,CARRETERA,NACIONAL,PE-16A,-10.679559589668054,-77.7163400820985,NUBLADO,RURAL,TRAMO RECTO,PLANA ,ASFALTADA,,,,,EN PROCESO DE INVESTIGACIÓN,NO CUENTA CON CAUSA ESPECIFICA,21.0,0,2021.0,7.0,3.0,0,3,2,0,0.0,0.0,0.0,0.0,0,0,43.0,6.0553007081949835,0,2,4,0.0,0.5,1
A-2021-07-307,2021-07-22,23:00,DESPISTE,1,1,1,AREQUIPA,CAMANA,SAMUEL PASTOR,RURAL,CARRETERA,NACIONAL,PE-1S,-16.65850694762996,-72.62754665518834,DESPEJADO,RURAL,OTRO,INCLINADA,ASFALTADA,,,,,EN PROCESO DE INVESTIGACIÓN,NO CUENTA CON CAUSA ESPECIFICA,23.0,0,2021.0,7.0,3.0,0,3,2,0,0.0,1.0,0.0,1.0,0,0,43.0,4.242640687119285,0,1,2,0.0,0.5,1