CODIGO_SINIESTRO,FECHA_SINIESTRO,HORA_SINIESTRO,CLASE_SINIESTRO,CANTIDAD_FALLECIDOS,CANTIDAD_LESIONADOS,CANTIDAD_VEHICULOS,DEPARTAMENTO,PROVINCIA,DISTRITO,ZONA,TIPO_VIA,RED_VIAL,COD_CARRETERA,LATITUD,LONGITUD,CONDICION_CLIMATICA,ZONIFICACION,CARACTERISTICAS_VIA,PERFIL_VIA,SUPERFICIE_CALZADA,EXISTE_SENIAL_VERTICAL,CLASIFICACION_SENIAL_VERTICAL_1,CLASIFICACION_SENIAL_VERTICAL_2,EXISTE_SENIAL_HORIZONTAL,CAUSA_FACTOR_PRINCIPAL,CAUSA_ESPECIFICA,HORA,severidad,ANIO,MES,DIA_SEMANA,FIN_SEMANA,FRANJA_HORARIA,TEMPORADA,MACROREGION,TIPO_VIA_SCORE,PERFIL_VIA_SCORE,SUPERFICIE_CALZADA_SCORE,RIESGO_INFRAESTRUCTURA,RIESGO_CLIMATICO,SENIALIZACION_DEFICIENTE,EDAD_PROMEDIO,EDAD_STD,TOTAL_ALCOHOL,TOTAL_LICENCIA,TOTAL_PERSONAS,PCT_ALCOHOL,PCT_LICENCIA,ES_NOCHE
A-2021-07-184,2021-07-23,05:40,DESPISTE,1,0,1,UCAYALI,CORONEL PORTILLO,CALLERIA,URBANA,JIRÓN,URBANO,NO CORRESPONDE,-8.37840439214574,-74.5382397939836,DESPEJADO,COMERCIAL,TRAMO RECTO,PLANA ,CONCRETO,NO,,,SI,IMPRUDENCIA DEL CONDUCTOR,CONDUCIR EN ESTADO DE EBRIEDAD Y/O DROGADICCIÓN,5.0,0,2021.0,7.0,4.0,0,0,2,2,1.0,0.0,0.0,1.0,0,1,22.0,0.0,0,1,1,0.0,1.0,1
A-2021-07-156,2021-07-24,04:10,ATROPELLO,1,1,1,LA LIBERTAD,CHEPEN,PACANGA,RURAL,CARRETERA,NACIONAL,PE-1N,-7.17782,-79.437801,DESPEJADO,COMERCIAL,TRAMO RECTO,PLANA ,ASFALTADA,,,,,IMPRUDENCIA DEL CONDUCTOR,OTRO (IMPRUDENCIA DEL CONDUCTOR),4.0,0,2021.0,7.0,5.0,1,0,2,0,0.0,0.0,0.0,0.0,0,0,49.0,36.76955262170047,0,0,2,0.0,0.0,1
A-2021-07-258,2021-07-24,07:10,DESPISTE,1,0,0,LIMA,LIMA,SAN JUAN DE MIRAFLORES,URBANA,CARRETERA,NACIONAL,PE-1S,-12.161923483339992,-76.98217035419115,DESPEJADO,RESIDENCIAL,TRAMO RECTO,PLANA ,ASFALTADA,,,,,IMPRUDENCIA DEL CONDUCTOR,EXCESO DE VELOCIDAD,7.0,0,2021.0,7.0,5.0,1,1,2,0,0.0,0.0,0.0,0.0,0,0,27.0,0.0,0,0,2,0.0,0.0,0
A-2021-07-157,2021-07-24,11:00,DESPISTE,2,0,1,LA LIBERTAD,SANCHEZ CARRION,HUAMACHUCO,RURAL,CARRETERA,NACIONAL,PE-3N,-7.879601,-78.115746,DESPEJADO,RURAL,TRAMO RECTO,PLANA ,ASFALTADA,,,,,IMPRUDENCIA DEL CONDUCTOR,GIRAR IMPRUDENTEMENTE,11.0,1,2021.0,7.0,5.0,1,1,2,0,0.0,0.0,0.0,0.0,0,0,74.5,4.949747468305833,0,1,2,0.0,0.5,0
A-2021-07-259,2021-07-24,16:10,CHOQUE,1,1,0,LIMA,LIMA,CARABAYLLO,URBANA,CARRETERA,NACIONAL,PE-20A,-11.7697199377438,-76.9776987730433,DESPEJADO,RURAL,TRAMO RECTO,PLANA ,ASFALTADA,,,,,IMPRUDENCIA DEL CONDUCTOR,EXCESO DE VELOCIDAD,16.0,0,2021.0,7.0,5.0,1,2,2,0,0.0,0.0,0.0,0.0,0,0,39.666666666666664,8.082903768654761,0,0,3,0.0,0.0,0
A-2021-07-138,2021-07-24,16:40,CHOQUE,1,0,2,AREQUIPA,AREQUIPA,LA JOYA,RURAL,CARRETERA,NACIONAL,PE-1S,-16.4900947,-71.8785765,DESPEJADO,RURAL,CURVA,INCLINADA,ASFALTADA,NO,,,SI,EN PROCESO DE INVESTIGACIÓN,NO CUENTA CON CAUSA ESPECIFICA,16.0,0,2021.0,7.0,5.0,1,2,2,0,0.0,1.0,0.0,1.0,0,1,22.0,0.0,0,0,2,0.0,0.0,0
A-2021-07-123,2021-07-24,18:30,ATROPELLO FUGA,1,0,0,PUNO,YUNGUYO,YUNGUYO,RURAL,CARRETERA,DEPARTAMENTAL,PU-151,-16.25049676544932,-69.0628844972651,DESPEJADO,RURAL,TRAMO RECTO,PLANA ,ASFALTADA,NO,,,SI,EN PROCESO DE INVESTIGACIÓN,NO CUENTA CON CAUSA ESPECIFICA,18.0,0,2021.0,7.0,5.0,1,3,2,1,0.0,0.0,0.0,0.0,0,1,57.0,0.0,0,0,2,0.0,0.0,1
A-2021-07-124,2021-07-24,21:00,ATROPELLO,1,0,0,CALLAO,CALLAO,CALLAO,URBANA,AVENIDA,URBANO,NO CORRESPONDE,-11.989217770835008,-77.13327621323725,DESPEJADO,RESIDENCIAL,TRAMO RECTO,PLANA ,ASFALTADA,,,,,IMPRUDENCIA DEL PEATÓN,ESTADO DE EBRIEDAD Y/O DROGADICCIÓN,21.0,0,2021.0,7.0,5.0,1,3,2,0,1.0,0.0,0.0,1.0,0,0,29.0,1.4142135623730951,0,1,2,0.0,0.5,1
A-2021-07-225,2021-07-25,01:00,CHOQUE,1,0,2,JUNIN,JUNIN,JUNIN,RURAL,CARRETERA,NACIONAL,PE-3N,-11.133637,-75.991793,DESPEJADO,RURAL,PASE A DESNIVEL,PLANA ,CONCRETO,,,,,IMPRUDENCIA DEL CONDUCTOR,OTRO (IMPRUDENCIA DEL CONDUCTOR),1.0,0,2021.0,7.0,6.0,1,0,2,1,0.0,0.0,0.0,0.0,0,0,46.5,20.506096654409877,0,1,2,0.0,0.5,1
A-2021-07-131,2021-07-25,04:15,CHOQUE,1,1,2,TACNA,TACNA,CIUDAD NUEVA,RURAL,CARRETERA,NACIONAL,PE-38,-17.912879,-70.25429,NIEBLA,RURAL,TRAMO RECTO,PLANA ,ASFALTADA,,,,,IMPRUDENCIA DEL CONDUCTOR,INVASIÓN DE CARRIL,4.0,0,2021.0,7.0,6.0,1,0,2,0,0.0,0.0,0.0,0.0,0,0,31.5,6.363961030678928,0,0,3,0.0,0.0,1
A-2021-07-139,2021-07-25,10:45,ATROPELLO,1,0,0,AREQUIPA,AREQUIPA,CERRO COLORADO,URBANA,CALLE,URBANO,NO CORRESPONDE,-16.324676,-71.610712,DESPEJADO,RESIDENCIAL,TRAMO RECTO,PLANA ,ASFALTADA,,,,,EN PROCESO DE INVESTIGACIÓN,NO CUENTA CON CAUSA ESPECIFICA,10.0,0,2021.0,7.0,6.0,1,1,2,0,2.0,0.0,0.0,2.0,0,0,31.5,33.23401871576773,0,1,2,0.0,0.5,0
A-2021-07-204,2021-07-25,14:00,VOLCADURA,1,0,1,CAJAMARCA,SANTA CRUZ,CATACHE,RURAL,CARRETERA,SIN CLASIFICAR,SIN CLASIFICAR,-6.73783804,-79.07124715,DESPEJADO,RURAL,CURVA,INCLINADA,AFIRMADO,,,,,EN PROCESO DE INVESTIGACIÓN,NO CUENTA CON CAUSA ESPECIFICA,14.0,0,2021.0,7.0,6.0,1,2,2,1,0.0,1.0,1.0,2.0,0,0,51.0,0.0,0,0,1,0.0,0.0,0
A-2021-07-143,2021-07-25,16:30,DESPISTE,1,1,1,HUANCAVELICA,CASTROVIRREYNA,CAPILLAS,RURAL,CARRETERA,NACIONAL,PE-26,-13.36776,-75.753572,DESPEJADO,RURAL,SINUOSA,INCLINADA,ASFALTADA,,PREVENTIVA (P),,,EN PROCESO DE INVESTIGACIÓN,NO CUENTA CON CAUSA ESPECIFICA,16.0,0,2021.0,7.0,6.0,1,2,2,1,0.0,1.0,0.0,1.0,0,0,32.0,7.0710678118654755,0,1,2,0.0,0.5,0
A-2021-07-150,2021-07-25,20:20,ATROPELLO FUGA,1,0,0,LIMA,HUARAL,HUARAL,RURAL,CARRETERA,PROVINCIAL,LM-678,-11.464279199986075,-77.14083009373078,,,,,,,,,,EN PROCESO DE INVESTIGACIÓN,NO CUENTA CON CAUSA ESPECIFICA,20.0,0,2021.0,7.0,6.0,1,3,2,0,0.0,1.0,1.0,2.0,0,0,42.0,0.0,1,0,1,1.0,0.0,1
A-2021-07-187,2021-07-25,22:00,CHOQUE,1,4,2,PUNO,SAN ROMAN,CARACOTO,RURAL,CARRETERA,NACIONAL,PE-3S,-15.542887851004048,-70.11173133097323,SOLEADO,RURAL,TRAMO RECTO,PLANA ,ASFALTADA,,,,,IMPRUDENCIA DEL CONDUCTOR,EXCESO DE VELOCIDAD,22.0,0,2021.0,7.0,6.0,1,3,2,1,0.0,0.0,0.0,0.0,0,0,17.8,13.718600511714014,0,2,5,0.0,0.4,1
A-2021-07-287,2021-07-26,04:00,DESPISTE,2,1,1,HUANUCO,HUANUCO,HUANUCO,RURAL,CARRETERA,DEPARTAMENTAL,HU-108,-9.865217,-76.18641,DESPEJADO,RURAL,CURVA,INCLINADA,AFIRMADO,,,,,IMPRUDENCIA DEL CONDUCTOR,FATIGA Y/O CANSANCIO,4.0,1,2021.0,7.0,0.0,0,0,2,1,0.0,1.0,1.0,2.0,0,0,13.666666666666666,11.846237095944574,0,0,3,0.0,0.0,1
A-2021-07-260,2021-07-26,05:00,ATROPELLO FUGA,1,0,0,LIMA,LIMA,LURIN,URBANA,CARRETERA,NACIONAL,PE-1S,-12.27417798072395,-76.89269725178508,DESPEJADO,COMERCIAL,TRAMO RECTO,PLANA ,ASFALTADA,,,,,IMPRUDENCIA DEL CONDUCTOR,EXCESO DE VELOCIDAD,5.0,0,2021.0,7.0,0.0,0,0,2,0,0.0,0.0,0.0,0.0,0,0,0.0,0.0,0,0,2,0.0,0.0,1
A-2021-07-142,2021-07-26,14:00,CAÍDA DE PASAJERO,1,0,1,ICA,PALPA,RIO GRANDE,RURAL,CARRETERA,DEPARTAMENTAL,IC-109,-14.2133552,-75.0935328,DESPEJADO,RURAL,SINUOSA,PLANA ,TROCHA,,,,,EN PROCESO DE INVESTIGACIÓN,NO CUENTA CON CAUSA ESPECIFICA,14.0,0,2021.0,7.0,0.0,0,2,2,0,0.0,0.0,2.0,2.0,0,0,31.0,15.556349186104045,0,1,2,0.0,0.5,0
A-2021-07-140,2021-07-26,18:00,ATROPELLO FUGA,1,0,0,PUNO,PUNO,PICHACANI,RURAL,CARRETERA,NACIONAL,PE-36B,-16.15886424789081,-70.0763590190361,DESPEJADO,RURAL,TRAMO RECTO,PLANA ,ASFALTADA,,,,,EN PROCESO DE INVESTIGACIÓN,NO CUENTA CON CAUSA ESPECIFICA,18.0,0,2021.0,7.0,0.0,0,3,2,1,0.0,0.0,0.0,0.0,0,0,89.0,0.0,0,0,2,0.0,0.0,1
A-2021-07-191,2021-07-26,19:37,DESPISTE,1,0,1,CUSCO,PAUCARTAMBO,KOSÑIPATA,RURAL,CARRETERA,DEPARTAMENTAL,CU-113,-12.9618041157722,-71.4203391968539,LLUVIOSO,RURAL,CURVA,INCLINADA,TROCHA,,,,,IMPRUDENCIA DEL CONDUCTOR,EXCESO DE VELOCIDAD,19.0,0,2021.0,7.0,0.0,0,3,2,1,0.0,1.0,2.0,3.0,1,0,35.0,0.0,0,0,1,0.0,0.0,1
A-2021-07-180,2021-07-26,20:20,DESPISTE,1,0,1,TACNA,TARATA,ESTIQUE,RURAL,CARRETERA,NACIONAL,PE-38,-17.683828,-70.090605,DESPEJADO,RURAL,TRAMO RECTO,INCLINADA,ASFALTADA,,,,,IMPRUDENCIA DEL CONDUCTOR,CONDUCIR EN ESTADO DE EBRIEDAD Y/O DROGADICCIÓN,20.0,0,2021.0,7.0,0.0,0,3,2,0,0.0,1.0,0.0,1.0,0,0,24.0,0.0,0,1,1,0.0,1.0,1
A-2021-07-277,2021-07-26,21:00,CHOQUE FUGA,1,0,1,PIURA,SULLANA,IGNACIO ESCUDERO,RURAL,CARRETERA,NACIONAL,PE-1N,-4.845828788121268,-80.88498466459286,DESPEJADO,RURAL,TRAMO RECTO,PLANA ,ASFALTADA,,,,,EN PROCESO DE INVESTIGACIÓN,NO CUENTA CON CAUSA ESPECIFICA,21.0,0,2021.0,7.0,0.0,0,3,2,0,0.0,0.0,0.0,0.0,0,0,33.0,0.0,0,1,2,0.0,0.5,1
A-2021-07-261,2021-07-27,00:30,ATROPELLO,1,0,0,LIMA,LIMA,EL AGUSTINO,URBANA,AVENIDA,URBANO,NO CORRESPONDE,-12.040261600219106,-76.98175109999394,DESPEJADO,RESIDENCIAL,TRAMO RECTO,PLANA ,ASFALTADA,,,,,EN PROCESO DE INVESTIGACIÓN,NO CUENTA CON CAUSA ESPECIFICA,0.0,0,2021.0,7.0,1.0,0,0,2,0,1.0,0.0,0.0,1.0,0,0,63.5,9.192388155425117,0,0,2,0.0,0.0,1
A-2021-07-301,2021-07-27,02:00,CHOQUE,1,0,0,ANCASH,SANTA,NEPEÑA,RURAL,CARRETERA,NACIONAL,PE-1N,-9.19170848429488,-78.46640674787727,DESPEJADO,RURAL,TRAMO RECTO,PLANA ,ASFALTADA,,,,,EN PROCESO DE INVESTIGACIÓN,NO CUENTA CON CAUSA ESPECIFICA,2.0,0,2021.0,7.0,1.0,0,0,2,0,0.0,0.0,0.0,0.0,0,0,37.0,0.0,0,1,2,0.0,0.5,1
A-2021-07-302,2021-07-27,03:00,ATROPELLO,1,0,1,ANCASH,CASMA,COMANDANTE NOEL,RURAL,CARRETERA,NACIONAL,PE-1N,-9.426593350318022,-78.36302120525744,DESPEJADO,RURAL,TRAMO RECTO,PLANA ,ASFALTADA,,,,,EN PROCESO DE INVESTIGACIÓN,NO CUENTA CON CAUSA ESPECIFICA,3.0,0,2021.0,7.0,1.0,0,0,2,0,0.0,0.0,0.0,0.0,0,0,49.0,0.0,0,1,2,0.0,0.5,1
A-2021-07-206,2021-07-27,07:30,ATROPELLO FUGA,1,0,0,CAJAMARCA,CAJABAMBA,CAJABAMBA,URBANA,CARRETERA,NACIONAL,PE-3N,-7.613195,-78.053616,DESPEJADO,RESIDENCIAL,TRAMO RECTO,INCLINADA,ASFALTADA,,,,,EN PROCESO DE INVESTIGACIÓN,NO CUENTA CON CAUSA ESPECIFICA,7.0,0,2021.0,7.0,1.0,0,1,2,1,0.0,1.0,0.0,1.0,0,0,84.0,0.0,0,0,2,0.0,0.0,0
A-2021-07-145,2021-07-27,17:20,DESPISTE,1,1,1,ANCASH,BOLOGNESI,CAJACAY,RURAL,CARRETERA,NACIONAL,PE-16,-10.153448460439156,-77.43872082583397,DESPEJADO,RURAL,CURVA,INCLINADA,ASFALTADA,SI,PREVENTIVA (P),PREVENTIVA (P),SI,IMPRUDENCIA DEL CONDUCTOR,EXCESO DE VELOCIDAD,17.0,0,2021.0,7.0,1.0,0,2,2,0,0.0,1.0,0.0,1.0,0,0,23.5,7.7781745930520225,0,1,2,0.0,0.5,0
A-2021-07-272,2021-07-27,17:40,CHOQUE,2,6,4,JUNIN,HUANCAYO,HUANCAYO,RURAL,CARRETERA,DEPARTAMENTAL,JU-108,-11.955375,-75.043765,DESPEJADO,COMERCIAL,TRAMO RECTO,PLANA ,ASFALTADA,,,,,IMPRUDENCIA DEL CONDUCTOR,CONDUCIR EN SENTIDO CONTRARIO,17.0,1,2021.0,7.0,1.0,0,2,2,1,0.0,0.0,0.0,0.0,0,0,38.4,14.599847792205082,0,4,10,0.0,0.4,0
A-2021-07-193,2021-07-27,19:32,ATROPELLO FUGA,1,0,1,CUSCO,QUISPICANCHI,ANDAHUAYLILLAS,RURAL,CARRETERA,NACIONAL,PE-3S,-13.674539,-71.669498,DESPEJADO,RURAL,TRAMO RECTO,PLANA ,ASFALTADA,,,,,EN PROCESO DE INVESTIGACIÓN,NO CUENTA CON CAUSA ESPECIFICA,19.0,0,2021.0,7.0,1.0,0,3,2,1,0.0,0.0,0.0,0.0,0,0,0.0,0.0,0,0,2,0.0,0.0,1
A-2021-07-192,2021-07-27,23:30,CHOQUE CON OBJETO FIJO,1,0,1,CUSCO,PAUCARTAMBO,KOSÑIPATA,RURAL,CARRETERA,DEPARTAMENTAL,CU-113,-12.951589,-71.416603,LLUVIOSO,RURAL,SINUOSA,INCLINADA,TROCHA,,,,,NEGLIGENCIA DEL CONDUCTOR,OTRO (NEGLIGENCIA DEL CONDUCTOR),23.0,0,2021.0,7.0,1.0,0,3,2,1,0.0,1.0,2.0,3.0,1,0,28.0,15.556349186104045,0,1,2,0.0,0.5,1
A-2021-07-208,2021-07-27,23:45,DESPISTE,1,0,1,PIURA,SECHURA,VICE,RURAL,CARRETERA,NACIONAL,PE-1NK,-5.44151,-80.81274,DESPEJADO,RURAL,TRAMO RECTO,PLANA ,ASFALTADA,,,,,EN PROCESO DE INVESTIGACIÓN,NO CUENTA CON CAUSA ESPECIFICA,23.0,0,2021.0,7.0,1.0,0,3,2,0,0.0,0.0,0.0,0.0,0,0,48.5,21.920310216782973,0,1,2,0.0,0.5,1
A-2021-07-152,2021-07-28,05:20,CHOQUE,1,0,2,PUNO,EL COLLAO,ILAVE,RURAL,CARRETERA,NACIONAL,PE-3S,-16.1573249503931,-69.55000696037474,DESPEJADO,RURAL,TRAMO RECTO,PLANA ,ASFALTADA,,,,,NEGLIGENCIA DEL CONDUCTOR,OTRO (NEGLIGENCIA DEL CONDUCTOR),5.0,0,2021.0,7.0,2.0,0,0,2,1,0.0,0.0,0.0,0.0,0,0,38.0,0.0,0,1,2,0.0,0.5,1
A-2021-07-154,2021-07-28,05:30,DESPISTE,3,0,1,ANCASH,CARHUAZ,AMASHCA,RURAL,CARRETERA,PROVINCIAL,AN-800,-9.20773243099423,-77.63688304644421,DESPEJADO,RURAL,TRAMO RECTO,INCLINADA,TROCHA,,,,,IMPRUDENCIA DEL CONDUCTOR,OTRO (IMPRUDENCIA DEL CONDUCTOR),5.0,2,2021.0,7.0,2.0,0,0,2,0,0.0,1.0,2.0,3.0,0,0,55.0,3.4641016151377544,0,1,3,0.0,0.333,1
A-2021-07-262,2021-07-28,06:45,CHOQUE,1,0,0,LIMA,LIMA,SANTIAGO DE SURCO,URBANA,CARRETERA,NACIONAL,PE-1S,-12.122129181041265,-76.97709000235113,DESPEJADO,RESIDENCIAL,TRAMO RECTO,PLANA ,ASFALTADA,,,,,IMPRUDENCIA DEL CONDUCTOR,EXCESO DE VELOCIDAD,6.0,0,2021.0,7.0,2.0,0,1,2,0,0.0,0.0,0.0,0.0,0,0,30.0,11.313708498984761,0,0,2,0.0,0.0,0
A-2021-07-170,2021-07-28,09:50,ATROPELLO,1,0,0,AYACUCHO,HUAMANGA,PACAYCASA,RURAL,CARRETERA,SIN CLASIFICAR,SIN CLASIFICAR,-13.062846,-74.229671,DESPEJADO,RURAL,CURVA,PLANA ,AFIRMADO,,,,,NEGLIGENCIA DEL CONDUCTOR,OTRO (NEGLIGENCIA DEL CONDUCTOR),9.0,0,2021.0,7.0,2.0,0,1,2,1,0.0,0.0,1.0,1.0,0,0,12.5,14.849242404917497,0,1,2,0.0,0.5,0
A-2021-07-202,2021-07-28,18:25,CHOQUE,1,0,2,AREQUIPA,ISLAY,DEAN VALDIVIA,RURAL,CARRETERA,NACIONAL,PE-1SD,-17.140725,-71.801246,DESPEJADO,RURAL,CURVA,INCLINADA,ASFALTADA,NO,,,SI,EN PROCESO DE INVESTIGACIÓN,NO CUENTA CON CAUSA ESPECIFICA,18.0,0,2021.0,7.0,2.0,0,3,2,0,0.0,1.0,0.0,1.0,0,1,34.5,6.363961030678928,0,1,2,0.0,0.5,1
A-2021-07-264,2021-07-29,03:05,ATROPELLO FUGA,1,0,1,JUNIN,JAUJA,MUQUI,RURAL,CARRETERA,NACIONAL,PE-3SB,-11.8443335,-75.4282329,DESPEJADO,RURAL,TÚNEL,PLANA ,ASFALTADA,,,,,EN PROCESO DE INVESTIGACIÓN,NO CUENTA CON CAUSA ESPECIFICA,3.0,0,2021.0,7.0,3.0,0,0,2,1,0.0,0.0,0.0,0.0,0,0,24.0,0.0,0,0,1,0.0,0.0,1
A-2021-07-207,2021-07-29,06:20,CHOQUE,1,0,2,PIURA,PIURA,VEINTISEIS DE OCTUBRE,RURAL,CARRETERA,NACIONAL,PE-1N,-5.144777,-80.697911,DESPEJADO,RURAL,TRAMO RECTO,PLANA ,ASFALTADA,NO,,,SI,EN PROCESO DE INVESTIGACIÓN,NO CUENTA CON CAUSA ESPECIFICA,6.0,0,2021.0,7.0,3.0,0,1,2,0,0.0,0.0,0.0,0.0,0,1,34.0,5.656854249492381,0,2,2,0.0,1.0,0
A-2021-07-185,2021-07-29,13:30,DESPISTE,1,1,2,HUANCAVELICA,HUAYTARA,PILPICHACA,RURAL,CARRETERA,NACIONAL,PE-28A,-13.3719266755726,-74.9434985220271,DESPEJADO,RURAL,TRAMO RECTO,PLANA ,ASFALTADA,SI,INFORMATIVA (I),INFORMATIVA (I),SI,EN PROCESO DE INVESTIGACIÓN,NO CUENTA CON CAUSA ESPECIFICA,13.0,0,2021.0,7.0,3.0,0,2,2,1,0.0,0.0,0.0,0.0,0,0,38.666666666666664,6.027713773341707,0,2,3,0.0,0.667,0
A-2021-07-198,2021-07-29,15:00,CHOQUE,1,0,2,HUANCAVELICA,ANGARAES,LIRCAY,RURAL,CARRETERA,NACIONAL,PE-26B,-13.088449,-74.622072,DESPEJADO,RURAL,CURVA,PLANA ,ASFALTADA,,,,,EN PROCESO DE INVESTIGACIÓN,NO CUENTA CON CAUSA ESPECIFICA,15.0,0,2021.0,7.0,3.0,0,2,2,1,0.0,0.0,0.0,0.0,0,0,30.0,14.142135623730951,0,0,2,0.0,0.0,0
A-2021-07-166,2021-07-29,18:30,CHOQUE,1,1,1,PUNO,PUNO,HUATA,RURAL,CARRETERA,DEPARTAMENTAL,PU-118,-15.613763245685014,-69.9810861654625,DESPEJADO,RURAL,TRAMO RECTO,PLANA ,ASFALTADA,,,,,IMPRUDENCIA DEL CONDUCTOR,OTRO (IMPRUDENCIA DEL CONDUCTOR),18.0,0,2021.0,7.0,3.0,0,3,2,1,0.0,0.0,0.0,0.0,0,0,24.0,15.556349186104045,0,0,3,0.0,0.0,1
A-2021-07-265,2021-07-29,19:00,ATROPELLO FUGA,1,0,1,JUNIN,JAUJA,LEONOR ORDOÑEZ,RURAL,CARRETERA,NACIONAL,PE-3SB,-11.866267,-75.411093,DESPEJADO,RURAL,TRAMO RECTO,PLANA ,ASFALTADA,,,,,EN PROCESO DE INVESTIGACIÓN,NO CUENTA CON CAUSA ESPECIFICA,19.0,0,2021.0,7.0,3.0,0,3,2,1,0.0,0.0,0.0,0.0,0,0,44.0,0.0,0,0,1,0.0,0.0,1
A-2021-07-288,2021-07-29,19:30,DESPISTE,1,3,1,HUANUCO,HUANUCO,CHINCHAO,RURAL,CARRETERA,PROVINCIAL,HU-801,-9.7662,-76.10397,LLUVIOSO,RURAL,CURVA,INCLINADA,AFIRMADO,,,,,EN PROCESO DE INVESTIGACIÓN,NO CUENTA CON CAUSA ESPECIFICA,19.0,0,2021.0,7.0,3.0,0,3,2,1,0.0,1.0,1.0,2.0,1,0,35.8,27.635122579789655,0,1,5,0.0,0.2,1
A-2021-07-203,2021-07-30,01:48,CHOQUE,1,0,2,AREQUIPA,AREQUIPA,CERRO COLORADO,URBANA,CARRETERA,NACIONAL,PE-34A,-16.344685,-71.581465,DESPEJADO,COMERCIAL,TRAMO RECTO,INCLINADA,ASFALTADA,,,,,EN PROCESO DE INVESTIGACIÓN,NO CUENTA CON CAUSA ESPECIFICA,1.0,0,2021.0,7.0,4.0,0,0,2,0,0.0,1.0,0.0,1.0,0,0,38.0,8.48528137423857,0,2,2,0.0,1.0,1
A-2021-07-186,2021-07-30,14:21,CHOQUE,1,1,2,UCAYALI,CORONEL PORTILLO,YARINACOCHA,URBANA,OTRO,URBANO,NO CORRESPONDE,-8.371674848315424,-74.55712254219883,DESPEJADO,COMERCIAL,INTERSECCIÓN,PLANA ,CONCRETO,SI,INFORMATIVA (I),PREVENTIVA (P),SI,IMPRUDENCIA DEL CONDUCTOR,OTRO (IMPRUDENCIA DEL CONDUCTOR),14.0,0,2021.0,7.0,4.0,0,2,2,2,2.0,0.0,0.0,2.0,0,0,23.0,13.74772708486752,0,1,3,0.0,0.333,0
A-2021-07-232,2021-07-30,15:40,ATROPELLO,1,1,1,LAMBAYEQUE,LAMBAYEQUE,JAYANCA,RURAL,CARRETERA,NACIONAL,PE-1NJ,-6.3369347926516175,-79.76568276892179,SOLEADO,RURAL,CURVA,INCLINADA,ASFALTADA,SI,PREVENTIVA (P),REGULADORA (R),NO,IMPRUDENCIA DEL PEATÓN,CRUCE INDEBIDO POR LA CALZADA,15.0,0,2021.0,7.0,4.0,0,2,2,0,0.0,1.0,0.0,1.0,0,1,25.5,21.920310216782973,0,0,2,0.0,0.0,0
A-2021-07-194,2021-07-30,18:30,CHOQUE,2,1,2,ANCASH,HUARI,HUANTAR,RURAL,CARRETERA,DEPARTAMENTAL,AN-110,-9.45896106255815,-77.15569725611024,DESPEJADO,RURAL,TRAMO RECTO,INCLINADA,ASFALTADA,,,,,EN PROCESO DE INVESTIGACIÓN,NO CUENTA CON CAUSA ESPECIFICA,18.0,1,2021.0,7.0,4.0,0,3,2,0,0.0,1.0,0.0,1.0,0,0,0.0,0.0,0,0,3,0.0,0.0,1
A-2021-07-263,2021-07-30,20:30,CHOQUE,1,1,0,LIMA,LIMA,SAN MIGUEL,URBANA,AVENIDA,URBANO,NO CORRESPONDE,-12.064318,-77.078369,DESPEJADO,COMERCIAL,TRAMO RECTO,PLANA ,ASFALTADA,,,,,EN PROCESO DE INVESTIGACIÓN,NO CUENTA CON CAUSA ESPECIFICA,20.0,0,2021.0,7.0,4.0,0,3,2,0,1.0,0.0,0.0,1.0,0,0,45.333333333333336,20.033305601755625,0,2,3,0.0,0.667,1
A-2021-07-212,2021-07-31,12:40,CHOQUE,1,0,2,LA LIBERTAD,PACASMAYO,PACASMAYO,RURAL,CARRETERA,NACIONAL,PE-1N,-7.397249,-79.557872,DESPEJADO,RURAL,TRAMO RECTO,PLANA ,ASFALTADA,,,,,EN PROCESO DE INVESTIGACIÓN,NO CUENTA CON CAUSA ESPECIFICA,12.0,0,2021.0,7.0,5.0,1,2,2,0,0.0,0.0,0.0,0.0,0,0,60.0,15.556349186104045,0,1,2,0.0,0.5,0
A-2021-07-273,2021-07-31,18:00,DESPISTE,1,2,1,JUNIN,HUANCAYO,CHONGOS ALTO,RURAL,CARRETERA,DEPARTAMENTAL,JU-110,-12.50149,-75.48682,DESPEJADO,RURAL,CURVA,INCLINADA,TROCHA,,,,,IMPRUDENCIA DEL CONDUCTOR,OTRO (IMPRUDENCIA DEL CONDUCTOR),18.0,0,2021.0,7.0,5.0,1,3,2,1,0.0,1.0,2.0,3.0,0,0,26.5,12.871156384205214,0,1,4,0.0,0.25,1
A-2021-07-252,2021-07-31,18:30,ATROPELLO FUGA,1,0,0,PUNO,AZANGARO,ARAPA,RURAL,CARRETERA,DEPARTAMENTAL,PU-153,-15.035550465919982,-70.0686228108176,DESPEJADO,RURAL,TRAMO RECTO,PLANA ,ASFALTADA,,,,,NEGLIGENCIA DEL CONDUCTOR,OTRO (NEGLIGENCIA DEL CONDUCTOR),18.0,0,2021.0,7.0,5.0,1,3,2,1,0.0,0.0,0.0,0.0,0,0,39.0,0.0,0,0,2,0.0,0.0,1
A-2021-07-211,2021-07-31,22:30,VOLCADURA,1,0,1,APURIMAC,ANDAHUAYLAS,ANDAHUAYLAS,URBANA,CARRETERA,NACIONAL,PE-30B,-13.665293,-73.383853,DESPEJADO,RURAL,CURVA,INCLINADA,ASFALTADA,SI,PREVENTIVA (P),REGULADORA (R),NO,IMPRUDENCIA DEL CONDUCTOR,CONDUCIR EN ESTADO DE EBRIEDAD Y/O DROGADICCIÓN,22.0,0,2021.0,7.0,5.0,1,3,2,1,0.0,1.0,0.0,1.0,0,1,58.0,0.0,0,1,1,0.0,1.0,1