CODIGO_SINIESTRO,FECHA_SINIESTRO,HORA_SINIESTRO,CLASE_SINIESTRO,CANTIDAD_FALLECIDOS,CANTIDAD_LESIONADOS,CANTIDAD_VEHICULOS,DEPARTAMENTO,PROVINCIA,DISTRITO,ZONA,TIPO_VIA,RED_VIAL,COD_CARRETERA,LATITUD,LONGITUD,CONDICION_CLIMATICA,ZONIFICACION,CARACTERISTICAS_VIA,PERFIL_VIA,SUPERFICIE_CALZADA,EXISTE_SENIAL_VERTICAL,CLASIFICACION_SENIAL_VERTICAL_1,CLASIFICACION_SENIAL_VERTICAL_2,EXISTE_SENIAL_HORIZONTAL,CAUSA_FACTOR_PRINCIPAL,CAUSA_ESPECIFICA,HORA,severidad,ANIO,MES,DIA_SEMANA,FIN_SEMANA,FRANJA_HORARIA,TEMPORADA,MACROREGION,TIPO_VIA_SCORE,PERFIL_VIA_SCORE,SUPERFICIE_CALZADA_SCORE,RIESGO_INFRAESTRUCTURA,RIESGO_CLIMATICO,SENIALIZACION_DEFICIENTE,EDAD_PROMEDIO,EDAD_STD,TOTAL_ALCOHOL,TOTAL_LICENCIA,TOTAL_PERSONAS,PCT_ALCOHOL,PCT_LICENCIA,ES_NOCHE
A-2021-08-1,2021-08-01,05:30,ATROPELLO,2,1,2,ICA,ICA,SANTIAGO,RURAL,CARRETERA,NACIONAL,PE-1S,-14.206483,-75.714058,DESPEJADO,RURAL,TRAMO RECTO,PLANA ,ASFALTADA,NO,,,NO,EN PROCESO DE INVESTIGACIÓN,NO CUENTA CON CAUSA ESPECIFICA,5.0,1,2021.0,8.0,6.0,1,0,2,0,0.0,0.0,0.0,0.0,0,2,30.25,12.500000000000002,3,1,4,0.75,0.25,1
A-2021-08-6,2021-08-01,07:20,VOLCADURA,1,0,1,CAJAMARCA,CONTUMAZA,YONAN,RURAL,CARRETERA,NACIONAL,PE-08,-7.253871,-79.079097,DESPEJADO,RURAL,CURVA,PLANA ,ASFALTADA,NO,,,SI,IMPRUDENCIA DEL CONDUCTOR,EXCESO DE VELOCIDAD,7.0,0,2021.0,8.0,6.0,1,1,2,1,0.0,0.0,0.0,0.0,0,1,47.0,0.0,0,1,1,0.0,1.0,0
A-2021-08-162,2021-08-01,10:00,ATROPELLO,1,1,2,CUSCO,CANCHIS,SICUANI,URBANA,CARRETERA,NACIONAL,PE-3S,-14.22136,-71.28799,DESPEJADO,RESIDENCIAL,TRAMO RECTO,PLANA ,ASFALTADA,NO,,,SI,IMPRUDENCIA DEL CONDUCTOR,EXCESO DE VELOCIDAD,10.0,0,2021.0,8.0,6.0,1,1,2,1,0.0,0.0,0.0,0.0,0,1,44.0,19.924858845171276,0,1,3,0.0,0.333,0
A-2021-08-183,2021-08-01,10:30,CHOQUE,1,0,2,PUNO,SAN ROMAN,CARACOTO,RURAL,CARRETERA,DEPARTAMENTAL,PU-120,-15.5190984,-70.0857448,DESPEJADO,RURAL,TRAMO RECTO,PLANA ,ASFALTADA,,,,,IMPRUDENCIA DEL CONDUCTOR,EXCESO DE VELOCIDAD,10.0,0,2021.0,8.0,6.0,1,1,2,1,0.0,0.0,0.0,0.0,0,0,44.0,29.698484809834994,0,1,2,0.0,0.5,0
A-2021-08-121,2021-08-01,12:20,ATROPELLO,1,0,1,LAMBAYEQUE,LAMBAYEQUE,MORROPE,URBANA,CARRETERA,NACIONAL,PE-1N,-6.595664,-79.976538,DESPEJADO,RESIDENCIAL,TRAMO RECTO,PLANA ,ASFALTADA,,,,,EN PROCESO DE INVESTIGACIÓN,NO CUENTA CON CAUSA ESPECIFICA,12.0,0,2021.0,8.0,6.0,1,2,2,0,0.0,0.0,0.0,0.0,0,0,46.0,9.899494936611665,0,1,2,0.0,0.5,0
A-2021-08-185,2021-08-01,15:30,CHOQUE,1,0,2,PUNO,CARABAYA,MACUSANI,RURAL,CARRETERA,NACIONAL,PE-34B,-14.1704231,-70.3346811,DESPEJADO,RURAL,TRAMO RECTO,PLANA ,ASFALTADA,,,,,IMPRUDENCIA DEL CONDUCTOR,CONDUCIR EN SENTIDO CONTRARIO,15.0,0,2021.0,8.0,6.0,1,2,2,1,0.0,0.0,0.0,0.0,0,0,32.0,14.142135623730951,0,1,2,0.0,0.5,0
A-2021-08-17,2021-08-01,16:55,ATROPELLO FUGA,1,0,0,PIURA,HUANCABAMBA,HUANCABAMBA,RURAL,CARRETERA,NACIONAL,PE-02A,-5.25665757,-79.46255343,DESPEJADO,RURAL,TRAMO RECTO,PLANA ,ASFALTADA,,,,,EN PROCESO DE INVESTIGACIÓN,NO CUENTA CON CAUSA ESPECIFICA,16.0,0,2021.0,8.0,6.0,1,2,2,0,0.0,0.0,0.0,0.0,0,0,83.0,0.0,0,0,1,0.0,0.0,0
A-2021-08-3,2021-08-01,17:30,CHOQUE,1,0,2,ANCASH,RECUAY,RECUAY,RURAL,CARRETERA,NACIONAL,PE-3N,-9.723791969787198,-77.45699374041939,DESPEJADO,RURAL,SINUOSA,INCLINADA,ASFALTADA,SI,PREVENTIVA (P),PREVENTIVA (P),SI,IMPRUDENCIA DEL CONDUCTOR,INVASIÓN DE CARRIL,17.0,0,2021.0,8.0,6.0,1,2,2,0,0.0,1.0,0.0,1.0,0,0,31.5,9.192388155425117,0,1,2,0.0,0.5,0
A-2021-08-215,2021-08-01,19:00,CHOQUE CON OBJETO FIJO,1,0,1,LIMA,LIMA,SAN MARTIN DE PORRES,URBANA,CARRETERA,NACIONAL,PE-1N,-12.020936452251252,-77.05918365829173,DESPEJADO,ESCOLAR,PUENTE,PLANA ,ASFALTADA,,,,,EN PROCESO DE INVESTIGACIÓN,NO CUENTA CON CAUSA ESPECIFICA,19.0,0,2021.0,8.0,6.0,1,3,2,0,0.0,0.0,0.0,0.0,0,0,26.0,0.0,1,0,1,1.0,0.0,1
A-2021-08-9,2021-08-01,19:00,ATROPELLO FUGA,1,0,0,AREQUIPA,AREQUIPA,LA JOYA,RURAL,CARRETERA,DEPARTAMENTAL,AR-114,-16.456416,-71.843513,DESPEJADO,RURAL,CURVA,PLANA ,ASFALTADA,NO,,,SI,EN PROCESO DE INVESTIGACIÓN,NO CUENTA CON CAUSA ESPECIFICA,19.0,0,2021.0,8.0,6.0,1,3,2,0,0.0,0.0,0.0,0.0,0,1,65.0,0.0,0,0,1,0.0,0.0,1
A-2021-08-2,2021-08-01,21:00,CHOQUE FUGA,1,0,1,PUNO,CHUCUITO,ZEPITA,RURAL,CARRETERA,SIN CLASIFICAR,SIN CLASIFICAR,-16.537059264974175,-69.09898637882296,DESPEJADO,RURAL,OTRO,INCLINADA,TROCHA,,,,,IMPRUDENCIA DEL CONDUCTOR,EXCESO DE VELOCIDAD,21.0,0,2021.0,8.0,6.0,1,3,2,1,0.0,1.0,2.0,3.0,0,0,23.5,4.949747468305833,0,1,3,0.0,0.333,1
A-2021-08-18,2021-08-02,04:30,DESPISTE,1,0,1,PIURA,MORROPON,CHULUCANAS,RURAL,CARRETERA,PROVINCIAL,PI-788,-5.0861814,-80.1234345,DESPEJADO,RURAL,CURVA,PLANA ,ASFALTADA,SI,PREVENTIVA (P),,NO,EN PROCESO DE INVESTIGACIÓN,NO CUENTA CON CAUSA ESPECIFICA,4.0,0,2021.0,8.0,0.0,0,0,2,0,0.0,0.0,0.0,0.0,0,1,27.0,0.0,0,0,1,0.0,0.0,1
A-2021-08-291,2021-08-02,06:00,CHOQUE,1,2,2,PIURA,SULLANA,SULLANA,RURAL,CARRETERA,NACIONAL,PE-1N,-5.01321,-80.70007,DESPEJADO,RURAL,TRAMO RECTO,PLANA ,ASFALTADA,,,,,EN PROCESO DE INVESTIGACIÓN,NO CUENTA CON CAUSA ESPECIFICA,6.0,0,2021.0,8.0,0.0,0,1,2,0,0.0,0.0,0.0,0.0,0,0,41.0,17.05872210923198,0,1,3,0.0,0.333,0
A-2021-08-36,2021-08-02,06:30,DESPISTE,1,0,1,CAJAMARCA,CUTERVO,CUTERVO,RURAL,CARRETERA,SIN CLASIFICAR,SIN CLASIFICAR,-6.32453046,-78.78396314,DESPEJADO,RURAL,CURVA,INCLINADA,AFIRMADO,,,,,EN PROCESO DE INVESTIGACIÓN,NO CUENTA CON CAUSA ESPECIFICA,6.0,0,2021.0,8.0,0.0,0,1,2,1,0.0,1.0,1.0,2.0,0,0,36.0,0.0,0,0,1,0.0,0.0,0
A-2021-08-54,2021-08-02,10:30,DESPISTE,1,3,1,HUANCAVELICA,CASTROVIRREYNA,ARMA,RURAL,CARRETERA,NACIONAL,PE-26,-13.1208769860007,-75.5427216953769,DESPEJADO,RURAL,TRAMO RECTO,PLANA ,ASFALTADA,NO,,,SI,EN PROCESO DE INVESTIGACIÓN,NO CUENTA CON CAUSA ESPECIFICA,10.0,0,2021.0,8.0,0.0,0,1,2,1,0.0,0.0,0.0,0.0,0,1,22.0,15.033296378372908,0,1,4,0.0,0.25,0
A-2021-08-199,2021-08-02,12:30,DESPISTE,1,0,1,PUNO,AZANGARO,AZANGARO,RURAL,CARRETERA,SIN CLASIFICAR,SIN CLASIFICAR,-14.922155,-70.165595,DESPEJADO,RURAL,TRAMO RECTO,PLANA ,TROCHA,,,,,IMPRUDENCIA DEL CONDUCTOR,EXCESO DE VELOCIDAD,12.0,0,2021.0,8.0,0.0,0,2,2,1,0.0,0.0,2.0,2.0,0,0,54.0,0.0,0,0,1,0.0,0.0,0
A-2021-08-220,2021-08-02,19:00,DESPISTE,1,0,2,LIMA,LIMA,SAN BARTOLO,URBANA,CARRETERA,NACIONAL,PE-1S,-12.38429587608215,-76.77102851603604,DESPEJADO,RESIDENCIAL,TRAMO RECTO,PLANA ,ASFALTADA,,,,,EN PROCESO DE INVESTIGACIÓN,NO CUENTA CON CAUSA ESPECIFICA,19.0,0,2021.0,8.0,0.0,0,3,2,0,0.0,0.0,0.0,0.0,0,0,27.0,0.0,0,1,2,0.0,0.5,1
A-2021-08-292,2021-08-02,19:20,CHOQUE,2,0,1,PIURA,PAITA,LA HUACA,RURAL,CARRETERA,DEPARTAMENTAL,PI-102,-4.9167,-80.95936,DESPEJADO,RURAL,TRAMO RECTO,PLANA ,ASFALTADA,,,,,EN PROCESO DE INVESTIGACIÓN,NO CUENTA CON CAUSA ESPECIFICA,19.0,1,2021.0,8.0,0.0,0,3,2,0,0.0,0.0,0.0,0.0,0,0,26.333333333333332,7.571877794400365,0,1,3,0.0,0.333,1
A-2021-08-13,2021-08-02,21:20,CHOQUE,2,2,2,PIURA,SECHURA,BELLAVISTA DE LA UNION,RURAL,CARRETERA,PROVINCIAL,PI-1045,-5.430341667,-80.74022166666667,DESPEJADO,RURAL,TRAMO RECTO,PLANA ,ASFALTADA,SI,REGULADORA (R),PREVENTIVA (P),NO,EN PROCESO DE INVESTIGACIÓN,NO CUENTA CON CAUSA ESPECIFICA,21.0,1,2021.0,8.0,0.0,0,3,2,0,0.0,0.0,0.0,0.0,0,1,29.0,14.916433890176297,0,0,5,0.0,0.0,1
A-2021-08-205,2021-08-03,03:00,CHOQUE,2,1,3,AYACUCHO,LA MAR,TAMBO,RURAL,CARRETERA,NACIONAL,PE-28B,-12.962231,-74.076273,DESPEJADO,RURAL,CURVA,INCLINADA,ASFALTADA,,,,,NEGLIGENCIA DEL CONDUCTOR,CONDUCIR CON FALLAS DE FRENOS,3.0,1,2021.0,8.0,1.0,0,0,2,1,0.0,1.0,0.0,1.0,0,0,32.6,20.057417580536136,0,2,5,0.0,0.4,1
A-2021-08-111,2021-08-03,03:35,ATROPELLO FUGA,1,0,0,LAMBAYEQUE,CHICLAYO,LA VICTORIA,RURAL,CARRETERA,NACIONAL,PE-1N,-6.817081171582661,-79.82943875697003,DESPEJADO,RURAL,TRAMO RECTO,PLANA ,ASFALTADA,,,,,EN PROCESO DE INVESTIGACIÓN,NO CUENTA CON CAUSA ESPECIFICA,3.0,0,2021.0,8.0,1.0,0,0,2,0,0.0,0.0,0.0,0.0,0,0,62.0,0.0,0,0,2,0.0,0.0,1
A-2021-08-14,2021-08-03,05:15,CHOQUE,1,1,2,CALLAO,CALLAO,VENTANILLA,URBANA,AVENIDA,URBANO,NO CORRESPONDE,-11.829234987499738,-77.12120340024269,DESPEJADO,RESIDENCIAL,TRAMO RECTO,PLANA ,ASFALTADA,,,,,NEGLIGENCIA DEL CONDUCTOR,OTRO (NEGLIGENCIA DEL CONDUCTOR),5.0,0,2021.0,8.0,1.0,0,0,2,0,1.0,0.0,0.0,1.0,0,0,55.666666666666664,23.79775899813538,0,1,3,0.0,0.333,1
A-2021-08-322,2021-08-03,06:31,DESPISTE,1,4,1,SAN MARTIN,SAN MARTIN,LA BANDA DE SHILCAYO,RURAL,CARRETERA,NACIONAL,PE-5NB,-6.49832,-76.340749,DESPEJADO,RURAL,TRAMO RECTO,PLANA ,ASFALTADA,NO,,,SI,IMPRUDENCIA DEL CONDUCTOR,EXCESO DE VELOCIDAD,6.0,0,2021.0,8.0,1.0,0,1,2,2,0.0,0.0,0.0,0.0,0,1,54.0,12.457929201917949,0,1,6,0.0,0.167,0
A-2021-08-227,2021-08-03,15:00,ATROPELLO,1,0,0,LIMA,LIMA,COMAS,URBANA,AVENIDA,URBANO,NO CORRESPONDE,-11.945384,-77.063179,DESPEJADO,ESCOLAR,TRAMO RECTO,PLANA ,ASFALTADA,,,,,EN PROCESO DE INVESTIGACIÓN,NO CUENTA CON CAUSA ESPECIFICA,15.0,0,2021.0,8.0,1.0,0,2,2,0,1.0,0.0,0.0,1.0,0,0,0.0,0.0,0,0,2,0.0,0.0,0
A-2021-08-224,2021-08-03,17:00,CHOQUE,1,1,2,LIMA,LIMA,CARABAYLLO,URBANA,AVENIDA,URBANO,NO CORRESPONDE,-11.8635734,-77.008134,DESPEJADO,RURAL,TRAMO RECTO,PLANA ,ASFALTADA,,,,,EN PROCESO DE INVESTIGACIÓN,NO CUENTA CON CAUSA ESPECIFICA,17.0,0,2021.0,8.0,1.0,0,2,2,0,1.0,0.0,0.0,1.0,0,0,37.5,25.826343140289914,0,0,4,0.0,0.0,0
A-2021-08-321,2021-08-04,03:03,CHOQUE,1,2,2,SAN MARTIN,SAN MARTIN,TARAPOTO,URBANA,JIRÓN,URBANO,NO CORRESPONDE,-6.484362,-76.372188,DESPEJADO,COMERCIAL,INTERSECCIÓN,PLANA ,ASFALTADA,,,,,IMPRUDENCIA DEL CONDUCTOR,OTRO (IMPRUDENCIA DEL CONDUCTOR),3.0,0,2021.0,8.0,2.0,0,0,2,2,1.0,0.0,0.0,1.0,0,0,56.25,22.11146007541489,0,1,4,0.0,0.25,1
A-2021-08-123,2021-08-04,05:05,CHOQUE,1,1,2,LAMBAYEQUE,LAMBAYEQUE,OLMOS,RURAL,CARRETERA,NACIONAL,PE-1N,-6.281792018219773,-80.30686674668517,NUBLADO,RURAL,TRAMO RECTO,PLANA ,ASFALTADA,SI,PREVENTIVA (P),REGULADORA (R),NO,IMPRUDENCIA DEL CONDUCTOR,INVASIÓN DE CARRIL,5.0,0,2021.0,8.0,2.0,0,0,2,0,0.0,0.0,0.0,0.0,0,1,46.0,4.242640687119285,0,2,2,0.0,1.0,1
A-2021-08-112,2021-08-04,08:20,ATROPELLO,1,0,0,LAMBAYEQUE,CHICLAYO,JOSE LEONARDO ORTIZ,URBANA,AVENIDA,URBANO,NO CORRESPONDE,-6.7559365,-79.8246708,DESPEJADO,RESIDENCIAL,TRAMO RECTO,PLANA ,ASFALTADA,,,,,EN PROCESO DE INVESTIGACIÓN,NO CUENTA CON CAUSA ESPECIFICA,8.0,0,2021.0,8.0,2.0,0,1,2,0,1.0,0.0,0.0,1.0,0,0,68.0,22.627416997969522,0,1,2,0.0,0.5,0
A-2021-08-187,2021-08-04,09:00,CHOQUE FUGA,1,1,4,PUNO,AZANGARO,ARAPA,RURAL,CARRETERA,DEPARTAMENTAL,PU-114,-15.122866389345909,-70.07096940149098,SOLEADO,RURAL,TRAMO RECTO,PLANA ,ASFALTADA,,,,,INFRAESTRUCTURA Y ENTORNO VIAL,OBRAS TEMPORALES,9.0,0,2021.0,8.0,2.0,0,1,2,1,0.0,0.0,0.0,0.0,0,0,33.75,3.7749172176353745,0,3,5,0.0,0.6,0
A-2021-08-225,2021-08-04,13:00,ATROPELLO FUGA,1,0,0,LIMA,LIMA,CHORRILLOS,URBANA,CALLE,URBANO,NO CORRESPONDE,-12.17003,-77.02477,DESPEJADO,RESIDENCIAL,INTERSECCIÓN,PLANA ,ASFALTADA,,,,,EN PROCESO DE INVESTIGACIÓN,NO CUENTA CON CAUSA ESPECIFICA,13.0,0,2021.0,8.0,2.0,0,2,2,0,2.0,0.0,0.0,2.0,0,0,51.0,36.76955262170047,0,0,2,0.0,0.0,0
A-2021-08-51,2021-08-04,18:45,CHOQUE,1,1,2,LA LIBERTAD,CHEPEN,PACANGA,RURAL,CARRETERA,NACIONAL,PE-1N,-7.168367,-79.440414,DESPEJADO,RURAL,TRAMO RECTO,PLANA ,ASFALTADA,,,,,IMPRUDENCIA DEL CONDUCTOR,CONDUCIR EN ESTADO DE EBRIEDAD Y/O DROGADICCIÓN,18.0,0,2021.0,8.0,2.0,0,3,2,0,0.0,0.0,0.0,0.0,0,0,39.5,26.16295090390226,0,0,2,0.0,0.0,1
A-2021-08-21,2021-08-04,22:41,ATROPELLO FUGA,1,0,0,CAJAMARCA,CELENDIN,CELENDIN,URBANA,AVENIDA,URBANO,NO CORRESPONDE,-6.875732,-78.140011,DESPEJADO,RESIDENCIAL,TRAMO RECTO,INCLINADA,AFIRMADO,,,,,IMPRUDENCIA DEL CONDUCTOR,OTRO (IMPRUDENCIA DEL CONDUCTOR),22.0,0,2021.0,8.0,2.0,0,3,2,1,1.0,1.0,1.0,3.0,0,0,4.0,0.0,0,0,2,0.0,0.0,1
A-2021-08-120,2021-08-05,03:10,CHOQUE FUGA,1,2,1,LAMBAYEQUE,CHICLAYO,PIMENTEL,RURAL,CARRETERA,NACIONAL,PE-1N,-6.7767084,-79.8745727,DESPEJADO,COMERCIAL,TRAMO RECTO,PLANA ,ASFALTADA,,,,,EN PROCESO DE INVESTIGACIÓN,NO CUENTA CON CAUSA ESPECIFICA,3.0,0,2021.0,8.0,3.0,0,0,2,0,0.0,0.0,0.0,0.0,0,0,23.666666666666668,3.214550253664318,0,1,4,0.0,0.25,1
A-2021-08-184,2021-08-05,05:10,CHOQUE,1,0,2,JUNIN,SATIPO,PANGOA,RURAL,CARRETERA,NACIONAL,PE-28C,-11.408608463246155,-74.48906960331489,DESPEJADO,RURAL,TRAMO RECTO,INCLINADA,ASFALTADA,,,,,EN PROCESO DE INVESTIGACIÓN,NO CUENTA CON CAUSA ESPECIFICA,5.0,0,2021.0,8.0,3.0,0,0,2,1,0.0,1.0,0.0,1.0,0,0,28.5,7.7781745930520225,0,0,2,0.0,0.0,1
A-2021-08-308,2021-08-05,05:45,DESPISTE,1,0,1,ANCASH,HUARMEY,HUARMEY,RURAL,CARRETERA,NACIONAL,PE-1N,-9.999281556007912,-78.18488797955541,DESPEJADO,RURAL,TRAMO RECTO,PLANA ,ASFALTADA,,,,,EN PROCESO DE INVESTIGACIÓN,NO CUENTA CON CAUSA ESPECIFICA,5.0,0,2021.0,8.0,3.0,0,0,2,0,0.0,0.0,0.0,0.0,0,0,28.0,0.0,0,1,1,0.0,1.0,1
A-2021-08-228,2021-08-05,10:30,CHOQUE,1,1,2,LIMA,LIMA,SAN MARTIN DE PORRES,URBANA,AVENIDA,URBANO,NO CORRESPONDE,-11.981456751057491,-77.09696517185316,DESPEJADO,COMERCIAL,TRAMO RECTO,PLANA ,ASFALTADA,,,,,EN PROCESO DE INVESTIGACIÓN,NO CUENTA CON CAUSA ESPECIFICA,10.0,0,2021.0,8.0,3.0,0,1,2,0,1.0,0.0,0.0,1.0,0,0,0.0,0.0,0,0,2,0.0,0.0,0
A-2021-08-261,2021-08-05,10:31,ATROPELLO,1,0,0,LIMA,LIMA,LA VICTORIA,URBANA,AVENIDA,URBANO,NO CORRESPONDE,-12.06384,-77.021884,SOLEADO,COMERCIAL,TRAMO RECTO,PLANA ,ASFALTADA,,,,,EN PROCESO DE INVESTIGACIÓN,NO CUENTA CON CAUSA ESPECIFICA,10.0,0,2021.0,8.0,3.0,0,1,2,0,1.0,0.0,0.0,1.0,0,0,56.0,35.35533905932738,0,1,2,0.0,0.5,0
A-2021-08-189,2021-08-05,11:50,CHOQUE,1,1,2,PUNO,SAN ROMAN,CABANILLAS,RURAL,CARRETERA,NACIONAL,PE-34A,-15.6535889,-70.3585267,DESPEJADO,RURAL,CURVA,PLANA ,ASFALTADA,,,,,NEGLIGENCIA DEL CONDUCTOR,OTRO (NEGLIGENCIA DEL CONDUCTOR),11.0,0,2021.0,8.0,3.0,0,1,2,1,0.0,0.0,0.0,0.0,0,0,48.333333333333336,9.073771725877467,0,1,3,0.0,0.333,0
A-2021-08-56,2021-08-05,16:05,ATROPELLO,1,0,1,UCAYALI,CORONEL PORTILLO,CALLERIA,RURAL,JIRÓN,URBANO,NO CORRESPONDE,-8.36233927119179,-74.55228384526,DESPEJADO,RURAL,TRAMO RECTO,PLANA ,AFIRMADO,,,,,IMPRUDENCIA DEL PEATÓN,OTRO (IMPRUDENCIA DEL PEATÓN),16.0,0,2021.0,8.0,3.0,0,2,2,2,1.0,0.0,1.0,2.0,0,0,52.5,33.23401871576773,0,0,2,0.0,0.0,0
A-2021-08-25,2021-08-05,16:30,CHOQUE,1,0,2,CAJAMARCA,CAJABAMBA,CAJABAMBA,URBANA,CARRETERA,NACIONAL,PE-3N,-7.61178933,-78.05854328,DESPEJADO,RESIDENCIAL,TRAMO RECTO,PLANA ,ASFALTADA,,,,,IMPRUDENCIA DEL CONDUCTOR,GIRAR IMPRUDENTEMENTE,16.0,0,2021.0,8.0,3.0,0,2,2,1,0.0,0.0,0.0,0.0,0,0,21.666666666666668,13.576941236277534,0,1,3,0.0,0.333,0
A-2021-08-118,2021-08-05,17:00,CHOQUE,1,0,2,LAMBAYEQUE,CHICLAYO,TUMAN,RURAL,CARRETERA,NACIONAL,PE-06A,-6.744491581501243,-79.68672388694293,SOLEADO,RURAL,CURVA,INCLINADA,ASFALTADA,SI,PREVENTIVA (P),INFORMATIVA (I),NO,IMPRUDENCIA DEL CONDUCTOR,INVASIÓN DE CARRIL,17.0,0,2021.0,8.0,3.0,0,2,2,0,0.0,1.0,0.0,1.0,0,1,28.5,4.949747468305833,0,0,2,0.0,0.0,0
A-2021-08-53,2021-08-05,19:10,ATROPELLO FUGA,1,0,1,LA LIBERTAD,TRUJILLO,HUANCHACO,RURAL,CARRETERA,NACIONAL,PE-1N,-8.128608,-79.072843,DESPEJADO,RURAL,TRAMO RECTO,PLANA ,ASFALTADA,,,,,EN PROCESO DE INVESTIGACIÓN,NO CUENTA CON CAUSA ESPECIFICA,19.0,0,2021.0,8.0,3.0,0,3,2,0,0.0,0.0,0.0,0.0,0,0,58.0,0.0,0,0,2,0.0,0.0,1
A-2021-08-154,2021-08-05,19:30,CAÍDA DE PASAJERO,1,0,0,LAMBAYEQUE,LAMBAYEQUE,LAMBAYEQUE,RURAL,CARRETERA,NACIONAL,PE-1NJ,-6.626742,-79.888111,,,,,,,,,,EN PROCESO DE INVESTIGACIÓN,NO CUENTA CON CAUSA ESPECIFICA,19.0,0,2021.0,8.0,3.0,0,3,2,0,0.0,1.0,1.0,2.0,0,0,15.0,2.8284271247461903,0,0,2,0.0,0.0,1
A-2021-08-26,2021-08-05,22:00,CHOQUE,1,0,2,ANCASH,RECUAY,CATAC,RURAL,CARRETERA,NACIONAL,PE-16,-10.136476105001297,-77.30179868370803,DESPEJADO,RURAL,TRAMO RECTO,PLANA ,ASFALTADA,SI,PREVENTIVA (P),INFORMATIVA (I),SI,IMPRUDENCIA DEL CONDUCTOR,INVASIÓN DE CARRIL,22.0,0,2021.0,8.0,3.0,0,3,2,0,0.0,0.0,0.0,0.0,0,0,36.5,6.363961030678928,0,2,2,0.0,1.0,1
A-2021-08-145,2021-08-06,11:00,CHOQUE,1,2,2,CUSCO,URUBAMBA,URUBAMBA,RURAL,CARRETERA,NACIONAL,PE-28B,-13.277328,-72.209828,DESPEJADO,RURAL,CURVA,INCLINADA,ASFALTADA,,,,,EN PROCESO DE INVESTIGACIÓN,NO CUENTA CON CAUSA ESPECIFICA,11.0,0,2021.0,8.0,4.0,0,1,2,1,0.0,1.0,0.0,1.0,0,0,49.666666666666664,15.947831618540915,0,2,3,0.0,0.667,0
A-2021-08-283,2021-08-06,13:30,DESPISTE,1,0,0,MOQUEGUA,MARISCAL NIETO,MOQUEGUA,RURAL,CARRETERA,NACIONAL,PE-1S,-17.266918,-71.190611,,,,,,,,,,EN PROCESO DE INVESTIGACIÓN,NO CUENTA CON CAUSA ESPECIFICA,13.0,0,2021.0,8.0,4.0,0,2,2,0,0.0,1.0,1.0,2.0,0,0,62.0,0.0,0,0,1,0.0,0.0,0
A-2021-08-58,2021-08-06,16:30,VOLCADURA,1,1,1,LA LIBERTAD,VIRU,VIRU,RURAL,CARRETERA,NACIONAL,PE-1N,-8.486936,-78.695287,DESPEJADO,RURAL,TRAMO RECTO,PLANA ,ASFALTADA,,,,,IMPRUDENCIA DEL CONDUCTOR,OTRO (IMPRUDENCIA DEL CONDUCTOR),16.0,0,2021.0,8.0,4.0,0,2,2,0,0.0,0.0,0.0,0.0,0,0,36.0,2.8284271247461903,0,1,2,0.0,0.5,0
A-2021-08-190,2021-08-06,19:15,ATROPELLO,1,0,1,PUNO,AZANGARO,AZANGARO,RURAL,CARRETERA,NACIONAL,PE-34B,-14.899844350752929,-70.19152211824833,DESPEJADO,RURAL,TRAMO RECTO,PLANA ,ASFALTADA,,,,,IMPRUDENCIA DEL CONDUCTOR,EXCESO DE VELOCIDAD,19.0,0,2021.0,8.0,4.0,0,3,2,1,0.0,0.0,0.0,0.0,0,0,44.5,16.263455967290593,1,1,2,0.5,0.5,1
A-2021-08-27,2021-08-06,21:00,ATROPELLO,1,0,1,ANCASH,HUARI,UCO,RURAL,CARRETERA,NACIONAL,PE-14A,-9.210169251087024,-76.94633119681846,DESPEJADO,RURAL,CURVA,PLANA ,AFIRMADO,,,,,EN PROCESO DE INVESTIGACIÓN,NO CUENTA CON CAUSA ESPECIFICA,21.0,0,2021.0,8.0,4.0,0,3,2,0,0.0,0.0,1.0,1.0,0,0,37.0,1.4142135623730951,0,0,3,0.0,0.0,1
A-2021-08-200,2021-08-06,22:40,ATROPELLO,1,0,1,PUNO,SAN ROMAN,CABANILLAS,RURAL,CARRETERA,NACIONAL,PE-34A,-15.671918992152094,-70.37607365423928,DESPEJADO,RURAL,TRAMO RECTO,PLANA ,ASFALTADA,,,,,IMPRUDENCIA DEL PEATÓN,CRUCE INDEBIDO POR LA CALZADA,22.0,0,2021.0,8.0,4.0,0,3,2,1,0.0,0.0,0.0,0.0,0,0,44.0,1.4142135623730951,0,1,2,0.0,0.5,1
A-2021-08-122,2021-08-07,05:30,CHOQUE,1,0,2,LAMBAYEQUE,CHICLAYO,POMALCA,RURAL,CARRETERA,NACIONAL,PE-06A,-6.765193006862402,-79.73642526223388,DESPEJADO,RURAL,TRAMO RECTO,PLANA ,ASFALTADA,,,,,IMPRUDENCIA DEL CONDUCTOR,VEHÍCULO MAL ESTACIONADO,5.0,0,2021.0,8.0,5.0,1,0,2,0,0.0,0.0,0.0,0.0,0,0,45.0,0.0,0,0,2,0.0,0.0,1