CODIGO_SINIESTRO,FECHA_SINIESTRO,HORA_SINIESTRO,CLASE_SINIESTRO,CANTIDAD_FALLECIDOS,CANTIDAD_LESIONADOS,CANTIDAD_VEHICULOS,DEPARTAMENTO,PROVINCIA,DISTRITO,ZONA,TIPO_VIA,RED_VIAL,COD_CARRETERA,LATITUD,LONGITUD,CONDICION_CLIMATICA,ZONIFICACION,CARACTERISTICAS_VIA,PERFIL_VIA,SUPERFICIE_CALZADA,EXISTE_SENIAL_VERTICAL,CLASIFICACION_SENIAL_VERTICAL_1,CLASIFICACION_SENIAL_VERTICAL_2,EXISTE_SENIAL_HORIZONTAL,CAUSA_FACTOR_PRINCIPAL,CAUSA_ESPECIFICA,HORA,severidad,ANIO,MES,DIA_SEMANA,FIN_SEMANA,FRANJA_HORARIA,TEMPORADA,MACROREGION,TIPO_VIA_SCORE,PERFIL_VIA_SCORE,SUPERFICIE_CALZADA_SCORE,RIESGO_INFRAESTRUCTURA,RIESGO_CLIMATICO,SENIALIZACION_DEFICIENTE,EDAD_PROMEDIO,EDAD_STD,TOTAL_ALCOHOL,TOTAL_LICENCIA,TOTAL_PERSONAS,PCT_ALCOHOL,PCT_LICENCIA,ES_NOCHE
A-2021-08-76,2021-08-07,07:15,DESPISTE,3,2,1,HUANCAVELICA,CASTROVIRREYNA,TICRAPO,RURAL,CARRETERA,NACIONAL,PE-28D,-13.4647297908054,-75.4726935919309,DESPEJADO,RURAL,SINUOSA,INCLINADA,ASFALTADA,,,,,EN PROCESO DE INVESTIGACIÓN,NO CUENTA CON CAUSA ESPECIFICA,7.0,2,2021.0,8.0,5.0,1,1,2,1,0.0,1.0,0.0,1.0,0,0,23.0,2.4494897427831783,0,1,5,0.0,0.2,0
A-2021-08-52,2021-08-07,09:30,CHOQUE,1,2,2,CAJAMARCA,HUALGAYOC,BAMBAMARCA,RURAL,CARRETERA,PROVINCIAL,CA-1063,-6.71807833,-78.470115,DESPEJADO,RURAL,CURVA,INCLINADA,AFIRMADO,,,,,IMPRUDENCIA DEL CONDUCTOR,CONDUCIR EN SENTIDO CONTRARIO,9.0,0,2021.0,8.0,5.0,1,1,2,1,0.0,1.0,1.0,2.0,0,0,24.5,17.97220075561143,0,0,4,0.0,0.0,0
A-2021-08-263,2021-08-07,12:30,CHOQUE,1,2,2,LIMA,BARRANCA,PARAMONGA,RURAL,CARRETERA,NACIONAL,PE-16,-10.43982860426835,-77.72763843361777,DESPEJADO,RURAL,TRAMO RECTO,PLANA ,ASFALTADA,,,,,IMPRUDENCIA DEL CONDUCTOR,CAÍDA DE MERCANCÍA,12.0,0,2021.0,8.0,5.0,1,2,2,0,0.0,0.0,0.0,0.0,0,0,38.4,11.696153213770756,1,2,5,0.2,0.4,0
A-2021-08-229,2021-08-07,21:37,CHOQUE FUGA,1,0,1,LIMA,LIMA,LOS OLIVOS,URBANA,CARRETERA,NACIONAL,PE-1N,-11.95932691237056,-77.06894151054783,DESPEJADO,ESCOLAR,TRAMO RECTO,PLANA ,ASFALTADA,,,,,EN PROCESO DE INVESTIGACIÓN,NO CUENTA CON CAUSA ESPECIFICA,21.0,0,2021.0,8.0,5.0,1,3,2,0,0.0,0.0,0.0,0.0,0,0,26.0,0.0,0,0,2,0.0,0.0,1
A-2021-08-272,2021-08-08,02:40,ATROPELLO FUGA,1,1,1,LIMA,HUAURA,HUACHO,URBANA,CARRETERA,DEPARTAMENTAL,LM-101,-11.100064,-77.596177,DESPEJADO,RESIDENCIAL,INTERSECCIÓN,PLANA ,ASFALTADA,,,,,IMPRUDENCIA DEL CONDUCTOR,EXCESO DE VELOCIDAD,2.0,0,2021.0,8.0,6.0,1,0,2,0,0.0,0.0,0.0,0.0,0,0,36.0,1.4142135623730951,1,0,2,0.5,0.0,1
A-2021-08-274,2021-08-08,04:40,CHOQUE,1,0,1,LIMA,HUAURA,HUACHO,URBANA,AVENIDA,URBANO,NO CORRESPONDE,-11.107406,-77.598784,DESPEJADO,RESIDENCIAL,INTERSECCIÓN,PLANA ,ASFALTADA,,,,,IMPRUDENCIA DEL CONDUCTOR,CONDUCIR EN ESTADO DE EBRIEDAD Y/O DROGADICCIÓN,4.0,0,2021.0,8.0,6.0,1,0,2,0,1.0,0.0,0.0,1.0,0,0,34.5,20.506096654409877,0,1,2,0.0,0.5,1
A-2021-08-113,2021-08-08,06:40,CHOQUE,1,3,2,AREQUIPA,AREQUIPA,SAN JUAN DE TARUCANI,RURAL,CARRETERA,NACIONAL,PE-34A,-16.056325,-71.351488,DESPEJADO,RURAL,OTRO,INCLINADA,ASFALTADA,NO,,,SI,EN PROCESO DE INVESTIGACIÓN,NO CUENTA CON CAUSA ESPECIFICA,6.0,0,2021.0,8.0,6.0,1,1,2,0,0.0,1.0,0.0,1.0,0,1,60.6,6.188699378706321,0,2,5,0.0,0.4,0
A-2021-08-320,2021-08-08,08:00,CHOQUE,1,0,2,SAN MARTIN,LAMAS,LAMAS,RURAL,CARRETERA,DEPARTAMENTAL,SM-104,-6.424076411473288,-76.51867457146695,LLUVIOSO,RURAL,TRAMO RECTO,PLANA ,ASFALTADA,NO,,,SI,IMPRUDENCIA DEL CONDUCTOR,EXCESO DE VELOCIDAD,8.0,0,2021.0,8.0,6.0,1,1,2,2,0.0,0.0,0.0,0.0,1,1,40.5,9.192388155425117,0,2,2,0.0,1.0,0
A-2021-08-155,2021-08-08,08:15,DESPISTE,1,0,1,LAMBAYEQUE,CHICLAYO,CHICLAYO,URBANA,CARRETERA,DEPARTAMENTAL,LA-111,-6.784131,-79.833373,DESPEJADO,RESIDENCIAL,TRAMO RECTO,PLANA ,ASFALTADA,,,,,EN PROCESO DE INVESTIGACIÓN,NO CUENTA CON CAUSA ESPECIFICA,8.0,0,2021.0,8.0,6.0,1,1,2,0,0.0,0.0,0.0,0.0,0,0,22.0,0.0,0,0,1,0.0,0.0,0
A-2021-08-293,2021-08-08,13:20,CHOQUE,1,0,1,PIURA,SULLANA,SULLANA,RURAL,CARRETERA,NACIONAL,PE-1N,-4.91808,-80.69704,DESPEJADO,INDUSTRIAL,TRAMO RECTO,PLANA ,ASFALTADA,,,,,EN PROCESO DE INVESTIGACIÓN,NO CUENTA CON CAUSA ESPECIFICA,13.0,0,2021.0,8.0,6.0,1,2,2,0,0.0,0.0,0.0,0.0,0,0,40.0,15.556349186104045,0,1,2,0.0,0.5,0
A-2021-08-315,2021-08-08,19:30,CAÍDA DE PASAJERO,1,1,0,APURIMAC,COTABAMBAS,CHALLHUAHUACHO,RURAL,CARRETERA,PROVINCIAL,AP-962,-14.148128919207895,-72.29347077496062,,,,,,,,,,EN PROCESO DE INVESTIGACIÓN,NO CUENTA CON CAUSA ESPECIFICA,19.0,0,2021.0,8.0,6.0,1,3,2,1,0.0,1.0,1.0,2.0,0,0,37.5,13.435028842544403,0,0,2,0.0,0.0,1
A-2021-08-82,2021-08-08,20:10,CHOQUE,1,3,0,TUMBES,TUMBES,SAN JUAN DE LA VIRGEN,RURAL,CARRETERA,DEPARTAMENTAL,TU-104,-3.61532449425017,-80.43716856461634,,,,,,,,,,EN PROCESO DE INVESTIGACIÓN,NO CUENTA CON CAUSA ESPECIFICA,20.0,0,2021.0,8.0,6.0,1,3,2,0,0.0,1.0,1.0,2.0,0,0,26.0,15.14375558880073,1,1,4,0.25,0.25,1
A-2021-08-146,2021-08-08,23:31,CHOQUE,1,2,2,CUSCO,CUSCO,SAYLLA,URBANA,CARRETERA,NACIONAL,PE-3S,-13.5670037299904,-71.8330807948842,NUBLADO,RESIDENCIAL,TRAMO RECTO,PLANA ,ASFALTADA,SI,PREVENTIVA (P),PREVENTIVA (P),SI,IMPRUDENCIA DEL CONDUCTOR,EXCESO DE VELOCIDAD,23.0,0,2021.0,8.0,6.0,1,3,2,1,0.0,0.0,0.0,0.0,0,0,42.0,10.708252269472675,0,2,4,0.0,0.5,1
A-2021-08-294,2021-08-09,00:00,DESPISTE,4,0,1,PIURA,AYABACA,AYABACA,RURAL,CARRETERA,NACIONAL,PE-1NT,-4.707886182295068,-79.8152446530959,NUBLADO,RURAL,OTRO,INCLINADA,TROCHA,,,,,EN PROCESO DE INVESTIGACIÓN,NO CUENTA CON CAUSA ESPECIFICA,0.0,2,2021.0,8.0,0.0,0,0,2,0,0.0,1.0,2.0,3.0,0,0,45.333333333333336,22.54624876411447,0,1,4,0.0,0.25,1
A-2021-08-59,2021-08-09,05:45,ATROPELLO,1,0,1,LA LIBERTAD,VIRU,VIRU,RURAL,CARRETERA,NACIONAL,PE-1N,-8.413602,-78.795044,DESPEJADO,RURAL,TRAMO RECTO,PLANA ,ASFALTADA,,,,,IMPRUDENCIA DEL PEATÓN,CRUCE INDEBIDO POR LA CALZADA,5.0,0,2021.0,8.0,0.0,0,0,2,0,0.0,0.0,0.0,0.0,0,0,39.0,26.870057685088806,0,1,2,0.0,0.5,1
A-2021-08-330,2021-08-09,15:05,CHOQUE,2,3,2,AMAZONAS,LUYA,TINGO,RURAL,CARRETERA,NACIONAL,PE-08B,-6.3665074,-77.9123043,DESPEJADO,RURAL,CURVA,INCLINADA,ASFALTADA,SI,PREVENTIVA (P),PREVENTIVA (P),NO,EN PROCESO DE INVESTIGACIÓN,NO CUENTA CON CAUSA ESPECIFICA,15.0,1,2021.0,8.0,0.0,0,2,2,2,0.0,1.0,0.0,1.0,0,1,46.166666666666664,22.90342041413611,0,2,6,0.0,0.333,0
A-2021-08-124,2021-08-09,17:30,ATROPELLO,1,0,1,LAMBAYEQUE,LAMBAYEQUE,LAMBAYEQUE,URBANA,CALLE,URBANO,NO CORRESPONDE,-6.69542572959067,-79.9088630988042,DESPEJADO,RESIDENCIAL,TRAMO RECTO,PLANA ,ASFALTADA,,,,,EN PROCESO DE INVESTIGACIÓN,NO CUENTA CON CAUSA ESPECIFICA,17.0,0,2021.0,8.0,0.0,0,2,2,0,2.0,0.0,0.0,2.0,0,0,33.5,0.7071067811865476,0,1,2,0.0,0.5,0
A-2021-08-191,2021-08-09,19:00,ATROPELLO,1,0,1,PUNO,AZANGARO,SAN ANTON,RURAL,CARRETERA,NACIONAL,PE-34B,-14.3762327,-70.2723183,DESPEJADO,RURAL,CURVA,PLANA ,ASFALTADA,,,,,IMPRUDENCIA DEL PEATÓN,CRUCE INDEBIDO POR LA CALZADA,19.0,0,2021.0,8.0,0.0,0,3,2,1,0.0,0.0,0.0,0.0,0,0,28.0,2.8284271247461903,0,1,2,0.0,0.5,1
A-2021-08-30,2021-08-09,20:40,CHOQUE,1,1,2,ICA,NASCA,NASCA,RURAL,CARRETERA,NACIONAL,PE-1S,-14.9557571,-74.9865888,DESPEJADO,RURAL,CURVA,PLANA ,ASFALTADA,SI,PREVENTIVA (P),INFORMATIVA (I),SI,IMPRUDENCIA DEL CONDUCTOR,INVASIÓN DE CARRIL,20.0,0,2021.0,8.0,0.0,0,3,2,0,0.0,0.0,0.0,0.0,0,0,55.0,7.0710678118654755,0,2,2,0.0,1.0,1
A-2021-08-181,2021-08-09,23:15,CHOQUE,1,0,1,APURIMAC,ANDAHUAYLAS,ANDAHUAYLAS,URBANA,CARRETERA,NACIONAL,PE-3S,-13.663746,-73.401938,DESPEJADO,COMERCIAL,TRAMO RECTO,PLANA ,ASFALTADA,,,,,IMPRUDENCIA DEL CONDUCTOR,CONDUCIR EN ESTADO DE EBRIEDAD Y/O DROGADICCIÓN,23.0,0,2021.0,8.0,0.0,0,3,2,1,0.0,0.0,0.0,0.0,0,0,42.5,16.263455967290593,0,1,2,0.0,0.5,1
A-2021-08-61,2021-08-10,00:38,ATROPELLO,1,0,1,LA LIBERTAD,PACASMAYO,PACASMAYO,RURAL,CARRETERA,NACIONAL,PE-1N,-7.401758,-79.558541,DESPEJADO,RURAL,TRAMO RECTO,PLANA ,ASFALTADA,,,,,IMPRUDENCIA DEL CONDUCTOR,OTRO (IMPRUDENCIA DEL CONDUCTOR),0.0,0,2021.0,8.0,1.0,0,0,2,0,0.0,0.0,0.0,0.0,0,0,36.0,21.213203435596427,0,1,2,0.0,0.5,1
A-2021-08-230,2021-08-10,06:00,ATROPELLO,1,0,0,LIMA,LIMA,SAN MARTIN DE PORRES,URBANA,AVENIDA,URBANO,NO CORRESPONDE,-12.01270901836095,-77.08082839775994,NUBLADO,ESCOLAR,INTERSECCIÓN,PLANA ,ASFALTADA,,,,,EN PROCESO DE INVESTIGACIÓN,NO CUENTA CON CAUSA ESPECIFICA,6.0,0,2021.0,8.0,1.0,0,1,2,0,1.0,0.0,0.0,1.0,0,0,37.0,0.0,0,0,2,0.0,0.0,0
A-2021-08-231,2021-08-10,07:00,ATROPELLO,1,0,0,LIMA,LIMA,VILLA EL SALVADOR,URBANA,AVENIDA,URBANO,NO CORRESPONDE,-12.19729624143275,-76.95296828691491,NUBLADO,RESIDENCIAL,TRAMO RECTO,PLANA ,ASFALTADA,,,,,EN PROCESO DE INVESTIGACIÓN,NO CUENTA CON CAUSA ESPECIFICA,7.0,0,2021.0,8.0,1.0,0,1,2,0,1.0,0.0,0.0,1.0,0,0,58.0,41.012193308819754,0,0,2,0.0,0.0,0
A-2021-08-62,2021-08-10,07:20,ATROPELLO,1,0,1,LA LIBERTAD,TRUJILLO,FLORENCIA DE MORA,URBANA,AVENIDA,URBANO,NO CORRESPONDE,-8.086057,-79.01804,DESPEJADO,RESIDENCIAL,INTERSECCIÓN,PLANA ,ASFALTADA,,,,,EN PROCESO DE INVESTIGACIÓN,NO CUENTA CON CAUSA ESPECIFICA,7.0,0,2021.0,8.0,1.0,0,1,2,0,1.0,0.0,0.0,1.0,0,0,44.5,3.5355339059327378,0,1,2,0.0,0.5,0
A-2021-08-232,2021-08-10,07:45,ATROPELLO,1,0,0,LIMA,LIMA,CHORRILLOS,URBANA,AVENIDA,URBANO,NO CORRESPONDE,-12.179248116652882,-77.01428886492306,NUBLADO,RESIDENCIAL,TRAMO RECTO,PLANA ,ASFALTADA,,,,,EN PROCESO DE INVESTIGACIÓN,NO CUENTA CON CAUSA ESPECIFICA,7.0,0,2021.0,8.0,1.0,0,1,2,0,1.0,0.0,0.0,1.0,0,0,49.5,20.506096654409877,0,0,2,0.0,0.0,0
A-2021-08-206,2021-08-10,08:30,DESPISTE,1,1,0,AYACUCHO,VICTOR FAJARDO,VILCANCHOS,RURAL,CARRETERA,DEPARTAMENTAL,AY-106,-13.568882,-74.61658,DESPEJADO,RURAL,CURVA,INCLINADA,ASFALTADA,,,,,IMPRUDENCIA DEL CONDUCTOR,EXCESO DE VELOCIDAD,8.0,0,2021.0,8.0,1.0,0,1,2,1,0.0,1.0,0.0,1.0,0,0,33.5,3.5355339059327378,0,1,2,0.0,0.5,0
A-2021-08-289,2021-08-10,12:00,CHOQUE,1,0,2,AREQUIPA,CAYLLOMA,MAJES,RURAL,CARRETERA,NACIONAL,PE-1S,-16.52672749,-72.47583574,DESPEJADO,RURAL,TRAMO RECTO,PLANA ,ASFALTADA,,,,,EN PROCESO DE INVESTIGACIÓN,NO CUENTA CON CAUSA ESPECIFICA,12.0,0,2021.0,8.0,1.0,0,2,2,0,0.0,0.0,0.0,0.0,0,0,33.0,4.242640687119285,0,2,2,0.0,1.0,0
A-2021-08-34,2021-08-10,14:20,CHOQUE,2,4,2,AREQUIPA,AREQUIPA,SAN JUAN DE TARUCANI,RURAL,CARRETERA,NACIONAL,PE-34A,-16.0533172,-71.3398551,DESPEJADO,RURAL,TRAMO RECTO,PLANA ,ASFALTADA,NO,,,SI,EN PROCESO DE INVESTIGACIÓN,NO CUENTA CON CAUSA ESPECIFICA,14.0,1,2021.0,8.0,1.0,0,2,2,0,0.0,0.0,0.0,0.0,0,1,40.25,11.146748404803978,0,2,6,0.0,0.333,0
A-2021-08-31,2021-08-10,21:30,ATROPELLO FUGA,1,0,0,PUNO,EL COLLAO,ILAVE,RURAL,CARRETERA,PROVINCIAL,PU-1208,-16.184940582081786,-69.5837063535021,DESPEJADO,RURAL,TRAMO RECTO,PLANA ,TROCHA,,,,,IMPRUDENCIA DEL CONDUCTOR,OTRO (IMPRUDENCIA DEL CONDUCTOR),21.0,0,2021.0,8.0,1.0,0,3,2,1,0.0,0.0,2.0,2.0,0,0,60.0,0.0,0,0,2,0.0,0.0,1
A-2021-08-303,2021-08-11,06:30,DESPISTE,1,0,1,HUANUCO,HUANUCO,SAN FRANCISCO DE CAYRAN,RURAL,CARRETERA,PROVINCIAL,HU-1101,-9.980892,-76.287845,DESPEJADO,RURAL,SINUOSA,INCLINADA,AFIRMADO,,,,,IMPRUDENCIA DEL CONDUCTOR,EXCESO DE VELOCIDAD,6.0,0,2021.0,8.0,2.0,0,1,2,1,0.0,1.0,1.0,2.0,0,0,41.0,0.0,0,0,1,0.0,0.0,0
A-2021-08-32,2021-08-11,09:00,DESPISTE,1,0,1,PUNO,EL COLLAO,ILAVE,RURAL,CARRETERA,NACIONAL,PE-38A,-16.094536571516453,-69.62836501823872,DESPEJADO,RURAL,TRAMO RECTO,INCLINADA,ASFALTADA,,,,,IMPRUDENCIA DEL CONDUCTOR,EXCESO DE VELOCIDAD,9.0,0,2021.0,8.0,2.0,0,1,2,1,0.0,1.0,0.0,1.0,0,0,68.0,0.0,0,0,1,0.0,0.0,0
A-2021-08-234,2021-08-11,09:15,CHOQUE,1,0,0,LIMA,LIMA,COMAS,URBANA,JIRÓN,URBANO,NO CORRESPONDE,-11.935141,-77.069255,DESPEJADO,RESIDENCIAL,TRAMO RECTO,PLANA ,ASFALTADA,,,,,IMPRUDENCIA DEL CONDUCTOR,EXCESO DE VELOCIDAD,9.0,0,2021.0,8.0,2.0,0,1,2,0,1.0,0.0,0.0,1.0,0,0,0.0,0.0,0,0,2,0.0,0.0,0
A-2021-08-68,2021-08-11,10:45,ATROPELLO,1,0,1,AREQUIPA,AREQUIPA,CERRO COLORADO,URBANA,AVENIDA,URBANO,NO CORRESPONDE,-16.375537,-71.557688,DESPEJADO,COMERCIAL,TRAMO RECTO,INCLINADA,ASFALTADA,NO,,,SI,EN PROCESO DE INVESTIGACIÓN,NO CUENTA CON CAUSA ESPECIFICA,10.0,0,2021.0,8.0,2.0,0,1,2,0,1.0,1.0,0.0,2.0,0,1,41.5,3.5355339059327378,0,0,2,0.0,0.0,0
A-2021-08-47,2021-08-11,15:00,CHOQUE,1,0,2,PUNO,PUNO,ACORA,RURAL,CARRETERA,NACIONAL,PE-3S,-16.016363487328523,-69.74656868360596,DESPEJADO,RURAL,TRAMO RECTO,PLANA ,TROCHA,,,,,IMPRUDENCIA DEL CONDUCTOR,DESACATO DE SEÑAL DE TRÁNSITO,15.0,0,2021.0,8.0,2.0,0,2,2,1,0.0,0.0,2.0,2.0,0,0,49.0,22.627416997969522,0,1,2,0.0,0.5,0
A-2021-08-63,2021-08-11,16:30,CHOQUE,1,0,2,LA LIBERTAD,TRUJILLO,TRUJILLO,URBANA,AVENIDA,URBANO,NO CORRESPONDE,-8.087729,-79.039769,DESPEJADO,COMERCIAL,TRAMO RECTO,PLANA ,ASFALTADA,,,,,IMPRUDENCIA DEL CONDUCTOR,INVASIÓN DE CARRIL,16.0,0,2021.0,8.0,2.0,0,2,2,0,1.0,0.0,0.0,1.0,0,0,43.5,2.1213203435596424,0,1,2,0.0,0.5,0
A-2021-08-309,2021-08-12,01:40,CHOQUE,3,0,2,ANCASH,HUARMEY,HUARMEY,RURAL,CARRETERA,NACIONAL,PE-1N,-10.018976475818723,-78.1714024188635,DESPEJADO,RURAL,TRAMO RECTO,PLANA ,ASFALTADA,,,,,EN PROCESO DE INVESTIGACIÓN,NO CUENTA CON CAUSA ESPECIFICA,1.0,2,2021.0,8.0,3.0,0,0,2,0,0.0,0.0,0.0,0.0,0,0,48.5,4.949747468305833,0,1,3,0.0,0.333,1
A-2021-08-264,2021-08-12,12:45,ATROPELLO FUGA,1,0,0,LIMA,BARRANCA,PARAMONGA,RURAL,CARRETERA,NACIONAL,PE-16,-10.409898606576563,-77.70758590407858,SOLEADO,RURAL,TRAMO RECTO,PLANA ,ASFALTADA,,,,,EN PROCESO DE INVESTIGACIÓN,NO CUENTA CON CAUSA ESPECIFICA,12.0,0,2021.0,8.0,3.0,0,2,2,0,0.0,0.0,0.0,0.0,0,0,59.0,0.0,0,0,2,0.0,0.0,0
A-2021-08-64,2021-08-12,17:30,ATROPELLO,1,0,1,LA LIBERTAD,PACASMAYO,GUADALUPE,URBANA,CARRETERA,NACIONAL,PE-1N,-7.260811,-79.488582,DESPEJADO,INDUSTRIAL,TRAMO RECTO,PLANA ,ASFALTADA,,,,,NEGLIGENCIA DEL CONDUCTOR,OTRO (NEGLIGENCIA DEL CONDUCTOR),17.0,0,2021.0,8.0,3.0,0,2,2,0,0.0,0.0,0.0,0.0,0,0,38.5,16.263455967290593,0,1,2,0.0,0.5,0
A-2021-08-310,2021-08-12,19:20,ATROPELLO FUGA,1,0,0,ANCASH,SANTA,CHIMBOTE,URBANA,AVENIDA,URBANO,NO CORRESPONDE,-9.074624480207431,-78.58308961766097,DESPEJADO,RESIDENCIAL,TRAMO RECTO,PLANA ,ASFALTADA,,,,,EN PROCESO DE INVESTIGACIÓN,NO CUENTA CON CAUSA ESPECIFICA,19.0,0,2021.0,8.0,3.0,0,3,2,0,1.0,0.0,0.0,1.0,0,0,58.0,0.0,0,0,2,0.0,0.0,1
A-2021-08-275,2021-08-13,00:00,DESPISTE,1,1,1,LIMA,OYON,PACHANGARA,URBANA,CARRETERA,NACIONAL,PE-18,-10.79902,-76.877347,DESPEJADO,RESIDENCIAL,TRAMO RECTO,INCLINADA,ASFALTADA,,,,,IMPRUDENCIA DEL CONDUCTOR,EXCESO DE VELOCIDAD,0.0,0,2021.0,8.0,4.0,0,0,2,0,0.0,1.0,0.0,1.0,0,0,19.0,3.0,0,0,3,0.0,0.0,1
A-2021-08-235,2021-08-13,09:30,ATROPELLO,1,0,0,LIMA,LIMA,LOS OLIVOS,URBANA,AVENIDA,URBANO,NO CORRESPONDE,-11.959972413515423,-77.06822335632252,NUBLADO,ESCOLAR,INTERSECCIÓN,PLANA ,ASFALTADA,,,,,EN PROCESO DE INVESTIGACIÓN,NO CUENTA CON CAUSA ESPECIFICA,9.0,0,2021.0,8.0,4.0,0,1,2,0,1.0,0.0,0.0,1.0,0,0,63.0,22.627416997969522,0,0,2,0.0,0.0,0
A-2021-08-236,2021-08-13,16:30,ATROPELLO,1,0,0,LIMA,LIMA,VILLA EL SALVADOR,URBANA,OTRO,URBANO,NO CORRESPONDE,-12.236408526628123,-76.92045476347974,DESPEJADO,ESCOLAR,TRAMO RECTO,PLANA ,ASFALTADA,,,,,EN PROCESO DE INVESTIGACIÓN,NO CUENTA CON CAUSA ESPECIFICA,16.0,0,2021.0,8.0,4.0,0,2,2,0,2.0,0.0,0.0,2.0,0,0,34.5,44.54772721475249,0,0,2,0.0,0.0,0
A-2021-08-65,2021-08-13,19:10,CHOQUE,2,0,2,LA LIBERTAD,VIRU,GUADALUPITO,RURAL,CARRETERA,NACIONAL,PE-1N,-8.960879,-78.628476,DESPEJADO,RURAL,TRAMO RECTO,PLANA ,ASFALTADA,,,,,IMPRUDENCIA DEL CONDUCTOR,CONDUCIR EN ESTADO DE EBRIEDAD Y/O DROGADICCIÓN,19.0,1,2021.0,8.0,4.0,0,3,2,0,0.0,0.0,0.0,0.0,0,0,25.0,9.848857801796104,0,1,3,0.0,0.333,1
A-2021-08-209,2021-08-14,02:30,DESPISTE,2,0,1,AYACUCHO,CANGALLO,PARAS,RURAL,CARRETERA,NACIONAL,PE-28A,-13.3600941935845,-74.7363379894998,DESPEJADO,RURAL,CURVA,INCLINADA,ASFALTADA,,,,,IMPRUDENCIA DEL CONDUCTOR,FATIGA Y/O CANSANCIO,2.0,1,2021.0,8.0,5.0,1,0,2,1,0.0,1.0,0.0,1.0,0,0,62.5,3.5355339059327378,0,0,2,0.0,0.0,1
A-2021-08-192,2021-08-14,03:20,ATROPELLO FUGA,1,0,0,PUNO,SAN ROMAN,JULIACA,RURAL,CARRETERA,NACIONAL,PE-34A,-15.522635296777686,-70.18038200269928,DESPEJADO,RURAL,TRAMO RECTO,PLANA ,ASFALTADA,,,,,IMPRUDENCIA DEL PEATÓN,CRUCE INDEBIDO POR LA CALZADA,3.0,0,2021.0,8.0,5.0,1,0,2,1,0.0,0.0,0.0,0.0,0,0,40.0,0.0,0,0,2,0.0,0.0,1
A-2021-08-202,2021-08-14,04:00,DESPISTE,1,1,1,PIURA,HUANCABAMBA,HUARMACA,RURAL,CARRETERA,NACIONAL,PE-3N,-5.632853,-79.539087,NIEBLA,RURAL,CURVA,INCLINADA,ASFALTADA,,,,,EN PROCESO DE INVESTIGACIÓN,NO CUENTA CON CAUSA ESPECIFICA,4.0,0,2021.0,8.0,5.0,1,0,2,0,0.0,1.0,0.0,1.0,0,0,29.666666666666668,22.03028218914441,0,0,3,0.0,0.0,1
A-2021-08-57,2021-08-14,04:00,ATROPELLO FUGA,1,0,0,PUNO,CHUCUITO,ZEPITA,RURAL,CARRETERA,NACIONAL,PE-36A,-16.579315890548937,-69.23732047953027,DESPEJADO,RURAL,TRAMO RECTO,PLANA ,ASFALTADA,,,,,EN PROCESO DE INVESTIGACIÓN,NO CUENTA CON CAUSA ESPECIFICA,4.0,0,2021.0,8.0,5.0,1,0,2,1,0.0,0.0,0.0,0.0,0,0,34.0,0.0,0,0,2,0.0,0.0,1
A-2021-08-69,2021-08-14,07:50,DESPISTE,1,0,1,AREQUIPA,CAYLLOMA,SAN ANTONIO DE CHUCA,RURAL,CARRETERA,NACIONAL,PE-34J,-15.7107648,-71.0535778,DESPEJADO,RURAL,CURVA,PLANA ,ASFALTADA,NO,,,SI,EN PROCESO DE INVESTIGACIÓN,NO CUENTA CON CAUSA ESPECIFICA,7.0,0,2021.0,8.0,5.0,1,1,2,0,0.0,0.0,0.0,0.0,0,1,20.5,17.67766952966369,0,1,2,0.0,0.5,0
A-2021-08-201,2021-08-14,10:30,ATROPELLO,1,0,0,PUNO,SANDIA,SAN PEDRO DE PUTINA PUNCO,URBANA,CARRETERA,NACIONAL,PE-34H,-14.124600416139788,-69.06971989553416,DESPEJADO,COMERCIAL,TRAMO RECTO,PLANA ,ASFALTADA,,,,,IMPRUDENCIA DEL PEATÓN,OTRO (IMPRUDENCIA DEL PEATÓN),10.0,0,2021.0,8.0,5.0,1,1,2,1,0.0,0.0,0.0,0.0,0,0,26.0,36.76955262170047,0,1,2,0.0,0.5,0
A-2021-08-66,2021-08-14,12:45,CHOQUE,1,0,2,LA LIBERTAD,TRUJILLO,TRUJILLO,URBANA,AVENIDA,URBANO,NO CORRESPONDE,-8.119951,-79.028736,DESPEJADO,RESIDENCIAL,INTERSECCIÓN,PLANA ,ASFALTADA,,,,,IMPRUDENCIA DEL CONDUCTOR,NO ESTABLECER EL DERECHO DE PASO,12.0,0,2021.0,8.0,5.0,1,2,2,0,1.0,0.0,0.0,1.0,0,0,33.5,21.920310216782973,0,1,2,0.0,0.5,0
A-2021-08-237,2021-08-14,15:30,ATROPELLO,1,0,0,LIMA,LIMA,COMAS,URBANA,AVENIDA,URBANO,NO CORRESPONDE,-11.925832212882137,-77.04288118284668,NUBLADO,ESCOLAR,TRAMO RECTO,PLANA ,ASFALTADA,,,,,EN PROCESO DE INVESTIGACIÓN,NO CUENTA CON CAUSA ESPECIFICA,15.0,0,2021.0,8.0,5.0,1,2,2,0,1.0,0.0,0.0,1.0,0,0,56.5,37.476659402887016,0,0,2,0.0,0.0,0
A-2021-08-110,2021-08-14,17:05,ATROPELLO,1,0,0,CAJAMARCA,CAJAMARCA,CAJAMARCA,URBANA,AVENIDA,URBANO,NO CORRESPONDE,-7.15318,-78.523147,DESPEJADO,ESCOLAR,TRAMO RECTO,PLANA ,ASFALTADA,,,,,IMPRUDENCIA DEL PEATÓN,CRUCE INDEBIDO POR LA CALZADA,17.0,0,2021.0,8.0,5.0,1,2,2,1,1.0,0.0,0.0,1.0,0,0,11.0,15.556349186104045,0,1,2,0.0,0.5,0