CODIGO_SINIESTRO,FECHA_SINIESTRO,HORA_SINIESTRO,CLASE_SINIESTRO,CANTIDAD_FALLECIDOS,CANTIDAD_LESIONADOS,CANTIDAD_VEHICULOS,DEPARTAMENTO,PROVINCIA,DISTRITO,ZONA,TIPO_VIA,RED_VIAL,COD_CARRETERA,LATITUD,LONGITUD,CONDICION_CLIMATICA,ZONIFICACION,CARACTERISTICAS_VIA,PERFIL_VIA,SUPERFICIE_CALZADA,EXISTE_SENIAL_VERTICAL,CLASIFICACION_SENIAL_VERTICAL_1,CLASIFICACION_SENIAL_VERTICAL_2,EXISTE_SENIAL_HORIZONTAL,CAUSA_FACTOR_PRINCIPAL,CAUSA_ESPECIFICA,HORA,severidad,ANIO,MES,DIA_SEMANA,FIN_SEMANA,FRANJA_HORARIA,TEMPORADA,MACROREGION,TIPO_VIA_SCORE,PERFIL_VIA_SCORE,SUPERFICIE_CALZADA_SCORE,RIESGO_INFRAESTRUCTURA,RIESGO_CLIMATICO,SENIALIZACION_DEFICIENTE,EDAD_PROMEDIO,EDAD_STD,TOTAL_ALCOHOL,TOTAL_LICENCIA,TOTAL_PERSONAS,PCT_ALCOHOL,PCT_LICENCIA,ES_NOCHE
A-2021-08-71,2021-08-14,18:30,CHOQUE,1,0,3,AREQUIPA,CAYLLOMA,MAJES,RURAL,CARRETERA,SIN CLASIFICAR,SIN CLASIFICAR,-16.3644805,-72.1977814,DESPEJADO,RURAL,INTERSECCIÓN,PLANA ,ASFALTADA,NO,,,SI,EN PROCESO DE INVESTIGACIÓN,NO CUENTA CON CAUSA ESPECIFICA,18.0,0,2021.0,8.0,5.0,1,3,2,0,0.0,0.0,0.0,0.0,0,1,41.0,10.44030650891055,0,2,3,0.0,0.667,1
A-2021-08-60,2021-08-14,22:00,CHOQUE,1,1,2,PIURA,PIURA,PIURA,RURAL,CARRETERA,NACIONAL,PE-1N,-5.108808,-80.70334,DESPEJADO,RURAL,TRAMO RECTO,PLANA ,ASFALTADA,,,,,EN PROCESO DE INVESTIGACIÓN,NO CUENTA CON CAUSA ESPECIFICA,22.0,0,2021.0,8.0,5.0,1,3,2,0,0.0,0.0,0.0,0.0,0,0,37.333333333333336,7.505553499465134,0,2,3,0.0,0.667,1
A-2021-08-70,2021-08-15,05:20,VOLCADURA,4,8,2,AREQUIPA,AREQUIPA,YURA,RURAL,CARRETERA,NACIONAL,PE-34A,-16.0773788,-71.5119481,DESPEJADO,RURAL,CURVA,INCLINADA,ASFALTADA,SI,PREVENTIVA (P),PREVENTIVA (P),SI,EN PROCESO DE INVESTIGACIÓN,NO CUENTA CON CAUSA ESPECIFICA,5.0,2,2021.0,8.0,6.0,1,0,2,0,0.0,1.0,0.0,1.0,0,0,26.833333333333332,18.64419643229658,0,2,12,0.0,0.167,1
A-2021-08-125,2021-08-15,08:30,CHOQUE,1,0,2,LAMBAYEQUE,CHICLAYO,LA VICTORIA,URBANA,AVENIDA,URBANO,NO CORRESPONDE,-6.795854629506657,-79.84158393099888,DESPEJADO,RESIDENCIAL,INTERSECCIÓN,PLANA ,ASFALTADA,,,,,IMPRUDENCIA DEL CONDUCTOR,INVASIÓN DE CARRIL,8.0,0,2021.0,8.0,6.0,1,1,2,0,1.0,0.0,0.0,1.0,0,0,35.5,6.363961030678928,0,0,2,0.0,0.0,0
A-2021-08-325,2021-08-15,12:00,DESPISTE,1,0,0,APURIMAC,ABANCAY,PICHIRHUA,RURAL,CARRETERA,NACIONAL,PE-30A,-13.897412,-73.045318,,,,,,,,,,EN PROCESO DE INVESTIGACIÓN,NO CUENTA CON CAUSA ESPECIFICA,12.0,0,2021.0,8.0,6.0,1,2,2,1,0.0,1.0,1.0,2.0,0,0,21.0,0.0,0,0,1,0.0,0.0,0
A-2021-08-67,2021-08-15,12:30,CHOQUE,2,13,2,LA LIBERTAD,ASCOPE,CHICAMA,RURAL,CARRETERA,NACIONAL,PE-1N,-7.905446,-79.117592,DESPEJADO,RURAL,TRAMO RECTO,PLANA ,ASFALTADA,,,,,IMPRUDENCIA DEL CONDUCTOR,OTRO (IMPRUDENCIA DEL CONDUCTOR),12.0,1,2021.0,8.0,6.0,1,2,2,0,0.0,0.0,0.0,0.0,0,0,29.333333333333332,24.881624506756747,0,1,16,0.0,0.062,0
A-2021-08-77,2021-08-15,19:00,ATROPELLO FUGA,1,0,1,ANCASH,HUARI,CHAVIN DE HUANTAR,RURAL,CARRETERA,SIN CLASIFICAR,SIN CLASIFICAR,-9.592856962634704,-77.17860821232733,DESPEJADO,RURAL,TRAMO RECTO,PLANA ,ASFALTADA,SI,PREVENTIVA (P),PREVENTIVA (P),SI,IMPRUDENCIA DEL CONDUCTOR,OTRO (IMPRUDENCIA DEL CONDUCTOR),19.0,0,2021.0,8.0,6.0,1,3,2,0,0.0,0.0,0.0,0.0,0,0,46.5,7.7781745930520225,0,1,2,0.0,0.5,1
A-2021-08-119,2021-08-15,23:45,CHOQUE,1,2,2,AREQUIPA,AREQUIPA,CERRO COLORADO,RURAL,CARRETERA,NACIONAL,PE-34A,-16.344693541797753,-71.58154509738962,DESPEJADO,COMERCIAL,TRAMO RECTO,INCLINADA,ASFALTADA,NO,,,SI,EN PROCESO DE INVESTIGACIÓN,NO CUENTA CON CAUSA ESPECIFICA,23.0,0,2021.0,8.0,6.0,1,3,2,0,0.0,1.0,0.0,1.0,0,1,24.75,9.394147114027968,0,2,4,0.0,0.5,1
A-2021-08-132,2021-08-16,01:30,DESPISTE,1,2,1,APURIMAC,ANDAHUAYLAS,KAQUIABAMBA,RURAL,CARRETERA,PROVINCIAL,AP-578,-13.526327,-73.294505,DESPEJADO,RURAL,OTRO,INCLINADA,CASCAJO/RIPIO,,,,,IMPRUDENCIA DEL CONDUCTOR,CONDUCIR EN ESTADO DE EBRIEDAD Y/O DROGADICCIÓN,1.0,0,2021.0,8.0,0.0,0,0,2,1,0.0,1.0,1.0,2.0,0,0,34.333333333333336,1.154700538379251,0,1,3,0.0,0.333,1
A-2021-08-265,2021-08-16,05:45,CHOQUE,1,1,2,LIMA,BARRANCA,PATIVILCA,RURAL,CARRETERA,NACIONAL,PE-16A,-10.67480465875352,-77.7820020705566,LLUVIOSO,RURAL,TRAMO RECTO,PLANA ,ASFALTADA,,,,,IMPRUDENCIA DEL CONDUCTOR,EXCESO DE VELOCIDAD,5.0,0,2021.0,8.0,0.0,0,0,2,0,0.0,0.0,0.0,0.0,1,0,32.0,10.0,0,1,3,0.0,0.333,1
A-2021-08-238,2021-08-16,09:40,ATROPELLO,1,0,0,LIMA,LIMA,VILLA EL SALVADOR,URBANA,AVENIDA,URBANO,NO CORRESPONDE,-12.212207826552731,-76.95801077649516,DESPEJADO,INDUSTRIAL,INTERSECCIÓN,PLANA ,ASFALTADA,,,,,EN PROCESO DE INVESTIGACIÓN,NO CUENTA CON CAUSA ESPECIFICA,9.0,0,2021.0,8.0,0.0,0,1,2,0,1.0,0.0,0.0,1.0,0,0,32.0,0.0,0,0,2,0.0,0.0,0
A-2021-08-311,2021-08-16,10:40,DESPISTE,1,0,1,ANCASH,SANTA,COISHCO,RURAL,OTRO,URBANO,NO CORRESPONDE,-9.020311236965645,-78.61246961957714,DESPEJADO,RURAL,TRAMO RECTO,PLANA ,AFIRMADO,,,,,EN PROCESO DE INVESTIGACIÓN,NO CUENTA CON CAUSA ESPECIFICA,10.0,0,2021.0,8.0,0.0,0,1,2,0,2.0,0.0,1.0,3.0,0,0,55.0,0.0,0,1,1,0.0,1.0,0
A-2021-08-295,2021-08-16,16:40,CHOQUE,1,0,1,PIURA,SULLANA,IGNACIO ESCUDERO,RURAL,CARRETERA,NACIONAL,PE-1N,-4.847456,-80.862573,DESPEJADO,RURAL,TRAMO RECTO,PLANA ,ASFALTADA,,,,,EN PROCESO DE INVESTIGACIÓN,NO CUENTA CON CAUSA ESPECIFICA,16.0,0,2021.0,8.0,0.0,0,2,2,0,0.0,0.0,0.0,0.0,0,0,50.666666666666664,17.61628034896508,0,2,3,0.0,0.667,0
A-2021-08-276,2021-08-17,06:40,DESPISTE,1,0,1,LIMA,HUAURA,HUACHO,RURAL,CARRETERA,NACIONAL,PE-18,-11.415470624925003,-77.3721247536458,DESPEJADO,RURAL,CURVA,PLANA ,ASFALTADA,SI,INFORMATIVA (I),PREVENTIVA (P),NO,IMPRUDENCIA DEL CONDUCTOR,EXCESO DE VELOCIDAD,6.0,0,2021.0,8.0,1.0,0,1,2,0,0.0,0.0,0.0,0.0,0,1,30.0,0.0,0,1,1,0.0,1.0,0
A-2021-08-193,2021-08-17,07:45,CHOQUE,1,0,0,PUNO,SAN ROMAN,JULIACA,URBANA,CARRETERA,NACIONAL,PE-34A,-15.481624085932646,-70.13807659980661,DESPEJADO,COMERCIAL,TRAMO RECTO,PLANA ,ASFALTADA,,,,,IMPRUDENCIA DEL CONDUCTOR,INVASIÓN DE CARRIL,7.0,0,2021.0,8.0,1.0,0,1,2,1,0.0,0.0,0.0,0.0,0,0,46.0,1.4142135623730951,0,1,2,0.0,0.5,0
A-2021-08-332,2021-08-17,08:15,CHOQUE FUGA,1,10,0,LIMA,LIMA,LIMA,URBANA,AVENIDA,URBANO,NO CORRESPONDE,-12.04456464,-77.073666116,DESPEJADO,INDUSTRIAL,TRAMO RECTO,PLANA ,ASFALTADA,,,,,IMPRUDENCIA DEL CONDUCTOR,EXCESO DE VELOCIDAD,8.0,0,2021.0,8.0,1.0,0,1,2,0,1.0,0.0,0.0,1.0,0,0,43.833333333333336,12.776635873438055,0,1,12,0.0,0.083,0
A-2021-08-284,2021-08-17,11:30,DESPISTE,1,1,0,MOQUEGUA,MARISCAL NIETO,TORATA,RURAL,CARRETERA,PROVINCIAL,MO-587,-17.120561828829672,-70.6710945814848,,,,,,,,,,EN PROCESO DE INVESTIGACIÓN,NO CUENTA CON CAUSA ESPECIFICA,11.0,0,2021.0,8.0,1.0,0,1,2,0,0.0,1.0,1.0,2.0,0,0,32.5,2.1213203435596424,0,0,2,0.0,0.0,0
A-2021-08-186,2021-08-17,12:00,DESPISTE,2,0,2,JUNIN,TARMA,TAPO,RURAL,CARRETERA,DEPARTAMENTAL,JU-103,-11.358075767829412,-75.55697075679288,DESPEJADO,RURAL,TRAMO RECTO,PLANA ,TROCHA,,,,,EN PROCESO DE INVESTIGACIÓN,NO CUENTA CON CAUSA ESPECIFICA,12.0,1,2021.0,8.0,1.0,0,2,2,1,0.0,0.0,2.0,2.0,0,0,44.5,19.091883092036785,0,0,2,0.0,0.0,0
A-2021-08-273,2021-08-17,15:10,CHOQUE,1,0,2,LIMA,HUAURA,SANTA MARIA,URBANA,AVENIDA,URBANO,NO CORRESPONDE,-11.096769,-77.594687,DESPEJADO,RESIDENCIAL,TRAMO RECTO,PLANA ,ASFALTADA,,,,,IMPRUDENCIA DEL CONDUCTOR,EXCESO DE VELOCIDAD,15.0,0,2021.0,8.0,1.0,0,2,2,0,1.0,0.0,0.0,1.0,0,0,46.5,34.64823227814083,0,0,2,0.0,0.0,0
A-2021-08-78,2021-08-17,16:00,CHOQUE,1,0,2,AREQUIPA,CAMANA,SAMUEL PASTOR,URBANA,CARRETERA,NACIONAL,PE-1S,-16.63406,-72.69027,DESPEJADO,COMERCIAL,TRAMO RECTO,PLANA ,ASFALTADA,NO,,,SI,EN PROCESO DE INVESTIGACIÓN,NO CUENTA CON CAUSA ESPECIFICA,16.0,0,2021.0,8.0,1.0,0,2,2,0,0.0,0.0,0.0,0.0,0,1,43.0,26.870057685088806,0,1,2,0.0,0.5,0
A-2021-08-312,2021-08-17,19:00,ATROPELLO,1,0,1,ANCASH,SANTA,CHIMBOTE,URBANA,AVENIDA,URBANO,NO CORRESPONDE,-9.111292640286738,-78.54607000464127,DESPEJADO,RESIDENCIAL,TRAMO RECTO,PLANA ,ASFALTADA,,,,,EN PROCESO DE INVESTIGACIÓN,NO CUENTA CON CAUSA ESPECIFICA,19.0,0,2021.0,8.0,1.0,0,3,2,0,1.0,0.0,0.0,1.0,0,0,69.5,24.748737341529164,0,1,2,0.0,0.5,1
A-2021-08-182,2021-08-17,20:10,DESPISTE,1,0,1,CUSCO,QUISPICANCHI,OCONGATE,RURAL,CARRETERA,NACIONAL,PE-30C,-13.63413,-71.414767,DESPEJADO,RURAL,CURVA,INCLINADA,ASFALTADA,,,,,IMPRUDENCIA DEL CONDUCTOR,EXCESO DE VELOCIDAD,20.0,0,2021.0,8.0,1.0,0,3,2,1,0.0,1.0,0.0,1.0,0,0,26.0,0.0,0,0,1,0.0,0.0,1
A-2021-08-157,2021-08-18,05:30,CHOQUE,1,3,2,LAMBAYEQUE,LAMBAYEQUE,OLMOS,RURAL,CARRETERA,NACIONAL,PE-1NJ,-5.716098575425028,-79.89015333284517,DESPEJADO,RURAL,TRAMO RECTO,PLANA ,ASFALTADA,SI,PREVENTIVA (P),PREVENTIVA (P),NO,IMPRUDENCIA DEL CONDUCTOR,INVASIÓN DE CARRIL,5.0,0,2021.0,8.0,2.0,0,0,2,0,0.0,0.0,0.0,0.0,0,1,30.8,24.99399927982715,0,1,5,0.0,0.2,1
A-2021-08-99,2021-08-18,08:00,CHOQUE,1,0,2,AREQUIPA,AREQUIPA,PAUCARPATA,URBANA,AVENIDA,URBANO,NO CORRESPONDE,-16.406578,-71.474357,DESPEJADO,RESIDENCIAL,INTERSECCIÓN,INCLINADA,ASFALTADA,,,,,EN PROCESO DE INVESTIGACIÓN,NO CUENTA CON CAUSA ESPECIFICA,8.0,0,2021.0,8.0,2.0,0,1,2,0,1.0,1.0,0.0,2.0,0,0,40.5,27.577164466275352,0,1,2,0.0,0.5,0
A-2021-08-239,2021-08-18,09:50,ATROPELLO,1,0,0,LIMA,LIMA,BREÑA,URBANA,AVENIDA,URBANO,NO CORRESPONDE,-12.06631826683648,-77.04661535781963,DESPEJADO,RESIDENCIAL,TRAMO RECTO,PLANA ,ASFALTADA,,,,,IMPRUDENCIA DEL PEATÓN,OTRO (IMPRUDENCIA DEL PEATÓN),9.0,0,2021.0,8.0,2.0,0,1,2,0,1.0,0.0,0.0,1.0,0,0,40.0,0.0,0,0,2,0.0,0.0,0
A-2021-08-240,2021-08-18,19:53,ATROPELLO FUGA,1,0,0,LIMA,LIMA,ANCON,URBANA,CARRETERA,NACIONAL,PE-1N,-11.766540978342896,-77.1585640015816,NUBLADO,RURAL,TRAMO RECTO,PLANA ,ASFALTADA,,,,,EN PROCESO DE INVESTIGACIÓN,NO CUENTA CON CAUSA ESPECIFICA,19.0,0,2021.0,8.0,2.0,0,3,2,0,0.0,0.0,0.0,0.0,0,0,53.0,19.79898987322333,0,0,2,0.0,0.0,1
A-2021-08-242,2021-08-19,13:20,ESPECIAL,1,0,0,LIMA,LIMA,ATE,URBANA,CARRETERA,NACIONAL,PE-22,-12.009152403430903,-76.8665668308386,SOLEADO,ESCOLAR,TRAMO RECTO,PLANA ,ASFALTADA,,,,,EN PROCESO DE INVESTIGACIÓN,NO CUENTA CON CAUSA ESPECIFICA,13.0,0,2021.0,8.0,3.0,0,2,2,0,0.0,0.0,0.0,0.0,0,0,36.0,9.899494936611665,0,0,2,0.0,0.0,0
A-2021-08-100,2021-08-19,13:50,DESPISTE,1,0,1,AREQUIPA,AREQUIPA,CAYMA,URBANA,CARRETERA,DEPARTAMENTAL,AR-116,-16.299498,-71.521146,DESPEJADO,RESIDENCIAL,CURVA,INCLINADA,ASFALTADA,,,,,EN PROCESO DE INVESTIGACIÓN,NO CUENTA CON CAUSA ESPECIFICA,13.0,0,2021.0,8.0,3.0,0,2,2,0,0.0,1.0,0.0,1.0,0,0,52.0,0.0,0,0,1,0.0,0.0,0
A-2021-08-141,2021-08-20,06:50,CHOQUE,1,3,2,LA LIBERTAD,TRUJILLO,SALAVERRY,RURAL,CARRETERA,NACIONAL,PE-1N,-8.223941,-78.947018,DESPEJADO,RURAL,TRAMO RECTO,PLANA ,ASFALTADA,,,,,EN PROCESO DE INVESTIGACIÓN,NO CUENTA CON CAUSA ESPECIFICA,6.0,0,2021.0,8.0,4.0,0,1,2,0,0.0,0.0,0.0,0.0,0,0,35.4,13.126309458488324,0,2,5,0.0,0.4,0
A-2021-08-142,2021-08-20,18:45,CHOQUE,1,1,2,LA LIBERTAD,TRUJILLO,TRUJILLO,URBANA,AVENIDA,URBANO,NO CORRESPONDE,-8.115759,-79.031181,DESPEJADO,COMERCIAL,INTERSECCIÓN,PLANA ,ASFALTADA,,,,,IMPRUDENCIA DEL CONDUCTOR,DESACATO DE SEÑAL DE TRÁNSITO,18.0,0,2021.0,8.0,4.0,0,3,2,0,1.0,0.0,0.0,1.0,0,0,29.666666666666668,15.947831618540915,0,1,3,0.0,0.333,1
A-2021-08-117,2021-08-20,20:00,CHOQUE,1,0,3,PIURA,SECHURA,CRISTO NOS VALGA,RURAL,CARRETERA,NACIONAL,PE-1N,-5.556816,-80.5833767,DESPEJADO,RURAL,TRAMO RECTO,INCLINADA,ASFALTADA,,,,,EN PROCESO DE INVESTIGACIÓN,NO CUENTA CON CAUSA ESPECIFICA,20.0,0,2021.0,8.0,4.0,0,3,2,0,0.0,1.0,0.0,1.0,0,0,49.666666666666664,15.307950004273378,1,2,3,0.333,0.667,1
A-2021-08-164,2021-08-20,20:30,CHOQUE,1,3,2,CUSCO,PAUCARTAMBO,KOSÑIPATA,RURAL,CARRETERA,DEPARTAMENTAL,CU-113,-12.918103,-71.399089,DESPEJADO,RURAL,CURVA,INCLINADA,TROCHA,,,,,IMPRUDENCIA DEL CONDUCTOR,INVASIÓN DE CARRIL,20.0,0,2021.0,8.0,4.0,0,3,2,1,0.0,1.0,2.0,3.0,0,0,39.75,28.616720054308576,0,0,4,0.0,0.0,1
A-2021-08-188,2021-08-20,20:30,CHOQUE,1,0,2,JUNIN,TARMA,PALCA,RURAL,CARRETERA,NACIONAL,PE-22B,-11.284677252964508,-75.56587403945369,DESPEJADO,RURAL,CURVA,INCLINADA,ASFALTADA,,,,,EN PROCESO DE INVESTIGACIÓN,NO CUENTA CON CAUSA ESPECIFICA,20.0,0,2021.0,8.0,4.0,0,3,2,1,0.0,1.0,0.0,1.0,0,0,41.5,24.748737341529164,0,1,2,0.0,0.5,1
A-2021-08-241,2021-08-20,21:40,ATROPELLO FUGA,1,0,0,LIMA,LIMA,COMAS,URBANA,AVENIDA,URBANO,NO CORRESPONDE,-11.912096195365203,-77.05229577269911,SOLEADO,RESIDENCIAL,INTERSECCIÓN,PLANA ,ASFALTADA,,,,,EN PROCESO DE INVESTIGACIÓN,NO CUENTA CON CAUSA ESPECIFICA,21.0,0,2021.0,8.0,4.0,0,3,2,0,1.0,0.0,0.0,1.0,0,0,77.0,0.0,0,0,1,0.0,0.0,1
A-2021-08-109,2021-08-20,22:30,DESPISTE,1,0,1,HUANCAVELICA,HUANCAVELICA,YAULI,RURAL,CARRETERA,NACIONAL,PE-26,-12.72358,-74.91105,DESPEJADO,RURAL,TRAMO RECTO,PLANA ,ASFALTADA,SI,PREVENTIVA (P),,SI,EN PROCESO DE INVESTIGACIÓN,NO CUENTA CON CAUSA ESPECIFICA,22.0,0,2021.0,8.0,4.0,0,3,2,1,0.0,0.0,0.0,0.0,0,0,42.5,13.435028842544403,0,1,2,0.0,0.5,1
A-2021-08-318,2021-08-21,07:30,CHOQUE,1,0,2,SAN MARTIN,PICOTA,PICOTA,RURAL,CARRETERA,NACIONAL,PE-5N,-6.915948,-76.331708,SOLEADO,RURAL,TRAMO RECTO,PLANA ,ASFALTADA,NO,,,SI,IMPRUDENCIA DEL CONDUCTOR,EXCESO DE VELOCIDAD,7.0,0,2021.0,8.0,5.0,1,1,2,2,0.0,0.0,0.0,0.0,0,1,38.5,7.7781745930520225,0,2,2,0.0,1.0,0
A-2021-08-177,2021-08-21,07:45,CHOQUE,1,0,1,LA LIBERTAD,TRUJILLO,LAREDO,RURAL,CARRETERA,PROVINCIAL,LI-733,-8.087727,-78.981701,DESPEJADO,RURAL,TRAMO RECTO,PLANA ,ASFALTADA,,,,,IMPRUDENCIA DEL CONDUCTOR,GIRAR IMPRUDENTEMENTE,7.0,0,2021.0,8.0,5.0,1,1,2,0,0.0,0.0,0.0,0.0,0,0,53.0,33.94112549695428,0,1,2,0.0,0.5,0
A-2021-08-296,2021-08-21,09:30,CHOQUE,1,0,3,PIURA,PAITA,LA HUACA,RURAL,CARRETERA,DEPARTAMENTAL,PI-102,-4.91742,-80.8442,DESPEJADO,RURAL,CURVA,PLANA ,ASFALTADA,SI,PREVENTIVA (P),REGULADORA (R),NO,EN PROCESO DE INVESTIGACIÓN,NO CUENTA CON CAUSA ESPECIFICA,9.0,0,2021.0,8.0,5.0,1,1,2,0,0.0,0.0,0.0,0.0,0,1,46.0,14.177446878757825,0,2,3,0.0,0.667,0
A-2021-08-102,2021-08-21,10:20,CHOQUE,1,0,2,AREQUIPA,AREQUIPA,CERRO COLORADO,URBANA,CALLE,URBANO,NO CORRESPONDE,-16.332495,-71.600853,DESPEJADO,RESIDENCIAL,INTERSECCIÓN,INCLINADA,ASFALTADA,,,,,EN PROCESO DE INVESTIGACIÓN,NO CUENTA CON CAUSA ESPECIFICA,10.0,0,2021.0,8.0,5.0,1,1,2,0,2.0,1.0,0.0,3.0,0,0,50.0,1.4142135623730951,0,0,2,0.0,0.0,0
A-2021-08-104,2021-08-21,17:30,DESPISTE,1,0,1,AREQUIPA,AREQUIPA,POCSI,RURAL,CARRETERA,DEPARTAMENTAL,AR-118,-16.522686,-71.405408,DESPEJADO,RURAL,CURVA,PLANA ,ASFALTADA,NO,,,SI,EN PROCESO DE INVESTIGACIÓN,NO CUENTA CON CAUSA ESPECIFICA,17.0,0,2021.0,8.0,5.0,1,2,2,0,0.0,0.0,0.0,0.0,0,1,31.0,0.0,0,1,1,0.0,1.0,0
A-2021-08-166,2021-08-21,20:10,CHOQUE,1,4,2,CUSCO,CUSCO,SAN SEBASTIAN,URBANA,AVENIDA,URBANO,NO CORRESPONDE,-13.5368,-71.9063,DESPEJADO,RESIDENCIAL,INTERSECCIÓN,PLANA ,ASFALTADA,SI,REGULADORA (R),PREVENTIVA (P),SI,IMPRUDENCIA DEL CONDUCTOR,EXCESO DE VELOCIDAD,20.0,0,2021.0,8.0,5.0,1,3,2,1,1.0,0.0,0.0,1.0,0,0,32.5,12.340988615179905,0,1,6,0.0,0.167,1
A-2021-08-167,2021-08-21,21:40,ATROPELLO FUGA,1,0,1,CUSCO,CUSCO,SAYLLA,URBANA,CARRETERA,NACIONAL,PE-3S,-13.576465,-71.818137,NUBLADO,RESIDENCIAL,TRAMO RECTO,PLANA ,ASFALTADA,SI,INFORMATIVA (I),REGULADORA (R),SI,IMPRUDENCIA DEL CONDUCTOR,EXCESO DE VELOCIDAD,21.0,0,2021.0,8.0,5.0,1,3,2,1,0.0,0.0,0.0,0.0,0,0,36.0,0.0,0,0,2,0.0,0.0,1
A-2021-08-243,2021-08-21,23:00,ATROPELLO,1,0,0,LIMA,LIMA,CHORRILLOS,URBANA,AVENIDA,URBANO,NO CORRESPONDE,-12.172279177547225,-76.98347013548386,NUBLADO,RESIDENCIAL,TRAMO RECTO,PLANA ,ASFALTADA,,,,,EN PROCESO DE INVESTIGACIÓN,NO CUENTA CON CAUSA ESPECIFICA,23.0,0,2021.0,8.0,5.0,1,3,2,0,1.0,0.0,0.0,1.0,0,0,49.5,28.991378028648448,0,0,2,0.0,0.0,1
A-2021-08-159,2021-08-22,04:00,ATROPELLO FUGA,1,0,1,LAMBAYEQUE,CHICLAYO,PIMENTEL,RURAL,CARRETERA,NACIONAL,PE-1N,-6.74260038811071,-79.87630776178625,DESPEJADO,INDUSTRIAL,TRAMO RECTO,PLANA ,ASFALTADA,,,,,EN PROCESO DE INVESTIGACIÓN,NO CUENTA CON CAUSA ESPECIFICA,4.0,0,2021.0,8.0,6.0,1,0,2,0,0.0,0.0,0.0,0.0,0,0,43.0,0.0,0,0,2,0.0,0.0,1
A-2021-08-244,2021-08-22,04:30,VOLCADURA,1,0,0,LIMA,LIMA,SAN MARTIN DE PORRES,URBANA,AVENIDA,URBANO,NO CORRESPONDE,-12.011633742167676,-77.08918158952721,NUBLADO,ESCOLAR,INTERSECCIÓN,PLANA ,ASFALTADA,,,,,EN PROCESO DE INVESTIGACIÓN,NO CUENTA CON CAUSA ESPECIFICA,4.0,0,2021.0,8.0,6.0,1,0,2,0,1.0,0.0,0.0,1.0,0,0,26.0,4.242640687119285,0,0,2,0.0,0.0,1
A-2021-08-128,2021-08-22,06:10,CHOQUE,1,6,2,PIURA,PIURA,TAMBO GRANDE,RURAL,CARRETERA,NACIONAL,PE-1NJ,-5.146997,-80.399774,DESPEJADO,RURAL,TRAMO RECTO,PLANA ,ASFALTADA,,,,,EN PROCESO DE INVESTIGACIÓN,NO CUENTA CON CAUSA ESPECIFICA,6.0,0,2021.0,8.0,6.0,1,1,2,0,0.0,0.0,0.0,0.0,0,0,34.714285714285715,20.73414483176873,0,1,7,0.0,0.143,0
A-2021-08-172,2021-08-22,12:10,ATROPELLO,1,0,1,LA LIBERTAD,CHEPEN,CHEPEN,RURAL,CARRETERA,NACIONAL,PE-1N,-7.192562,-79.429835,DESPEJADO,RURAL,TRAMO RECTO,PLANA ,ASFALTADA,,,,,EN PROCESO DE INVESTIGACIÓN,NO CUENTA CON CAUSA ESPECIFICA,12.0,0,2021.0,8.0,6.0,1,2,2,0,0.0,0.0,0.0,0.0,0,0,43.0,2.8284271247461903,0,1,2,0.0,0.5,0
A-2021-08-130,2021-08-22,12:50,ATROPELLO FUGA,1,0,1,ANCASH,RECUAY,CATAC,RURAL,CARRETERA,NACIONAL,PE-3N,-10.123422660189847,-77.2917998883457,DESPEJADO,RURAL,TRAMO RECTO,PLANA ,ASFALTADA,SI,PREVENTIVA (P),INFORMATIVA (I),SI,IMPRUDENCIA DEL PEATÓN,OTRO (IMPRUDENCIA DEL PEATÓN),12.0,0,2021.0,8.0,6.0,1,2,2,0,0.0,0.0,0.0,0.0,0,0,49.0,32.526911934581186,0,1,2,0.0,0.5,0
A-2021-08-158,2021-08-22,12:54,ATROPELLO,1,0,1,CUSCO,CUSCO,SAYLLA,URBANA,CARRETERA,NACIONAL,PE-3S,-13.574089,-71.822298,DESPEJADO,RESIDENCIAL,TRAMO RECTO,PLANA ,ASFALTADA,SI,INFORMATIVA (I),INFORMATIVA (I),SI,IMPRUDENCIA DEL CONDUCTOR,EXCESO DE VELOCIDAD,12.0,0,2021.0,8.0,6.0,1,2,2,1,0.0,0.0,0.0,0.0,0,0,40.5,13.435028842544403,0,0,2,0.0,0.0,0
A-2021-08-131,2021-08-22,14:00,ATROPELLO,1,1,1,ANCASH,CARHUAZ,CARHUAZ,URBANA,CARRETERA,NACIONAL,PE-3N,-9.290181130686992,-77.63631689737846,DESPEJADO,RESIDENCIAL,TRAMO RECTO,PLANA ,ASFALTADA,NO,,,SI,EN PROCESO DE INVESTIGACIÓN,NO CUENTA CON CAUSA ESPECIFICA,14.0,0,2021.0,8.0,6.0,1,2,2,0,0.0,0.0,0.0,0.0,0,1,55.0,43.840620433565945,0,0,2,0.0,0.0,0