CODIGO_SINIESTRO,FECHA_SINIESTRO,HORA_SINIESTRO,CLASE_SINIESTRO,CANTIDAD_FALLECIDOS,CANTIDAD_LESIONADOS,CANTIDAD_VEHICULOS,DEPARTAMENTO,PROVINCIA,DISTRITO,ZONA,TIPO_VIA,RED_VIAL,COD_CARRETERA,LATITUD,LONGITUD,CONDICION_CLIMATICA,ZONIFICACION,CARACTERISTICAS_VIA,PERFIL_VIA,SUPERFICIE_CALZADA,EXISTE_SENIAL_VERTICAL,CLASIFICACION_SENIAL_VERTICAL_1,CLASIFICACION_SENIAL_VERTICAL_2,EXISTE_SENIAL_HORIZONTAL,CAUSA_FACTOR_PRINCIPAL,CAUSA_ESPECIFICA,HORA,severidad,ANIO,MES,DIA_SEMANA,FIN_SEMANA,FRANJA_HORARIA,TEMPORADA,MACROREGION,TIPO_VIA_SCORE,PERFIL_VIA_SCORE,SUPERFICIE_CALZADA_SCORE,RIESGO_INFRAESTRUCTURA,RIESGO_CLIMATICO,SENIALIZACION_DEFICIENTE,EDAD_PROMEDIO,EDAD_STD,TOTAL_ALCOHOL,TOTAL_LICENCIA,TOTAL_PERSONAS,PCT_ALCOHOL,PCT_LICENCIA,ES_NOCHE
A-2021-08-138,2021-08-22,16:00,ATROPELLO,1,0,1,PIURA,PIURA,CURA MORI,RURAL,CARRETERA,NACIONAL,PE-1N,-5.406318,-80.612744,DESPEJADO,RURAL,TRAMO RECTO,PLANA ,ASFALTADA,,,,,EN PROCESO DE INVESTIGACIÓN,NO CUENTA CON CAUSA ESPECIFICA,16.0,0,2021.0,8.0,6.0,1,2,2,0,0.0,0.0,0.0,0.0,0,0,57.5,2.1213203435596424,1,0,2,0.5,0.0,0
A-2021-08-196,2021-08-22,16:10,CHOQUE,1,0,2,JUNIN,CHANCHAMAYO,PERENE,RURAL,CARRETERA,NACIONAL,PE-5S,-10.887453951344517,-74.96213591334514,DESPEJADO,RURAL,TRAMO RECTO,INCLINADA,ASFALTADA,,,,,EN PROCESO DE INVESTIGACIÓN,NO CUENTA CON CAUSA ESPECIFICA,16.0,0,2021.0,8.0,6.0,1,2,2,1,0.0,1.0,0.0,1.0,0,0,33.5,20.506096654409877,0,1,2,0.0,0.5,0
A-2021-08-319,2021-08-22,16:30,CHOQUE,1,0,2,SAN MARTIN,LAMAS,LAMAS,RURAL,CARRETERA,NACIONAL,PE-5N,-6.4786,-76.5049,SOLEADO,RURAL,TRAMO RECTO,PLANA ,ASFALTADA,NO,,,SI,IMPRUDENCIA DEL CONDUCTOR,GIRAR IMPRUDENTEMENTE,16.0,0,2021.0,8.0,6.0,1,2,2,2,0.0,0.0,0.0,0.0,0,1,54.5,31.81980515339464,0,0,2,0.0,0.0,0
A-2021-08-194,2021-08-22,18:00,ATROPELLO,1,0,0,PUNO,SAN ROMAN,CABANILLAS,RURAL,CARRETERA,NACIONAL,PE-34A,-15.6604137,-70.3640193,DESPEJADO,RURAL,CURVA,PLANA ,ASFALTADA,,,,,IMPRUDENCIA DEL PEATÓN,OTRO (IMPRUDENCIA DEL PEATÓN),18.0,0,2021.0,8.0,6.0,1,3,2,1,0.0,0.0,0.0,0.0,0,0,47.5,28.991378028648448,0,1,2,0.0,0.5,1
A-2021-08-245,2021-08-22,18:15,ATROPELLO,1,0,0,LIMA,LIMA,SAN BARTOLO,URBANA,CARRETERA,NACIONAL,PE-1S,-12.385301876174216,-76.77000388201724,NUBLADO,COMERCIAL,TRAMO RECTO,PLANA ,ASFALTADA,,,,,EN PROCESO DE INVESTIGACIÓN,NO CUENTA CON CAUSA ESPECIFICA,18.0,0,2021.0,8.0,6.0,1,3,2,0,0.0,0.0,0.0,0.0,0,0,39.0,0.0,0,1,2,0.0,0.5,1
A-2021-08-299,2021-08-22,19:12,CHOQUE,1,0,2,PIURA,TALARA,LA BREA,RURAL,CARRETERA,DEPARTAMENTAL,PI-101,-4.6196373,-81.2889006,DESPEJADO,RURAL,TRAMO RECTO,INCLINADA,ASFALTADA,,,,,EN PROCESO DE INVESTIGACIÓN,NO CUENTA CON CAUSA ESPECIFICA,19.0,0,2021.0,8.0,6.0,1,3,2,0,0.0,1.0,0.0,1.0,0,0,38.0,4.242640687119285,0,1,2,0.0,0.5,1
A-2021-08-326,2021-08-22,19:30,DESPISTE,1,0,0,APURIMAC,ABANCAY,CIRCA,RURAL,CARRETERA,NACIONAL,PE-30A,-13.788102,-72.947077,,,,,,,,,,EN PROCESO DE INVESTIGACIÓN,NO CUENTA CON CAUSA ESPECIFICA,19.0,0,2021.0,8.0,6.0,1,3,2,1,0.0,1.0,1.0,2.0,0,0,31.0,0.0,0,0,1,0.0,0.0,1
A-2021-08-161,2021-08-22,21:30,ATROPELLO,1,0,1,CUSCO,LA CONVENCION,QUELLOUNO,URBANA,JIRÓN,URBANO,NO CORRESPONDE,-12.521364,-72.414141,DESPEJADO,RESIDENCIAL,INTERSECCIÓN,PLANA ,ASFALTADA,NO,,,SI,IMPRUDENCIA DEL CONDUCTOR,CONDUCIR EN ESTADO DE EBRIEDAD Y/O DROGADICCIÓN,21.0,0,2021.0,8.0,6.0,1,3,2,1,1.0,0.0,0.0,1.0,0,1,52.5,14.849242404917497,0,1,2,0.0,0.5,1
A-2021-08-266,2021-08-22,22:10,DESPISTE,1,0,1,LIMA,BARRANCA,PATIVILCA,RURAL,CARRETERA,PROVINCIAL,LM-512,-10.656949282088592,-77.72010684803666,DESPEJADO,RURAL,TRAMO RECTO,PLANA ,TROCHA,,,,,EN PROCESO DE INVESTIGACIÓN,NO CUENTA CON CAUSA ESPECIFICA,22.0,0,2021.0,8.0,6.0,1,3,2,0,0.0,0.0,2.0,2.0,0,0,40.0,0.0,0,0,1,0.0,0.0,1
A-2021-08-247,2021-08-22,23:45,CHOQUE,1,1,0,LIMA,LIMA,SANTIAGO DE SURCO,URBANA,CARRETERA,NACIONAL,PE-1S,-12.136135592917787,-76.98027384452413,NUBLADO,RESIDENCIAL,INTERSECCIÓN,PLANA ,ASFALTADA,,,,,EN PROCESO DE INVESTIGACIÓN,NO CUENTA CON CAUSA ESPECIFICA,23.0,0,2021.0,8.0,6.0,1,3,2,0,0.0,0.0,0.0,0.0,0,0,34.333333333333336,10.016652800877814,0,0,4,0.0,0.0,1
A-2021-08-115,2021-08-23,05:40,ATROPELLO,1,0,1,AREQUIPA,AREQUIPA,CERRO COLORADO,URBANA,CARRETERA,NACIONAL,PE-34A,-16.380119,-71.575573,DESPEJADO,COMERCIAL,TRAMO RECTO,INCLINADA,ASFALTADA,NO,,,SI,EN PROCESO DE INVESTIGACIÓN,NO CUENTA CON CAUSA ESPECIFICA,5.0,0,2021.0,8.0,0.0,0,0,2,0,0.0,1.0,0.0,1.0,0,1,48.0,0.0,0,1,2,0.0,0.5,1
A-2021-08-197,2021-08-23,09:10,ATROPELLO,1,0,1,JUNIN,CHANCHAMAYO,CHANCHAMAYO,RURAL,CARRETERA,NACIONAL,PE-22B,-10.96547650312027,-75.29715499333851,DESPEJADO,RURAL,CURVA,PLANA ,ASFALTADA,,,,,EN PROCESO DE INVESTIGACIÓN,NO CUENTA CON CAUSA ESPECIFICA,9.0,0,2021.0,8.0,0.0,0,1,2,1,0.0,0.0,0.0,0.0,0,0,15.5,14.849242404917497,0,1,2,0.0,0.5,0
A-2021-08-268,2021-08-23,11:00,DESPISTE,1,2,1,JUNIN,CONCEPCION,SAN JOSE DE QUERO,RURAL,CARRETERA,NACIONAL,PE-24,-12.02837173,-75.49696083,SOLEADO,RURAL,CURVA,PLANA ,ASFALTADA,SI,REGULADORA (R),,NO,IMPRUDENCIA DEL CONDUCTOR,CONDUCIR EN ESTADO DE EBRIEDAD Y/O DROGADICCIÓN,11.0,0,2021.0,8.0,0.0,0,1,2,1,0.0,0.0,0.0,0.0,0,1,13.0,12.754084313139327,1,1,4,0.25,0.25,0
A-2021-08-304,2021-08-23,12:30,DESPISTE,2,0,1,HUANUCO,AMBO,SAN RAFAEL,RURAL,CARRETERA,PROVINCIAL,HU-1060,-10.387709,-76.18826,DESPEJADO,RURAL,SINUOSA,INCLINADA,AFIRMADO,,,,,IMPRUDENCIA DEL CONDUCTOR,EXCESO DE VELOCIDAD,12.0,1,2021.0,8.0,0.0,0,2,2,1,0.0,1.0,1.0,2.0,0,0,24.0,7.0710678118654755,0,1,2,0.0,0.5,0
A-2021-08-195,2021-08-23,16:45,CHOQUE,1,0,2,PUNO,AZANGARO,POTONI,RURAL,CARRETERA,NACIONAL,PE-34B,-14.345605,-70.265136,SOLEADO,RURAL,CURVA,PLANA ,ASFALTADA,SI,PREVENTIVA (P),REGULADORA (R),NO,IMPRUDENCIA DEL CONDUCTOR,OTRO (IMPRUDENCIA DEL CONDUCTOR),16.0,0,2021.0,8.0,0.0,0,2,2,1,0.0,0.0,0.0,0.0,0,1,26.333333333333332,19.75685535031659,0,1,3,0.0,0.333,0
A-2021-08-327,2021-08-24,04:00,DESPISTE,1,1,1,AREQUIPA,CARAVELI,CHALA,RURAL,CARRETERA,NACIONAL,PE-1S,-15.835401795882706,-74.28632532759525,DESPEJADO,RURAL,TRAMO RECTO,INCLINADA,AFIRMADO,,,,,EN PROCESO DE INVESTIGACIÓN,NO CUENTA CON CAUSA ESPECIFICA,4.0,0,2021.0,8.0,1.0,0,0,2,0,0.0,1.0,1.0,2.0,0,0,31.5,9.192388155425117,0,1,2,0.0,0.5,1
A-2021-08-249,2021-08-24,14:00,ATROPELLO,1,0,0,LIMA,LIMA,SAN MARTIN DE PORRES,URBANA,AVENIDA,URBANO,NO CORRESPONDE,-12.018424,-77.055792,DESPEJADO,RESIDENCIAL,TRAMO RECTO,PLANA ,ASFALTADA,,,,,IMPRUDENCIA DEL CONDUCTOR,EXCESO DE VELOCIDAD,14.0,0,2021.0,8.0,1.0,0,2,2,0,1.0,0.0,0.0,1.0,0,0,55.5,34.64823227814083,0,0,2,0.0,0.0,0
A-2021-08-290,2021-08-24,19:00,ATROPELLO FUGA,1,0,0,CALLAO,CALLAO,CALLAO,URBANA,CARRETERA,NACIONAL,PE-20B,-12.04008653464044,-77.11817511604997,DESPEJADO,COMERCIAL,TRAMO RECTO,PLANA ,ASFALTADA,,,,,IMPRUDENCIA DEL CONDUCTOR,EXCESO DE VELOCIDAD,19.0,0,2021.0,8.0,1.0,0,3,2,0,0.0,0.0,0.0,0.0,0,0,32.0,0.0,0,0,2,0.0,0.0,1
A-2021-08-271,2021-08-24,23:29,CHOQUE,1,0,2,LIMA,HUAURA,HUALMAY,URBANA,CARRETERA,DEPARTAMENTAL,LM-101,-11.078665,-77.597574,DESPEJADO,INDUSTRIAL,TRAMO RECTO,PLANA ,ASFALTADA,,,,,IMPRUDENCIA DEL CONDUCTOR,INVASIÓN DE CARRIL,23.0,0,2021.0,8.0,1.0,0,3,2,0,0.0,0.0,0.0,0.0,0,0,39.0,16.97056274847714,0,1,2,0.0,0.5,1
A-2021-08-248,2021-08-24,23:30,ATROPELLO,1,0,0,LIMA,LIMA,LURIN,URBANA,AVENIDA,URBANO,NO CORRESPONDE,-12.254683409652396,-76.9166081287385,DESPEJADO,RESIDENCIAL,TRAMO RECTO,PLANA ,CONCRETO,,,,,EN PROCESO DE INVESTIGACIÓN,NO CUENTA CON CAUSA ESPECIFICA,23.0,0,2021.0,8.0,1.0,0,3,2,0,1.0,0.0,0.0,1.0,0,0,48.5,28.991378028648448,0,0,3,0.0,0.0,1
A-2021-08-250,2021-08-25,12:00,CHOQUE,1,0,0,LIMA,LIMA,EL AGUSTINO,URBANA,AVENIDA,URBANO,NO CORRESPONDE,-12.043371,-77.008517,NUBLADO,COMERCIAL,INTERSECCIÓN,PLANA ,ASFALTADA,,,,,EN PROCESO DE INVESTIGACIÓN,NO CUENTA CON CAUSA ESPECIFICA,12.0,0,2021.0,8.0,2.0,0,2,2,0,1.0,0.0,0.0,1.0,0,0,22.0,1.4142135623730951,0,0,2,0.0,0.0,0
A-2021-08-251,2021-08-25,14:30,CHOQUE,1,0,0,LIMA,LIMA,ANCON,URBANA,CARRETERA,NACIONAL,PE-1N,-11.747908536582289,-77.14419924189143,SOLEADO,INDUSTRIAL,INTERSECCIÓN,PLANA ,ASFALTADA,,,,,EN PROCESO DE INVESTIGACIÓN,NO CUENTA CON CAUSA ESPECIFICA,14.0,0,2021.0,8.0,2.0,0,2,2,0,0.0,0.0,0.0,0.0,0,0,33.666666666666664,12.503332889007368,0,0,3,0.0,0.0,0
A-2021-08-139,2021-08-25,20:50,CHOQUE,1,0,3,ICA,NASCA,VISTA ALEGRE,URBANA,CARRETERA,NACIONAL,PE-1S,-14.852055115064632,-74.95893936213601,DESPEJADO,COMERCIAL,TRAMO RECTO,PLANA ,ASFALTADA,NO,,,SI,EN PROCESO DE INVESTIGACIÓN,NO CUENTA CON CAUSA ESPECIFICA,20.0,0,2021.0,8.0,2.0,0,3,2,0,0.0,0.0,0.0,0.0,0,1,38.666666666666664,10.263202878893768,0,3,3,0.0,1.0,1
A-2021-08-317,2021-08-26,10:00,CHOQUE,2,0,2,SAN MARTIN,LAMAS,LAMAS,RURAL,CARRETERA,DEPARTAMENTAL,SM-104,-6.430852729782118,-76.51414811194472,SOLEADO,RURAL,TRAMO RECTO,PLANA ,ASFALTADA,SI,PREVENTIVA (P),,SI,IMPRUDENCIA DEL CONDUCTOR,EXCESO DE VELOCIDAD,10.0,1,2021.0,8.0,3.0,0,1,2,2,0.0,0.0,0.0,0.0,0,0,41.5,12.897028081435403,0,2,4,0.0,0.5,0
A-2021-08-313,2021-08-26,14:15,DESPISTE,1,0,1,ANCASH,CASMA,COMANDANTE NOEL,RURAL,CARRETERA,NACIONAL,PE-1N,-9.397139067784908,-78.37755124469402,DESPEJADO,RURAL,TRAMO RECTO,PLANA ,ASFALTADA,,,,,EN PROCESO DE INVESTIGACIÓN,NO CUENTA CON CAUSA ESPECIFICA,14.0,0,2021.0,8.0,3.0,0,2,2,0,0.0,0.0,0.0,0.0,0,0,54.0,0.0,0,1,1,0.0,1.0,0
A-2021-08-144,2021-08-26,18:30,DESPISTE,1,0,1,CAJAMARCA,CHOTA,TACABAMBA,RURAL,CARRETERA,PROVINCIAL,CA-919,-6.4048889,-78.580102,DESPEJADO,RURAL,TRAMO RECTO,PLANA ,AFIRMADO,,,,,EN PROCESO DE INVESTIGACIÓN,NO CUENTA CON CAUSA ESPECIFICA,18.0,0,2021.0,8.0,3.0,0,3,2,1,0.0,0.0,1.0,1.0,0,0,46.0,0.0,0,0,1,0.0,0.0,1
A-2021-08-253,2021-08-26,19:35,CHOQUE,1,0,0,LIMA,LIMA,SAN ISIDRO,URBANA,AVENIDA,URBANO,NO CORRESPONDE,-12.094675132144516,-77.03303748783208,NUBLADO,RESIDENCIAL,INTERSECCIÓN,PLANA ,ASFALTADA,,,,,IMPRUDENCIA DEL CONDUCTOR,DESACATO DE SEÑAL DE TRÁNSITO,19.0,0,2021.0,8.0,3.0,0,3,2,0,1.0,0.0,0.0,1.0,0,0,47.5,30.405591591021544,0,0,2,0.0,0.0,1
A-2021-08-305,2021-08-27,11:00,ATROPELLO,1,0,0,HUANUCO,HUANUCO,HUANUCO,URBANA,PASAJE,URBANO,NO CORRESPONDE,-9.938857,-76.255321,DESPEJADO,COMERCIAL,TRAMO RECTO,PLANA ,AFIRMADO,,,,,IMPRUDENCIA DEL PEATÓN,OTRO (IMPRUDENCIA DEL PEATÓN),11.0,0,2021.0,8.0,4.0,0,1,2,1,1.0,0.0,1.0,2.0,0,0,36.5,7.7781745930520225,0,1,2,0.0,0.5,0
A-2021-08-160,2021-08-27,17:00,DESPISTE,1,1,1,CAJAMARCA,CAJABAMBA,CACHACHI,RURAL,CARRETERA,PROVINCIAL,CA-1647,-7.63348167,-78.22005333,DESPEJADO,RURAL,CURVA,INCLINADA,AFIRMADO,,,,,NEGLIGENCIA DEL CONDUCTOR,CONDUCIR CON FALLAS DE FRENOS,17.0,0,2021.0,8.0,4.0,0,2,2,1,0.0,1.0,1.0,2.0,0,0,25.5,4.949747468305833,0,0,2,0.0,0.0,0
A-2021-08-152,2021-08-27,18:30,DESPISTE,1,0,0,TUMBES,TUMBES,TUMBES,RURAL,CARRETERA,DEPARTAMENTAL,TU-103,-3.519862288942985,-80.38373814213669,,,,,,,,,,EN PROCESO DE INVESTIGACIÓN,NO CUENTA CON CAUSA ESPECIFICA,18.0,0,2021.0,8.0,4.0,0,3,2,0,0.0,1.0,1.0,2.0,0,0,32.0,0.0,0,0,1,0.0,0.0,1
A-2021-08-259,2021-08-27,20:00,DESPISTE,1,0,1,LAMBAYEQUE,CHICLAYO,LAGUNAS,RURAL,CARRETERA,NACIONAL,PE-1N,-6.984775,-79.632255,DESPEJADO,RURAL,PUENTE,PLANA ,ASFALTADA,,,,,IMPRUDENCIA DEL CONDUCTOR,CONDUCIR EN ESTADO DE EBRIEDAD Y/O DROGADICCIÓN,20.0,0,2021.0,8.0,4.0,0,3,2,0,0.0,0.0,0.0,0.0,0,0,40.0,0.0,0,0,1,0.0,0.0,1
A-2021-08-149,2021-08-27,20:30,ATROPELLO,1,0,1,PUNO,CHUCUITO,ZEPITA,RURAL,CARRETERA,NACIONAL,PE-3S,-16.446858938145773,-69.1557598223219,DESPEJADO,RURAL,TRAMO RECTO,PLANA ,ASFALTADA,,,,,IMPRUDENCIA DEL PEATÓN,CRUCE INDEBIDO POR LA CALZADA,20.0,0,2021.0,8.0,4.0,0,3,2,1,0.0,0.0,0.0,0.0,0,0,43.0,22.627416997969522,0,1,2,0.0,0.5,1
A-2021-08-143,2021-08-28,00:00,ATROPELLO FUGA,1,0,0,PUNO,PUNO,PAUCARCOLLA,RURAL,CARRETERA,NACIONAL,PE-3S,-15.741107,-70.055667,DESPEJADO,RURAL,TRAMO RECTO,PLANA ,ASFALTADA,,,,,EN PROCESO DE INVESTIGACIÓN,NO CUENTA CON CAUSA ESPECIFICA,0.0,0,2021.0,8.0,5.0,1,0,2,1,0.0,0.0,0.0,0.0,0,0,43.0,0.0,0,0,2,0.0,0.0,1
A-2021-08-323,2021-08-28,09:20,CHOQUE,1,0,2,ANCASH,HUAYLAS,PAMPAROMAS,RURAL,CARRETERA,DEPARTAMENTAL,AN-104,-9.091959166364058,-78.0339889407942,DESPEJADO,RURAL,TRAMO RECTO,INCLINADA,AFIRMADO,,,,,IMPRUDENCIA DEL CONDUCTOR,INVASIÓN DE CARRIL,9.0,0,2021.0,8.0,5.0,1,1,2,0,0.0,1.0,1.0,2.0,0,0,43.0,22.627416997969522,0,1,2,0.0,0.5,0
A-2021-08-169,2021-08-28,13:40,CHOQUE,1,1,2,CUSCO,PAUCARTAMBO,HUANCARANI,RURAL,CARRETERA,DEPARTAMENTAL,CU-113,-13.515922,-71.681844,DESPEJADO,RURAL,TRAMO RECTO,PLANA ,ASFALTADA,,,,,IMPRUDENCIA DEL CONDUCTOR,CONDUCIR EN ESTADO DE EBRIEDAD Y/O DROGADICCIÓN,13.0,0,2021.0,8.0,5.0,1,2,2,1,0.0,0.0,0.0,0.0,0,0,41.0,14.106735979665885,0,1,3,0.0,0.333,0
A-2021-08-300,2021-08-28,17:30,DESPISTE,1,1,1,PASCO,PASCO,YANACANCHA,URBANA,CARRETERA,NACIONAL,PE-3N,-10.648581684980654,-76.16596516813496,DESPEJADO,RURAL,CURVA,PLANA ,ASFALTADA,SI,REGULADORA (R),REGULADORA (R),NO,IMPRUDENCIA DEL CONDUCTOR,EXCESO DE VELOCIDAD,17.0,0,2021.0,8.0,5.0,1,2,2,1,0.0,0.0,0.0,0.0,0,1,53.5,31.81980515339464,0,1,2,0.0,0.5,0
A-2021-08-269,2021-08-28,18:45,DESPISTE,2,3,1,PUNO,SANDIA,PHARA,RURAL,CARRETERA,DEPARTAMENTAL,PU-106,-14.148810340797755,-69.66047357118119,NUBLADO,RURAL,CURVA,INCLINADA,TROCHA,,,,,IMPRUDENCIA DEL CONDUCTOR,EXCESO DE VELOCIDAD,18.0,1,2021.0,8.0,5.0,1,3,2,1,0.0,1.0,2.0,3.0,0,0,47.4,3.781534080237807,0,0,5,0.0,0.0,1
A-2021-08-150,2021-08-28,20:30,ATROPELLO,1,2,1,PUNO,YUNGUYO,YUNGUYO,RURAL,CARRETERA,PROVINCIAL,PU-1307,-16.262537320401673,-69.09474538126041,DESPEJADO,RURAL,TRAMO RECTO,PLANA ,ASFALTADA,,,,,IMPRUDENCIA DEL PEATÓN,ESTADO DE EBRIEDAD Y/O DROGADICCIÓN,20.0,0,2021.0,8.0,5.0,1,3,2,1,0.0,0.0,0.0,0.0,0,0,26.0,19.157244060668017,0,0,3,0.0,0.0,1
A-2021-08-198,2021-08-29,01:40,CHOQUE,3,0,2,JUNIN,SATIPO,PANGOA,RURAL,CARRETERA,NACIONAL,PE-28C,-11.5012756,-74.462138,DESPEJADO,RURAL,CURVA,PLANA ,ASFALTADA,,,,,EN PROCESO DE INVESTIGACIÓN,NO CUENTA CON CAUSA ESPECIFICA,1.0,2,2021.0,8.0,6.0,1,0,2,1,0.0,0.0,0.0,0.0,0,0,23.0,2.943920288775949,0,0,4,0.0,0.0,1
A-2021-08-252,2021-08-29,02:00,DESPISTE,1,0,0,LIMA,LIMA,RIMAC,URBANA,AVENIDA,URBANO,NO CORRESPONDE,-12.017942602546908,-77.0510368571967,DESPEJADO,INDUSTRIAL,TRAMO RECTO,PLANA ,ASFALTADA,,,,,EN PROCESO DE INVESTIGACIÓN,NO CUENTA CON CAUSA ESPECIFICA,2.0,0,2021.0,8.0,6.0,1,0,2,0,1.0,0.0,0.0,1.0,0,0,0.0,0.0,0,0,1,0.0,0.0,1
A-2021-08-156,2021-08-29,05:30,ATROPELLO,1,1,0,TUMBES,CONTRALMIRANTE VILLAR,ZORRITOS,RURAL,CARRETERA,NACIONAL,PE-1N,-3.688651717580485,-80.69309408187267,,,,,,,,,,EN PROCESO DE INVESTIGACIÓN,NO CUENTA CON CAUSA ESPECIFICA,5.0,0,2021.0,8.0,6.0,1,0,2,0,0.0,1.0,1.0,2.0,0,0,28.5,0.7071067811865476,1,1,2,0.5,0.5,1
A-2021-08-153,2021-08-29,05:40,CHOQUE,1,0,2,AREQUIPA,AREQUIPA,LA JOYA,RURAL,CARRETERA,NACIONAL,PE-1S,-16.534123,-71.800476,DESPEJADO,RURAL,CURVA,PLANA ,ASFALTADA,NO,,,SI,EN PROCESO DE INVESTIGACIÓN,NO CUENTA CON CAUSA ESPECIFICA,5.0,0,2021.0,8.0,6.0,1,0,2,0,0.0,0.0,0.0,0.0,0,1,39.5,21.920310216782973,0,1,2,0.0,0.5,1
A-2021-08-174,2021-08-29,09:50,CHOQUE,1,0,2,LA LIBERTAD,ASCOPE,CHICAMA,RURAL,CARRETERA,NACIONAL,PE-1NF,-7.797383,-79.139556,DESPEJADO,RURAL,TRAMO RECTO,PLANA ,ASFALTADA,,,,,IMPRUDENCIA DEL CONDUCTOR,GIRAR IMPRUDENTEMENTE,9.0,0,2021.0,8.0,6.0,1,1,2,0,0.0,0.0,0.0,0.0,0,0,37.0,16.09347693943108,0,1,3,0.0,0.333,0
A-2021-08-262,2021-08-29,11:15,CHOQUE,1,0,2,JUNIN,JAUJA,ACOLLA,RURAL,CARRETERA,NACIONAL,PE-3SA,-11.627955,-75.610138,DESPEJADO,RURAL,CURVA,PLANA ,ASFALTADA,,,,,IMPRUDENCIA DEL CONDUCTOR,EXCESO DE VELOCIDAD,11.0,0,2021.0,8.0,6.0,1,1,2,1,0.0,0.0,0.0,0.0,0,0,39.0,28.284271247461902,0,2,2,0.0,1.0,0
A-2021-08-173,2021-08-29,11:30,DESPISTE,1,0,1,LA LIBERTAD,SANCHEZ CARRION,HUAMACHUCO,RURAL,JIRÓN,URBANO,NO CORRESPONDE,-7.818818,-78.042434,DESPEJADO,RURAL,TRAMO RECTO,PLANA ,ASFALTADA,,,,,IMPRUDENCIA DEL CONDUCTOR,CONDUCIR EN ESTADO DE EBRIEDAD Y/O DROGADICCIÓN,11.0,0,2021.0,8.0,6.0,1,1,2,0,1.0,0.0,0.0,1.0,0,0,21.0,0.0,0,0,1,0.0,0.0,0
A-2021-08-254,2021-08-29,14:00,CHOQUE,1,0,0,LIMA,LIMA,SAN MIGUEL,URBANA,AVENIDA,URBANO,NO CORRESPONDE,-12.080890016829136,-77.08821051519837,SOLEADO,RESIDENCIAL,INTERSECCIÓN,PLANA ,ASFALTADA,,,,,IMPRUDENCIA DEL CONDUCTOR,OTRO (IMPRUDENCIA DEL CONDUCTOR),14.0,0,2021.0,8.0,6.0,1,2,2,0,1.0,0.0,0.0,1.0,0,0,36.5,12.020815280171307,0,0,2,0.0,0.0,0
A-2021-08-217,2021-08-29,18:50,ATROPELLO,1,0,0,LA LIBERTAD,TRUJILLO,LAREDO,RURAL,CALLE,URBANO,NO CORRESPONDE,-8.079524,-78.980219,DESPEJADO,INDUSTRIAL,TRAMO RECTO,PLANA ,TROCHA,,,,,EN PROCESO DE INVESTIGACIÓN,NO CUENTA CON CAUSA ESPECIFICA,18.0,0,2021.0,8.0,6.0,1,3,2,0,2.0,0.0,2.0,4.0,0,0,40.0,0.0,0,1,2,0.0,0.5,1
A-2021-08-221,2021-08-29,19:30,CHOQUE FUGA,1,1,2,LAMBAYEQUE,CHICLAYO,TUMAN,RURAL,CARRETERA,PROVINCIAL,LA-753,-6.756416,-79.690703,DESPEJADO,RURAL,TRAMO RECTO,PLANA ,ASFALTADA,,,,,EN PROCESO DE INVESTIGACIÓN,NO CUENTA CON CAUSA ESPECIFICA,19.0,0,2021.0,8.0,6.0,1,3,2,0,0.0,0.0,0.0,0.0,0,0,26.0,4.242640687119285,0,0,3,0.0,0.0,1
A-2021-08-306,2021-08-29,20:40,DESPISTE,1,1,1,HUANUCO,HUANUCO,HUANUCO,URBANA,CARRETERA,DEPARTAMENTAL,HU-108,-9.885073,-76.222202,DESPEJADO,COMERCIAL,TRAMO RECTO,PLANA ,ASFALTADA,SI,INFORMATIVA (I),,NO,IMPRUDENCIA DEL CONDUCTOR,EXCESO DE VELOCIDAD,20.0,0,2021.0,8.0,6.0,1,3,2,1,0.0,0.0,0.0,0.0,0,1,34.5,24.748737341529164,1,0,2,0.5,0.0,1
A-2021-08-165,2021-08-29,21:30,ATROPELLO FUGA,1,0,0,PUNO,PUNO,PUNO,RURAL,CARRETERA,NACIONAL,PE-3S,-15.857428010436852,-69.95893651961683,DESPEJADO,RURAL,TRAMO RECTO,PLANA ,ASFALTADA,,,,,EN PROCESO DE INVESTIGACIÓN,NO CUENTA CON CAUSA ESPECIFICA,21.0,0,2021.0,8.0,6.0,1,3,2,1,0.0,0.0,0.0,0.0,0,0,33.0,0.0,0,0,2,0.0,0.0,1
A-2021-08-170,2021-08-29,21:50,CHOQUE FUGA,1,2,2,CUSCO,CANCHIS,SICUANI,RURAL,CARRETERA,NACIONAL,PE-3S,-14.311344,-71.20653,DESPEJADO,RURAL,TRAMO RECTO,PLANA ,ASFALTADA,,,,,IMPRUDENCIA DEL CONDUCTOR,EXCESO DE VELOCIDAD,21.0,0,2021.0,8.0,6.0,1,3,2,1,0.0,0.0,0.0,0.0,0,0,23.333333333333332,25.73583752927682,0,0,4,0.0,0.0,1
A-2021-08-307,2021-08-29,23:00,CHOQUE,1,1,2,HUANUCO,HUANUCO,AMARILIS,URBANA,CARRETERA,NACIONAL,PE-18A,-9.9471,-76.243748,DESPEJADO,COMERCIAL,TRAMO RECTO,PLANA ,ASFALTADA,,,,,IMPRUDENCIA DEL CONDUCTOR,EXCESO DE VELOCIDAD,23.0,0,2021.0,8.0,6.0,1,3,2,1,0.0,0.0,0.0,0.0,0,0,26.0,1.4142135623730951,1,2,2,0.5,1.0,1