CODIGO_SINIESTRO,FECHA_SINIESTRO,HORA_SINIESTRO,CLASE_SINIESTRO,CANTIDAD_FALLECIDOS,CANTIDAD_LESIONADOS,CANTIDAD_VEHICULOS,DEPARTAMENTO,PROVINCIA,DISTRITO,ZONA,TIPO_VIA,RED_VIAL,COD_CARRETERA,LATITUD,LONGITUD,CONDICION_CLIMATICA,ZONIFICACION,CARACTERISTICAS_VIA,PERFIL_VIA,SUPERFICIE_CALZADA,EXISTE_SENIAL_VERTICAL,CLASIFICACION_SENIAL_VERTICAL_1,CLASIFICACION_SENIAL_VERTICAL_2,EXISTE_SENIAL_HORIZONTAL,CAUSA_FACTOR_PRINCIPAL,CAUSA_ESPECIFICA,HORA,severidad,ANIO,MES,DIA_SEMANA,FIN_SEMANA,FRANJA_HORARIA,TEMPORADA,MACROREGION,TIPO_VIA_SCORE,PERFIL_VIA_SCORE,SUPERFICIE_CALZADA_SCORE,RIESGO_INFRAESTRUCTURA,RIESGO_CLIMATICO,SENIALIZACION_DEFICIENTE,EDAD_PROMEDIO,EDAD_STD,TOTAL_ALCOHOL,TOTAL_LICENCIA,TOTAL_PERSONAS,PCT_ALCOHOL,PCT_LICENCIA,ES_NOCHE
A-2021-08-297,2021-08-30,04:30,CHOQUE,1,0,1,PIURA,SULLANA,LANCONES,RURAL,CARRETERA,NACIONAL,PE-1NN,-4.590882927240664,-80.52013984767824,DESPEJADO,RURAL,TRAMO RECTO,PLANA ,ASFALTADA,,,,,EN PROCESO DE INVESTIGACIÓN,NO CUENTA CON CAUSA ESPECIFICA,4.0,0,2021.0,8.0,0.0,0,0,2,0,0.0,0.0,0.0,0.0,0,0,55.0,7.0710678118654755,0,1,2,0.0,0.5,1
A-2021-08-329,2021-08-30,07:30,DESPISTE,5,1,1,AMAZONAS,UTCUBAMBA,CUMBA,RURAL,CARRETERA,DEPARTAMENTAL,AM-103,-5.900512,-78.685466,LLUVIOSO,RURAL,TRAMO RECTO,PLANA ,AFIRMADO,,,,,EN PROCESO DE INVESTIGACIÓN,NO CUENTA CON CAUSA ESPECIFICA,7.0,2,2021.0,8.0,0.0,0,1,2,2,0.0,0.0,1.0,1.0,1,0,24.666666666666668,12.738393409950358,0,1,6,0.0,0.167,0
A-2021-08-178,2021-08-30,08:15,CHOQUE FUGA,2,1,0,MADRE DE DIOS,TAMBOPATA,LABERINTO,RURAL,CARRETERA,NACIONAL,PE-30C,-12.724883,-69.501244,,,,,,,,,,EN PROCESO DE INVESTIGACIÓN,NO CUENTA CON CAUSA ESPECIFICA,8.0,1,2021.0,8.0,0.0,0,1,2,2,0.0,1.0,1.0,2.0,0,0,52.75,14.728091073410251,0,0,4,0.0,0.0,0
A-2021-08-176,2021-08-30,09:00,DESPISTE,1,1,1,LA LIBERTAD,GRAN CHIMU,SAYAPULLO,RURAL,CARRETERA,DEPARTAMENTAL,LI-106,-7.5721,-78.52968,DESPEJADO,RURAL,CURVA,PLANA ,AFIRMADO,,,,,IMPRUDENCIA DEL CONDUCTOR,CONDUCIR EN ESTADO DE EBRIEDAD Y/O DROGADICCIÓN,9.0,0,2021.0,8.0,0.0,0,1,2,0,0.0,0.0,1.0,1.0,0,0,41.5,2.1213203435596424,0,1,2,0.0,0.5,0
A-2021-08-298,2021-08-30,12:30,DESPISTE,3,0,1,PIURA,AYABACA,SUYO,RURAL,CARRETERA,NACIONAL,PE-1NL,-4.6100363652065885,-80.20189582280238,DESPEJADO,RURAL,TRAMO RECTO,PLANA ,ASFALTADA,,,,,EN PROCESO DE INVESTIGACIÓN,NO CUENTA CON CAUSA ESPECIFICA,12.0,2,2021.0,8.0,0.0,0,2,2,0,0.0,0.0,0.0,0.0,0,0,49.5,12.020815280171307,0,0,4,0.0,0.0,0
A-2021-08-212,2021-08-30,13:10,CHOQUE,1,0,0,PIURA,MORROPON,LA MATANZA,RURAL,CARRETERA,NACIONAL,PE-1NJ,-5.437378,-80.025549,DESPEJADO,RURAL,OTRO,PLANA ,ASFALTADA,NO,,,NO,EN PROCESO DE INVESTIGACIÓN,NO CUENTA CON CAUSA ESPECIFICA,13.0,0,2021.0,8.0,0.0,0,2,2,0,0.0,0.0,0.0,0.0,0,2,35.5,9.192388155425117,0,0,2,0.0,0.0,0
A-2021-08-207,2021-08-30,16:10,VOLCADURA,1,0,0,AYACUCHO,HUAMANGA,ANDRES AVELINO CACERES DORREGARAY,URBANA,AVENIDA,URBANO,NO CORRESPONDE,-13.15646,-74.19782,DESPEJADO,ESCOLAR,CURVA,PLANA ,ASFALTADA,SI,REGULADORA (R),REGULADORA (R),NO,IMPRUDENCIA DEL CONDUCTOR,EXCESO DE VELOCIDAD,16.0,0,2021.0,8.0,0.0,0,2,2,1,1.0,0.0,0.0,1.0,0,1,22.0,0.0,0,0,2,0.0,0.0,0
A-2021-08-288,2021-08-30,16:45,CHOQUE,1,0,2,JUNIN,JAUJA,CANCHAYLLO,RURAL,CARRETERA,PROVINCIAL,JU-761,-11.783337,-75.716934,DESPEJADO,RURAL,TRAMO RECTO,PLANA ,ASFALTADA,,,,,EN PROCESO DE INVESTIGACIÓN,NO CUENTA CON CAUSA ESPECIFICA,16.0,0,2021.0,8.0,0.0,0,2,2,1,0.0,0.0,0.0,0.0,0,0,36.0,21.213203435596427,0,0,2,0.0,0.0,0
A-2021-08-328,2021-08-30,18:30,CHOQUE,2,1,3,AREQUIPA,CAYLLOMA,MAJES,RURAL,CARRETERA,NACIONAL,PE-1S,-16.495378794538727,-72.40047620927999,DESPEJADO,RURAL,TRAMO RECTO,PLANA ,ASFALTADA,,,,,EN PROCESO DE INVESTIGACIÓN,NO CUENTA CON CAUSA ESPECIFICA,18.0,1,2021.0,8.0,0.0,0,3,2,0,0.0,0.0,0.0,0.0,0,0,41.75,5.852349955359813,0,3,4,0.0,0.75,1
A-2021-08-179,2021-08-30,23:29,ATROPELLO FUGA,1,0,0,PUNO,CHUCUITO,POMATA,RURAL,CARRETERA,NACIONAL,PE-3S,-16.333942999999998,-69.25176561666667,DESPEJADO,RURAL,TRAMO RECTO,PLANA ,ASFALTADA,,,,,EN PROCESO DE INVESTIGACIÓN,NO CUENTA CON CAUSA ESPECIFICA,23.0,0,2021.0,8.0,0.0,0,3,2,1,0.0,0.0,0.0,0.0,0,0,18.0,0.0,0,0,2,0.0,0.0,1
A-2021-08-270,2021-08-30,23:30,ATROPELLO FUGA,1,0,0,AREQUIPA,AREQUIPA,UCHUMAYO,RURAL,CARRETERA,NACIONAL,PE-34A,-16.408352,-71.611134,DESPEJADO,RURAL,TRAMO RECTO,PLANA ,ASFALTADA,NO,,,SI,IMPRUDENCIA DEL PEATÓN,CRUCE INDEBIDO POR LA CALZADA,23.0,0,2021.0,8.0,0.0,0,3,2,0,0.0,0.0,0.0,0.0,0,1,25.0,0.0,0,0,1,0.0,0.0,1
A-2021-08-287,2021-08-31,02:20,ATROPELLO FUGA,1,0,0,LAMBAYEQUE,FERREÑAFE,PUEBLO NUEVO,URBANA,AVENIDA,URBANO,NO CORRESPONDE,-6.641086,-79.798505,DESPEJADO,RESIDENCIAL,INTERSECCIÓN,PLANA ,ASFALTADA,,,,,EN PROCESO DE INVESTIGACIÓN,NO CUENTA CON CAUSA ESPECIFICA,2.0,0,2021.0,8.0,1.0,0,0,2,0,1.0,0.0,0.0,1.0,0,0,38.0,0.0,0,0,2,0.0,0.0,1
A-2021-08-255,2021-08-31,04:00,CHOQUE CON OBJETO FIJO,33,34,1,LIMA,HUAROCHIRI,MATUCANA,RURAL,CARRETERA,NACIONAL,PE-22,-11.825675129785294,-76.36702348348194,DESPEJADO,RURAL,PASE A DESNIVEL,PLANA ,ASFALTADA,,,,,IMPRUDENCIA DEL CONDUCTOR,EXCESO DE VELOCIDAD,4.0,2,2021.0,8.0,1.0,0,0,2,0,0.0,0.0,0.0,0.0,0,0,15.91304347826087,19.27788149605255,0,1,67,0.0,0.015,1
A-2021-08-302,2021-08-31,18:30,CHOQUE,1,0,2,LAMBAYEQUE,LAMBAYEQUE,SAN JOSE,RURAL,CARRETERA,DEPARTAMENTAL,LA-109,-6.77137136617581,-79.91116035022267,DESPEJADO,RURAL,TRAMO RECTO,PLANA ,ASFALTADA,,,,,EN PROCESO DE INVESTIGACIÓN,NO CUENTA CON CAUSA ESPECIFICA,18.0,0,2021.0,8.0,1.0,0,3,2,0,0.0,0.0,0.0,0.0,0,0,28.0,8.48528137423857,0,1,2,0.0,0.5,1
A-2021-08-233,2021-08-31,19:50,ATROPELLO FUGA,1,0,0,AREQUIPA,AREQUIPA,CERRO COLORADO,URBANA,CARRETERA,NACIONAL,PE-34A,-16.3533374,-71.5802103,DESPEJADO,COMERCIAL,TRAMO RECTO,PLANA ,ASFALTADA,,,,,IMPRUDENCIA DEL CONDUCTOR,INVASIÓN DE CARRIL,19.0,0,2021.0,8.0,1.0,0,3,2,0,0.0,0.0,0.0,0.0,0,0,38.0,0.0,1,0,1,1.0,0.0,1
A-2021-08-246,2021-08-31,21:50,DESPISTE,1,0,1,CAJAMARCA,CONTUMAZA,SAN BENITO,RURAL,CARRETERA,PROVINCIAL,CA-1401,-7.59666,-78.966476,DESPEJADO,RURAL,CURVA,INCLINADA,AFIRMADO,,,,,IMPRUDENCIA DEL CONDUCTOR,CONDUCIR EN ESTADO DE EBRIEDAD Y/O DROGADICCIÓN,21.0,0,2021.0,8.0,1.0,0,3,2,1,0.0,1.0,1.0,2.0,0,0,17.0,0.0,0,0,1,0.0,0.0,1
A-2021-09-4,2021-09-01,04:00,DESPISTE,1,0,1,LA LIBERTAD,TRUJILLO,TRUJILLO,URBANA,AVENIDA,URBANO,NO CORRESPONDE,-8.117029,-79.032235,DESPEJADO,COMERCIAL,TRAMO RECTO,PLANA ,ASFALTADA,,,,,EN PROCESO DE INVESTIGACIÓN,NO CUENTA CON CAUSA ESPECIFICA,4.0,0,2021.0,9.0,2.0,0,0,3,0,1.0,0.0,0.0,1.0,0,0,37.0,0.0,0,0,1,0.0,0.0,1
A-2021-09-240,2021-09-01,05:40,CHOQUE,2,0,2,LIMA,BARRANCA,PARAMONGA,RURAL,CARRETERA,NACIONAL,PE-1N,-10.599986435299568,-77.87112052775612,LLUVIOSO,RURAL,TRAMO RECTO,PLANA ,ASFALTADA,,,,,EN PROCESO DE INVESTIGACIÓN,NO CUENTA CON CAUSA ESPECIFICA,5.0,1,2021.0,9.0,2.0,0,0,3,0,0.0,0.0,0.0,0.0,1,0,29.0,9.0,1,2,3,0.333,0.667,1
A-2021-09-176,2021-09-01,07:42,ATROPELLO,1,0,1,CUSCO,CUSCO,SANTIAGO,URBANA,AVENIDA,URBANO,NO CORRESPONDE,-13.5228258,-71.983837,DESPEJADO,RESIDENCIAL,CURVA,INCLINADA,ASFALTADA,SI,REGULADORA (R),,SI,IMPRUDENCIA DEL CONDUCTOR,OTRO (IMPRUDENCIA DEL CONDUCTOR),7.0,0,2021.0,9.0,2.0,0,1,3,1,1.0,1.0,0.0,2.0,0,0,20.0,25.45584412271571,0,1,2,0.0,0.5,0
A-2021-09-51,2021-09-01,17:30,ATROPELLO,1,0,0,LIMA,LIMA,ANCON,URBANA,AVENIDA,URBANO,NO CORRESPONDE,-11.81507,-77.1277,NUBLADO,RESIDENCIAL,TRAMO RECTO,PLANA ,ASFALTADA,,,,,IMPRUDENCIA DEL PEATÓN,OTRO (IMPRUDENCIA DEL PEATÓN),17.0,0,2021.0,9.0,2.0,0,2,3,0,1.0,0.0,0.0,1.0,0,0,31.0,0.0,0,0,2,0.0,0.0,0
A-2021-09-8,2021-09-01,17:30,CHOQUE,1,1,2,CAJAMARCA,SAN PABLO,TUMBADEN,RURAL,CARRETERA,PROVINCIAL,CA-1262,-6.943632,-78.685338,DESPEJADO,RURAL,CURVA,INCLINADA,AFIRMADO,,,,,IMPRUDENCIA DEL CONDUCTOR,EXCESO DE VELOCIDAD,17.0,0,2021.0,9.0,2.0,0,2,3,1,0.0,1.0,1.0,2.0,0,0,39.333333333333336,5.033222956847165,0,0,3,0.0,0.0,0
A-2021-09-52,2021-09-01,17:45,ATROPELLO,1,0,0,LIMA,LIMA,SAN JUAN DE MIRAFLORES,URBANA,AVENIDA,URBANO,NO CORRESPONDE,-12.159394810974108,-76.95887978807589,DESPEJADO,COMERCIAL,INTERSECCIÓN,PLANA ,ASFALTADA,SI,PREVENTIVA (P),PREVENTIVA (P),NO,IMPRUDENCIA DEL CONDUCTOR,DESACATO DE SEÑAL DE TRÁNSITO,17.0,0,2021.0,9.0,2.0,0,2,3,0,1.0,0.0,0.0,1.0,0,1,61.5,40.30508652763321,0,0,2,0.0,0.0,0
A-2021-09-6,2021-09-01,18:00,DESPISTE,1,0,1,PUNO,EL COLLAO,ILAVE,RURAL,CARRETERA,NACIONAL,PE-38A,-16.22351356304293,-69.67727820219523,DESPEJADO,RURAL,TRAMO RECTO,PLANA ,ASFALTADA,,,,,INFRAESTRUCTURA Y ENTORNO VIAL,OTRO (INFRAESTRUCTURA Y ENTORNO VIAL),18.0,0,2021.0,9.0,2.0,0,3,3,1,0.0,0.0,0.0,0.0,0,0,62.0,0.0,0,0,1,0.0,0.0,1
A-2021-09-113,2021-09-01,18:30,ATROPELLO,1,0,1,CUSCO,CALCA,LAMAY,RURAL,CARRETERA,NACIONAL,PE-28B,-13.375819,-71.916846,DESPEJADO,RURAL,TRAMO RECTO,PLANA ,ASFALTADA,,,,,IMPRUDENCIA DEL CONDUCTOR,EXCESO DE VELOCIDAD,18.0,0,2021.0,9.0,2.0,0,3,3,1,0.0,0.0,0.0,0.0,0,0,61.0,0.0,0,0,2,0.0,0.0,1
A-2021-09-58,2021-09-01,19:00,CAÍDA DE PASAJERO,1,0,1,CUSCO,CANCHIS,COMBAPATA,RURAL,CARRETERA,PROVINCIAL,CU-1452,-14.082319,-71.366155,SOLEADO,RURAL,OTRO,PLANA ,TROCHA,,,,,IMPRUDENCIA DEL CONDUCTOR,CONDUCIR EN ESTADO DE EBRIEDAD Y/O DROGADICCIÓN,19.0,0,2021.0,9.0,2.0,0,3,3,1,0.0,0.0,2.0,2.0,0,0,60.0,8.48528137423857,0,0,2,0.0,0.0,1
A-2021-09-7,2021-09-01,19:30,CHOQUE,1,1,2,PUNO,CHUCUITO,ZEPITA,RURAL,CARRETERA,NACIONAL,PE-3S,-16.453691272636267,-69.14991796620194,DESPEJADO,RURAL,CURVA,PLANA ,ASFALTADA,SI,PREVENTIVA (P),REGULADORA (R),SI,IMPRUDENCIA DEL CONDUCTOR,ADELANTAR INDEBIDAMENTE,19.0,0,2021.0,9.0,2.0,0,3,3,1,0.0,0.0,0.0,0.0,0,0,26.333333333333332,18.823743871327334,0,1,3,0.0,0.333,1
A-2021-09-15,2021-09-02,00:00,CHOQUE CON OBJETO FIJO,1,0,1,CAJAMARCA,CUTERVO,CUTERVO,URBANA,CARRETERA,NACIONAL,PE-3N,-6.39384815,-78.82548222,DESPEJADO,RESIDENCIAL,TRAMO RECTO,PLANA ,AFIRMADO,,,,,IMPRUDENCIA DEL CONDUCTOR,CONDUCIR EN ESTADO DE EBRIEDAD Y/O DROGADICCIÓN,0.0,0,2021.0,9.0,3.0,0,0,3,1,0.0,0.0,1.0,1.0,0,0,30.0,0.0,0,0,1,0.0,0.0,1
A-2021-09-20,2021-09-02,16:19,CHOQUE,1,1,2,PIURA,PIURA,VEINTISEIS DE OCTUBRE,URBANA,AVENIDA,URBANO,NO CORRESPONDE,-5.168354,-80.668984,DESPEJADO,RESIDENCIAL,INTERSECCIÓN,PLANA ,ASFALTADA,SI,REGULADORA (R),,NO,IMPRUDENCIA DEL CONDUCTOR,EXCESO DE VELOCIDAD,16.0,0,2021.0,9.0,3.0,0,2,3,0,1.0,0.0,0.0,1.0,0,1,34.666666666666664,7.637626158259733,0,1,3,0.0,0.333,0
A-2021-09-270,2021-09-02,16:30,CHOQUE,1,0,2,SAN MARTIN,SAN MARTIN,LA BANDA DE SHILCAYO,RURAL,CARRETERA,SIN CLASIFICAR,SIN CLASIFICAR,-6.54728,-76.34955,DESPEJADO,RURAL,CURVA,INCLINADA,ASFALTADA,,,,,IMPRUDENCIA DEL CONDUCTOR,INVASIÓN DE CARRIL,16.0,0,2021.0,9.0,3.0,0,2,3,2,0.0,1.0,0.0,1.0,0,0,31.5,4.949747468305833,0,0,2,0.0,0.0,0
A-2021-09-13,2021-09-02,20:30,DESPISTE,1,1,1,AREQUIPA,AREQUIPA,LA JOYA,URBANA,CARRETERA,DEPARTAMENTAL,AR-114,-16.487177,-71.845593,DESPEJADO,RURAL,TRAMO RECTO,PLANA ,ASFALTADA,,,,,IMPRUDENCIA DEL CONDUCTOR,FATIGA Y/O CANSANCIO,20.0,0,2021.0,9.0,3.0,0,3,3,0,0.0,0.0,0.0,0.0,0,0,34.0,5.656854249492381,0,0,2,0.0,0.0,1
A-2021-09-14,2021-09-02,23:30,DESPISTE,1,0,1,AREQUIPA,ISLAY,DEAN VALDIVIA,RURAL,CARRETERA,PROVINCIAL,AR-823,-17.146894,-71.818646,DESPEJADO,RURAL,ÓVALO,PLANA ,ASFALTADA,NO,,,SI,IMPRUDENCIA DEL CONDUCTOR,EXCESO DE VELOCIDAD,23.0,0,2021.0,9.0,3.0,0,3,3,0,0.0,0.0,0.0,0.0,0,1,27.0,0.0,0,1,1,0.0,1.0,1
A-2021-09-3,2021-09-03,05:03,CHOQUE,2,1,2,TACNA,TACNA,SAMA,RURAL,CARRETERA,NACIONAL,PE-1SD,-18.170531,-70.646438,NIEBLA,RURAL,TRAMO RECTO,PLANA ,ASFALTADA,NO,,,SI,IMPRUDENCIA DEL CONDUCTOR,FATIGA Y/O CANSANCIO,5.0,1,2021.0,9.0,4.0,0,0,3,0,0.0,0.0,0.0,0.0,0,1,37.5,6.350852961085883,0,2,4,0.0,0.5,1
A-2021-09-168,2021-09-03,11:30,ATROPELLO,1,0,1,CUSCO,CUSCO,SAN JERONIMO,URBANA,AVENIDA,URBANO,NO CORRESPONDE,-13.54395,-71.8953,DESPEJADO,RESIDENCIAL,TRAMO RECTO,PLANA ,ASFALTADA,,,,,IMPRUDENCIA DEL CONDUCTOR,EXCESO DE VELOCIDAD,11.0,0,2021.0,9.0,4.0,0,1,3,1,1.0,0.0,0.0,1.0,0,0,62.5,6.363961030678928,0,0,2,0.0,0.0,0
A-2021-09-53,2021-09-03,13:40,ATROPELLO,1,0,0,LIMA,LIMA,VILLA EL SALVADOR,URBANA,AVENIDA,URBANO,NO CORRESPONDE,-12.224591563708854,-76.9388602205455,DESPEJADO,RESIDENCIAL,TRAMO RECTO,PLANA ,ASFALTADA,,,,,IMPRUDENCIA DEL CONDUCTOR,OTRO (IMPRUDENCIA DEL CONDUCTOR),13.0,0,2021.0,9.0,4.0,0,2,3,0,1.0,0.0,0.0,1.0,0,0,37.0,0.0,0,1,2,0.0,0.5,0
A-2021-09-46,2021-09-03,20:50,DESPISTE,1,2,1,ANCASH,HUARAZ,PIRA,RURAL,CARRETERA,SIN CLASIFICAR,SIN CLASIFICAR,-9.541716398464796,-77.73839969223597,LLUVIOSO,RURAL,CURVA,INCLINADA,ASFALTADA,,,,,EN PROCESO DE INVESTIGACIÓN,NO CUENTA CON CAUSA ESPECIFICA,20.0,0,2021.0,9.0,4.0,0,3,3,0,0.0,1.0,0.0,1.0,1,0,33.333333333333336,4.163331998932266,0,1,3,0.0,0.333,1
A-2021-09-241,2021-09-03,22:00,ATROPELLO FUGA,1,0,0,LIMA,BARRANCA,PARAMONGA,RURAL,CARRETERA,NACIONAL,PE-1N,-10.599432782782976,-77.87115271263951,LLUVIOSO,RURAL,TRAMO RECTO,PLANA ,ASFALTADA,,,,,EN PROCESO DE INVESTIGACIÓN,NO CUENTA CON CAUSA ESPECIFICA,22.0,0,2021.0,9.0,4.0,0,3,3,0,0.0,0.0,0.0,0.0,1,0,0.0,0.0,0,0,2,0.0,0.0,1
A-2021-09-10,2021-09-04,06:40,ATROPELLO FUGA,1,0,0,TUMBES,TUMBES,TUMBES,RURAL,CARRETERA,NACIONAL,PE-1N,-3.545990898046043,-80.39612513905165,DESPEJADO,RURAL,TRAMO RECTO,PLANA ,ASFALTADA,,,,,EN PROCESO DE INVESTIGACIÓN,NO CUENTA CON CAUSA ESPECIFICA,6.0,0,2021.0,9.0,5.0,1,1,3,0,0.0,0.0,0.0,0.0,0,0,23.0,0.0,0,0,1,0.0,0.0,0
A-2021-09-54,2021-09-04,16:45,ATROPELLO,1,0,0,LIMA,LIMA,EL AGUSTINO,URBANA,AVENIDA,URBANO,NO CORRESPONDE,-12.030794980090976,-76.99901098728667,DESPEJADO,RESIDENCIAL,INTERSECCIÓN,PLANA ,ASFALTADA,,,,,IMPRUDENCIA DEL PEATÓN,OTRO (IMPRUDENCIA DEL PEATÓN),16.0,0,2021.0,9.0,5.0,1,2,3,0,1.0,0.0,0.0,1.0,0,0,44.0,24.041630560342615,0,1,2,0.0,0.5,0
A-2021-09-56,2021-09-05,03:30,CHOQUE,1,5,3,CUSCO,LA CONVENCION,QUELLOUNO,RURAL,CARRETERA,DEPARTAMENTAL,CU-105,-12.622066,-72.390168,NUBLADO,RURAL,TRAMO RECTO,INCLINADA,ASFALTADA,,,,,IMPRUDENCIA DEL CONDUCTOR,CONDUCIR EN ESTADO DE EBRIEDAD Y/O DROGADICCIÓN,3.0,0,2021.0,9.0,6.0,1,0,3,1,0.0,1.0,0.0,1.0,0,0,33.0,10.954451150103324,0,1,6,0.0,0.167,1
A-2021-09-277,2021-09-05,04:00,CHOQUE,1,0,2,ANCASH,SANTA,CHIMBOTE,URBANA,AVENIDA,URBANO,NO CORRESPONDE,-9.07623196760691,-78.5900984595948,DESPEJADO,COMERCIAL,INTERSECCIÓN,PLANA ,ASFALTADA,,,,,IMPRUDENCIA DEL CONDUCTOR,CONDUCIR EN ESTADO DE EBRIEDAD Y/O DROGADICCIÓN,4.0,0,2021.0,9.0,6.0,1,0,3,0,1.0,0.0,0.0,1.0,0,0,44.0,12.727922061357855,0,1,2,0.0,0.5,1
A-2021-09-287,2021-09-05,04:30,DESPISTE,1,0,1,JUNIN,CHUPACA,HUACHAC,RURAL,CARRETERA,PROVINCIAL,JU-877,-12.038789,-75.320593,DESPEJADO,RURAL,TRAMO RECTO,PLANA ,ASFALTADA,,,,,IMPRUDENCIA DEL CONDUCTOR,CONDUCIR EN ESTADO DE EBRIEDAD Y/O DROGADICCIÓN,4.0,0,2021.0,9.0,6.0,1,0,3,1,0.0,0.0,0.0,0.0,0,0,27.0,1.4142135623730951,1,1,2,0.5,0.5,1
A-2021-09-19,2021-09-05,06:00,CHOQUE,1,1,0,MADRE DE DIOS,TAMBOPATA,LAS PIEDRAS,RURAL,CARRETERA,NACIONAL,PE-30C,-12.5250136,-69.1370259,,,,,,,,,,EN PROCESO DE INVESTIGACIÓN,NO CUENTA CON CAUSA ESPECIFICA,6.0,0,2021.0,9.0,6.0,1,1,3,2,0.0,1.0,1.0,2.0,0,0,53.333333333333336,20.231987873991358,0,0,3,0.0,0.0,0
A-2021-09-55,2021-09-05,06:00,ATROPELLO,1,0,0,LIMA,LIMA,LOS OLIVOS,URBANA,AVENIDA,URBANO,NO CORRESPONDE,-11.995378150934302,-77.07985320453479,DESPEJADO,RESIDENCIAL,INTERSECCIÓN,PLANA ,ASFALTADA,,,,,IMPRUDENCIA DEL CONDUCTOR,CONDUCIR EN ESTADO DE EBRIEDAD Y/O DROGADICCIÓN,6.0,0,2021.0,9.0,6.0,1,1,3,0,1.0,0.0,0.0,1.0,0,0,29.0,0.0,0,1,2,0.0,0.5,0
A-2021-09-256,2021-09-05,11:46,CHOQUE FUGA,1,0,1,PIURA,PIURA,LAS LOMAS,RURAL,CARRETERA,PROVINCIAL,PI-745,-4.7127,-80.1189,DESPEJADO,RURAL,OTRO,PLANA ,ASFALTADA,,,,,EN PROCESO DE INVESTIGACIÓN,NO CUENTA CON CAUSA ESPECIFICA,11.0,0,2021.0,9.0,6.0,1,1,3,0,0.0,0.0,0.0,0.0,0,0,45.0,0.0,0,0,2,0.0,0.0,0
A-2021-09-249,2021-09-05,14:02,CHOQUE,1,0,2,PASCO,PASCO,TINYAHUARCO,URBANA,CARRETERA,NACIONAL,PE-3N,-10.747063196154816,-76.26107092726097,DESPEJADO,RURAL,CURVA,PLANA ,ASFALTADA,SI,REGULADORA (R),REGULADORA (R),NO,IMPRUDENCIA DEL CONDUCTOR,EXCESO DE VELOCIDAD,14.0,0,2021.0,9.0,6.0,1,2,3,1,0.0,0.0,0.0,0.0,0,1,64.0,5.656854249492381,0,1,2,0.0,0.5,0
A-2021-09-238,2021-09-05,20:00,ATROPELLO FUGA,1,0,1,MOQUEGUA,MARISCAL NIETO,MOQUEGUA,RURAL,AVENIDA,URBANO,NO CORRESPONDE,-17.210203,-70.967377,DESPEJADO,RURAL,TRAMO RECTO,PLANA ,ASFALTADA,,,,,IMPRUDENCIA DEL CONDUCTOR,EXCESO DE VELOCIDAD,20.0,0,2021.0,9.0,6.0,1,3,3,0,1.0,0.0,0.0,1.0,0,0,60.0,0.0,0,0,2,0.0,0.0,1
A-2021-09-68,2021-09-05,21:55,CHOQUE,1,0,2,LA LIBERTAD,CHEPEN,PACANGA,RURAL,CARRETERA,NACIONAL,PE-1N,-7.131972,-79.472647,DESPEJADO,RURAL,TRAMO RECTO,PLANA ,ASFALTADA,,,,,IMPRUDENCIA DEL CONDUCTOR,CONDUCIR EN ESTADO DE EBRIEDAD Y/O DROGADICCIÓN,21.0,0,2021.0,9.0,6.0,1,3,3,0,0.0,0.0,0.0,0.0,0,0,47.0,0.0,0,1,2,0.0,0.5,1
A-2021-09-23,2021-09-06,05:00,DESPISTE,2,6,1,TACNA,TACNA,CORONEL GREGORIO ALBARRACIN LANCHIPA,RURAL,OTRO,URBANO,NO CORRESPONDE,-18.111418,-70.264048,LLUVIOSO,RURAL,CURVA,INCLINADA,TROCHA,SI,PREVENTIVA (P),PREVENTIVA (P),NO,IMPRUDENCIA DEL CONDUCTOR,EXCESO DE VELOCIDAD,5.0,1,2021.0,9.0,0.0,0,0,3,0,2.0,1.0,2.0,5.0,1,1,25.125,15.615354165509206,0,0,9,0.0,0.0,1
A-2021-09-16,2021-09-06,10:46,CHOQUE,1,5,2,PUNO,PUNO,PUNO,URBANA,CARRETERA,NACIONAL,PE-3S,-15.82311960038636,-70.03120599505986,DESPEJADO,COMERCIAL,CURVA,INCLINADA,ASFALTADA,NO,,,SI,IMPRUDENCIA DEL CONDUCTOR,CONDUCIR EN ESTADO DE EBRIEDAD Y/O DROGADICCIÓN,10.0,0,2021.0,9.0,0.0,0,1,3,1,0.0,1.0,0.0,1.0,0,1,21.857142857142858,21.80541653984602,0,2,7,0.0,0.286,0
A-2021-09-271,2021-09-06,12:30,CHOQUE,1,1,2,SAN MARTIN,SAN MARTIN,MORALES,RURAL,CARRETERA,NACIONAL,PE-5N,-6.48848,-76.39972,DESPEJADO,RURAL,TRAMO RECTO,PLANA ,ASFALTADA,NO,,,SI,IMPRUDENCIA DEL CONDUCTOR,CONDUCIR EN SENTIDO CONTRARIO,12.0,0,2021.0,9.0,0.0,0,2,3,2,0.0,0.0,0.0,0.0,0,1,28.333333333333332,10.115993936995679,0,1,3,0.0,0.333,0
A-2021-09-57,2021-09-06,18:30,ATROPELLO,1,0,1,CUSCO,CANCHIS,SICUANI,URBANA,CARRETERA,NACIONAL,PE-3S,-14.2199641390098,-71.2897240922569,NUBLADO,RESIDENCIAL,TRAMO RECTO,PLANA ,ASFALTADA,,,,,NEGLIGENCIA DEL CONDUCTOR,OTRO (NEGLIGENCIA DEL CONDUCTOR),18.0,0,2021.0,9.0,0.0,0,3,3,1,0.0,0.0,0.0,0.0,0,0,52.5,28.991378028648448,0,1,2,0.0,0.5,1