CODIGO_SINIESTRO,FECHA_SINIESTRO,HORA_SINIESTRO,CLASE_SINIESTRO,CANTIDAD_FALLECIDOS,CANTIDAD_LESIONADOS,CANTIDAD_VEHICULOS,DEPARTAMENTO,PROVINCIA,DISTRITO,ZONA,TIPO_VIA,RED_VIAL,COD_CARRETERA,LATITUD,LONGITUD,CONDICION_CLIMATICA,ZONIFICACION,CARACTERISTICAS_VIA,PERFIL_VIA,SUPERFICIE_CALZADA,EXISTE_SENIAL_VERTICAL,CLASIFICACION_SENIAL_VERTICAL_1,CLASIFICACION_SENIAL_VERTICAL_2,EXISTE_SENIAL_HORIZONTAL,CAUSA_FACTOR_PRINCIPAL,CAUSA_ESPECIFICA,HORA,severidad,ANIO,MES,DIA_SEMANA,FIN_SEMANA,FRANJA_HORARIA,TEMPORADA,MACROREGION,TIPO_VIA_SCORE,PERFIL_VIA_SCORE,SUPERFICIE_CALZADA_SCORE,RIESGO_INFRAESTRUCTURA,RIESGO_CLIMATICO,SENIALIZACION_DEFICIENTE,EDAD_PROMEDIO,EDAD_STD,TOTAL_ALCOHOL,TOTAL_LICENCIA,TOTAL_PERSONAS,PCT_ALCOHOL,PCT_LICENCIA,ES_NOCHE
A-2021-09-18,2021-09-06,20:30,VOLCADURA,1,1,1,PUNO,PUNO,ACORA,RURAL,CARRETERA,PROVINCIAL,PU-1139,-15.973820414682033,-69.77735634022586,DESPEJADO,RURAL,TRAMO RECTO,PLANA ,TROCHA,,,,,IMPRUDENCIA DEL CONDUCTOR,OTRO (IMPRUDENCIA DEL CONDUCTOR),20.0,0,2021.0,9.0,0.0,0,3,3,1,0.0,0.0,2.0,2.0,0,0,24.0,2.8284271247461903,0,0,2,0.0,0.0,1
A-2021-09-244,2021-09-06,22:40,ATROPELLO,1,0,1,CUSCO,CUSCO,SAN SEBASTIAN,URBANA,AVENIDA,URBANO,NO CORRESPONDE,-13.532968255167583,-71.91230902906064,DESPEJADO,COMERCIAL,TRAMO RECTO,PLANA ,ASFALTADA,,,,,IMPRUDENCIA DEL PEATÓN,CRUCE INDEBIDO POR LA CALZADA,22.0,0,2021.0,9.0,0.0,0,3,3,1,1.0,0.0,0.0,1.0,0,0,40.0,24.041630560342615,1,1,2,0.5,0.5,1
A-2021-09-27,2021-09-07,01:10,CHOQUE,1,6,2,ICA,PISCO,SAN CLEMENTE,URBANA,CARRETERA,NACIONAL,PE-1S,-13.676159,-76.15865,DESPEJADO,RURAL,TRAMO RECTO,PLANA ,ASFALTADA,,,,,IMPRUDENCIA DEL CONDUCTOR,OTRO (IMPRUDENCIA DEL CONDUCTOR),1.0,0,2021.0,9.0,1.0,0,0,3,0,0.0,0.0,0.0,0.0,0,0,39.42857142857143,15.436505896274399,0,2,7,0.0,0.286,1
A-2021-09-207,2021-09-07,05:05,CHOQUE CON OBJETO FIJO,1,0,1,AYACUCHO,HUAMANGA,VINCHOS,RURAL,CARRETERA,PROVINCIAL,AY-811,-13.249432,-74.346021,DESPEJADO,RURAL,TRAMO RECTO,PLANA ,ASFALTADA,NO,,,SI,IMPRUDENCIA DEL CONDUCTOR,EXCESO DE VELOCIDAD,5.0,0,2021.0,9.0,1.0,0,0,3,1,0.0,0.0,0.0,0.0,0,1,72.0,22.627416997969522,0,1,2,0.0,0.5,1
A-2021-09-30,2021-09-07,13:00,ATROPELLO,1,0,0,APURIMAC,ANDAHUAYLAS,SAN ANTONIO DE CACHI,URBANA,CARRETERA,PROVINCIAL,AP-728,-13.791937,-73.654092,DESPEJADO,RURAL,TRAMO RECTO,INCLINADA,AFIRMADO,,,,,IMPRUDENCIA DEL PEATÓN,OTRO (IMPRUDENCIA DEL PEATÓN),13.0,0,2021.0,9.0,1.0,0,2,3,1,0.0,1.0,1.0,2.0,0,0,16.0,14.142135623730951,0,1,2,0.0,0.5,0
A-2021-09-122,2021-09-07,14:30,VOLCADURA,1,5,1,CUSCO,LA CONVENCION,ECHARATE,RURAL,CARRETERA,SIN CLASIFICAR,SIN CLASIFICAR,-12.3831,-73.44,DESPEJADO,RURAL,SINUOSA,INCLINADA,AFIRMADO,,,,,IMPRUDENCIA DEL CONDUCTOR,EXCESO DE VELOCIDAD,14.0,0,2021.0,9.0,1.0,0,2,3,1,0.0,1.0,1.0,2.0,0,0,43.833333333333336,7.440878084384038,0,1,6,0.0,0.167,0
A-2021-09-28,2021-09-07,17:40,ATROPELLO,1,0,1,ICA,CHINCHA,TAMBO DE MORA,RURAL,CARRETERA,NACIONAL,PE-1SE,-13.477207,-76.184357,DESPEJADO,RURAL,INTERSECCIÓN,PLANA ,ASFALTADA,,,,,EN PROCESO DE INVESTIGACIÓN,NO CUENTA CON CAUSA ESPECIFICA,17.0,0,2021.0,9.0,1.0,0,2,3,0,0.0,0.0,0.0,0.0,0,0,40.0,0.0,0,1,2,0.0,0.5,0
A-2021-09-285,2021-09-07,18:00,CHOQUE,1,0,2,AREQUIPA,CARAVELI,YAUCA,RURAL,CARRETERA,NACIONAL,PE-1S,-15.667729172402368,-74.54660298180991,DESPEJADO,RURAL,TRAMO RECTO,PLANA ,ASFALTADA,,,,,EN PROCESO DE INVESTIGACIÓN,NO CUENTA CON CAUSA ESPECIFICA,18.0,0,2021.0,9.0,1.0,0,3,3,0,0.0,0.0,0.0,0.0,0,0,54.0,12.727922061357855,0,2,2,0.0,1.0,1
A-2021-09-189,2021-09-07,18:32,CHOQUE,2,0,2,JUNIN,TARMA,PALCA,RURAL,CARRETERA,NACIONAL,PE-22B,-11.33764144123931,-75.5575597232838,DESPEJADO,RURAL,TRAMO RECTO,PLANA ,ASFALTADA,,,,,EN PROCESO DE INVESTIGACIÓN,NO CUENTA CON CAUSA ESPECIFICA,18.0,1,2021.0,9.0,1.0,0,3,3,1,0.0,0.0,0.0,0.0,0,0,39.333333333333336,4.932882862316246,0,1,3,0.0,0.333,1
A-2021-09-86,2021-09-07,19:16,CHOQUE,1,0,2,PUNO,LAMPA,PUCARA,RURAL,CARRETERA,NACIONAL,PE-3S,-14.976911672207429,-70.4454168107595,DESPEJADO,RURAL,TRAMO RECTO,PLANA ,ASFALTADA,,,,,IMPRUDENCIA DEL CONDUCTOR,CONDUCIR EN SENTIDO CONTRARIO,19.0,0,2021.0,9.0,1.0,0,3,3,1,0.0,0.0,0.0,0.0,0,0,48.5,13.435028842544403,0,1,2,0.0,0.5,1
A-2021-09-29,2021-09-07,21:55,ATROPELLO,1,1,1,ICA,PALPA,LLIPATA,RURAL,CARRETERA,NACIONAL,PE-1S,-14.630707,-75.187448,DESPEJADO,RURAL,TRAMO RECTO,PLANA ,ASFALTADA,,REGULADORA (R),,,EN PROCESO DE INVESTIGACIÓN,NO CUENTA CON CAUSA ESPECIFICA,21.0,0,2021.0,9.0,1.0,0,3,3,0,0.0,0.0,0.0,0.0,0,0,20.5,6.363961030678928,0,0,2,0.0,0.0,1
A-2021-09-234,2021-09-08,07:00,ATROPELLO,1,0,2,JUNIN,YAULI,LA OROYA,RURAL,CARRETERA,NACIONAL,PE-3S,-11.521031,-75.905211,DESPEJADO,RURAL,TRAMO RECTO,PLANA ,ASFALTADA,,,,,IMPRUDENCIA DEL CONDUCTOR,EXCESO DE VELOCIDAD,7.0,0,2021.0,9.0,2.0,0,1,3,1,0.0,0.0,0.0,0.0,0,0,48.0,15.556349186104045,0,1,2,0.0,0.5,0
A-2021-09-107,2021-09-08,18:00,ATROPELLO FUGA,1,0,0,LAMBAYEQUE,CHICLAYO,CHICLAYO,URBANA,CARRETERA,NACIONAL,PE-1N,-6.792049,-79.865118,DESPEJADO,COMERCIAL,TRAMO RECTO,PLANA ,ASFALTADA,,,,,IMPRUDENCIA DEL CONDUCTOR,EXCESO DE VELOCIDAD,18.0,0,2021.0,9.0,2.0,0,3,3,0,0.0,0.0,0.0,0.0,0,0,74.0,0.0,0,0,2,0.0,0.0,1
A-2021-09-106,2021-09-08,19:00,CHOQUE,1,2,1,LIMA,HUAURA,SAYAN,RURAL,CARRETERA,NACIONAL,PE-1NE,-11.138761819360765,-77.27290781387161,DESPEJADO,RURAL,TRAMO RECTO,PLANA ,ASFALTADA,SI,REGULADORA (R),,NO,IMPRUDENCIA DEL CONDUCTOR,CONDUCIR EN ESTADO DE EBRIEDAD Y/O DROGADICCIÓN,19.0,0,2021.0,9.0,2.0,0,3,3,0,0.0,0.0,0.0,0.0,0,1,29.666666666666668,15.14375558880073,1,1,3,0.333,0.333,1
A-2021-09-87,2021-09-08,20:00,CHOQUE,1,0,2,PUNO,AZANGARO,SAMAN,RURAL,CARRETERA,NACIONAL,PE-34H,-15.30053128987367,-70.02410067448778,DESPEJADO,RURAL,TRAMO RECTO,PLANA ,ASFALTADA,,,,,IMPRUDENCIA DEL CONDUCTOR,EXCESO DE VELOCIDAD,20.0,0,2021.0,9.0,2.0,0,3,3,1,0.0,0.0,0.0,0.0,0,0,53.5,4.949747468305833,0,1,2,0.0,0.5,1
A-2021-09-235,2021-09-08,23:45,CHOQUE,1,0,2,JUNIN,SATIPO,PANGOA,RURAL,CARRETERA,NACIONAL,PE-28C,-11.44894297291743,-74.48510519927761,DESPEJADO,RURAL,TRAMO RECTO,PLANA ,ASFALTADA,,,,,EN PROCESO DE INVESTIGACIÓN,NO CUENTA CON CAUSA ESPECIFICA,23.0,0,2021.0,9.0,2.0,0,3,3,1,0.0,0.0,0.0,0.0,0,0,37.0,25.238858928247925,0,1,3,0.0,0.333,1
A-2021-09-200,2021-09-09,06:30,ATROPELLO FUGA,1,0,1,LIMA,HUARAL,CHANCAY,RURAL,CARRETERA,NACIONAL,PE-1N,-11.457522,-77.321459,DESPEJADO,RURAL,TRAMO RECTO,PLANA ,ASFALTADA,,,,,EN PROCESO DE INVESTIGACIÓN,NO CUENTA CON CAUSA ESPECIFICA,6.0,0,2021.0,9.0,3.0,0,1,3,0,0.0,0.0,0.0,0.0,0,0,72.0,0.0,0,0,1,0.0,0.0,0
A-2021-09-114,2021-09-09,08:50,ATROPELLO,1,0,0,LIMA,LIMA,EL AGUSTINO,URBANA,AVENIDA,URBANO,NO CORRESPONDE,-12.02910567981228,-76.99168294364385,SOLEADO,COMERCIAL,TRAMO RECTO,PLANA ,ASFALTADA,,,,,IMPRUDENCIA DEL PEATÓN,CRUCE INDEBIDO POR LA CALZADA,8.0,0,2021.0,9.0,3.0,0,1,3,0,1.0,0.0,0.0,1.0,0,0,68.0,0.0,0,0,2,0.0,0.0,0
A-2021-09-179,2021-09-09,09:30,CHOQUE,1,0,2,CUSCO,CALCA,TARAY,RURAL,CARRETERA,NACIONAL,PE-28G,-13.429176,-71.863166,DESPEJADO,RURAL,TRAMO RECTO,PLANA ,ASFALTADA,,,,,IMPRUDENCIA DEL CONDUCTOR,GIRAR IMPRUDENTEMENTE,9.0,0,2021.0,9.0,3.0,0,1,3,1,0.0,0.0,0.0,0.0,0,0,46.0,0.0,0,2,2,0.0,1.0,0
A-2021-09-250,2021-09-09,12:00,CHOQUE,1,0,2,JUNIN,CHANCHAMAYO,PERENE,RURAL,CARRETERA,NACIONAL,PE-5S,-10.946973812713598,-75.2221705341921,DESPEJADO,RURAL,TRAMO RECTO,PLANA ,ASFALTADA,,,,,EN PROCESO DE INVESTIGACIÓN,NO CUENTA CON CAUSA ESPECIFICA,12.0,0,2021.0,9.0,3.0,0,2,3,1,0.0,0.0,0.0,0.0,0,0,61.0,9.899494936611665,0,0,2,0.0,0.0,0
A-2021-09-242,2021-09-09,14:10,ATROPELLO,1,0,1,LIMA,BARRANCA,SUPE PUERTO,RURAL,CARRETERA,DEPARTAMENTAL,LM-100,-10.793471,-77.729742,DESPEJADO,RURAL,TRAMO RECTO,INCLINADA,ASFALTADA,,,,,EN PROCESO DE INVESTIGACIÓN,NO CUENTA CON CAUSA ESPECIFICA,14.0,0,2021.0,9.0,3.0,0,2,3,0,0.0,1.0,0.0,1.0,0,0,57.0,28.284271247461902,0,0,2,0.0,0.0,0
A-2021-09-61,2021-09-09,17:20,ATROPELLO,1,0,1,CUSCO,QUISPICANCHI,QUIQUIJANA,RURAL,CARRETERA,SIN CLASIFICAR,SIN CLASIFICAR,-13.760977,-71.5462627,DESPEJADO,RURAL,CURVA,INCLINADA,TROCHA,,,,,NEGLIGENCIA DEL CONDUCTOR,OTRO (NEGLIGENCIA DEL CONDUCTOR),17.0,0,2021.0,9.0,3.0,0,2,3,1,0.0,1.0,2.0,3.0,0,0,47.0,29.698484809834994,0,0,2,0.0,0.0,0
A-2021-09-26,2021-09-09,20:30,CHOQUE,1,0,2,AREQUIPA,AREQUIPA,YURA,URBANA,CARRETERA,DEPARTAMENTAL,AR-123,-16.3818322,-71.6574499,DESPEJADO,INDUSTRIAL,TRAMO RECTO,PLANA ,ASFALTADA,,,,,IMPRUDENCIA DEL CONDUCTOR,FATIGA Y/O CANSANCIO,20.0,0,2021.0,9.0,3.0,0,3,3,0,0.0,0.0,0.0,0.0,0,0,40.5,2.1213203435596424,0,1,2,0.0,0.5,1
A-2021-09-183,2021-09-10,06:15,CHOQUE,1,0,2,LIMA,HUAURA,SANTA MARIA,URBANA,AVENIDA,URBANO,NO CORRESPONDE,-11.093827896993163,-77.5840668080741,DESPEJADO,RESIDENCIAL,TRAMO RECTO,PLANA ,ASFALTADA,,,,,IMPRUDENCIA DEL CONDUCTOR,EXCESO DE VELOCIDAD,6.0,0,2021.0,9.0,4.0,0,1,3,0,1.0,0.0,0.0,1.0,0,0,63.5,6.363961030678928,0,1,2,0.0,0.5,0
A-2021-09-286,2021-09-10,19:00,ATROPELLO,1,0,1,JUNIN,JAUJA,LEONOR ORDOÑEZ,RURAL,CARRETERA,NACIONAL,PE-3SB,-11.8742168,-75.4044973,DESPEJADO,RURAL,TRAMO RECTO,PLANA ,ASFALTADA,,,,,IMPRUDENCIA DEL PEATÓN,CRUCE INDEBIDO POR LA CALZADA,19.0,0,2021.0,9.0,4.0,0,3,3,1,0.0,0.0,0.0,0.0,0,0,55.5,41.71930009000631,0,1,2,0.0,0.5,1
A-2021-09-39,2021-09-10,23:30,VOLCADURA,1,0,1,PIURA,PIURA,VEINTISEIS DE OCTUBRE,URBANA,AVENIDA,URBANO,NO CORRESPONDE,-5.1801321,-80.6552988,DESPEJADO,RESIDENCIAL,TRAMO RECTO,INCLINADA,ASFALTADA,SI,PREVENTIVA (P),REGULADORA (R),SI,EN PROCESO DE INVESTIGACIÓN,NO CUENTA CON CAUSA ESPECIFICA,23.0,0,2021.0,9.0,4.0,0,3,3,0,1.0,1.0,0.0,2.0,0,0,21.0,0.0,0,0,1,0.0,0.0,1
A-2021-09-208,2021-09-11,01:20,ATROPELLO,1,0,1,AYACUCHO,HUAMANGA,VINCHOS,RURAL,CARRETERA,PROVINCIAL,AY-811,-13.253825,-74.341918,NUBLADO,RURAL,TRAMO RECTO,PLANA ,ASFALTADA,NO,,,SI,IMPRUDENCIA DEL CONDUCTOR,EXCESO DE VELOCIDAD,1.0,0,2021.0,9.0,5.0,1,0,3,1,0.0,0.0,0.0,0.0,0,1,17.0,12.727922061357855,0,1,2,0.0,0.5,1
A-2021-09-63,2021-09-11,03:30,DESPISTE,1,1,1,CAJAMARCA,CAJABAMBA,CONDEBAMBA,URBANA,CARRETERA,NACIONAL,PE-3N,-7.585538,-78.133861,DESPEJADO,RESIDENCIAL,TRAMO RECTO,PLANA ,ASFALTADA,NO,,,SI,IMPRUDENCIA DEL CONDUCTOR,INVASIÓN DE CARRIL,3.0,0,2021.0,9.0,5.0,1,0,3,1,0.0,0.0,0.0,0.0,0,1,43.5,26.16295090390226,0,1,2,0.0,0.5,1
A-2021-09-38,2021-09-11,14:15,ATROPELLO,1,0,1,ANCASH,HUARAZ,INDEPENDENCIA,URBANA,CARRETERA,NACIONAL,PE-3N,-9.509058417527417,-77.532194,DESPEJADO,COMERCIAL,TRAMO RECTO,PLANA ,ASFALTADA,,,,,NEGLIGENCIA DEL CONDUCTOR,OTRO (NEGLIGENCIA DEL CONDUCTOR),14.0,0,2021.0,9.0,5.0,1,2,3,0,0.0,0.0,0.0,0.0,0,0,71.0,2.8284271247461903,0,1,2,0.0,0.5,0
A-2021-09-40,2021-09-11,15:46,DESPISTE,1,2,1,PUNO,PUNO,PUNO,URBANA,AVENIDA,URBANO,NO CORRESPONDE,-15.87,-69.987,DESPEJADO,COMERCIAL,TRAMO RECTO,PLANA ,ASFALTADA,,,,,IMPRUDENCIA DEL CONDUCTOR,CONDUCIR EN ESTADO DE EBRIEDAD Y/O DROGADICCIÓN,15.0,0,2021.0,9.0,5.0,1,2,3,1,1.0,0.0,0.0,1.0,0,0,24.333333333333332,21.594752448994022,0,0,3,0.0,0.0,0
A-2021-09-118,2021-09-11,17:40,ESPECIAL,1,0,0,LIMA,LIMA,CHACLACAYO,URBANA,CARRETERA,NACIONAL,PE-22,-11.985570801507548,-76.8095719742455,DESPEJADO,RESIDENCIAL,TRAMO RECTO,PLANA ,ASFALTADA,,,,,EN PROCESO DE INVESTIGACIÓN,NO CUENTA CON CAUSA ESPECIFICA,17.0,0,2021.0,9.0,5.0,1,2,3,0,0.0,0.0,0.0,0.0,0,0,46.0,7.0710678118654755,0,0,2,0.0,0.0,0
A-2021-09-48,2021-09-11,19:30,CHOQUE,1,2,2,PIURA,MORROPON,LA MATANZA,RURAL,CARRETERA,NACIONAL,PE-02A,-5.240542,-80.089013,DESPEJADO,RURAL,TRAMO RECTO,INCLINADA,ASFALTADA,,,,,EN PROCESO DE INVESTIGACIÓN,NO CUENTA CON CAUSA ESPECIFICA,19.0,0,2021.0,9.0,5.0,1,3,3,0,0.0,1.0,0.0,1.0,0,0,45.25,26.170912606683526,2,0,4,0.5,0.0,1
A-2021-09-276,2021-09-12,05:00,CHOQUE,1,0,2,CAJAMARCA,JAEN,BELLAVISTA,URBANA,CARRETERA,PROVINCIAL,CA-744,-5.665039781651673,-78.6812549418639,DESPEJADO,RESIDENCIAL,TRAMO RECTO,PLANA ,ASFALTADA,,,,,EN PROCESO DE INVESTIGACIÓN,NO CUENTA CON CAUSA ESPECIFICA,5.0,0,2021.0,9.0,6.0,1,0,3,1,0.0,0.0,0.0,0.0,0,0,32.0,8.48528137423857,0,1,2,0.0,0.5,1
A-2021-09-163,2021-09-12,12:30,FERROVIARIO,1,0,1,CUSCO,ANTA,ANTA,RURAL,CARRETERA,DEPARTAMENTAL,CU-110,-13.455011,-72.189688,DESPEJADO,RURAL,OTRO,PLANA ,CASCAJO/RIPIO,,,,,IMPRUDENCIA DEL PEATÓN,OTRO (IMPRUDENCIA DEL PEATÓN),12.0,0,2021.0,9.0,6.0,1,2,3,1,0.0,0.0,1.0,1.0,0,0,26.0,29.698484809834994,0,1,2,0.0,0.5,0
A-2021-09-41,2021-09-12,16:40,CHOQUE,1,10,2,PUNO,PUNO,PUNO,URBANA,AVENIDA,URBANO,NO CORRESPONDE,-15.851551,-70.015947,DESPEJADO,COMERCIAL,TRAMO RECTO,PLANA ,ASFALTADA,NO,,,SI,IMPRUDENCIA DEL CONDUCTOR,CONDUCIR EN ESTADO DE EBRIEDAD Y/O DROGADICCIÓN,16.0,0,2021.0,9.0,6.0,1,2,3,1,1.0,0.0,0.0,1.0,0,1,20.75,21.892817419086434,0,2,13,0.0,0.154,0
A-2021-09-119,2021-09-12,19:58,CHOQUE,1,0,0,LIMA,LIMA,VILLA EL SALVADOR,URBANA,AVENIDA,URBANO,NO CORRESPONDE,-12.19284986799084,-76.96236713957965,DESPEJADO,RESIDENCIAL,TRAMO RECTO,PLANA ,ASFALTADA,,,,,IMPRUDENCIA DEL CONDUCTOR,OTRO (IMPRUDENCIA DEL CONDUCTOR),19.0,0,2021.0,9.0,6.0,1,3,3,0,1.0,0.0,0.0,1.0,0,0,28.0,0.0,0,0,2,0.0,0.0,1
A-2021-09-59,2021-09-12,22:00,CHOQUE,1,1,2,CUSCO,URUBAMBA,YUCAY,RURAL,CARRETERA,NACIONAL,PE-28B,-13.330792,-72.071909,SOLEADO,RURAL,TRAMO RECTO,PLANA ,ASFALTADA,,,,,IMPRUDENCIA DEL CONDUCTOR,INVASIÓN DE CARRIL,22.0,0,2021.0,9.0,6.0,1,3,3,1,0.0,0.0,0.0,0.0,0,0,35.0,19.28730152198591,0,1,3,0.0,0.333,1
A-2021-09-209,2021-09-13,01:40,DESPISTE,1,1,1,AYACUCHO,PAUCAR DEL SARA SARA,PAUSA,RURAL,CARRETERA,PROVINCIAL,AY-1251,-15.367685,-73.29724,DESPEJADO,RURAL,CURVA,INCLINADA,AFIRMADO,,,,,IMPRUDENCIA DEL CONDUCTOR,CONDUCIR EN ESTADO DE EBRIEDAD Y/O DROGADICCIÓN,1.0,0,2021.0,9.0,0.0,0,0,3,1,0.0,1.0,1.0,2.0,0,0,54.5,30.405591591021544,1,0,2,0.5,0.0,1
A-2021-09-69,2021-09-13,02:00,CHOQUE,2,0,2,LA LIBERTAD,PACASMAYO,GUADALUPE,RURAL,CARRETERA,NACIONAL,PE-1N,-7.323069,-79.481149,DESPEJADO,RURAL,TRAMO RECTO,PLANA ,ASFALTADA,,,,,EN PROCESO DE INVESTIGACIÓN,NO CUENTA CON CAUSA ESPECIFICA,2.0,1,2021.0,9.0,0.0,0,0,3,0,0.0,0.0,0.0,0.0,0,0,38.0,0.0,0,1,3,0.0,0.333,1
A-2021-09-42,2021-09-13,04:00,ATROPELLO FUGA,1,0,0,AREQUIPA,AREQUIPA,JOSE LUIS BUSTAMANTE Y RIVERO,URBANA,CARRETERA,NACIONAL,PE-34C,-16.425485761082975,-71.53318932425682,DESPEJADO,COMERCIAL,TRAMO RECTO,PLANA ,ASFALTADA,,,,,IMPRUDENCIA DEL CONDUCTOR,EXCESO DE VELOCIDAD,4.0,0,2021.0,9.0,0.0,0,0,3,0,0.0,0.0,0.0,0.0,0,0,56.0,0.0,0,0,1,0.0,0.0,1
A-2021-09-196,2021-09-13,09:40,CHOQUE,1,0,1,PUNO,SAN ROMAN,JULIACA,URBANA,CARRETERA,NACIONAL,PE-3S,-15.495436,-70.120294,DESPEJADO,COMERCIAL,TRAMO RECTO,PLANA ,ASFALTADA,,,,,IMPRUDENCIA DEL CONDUCTOR,EXCESO DE VELOCIDAD,9.0,0,2021.0,9.0,0.0,0,1,3,1,0.0,0.0,0.0,0.0,0,0,54.0,22.627416997969522,0,1,2,0.0,0.5,0
A-2021-09-100,2021-09-13,10:10,ATROPELLO,1,0,0,PUNO,LAMPA,LAMPA,RURAL,CARRETERA,DEPARTAMENTAL,PU-123,-15.410127983519631,-70.36522252959625,DESPEJADO,RURAL,TRAMO RECTO,PLANA ,CONCRETO,,,,,NEGLIGENCIA DEL CONDUCTOR,OTRO (NEGLIGENCIA DEL CONDUCTOR),10.0,0,2021.0,9.0,0.0,0,1,3,1,0.0,0.0,0.0,0.0,0,0,26.0,25.45584412271571,0,1,2,0.0,0.5,0
A-2021-09-199,2021-09-13,12:00,CHOQUE,1,4,2,LIMA,HUAURA,PACCHO,RURAL,CARRETERA,NACIONAL,PE-18,-10.913021559228133,-77.00273990850796,DESPEJADO,RURAL,CURVA,INCLINADA,ASFALTADA,,,,,IMPRUDENCIA DEL CONDUCTOR,INVASIÓN DE CARRIL,12.0,0,2021.0,9.0,0.0,0,2,3,0,0.0,1.0,0.0,1.0,0,0,42.833333333333336,12.44856082712643,0,2,6,0.0,0.333,0
A-2021-09-255,2021-09-13,13:00,DESPISTE,1,0,1,JUNIN,CHANCHAMAYO,CHANCHAMAYO,RURAL,CARRETERA,NACIONAL,PE-22B,-11.022674418229409,-75.31631646869266,DESPEJADO,RURAL,TRAMO RECTO,PLANA ,ASFALTADA,,,,,EN PROCESO DE INVESTIGACIÓN,NO CUENTA CON CAUSA ESPECIFICA,13.0,0,2021.0,9.0,0.0,0,2,3,1,0.0,0.0,0.0,0.0,0,0,38.0,0.0,0,1,1,0.0,1.0,0
A-2021-09-77,2021-09-13,18:50,ATROPELLO,1,2,1,AREQUIPA,AREQUIPA,YURA,URBANA,CARRETERA,DEPARTAMENTAL,AR-123,-16.3672817,-71.6395677,DESPEJADO,RESIDENCIAL,TRAMO RECTO,PLANA ,ASFALTADA,,,,,IMPRUDENCIA DEL CONDUCTOR,EXCESO DE VELOCIDAD,18.0,0,2021.0,9.0,0.0,0,3,3,0,0.0,0.0,0.0,0.0,0,0,38.333333333333336,20.647840887931437,0,1,3,0.0,0.333,1
A-2021-09-239,2021-09-13,22:30,CHOQUE,1,0,2,MOQUEGUA,ILO,ILO,URBANA,CARRETERA,NACIONAL,PE-1SD,-17.64352615684302,-71.3391691409166,DESPEJADO,COMERCIAL,TRAMO RECTO,INCLINADA,ASFALTADA,SI,REGULADORA (R),REGULADORA (R),SI,IMPRUDENCIA DEL CONDUCTOR,OTRO (IMPRUDENCIA DEL CONDUCTOR),22.0,0,2021.0,9.0,0.0,0,3,3,0,0.0,1.0,0.0,1.0,0,0,31.5,10.606601717798213,0,1,2,0.0,0.5,1
A-2021-09-49,2021-09-13,22:30,ATROPELLO FUGA,1,0,0,PIURA,MORROPON,CHULUCANAS,RURAL,CARRETERA,NACIONAL,PE-1NS,-5.139167,-80.173203,DESPEJADO,RURAL,TRAMO RECTO,PLANA ,ASFALTADA,,,,,EN PROCESO DE INVESTIGACIÓN,NO CUENTA CON CAUSA ESPECIFICA,22.0,0,2021.0,9.0,0.0,0,3,3,0,0.0,0.0,0.0,0.0,0,0,46.0,0.0,1,0,1,1.0,0.0,1
A-2021-09-78,2021-09-14,05:25,CHOQUE,1,2,2,AREQUIPA,CAYLLOMA,SAN ANTONIO DE CHUCA,RURAL,CARRETERA,NACIONAL,PE-34A,-15.7617292,-70.9896114,DESPEJADO,RURAL,CURVA,INCLINADA,ASFALTADA,SI,PREVENTIVA (P),PREVENTIVA (P),SI,IMPRUDENCIA DEL CONDUCTOR,INVASIÓN DE CARRIL,5.0,0,2021.0,9.0,1.0,0,0,3,0,0.0,1.0,0.0,1.0,0,0,60.0,24.34474618201362,0,1,4,0.0,0.25,1
A-2021-09-268,2021-09-14,09:00,CHOQUE,1,0,0,APURIMAC,COTABAMBAS,CHALLHUAHUACHO,RURAL,CARRETERA,NACIONAL,PE-3SF,-14.143804300351665,-72.30288533023071,,,,,,,,,,EN PROCESO DE INVESTIGACIÓN,NO CUENTA CON CAUSA ESPECIFICA,9.0,0,2021.0,9.0,1.0,0,1,3,1,0.0,1.0,1.0,2.0,0,0,44.0,0.0,0,0,2,0.0,0.0,0
A-2021-09-130,2021-09-14,14:00,DESPISTE,1,0,1,LA LIBERTAD,SANTIAGO DE CHUCO,CACHICADAN,RURAL,CARRETERA,PROVINCIAL,LI-939,-8.039117,-78.09946,DESPEJADO,RURAL,TRAMO RECTO,PLANA ,TROCHA,,,,,EN PROCESO DE INVESTIGACIÓN,NO CUENTA CON CAUSA ESPECIFICA,14.0,0,2021.0,9.0,1.0,0,2,3,0,0.0,0.0,2.0,2.0,0,0,38.0,0.0,0,1,1,0.0,1.0,0
A-2021-09-206,2021-09-14,14:45,CHOQUE,1,0,2,JUNIN,JAUJA,SAN LORENZO,RURAL,CARRETERA,NACIONAL,PE-3S,-11.845242,-75.386895,DESPEJADO,RESIDENCIAL,TRAMO RECTO,PLANA ,ASFALTADA,SI,PREVENTIVA (P),PREVENTIVA (P),NO,IMPRUDENCIA DEL CONDUCTOR,CONDUCIR EN ESTADO DE EBRIEDAD Y/O DROGADICCIÓN,14.0,0,2021.0,9.0,1.0,0,2,3,1,0.0,0.0,0.0,0.0,0,1,44.5,28.991378028648448,0,1,2,0.0,0.5,0