CODIGO_SINIESTRO,FECHA_SINIESTRO,HORA_SINIESTRO,CLASE_SINIESTRO,CANTIDAD_FALLECIDOS,CANTIDAD_LESIONADOS,CANTIDAD_VEHICULOS,DEPARTAMENTO,PROVINCIA,DISTRITO,ZONA,TIPO_VIA,RED_VIAL,COD_CARRETERA,LATITUD,LONGITUD,CONDICION_CLIMATICA,ZONIFICACION,CARACTERISTICAS_VIA,PERFIL_VIA,SUPERFICIE_CALZADA,EXISTE_SENIAL_VERTICAL,CLASIFICACION_SENIAL_VERTICAL_1,CLASIFICACION_SENIAL_VERTICAL_2,EXISTE_SENIAL_HORIZONTAL,CAUSA_FACTOR_PRINCIPAL,CAUSA_ESPECIFICA,HORA,severidad,ANIO,MES,DIA_SEMANA,FIN_SEMANA,FRANJA_HORARIA,TEMPORADA,MACROREGION,TIPO_VIA_SCORE,PERFIL_VIA_SCORE,SUPERFICIE_CALZADA_SCORE,RIESGO_INFRAESTRUCTURA,RIESGO_CLIMATICO,SENIALIZACION_DEFICIENTE,EDAD_PROMEDIO,EDAD_STD,TOTAL_ALCOHOL,TOTAL_LICENCIA,TOTAL_PERSONAS,PCT_ALCOHOL,PCT_LICENCIA,ES_NOCHE
A-2021-09-84,2021-09-14,19:30,CHOQUE,1,0,2,LA LIBERTAD,TRUJILLO,FLORENCIA DE MORA,URBANA,CALLE,URBANO,NO CORRESPONDE,-8.08727,-79.026687,DESPEJADO,COMERCIAL,INTERSECCIÓN,PLANA ,ASFALTADA,,,,,IMPRUDENCIA DEL CONDUCTOR,NO ESTABLECER EL DERECHO DE PASO,19.0,0,2021.0,9.0,1.0,0,3,3,0,2.0,0.0,0.0,2.0,0,0,23.0,5.656854249492381,0,1,2,0.0,0.5,1
A-2021-09-121,2021-09-14,21:00,DESPISTE,1,0,0,LIMA,LIMA,LOS OLIVOS,URBANA,CARRETERA,NACIONAL,PE-1N,-11.9661888,-77.0678143,DESPEJADO,RESIDENCIAL,TRAMO RECTO,PLANA ,ASFALTADA,,,,,EN PROCESO DE INVESTIGACIÓN,NO CUENTA CON CAUSA ESPECIFICA,21.0,0,2021.0,9.0,1.0,0,3,3,0,0.0,0.0,0.0,0.0,0,0,0.0,0.0,0,0,1,0.0,0.0,1
A-2021-09-273,2021-09-15,01:50,DESPISTE,1,0,1,SAN MARTIN,HUALLAGA,SAPOSOA,RURAL,CARRETERA,PROVINCIAL,SM-843,-6.93532,-76.7711,DESPEJADO,RURAL,CURVA,INCLINADA,ASFALTADA,NO,,,SI,IMPRUDENCIA DEL CONDUCTOR,CONDUCIR EN ESTADO DE EBRIEDAD Y/O DROGADICCIÓN,1.0,0,2021.0,9.0,2.0,0,0,3,2,0.0,1.0,0.0,1.0,0,1,25.0,0.0,1,1,1,1.0,1.0,1
A-2021-09-212,2021-09-15,05:00,DESPISTE,2,71,1,LAMBAYEQUE,CHICLAYO,LAGUNAS,RURAL,CARRETERA,NACIONAL,PE-1N,-7.051415,-79.576526,DESPEJADO,RURAL,TRAMO RECTO,PLANA ,ASFALTADA,SI,REGULADORA (R),INFORMATIVA (I),SI,EN PROCESO DE INVESTIGACIÓN,NO CUENTA CON CAUSA ESPECIFICA,5.0,1,2021.0,9.0,2.0,0,0,3,0,0.0,0.0,0.0,0.0,0,0,36.16216216216216,12.416324900232667,0,1,74,0.0,0.014,1
A-2021-09-210,2021-09-15,06:00,ATROPELLO,1,0,1,LAMBAYEQUE,LAMBAYEQUE,MOTUPE,RURAL,OTRO,URBANO,NO CORRESPONDE,-6.152058,-79.721485,DESPEJADO,RURAL,TRAMO RECTO,PLANA ,TROCHA,,,,,IMPRUDENCIA DEL CONDUCTOR,NO DAR PASO PREFERENTE AL PEATÓN,6.0,0,2021.0,9.0,2.0,0,1,3,0,2.0,0.0,2.0,4.0,0,0,44.0,24.041630560342615,0,0,2,0.0,0.0,0
A-2021-09-124,2021-09-15,06:40,ATROPELLO,1,0,0,LIMA,LIMA,MIRAFLORES,URBANA,AVENIDA,URBANO,NO CORRESPONDE,-12.129439000029455,-77.02302743852582,DESPEJADO,COMERCIAL,INTERSECCIÓN,PLANA ,ASFALTADA,,,,,EN PROCESO DE INVESTIGACIÓN,NO CUENTA CON CAUSA ESPECIFICA,6.0,0,2021.0,9.0,2.0,0,1,3,0,1.0,0.0,0.0,1.0,0,0,30.0,0.0,0,0,2,0.0,0.0,0
A-2021-09-85,2021-09-15,09:00,CHOQUE,1,0,3,LA LIBERTAD,CHEPEN,CHEPEN,RURAL,CARRETERA,NACIONAL,PE-1N,-7.214056,-79.429342,DESPEJADO,INDUSTRIAL,TRAMO RECTO,PLANA ,ASFALTADA,,,,,IMPRUDENCIA DEL CONDUCTOR,GIRAR IMPRUDENTEMENTE,9.0,0,2021.0,9.0,2.0,0,1,3,0,0.0,0.0,0.0,0.0,0,0,45.666666666666664,9.712534856222309,0,2,3,0.0,0.667,0
A-2021-09-50,2021-09-15,19:40,ATROPELLO,1,0,0,PUNO,SAN ROMAN,JULIACA,URBANA,AVENIDA,URBANO,NO CORRESPONDE,-15.514318,-70.123775,DESPEJADO,RESIDENCIAL,TRAMO RECTO,PLANA ,ASFALTADA,SI,REGULADORA (R),REGULADORA (R),NO,IMPRUDENCIA DEL PEATÓN,CRUCE INDEBIDO POR LA CALZADA,19.0,0,2021.0,9.0,2.0,0,3,3,1,1.0,0.0,0.0,1.0,0,1,30.5,12.020815280171307,0,1,2,0.0,0.5,1
A-2021-09-128,2021-09-15,20:30,ATROPELLO FUGA,1,0,1,LA LIBERTAD,ASCOPE,CHICAMA,RURAL,CARRETERA,NACIONAL,PE-1N,-7.974314,-79.081129,DESPEJADO,RURAL,TRAMO RECTO,PLANA ,ASFALTADA,,,,,IMPRUDENCIA DEL CONDUCTOR,CONDUCIR EN ESTADO DE EBRIEDAD Y/O DROGADICCIÓN,20.0,0,2021.0,9.0,2.0,0,3,3,0,0.0,0.0,0.0,0.0,0,0,61.0,0.0,0,0,2,0.0,0.0,1
A-2021-09-45,2021-09-16,03:30,VOLCADURA,1,0,1,PUNO,PUNO,VILQUE,RURAL,CARRETERA,DEPARTAMENTAL,PU-122,-15.777412458103388,-70.30179249116372,DESPEJADO,RURAL,TRAMO RECTO,PLANA ,AFIRMADO,,,,,INFRAESTRUCTURA Y ENTORNO VIAL,OTRO (INFRAESTRUCTURA Y ENTORNO VIAL),3.0,0,2021.0,9.0,3.0,0,0,3,1,0.0,0.0,1.0,1.0,0,0,30.0,0.0,0,0,1,0.0,0.0,1
A-2021-09-44,2021-09-16,07:00,ATROPELLO,1,0,0,PUNO,PUNO,ACORA,RURAL,CARRETERA,NACIONAL,PE-3S,-16.000244595944547,-69.76599430623706,DESPEJADO,RURAL,TRAMO RECTO,PLANA ,ASFALTADA,NO,,,SI,IMPRUDENCIA DEL PEATÓN,CRUCE INDEBIDO POR LA CALZADA,7.0,0,2021.0,9.0,3.0,0,1,3,1,0.0,0.0,0.0,0.0,0,1,63.5,28.991378028648448,0,1,2,0.0,0.5,0
A-2021-09-65,2021-09-17,05:40,ESPECIAL,1,0,1,TACNA,TACNA,CIUDAD NUEVA,URBANA,AVENIDA,URBANO,NO CORRESPONDE,-17.976328,-70.23725,DESPEJADO,RESIDENCIAL,TRAMO RECTO,INCLINADA,ASFALTADA,,,,,IMPRUDENCIA DEL CONDUCTOR,OTRO (IMPRUDENCIA DEL CONDUCTOR),5.0,0,2021.0,9.0,4.0,0,0,3,0,1.0,1.0,0.0,2.0,0,0,51.0,11.313708498984761,0,1,2,0.0,0.5,1
A-2021-09-278,2021-09-17,14:00,CHOQUE,1,0,2,ANCASH,SANTA,CHIMBOTE,URBANA,JIRÓN,URBANO,NO CORRESPONDE,-9.083483826740991,-78.57346631162113,DESPEJADO,RESIDENCIAL,INTERSECCIÓN,PLANA ,ASFALTADA,,,,,EN PROCESO DE INVESTIGACIÓN,NO CUENTA CON CAUSA ESPECIFICA,14.0,0,2021.0,9.0,4.0,0,2,3,0,1.0,0.0,0.0,1.0,0,0,32.5,14.849242404917497,0,1,2,0.0,0.5,0
A-2021-09-231,2021-09-17,17:15,CHOQUE,1,0,2,ICA,PISCO,PISCO,RURAL,CARRETERA,NACIONAL,PE-1SE,-13.699175,-76.165262,DESPEJADO,RURAL,TRAMO RECTO,PLANA ,ASFALTADA,,,,,EN PROCESO DE INVESTIGACIÓN,NO CUENTA CON CAUSA ESPECIFICA,17.0,0,2021.0,9.0,4.0,0,2,3,0,0.0,0.0,0.0,0.0,0,0,25.0,4.242640687119285,0,1,2,0.0,0.5,0
A-2021-09-62,2021-09-17,22:45,CHOQUE,1,1,2,CUSCO,CALCA,LARES,URBANA,CARRETERA,SIN CLASIFICAR,SIN CLASIFICAR,-13.184115,-72.062108,DESPEJADO,RESIDENCIAL,TRAMO RECTO,PLANA ,ASFALTADA,,,,,IMPRUDENCIA DEL CONDUCTOR,EXCESO DE VELOCIDAD,22.0,0,2021.0,9.0,4.0,0,3,3,1,0.0,0.0,0.0,0.0,0,0,31.0,10.392304845413264,0,1,3,0.0,0.333,1
A-2021-09-71,2021-09-18,04:50,DESPISTE,1,2,1,CAJAMARCA,SAN MARCOS,GREGORIO PITA,RURAL,CARRETERA,NACIONAL,PE-3N,-7.286192,-78.213168,DESPEJADO,RURAL,TRAMO RECTO,INCLINADA,ASFALTADA,SI,PREVENTIVA (P),,SI,EN PROCESO DE INVESTIGACIÓN,NO CUENTA CON CAUSA ESPECIFICA,4.0,0,2021.0,9.0,5.0,1,0,3,1,0.0,1.0,0.0,1.0,0,0,26.666666666666668,4.04145188432738,1,0,4,0.25,0.0,1
A-2021-09-125,2021-09-18,06:45,DESPISTE,1,0,1,CUSCO,CANAS,LAYO,URBANA,CALLE,URBANO,NO CORRESPONDE,-14.49696,-71.155116,DESPEJADO,RESIDENCIAL,TRAMO RECTO,PLANA ,ASFALTADA,,,,,IMPRUDENCIA DEL CONDUCTOR,CONDUCIR EN ESTADO DE EBRIEDAD Y/O DROGADICCIÓN,6.0,0,2021.0,9.0,5.0,1,1,3,1,2.0,0.0,0.0,2.0,0,0,48.0,0.0,0,0,1,0.0,0.0,0
A-2021-09-66,2021-09-18,07:20,CAÍDA DE PASAJERO,1,1,2,ICA,CHINCHA,CHINCHA BAJA,RURAL,CARRETERA,NACIONAL,PE-1S,-13.4609451,-76.136483,DESPEJADO,RURAL,TRAMO RECTO,PLANA ,ASFALTADA,,,,,EN PROCESO DE INVESTIGACIÓN,NO CUENTA CON CAUSA ESPECIFICA,7.0,0,2021.0,9.0,5.0,1,1,3,0,0.0,0.0,0.0,0.0,0,0,41.333333333333336,15.01110699893027,0,2,3,0.0,0.667,0
A-2021-09-157,2021-09-18,11:05,CHOQUE,1,0,0,LORETO,MAYNAS,BELEN,URBANA,AVENIDA,URBANO,NO CORRESPONDE,-3.7650069535268007,-73.25943265263824,,,,,,,,,,EN PROCESO DE INVESTIGACIÓN,NO CUENTA CON CAUSA ESPECIFICA,11.0,0,2021.0,9.0,5.0,1,1,3,2,1.0,1.0,1.0,3.0,0,0,63.0,8.48528137423857,0,0,2,0.0,0.0,0
A-2021-09-195,2021-09-18,12:20,CHOQUE,1,0,2,PUNO,AZANGARO,AZANGARO,RURAL,CARRETERA,NACIONAL,PE-34B,-14.812665868258437,-70.24852685644093,DESPEJADO,RURAL,TRAMO RECTO,PLANA ,ASFALTADA,,,,,IMPRUDENCIA DEL CONDUCTOR,CONDUCIR EN SENTIDO CONTRARIO,12.0,0,2021.0,9.0,5.0,1,2,3,1,0.0,0.0,0.0,0.0,0,0,43.5,2.1213203435596424,0,2,2,0.0,1.0,0
A-2021-09-131,2021-09-18,15:00,CAÍDA DE PASAJERO,1,0,2,LA LIBERTAD,OTUZCO,USQUIL,RURAL,CARRETERA,PROVINCIAL,LI-777,-7.774257,-78.354444,DESPEJADO,RURAL,CURVA,INCLINADA,TROCHA,,,,,EN PROCESO DE INVESTIGACIÓN,NO CUENTA CON CAUSA ESPECIFICA,15.0,0,2021.0,9.0,5.0,1,2,3,0,0.0,1.0,2.0,3.0,0,0,40.666666666666664,15.885003409925142,0,2,3,0.0,0.667,0
A-2021-09-272,2021-09-18,18:30,CHOQUE,1,1,2,SAN MARTIN,SAN MARTIN,CACATACHI,RURAL,CARRETERA,NACIONAL,PE-5N,-6.46943,-76.40892,DESPEJADO,RURAL,TRAMO RECTO,PLANA ,ASFALTADA,SI,REGULADORA (R),,SI,IMPRUDENCIA DEL CONDUCTOR,INVASIÓN DE CARRIL,18.0,0,2021.0,9.0,5.0,1,3,3,2,0.0,0.0,0.0,0.0,0,0,39.0,17.435595774162696,1,1,3,0.333,0.333,1
A-2021-09-67,2021-09-18,19:20,DESPISTE,1,2,1,ANCASH,BOLOGNESI,PACLLON,RURAL,CARRETERA,PROVINCIAL,AN-1263,-10.197130278814091,-77.03216312157124,DESPEJADO,RURAL,CURVA,INCLINADA,AFIRMADO,,,,,IMPRUDENCIA DEL CONDUCTOR,EXCESO DE PASAJEROS O CARGA,19.0,0,2021.0,9.0,5.0,1,3,3,0,0.0,1.0,1.0,2.0,0,0,52.0,12.12435565298214,0,1,3,0.0,0.333,1
A-2021-09-243,2021-09-18,19:51,DESPISTE,1,2,1,LIMA,BARRANCA,SUPE,RURAL,CARRETERA,NACIONAL,PE-1N,-10.788557,-77.711797,DESPEJADO,RURAL,TRAMO RECTO,PLANA ,ASFALTADA,,,,,EN PROCESO DE INVESTIGACIÓN,NO CUENTA CON CAUSA ESPECIFICA,19.0,0,2021.0,9.0,5.0,1,3,3,0,0.0,0.0,0.0,0.0,0,0,22.0,31.11269837220809,0,0,3,0.0,0.0,1
A-2021-09-89,2021-09-18,20:35,ATROPELLO,1,0,1,AREQUIPA,AREQUIPA,LA JOYA,RURAL,CARRETERA,NACIONAL,PE-1S,-16.678236572097173,-71.8708634030674,DESPEJADO,RURAL,INTERSECCIÓN,PLANA ,ASFALTADA,SI,INFORMATIVA (I),INFORMATIVA (I),SI,EN PROCESO DE INVESTIGACIÓN,NO CUENTA CON CAUSA ESPECIFICA,20.0,0,2021.0,9.0,5.0,1,3,3,0,0.0,0.0,0.0,0.0,0,0,29.5,20.506096654409877,0,1,2,0.0,0.5,1
A-2021-09-173,2021-09-18,22:00,CHOQUE,1,1,2,LORETO,MAYNAS,SAN JUAN BAUTISTA,URBANA,AVENIDA,URBANO,NO CORRESPONDE,-3.792249472553042,-73.29888612653801,SOLEADO,COMERCIAL,TRAMO RECTO,PLANA ,ASFALTADA,,,,,EN PROCESO DE INVESTIGACIÓN,NO CUENTA CON CAUSA ESPECIFICA,22.0,0,2021.0,9.0,5.0,1,3,3,2,1.0,0.0,0.0,1.0,0,0,24.333333333333332,11.67618659209133,0,0,3,0.0,0.0,1
A-2021-09-129,2021-09-19,00:10,ATROPELLO FUGA,1,0,0,PUNO,SAN ROMAN,SAN MIGUEL,RURAL,CARRETERA,NACIONAL,PE-3S,-15.4497307,-70.1411055,DESPEJADO,RURAL,TRAMO RECTO,PLANA ,ASFALTADA,,,,,EN PROCESO DE INVESTIGACIÓN,NO CUENTA CON CAUSA ESPECIFICA,0.0,0,2021.0,9.0,6.0,1,0,3,1,0.0,0.0,0.0,0.0,0,0,0.0,0.0,0,0,2,0.0,0.0,1
A-2021-09-171,2021-09-19,01:35,DESPISTE,1,0,1,CUSCO,CUSCO,SANTIAGO,RURAL,CARRETERA,PROVINCIAL,CU-1259,-13.55119,-72.018122,DESPEJADO,RURAL,SINUOSA,INCLINADA,TROCHA,,,,,IMPRUDENCIA DEL CONDUCTOR,FATIGA Y/O CANSANCIO,1.0,0,2021.0,9.0,6.0,1,0,3,1,0.0,1.0,2.0,3.0,0,0,42.0,0.0,0,1,1,0.0,1.0,1
A-2021-09-126,2021-09-19,09:00,ATROPELLO,1,0,0,LIMA,LIMA,VILLA EL SALVADOR,URBANA,AVENIDA,URBANO,NO CORRESPONDE,-12.223894272996022,-76.91989657734099,SOLEADO,COMERCIAL,INTERSECCIÓN,PLANA ,ASFALTADA,,,,,EN PROCESO DE INVESTIGACIÓN,NO CUENTA CON CAUSA ESPECIFICA,9.0,0,2021.0,9.0,6.0,1,1,3,0,1.0,0.0,0.0,1.0,0,0,32.5,4.949747468305833,0,0,2,0.0,0.0,0
A-2021-09-83,2021-09-19,10:00,CHOQUE,1,1,2,CAJAMARCA,CAJAMARCA,CAJAMARCA,URBANA,CARRETERA,NACIONAL,PE-3N,-7.14659055,-78.50834705,SOLEADO,RESIDENCIAL,TRAMO RECTO,PLANA ,ASFALTADA,,,,,IMPRUDENCIA DEL CONDUCTOR,EXCESO DE VELOCIDAD,10.0,0,2021.0,9.0,6.0,1,1,3,1,0.0,0.0,0.0,0.0,0,0,24.0,7.810249675906654,0,2,3,0.0,0.667,0
A-2021-09-123,2021-09-19,10:30,CHOQUE,1,2,2,CUSCO,QUISPICANCHI,OCONGATE,RURAL,CARRETERA,NACIONAL,PE-30C,-13.621524,-71.397627,SOLEADO,RURAL,TRAMO RECTO,PLANA ,ASFALTADA,,,,,IMPRUDENCIA DEL CONDUCTOR,OTRO (IMPRUDENCIA DEL CONDUCTOR),10.0,0,2021.0,9.0,6.0,1,1,3,1,0.0,0.0,0.0,0.0,0,0,22.75,12.120918557051139,0,2,4,0.0,0.5,0
A-2021-09-64,2021-09-19,19:40,CHOQUE,2,2,3,TUMBES,TUMBES,TUMBES,RURAL,CARRETERA,NACIONAL,PE-1N,-3.5515163619640027,-80.41422487721141,DESPEJADO,RURAL,TRAMO RECTO,PLANA ,ASFALTADA,,,,,IMPRUDENCIA DEL CONDUCTOR,CONDUCIR EN ESTADO DE EBRIEDAD Y/O DROGADICCIÓN,19.0,1,2021.0,9.0,6.0,1,3,3,0,0.0,0.0,0.0,0.0,0,0,30.0,17.568911937472585,1,1,4,0.25,0.25,1
A-2021-09-174,2021-09-19,23:30,CHOQUE,1,0,2,LORETO,MAYNAS,IQUITOS,URBANA,CALLE,URBANO,NO CORRESPONDE,-3.747080107033987,-73.24988936805082,DESPEJADO,COMERCIAL,INTERSECCIÓN,PLANA ,ASFALTADA,,,,,EN PROCESO DE INVESTIGACIÓN,NO CUENTA CON CAUSA ESPECIFICA,23.0,0,2021.0,9.0,6.0,1,3,3,2,2.0,0.0,0.0,2.0,0,0,26.5,4.949747468305833,0,2,2,0.0,1.0,1
A-2021-09-80,2021-09-20,01:30,DESPISTE,1,6,1,APURIMAC,ANDAHUAYLAS,SAN JERONIMO,RURAL,CARRETERA,NACIONAL,PE-3S,-13.65386872563591,-73.31742164664246,DESPEJADO,RURAL,CURVA,PLANA ,ASFALTADA,SI,PREVENTIVA (P),PREVENTIVA (P),NO,IMPRUDENCIA DEL CONDUCTOR,CONDUCIR EN ESTADO DE EBRIEDAD Y/O DROGADICCIÓN,1.0,0,2021.0,9.0,0.0,0,0,3,1,0.0,0.0,0.0,0.0,0,1,16.714285714285715,6.019808571549035,0,0,7,0.0,0.0,1
A-2021-09-81,2021-09-20,03:50,DESPISTE,1,1,1,PIURA,PIURA,VEINTISEIS DE OCTUBRE,URBANA,AVENIDA,URBANO,NO CORRESPONDE,-5.1716666,-80.6672373,DESPEJADO,RESIDENCIAL,INTERSECCIÓN,PLANA ,ASFALTADA,SI,REGULADORA (R),,NO,EN PROCESO DE INVESTIGACIÓN,NO CUENTA CON CAUSA ESPECIFICA,3.0,0,2021.0,9.0,0.0,0,0,3,0,1.0,0.0,0.0,1.0,0,1,40.0,8.48528137423857,2,0,2,1.0,0.0,1
A-2021-09-82,2021-09-20,06:20,CHOQUE,2,19,2,PIURA,PIURA,TAMBO GRANDE,RURAL,CARRETERA,NACIONAL,PE-1NU,-5.077639,-80.430419,DESPEJADO,RURAL,TRAMO RECTO,INCLINADA,ASFALTADA,,,,,EN PROCESO DE INVESTIGACIÓN,NO CUENTA CON CAUSA ESPECIFICA,6.0,1,2021.0,9.0,0.0,0,1,3,0,0.0,1.0,0.0,1.0,0,0,35.04761904761905,11.09268313112833,1,0,21,0.048,0.0,0
A-2021-09-117,2021-09-20,14:00,ESPECIAL,1,0,0,ICA,ICA,SAN JOSE DE LOS MOLINOS,RURAL,CARRETERA,SIN CLASIFICAR,SIN CLASIFICAR,-13.946955,-75.686347,DESPEJADO,RURAL,OTRO,PLANA ,TROCHA,,,,,EN PROCESO DE INVESTIGACIÓN,NO CUENTA CON CAUSA ESPECIFICA,14.0,0,2021.0,9.0,0.0,0,2,3,0,0.0,0.0,2.0,2.0,0,0,32.0,26.870057685088806,0,1,2,0.0,0.5,0
A-2021-09-185,2021-09-20,14:00,ATROPELLO,1,0,1,PUNO,SAN ROMAN,JULIACA,URBANA,AVENIDA,URBANO,NO CORRESPONDE,-15.50232769756263,-70.12881421400706,DESPEJADO,RESIDENCIAL,INTERSECCIÓN,PLANA ,ASFALTADA,,,,,IMPRUDENCIA DEL PEATÓN,CRUCE INDEBIDO POR LA CALZADA,14.0,0,2021.0,9.0,0.0,0,2,3,1,1.0,0.0,0.0,1.0,0,0,47.5,30.405591591021544,0,1,2,0.0,0.5,0
A-2021-09-228,2021-09-20,19:00,CHOQUE,2,0,2,PUNO,MELGAR,NUÑOA,RURAL,CARRETERA,DEPARTAMENTAL,PU-100,-14.622880234502432,-70.66671020275838,DESPEJADO,RURAL,TRAMO RECTO,PLANA ,ASFALTADA,,,,,IMPRUDENCIA DEL CONDUCTOR,CONDUCIR EN SENTIDO CONTRARIO,19.0,1,2021.0,9.0,0.0,0,3,3,1,0.0,0.0,0.0,0.0,0,0,43.0,1.4142135623730951,0,0,2,0.0,0.0,1
A-2021-09-127,2021-09-20,23:30,VOLCADURA,1,0,0,LIMA,LIMA,RIMAC,URBANA,AVENIDA,URBANO,NO CORRESPONDE,-12.037242898540958,-77.0134369893703,SOLEADO,COMERCIAL,TRAMO RECTO,PLANA ,ASFALTADA,,,,,EN PROCESO DE INVESTIGACIÓN,NO CUENTA CON CAUSA ESPECIFICA,23.0,0,2021.0,9.0,0.0,0,3,3,0,1.0,0.0,0.0,1.0,0,0,26.0,0.0,0,0,1,0.0,0.0,1
A-2021-09-187,2021-09-21,02:00,DESPISTE,1,7,1,LIMA,HUARAL,AUCALLAMA,RURAL,CARRETERA,NACIONAL,PE-1N,-11.602196,-77.197035,DESPEJADO,RURAL,CURVA,INCLINADA,ASFALTADA,SI,INFORMATIVA (I),INFORMATIVA (I),SI,IMPRUDENCIA DEL CONDUCTOR,EXCESO DE VELOCIDAD,2.0,0,2021.0,9.0,1.0,0,0,3,0,0.0,1.0,0.0,1.0,0,0,42.75,12.991755627539884,0,1,8,0.0,0.125,1
A-2021-09-102,2021-09-21,08:20,CHOQUE,1,0,3,JUNIN,HUANCAYO,SAN AGUSTIN,RURAL,CARRETERA,NACIONAL,PE-3S,-12.025156,-75.237934,DESPEJADO,COMERCIAL,TRAMO RECTO,PLANA ,ASFALTADA,,,,,EN PROCESO DE INVESTIGACIÓN,NO CUENTA CON CAUSA ESPECIFICA,8.0,0,2021.0,9.0,1.0,0,1,3,1,0.0,0.0,0.0,0.0,0,0,31.0,2.6457513110645907,0,2,3,0.0,0.667,0
A-2021-09-190,2021-09-21,13:30,CHOQUE,1,0,2,CUSCO,CHUMBIVILCAS,LLUSCO,RURAL,CARRETERA,NACIONAL,PE-3SG,-14.347746,-72.111246,DESPEJADO,RURAL,CURVA,INCLINADA,ASFALTADA,,,,,IMPRUDENCIA DEL CONDUCTOR,INVASIÓN DE CARRIL,13.0,0,2021.0,9.0,1.0,0,2,3,1,0.0,1.0,0.0,1.0,0,0,27.0,16.97056274847714,0,1,2,0.0,0.5,0
A-2021-09-225,2021-09-21,17:00,DESPISTE,1,0,1,AREQUIPA,CONDESUYOS,CHICHAS,RURAL,CARRETERA,SIN CLASIFICAR,SIN CLASIFICAR,-15.600563,-73.00074,DESPEJADO,RURAL,SINUOSA,INCLINADA,TROCHA,,,,,EN PROCESO DE INVESTIGACIÓN,NO CUENTA CON CAUSA ESPECIFICA,17.0,0,2021.0,9.0,1.0,0,2,3,0,0.0,1.0,2.0,3.0,0,0,40.0,0.0,0,1,1,0.0,1.0,0
A-2021-09-134,2021-09-22,02:30,DESPISTE,1,2,1,PIURA,MORROPON,SANTO DOMINGO,RURAL,CARRETERA,SIN CLASIFICAR,SIN CLASIFICAR,-5.003616,-79.850205,DESPEJADO,RURAL,TRAMO RECTO,PLANA ,ASFALTADA,,,,,EN PROCESO DE INVESTIGACIÓN,NO CUENTA CON CAUSA ESPECIFICA,2.0,0,2021.0,9.0,2.0,0,0,3,0,0.0,0.0,0.0,0.0,0,0,22.75,9.912113800799505,1,1,4,0.25,0.25,1
A-2021-09-132,2021-09-22,04:40,DESPISTE,2,0,1,LA LIBERTAD,TRUJILLO,TRUJILLO,URBANA,AVENIDA,URBANO,NO CORRESPONDE,-8.123396,-79.022813,DESPEJADO,COMERCIAL,PUENTE,INCLINADA,ASFALTADA,,,,,IMPRUDENCIA DEL CONDUCTOR,CONDUCIR EN ESTADO DE EBRIEDAD Y/O DROGADICCIÓN,4.0,1,2021.0,9.0,2.0,0,0,3,0,1.0,1.0,0.0,2.0,0,0,36.0,1.4142135623730951,0,1,2,0.0,0.5,1
A-2021-09-88,2021-09-22,05:30,ATROPELLO FUGA,1,0,0,AREQUIPA,ISLAY,COCACHACRA,RURAL,CARRETERA,NACIONAL,PE-1S,-16.981594,-71.776746,NIEBLA,RURAL,CURVA,INCLINADA,ASFALTADA,SI,REGULADORA (R),PREVENTIVA (P),SI,EN PROCESO DE INVESTIGACIÓN,NO CUENTA CON CAUSA ESPECIFICA,5.0,0,2021.0,9.0,2.0,0,0,3,0,0.0,1.0,0.0,1.0,0,0,0.0,0.0,0,0,1,0.0,0.0,1
A-2021-09-136,2021-09-22,06:10,CHOQUE FUGA,1,0,1,LA LIBERTAD,TRUJILLO,SALAVERRY,URBANA,CARRETERA,NACIONAL,PE-1N,-8.324195,-78.897364,DESPEJADO,RURAL,TRAMO RECTO,PLANA ,ASFALTADA,,,,,EN PROCESO DE INVESTIGACIÓN,NO CUENTA CON CAUSA ESPECIFICA,6.0,0,2021.0,9.0,2.0,0,1,3,0,0.0,0.0,0.0,0.0,0,0,35.0,0.0,0,1,2,0.0,0.5,0
A-2021-09-110,2021-09-22,06:40,CHOQUE,2,3,2,AREQUIPA,CAYLLOMA,MAJES,RURAL,CARRETERA,NACIONAL,PE-1S,-16.372293,-72.171032,DESPEJADO,RURAL,TRAMO RECTO,PLANA ,ASFALTADA,SI,INFORMATIVA (I),INFORMATIVA (I),SI,EN PROCESO DE INVESTIGACIÓN,NO CUENTA CON CAUSA ESPECIFICA,6.0,1,2021.0,9.0,2.0,0,1,3,0,0.0,0.0,0.0,0.0,0,0,26.4,16.516658257650064,0,1,6,0.0,0.167,0
A-2021-09-101,2021-09-22,14:30,CHOQUE,1,0,2,PUNO,HUANCANE,HUANCANE,RURAL,CARRETERA,NACIONAL,PE-34H,-15.2162068,-69.8305542,DESPEJADO,RURAL,CURVA,PLANA ,ASFALTADA,,,,,IMPRUDENCIA DEL CONDUCTOR,CONDUCIR EN SENTIDO CONTRARIO,14.0,0,2021.0,9.0,2.0,0,2,3,1,0.0,0.0,0.0,0.0,0,0,42.5,20.506096654409877,0,0,2,0.0,0.0,0
A-2021-09-137,2021-09-22,15:00,CAÍDA DE PASAJERO,1,1,2,LA LIBERTAD,ASCOPE,PAIJAN,RURAL,CALLE,URBANO,NO CORRESPONDE,-7.74059,-79.29443,DESPEJADO,RURAL,CURVA,PLANA ,AFIRMADO,,,,,IMPRUDENCIA DEL CONDUCTOR,ADELANTAR INDEBIDAMENTE,15.0,0,2021.0,9.0,2.0,0,2,3,0,2.0,0.0,1.0,3.0,0,0,20.5,10.082988974836116,0,1,4,0.0,0.25,0