CODIGO_SINIESTRO,FECHA_SINIESTRO,HORA_SINIESTRO,CLASE_SINIESTRO,CANTIDAD_FALLECIDOS,CANTIDAD_LESIONADOS,CANTIDAD_VEHICULOS,DEPARTAMENTO,PROVINCIA,DISTRITO,ZONA,TIPO_VIA,RED_VIAL,COD_CARRETERA,LATITUD,LONGITUD,CONDICION_CLIMATICA,ZONIFICACION,CARACTERISTICAS_VIA,PERFIL_VIA,SUPERFICIE_CALZADA,EXISTE_SENIAL_VERTICAL,CLASIFICACION_SENIAL_VERTICAL_1,CLASIFICACION_SENIAL_VERTICAL_2,EXISTE_SENIAL_HORIZONTAL,CAUSA_FACTOR_PRINCIPAL,CAUSA_ESPECIFICA,HORA,severidad,ANIO,MES,DIA_SEMANA,FIN_SEMANA,FRANJA_HORARIA,TEMPORADA,MACROREGION,TIPO_VIA_SCORE,PERFIL_VIA_SCORE,SUPERFICIE_CALZADA_SCORE,RIESGO_INFRAESTRUCTURA,RIESGO_CLIMATICO,SENIALIZACION_DEFICIENTE,EDAD_PROMEDIO,EDAD_STD,TOTAL_ALCOHOL,TOTAL_LICENCIA,TOTAL_PERSONAS,PCT_ALCOHOL,PCT_LICENCIA,ES_NOCHE
A-2021-09-109,2021-09-22,18:00,ATROPELLO,1,1,1,LAMBAYEQUE,LAMBAYEQUE,MOTUPE,RURAL,CARRETERA,NACIONAL,PE-1NJ,-6.166112969135729,-79.69931417118441,SOLEADO,RURAL,TRAMO RECTO,PLANA ,ASFALTADA,,,,,IMPRUDENCIA DEL CONDUCTOR,EXCESO DE VELOCIDAD,18.0,0,2021.0,9.0,2.0,0,3,3,0,0.0,0.0,0.0,0.0,0,0,42.0,11.313708498984761,0,1,2,0.0,0.5,1
A-2021-09-274,2021-09-23,12:00,ATROPELLO,1,0,1,SAN MARTIN,LAMAS,TABALOSOS,RURAL,CARRETERA,NACIONAL,PE-5N,-6.38746,-76.62982,DESPEJADO,RURAL,TRAMO RECTO,PLANA ,ASFALTADA,NO,,,SI,IMPRUDENCIA DEL CONDUCTOR,CONDUCIR EN ESTADO DE EBRIEDAD Y/O DROGADICCIÓN,12.0,0,2021.0,9.0,3.0,0,2,3,2,0.0,0.0,0.0,0.0,0,1,34.5,0.7071067811865476,1,1,2,0.5,0.5,0
A-2021-09-133,2021-09-23,12:15,CHOQUE CON OBJETO FIJO,1,0,1,LIMA,LIMA,SAN JUAN DE MIRAFLORES,URBANA,CARRETERA,NACIONAL,PE-1S,-12.168898,-76.979617,DESPEJADO,COMERCIAL,TRAMO RECTO,PLANA ,ASFALTADA,,,,,IMPRUDENCIA DEL CONDUCTOR,EXCESO DE VELOCIDAD,12.0,0,2021.0,9.0,3.0,0,2,3,0,0.0,0.0,0.0,0.0,0,0,25.0,0.0,0,0,1,0.0,0.0,0
A-2021-09-139,2021-09-23,21:40,ATROPELLO FUGA,1,0,0,LA LIBERTAD,ASCOPE,PAIJAN,RURAL,CARRETERA,PROVINCIAL,LI-610,-7.727119,-79.320461,DESPEJADO,RURAL,TRAMO RECTO,PLANA ,ASFALTADA,,,,,EN PROCESO DE INVESTIGACIÓN,NO CUENTA CON CAUSA ESPECIFICA,21.0,0,2021.0,9.0,3.0,0,3,3,0,0.0,0.0,0.0,0.0,0,0,86.0,0.0,0,0,2,0.0,0.0,1
A-2021-09-94,2021-09-23,21:40,CHOQUE,1,5,2,ICA,CHINCHA,EL CARMEN,RURAL,CARRETERA,NACIONAL,PE-1S,-13.549631121672846,-76.13308179365009,DESPEJADO,RESIDENCIAL,INTERSECCIÓN,PLANA ,ASFALTADA,SI,REGULADORA (R),PREVENTIVA (P),SI,IMPRUDENCIA DEL CONDUCTOR,INVASIÓN DE CARRIL,21.0,0,2021.0,9.0,3.0,0,3,3,0,0.0,0.0,0.0,0.0,0,0,29.666666666666668,24.146773421446323,0,2,6,0.0,0.333,1
A-2021-09-90,2021-09-23,22:30,CHOQUE,1,4,2,TUMBES,CONTRALMIRANTE VILLAR,CANOAS DE PUNTA SAL,RURAL,CARRETERA,NACIONAL,PE-1N,-4.03217977682774,-80.96008122895779,DESPEJADO,RURAL,TRAMO RECTO,PLANA ,ASFALTADA,,,,,IMPRUDENCIA DEL CONDUCTOR,INVASIÓN DE CARRIL,22.0,0,2021.0,9.0,3.0,0,3,3,0,0.0,0.0,0.0,0.0,0,0,24.6,9.289779329994873,0,0,5,0.0,0.0,1
A-2021-09-95,2021-09-24,04:30,CHOQUE CON OBJETO FIJO,1,1,1,ICA,ICA,PARCONA,URBANA,CALLE,URBANO,NO CORRESPONDE,-14.044012892455326,-75.69898373115758,DESPEJADO,RESIDENCIAL,TRAMO RECTO,PLANA ,ASFALTADA,,,,,EN PROCESO DE INVESTIGACIÓN,NO CUENTA CON CAUSA ESPECIFICA,4.0,0,2021.0,9.0,4.0,0,0,3,0,2.0,0.0,0.0,2.0,0,0,46.0,19.79898987322333,0,1,2,0.0,0.5,1
A-2021-09-96,2021-09-24,06:00,DESPISTE,1,0,1,AYACUCHO,LUCANAS,LEONCIO PRADO,RURAL,CARRETERA,NACIONAL,PE-30A,-14.693459,-74.515248,DESPEJADO,RURAL,SINUOSA,INCLINADA,ASFALTADA,,,,,EN PROCESO DE INVESTIGACIÓN,NO CUENTA CON CAUSA ESPECIFICA,6.0,0,2021.0,9.0,4.0,0,1,3,1,0.0,1.0,0.0,1.0,0,0,29.0,0.0,0,1,1,0.0,1.0,0
A-2021-09-112,2021-09-24,11:20,DESPISTE,1,1,1,AREQUIPA,CAYLLOMA,CALLALLI,RURAL,CARRETERA,NACIONAL,PE-34J,-15.587193,-71.050195,DESPEJADO,RURAL,TRAMO RECTO,PLANA ,ASFALTADA,SI,PREVENTIVA (P),PREVENTIVA (P),SI,EN PROCESO DE INVESTIGACIÓN,NO CUENTA CON CAUSA ESPECIFICA,11.0,0,2021.0,9.0,4.0,0,1,3,0,0.0,0.0,0.0,0.0,0,0,69.5,16.263455967290593,0,1,2,0.0,0.5,0
A-2021-09-135,2021-09-24,12:20,CHOQUE,1,0,0,LIMA,LIMA,VILLA EL SALVADOR,URBANA,AVENIDA,URBANO,NO CORRESPONDE,-12.227974,-76.938119,SOLEADO,RESIDENCIAL,TRAMO RECTO,PLANA ,ASFALTADA,,,,,EN PROCESO DE INVESTIGACIÓN,NO CUENTA CON CAUSA ESPECIFICA,12.0,0,2021.0,9.0,4.0,0,2,3,0,1.0,0.0,0.0,1.0,0,0,36.0,19.79898987322333,0,0,2,0.0,0.0,0
A-2021-09-186,2021-09-24,17:40,ATROPELLO,1,0,0,PUNO,MELGAR,NUÑOA,URBANA,JIRÓN,URBANO,NO CORRESPONDE,-14.477117992542915,-70.63612282597065,DESPEJADO,RESIDENCIAL,INTERSECCIÓN,PLANA ,ASFALTADA,,,,,IMPRUDENCIA DEL PEATÓN,OTRO (IMPRUDENCIA DEL PEATÓN),17.0,0,2021.0,9.0,4.0,0,2,3,1,1.0,0.0,0.0,1.0,0,0,22.0,29.698484809834994,0,1,2,0.0,0.5,0
A-2021-09-257,2021-09-24,18:00,CHOQUE,1,0,2,PIURA,AYABACA,SUYO,RURAL,CARRETERA,NACIONAL,PE-1NL,-4.5517,-80.0963,DESPEJADO,RURAL,TRAMO RECTO,PLANA ,ASFALTADA,,,,,EN PROCESO DE INVESTIGACIÓN,NO CUENTA CON CAUSA ESPECIFICA,18.0,0,2021.0,9.0,4.0,0,3,3,0,0.0,0.0,0.0,0.0,0,0,44.5,28.991378028648448,0,1,2,0.0,0.5,1
A-2021-09-120,2021-09-24,18:25,CHOQUE,1,0,2,SAN MARTIN,MOYOBAMBA,CALZADA,RURAL,CARRETERA,NACIONAL,PE-5N,-6.03501466,-77.11573144,DESPEJADO,RURAL,TRAMO RECTO,PLANA ,ASFALTADA,,,,,EN PROCESO DE INVESTIGACIÓN,NO CUENTA CON CAUSA ESPECIFICA,18.0,0,2021.0,9.0,4.0,0,3,3,2,0.0,0.0,0.0,0.0,0,0,48.5,14.849242404917497,0,1,2,0.0,0.5,1
A-2021-09-98,2021-09-24,21:30,CHOQUE,1,3,2,ICA,ICA,SANTIAGO,RURAL,CARRETERA,NACIONAL,PE-1S,-14.144087162902592,-75.7160197317997,DESPEJADO,RURAL,TRAMO RECTO,PLANA ,ASFALTADA,SI,PREVENTIVA (P),,NO,IMPRUDENCIA DEL CONDUCTOR,OTRO (IMPRUDENCIA DEL CONDUCTOR),21.0,0,2021.0,9.0,4.0,0,3,3,0,0.0,0.0,0.0,0.0,0,1,38.5,5.916079783099615,0,1,4,0.0,0.25,1
A-2021-09-215,2021-09-25,00:10,CHOQUE,1,0,2,LAMBAYEQUE,CHICLAYO,PICSI,RURAL,CARRETERA,DEPARTAMENTAL,LA-111,-6.7052155,-79.7744233,DESPEJADO,RURAL,TRAMO RECTO,PLANA ,ASFALTADA,,,,,EN PROCESO DE INVESTIGACIÓN,NO CUENTA CON CAUSA ESPECIFICA,0.0,0,2021.0,9.0,5.0,1,0,3,0,0.0,0.0,0.0,0.0,0,0,50.5,7.7781745930520225,0,1,2,0.0,0.5,1
A-2021-09-267,2021-09-25,03:00,DESPISTE,1,0,1,CAJAMARCA,JAEN,COLASAY,RURAL,CARRETERA,PROVINCIAL,CA-672,-5.973568925257869,-79.06261677102088,DESPEJADO,RURAL,TRAMO RECTO,INCLINADA,TROCHA,,,,,EN PROCESO DE INVESTIGACIÓN,NO CUENTA CON CAUSA ESPECIFICA,3.0,0,2021.0,9.0,5.0,1,0,3,1,0.0,1.0,2.0,3.0,0,0,47.0,0.0,0,0,1,0.0,0.0,1
A-2021-09-229,2021-09-25,05:45,CHOQUE,1,0,2,LAMBAYEQUE,LAMBAYEQUE,MORROPE,RURAL,CARRETERA,NACIONAL,PE-1N,-6.525331,-80.0401517,DESPEJADO,RURAL,TRAMO RECTO,INCLINADA,TROCHA,,,,,EN PROCESO DE INVESTIGACIÓN,NO CUENTA CON CAUSA ESPECIFICA,5.0,0,2021.0,9.0,5.0,1,0,3,0,0.0,1.0,2.0,3.0,0,0,50.0,7.0710678118654755,0,2,2,0.0,1.0,1
A-2021-09-154,2021-09-25,06:00,DESPISTE,1,0,0,LIMA,LIMA,LIMA,URBANA,AVENIDA,URBANO,NO CORRESPONDE,-12.050135,-77.077167,SOLEADO,RESIDENCIAL,TRAMO RECTO,PLANA ,ASFALTADA,,,,,EN PROCESO DE INVESTIGACIÓN,NO CUENTA CON CAUSA ESPECIFICA,6.0,0,2021.0,9.0,5.0,1,1,3,0,1.0,0.0,0.0,1.0,0,0,0.0,0.0,0,0,1,0.0,0.0,0
A-2021-09-97,2021-09-25,09:30,DESPISTE,1,0,1,CAJAMARCA,SAN MARCOS,PEDRO GALVEZ,RURAL,CARRETERA,SIN CLASIFICAR,SIN CLASIFICAR,-7.281821437921813,-78.08243567466137,DESPEJADO,RURAL,TRAMO RECTO,PLANA ,AFIRMADO,,,,,IMPRUDENCIA DEL CONDUCTOR,OTRO (IMPRUDENCIA DEL CONDUCTOR),9.0,0,2021.0,9.0,5.0,1,1,3,1,0.0,0.0,1.0,1.0,0,0,16.0,0.0,0,0,1,0.0,0.0,0
A-2021-09-140,2021-09-25,10:00,CHOQUE,1,0,2,LA LIBERTAD,VIRU,CHAO,RURAL,CARRETERA,NACIONAL,PE-1N,-8.53713,-78.679147,DESPEJADO,RURAL,TRAMO RECTO,PLANA ,ASFALTADA,,,,,IMPRUDENCIA DEL CONDUCTOR,NO ESTABLECER EL DERECHO DE PASO,10.0,0,2021.0,9.0,5.0,1,1,3,0,0.0,0.0,0.0,0.0,0,0,27.5,3.5355339059327378,0,1,2,0.0,0.5,0
A-2021-09-211,2021-09-25,11:40,CHOQUE,1,0,2,LAMBAYEQUE,LAMBAYEQUE,MOCHUMI,RURAL,CARRETERA,NACIONAL,PE-1NJ,-6.532391,-79.865197,SOLEADO,RURAL,TRAMO RECTO,PLANA ,ASFALTADA,,,,,EN PROCESO DE INVESTIGACIÓN,NO CUENTA CON CAUSA ESPECIFICA,11.0,0,2021.0,9.0,5.0,1,1,3,0,0.0,0.0,0.0,0.0,0,0,68.0,5.656854249492381,0,0,2,0.0,0.0,0
A-2021-09-111,2021-09-25,15:26,VOLCADURA,1,0,2,AREQUIPA,AREQUIPA,UCHUMAYO,RURAL,CARRETERA,DEPARTAMENTAL,AR-115,-16.4874134,-71.6235753,SOLEADO,RURAL,CURVA,INCLINADA,ASFALTADA,NO,,,SI,EN PROCESO DE INVESTIGACIÓN,NO CUENTA CON CAUSA ESPECIFICA,15.0,0,2021.0,9.0,5.0,1,2,3,0,0.0,1.0,0.0,1.0,0,1,34.0,2.8284271247461903,0,2,2,0.0,1.0,0
A-2021-09-246,2021-09-25,19:30,CHOQUE,1,0,2,JUNIN,JAUJA,JAUJA,RURAL,CARRETERA,NACIONAL,PE-3SA,-11.778941,-75.483473,DESPEJADO,RURAL,INTERSECCIÓN,PLANA ,ASFALTADA,,,,,IMPRUDENCIA DEL CONDUCTOR,CONDUCIR EN ESTADO DE EBRIEDAD Y/O DROGADICCIÓN,19.0,0,2021.0,9.0,5.0,1,3,3,1,0.0,0.0,0.0,0.0,0,0,55.0,18.384776310850235,1,1,2,0.5,0.5,1
A-2021-09-258,2021-09-25,20:30,DESPISTE,1,0,1,PIURA,PAITA,PAITA,URBANA,CARRETERA,DEPARTAMENTAL,PI-103,-5.101015131741215,-81.10908325865849,DESPEJADO,RURAL,TRAMO RECTO,PLANA ,ASFALTADA,SI,PREVENTIVA (P),REGULADORA (R),NO,EN PROCESO DE INVESTIGACIÓN,NO CUENTA CON CAUSA ESPECIFICA,20.0,0,2021.0,9.0,5.0,1,3,3,0,0.0,0.0,0.0,0.0,0,1,55.0,0.0,0,1,1,0.0,1.0,1
A-2021-09-182,2021-09-25,23:00,ATROPELLO,1,3,1,PIURA,SECHURA,SECHURA,URBANA,CARRETERA,PROVINCIAL,PI-1058,-5.563217,-80.811242,DESPEJADO,RESIDENCIAL,TRAMO RECTO,PLANA ,ASFALTADA,NO,,,SI,EN PROCESO DE INVESTIGACIÓN,NO CUENTA CON CAUSA ESPECIFICA,23.0,0,2021.0,9.0,5.0,1,3,3,0,0.0,0.0,0.0,0.0,0,1,18.6,15.883954167649817,0,0,5,0.0,0.0,1
A-2021-09-99,2021-09-26,00:50,VOLCADURA,1,3,1,ICA,NASCA,MARCONA,RURAL,CARRETERA,SIN CLASIFICAR,SIN CLASIFICAR,-15.3975951,-75.142132,NUBLADO,RURAL,OTRO,PLANA ,TROCHA,,,,,IMPRUDENCIA DEL CONDUCTOR,CONDUCIR EN ESTADO DE EBRIEDAD Y/O DROGADICCIÓN,0.0,0,2021.0,9.0,6.0,1,0,3,0,0.0,0.0,2.0,2.0,0,0,39.0,9.66091783079296,1,1,4,0.25,0.25,1
A-2021-09-142,2021-09-26,15:40,ATROPELLO,1,0,1,LA LIBERTAD,TRUJILLO,TRUJILLO,URBANA,AVENIDA,URBANO,NO CORRESPONDE,-8.092923,-79.017566,DESPEJADO,COMERCIAL,TRAMO RECTO,PLANA ,ASFALTADA,,,,,EN PROCESO DE INVESTIGACIÓN,NO CUENTA CON CAUSA ESPECIFICA,15.0,0,2021.0,9.0,6.0,1,2,3,0,1.0,0.0,0.0,1.0,0,0,11.5,13.435028842544403,0,1,2,0.0,0.5,0
A-2021-09-169,2021-09-26,16:30,DESPISTE,1,6,1,CUSCO,CHUMBIVILCAS,VELILLE,RURAL,CARRETERA,NACIONAL,PE-3SW,-14.618753,-71.740671,DESPEJADO,RURAL,SINUOSA,INCLINADA,ASFALTADA,,,,,IMPRUDENCIA DEL CONDUCTOR,EXCESO DE VELOCIDAD,16.0,0,2021.0,9.0,6.0,1,2,3,1,0.0,1.0,0.0,1.0,0,0,32.57142857142857,16.998599382077952,0,1,7,0.0,0.143,0
A-2021-09-141,2021-09-26,19:30,DESPISTE,1,11,1,SAN MARTIN,MOYOBAMBA,MOYOBAMBA,RURAL,CARRETERA,DEPARTAMENTAL,SM-100,-6.049048,-76.956868,DESPEJADO,RURAL,CURVA,INCLINADA,CASCAJO/RIPIO,,,,,EN PROCESO DE INVESTIGACIÓN,NO CUENTA CON CAUSA ESPECIFICA,19.0,0,2021.0,9.0,6.0,1,3,3,2,0.0,1.0,1.0,2.0,0,0,28.923076923076923,17.365970260164648,0,1,13,0.0,0.077,1
A-2021-09-105,2021-09-26,21:00,ATROPELLO FUGA,1,0,0,AREQUIPA,AREQUIPA,SACHACA,URBANA,AVENIDA,URBANO,NO CORRESPONDE,-16.4173344,-71.5834855,DESPEJADO,RESIDENCIAL,TRAMO RECTO,PLANA ,ASFALTADA,,,,,EN PROCESO DE INVESTIGACIÓN,NO CUENTA CON CAUSA ESPECIFICA,21.0,0,2021.0,9.0,6.0,1,3,3,0,1.0,0.0,0.0,1.0,0,0,34.0,0.0,0,0,1,0.0,0.0,1
A-2021-09-115,2021-09-27,03:00,VOLCADURA,1,0,1,TUMBES,ZARUMILLA,MATAPALO,RURAL,CARRETERA,PROVINCIAL,TU-524,-3.691311302438237,-80.26531396462646,DESPEJADO,RURAL,TRAMO RECTO,INCLINADA,TROCHA,,,,,IMPRUDENCIA DEL CONDUCTOR,CONDUCIR EN ESTADO DE EBRIEDAD Y/O DROGADICCIÓN,3.0,0,2021.0,9.0,0.0,0,0,3,0,0.0,1.0,2.0,3.0,0,0,16.0,0.0,0,0,1,0.0,0.0,1
A-2021-09-248,2021-09-27,03:20,DESPISTE,1,0,1,JUNIN,HUANCAYO,HUANCAYO,URBANA,AVENIDA,URBANO,NO CORRESPONDE,-12.06235,-75.20229,DESPEJADO,COMERCIAL,INTERSECCIÓN,PLANA ,ASFALTADA,,,,,IMPRUDENCIA DEL CONDUCTOR,CONDUCIR EN ESTADO DE EBRIEDAD Y/O DROGADICCIÓN,3.0,0,2021.0,9.0,0.0,0,0,3,1,1.0,0.0,0.0,1.0,0,0,27.0,0.0,0,1,1,0.0,1.0,1
A-2021-09-181,2021-09-27,04:30,DESPISTE,1,1,1,CUSCO,CANCHIS,CHECACUPE,RURAL,CARRETERA,NACIONAL,PE-3S,-13.9934193,-71.4626391,DESPEJADO,RURAL,TRAMO RECTO,PLANA ,ASFALTADA,,,,,IMPRUDENCIA DEL CONDUCTOR,EXCESO DE VELOCIDAD,4.0,0,2021.0,9.0,0.0,0,0,3,1,0.0,0.0,0.0,0.0,0,0,35.0,9.899494936611665,0,0,2,0.0,0.0,1
A-2021-09-247,2021-09-27,05:11,DESPISTE,4,2,0,JUNIN,JAUJA,LLOCLLAPAMPA,RURAL,CARRETERA,NACIONAL,PE-3S,-11.783232,-75.575759,DESPEJADO,RURAL,CURVA,PLANA ,ASFALTADA,,,,,IMPRUDENCIA DEL CONDUCTOR,EXCESO DE VELOCIDAD,5.0,2,2021.0,9.0,0.0,0,0,3,1,0.0,0.0,0.0,0.0,0,0,24.666666666666668,10.385887861259945,0,0,6,0.0,0.0,1
A-2021-09-108,2021-09-27,06:35,CHOQUE,3,3,2,AREQUIPA,AREQUIPA,LA JOYA,RURAL,CARRETERA,NACIONAL,PE-1S,-16.510706,-71.8120445,DESPEJADO,RURAL,TRAMO RECTO,PLANA ,ASFALTADA,SI,REGULADORA (R),REGULADORA (R),NO,IMPRUDENCIA DEL CONDUCTOR,INVASIÓN DE CARRIL,6.0,2,2021.0,9.0,0.0,0,1,3,0,0.0,0.0,0.0,0.0,0,1,26.5,4.949747468305833,0,2,7,0.0,0.286,0
A-2021-09-161,2021-09-27,11:00,DESPISTE,1,1,1,ANCASH,POMABAMBA,PAROBAMBA,RURAL,CARRETERA,PROVINCIAL,AN-585,-8.69607135915343,-77.43129672288616,DESPEJADO,RURAL,CURVA,INCLINADA,AFIRMADO,,,,,NEGLIGENCIA DEL CONDUCTOR,OTRO (NEGLIGENCIA DEL CONDUCTOR),11.0,0,2021.0,9.0,0.0,0,1,3,0,0.0,1.0,1.0,2.0,0,0,48.0,1.4142135623730951,0,1,2,0.0,0.5,0
A-2021-09-216,2021-09-27,15:00,CHOQUE FUGA,1,3,1,LAMBAYEQUE,LAMBAYEQUE,OLMOS,RURAL,CARRETERA,NACIONAL,PE-1NJ,-5.9627901,-79.7535165,DESPEJADO,RURAL,TRAMO RECTO,PLANA ,ASFALTADA,,,,,EN PROCESO DE INVESTIGACIÓN,NO CUENTA CON CAUSA ESPECIFICA,15.0,0,2021.0,9.0,0.0,0,2,3,0,0.0,0.0,0.0,0.0,0,0,28.75,9.535023160258536,0,0,5,0.0,0.0,0
A-2021-09-156,2021-09-27,18:00,ATROPELLO,1,0,0,LIMA,LIMA,LURIN,URBANA,AVENIDA,URBANO,NO CORRESPONDE,-12.277608,-76.869489,NUBLADO,COMERCIAL,TRAMO RECTO,PLANA ,ASFALTADA,,,,,EN PROCESO DE INVESTIGACIÓN,NO CUENTA CON CAUSA ESPECIFICA,18.0,0,2021.0,9.0,0.0,0,3,3,0,1.0,0.0,0.0,1.0,0,0,16.0,22.627416997969522,0,0,2,0.0,0.0,1
A-2021-09-155,2021-09-27,20:30,ATROPELLO,1,0,0,LIMA,LIMA,BREÑA,URBANA,AVENIDA,URBANO,NO CORRESPONDE,-12.068307746191367,-77.048367843082,DESPEJADO,COMERCIAL,TRAMO RECTO,PLANA ,ASFALTADA,,,,,EN PROCESO DE INVESTIGACIÓN,NO CUENTA CON CAUSA ESPECIFICA,20.0,0,2021.0,9.0,0.0,0,3,3,0,1.0,0.0,0.0,1.0,0,0,64.0,5.656854249492381,0,0,2,0.0,0.0,1
A-2021-09-236,2021-09-28,09:20,DESPISTE,3,3,1,AYACUCHO,LA MAR,CHUNGUI,RURAL,CARRETERA,DEPARTAMENTAL,AY-102,-13.221061,-73.629836,LLUVIOSO,RURAL,CURVA,INCLINADA,TROCHA,,,,,EN PROCESO DE INVESTIGACIÓN,NO CUENTA CON CAUSA ESPECIFICA,9.0,2,2021.0,9.0,1.0,0,1,3,1,0.0,1.0,2.0,3.0,1,0,34.166666666666664,24.604200183437516,0,1,6,0.0,0.167,0
A-2021-09-177,2021-09-28,10:46,ATROPELLO,1,0,0,LORETO,MAYNAS,IQUITOS,URBANA,CALLE,URBANO,NO CORRESPONDE,-3.755339670284915,-73.27128319823574,SOLEADO,COMERCIAL,INTERSECCIÓN,PLANA ,ASFALTADA,,,,,EN PROCESO DE INVESTIGACIÓN,NO CUENTA CON CAUSA ESPECIFICA,10.0,0,2021.0,9.0,1.0,0,1,3,2,2.0,0.0,0.0,2.0,0,0,41.0,1.4142135623730951,0,1,2,0.0,0.5,0
A-2021-09-205,2021-09-29,02:30,CHOQUE,1,2,0,PIURA,PIURA,VEINTISEIS DE OCTUBRE,URBANA,CARRETERA,NACIONAL,PE-02,-5.178513,-80.666801,,,,,,,,,,EN PROCESO DE INVESTIGACIÓN,NO CUENTA CON CAUSA ESPECIFICA,2.0,0,2021.0,9.0,2.0,0,0,3,0,0.0,1.0,1.0,2.0,0,0,35.75,13.098982148752373,0,0,4,0.0,0.0,1
A-2021-09-233,2021-09-29,05:30,CHOQUE,1,0,3,PUNO,MOHO,MOHO,RURAL,CARRETERA,NACIONAL,PE-34I,-15.3149803,-69.5636829,DESPEJADO,RURAL,TRAMO RECTO,PLANA ,ASFALTADA,,,,,IMPRUDENCIA DEL CONDUCTOR,EXCESO DE VELOCIDAD,5.0,0,2021.0,9.0,2.0,0,0,3,1,0.0,0.0,0.0,0.0,0,0,28.0,0.0,0,0,3,0.0,0.0,1
A-2021-09-222,2021-09-29,09:30,ATROPELLO,1,0,0,LIMA,LIMA,SAN JUAN DE LURIGANCHO,URBANA,AVENIDA,URBANO,NO CORRESPONDE,-11.936900367759373,-76.97113212187342,SOLEADO,RESIDENCIAL,INTERSECCIÓN,PLANA ,ASFALTADA,,,,,IMPRUDENCIA DEL CONDUCTOR,OTRO (IMPRUDENCIA DEL CONDUCTOR),9.0,0,2021.0,9.0,2.0,0,1,3,0,1.0,0.0,0.0,1.0,0,0,69.0,0.0,0,0,2,0.0,0.0,0
A-2021-09-217,2021-09-29,10:30,DESPISTE,1,0,1,JUNIN,JAUJA,PARCO,RURAL,CALLE,URBANO,NO CORRESPONDE,-11.820974,-75.507486,DESPEJADO,RURAL,PASE A DESNIVEL,INCLINADA,TROCHA,,,,,IMPRUDENCIA DEL CONDUCTOR,OTRO (IMPRUDENCIA DEL CONDUCTOR),10.0,0,2021.0,9.0,2.0,0,1,3,1,2.0,1.0,2.0,5.0,0,0,38.0,18.384776310850235,0,1,2,0.0,0.5,0
A-2021-09-224,2021-09-29,12:00,ATROPELLO,1,0,0,LIMA,LIMA,LIMA,URBANA,AVENIDA,URBANO,NO CORRESPONDE,-12.062737737424804,-77.04355287372726,SOLEADO,COMERCIAL,TRAMO RECTO,PLANA ,ASFALTADA,,,,,EN PROCESO DE INVESTIGACIÓN,NO CUENTA CON CAUSA ESPECIFICA,12.0,0,2021.0,9.0,2.0,0,2,3,0,1.0,0.0,0.0,1.0,0,0,49.5,12.020815280171307,0,0,2,0.0,0.0,0
A-2021-09-265,2021-09-29,15:06,CHOQUE,1,0,2,CAJAMARCA,JAEN,JAEN,URBANA,OTRO,URBANO,NO CORRESPONDE,-5.703239,-78.807528,DESPEJADO,RESIDENCIAL,INTERSECCIÓN,PLANA ,CONCRETO,,,,,EN PROCESO DE INVESTIGACIÓN,NO CUENTA CON CAUSA ESPECIFICA,15.0,0,2021.0,9.0,2.0,0,2,3,1,2.0,0.0,0.0,2.0,0,0,16.5,0.7071067811865476,0,0,2,0.0,0.0,0
A-2021-09-223,2021-09-29,20:00,CHOQUE,1,0,0,LIMA,LIMA,LURIN,URBANA,AVENIDA,URBANO,NO CORRESPONDE,-12.275765644225062,-76.87090862740266,SOLEADO,COMERCIAL,TRAMO RECTO,PLANA ,ASFALTADA,,,,,EN PROCESO DE INVESTIGACIÓN,NO CUENTA CON CAUSA ESPECIFICA,20.0,0,2021.0,9.0,2.0,0,3,3,0,1.0,0.0,0.0,1.0,0,0,40.5,9.192388155425117,0,0,2,0.0,0.0,1
A-2021-09-226,2021-09-30,00:48,CHOQUE CON OBJETO FIJO,1,1,1,LIMA,LIMA,COMAS,URBANA,AVENIDA,URBANO,NO CORRESPONDE,-11.951160927516437,-77.05056302644783,DESPEJADO,ESCOLAR,TRAMO RECTO,PLANA ,ASFALTADA,,,,,EN PROCESO DE INVESTIGACIÓN,NO CUENTA CON CAUSA ESPECIFICA,0.0,0,2021.0,9.0,3.0,0,0,3,0,1.0,0.0,0.0,1.0,0,0,34.0,0.0,0,0,2,0.0,0.0,1
A-2021-09-237,2021-09-30,05:00,DESPISTE,1,3,1,AYACUCHO,LA MAR,CHUNGUI,RURAL,CARRETERA,DEPARTAMENTAL,AY-102,-13.216081,-73.634727,DESPEJADO,RURAL,CURVA,INCLINADA,ASFALTADA,,,,,IMPRUDENCIA DEL CONDUCTOR,EXCESO DE VELOCIDAD,5.0,0,2021.0,9.0,3.0,0,0,3,1,0.0,1.0,0.0,1.0,0,0,33.75,16.740669042783207,0,1,4,0.0,0.25,1
A-2021-09-275,2021-09-30,06:00,VOLCADURA,1,0,1,SAN MARTIN,PICOTA,SAN HILARION,RURAL,CARRETERA,NACIONAL,PE-5N,-6.99929,-76.44187,DESPEJADO,RURAL,TRAMO RECTO,PLANA ,ASFALTADA,NO,,,SI,IMPRUDENCIA DEL CONDUCTOR,CONDUCIR EN ESTADO DE EBRIEDAD Y/O DROGADICCIÓN,6.0,0,2021.0,9.0,3.0,0,1,3,2,0.0,0.0,0.0,0.0,0,1,18.0,0.0,1,0,1,1.0,0.0,0