CODIGO_SINIESTRO,FECHA_SINIESTRO,HORA_SINIESTRO,CLASE_SINIESTRO,CANTIDAD_FALLECIDOS,CANTIDAD_LESIONADOS,CANTIDAD_VEHICULOS,DEPARTAMENTO,PROVINCIA,DISTRITO,ZONA,TIPO_VIA,RED_VIAL,COD_CARRETERA,LATITUD,LONGITUD,CONDICION_CLIMATICA,ZONIFICACION,CARACTERISTICAS_VIA,PERFIL_VIA,SUPERFICIE_CALZADA,EXISTE_SENIAL_VERTICAL,CLASIFICACION_SENIAL_VERTICAL_1,CLASIFICACION_SENIAL_VERTICAL_2,EXISTE_SENIAL_HORIZONTAL,CAUSA_FACTOR_PRINCIPAL,CAUSA_ESPECIFICA,HORA,severidad,ANIO,MES,DIA_SEMANA,FIN_SEMANA,FRANJA_HORARIA,TEMPORADA,MACROREGION,TIPO_VIA_SCORE,PERFIL_VIA_SCORE,SUPERFICIE_CALZADA_SCORE,RIESGO_INFRAESTRUCTURA,RIESGO_CLIMATICO,SENIALIZACION_DEFICIENTE,EDAD_PROMEDIO,EDAD_STD,TOTAL_ALCOHOL,TOTAL_LICENCIA,TOTAL_PERSONAS,PCT_ALCOHOL,PCT_LICENCIA,ES_NOCHE
A-2021-10-50,2021-10-07,19:20,VOLCADURA,1,0,1,LIMA,LIMA,VILLA EL SALVADOR,URBANA,AVENIDA,URBANO,NO CORRESPONDE,-12.210074,-76.938764,DESPEJADO,COMERCIAL,INTERSECCIÓN,PLANA ,ASFALTADA,,,,,EN PROCESO DE INVESTIGACIÓN,NO CUENTA CON CAUSA ESPECIFICA,19.0,0,2021.0,10.0,3.0,0,3,3,0,1.0,0.0,0.0,1.0,0,0,34.0,0.0,0,0,1,0.0,0.0,1
A-2021-10-51,2021-10-07,19:30,CHOQUE CON OBJETO FIJO,1,0,1,LIMA,LIMA,SANTIAGO DE SURCO,URBANA,CARRETERA,NACIONAL,PE-1S,-12.096454474769404,-76.97998552236754,DESPEJADO,RESIDENCIAL,TRAMO RECTO,PLANA ,ASFALTADA,,,,,EN PROCESO DE INVESTIGACIÓN,NO CUENTA CON CAUSA ESPECIFICA,19.0,0,2021.0,10.0,3.0,0,3,3,0,0.0,0.0,0.0,0.0,0,0,46.0,0.0,0,0,1,0.0,0.0,1
A-2021-10-243,2021-10-07,20:30,CHOQUE,1,0,2,LAMBAYEQUE,CHICLAYO,POMALCA,RURAL,CARRETERA,NACIONAL,PE-06A,-6.753705,-79.726366,DESPEJADO,RURAL,TRAMO RECTO,PLANA ,ASFALTADA,,,,,EN PROCESO DE INVESTIGACIÓN,NO CUENTA CON CAUSA ESPECIFICA,20.0,0,2021.0,10.0,3.0,0,3,3,0,0.0,0.0,0.0,0.0,0,0,40.0,14.142135623730951,0,2,2,0.0,1.0,1
A-2021-10-271,2021-10-08,02:00,DESPISTE,1,0,0,JUNIN,CHANCHAMAYO,PERENE,RURAL,CARRETERA,NACIONAL,PE-5S,-10.948163637161352,-75.22282116619475,,,,,,,,,,EN PROCESO DE INVESTIGACIÓN,NO CUENTA CON CAUSA ESPECIFICA,2.0,0,2021.0,10.0,4.0,0,0,3,1,0.0,1.0,1.0,2.0,0,0,0.0,0.0,0,0,1,0.0,0.0,1
A-2021-10-25,2021-10-08,06:15,CHOQUE,1,0,2,AREQUIPA,CAYLLOMA,MAJES,URBANA,OTRO,URBANO,NO CORRESPONDE,-16.352556,-72.208859,SOLEADO,RESIDENCIAL,TRAMO RECTO,PLANA ,AFIRMADO,,,,,EN PROCESO DE INVESTIGACIÓN,NO CUENTA CON CAUSA ESPECIFICA,6.0,0,2021.0,10.0,4.0,0,1,3,0,2.0,0.0,1.0,3.0,0,0,23.0,0.0,0,0,2,0.0,0.0,0
A-2021-10-85,2021-10-08,08:30,DESPISTE,2,0,1,ANCASH,CORONGO,LA PAMPA,RURAL,CARRETERA,NACIONAL,PE-3NA,-8.678306725546722,-77.91874039512558,DESPEJADO,RURAL,TRAMO RECTO,INCLINADA,ASFALTADA,,,,,IMPRUDENCIA DEL CONDUCTOR,FATIGA Y/O CANSANCIO,8.0,1,2021.0,10.0,4.0,0,1,3,0,0.0,1.0,0.0,1.0,0,0,47.0,0.0,0,1,2,0.0,0.5,0
A-2021-10-32,2021-10-08,09:30,CHOQUE CON OBJETO FIJO,1,3,0,CAJAMARCA,CAJAMARCA,LLACANORA,RURAL,CARRETERA,NACIONAL,PE-3N,-7.203913,-78.435135,DESPEJADO,RURAL,TRAMO RECTO,PLANA ,ASFALTADA,,,,,IMPRUDENCIA DEL CONDUCTOR,EXCESO DE VELOCIDAD,9.0,0,2021.0,10.0,4.0,0,1,3,1,0.0,0.0,0.0,0.0,0,0,40.5,24.79919353527449,0,1,4,0.0,0.25,0
A-2021-10-52,2021-10-08,10:30,ATROPELLO,1,0,1,LIMA,LIMA,COMAS,URBANA,AVENIDA,URBANO,NO CORRESPONDE,-11.940899,-77.0438,DESPEJADO,INDUSTRIAL,TRAMO RECTO,PLANA ,ASFALTADA,,,,,EN PROCESO DE INVESTIGACIÓN,NO CUENTA CON CAUSA ESPECIFICA,10.0,0,2021.0,10.0,4.0,0,1,3,0,1.0,0.0,0.0,1.0,0,0,65.0,43.840620433565945,0,0,2,0.0,0.0,0
A-2021-10-107,2021-10-08,11:20,ATROPELLO FUGA,1,0,1,PUNO,SAN ROMAN,SAN MIGUEL,RURAL,CARRETERA,NACIONAL,PE-3S,-15.460852,-70.1393179,DESPEJADO,RURAL,TRAMO RECTO,PLANA ,ASFALTADA,,,,,EN PROCESO DE INVESTIGACIÓN,NO CUENTA CON CAUSA ESPECIFICA,11.0,0,2021.0,10.0,4.0,0,1,3,1,0.0,0.0,0.0,0.0,0,0,32.5,12.020815280171307,1,1,3,0.333,0.333,0
A-2021-10-216,2021-10-08,14:30,CHOQUE,1,1,2,ANCASH,HUARAZ,INDEPENDENCIA,RURAL,CARRETERA,NACIONAL,PE-14,-9.524184217703764,-77.54526433498175,DESPEJADO,RURAL,TRAMO RECTO,INCLINADA,ASFALTADA,,,,,IMPRUDENCIA DEL CONDUCTOR,INVASIÓN DE CARRIL,14.0,0,2021.0,10.0,4.0,0,2,3,0,0.0,1.0,0.0,1.0,0,0,48.0,14.142135623730951,0,1,2,0.0,0.5,0
A-2021-10-133,2021-10-08,23:30,DESPISTE,1,0,1,CALLAO,CALLAO,BELLAVISTA,URBANA,AVENIDA,URBANO,NO CORRESPONDE,-12.055473817244213,-77.10758129754797,DESPEJADO,RESIDENCIAL,TRAMO RECTO,INCLINADA,ASFALTADA,,,,,IMPRUDENCIA DEL CONDUCTOR,CONDUCIR EN ESTADO DE EBRIEDAD Y/O DROGADICCIÓN,23.0,0,2021.0,10.0,4.0,0,3,3,0,1.0,1.0,0.0,2.0,0,0,22.0,0.0,0,1,1,0.0,1.0,1
A-2021-10-28,2021-10-09,02:40,ATROPELLO,1,0,1,ICA,PALPA,PALPA,RURAL,CARRETERA,NACIONAL,PE-30D,-14.531044,-75.187675,DESPEJADO,RURAL,TRAMO RECTO,PLANA ,ASFALTADA,,,,,EN PROCESO DE INVESTIGACIÓN,NO CUENTA CON CAUSA ESPECIFICA,2.0,0,2021.0,10.0,5.0,1,0,3,0,0.0,0.0,0.0,0.0,0,0,38.0,0.0,0,0,2,0.0,0.0,1
A-2021-10-26,2021-10-09,03:49,ATROPELLO,1,0,1,AREQUIPA,AREQUIPA,CERRO COLORADO,URBANA,CARRETERA,NACIONAL,PE-34A,-16.342429,-71.585874,DESPEJADO,COMERCIAL,INTERSECCIÓN,PLANA ,ASFALTADA,NO,,,SI,EN PROCESO DE INVESTIGACIÓN,NO CUENTA CON CAUSA ESPECIFICA,3.0,0,2021.0,10.0,5.0,1,0,3,0,0.0,0.0,0.0,0.0,0,1,63.0,8.48528137423857,0,0,2,0.0,0.0,1
A-2021-10-145,2021-10-09,07:40,CHOQUE,1,0,1,CUSCO,CANCHIS,TINTA,RURAL,CARRETERA,NACIONAL,PE-3S,-14.152643949371454,-71.39154812679948,DESPEJADO,RURAL,TRAMO RECTO,INCLINADA,ASFALTADA,,,,,IMPRUDENCIA DEL CONDUCTOR,EXCESO DE VELOCIDAD,7.0,0,2021.0,10.0,5.0,1,1,3,1,0.0,1.0,0.0,1.0,0,0,51.0,28.284271247461902,0,2,2,0.0,1.0,0
A-2021-10-174,2021-10-09,08:09,DESPISTE,2,19,1,CUSCO,LA CONVENCION,HUAYOPATA,RURAL,CARRETERA,NACIONAL,PE-28B,-13.100004191349283,-72.37735462678407,DESPEJADO,RURAL,CURVA,PLANA ,ASFALTADA,,,,,IMPRUDENCIA DEL CONDUCTOR,EXCESO DE VELOCIDAD,8.0,1,2021.0,10.0,5.0,1,1,3,1,0.0,0.0,0.0,0.0,0,0,25.88235294117647,14.538235591626895,0,1,21,0.0,0.048,0
A-2021-10-151,2021-10-09,08:15,CHOQUE,1,0,2,CUSCO,CANCHIS,SAN PEDRO,URBANA,CARRETERA,NACIONAL,PE-3S,-14.184457,-71.350138,DESPEJADO,RURAL,TRAMO RECTO,PLANA ,ASFALTADA,,,,,IMPRUDENCIA DEL CONDUCTOR,EXCESO DE VELOCIDAD,8.0,0,2021.0,10.0,5.0,1,1,3,1,0.0,0.0,0.0,0.0,0,0,34.5,10.606601717798213,1,2,2,0.5,1.0,0
A-2021-10-281,2021-10-09,09:00,DESPISTE,1,1,1,ANCASH,SANTA,NUEVO CHIMBOTE,URBANA,CARRETERA,NACIONAL,PE-1N,-9.12566274667016,-78.534261575131,DESPEJADO,RESIDENCIAL,TRAMO RECTO,PLANA ,ASFALTADA,,,,,EN PROCESO DE INVESTIGACIÓN,NO CUENTA CON CAUSA ESPECIFICA,9.0,0,2021.0,10.0,5.0,1,1,3,0,0.0,0.0,0.0,0.0,0,0,31.0,8.48528137423857,0,0,3,0.0,0.0,0
A-2021-10-280,2021-10-09,14:10,ATROPELLO,1,0,1,ANCASH,SANTA,SAMANCO,RURAL,CARRETERA,NACIONAL,PE-1N,-9.277351779240735,-78.41748933380784,DESPEJADO,RURAL,TRAMO RECTO,PLANA ,ASFALTADA,,,,,IMPRUDENCIA DEL PEATÓN,ESTADO DE EBRIEDAD Y/O DROGADICCIÓN,14.0,0,2021.0,10.0,5.0,1,2,3,0,0.0,0.0,0.0,0.0,0,0,48.5,6.363961030678928,0,1,2,0.0,0.5,0
A-2021-10-166,2021-10-09,19:40,DESPISTE,2,0,1,CUSCO,ESPINAR,PALLPATA,RURAL,CARRETERA,NACIONAL,PE-3SG,-14.897640632862313,-71.20320446892045,DESPEJADO,RURAL,TRAMO RECTO,PLANA ,ASFALTADA,SI,REGULADORA (R),PREVENTIVA (P),NO,IMPRUDENCIA DEL CONDUCTOR,EXCESO DE VELOCIDAD,19.0,1,2021.0,10.0,5.0,1,3,3,1,0.0,0.0,0.0,0.0,0,1,17.333333333333332,10.969655114602888,0,1,3,0.0,0.333,1
A-2021-10-53,2021-10-09,20:15,CHOQUE,1,0,0,LIMA,LIMA,LURIN,URBANA,AVENIDA,URBANO,NO CORRESPONDE,-12.250217031834625,-76.86691741288067,DESPEJADO,RESIDENCIAL,TRAMO RECTO,PLANA ,ASFALTADA,,,,,IMPRUDENCIA DEL CONDUCTOR,EXCESO DE VELOCIDAD,20.0,0,2021.0,10.0,5.0,1,3,3,0,1.0,0.0,0.0,1.0,0,0,32.0,0.0,0,0,2,0.0,0.0,1
A-2021-10-120,2021-10-09,21:00,ATROPELLO FUGA,1,0,0,LIMA,HUAURA,HUAURA,RURAL,CARRETERA,NACIONAL,PE-1N,-11.069352186346697,-77.5858579607905,,,,,,,,,,EN PROCESO DE INVESTIGACIÓN,NO CUENTA CON CAUSA ESPECIFICA,21.0,0,2021.0,10.0,5.0,1,3,3,0,0.0,1.0,1.0,2.0,0,0,20.0,0.0,0,0,2,0.0,0.0,1
A-2021-10-31,2021-10-10,01:00,ATROPELLO FUGA,1,0,0,AREQUIPA,CAMANA,MARISCAL CACERES,RURAL,CARRETERA,NACIONAL,PE-1S,-16.59056493575648,-72.78737207987088,DESPEJADO,RURAL,TRAMO RECTO,PLANA ,ASFALTADA,,,,,EN PROCESO DE INVESTIGACIÓN,NO CUENTA CON CAUSA ESPECIFICA,1.0,0,2021.0,10.0,6.0,1,0,3,0,0.0,0.0,0.0,0.0,0,0,0.0,0.0,0,0,2,0.0,0.0,1
A-2021-10-272,2021-10-10,02:30,DESPISTE,1,0,0,JUNIN,CHANCHAMAYO,CHANCHAMAYO,RURAL,CARRETERA,NACIONAL,PE-5S,-10.94929265319884,-75.25945059336534,,,,,,,,,,EN PROCESO DE INVESTIGACIÓN,NO CUENTA CON CAUSA ESPECIFICA,2.0,0,2021.0,10.0,6.0,1,0,3,1,0.0,1.0,1.0,2.0,0,0,0.0,0.0,0,0,1,0.0,0.0,1
A-2021-10-76,2021-10-10,03:30,DESPISTE,2,1,1,LA LIBERTAD,PATAZ,PATAZ,RURAL,CARRETERA,PROVINCIAL,LI-860,-7.761307,-77.581554,DESPEJADO,RURAL,TRAMO RECTO,PLANA ,TROCHA,,,,,EN PROCESO DE INVESTIGACIÓN,NO CUENTA CON CAUSA ESPECIFICA,3.0,1,2021.0,10.0,6.0,1,0,3,0,0.0,0.0,2.0,2.0,0,0,20.333333333333332,2.886751345948129,0,0,3,0.0,0.0,1
A-2021-10-75,2021-10-10,05:30,ATROPELLO,1,0,1,LA LIBERTAD,TRUJILLO,SALAVERRY,RURAL,CARRETERA,NACIONAL,PE-1N,-8.344752,-78.884327,DESPEJADO,RURAL,TRAMO RECTO,PLANA ,ASFALTADA,,,,,EN PROCESO DE INVESTIGACIÓN,NO CUENTA CON CAUSA ESPECIFICA,5.0,0,2021.0,10.0,6.0,1,0,3,0,0.0,0.0,0.0,0.0,0,0,46.0,16.97056274847714,0,1,2,0.0,0.5,1
A-2021-10-30,2021-10-10,09:35,CHOQUE,1,0,0,TACNA,TACNA,LA YARADA LOS PALOS,RURAL,AVENIDA,URBANO,NO CORRESPONDE,-18.165491830153485,-70.45879830893082,DESPEJADO,RURAL,TRAMO RECTO,PLANA ,ASFALTADA,SI,PREVENTIVA (P),PREVENTIVA (P),NO,EN PROCESO DE INVESTIGACIÓN,NO CUENTA CON CAUSA ESPECIFICA,9.0,0,2021.0,10.0,6.0,1,1,3,0,1.0,0.0,0.0,1.0,0,1,60.5,0.7071067811865476,0,1,2,0.0,0.5,0
A-2021-10-226,2021-10-10,10:00,DESPISTE,1,0,1,PIURA,SULLANA,SULLANA,RURAL,CARRETERA,PROVINCIAL,PI-579,-4.891034,-80.641044,DESPEJADO,RURAL,TRAMO RECTO,PLANA ,AFIRMADO,,,,,EN PROCESO DE INVESTIGACIÓN,NO CUENTA CON CAUSA ESPECIFICA,10.0,0,2021.0,10.0,6.0,1,1,3,0,0.0,0.0,1.0,1.0,0,0,35.0,0.0,0,0,1,0.0,0.0,0
A-2021-10-224,2021-10-10,12:30,DESPISTE,1,0,1,JUNIN,CHANCHAMAYO,PERENE,RURAL,CARRETERA,NACIONAL,PE-5S,-10.950734286619117,-75.22382805324851,DESPEJADO,RURAL,TRAMO RECTO,PLANA ,ASFALTADA,,,,,EN PROCESO DE INVESTIGACIÓN,NO CUENTA CON CAUSA ESPECIFICA,12.0,0,2021.0,10.0,6.0,1,2,3,1,0.0,0.0,0.0,0.0,0,0,28.0,0.0,0,1,1,0.0,1.0,0
A-2021-10-274,2021-10-10,12:40,CHOQUE,1,0,2,SAN MARTIN,SAN MARTIN,JUAN GUERRA,RURAL,CARRETERA,NACIONAL,PE-5N,-6.58914,-76.30856,DESPEJADO,RURAL,TRAMO RECTO,PLANA ,ASFALTADA,NO,,,SI,IMPRUDENCIA DEL CONDUCTOR,CONDUCIR EN ESTADO DE EBRIEDAD Y/O DROGADICCIÓN,12.0,0,2021.0,10.0,6.0,1,2,3,2,0.0,0.0,0.0,0.0,0,1,39.5,0.7071067811865476,1,1,2,0.5,0.5,0
A-2021-10-147,2021-10-10,20:00,ATROPELLO FUGA,1,0,0,CUSCO,ANTA,ANTA,RURAL,CARRETERA,NACIONAL,PE-3S,-13.4978881537579,-72.2048472862061,DESPEJADO,RURAL,TRAMO RECTO,PLANA ,ASFALTADA,,,,,IMPRUDENCIA DEL PEATÓN,ESTADO DE EBRIEDAD Y/O DROGADICCIÓN,20.0,0,2021.0,10.0,6.0,1,3,3,1,0.0,0.0,0.0,0.0,0,0,57.0,19.79898987322333,1,1,2,0.5,0.5,1
A-2021-10-158,2021-10-10,22:35,CHOQUE,1,1,2,UCAYALI,CORONEL PORTILLO,YARINACOCHA,URBANA,AVENIDA,URBANO,NO CORRESPONDE,-8.374540756601226,-74.5653408403693,DESPEJADO,COMERCIAL,CURVA,PLANA ,CONCRETO,,,,,IMPRUDENCIA DEL CONDUCTOR,EXCESO DE VELOCIDAD,22.0,0,2021.0,10.0,6.0,1,3,3,2,1.0,0.0,0.0,1.0,0,0,28.0,2.8284271247461903,0,1,3,0.0,0.333,1
A-2021-10-44,2021-10-10,22:40,ATROPELLO,1,0,1,ICA,ICA,SANTIAGO,RURAL,CARRETERA,NACIONAL,PE-1S,-14.203936083965612,-75.71465816079,DESPEJADO,RURAL,TRAMO RECTO,PLANA ,ASFALTADA,,,,,EN PROCESO DE INVESTIGACIÓN,NO CUENTA CON CAUSA ESPECIFICA,22.0,0,2021.0,10.0,6.0,1,3,3,0,0.0,0.0,0.0,0.0,0,0,45.0,22.627416997969522,0,1,2,0.0,0.5,1
A-2021-10-54,2021-10-11,05:00,ATROPELLO,1,0,0,LIMA,LIMA,PUENTE PIEDRA,URBANA,CARRETERA,NACIONAL,PE-1N,-11.85678293839159,-77.08418178294279,DESPEJADO,COMERCIAL,TRAMO RECTO,PLANA ,ASFALTADA,,,,,IMPRUDENCIA DEL CONDUCTOR,EXCESO DE VELOCIDAD,5.0,0,2021.0,10.0,0.0,0,0,3,0,0.0,0.0,0.0,0.0,0,0,40.5,16.263455967290593,0,0,2,0.0,0.0,1
A-2021-10-36,2021-10-11,19:20,CHOQUE,1,3,2,AREQUIPA,AREQUIPA,MIRAFLORES,URBANA,CALLE,URBANO,NO CORRESPONDE,-16.389544,-71.52078,DESPEJADO,RESIDENCIAL,INTERSECCIÓN,PLANA ,ASFALTADA,NO,,,SI,EN PROCESO DE INVESTIGACIÓN,NO CUENTA CON CAUSA ESPECIFICA,19.0,0,2021.0,10.0,0.0,0,3,3,0,2.0,0.0,0.0,2.0,0,1,42.5,8.812869377601524,0,1,4,0.0,0.25,1
A-2021-10-255,2021-10-11,20:00,ATROPELLO,1,0,1,LAMBAYEQUE,LAMBAYEQUE,JAYANCA,RURAL,CARRETERA,NACIONAL,PE-1NJ,-6.35043,-79.77535,DESPEJADO,RURAL,TRAMO RECTO,PLANA ,ASFALTADA,,,,,EN PROCESO DE INVESTIGACIÓN,NO CUENTA CON CAUSA ESPECIFICA,20.0,0,2021.0,10.0,0.0,0,3,3,0,0.0,0.0,0.0,0.0,0,0,24.5,7.7781745930520225,0,1,2,0.0,0.5,1
A-2021-10-77,2021-10-12,07:15,CHOQUE,1,2,2,LA LIBERTAD,ASCOPE,CHICAMA,RURAL,CARRETERA,NACIONAL,PE-1NF,-7.608115,-78.915286,DESPEJADO,RURAL,TRAMO RECTO,PLANA ,ASFALTADA,,,,,EN PROCESO DE INVESTIGACIÓN,NO CUENTA CON CAUSA ESPECIFICA,7.0,0,2021.0,10.0,1.0,0,1,3,0,0.0,0.0,0.0,0.0,0,0,19.4,14.51895313030523,0,1,5,0.0,0.2,0
A-2021-10-91,2021-10-12,14:30,CHOQUE,1,0,1,PUNO,CARABAYA,MACUSANI,URBANA,JIRÓN,URBANO,NO CORRESPONDE,-14.061613433030606,-70.41850890199215,DESPEJADO,RESIDENCIAL,TRAMO RECTO,PLANA ,TROCHA,,,,,IMPRUDENCIA DEL CONDUCTOR,OTRO (IMPRUDENCIA DEL CONDUCTOR),14.0,0,2021.0,10.0,1.0,0,2,3,1,1.0,0.0,2.0,3.0,0,0,15.0,5.656854249492381,0,0,2,0.0,0.0,0
A-2021-10-160,2021-10-12,15:20,DESPISTE,2,0,1,CUSCO,PAUCARTAMBO,HUANCARANI,RURAL,CARRETERA,DEPARTAMENTAL,CU-115,-13.509340971245589,-71.65547085002174,DESPEJADO,RURAL,CURVA,PLANA ,AFIRMADO,,,,,IMPRUDENCIA DEL CONDUCTOR,EXCESO DE VELOCIDAD,15.0,1,2021.0,10.0,1.0,0,2,3,1,0.0,0.0,1.0,1.0,0,0,28.5,0.7071067811865476,0,1,2,0.0,0.5,0
A-2021-10-213,2021-10-12,21:20,DESPISTE,1,1,1,ANCASH,CARHUAZ,SAN MIGUEL DE ACO,RURAL,CARRETERA,PROVINCIAL,AN-770,-9.339518242876704,-77.54852227668077,DESPEJADO,RURAL,TRAMO RECTO,INCLINADA,AFIRMADO,,,,,EN PROCESO DE INVESTIGACIÓN,NO CUENTA CON CAUSA ESPECIFICA,21.0,0,2021.0,10.0,1.0,0,3,3,0,0.0,1.0,1.0,2.0,0,0,30.0,0.0,0,0,2,0.0,0.0,1
A-2021-10-293,2021-10-12,21:30,DESPISTE,2,0,1,HUANUCO,PACHITEA,PANAO,RURAL,CARRETERA,NACIONAL,PE-18B,-9.890868,-75.973724,SOLEADO,RURAL,CURVA,PLANA ,TROCHA,,,,,IMPRUDENCIA DEL CONDUCTOR,FATIGA Y/O CANSANCIO,21.0,1,2021.0,10.0,1.0,0,3,3,1,0.0,0.0,2.0,2.0,0,0,41.0,11.313708498984761,0,1,2,0.0,0.5,1
A-2021-10-92,2021-10-13,00:45,ATROPELLO FUGA,1,0,0,PUNO,SAN ROMAN,JULIACA,RURAL,CARRETERA,NACIONAL,PE-34A,-15.5272356,-70.1847564,DESPEJADO,RURAL,TRAMO RECTO,INCLINADA,ASFALTADA,,,,,IMPERICIA DEL CONDUCTOR,,0.0,0,2021.0,10.0,2.0,0,0,3,1,0.0,1.0,0.0,1.0,0,0,30.0,0.0,0,0,2,0.0,0.0,1
A-2021-10-153,2021-10-13,05:00,DESPISTE,2,0,1,AYACUCHO,VICTOR FAJARDO,CAYARA,RURAL,CARRETERA,NACIONAL,PE-32A,-13.799645,-73.98397,LLUVIOSO,RURAL,CURVA,INCLINADA,TROCHA,,,,,IMPRUDENCIA DEL CONDUCTOR,CONDUCIR EN ESTADO DE EBRIEDAD Y/O DROGADICCIÓN,5.0,1,2021.0,10.0,2.0,0,0,3,1,0.0,1.0,2.0,3.0,1,0,48.5,2.1213203435596424,1,1,2,0.5,0.5,1
A-2021-10-45,2021-10-13,05:15,ATROPELLO,1,0,1,ICA,ICA,SALAS,RURAL,CARRETERA,NACIONAL,PE-1S,-13.9342557,-75.8747975,DESPEJADO,RURAL,TRAMO RECTO,PLANA ,ASFALTADA,,,,,EN PROCESO DE INVESTIGACIÓN,NO CUENTA CON CAUSA ESPECIFICA,5.0,0,2021.0,10.0,2.0,0,0,3,0,0.0,0.0,0.0,0.0,0,0,26.5,7.7781745930520225,0,1,2,0.0,0.5,1
A-2021-10-112,2021-10-13,07:00,DESPISTE,1,0,1,PASCO,PASCO,HUARIACA,URBANA,CARRETERA,NACIONAL,PE-3N,-10.456805066766291,-76.17842262552362,DESPEJADO,COMERCIAL,CURVA,PLANA ,ASFALTADA,,,,,IMPRUDENCIA DEL CONDUCTOR,EXCESO DE VELOCIDAD,7.0,0,2021.0,10.0,2.0,0,1,3,1,0.0,0.0,0.0,0.0,0,0,57.0,0.0,0,0,1,0.0,0.0,0
A-2021-10-187,2021-10-13,07:10,VOLCADURA,1,0,1,LIMA,LIMA,LOS OLIVOS,URBANA,AVENIDA,URBANO,NO CORRESPONDE,-12.002560601244666,-77.08321624201264,DESPEJADO,ESCOLAR,TRAMO RECTO,PLANA ,ASFALTADA,,,,,EN PROCESO DE INVESTIGACIÓN,NO CUENTA CON CAUSA ESPECIFICA,7.0,0,2021.0,10.0,2.0,0,1,3,0,1.0,0.0,0.0,1.0,0,0,30.5,3.5355339059327378,0,1,2,0.0,0.5,0
A-2021-10-95,2021-10-13,07:15,CHOQUE,1,0,2,PUNO,PUNO,ACORA,RURAL,CARRETERA,PROVINCIAL,PU-1099,-16.502025218297213,-70.1284413810243,DESPEJADO,RURAL,TRAMO RECTO,PLANA ,TROCHA,,,,,IMPRUDENCIA DEL CONDUCTOR,EXCESO DE VELOCIDAD,7.0,0,2021.0,10.0,2.0,0,1,3,1,0.0,0.0,2.0,2.0,0,0,24.5,9.192388155425117,0,0,2,0.0,0.0,0
A-2021-10-188,2021-10-13,08:00,CHOQUE,1,0,1,LIMA,LIMA,ATE,URBANA,CARRETERA,NACIONAL,PE-1S,-12.064065824660595,-76.97142736402085,DESPEJADO,INDUSTRIAL,OTRO,PLANA ,ASFALTADA,,,,,EN PROCESO DE INVESTIGACIÓN,NO CUENTA CON CAUSA ESPECIFICA,8.0,0,2021.0,10.0,2.0,0,1,3,0,0.0,0.0,0.0,0.0,0,0,42.5,7.7781745930520225,0,0,2,0.0,0.0,0
A-2021-10-282,2021-10-13,11:00,CHOQUE,1,0,2,ANCASH,CASMA,COMANDANTE NOEL,RURAL,CARRETERA,NACIONAL,PE-1N,-9.408976122088768,-78.37199728459997,DESPEJADO,RURAL,TRAMO RECTO,PLANA ,ASFALTADA,,,,,EN PROCESO DE INVESTIGACIÓN,NO CUENTA CON CAUSA ESPECIFICA,11.0,0,2021.0,10.0,2.0,0,1,3,0,0.0,0.0,0.0,0.0,0,0,42.0,16.97056274847714,0,2,2,0.0,1.0,0
A-2021-10-273,2021-10-13,13:45,CHOQUE,1,1,0,TACNA,TACNA,PALCA,RURAL,CARRETERA,NACIONAL,PE-40,-17.78209,-69.96217,,,,,,,,,,EN PROCESO DE INVESTIGACIÓN,NO CUENTA CON CAUSA ESPECIFICA,13.0,0,2021.0,10.0,2.0,0,2,3,0,0.0,1.0,1.0,2.0,0,0,50.0,11.313708498984761,0,0,2,0.0,0.0,0
A-2021-10-219,2021-10-13,17:00,DESPISTE,1,0,1,ANCASH,CARHUAZ,SHILLA,RURAL,CARRETERA,DEPARTAMENTAL,AN-107,-9.13466040726226,-77.53918638598626,DESPEJADO,RURAL,TRAMO RECTO,INCLINADA,ASFALTADA,,,,,EN PROCESO DE INVESTIGACIÓN,NO CUENTA CON CAUSA ESPECIFICA,17.0,0,2021.0,10.0,2.0,0,2,3,0,0.0,1.0,0.0,1.0,0,0,26.0,0.0,0,1,1,0.0,1.0,0
A-2021-10-35,2021-10-13,17:00,CHOQUE,3,4,2,PUNO,PUNO,PUNO,URBANA,AVENIDA,URBANO,NO CORRESPONDE,-15.826448514566737,-70.0300204229295,DESPEJADO,COMERCIAL,TRAMO RECTO,PLANA ,ASFALTADA,,,,,IMPRUDENCIA DEL CONDUCTOR,CONDUCIR EN ESTADO DE EBRIEDAD Y/O DROGADICCIÓN,17.0,2,2021.0,10.0,2.0,0,2,3,1,1.0,0.0,0.0,1.0,0,0,26.625,10.702970215252,0,2,8,0.0,0.25,0
A-2021-10-245,2021-10-13,21:30,CHOQUE,1,0,2,LAMBAYEQUE,CHICLAYO,CHICLAYO,URBANA,CARRETERA,NACIONAL,PE-1N,-6.792700197413746,-79.86458647590561,DESPEJADO,COMERCIAL,INTERSECCIÓN,PLANA ,ASFALTADA,,,,,EN PROCESO DE INVESTIGACIÓN,NO CUENTA CON CAUSA ESPECIFICA,21.0,0,2021.0,10.0,2.0,0,3,3,0,0.0,0.0,0.0,0.0,0,0,33.5,0.7071067811865476,0,0,2,0.0,0.0,1