CODIGO_SINIESTRO,FECHA_SINIESTRO,HORA_SINIESTRO,CLASE_SINIESTRO,CANTIDAD_FALLECIDOS,CANTIDAD_LESIONADOS,CANTIDAD_VEHICULOS,DEPARTAMENTO,PROVINCIA,DISTRITO,ZONA,TIPO_VIA,RED_VIAL,COD_CARRETERA,LATITUD,LONGITUD,CONDICION_CLIMATICA,ZONIFICACION,CARACTERISTICAS_VIA,PERFIL_VIA,SUPERFICIE_CALZADA,EXISTE_SENIAL_VERTICAL,CLASIFICACION_SENIAL_VERTICAL_1,CLASIFICACION_SENIAL_VERTICAL_2,EXISTE_SENIAL_HORIZONTAL,CAUSA_FACTOR_PRINCIPAL,CAUSA_ESPECIFICA,HORA,severidad,ANIO,MES,DIA_SEMANA,FIN_SEMANA,FRANJA_HORARIA,TEMPORADA,MACROREGION,TIPO_VIA_SCORE,PERFIL_VIA_SCORE,SUPERFICIE_CALZADA_SCORE,RIESGO_INFRAESTRUCTURA,RIESGO_CLIMATICO,SENIALIZACION_DEFICIENTE,EDAD_PROMEDIO,EDAD_STD,TOTAL_ALCOHOL,TOTAL_LICENCIA,TOTAL_PERSONAS,PCT_ALCOHOL,PCT_LICENCIA,ES_NOCHE
A-2021-10-123,2021-10-21,19:30,CHOQUE,1,1,2,PUNO,SAN ANTONIO DE PUTINA,PUTINA,RURAL,CARRETERA,NACIONAL,PE-34H,-14.911956,-69.843649,DESPEJADO,RURAL,TRAMO RECTO,PLANA ,ASFALTADA,,,,,IMPRUDENCIA DEL CONDUCTOR,OTRO (IMPRUDENCIA DEL CONDUCTOR),19.0,0,2021.0,10.0,3.0,0,3,3,1,0.0,0.0,0.0,0.0,0,0,39.333333333333336,20.305992547357377,0,0,3,0.0,0.0,1
A-2021-10-197,2021-10-21,21:30,ATROPELLO,1,0,0,LIMA,LIMA,PUENTE PIEDRA,URBANA,CARRETERA,NACIONAL,PE-1N,-11.843605,-77.1009174,DESPEJADO,COMERCIAL,TRAMO RECTO,PLANA ,ASFALTADA,,,,,EN PROCESO DE INVESTIGACIÓN,NO CUENTA CON CAUSA ESPECIFICA,21.0,0,2021.0,10.0,3.0,0,3,3,0,0.0,0.0,0.0,0.0,0,0,35.0,14.142135623730951,0,1,2,0.0,0.5,1
A-2021-10-198,2021-10-22,13:26,CHOQUE,1,0,0,LIMA,LIMA,SANTIAGO DE SURCO,URBANA,JIRÓN,URBANO,,-12.16196048,-76.98434242,DESPEJADO,COMERCIAL,INTERSECCIÓN,PLANA ,ASFALTADA,,,,,EN PROCESO DE INVESTIGACIÓN,NO CUENTA CON CAUSA ESPECIFICA,13.0,0,2021.0,10.0,4.0,0,2,3,0,1.0,0.0,0.0,1.0,0,0,0.0,0.0,0,0,2,0.0,0.0,0
A-2021-10-200,2021-10-22,16:00,CHOQUE,1,0,0,LIMA,LIMA,LOS OLIVOS,URBANA,AVENIDA,URBANO,NO CORRESPONDE,-11.97158,-77.07601,DESPEJADO,ESCOLAR,INTERSECCIÓN,PLANA ,ASFALTADA,,,,,EN PROCESO DE INVESTIGACIÓN,NO CUENTA CON CAUSA ESPECIFICA,16.0,0,2021.0,10.0,4.0,0,2,3,0,1.0,0.0,0.0,1.0,0,0,43.0,25.45584412271571,0,0,2,0.0,0.0,0
A-2021-10-88,2021-10-22,19:45,CHOQUE,1,2,2,ICA,PISCO,INDEPENDENCIA,RURAL,CARRETERA,NACIONAL,PE-28A,-13.68554280002415,-76.04584596729649,DESPEJADO,RURAL,TRAMO RECTO,PLANA ,ASFALTADA,,,,,EN PROCESO DE INVESTIGACIÓN,NO CUENTA CON CAUSA ESPECIFICA,19.0,0,2021.0,10.0,4.0,0,3,3,0,0.0,0.0,0.0,0.0,0,0,41.75,16.879474715365603,1,1,4,0.25,0.25,1
A-2021-10-109,2021-10-23,04:00,ATROPELLO,1,2,1,AREQUIPA,AREQUIPA,CERRO COLORADO,URBANA,CARRETERA,NACIONAL,PE-34A,-16.3417439,-71.5864711,DESPEJADO,COMERCIAL,TRAMO RECTO,INCLINADA,ASFALTADA,SI,REGULADORA (R),PREVENTIVA (P),SI,EN PROCESO DE INVESTIGACIÓN,NO CUENTA CON CAUSA ESPECIFICA,4.0,0,2021.0,10.0,5.0,1,0,3,0,0.0,1.0,0.0,1.0,0,0,20.75,2.0615528128088303,0,0,4,0.0,0.0,1
A-2021-10-98,2021-10-23,05:35,CHOQUE CON OBJETO FIJO,1,1,1,PUNO,EL COLLAO,ILAVE,RURAL,CARRETERA,NACIONAL,PE-3S,-16.126179,-69.5841,DESPEJADO,RURAL,CURVA,PLANA ,ASFALTADA,NO,,,SI,IMPRUDENCIA DEL PEATÓN,CRUCE INDEBIDO POR LA CALZADA,5.0,0,2021.0,10.0,5.0,1,0,3,1,0.0,0.0,0.0,0.0,0,1,44.666666666666664,31.214312956291916,0,1,3,0.0,0.333,1
A-2021-10-99,2021-10-23,10:30,CHOQUE,1,0,2,PUNO,CHUCUITO,POMATA,RURAL,CARRETERA,DEPARTAMENTAL,PU-130,-16.296059526311552,-69.23674113700632,DESPEJADO,RURAL,TRAMO RECTO,PLANA ,ASFALTADA,,,,,IMPRUDENCIA DEL CONDUCTOR,INVASIÓN DE CARRIL,10.0,0,2021.0,10.0,5.0,1,1,3,1,0.0,0.0,0.0,0.0,0,0,59.5,21.920310216782973,0,1,2,0.0,0.5,0
A-2021-10-110,2021-10-23,14:00,ATROPELLO,1,1,1,AREQUIPA,AREQUIPA,CERRO COLORADO,URBANA,CARRETERA,NACIONAL,PE-34A,-16.312718,-71.609441,SOLEADO,RESIDENCIAL,TRAMO RECTO,PLANA ,ASFALTADA,NO,,,SI,EN PROCESO DE INVESTIGACIÓN,NO CUENTA CON CAUSA ESPECIFICA,14.0,0,2021.0,10.0,5.0,1,2,3,0,0.0,0.0,0.0,0.0,0,1,36.5,20.506096654409877,0,1,2,0.0,0.5,0
A-2021-10-101,2021-10-23,17:30,DESPISTE,1,0,1,SAN MARTIN,MOYOBAMBA,SORITOR,URBANA,CARRETERA,PROVINCIAL,SM-623,-6.214015,-77.078999,DESPEJADO,RURAL,OTRO,INCLINADA,CASCAJO/RIPIO,,,,,IMPRUDENCIA DEL CONDUCTOR,VEHÍCULO MAL ESTACIONADO,17.0,0,2021.0,10.0,5.0,1,2,3,2,0.0,1.0,1.0,2.0,0,0,30.0,18.384776310850235,0,1,2,0.0,0.5,0
A-2021-10-201,2021-10-23,17:35,ATROPELLO,1,0,0,LIMA,LIMA,PUENTE PIEDRA,URBANA,CARRETERA,NACIONAL,PE-1N,-11.867990397187135,-77.07250888776531,DESPEJADO,COMERCIAL,TRAMO RECTO,PLANA ,ASFALTADA,,,,,EN PROCESO DE INVESTIGACIÓN,NO CUENTA CON CAUSA ESPECIFICA,17.0,0,2021.0,10.0,5.0,1,2,3,0,0.0,0.0,0.0,0.0,0,0,69.5,16.263455967290593,0,0,2,0.0,0.0,0
A-2021-10-100,2021-10-23,18:50,ATROPELLO,1,0,1,PUNO,CHUCUITO,POMATA,RURAL,CARRETERA,NACIONAL,PE-3S,-16.302485,-69.272968,DESPEJADO,RURAL,TRAMO RECTO,PLANA ,ASFALTADA,,,,,IMPRUDENCIA DEL PEATÓN,CRUCE INDEBIDO POR LA CALZADA,18.0,0,2021.0,10.0,5.0,1,3,3,1,0.0,0.0,0.0,0.0,0,0,63.0,18.384776310850235,0,1,3,0.0,0.333,1
A-2021-10-246,2021-10-23,19:40,ATROPELLO,1,0,1,LAMBAYEQUE,LAMBAYEQUE,PACORA,RURAL,CARRETERA,NACIONAL,PE-1NJ,-6.428107430525241,-79.83996384542908,DESPEJADO,RURAL,CURVA,PLANA ,ASFALTADA,SI,PREVENTIVA (P),,NO,IMPRUDENCIA DEL PEATÓN,ESTADO DE EBRIEDAD Y/O DROGADICCIÓN,19.0,0,2021.0,10.0,5.0,1,3,3,0,0.0,0.0,0.0,0.0,0,1,42.0,9.899494936611665,0,1,2,0.0,0.5,1
A-2021-10-102,2021-10-23,20:40,DESPISTE,1,0,1,LA LIBERTAD,VIRU,CHAO,RURAL,CARRETERA,PROVINCIAL,LI-1193,-8.491679881618504,-78.61668929848877,DESPEJADO,RURAL,TRAMO RECTO,PLANA ,AFIRMADO,,,,,IMPRUDENCIA DEL CONDUCTOR,CONDUCIR EN ESTADO DE EBRIEDAD Y/O DROGADICCIÓN,20.0,0,2021.0,10.0,5.0,1,3,3,0,0.0,0.0,1.0,1.0,0,0,23.0,0.0,0,0,1,0.0,0.0,1
A-2021-10-103,2021-10-24,02:45,DESPISTE,1,0,1,LA LIBERTAD,VIRU,VIRU,RURAL,CARRETERA,NACIONAL,PE-1N,-8.404379,-78.83144,DESPEJADO,RURAL,TRAMO RECTO,PLANA ,ASFALTADA,,,,,IMPRUDENCIA DEL CONDUCTOR,CONDUCIR EN ESTADO DE EBRIEDAD Y/O DROGADICCIÓN,2.0,0,2021.0,10.0,6.0,1,0,3,0,0.0,0.0,0.0,0.0,0,0,0.0,0.0,0,0,1,0.0,0.0,1
A-2021-10-202,2021-10-24,04:00,DESPISTE,1,0,1,LIMA,LIMA,LURIGANCHO,URBANA,CALLE,URBANO,NO CORRESPONDE,-11.938900007543534,-76.69401167199534,DESPEJADO,COMERCIAL,TRAMO RECTO,PLANA ,ASFALTADA,,,,,EN PROCESO DE INVESTIGACIÓN,NO CUENTA CON CAUSA ESPECIFICA,4.0,0,2021.0,10.0,6.0,1,0,3,0,2.0,0.0,0.0,2.0,0,0,33.0,0.0,0,0,1,0.0,0.0,1
A-2021-10-257,2021-10-24,06:40,DESPISTE,1,0,1,LAMBAYEQUE,CHICLAYO,MONSEFU,RURAL,CARRETERA,PROVINCIAL,LA-778,-6.855253621437957,-79.86339563683511,DESPEJADO,RURAL,TRAMO RECTO,PLANA ,ASFALTADA,,,,,EN PROCESO DE INVESTIGACIÓN,NO CUENTA CON CAUSA ESPECIFICA,6.0,0,2021.0,10.0,6.0,1,1,3,0,0.0,0.0,0.0,0.0,0,0,17.0,0.0,0,0,1,0.0,0.0,0
A-2021-10-149,2021-10-24,17:00,CHOQUE,1,0,2,CUSCO,QUISPICANCHI,OROPESA,URBANA,CARRETERA,NACIONAL,PE-3S,-13.577853631427942,-71.8162539589751,DESPEJADO,COMERCIAL,TRAMO RECTO,PLANA ,ASFALTADA,,,,,IMPRUDENCIA DEL CONDUCTOR,INVASIÓN DE CARRIL,17.0,0,2021.0,10.0,6.0,1,2,3,1,0.0,0.0,0.0,0.0,0,0,39.5,20.506096654409877,1,2,2,0.5,1.0,0
A-2021-10-260,2021-10-24,17:00,CHOQUE,1,0,2,LAMBAYEQUE,CHICLAYO,MONSEFU,RURAL,CARRETERA,PROVINCIAL,LA-778,-6.86989,-79.866706,DESPEJADO,RURAL,TRAMO RECTO,PLANA ,ASFALTADA,,,,,EN PROCESO DE INVESTIGACIÓN,NO CUENTA CON CAUSA ESPECIFICA,17.0,0,2021.0,10.0,6.0,1,2,3,0,0.0,0.0,0.0,0.0,0,0,50.5,6.363961030678928,0,0,2,0.0,0.0,0
A-2021-10-164,2021-10-24,19:00,DESPISTE,1,0,1,PUNO,AZANGARO,CHUPA,RURAL,CARRETERA,DEPARTAMENTAL,PU-154,-15.194,-69.911,DESPEJADO,RURAL,TRAMO RECTO,PLANA ,ASFALTADA,,,,,IMPRUDENCIA DEL CONDUCTOR,EXCESO DE VELOCIDAD,19.0,0,2021.0,10.0,6.0,1,3,3,1,0.0,0.0,0.0,0.0,0,0,31.0,0.0,0,1,1,0.0,1.0,1
A-2021-10-104,2021-10-24,19:30,ATROPELLO FUGA,1,0,0,LA LIBERTAD,ASCOPE,CHICAMA,RURAL,CARRETERA,NACIONAL,PE-1N,-7.897459,-79.121425,DESPEJADO,RURAL,TRAMO RECTO,PLANA ,ASFALTADA,,,,,EN PROCESO DE INVESTIGACIÓN,NO CUENTA CON CAUSA ESPECIFICA,19.0,0,2021.0,10.0,6.0,1,3,3,0,0.0,0.0,0.0,0.0,0,0,0.0,0.0,0,0,2,0.0,0.0,1
A-2021-10-259,2021-10-24,19:30,CHOQUE FUGA,1,0,2,LAMBAYEQUE,LAMBAYEQUE,JAYANCA,URBANA,CARRETERA,NACIONAL,PE-1NJ,-6.40171981871663,-79.82507764876418,DESPEJADO,ESCOLAR,TRAMO RECTO,PLANA ,ASFALTADA,,,,,EN PROCESO DE INVESTIGACIÓN,NO CUENTA CON CAUSA ESPECIFICA,19.0,0,2021.0,10.0,6.0,1,3,3,0,0.0,0.0,0.0,0.0,0,0,29.0,0.0,0,0,2,0.0,0.0,1
A-2021-10-152,2021-10-24,20:30,ATROPELLO,1,0,1,CUSCO,QUISPICANCHI,OROPESA,RURAL,CARRETERA,NACIONAL,PE-3S,-13.599007882950222,-71.77005162057515,DESPEJADO,RURAL,TRAMO RECTO,PLANA ,ASFALTADA,,,,,IMPRUDENCIA DEL PEATÓN,ESTADO DE EBRIEDAD Y/O DROGADICCIÓN,20.0,0,2021.0,10.0,6.0,1,3,3,1,0.0,0.0,0.0,0.0,0,0,48.5,27.577164466275352,1,1,2,0.5,0.5,1
A-2021-10-261,2021-10-24,21:40,ATROPELLO FUGA,1,0,0,LAMBAYEQUE,LAMBAYEQUE,OLMOS,URBANA,CARRETERA,NACIONAL,PE-1NJ,-5.9856029,-79.7399993,DESPEJADO,COMERCIAL,TRAMO RECTO,PLANA ,ASFALTADA,,,,,EN PROCESO DE INVESTIGACIÓN,NO CUENTA CON CAUSA ESPECIFICA,21.0,0,2021.0,10.0,6.0,1,3,3,0,0.0,0.0,0.0,0.0,0,0,41.0,0.0,0,0,2,0.0,0.0,1
A-2021-10-244,2021-10-24,22:30,CHOQUE,1,2,2,HUANUCO,HUANUCO,PILLCO MARCA,URBANA,CARRETERA,NACIONAL,PE-3N,-10.003893,-76.238939,DESPEJADO,COMERCIAL,TRAMO RECTO,PLANA ,ASFALTADA,,,,,IMPRUDENCIA DEL CONDUCTOR,EXCESO DE VELOCIDAD,22.0,0,2021.0,10.0,6.0,1,3,3,1,0.0,0.0,0.0,0.0,0,0,26.333333333333332,3.785938897200183,1,1,3,0.333,0.333,1
A-2021-10-162,2021-10-25,12:00,DESPISTE,1,0,1,CUSCO,LA CONVENCION,MARANURA,RURAL,CARRETERA,NACIONAL,PE-28B,-12.962535685409884,-72.66932958938133,DESPEJADO,RURAL,CURVA,PLANA ,ASFALTADA,,,,,IMPRUDENCIA DEL CONDUCTOR,EXCESO DE VELOCIDAD,12.0,0,2021.0,10.0,0.0,0,2,3,1,0.0,0.0,0.0,0.0,0,0,61.0,0.0,0,1,1,0.0,1.0,0
A-2021-10-114,2021-10-25,15:50,CHOQUE,1,1,2,SAN MARTIN,RIOJA,RIOJA,RURAL,CARRETERA,NACIONAL,PE-5N,-6.026225,-77.216984,DESPEJADO,RURAL,TRAMO RECTO,PLANA ,ASFALTADA,SI,PREVENTIVA (P),,NO,IMPRUDENCIA DEL CONDUCTOR,CONDUCIR EN ESTADO DE EBRIEDAD Y/O DROGADICCIÓN,15.0,0,2021.0,10.0,0.0,0,2,3,2,0.0,0.0,0.0,0.0,0,1,44.333333333333336,6.110100926607786,0,0,3,0.0,0.0,0
A-2021-10-111,2021-10-25,21:00,DESPISTE,1,0,1,AREQUIPA,ISLAY,MOLLENDO,RURAL,CARRETERA,NACIONAL,PE-34,-16.701865,-71.927131,NUBLADO,RURAL,TRAMO RECTO,PLANA ,ASFALTADA,NO,,,SI,EN PROCESO DE INVESTIGACIÓN,NO CUENTA CON CAUSA ESPECIFICA,21.0,0,2021.0,10.0,0.0,0,3,3,0,0.0,0.0,0.0,0.0,0,1,35.0,0.0,0,1,1,0.0,1.0,1
A-2021-10-122,2021-10-25,21:40,ATROPELLO,1,0,1,PUNO,LAMPA,PUCARA,RURAL,CARRETERA,PROVINCIAL,PU-727,-15.032214025591514,-70.38478515715661,DESPEJADO,RURAL,TRAMO RECTO,PLANA ,TROCHA,,,,,IMPRUDENCIA DEL PEATÓN,OTRO (IMPRUDENCIA DEL PEATÓN),21.0,0,2021.0,10.0,0.0,0,3,3,1,0.0,0.0,2.0,2.0,0,0,47.0,2.8284271247461903,0,1,2,0.0,0.5,1
A-2021-10-277,2021-10-26,12:00,CHOQUE,2,2,2,SAN MARTIN,LAMAS,CAYNARACHI,RURAL,CARRETERA,NACIONAL,PE-5NB,-6.30668,-76.28044,DESPEJADO,RURAL,CURVA,INCLINADA,ASFALTADA,SI,REGULADORA (R),,SI,IMPRUDENCIA DEL CONDUCTOR,INVASIÓN DE CARRIL,12.0,1,2021.0,10.0,1.0,0,2,3,2,0.0,1.0,0.0,1.0,0,0,40.6,18.94201678808252,0,1,5,0.0,0.2,0
A-2021-10-126,2021-10-26,16:00,CAÍDA DE PASAJERO,1,0,1,LA LIBERTAD,TRUJILLO,LA ESPERANZA,URBANA,CALLE,URBANO,NO CORRESPONDE,-8.063115,-79.078798,DESPEJADO,RESIDENCIAL,TRAMO RECTO,PLANA ,ASFALTADA,,,,,IMPRUDENCIA DEL CONDUCTOR,OTRO (IMPRUDENCIA DEL CONDUCTOR),16.0,0,2021.0,10.0,1.0,0,2,3,0,2.0,0.0,0.0,2.0,0,0,57.0,19.79898987322333,0,1,2,0.0,0.5,0
A-2021-10-203,2021-10-26,17:30,ATROPELLO,1,0,0,LIMA,LIMA,SANTA ANITA,URBANA,AVENIDA,URBANO,NO CORRESPONDE,-12.0408,-76.96171,DESPEJADO,COMERCIAL,TRAMO RECTO,PLANA ,ASFALTADA,,,,,EN PROCESO DE INVESTIGACIÓN,NO CUENTA CON CAUSA ESPECIFICA,17.0,0,2021.0,10.0,1.0,0,2,3,0,1.0,0.0,0.0,1.0,0,0,52.0,39.59797974644666,0,0,2,0.0,0.0,0
A-2021-10-283,2021-10-27,04:30,CHOQUE,4,0,0,ANCASH,CASMA,CASMA,RURAL,CARRETERA,NACIONAL,PE-1N,-9.44577888981608,-78.35032774850156,,,,,,,,,,EN PROCESO DE INVESTIGACIÓN,NO CUENTA CON CAUSA ESPECIFICA,4.0,2,2021.0,10.0,2.0,0,0,3,0,0.0,1.0,1.0,2.0,0,0,44.8,30.800974010573107,0,0,5,0.0,0.0,1
A-2021-10-228,2021-10-27,06:00,DESPISTE,1,1,1,ANCASH,HUAYLAS,HUALLANCA,RURAL,CARRETERA,NACIONAL,PE-3N,-8.835898852740346,-77.82921911378003,DESPEJADO,RURAL,INTERSECCIÓN,PLANA ,ASFALTADA,,,,,EN PROCESO DE INVESTIGACIÓN,NO CUENTA CON CAUSA ESPECIFICA,6.0,0,2021.0,10.0,2.0,0,1,3,0,0.0,0.0,0.0,0.0,0,0,16.0,0.0,0,0,2,0.0,0.0,0
A-2021-10-125,2021-10-27,08:30,ATROPELLO,1,0,1,PUNO,LAMPA,CALAPUJA,RURAL,CARRETERA,NACIONAL,PE-3S,-15.3125314,-70.228747,DESPEJADO,RURAL,TRAMO RECTO,PLANA ,ASFALTADA,,,,,IMPRUDENCIA DEL PEATÓN,CRUCE INDEBIDO POR LA CALZADA,8.0,0,2021.0,10.0,2.0,0,1,3,1,0.0,0.0,0.0,0.0,0,0,54.5,38.890872965260115,0,1,2,0.0,0.5,0
A-2021-10-113,2021-10-27,12:40,DESPISTE,1,1,1,ICA,NASCA,MARCONA,RURAL,CARRETERA,NACIONAL,PE-30,-15.291831,-75.105973,DESPEJADO,RURAL,TRAMO RECTO,PLANA ,ASFALTADA,,,,,EN PROCESO DE INVESTIGACIÓN,NO CUENTA CON CAUSA ESPECIFICA,12.0,0,2021.0,10.0,2.0,0,2,3,0,0.0,0.0,0.0,0.0,0,0,57.0,2.8284271247461903,0,0,2,0.0,0.0,0
A-2021-10-262,2021-10-27,12:50,ATROPELLO,1,0,1,LAMBAYEQUE,CHICLAYO,LAGUNAS,URBANA,CARRETERA,NACIONAL,PE-1N,-6.9920752,-79.6199359,DESPEJADO,COMERCIAL,TRAMO RECTO,PLANA ,ASFALTADA,SI,INFORMATIVA (I),PREVENTIVA (P),NO,EN PROCESO DE INVESTIGACIÓN,NO CUENTA CON CAUSA ESPECIFICA,12.0,0,2021.0,10.0,2.0,0,2,3,0,0.0,0.0,0.0,0.0,0,1,24.5,33.23401871576773,0,1,2,0.0,0.5,0
A-2021-10-289,2021-10-27,12:50,DESPISTE,1,0,1,AREQUIPA,CARAVELI,ATIQUIPA,RURAL,CARRETERA,NACIONAL,PE-1S,-15.814545781165224,-74.31659275520566,DESPEJADO,RURAL,CURVA,INCLINADA,ASFALTADA,,,,,EN PROCESO DE INVESTIGACIÓN,NO CUENTA CON CAUSA ESPECIFICA,12.0,0,2021.0,10.0,2.0,0,2,3,0,0.0,1.0,0.0,1.0,0,0,48.0,0.0,0,1,1,0.0,1.0,0
A-2021-10-116,2021-10-27,20:20,CHOQUE FUGA,1,1,1,PUNO,EL COLLAO,ILAVE,RURAL,CARRETERA,PROVINCIAL,PU-1153,-16.03986400376484,-69.59986905256049,DESPEJADO,RURAL,TRAMO RECTO,PLANA ,ASFALTADA,NO,,,NO,EN PROCESO DE INVESTIGACIÓN,NO CUENTA CON CAUSA ESPECIFICA,20.0,0,2021.0,10.0,2.0,0,3,3,1,0.0,0.0,0.0,0.0,0,2,15.0,1.4142135623730951,0,0,3,0.0,0.0,1
A-2021-10-115,2021-10-27,21:20,ATROPELLO FUGA,1,0,0,PUNO,CHUCUITO,POMATA,RURAL,CARRETERA,DEPARTAMENTAL,PU-130,-16.313503224091768,-69.25332287647309,DESPEJADO,RURAL,TRAMO RECTO,PLANA ,ASFALTADA,,,,,EN PROCESO DE INVESTIGACIÓN,NO CUENTA CON CAUSA ESPECIFICA,21.0,0,2021.0,10.0,2.0,0,3,3,1,0.0,0.0,0.0,0.0,0,0,31.0,0.0,0,0,2,0.0,0.0,1
A-2021-10-135,2021-10-27,22:15,DESPISTE,1,0,1,CALLAO,CALLAO,CALLAO,URBANA,CARRETERA,NACIONAL,PE-20,-11.979772281188811,-77.12524665595598,DESPEJADO,INDUSTRIAL,TRAMO RECTO,PLANA ,ASFALTADA,SI,INFORMATIVA (I),,SI,IMPRUDENCIA DEL CONDUCTOR,CONDUCIR EN ESTADO DE EBRIEDAD Y/O DROGADICCIÓN,22.0,0,2021.0,10.0,2.0,0,3,3,0,0.0,0.0,0.0,0.0,0,0,34.0,0.0,0,0,1,0.0,0.0,1
A-2021-10-204,2021-10-28,06:55,ESPECIAL,1,0,0,LIMA,LIMA,LURIGANCHO,URBANA,CALLE,URBANO,NO CORRESPONDE,-11.997801400730856,-76.86925638363198,DESPEJADO,COMERCIAL,TRAMO RECTO,PLANA ,CONCRETO,,,,,EN PROCESO DE INVESTIGACIÓN,NO CUENTA CON CAUSA ESPECIFICA,6.0,0,2021.0,10.0,3.0,0,1,3,0,2.0,0.0,0.0,2.0,0,0,52.0,0.0,0,0,2,0.0,0.0,0
A-2021-10-150,2021-10-28,07:45,DESPISTE,1,2,1,HUANCAVELICA,TAYACAJA,ACOSTAMBO,RURAL,CARRETERA,NACIONAL,PE-3S,-12.3657552,-75.0411332,DESPEJADO,RURAL,CURVA,INCLINADA,ASFALTADA,SI,PREVENTIVA (P),,SI,EN PROCESO DE INVESTIGACIÓN,NO CUENTA CON CAUSA ESPECIFICA,7.0,0,2021.0,10.0,3.0,0,1,3,1,0.0,1.0,0.0,1.0,0,0,26.0,0.0,0,1,4,0.0,0.25,0
A-2021-10-141,2021-10-28,14:30,VOLCADURA,3,0,1,CAJAMARCA,CELENDIN,MIGUEL IGLESIAS,RURAL,CARRETERA,PROVINCIAL,CA-983,-6.57825348,-78.30973257,DESPEJADO,RURAL,CURVA,INCLINADA,AFIRMADO,,,,,EN PROCESO DE INVESTIGACIÓN,NO CUENTA CON CAUSA ESPECIFICA,14.0,2,2021.0,10.0,3.0,0,2,3,1,0.0,1.0,1.0,2.0,0,0,33.25,24.26760529320243,0,0,4,0.0,0.0,0
A-2021-10-205,2021-10-28,17:00,CHOQUE,1,1,0,LIMA,LIMA,COMAS,URBANA,AVENIDA,URBANO,NO CORRESPONDE,-11.95769380071578,-77.04924865652266,DESPEJADO,COMERCIAL,INTERSECCIÓN,PLANA ,ASFALTADA,,,,,EN PROCESO DE INVESTIGACIÓN,NO CUENTA CON CAUSA ESPECIFICA,17.0,0,2021.0,10.0,3.0,0,2,3,0,1.0,0.0,0.0,1.0,0,0,26.0,4.358898943540674,0,1,4,0.0,0.25,0
A-2021-10-136,2021-10-28,17:50,DESPISTE,1,2,1,CAJAMARCA,CAJAMARCA,CAJAMARCA,RURAL,CARRETERA,PROVINCIAL,CA-1330,-7.1424689,-78.58586446,DESPEJADO,RURAL,TRAMO RECTO,PLANA ,ASFALTADA,,,,,IMPRUDENCIA DEL CONDUCTOR,EXCESO DE VELOCIDAD,17.0,0,2021.0,10.0,3.0,0,2,3,1,0.0,0.0,0.0,0.0,0,0,23.0,15.132745950421556,0,0,3,0.0,0.0,0
A-2021-10-118,2021-10-28,20:30,CHOQUE,1,2,2,ICA,PISCO,SAN CLEMENTE,RURAL,CARRETERA,NACIONAL,PE-1S,-13.666781,-76.151503,DESPEJADO,RURAL,TRAMO RECTO,PLANA ,ASFALTADA,,,,,EN PROCESO DE INVESTIGACIÓN,NO CUENTA CON CAUSA ESPECIFICA,20.0,0,2021.0,10.0,3.0,0,3,3,0,0.0,0.0,0.0,0.0,0,0,36.6,16.00937225502612,0,2,5,0.0,0.4,1
A-2021-10-117,2021-10-29,01:30,CHOQUE,2,2,0,ICA,PISCO,INDEPENDENCIA,RURAL,CARRETERA,NACIONAL,PE-28A,-13.696581802747886,-76.01277935008501,DESPEJADO,RURAL,TRAMO RECTO,PLANA ,ASFALTADA,,,,,EN PROCESO DE INVESTIGACIÓN,NO CUENTA CON CAUSA ESPECIFICA,1.0,1,2021.0,10.0,4.0,0,0,3,0,0.0,0.0,0.0,0.0,0,0,32.75,5.560275772537426,0,1,4,0.0,0.25,1
A-2021-10-167,2021-10-29,07:50,CHOQUE,1,0,1,CUSCO,QUISPICANCHI,OCONGATE,RURAL,CARRETERA,NACIONAL,PE-30C,-13.659394,-71.421189,DESPEJADO,RURAL,CURVA,PLANA ,ASFALTADA,,,,,IMPRUDENCIA DEL CONDUCTOR,EXCESO DE VELOCIDAD,7.0,0,2021.0,10.0,4.0,0,1,3,1,0.0,0.0,0.0,0.0,0,0,36.5,20.506096654409877,0,2,2,0.0,1.0,0
A-2021-10-119,2021-10-29,19:00,ATROPELLO,1,0,1,TACNA,TACNA,CORONEL GREGORIO ALBARRACIN LANCHIPA,URBANA,AVENIDA,URBANO,NO CORRESPONDE,-18.08571491523633,-70.26811484537753,DESPEJADO,RESIDENCIAL,TRAMO RECTO,PLANA ,ASFALTADA,,,,,IMPRUDENCIA DEL PEATÓN,ESTADO DE EBRIEDAD Y/O DROGADICCIÓN,19.0,0,2021.0,10.0,4.0,0,3,3,0,1.0,0.0,0.0,1.0,0,0,40.0,29.698484809834994,0,1,2,0.0,0.5,1
A-2021-10-142,2021-10-29,19:20,DESPISTE,2,1,1,CAJAMARCA,SAN PABLO,TUMBADEN,RURAL,CARRETERA,PROVINCIAL,CA-1263,-6.998466,-78.713159,LLUVIOSO,RURAL,TRAMO RECTO,INCLINADA,AFIRMADO,,,,,EN PROCESO DE INVESTIGACIÓN,NO CUENTA CON CAUSA ESPECIFICA,19.0,1,2021.0,10.0,4.0,0,3,3,1,0.0,1.0,1.0,2.0,1,0,44.333333333333336,23.797758998135375,0,1,3,0.0,0.333,1