CODIGO_SINIESTRO,FECHA_SINIESTRO,HORA_SINIESTRO,CLASE_SINIESTRO,CANTIDAD_FALLECIDOS,CANTIDAD_LESIONADOS,CANTIDAD_VEHICULOS,DEPARTAMENTO,PROVINCIA,DISTRITO,ZONA,TIPO_VIA,RED_VIAL,COD_CARRETERA,LATITUD,LONGITUD,CONDICION_CLIMATICA,ZONIFICACION,CARACTERISTICAS_VIA,PERFIL_VIA,SUPERFICIE_CALZADA,EXISTE_SENIAL_VERTICAL,CLASIFICACION_SENIAL_VERTICAL_1,CLASIFICACION_SENIAL_VERTICAL_2,EXISTE_SENIAL_HORIZONTAL,CAUSA_FACTOR_PRINCIPAL,CAUSA_ESPECIFICA,HORA,severidad,ANIO,MES,DIA_SEMANA,FIN_SEMANA,FRANJA_HORARIA,TEMPORADA,MACROREGION,TIPO_VIA_SCORE,PERFIL_VIA_SCORE,SUPERFICIE_CALZADA_SCORE,RIESGO_INFRAESTRUCTURA,RIESGO_CLIMATICO,SENIALIZACION_DEFICIENTE,EDAD_PROMEDIO,EDAD_STD,TOTAL_ALCOHOL,TOTAL_LICENCIA,TOTAL_PERSONAS,PCT_ALCOHOL,PCT_LICENCIA,ES_NOCHE
A-2021-10-129,2021-10-30,02:45,VOLCADURA,1,4,1,ICA,ICA,SALAS,RURAL,CARRETERA,NACIONAL,PE-1S,-13.926327,-75.981552,DESPEJADO,RURAL,TRAMO RECTO,PLANA ,ASFALTADA,,,,,EN PROCESO DE INVESTIGACIÓN,NO CUENTA CON CAUSA ESPECIFICA,2.0,0,2021.0,10.0,5.0,1,0,3,0,0.0,0.0,0.0,0.0,0,0,29.6,14.38054240979804,0,1,5,0.0,0.2,1
A-2021-10-130,2021-10-30,05:00,DESPISTE,1,0,1,PUNO,YUNGUYO,COPANI,RURAL,CARRETERA,DEPARTAMENTAL,PU-130,-16.353415021317712,-69.04422194690235,DESPEJADO,RURAL,CURVA,PLANA ,ASFALTADA,NO,,,SI,IMPRUDENCIA DEL CONDUCTOR,INVASIÓN DE CARRIL,5.0,0,2021.0,10.0,5.0,1,0,3,1,0.0,0.0,0.0,0.0,0,1,28.0,0.0,0,0,1,0.0,0.0,1
A-2021-10-171,2021-10-30,14:31,ATROPELLO,1,0,1,CUSCO,CANCHIS,SICUANI,URBANA,CALLE,URBANO,NO CORRESPONDE,-14.26834905452551,-71.22777470332018,DESPEJADO,RESIDENCIAL,INTERSECCIÓN,PLANA ,ASFALTADA,,,,,IMPRUDENCIA DEL PEATÓN,CRUCE INDEBIDO POR LA CALZADA,14.0,0,2021.0,10.0,5.0,1,2,3,1,2.0,0.0,0.0,2.0,0,0,45.5,36.062445840513924,0,1,2,0.0,0.5,0
A-2021-10-223,2021-10-30,17:20,CHOQUE,2,0,2,PIURA,PIURA,CASTILLA,RURAL,CARRETERA,SIN CLASIFICAR,SIN CLASIFICAR,-5.188689,-80.56819,DESPEJADO,RURAL,TRAMO RECTO,PLANA ,ASFALTADA,,,,,EN PROCESO DE INVESTIGACIÓN,NO CUENTA CON CAUSA ESPECIFICA,17.0,1,2021.0,10.0,5.0,1,2,3,0,0.0,0.0,0.0,0.0,0,0,39.0,18.384776310850235,1,2,2,0.5,1.0,0
A-2021-10-278,2021-10-30,19:35,ATROPELLO,1,1,1,SAN MARTIN,SAN MARTIN,TARAPOTO,URBANA,AVENIDA,URBANO,NO CORRESPONDE,-6.47423,-76.37269,DESPEJADO,COMERCIAL,TRAMO RECTO,PLANA ,ASFALTADA,NO,,,SI,IMPRUDENCIA DEL PEATÓN,CRUCE INDEBIDO POR LA CALZADA,19.0,0,2021.0,10.0,5.0,1,3,3,2,1.0,0.0,0.0,1.0,0,1,31.0,0.0,0,0,2,0.0,0.0,1
A-2021-10-169,2021-10-30,21:00,CHOQUE,1,0,3,PUNO,AZANGARO,SANTIAGO DE PUPUJA,RURAL,CARRETERA,NACIONAL,PE-34B,-15.018986909545212,-70.17962331131936,DESPEJADO,RURAL,TRAMO RECTO,PLANA ,ASFALTADA,,,,,IMPRUDENCIA DEL CONDUCTOR,CONDUCIR EN SENTIDO CONTRARIO,21.0,0,2021.0,10.0,5.0,1,3,3,1,0.0,0.0,0.0,0.0,0,0,42.75,2.5,0,3,4,0.0,0.75,1
A-2021-10-230,2021-10-30,21:30,ATROPELLO,1,0,1,ANCASH,YUNGAY,RANRAHIRCA,RURAL,CARRETERA,NACIONAL,PE-3N,-9.172139965514432,-77.72451687642409,DESPEJADO,RURAL,TRAMO RECTO,INCLINADA,ASFALTADA,,,,,EN PROCESO DE INVESTIGACIÓN,NO CUENTA CON CAUSA ESPECIFICA,21.0,0,2021.0,10.0,5.0,1,3,3,0,0.0,1.0,0.0,1.0,0,0,38.5,21.920310216782973,0,1,2,0.0,0.5,1
A-2021-10-143,2021-10-30,23:30,CHOQUE,1,0,2,CAJAMARCA,SAN MARCOS,CHANCAY,URBANA,CARRETERA,NACIONAL,PE-3N,-7.39785598,-78.12549721,DESPEJADO,INDUSTRIAL,TRAMO RECTO,INCLINADA,ASFALTADA,SI,PREVENTIVA (P),,SI,IMPRUDENCIA DEL CONDUCTOR,CONDUCIR EN ESTADO DE EBRIEDAD Y/O DROGADICCIÓN,23.0,0,2021.0,10.0,5.0,1,3,3,1,0.0,1.0,0.0,1.0,0,0,30.0,5.656854249492381,0,1,2,0.0,0.5,1
A-2021-10-206,2021-10-31,05:50,ATROPELLO,1,0,0,LIMA,LIMA,COMAS,URBANA,CARRETERA,NACIONAL,PE-1N,-11.93558826014672,-77.07187589247279,DESPEJADO,COMERCIAL,INTERSECCIÓN,PLANA ,ASFALTADA,,,,,EN PROCESO DE INVESTIGACIÓN,NO CUENTA CON CAUSA ESPECIFICA,5.0,0,2021.0,10.0,6.0,1,0,3,0,0.0,0.0,0.0,0.0,0,0,36.0,0.0,0,0,2,0.0,0.0,1
A-2021-10-207,2021-10-31,05:50,ATROPELLO FUGA,1,0,0,LIMA,LIMA,LIMA,URBANA,AVENIDA,URBANO,NO CORRESPONDE,-12.0591,-77.01383,DESPEJADO,COMERCIAL,TRAMO RECTO,PLANA ,ASFALTADA,,,,,EN PROCESO DE INVESTIGACIÓN,NO CUENTA CON CAUSA ESPECIFICA,5.0,0,2021.0,10.0,6.0,1,0,3,0,1.0,0.0,0.0,1.0,0,0,58.0,0.0,0,0,2,0.0,0.0,1
A-2022-10-179,2021-10-31,06:00,CHOQUE,1,2,0,LORETO,MAYNAS,SAN JUAN BAUTISTA,URBANA,CARRETERA,PROVINCIAL,LO-508,-3.7948419,-73.311574,DESPEJADO,RURAL,INTERSECCIÓN,PLANA ,ASFALTADA,,,,,IMPRUDENCIA DEL CONDUCTOR,CONDUCIR EN ESTADO DE EBRIEDAD Y/O DROGADICCIÓN,6.0,0,2021.0,10.0,6.0,1,1,3,2,0.0,0.0,0.0,0.0,0,0,35.666666666666664,2.081665999466132,0,0,3,0.0,0.0,0
A-2021-10-290,2021-10-31,07:00,DESPISTE,2,0,1,AREQUIPA,CARAVELI,LOMAS,RURAL,CARRETERA,NACIONAL,PE-1S,-15.417790153193678,-74.89032153302107,DESPEJADO,RURAL,CURVA,INCLINADA,ASFALTADA,,,,,EN PROCESO DE INVESTIGACIÓN,NO CUENTA CON CAUSA ESPECIFICA,7.0,1,2021.0,10.0,6.0,1,1,3,0,0.0,1.0,0.0,1.0,0,0,50.5,13.435028842544403,0,1,2,0.0,0.5,0
A-2021-10-231,2021-10-31,13:00,DESPISTE,1,10,1,ANCASH,BOLOGNESI,AQUIA,RURAL,CARRETERA,NACIONAL,PE-3N,-9.944539668579552,-77.09080972696864,DESPEJADO,RURAL,TRAMO RECTO,INCLINADA,ASFALTADA,,,,,EN PROCESO DE INVESTIGACIÓN,NO CUENTA CON CAUSA ESPECIFICA,13.0,0,2021.0,10.0,6.0,1,2,3,0,0.0,1.0,0.0,1.0,0,0,26.11111111111111,8.403041777303688,0,1,11,0.0,0.091,0
A-2021-10-234,2021-10-31,13:00,CAÍDA DE PASAJERO,1,0,0,ANCASH,HUARI,UCO,RURAL,CARRETERA,NACIONAL,PE-14A,-9.189245077397938,-76.92889855963195,DESPEJADO,RURAL,TRAMO RECTO,PLANA ,ASFALTADA,,,,,EN PROCESO DE INVESTIGACIÓN,NO CUENTA CON CAUSA ESPECIFICA,13.0,0,2021.0,10.0,6.0,1,2,3,0,0.0,0.0,0.0,0.0,0,0,19.0,0.0,0,0,2,0.0,0.0,0
A-2021-10-127,2021-10-31,13:40,DESPISTE,1,0,1,LA LIBERTAD,GRAN CHIMU,CASCAS,RURAL,CARRETERA,DEPARTAMENTAL,LI-106,-7.551611,-78.762935,DESPEJADO,RURAL,TRAMO RECTO,PLANA ,AFIRMADO,,,,,EN PROCESO DE INVESTIGACIÓN,NO CUENTA CON CAUSA ESPECIFICA,13.0,0,2021.0,10.0,6.0,1,2,3,0,0.0,0.0,1.0,1.0,0,0,37.0,0.0,0,0,1,0.0,0.0,0
A-2021-10-225,2021-10-31,17:10,ATROPELLO FUGA,1,0,0,PIURA,PIURA,VEINTISEIS DE OCTUBRE,URBANA,CARRETERA,NACIONAL,PE-02,-5.169754,-80.691815,DESPEJADO,RURAL,TRAMO RECTO,PLANA ,ASFALTADA,SI,PREVENTIVA (P),INFORMATIVA (I),NO,EN PROCESO DE INVESTIGACIÓN,NO CUENTA CON CAUSA ESPECIFICA,17.0,0,2021.0,10.0,6.0,1,2,3,0,0.0,0.0,0.0,0.0,0,1,59.0,0.0,1,0,2,0.5,0.0,0
A-2021-10-173,2021-10-31,17:30,CHOQUE,3,4,3,PUNO,SAN ROMAN,SAN MIGUEL,RURAL,CARRETERA,NACIONAL,PE-3S,-15.4423868,-70.1406484,DESPEJADO,RURAL,TRAMO RECTO,PLANA ,ASFALTADA,,,,,IMPRUDENCIA DEL CONDUCTOR,CONDUCIR EN SENTIDO CONTRARIO,17.0,2,2021.0,10.0,6.0,1,2,3,1,0.0,0.0,0.0,0.0,0,0,33.25,19.681390775479837,0,2,8,0.0,0.25,0
A-2021-11-6,2021-11-01,02:15,CHOQUE CON OBJETO FIJO,1,1,1,AREQUIPA,AREQUIPA,AREQUIPA,URBANA,AVENIDA,URBANO,NO CORRESPONDE,-16.4091797,-71.542648,DESPEJADO,RESIDENCIAL,TRAMO RECTO,PLANA ,ASFALTADA,SI,REGULADORA (R),PREVENTIVA (P),SI,EN PROCESO DE INVESTIGACIÓN,NO CUENTA CON CAUSA ESPECIFICA,2.0,0,2021.0,11.0,0.0,0,0,3,0,1.0,0.0,0.0,1.0,0,0,38.0,14.142135623730951,0,0,2,0.0,0.0,1
A-2021-11-1,2021-11-01,04:00,CHOQUE,1,0,1,PUNO,EL COLLAO,ILAVE,URBANA,JIRÓN,URBANO,NO CORRESPONDE,-16.08237752921327,-69.64474255723714,DESPEJADO,COMERCIAL,TRAMO RECTO,PLANA ,ASFALTADA,,,,,IMPRUDENCIA DEL CONDUCTOR,OTRO (IMPRUDENCIA DEL CONDUCTOR),4.0,0,2021.0,11.0,0.0,0,0,3,1,1.0,0.0,0.0,1.0,0,0,45.0,0.0,0,1,2,0.0,0.5,1
A-2021-11-2,2021-11-01,11:00,ATROPELLO,1,0,0,PUNO,CHUCUITO,ZEPITA,RURAL,CARRETERA,NACIONAL,PE-36A,-16.568724323768997,-69.25935742268182,DESPEJADO,RURAL,TRAMO RECTO,PLANA ,ASFALTADA,,,,,IMPRUDENCIA DEL PEATÓN,CRUCE INDEBIDO POR LA CALZADA,11.0,0,2021.0,11.0,0.0,0,1,3,1,0.0,0.0,0.0,0.0,0,0,44.5,14.849242404917497,0,1,2,0.0,0.5,0
A-2021-11-30,2021-11-01,14:20,DESPISTE,1,0,1,HUANCAVELICA,CASTROVIRREYNA,SANTA ANA,RURAL,CARRETERA,NACIONAL,PE-28D,-12.990179,-75.089773,DESPEJADO,RURAL,OTRO,PLANA ,ASFALTADA,,,,,EN PROCESO DE INVESTIGACIÓN,NO CUENTA CON CAUSA ESPECIFICA,14.0,0,2021.0,11.0,0.0,0,2,3,1,0.0,0.0,0.0,0.0,0,0,0.0,0.0,0,0,1,0.0,0.0,0
A-2021-11-124,2021-11-01,19:30,CHOQUE,1,0,0,PIURA,MORROPON,LA MATANZA,RURAL,CARRETERA,PROVINCIAL,PI-970,-5.222418,-80.113987,DESPEJADO,RURAL,TRAMO RECTO,PLANA ,ASFALTADA,,,,,EN PROCESO DE INVESTIGACIÓN,NO CUENTA CON CAUSA ESPECIFICA,19.0,0,2021.0,11.0,0.0,0,3,3,0,0.0,0.0,0.0,0.0,0,0,66.5,12.020815280171307,2,1,2,1.0,0.5,1
A-2021-11-209,2021-11-01,20:00,CHOQUE,1,0,0,JUNIN,SATIPO,PANGOA,RURAL,CARRETERA,NACIONAL,PE-28C,-11.45558,-74.49283,,,,,,,,,,EN PROCESO DE INVESTIGACIÓN,NO CUENTA CON CAUSA ESPECIFICA,20.0,0,2021.0,11.0,0.0,0,3,3,1,0.0,1.0,1.0,2.0,0,0,50.0,15.556349186104045,0,0,2,0.0,0.0,1
A-2021-11-113,2021-11-01,20:40,DESPISTE,1,0,1,LIMA,LIMA,VILLA MARIA DEL TRIUNFO,URBANA,AVENIDA,URBANO,NO CORRESPONDE,-12.21202,-76.903176,DESPEJADO,INDUSTRIAL,INTERSECCIÓN,PLANA ,ASFALTADA,,,,,EN PROCESO DE INVESTIGACIÓN,NO CUENTA CON CAUSA ESPECIFICA,20.0,0,2021.0,11.0,0.0,0,3,3,0,1.0,0.0,0.0,1.0,0,0,63.0,0.0,0,0,1,0.0,0.0,1
A-2021-11-114,2021-11-02,18:15,CHOQUE,1,0,0,LIMA,LIMA,PUENTE PIEDRA,URBANA,CARRETERA,NACIONAL,PE-1N,-11.853004,-77.089262,DESPEJADO,COMERCIAL,TRAMO RECTO,PLANA ,ASFALTADA,,,,,IMPRUDENCIA DEL CONDUCTOR,EXCESO DE VELOCIDAD,18.0,0,2021.0,11.0,1.0,0,3,3,0,0.0,0.0,0.0,0.0,0,0,25.0,0.0,0,0,2,0.0,0.0,1
A-2021-11-60,2021-11-02,21:30,CHOQUE,1,4,2,SAN MARTIN,RIOJA,PARDO MIGUEL,URBANA,CARRETERA,NACIONAL,PE-5N,-5.7443182,-77.4920366,DESPEJADO,RURAL,TRAMO RECTO,PLANA ,ASFALTADA,,,,,IMPRUDENCIA DEL CONDUCTOR,CONDUCIR EN ESTADO DE EBRIEDAD Y/O DROGADICCIÓN,21.0,0,2021.0,11.0,1.0,0,3,3,2,0.0,0.0,0.0,0.0,0,0,40.8,11.562871615649808,0,1,5,0.0,0.2,1
A-2021-11-8,2021-11-02,22:00,ATROPELLO,1,0,0,CALLAO,CALLAO,CALLAO,URBANA,CARRETERA,NACIONAL,PE-20,-11.986945636020454,-77.12551634359441,DESPEJADO,RESIDENCIAL,TRAMO RECTO,PLANA ,ASFALTADA,,,,,EN PROCESO DE INVESTIGACIÓN,NO CUENTA CON CAUSA ESPECIFICA,22.0,0,2021.0,11.0,1.0,0,3,3,0,0.0,0.0,0.0,0.0,0,0,43.5,12.020815280171307,0,1,2,0.0,0.5,1
A-2021-11-3,2021-11-02,22:06,ATROPELLO,1,0,1,ICA,ICA,SALAS,RURAL,CARRETERA,NACIONAL,PE-1S,-13.971763775730947,-75.77856388564376,DESPEJADO,RURAL,TRAMO RECTO,PLANA ,ASFALTADA,,,,,EN PROCESO DE INVESTIGACIÓN,NO CUENTA CON CAUSA ESPECIFICA,22.0,0,2021.0,11.0,1.0,0,3,3,0,0.0,0.0,0.0,0.0,0,0,19.5,0.7071067811865476,0,1,2,0.0,0.5,1
A-2021-11-141,2021-11-03,05:20,ATROPELLO,1,0,0,LIMA,LIMA,SANTA ANITA,URBANA,AVENIDA,URBANO,NO CORRESPONDE,-12.035626064550764,-76.94892346442275,DESPEJADO,COMERCIAL,TRAMO RECTO,PLANA ,ASFALTADA,,,,,EN PROCESO DE INVESTIGACIÓN,NO CUENTA CON CAUSA ESPECIFICA,5.0,0,2021.0,11.0,2.0,0,0,3,0,1.0,0.0,0.0,1.0,0,0,65.0,0.0,0,1,2,0.0,0.5,1
A-2021-11-10,2021-11-03,11:47,ATROPELLO,1,0,0,LIMA,LIMA,SAN MARTIN DE PORRES,URBANA,OTRO,URBANO,NO CORRESPONDE,-11.98185556481486,-77.10788603762292,DESPEJADO,RESIDENCIAL,TRAMO RECTO,PLANA ,ASFALTADA,,,,,IMPRUDENCIA DEL CONDUCTOR,EXCESO DE VELOCIDAD,11.0,0,2021.0,11.0,2.0,0,1,3,0,2.0,0.0,0.0,2.0,0,0,20.5,27.577164466275352,0,1,2,0.0,0.5,0
A-2021-11-4,2021-11-03,16:50,DESPISTE,1,1,1,ICA,ICA,SALAS,RURAL,CARRETERA,NACIONAL,PE-1S,-13.930957,-75.926299,DESPEJADO,RURAL,TRAMO RECTO,PLANA ,ASFALTADA,,,,,EN PROCESO DE INVESTIGACIÓN,NO CUENTA CON CAUSA ESPECIFICA,16.0,0,2021.0,11.0,2.0,0,2,3,0,0.0,0.0,0.0,0.0,0,0,27.5,2.1213203435596424,0,0,2,0.0,0.0,0
A-2021-11-53,2021-11-03,19:48,DESPISTE,2,0,1,LA LIBERTAD,CHEPEN,CHEPEN,RURAL,CARRETERA,SIN CLASIFICAR,SIN CLASIFICAR,-7.292995,-79.387354,DESPEJADO,RURAL,TRAMO RECTO,PLANA ,ASFALTADA,,,,,EN PROCESO DE INVESTIGACIÓN,NO CUENTA CON CAUSA ESPECIFICA,19.0,1,2021.0,11.0,2.0,0,3,3,0,0.0,0.0,0.0,0.0,0,0,37.333333333333336,28.290163190291665,0,1,3,0.0,0.333,1
A-2021-11-39,2021-11-03,20:00,CHOQUE,1,0,2,PUNO,CARABAYA,CRUCERO,RURAL,CARRETERA,PROVINCIAL,PU-566,-14.352358453309698,-70.01691257460625,DESPEJADO,RURAL,TRAMO RECTO,PLANA ,ASFALTADA,,,,,IMPRUDENCIA DEL CONDUCTOR,CONDUCIR EN SENTIDO CONTRARIO,20.0,0,2021.0,11.0,2.0,0,3,3,1,0.0,0.0,0.0,0.0,0,0,44.5,16.263455967290593,0,0,2,0.0,0.0,1
A-2021-11-99,2021-11-03,21:30,ATROPELLO,1,0,1,CUSCO,ANTA,ANTA,RURAL,CARRETERA,NACIONAL,PE-3S,-13.4767,-72.159212,NUBLADO,RURAL,TRAMO RECTO,PLANA ,ASFALTADA,,,,,IMPRUDENCIA DEL PEATÓN,CRUCE INDEBIDO POR LA CALZADA,21.0,0,2021.0,11.0,2.0,0,3,3,1,0.0,0.0,0.0,0.0,0,0,45.5,0.7071067811865476,0,1,2,0.0,0.5,1
A-2021-11-58,2021-11-03,21:50,CHOQUE,1,0,2,LA LIBERTAD,TRUJILLO,MOCHE,RURAL,AVENIDA,URBANO,NO CORRESPONDE,-8.166197,-79.021426,DESPEJADO,RURAL,TRAMO RECTO,PLANA ,ASFALTADA,,,,,IMPRUDENCIA DEL CONDUCTOR,CONDUCIR EN ESTADO DE EBRIEDAD Y/O DROGADICCIÓN,21.0,0,2021.0,11.0,2.0,0,3,3,0,1.0,0.0,0.0,1.0,0,0,31.0,12.727922061357855,0,0,2,0.0,0.0,1
A-2021-11-230,2021-11-04,04:00,DESPISTE,1,1,1,AREQUIPA,CAMANA,OCOÑA,RURAL,CARRETERA,NACIONAL,PE-1S,-16.448390189145695,-73.11756476619998,DESPEJADO,RURAL,CURVA,INCLINADA,ASFALTADA,,,,,EN PROCESO DE INVESTIGACIÓN,NO CUENTA CON CAUSA ESPECIFICA,4.0,0,2021.0,11.0,3.0,0,0,3,0,0.0,1.0,0.0,1.0,0,0,43.5,23.33452377915607,0,1,2,0.0,0.5,1
A-2021-11-194,2021-11-04,17:10,ATROPELLO,1,0,1,LAMBAYEQUE,LAMBAYEQUE,LAMBAYEQUE,RURAL,CARRETERA,NACIONAL,PE-1N,-6.7258713293797925,-79.8909311994564,DESPEJADO,RURAL,TRAMO RECTO,PLANA ,ASFALTADA,,,,,EN PROCESO DE INVESTIGACIÓN,NO CUENTA CON CAUSA ESPECIFICA,17.0,0,2021.0,11.0,3.0,0,2,3,0,0.0,0.0,0.0,0.0,0,0,61.0,11.313708498984761,0,1,2,0.0,0.5,0
A-2021-11-138,2021-11-04,21:50,ATROPELLO,1,1,1,CUSCO,URUBAMBA,URUBAMBA,RURAL,CARRETERA,NACIONAL,PE-28B,-13.27875312492858,-72.19782312772281,DESPEJADO,RURAL,CURVA,PLANA ,ASFALTADA,,,,,IMPRUDENCIA DEL CONDUCTOR,CONDUCIR EN ESTADO DE EBRIEDAD Y/O DROGADICCIÓN,21.0,0,2021.0,11.0,3.0,0,3,3,1,0.0,0.0,0.0,0.0,0,0,36.666666666666664,8.736894948054106,3,1,3,1.0,0.333,1
A-2021-11-20,2021-11-04,22:00,CHOQUE,1,1,0,LORETO,MAYNAS,SAN JUAN BAUTISTA,URBANA,AVENIDA,URBANO,NO CORRESPONDE,-3.7787646479803767,-73.27832040849776,,,,,,,,,,EN PROCESO DE INVESTIGACIÓN,NO CUENTA CON CAUSA ESPECIFICA,22.0,0,2021.0,11.0,3.0,0,3,3,2,1.0,1.0,1.0,3.0,0,0,22.0,8.48528137423857,0,0,2,0.0,0.0,1
A-2021-11-105,2021-11-05,04:40,ATROPELLO FUGA,1,0,0,CUSCO,ANTA,PUCYURA,RURAL,CARRETERA,NACIONAL,PE-3S,-13.477075301294391,-72.12008725593644,DESPEJADO,RURAL,TRAMO RECTO,PLANA ,ASFALTADA,,,,,IMPRUDENCIA DEL PEATÓN,ESTADO DE EBRIEDAD Y/O DROGADICCIÓN,4.0,0,2021.0,11.0,4.0,0,0,3,1,0.0,0.0,0.0,0.0,0,0,49.0,0.0,1,0,2,0.5,0.0,1
A-2021-11-142,2021-11-05,07:30,CAÍDA DE PASAJERO,1,0,0,LIMA,LIMA,PUENTE PIEDRA,URBANA,CARRETERA,NACIONAL,PE-1N,-11.899768,-77.067954,DESPEJADO,COMERCIAL,TRAMO RECTO,PLANA ,ASFALTADA,,,,,EN PROCESO DE INVESTIGACIÓN,NO CUENTA CON CAUSA ESPECIFICA,7.0,0,2021.0,11.0,4.0,0,1,3,0,0.0,0.0,0.0,0.0,0,0,26.5,12.020815280171307,0,1,2,0.0,0.5,0
A-2021-11-106,2021-11-05,08:30,ATROPELLO,2,0,0,CUSCO,CANCHIS,MARANGANI,RURAL,CARRETERA,NACIONAL,PE-3S,-14.362684477097222,-71.15961012326181,DESPEJADO,RURAL,TRAMO RECTO,PLANA ,ASFALTADA,,,,,IMPRUDENCIA DEL CONDUCTOR,EXCESO DE VELOCIDAD,8.0,1,2021.0,11.0,4.0,0,1,3,1,0.0,0.0,0.0,0.0,0,0,33.333333333333336,32.316146634976974,0,1,3,0.0,0.333,0
A-2021-11-143,2021-11-05,14:30,CHOQUE,1,0,2,LIMA,LIMA,SAN JUAN DE LURIGANCHO,URBANA,CARRETERA,NACIONAL,PE-22,-12.024278499330748,-76.96404421516526,DESPEJADO,RESIDENCIAL,TRAMO RECTO,PLANA ,ASFALTADA,,,,,EN PROCESO DE INVESTIGACIÓN,NO CUENTA CON CAUSA ESPECIFICA,14.0,0,2021.0,11.0,4.0,0,2,3,0,0.0,0.0,0.0,0.0,0,0,44.0,0.0,0,1,2,0.0,0.5,0
A-2021-11-54,2021-11-05,18:00,DESPISTE,1,0,1,LA LIBERTAD,SANCHEZ CARRION,SARIN,RURAL,CARRETERA,PROVINCIAL,LI-907,-7.912009,-77.903332,LLUVIOSO,RURAL,CURVA,INCLINADA,TROCHA,,,,,EN PROCESO DE INVESTIGACIÓN,NO CUENTA CON CAUSA ESPECIFICA,18.0,0,2021.0,11.0,4.0,0,3,3,0,0.0,1.0,2.0,3.0,1,0,14.0,0.0,0,0,1,0.0,0.0,1
A-2021-11-195,2021-11-05,19:45,CHOQUE,2,2,3,LAMBAYEQUE,LAMBAYEQUE,MOCHUMI,RURAL,CARRETERA,NACIONAL,PE-1NJ,-6.59103,-79.87774,DESPEJADO,RURAL,TRAMO RECTO,PLANA ,ASFALTADA,,,,,EN PROCESO DE INVESTIGACIÓN,NO CUENTA CON CAUSA ESPECIFICA,19.0,1,2021.0,11.0,4.0,0,3,3,0,0.0,0.0,0.0,0.0,0,0,21.0,5.887840577551898,0,0,5,0.0,0.0,1
A-2021-11-19,2021-11-05,20:20,CHOQUE FUGA,1,1,0,LORETO,MAYNAS,IQUITOS,URBANA,CALLE,URBANO,NO CORRESPONDE,-3.750630109537495,-73.26438363908272,,,,,,,,,,EN PROCESO DE INVESTIGACIÓN,NO CUENTA CON CAUSA ESPECIFICA,20.0,0,2021.0,11.0,4.0,0,3,3,2,2.0,1.0,1.0,4.0,0,0,18.0,0.0,0,0,2,0.0,0.0,1
A-2021-11-144,2021-11-05,22:30,CHOQUE,1,0,0,LIMA,LIMA,SAN MARTIN DE PORRES,URBANA,CARRETERA,NACIONAL,PE-1N,-12.026782,-77.058355,DESPEJADO,COMERCIAL,INTERSECCIÓN,PLANA ,ASFALTADA,,,,,IMPRUDENCIA DEL CONDUCTOR,EXCESO DE VELOCIDAD,22.0,0,2021.0,11.0,4.0,0,3,3,0,0.0,0.0,0.0,0.0,0,0,35.0,15.556349186104045,0,1,2,0.0,0.5,1
A-2021-11-146,2021-11-05,23:10,ATROPELLO FUGA,1,0,0,LIMA,LIMA,SAN JUAN DE MIRAFLORES,URBANA,CARRETERA,NACIONAL,PE-1S,-12.184364,-76.974964,DESPEJADO,RESIDENCIAL,TRAMO RECTO,PLANA ,ASFALTADA,,,,,EN PROCESO DE INVESTIGACIÓN,NO CUENTA CON CAUSA ESPECIFICA,23.0,0,2021.0,11.0,4.0,0,3,3,0,0.0,0.0,0.0,0.0,0,0,51.0,0.0,0,0,2,0.0,0.0,1
A-2021-11-107,2021-11-06,00:30,DESPISTE,2,0,1,CUSCO,ESPINAR,SUYCKUTAMBO,RURAL,CARRETERA,DEPARTAMENTAL,CU-110,-15.0030474362491,-71.63560488370956,DESPEJADO,RURAL,TRAMO RECTO,PLANA ,ASFALTADA,,,,,IMPRUDENCIA DEL CONDUCTOR,EXCESO DE VELOCIDAD,0.0,1,2021.0,11.0,5.0,1,0,3,1,0.0,0.0,0.0,0.0,0,0,20.5,3.5355339059327378,0,0,2,0.0,0.0,1
A-2021-11-55,2021-11-06,02:20,DESPISTE,1,4,1,LA LIBERTAD,OTUZCO,OTUZCO,RURAL,CARRETERA,NACIONAL,PE-10A,-7.972887285785017,-78.64350609182706,DESPEJADO,RURAL,CURVA,PLANA ,ASFALTADA,,,,,IMPRUDENCIA DEL PASAJERO/OCUPANTE,SUBIR Y BAJAR DEL VEHÍCULO EN MOVIMIENTO,2.0,0,2021.0,11.0,5.0,1,0,3,0,0.0,0.0,0.0,0.0,0,0,38.0,22.645087767549057,0,1,6,0.0,0.167,1
A-2021-11-13,2021-11-06,08:20,CHOQUE,1,0,2,CAJAMARCA,CAJAMARCA,CAJAMARCA,URBANA,CARRETERA,NACIONAL,PE-08,-7.1970432,-78.50881536,SOLEADO,RESIDENCIAL,TRAMO RECTO,INCLINADA,ASFALTADA,NO,,,SI,EN PROCESO DE INVESTIGACIÓN,NO CUENTA CON CAUSA ESPECIFICA,8.0,0,2021.0,11.0,5.0,1,1,3,1,0.0,1.0,0.0,1.0,0,1,38.0,4.242640687119285,0,0,2,0.0,0.0,0
A-2021-11-196,2021-11-06,15:10,VOLCADURA,1,1,1,LAMBAYEQUE,CHICLAYO,PIMENTEL,RURAL,CARRETERA,NACIONAL,PE-1N,-6.754212798303056,-79.86549869180372,SOLEADO,INDUSTRIAL,TRAMO RECTO,PLANA ,ASFALTADA,,,,,EN PROCESO DE INVESTIGACIÓN,NO CUENTA CON CAUSA ESPECIFICA,15.0,0,2021.0,11.0,5.0,1,2,3,0,0.0,0.0,0.0,0.0,0,0,24.5,0.7071067811865476,0,1,2,0.0,0.5,0