CODIGO_SINIESTRO,FECHA_SINIESTRO,HORA_SINIESTRO,CLASE_SINIESTRO,CANTIDAD_FALLECIDOS,CANTIDAD_LESIONADOS,CANTIDAD_VEHICULOS,DEPARTAMENTO,PROVINCIA,DISTRITO,ZONA,TIPO_VIA,RED_VIAL,COD_CARRETERA,LATITUD,LONGITUD,CONDICION_CLIMATICA,ZONIFICACION,CARACTERISTICAS_VIA,PERFIL_VIA,SUPERFICIE_CALZADA,EXISTE_SENIAL_VERTICAL,CLASIFICACION_SENIAL_VERTICAL_1,CLASIFICACION_SENIAL_VERTICAL_2,EXISTE_SENIAL_HORIZONTAL,CAUSA_FACTOR_PRINCIPAL,CAUSA_ESPECIFICA,HORA,severidad,ANIO,MES,DIA_SEMANA,FIN_SEMANA,FRANJA_HORARIA,TEMPORADA,MACROREGION,TIPO_VIA_SCORE,PERFIL_VIA_SCORE,SUPERFICIE_CALZADA_SCORE,RIESGO_INFRAESTRUCTURA,RIESGO_CLIMATICO,SENIALIZACION_DEFICIENTE,EDAD_PROMEDIO,EDAD_STD,TOTAL_ALCOHOL,TOTAL_LICENCIA,TOTAL_PERSONAS,PCT_ALCOHOL,PCT_LICENCIA,ES_NOCHE
A-2021-11-7,2021-11-06,15:30,DESPISTE,1,1,1,ICA,PISCO,HUMAY,RURAL,CARRETERA,NACIONAL,PE-28A,-13.7151848,-75.8502231,DESPEJADO,RURAL,TRAMO RECTO,PLANA ,ASFALTADA,,,,,EN PROCESO DE INVESTIGACIÓN,NO CUENTA CON CAUSA ESPECIFICA,15.0,0,2021.0,11.0,5.0,1,2,3,0,0.0,0.0,0.0,0.0,0,0,37.5,17.67766952966369,1,1,2,0.5,0.5,0
A-2021-11-56,2021-11-06,20:45,ATROPELLO,1,1,1,LA LIBERTAD,PACASMAYO,GUADALUPE,RURAL,CARRETERA,NACIONAL,PE-1N,-7.252419,-79.484165,DESPEJADO,RURAL,TRAMO RECTO,PLANA ,ASFALTADA,,,,,IMPRUDENCIA DEL CONDUCTOR,EXCESO DE VELOCIDAD,20.0,0,2021.0,11.0,5.0,1,3,3,0,0.0,0.0,0.0,0.0,0,0,35.0,18.384776310850235,0,0,2,0.0,0.0,1
A-2021-11-28,2021-11-06,22:40,ATROPELLO FUGA,1,0,1,PUNO,SAN ROMAN,SAN MIGUEL,URBANA,CARRETERA,NACIONAL,PE-3S,-15.4534463,-70.140514,DESPEJADO,COMERCIAL,TRAMO RECTO,PLANA ,ASFALTADA,,,,,IMPRUDENCIA DEL CONDUCTOR,EXCESO DE VELOCIDAD,22.0,0,2021.0,11.0,5.0,1,3,3,1,0.0,0.0,0.0,0.0,0,0,45.0,0.0,0,0,2,0.0,0.0,1
A-2021-11-76,2021-11-06,23:20,VOLCADURA,1,0,1,LA LIBERTAD,PATAZ,PIAS,RURAL,CARRETERA,PROVINCIAL,LI-865,-7.936071,-77.515048,DESPEJADO,RURAL,TRAMO RECTO,PLANA ,TROCHA,,,,,IMPRUDENCIA DEL CONDUCTOR,FATIGA Y/O CANSANCIO,23.0,0,2021.0,11.0,5.0,1,3,3,0,0.0,0.0,2.0,2.0,0,0,46.0,0.0,0,1,1,0.0,1.0,1
A-2021-11-5,2021-11-06,23:30,DESPISTE,1,0,1,ANCASH,HUARAZ,PIRA,RURAL,CARRETERA,NACIONAL,PE-14,-9.55948043434102,-77.68818743824498,NUBLADO,RURAL,CURVA,INCLINADA,AFIRMADO,,,,,IMPRUDENCIA DEL CONDUCTOR,FATIGA Y/O CANSANCIO,23.0,0,2021.0,11.0,5.0,1,3,3,0,0.0,1.0,1.0,2.0,0,0,41.0,0.0,0,1,1,0.0,1.0,1
A-2021-11-147,2021-11-07,02:00,ATROPELLO FUGA,1,0,0,LIMA,LIMA,COMAS,URBANA,AVENIDA,URBANO,NO CORRESPONDE,-11.9530139,-77.05131443,DESPEJADO,COMERCIAL,INTERSECCIÓN,PLANA ,ASFALTADA,,,,,EN PROCESO DE INVESTIGACIÓN,NO CUENTA CON CAUSA ESPECIFICA,2.0,0,2021.0,11.0,6.0,1,0,3,0,1.0,0.0,0.0,1.0,0,0,39.0,0.0,0,0,2,0.0,0.0,1
A-2021-11-26,2021-11-07,03:00,ATROPELLO FUGA,1,0,0,TUMBES,ZARUMILLA,PAPAYAL,RURAL,CARRETERA,NACIONAL,PE-1N,-3.523786981441944,-80.35049360155682,,,,,,,,,,EN PROCESO DE INVESTIGACIÓN,NO CUENTA CON CAUSA ESPECIFICA,3.0,0,2021.0,11.0,6.0,1,0,3,0,0.0,1.0,1.0,2.0,0,0,0.0,0.0,0,0,2,0.0,0.0,1
A-2021-11-176,2021-11-07,04:30,ATROPELLO FUGA,1,1,1,LIMA,HUARAL,CHANCAY,URBANA,CARRETERA,NACIONAL,PE-1N,-11.595705,-77.254904,DESPEJADO,RURAL,TRAMO RECTO,PLANA ,ASFALTADA,,,,,EN PROCESO DE INVESTIGACIÓN,NO CUENTA CON CAUSA ESPECIFICA,4.0,0,2021.0,11.0,6.0,1,0,3,0,0.0,0.0,0.0,0.0,0,0,30.5,7.7781745930520225,0,0,3,0.0,0.0,1
A-2021-11-59,2021-11-07,05:30,DESPISTE,1,0,1,LA LIBERTAD,OTUZCO,USQUIL,RURAL,CARRETERA,PROVINCIAL,LI-1144,-7.849949,-78.431857,DESPEJADO,RURAL,TRAMO RECTO,PLANA ,AFIRMADO,,,,,IMPRUDENCIA DEL CONDUCTOR,OTRO (IMPRUDENCIA DEL CONDUCTOR),5.0,0,2021.0,11.0,6.0,1,0,3,0,0.0,0.0,1.0,1.0,0,0,60.0,0.0,0,1,1,0.0,1.0,1
A-2021-11-125,2021-11-07,06:15,ATROPELLO FUGA,1,0,0,PIURA,SULLANA,MIGUEL CHECA,URBANA,CARRETERA,NACIONAL,PE-02,-5.14547,-80.797084,DESPEJADO,RURAL,TRAMO RECTO,PLANA ,ASFALTADA,,,,,EN PROCESO DE INVESTIGACIÓN,NO CUENTA CON CAUSA ESPECIFICA,6.0,0,2021.0,11.0,6.0,1,1,3,0,0.0,0.0,0.0,0.0,0,0,33.0,0.0,1,0,2,0.5,0.0,0
A-2021-11-175,2021-11-07,07:00,DESPISTE,1,0,1,LIMA,HUARAL,AUCALLAMA,RURAL,CARRETERA,PROVINCIAL,LM-685,-11.595899,-77.183451,DESPEJADO,RURAL,TRAMO RECTO,PLANA ,ASFALTADA,,,,,EN PROCESO DE INVESTIGACIÓN,NO CUENTA CON CAUSA ESPECIFICA,7.0,0,2021.0,11.0,6.0,1,1,3,0,0.0,0.0,0.0,0.0,0,0,34.0,0.0,0,0,1,0.0,0.0,0
A-2021-11-126,2021-11-07,07:30,CHOQUE,1,0,1,PIURA,TALARA,PARIÑAS,RURAL,CARRETERA,DEPARTAMENTAL,PI-100,-4.5787018858657085,-81.25371330878743,DESPEJADO,RURAL,TRAMO RECTO,INCLINADA,ASFALTADA,,,,,EN PROCESO DE INVESTIGACIÓN,NO CUENTA CON CAUSA ESPECIFICA,7.0,0,2021.0,11.0,6.0,1,1,3,0,0.0,1.0,0.0,1.0,0,0,33.5,19.091883092036785,1,2,2,0.5,1.0,0
A-2021-11-148,2021-11-07,10:40,ATROPELLO,1,0,0,LIMA,LIMA,LOS OLIVOS,URBANA,CARRETERA,NACIONAL,PE-1N,-11.9377688,-77.0718313,DESPEJADO,COMERCIAL,INTERSECCIÓN,PLANA ,ASFALTADA,,,,,EN PROCESO DE INVESTIGACIÓN,NO CUENTA CON CAUSA ESPECIFICA,10.0,0,2021.0,11.0,6.0,1,1,3,0,0.0,0.0,0.0,0.0,0,0,34.0,0.0,0,0,2,0.0,0.0,0
A-2021-11-197,2021-11-07,14:00,DESPISTE,1,0,1,LAMBAYEQUE,CHICLAYO,NUEVA ARICA,RURAL,CARRETERA,NACIONAL,PE-1NI,-6.881456,-79.364877,DESPEJADO,RURAL,TRAMO RECTO,PLANA ,ASFALTADA,,,,,EN PROCESO DE INVESTIGACIÓN,NO CUENTA CON CAUSA ESPECIFICA,14.0,0,2021.0,11.0,6.0,1,2,3,0,0.0,0.0,0.0,0.0,0,0,26.0,0.0,0,0,1,0.0,0.0,0
A-2021-11-151,2021-11-07,16:14,CHOQUE,1,0,0,LIMA,LIMA,SANTIAGO DE SURCO,URBANA,AVENIDA,URBANO,NO CORRESPONDE,-12.1285414,-76.9849656,DESPEJADO,RESIDENCIAL,INTERSECCIÓN,PLANA ,ASFALTADA,,,,,EN PROCESO DE INVESTIGACIÓN,NO CUENTA CON CAUSA ESPECIFICA,16.0,0,2021.0,11.0,6.0,1,2,3,0,1.0,0.0,0.0,1.0,0,0,35.5,21.920310216782973,0,1,2,0.0,0.5,0
A-2021-11-149,2021-11-07,20:00,CHOQUE,1,0,0,LIMA,LIMA,LOS OLIVOS,URBANA,CARRETERA,NACIONAL,PE-1N,-11.9625772,-77.06838513,DESPEJADO,ESCOLAR,ÓVALO,PLANA ,ASFALTADA,,,,,EN PROCESO DE INVESTIGACIÓN,NO CUENTA CON CAUSA ESPECIFICA,20.0,0,2021.0,11.0,6.0,1,3,3,0,0.0,0.0,0.0,0.0,0,0,28.5,2.1213203435596424,0,2,3,0.0,0.667,1
A-2021-11-57,2021-11-07,20:00,DESPISTE,1,0,1,LA LIBERTAD,VIRU,VIRU,RURAL,CARRETERA,PROVINCIAL,LI-1144,-8.379761962603865,-78.67973731164133,DESPEJADO,RURAL,TRAMO RECTO,PLANA ,ASFALTADA,,,,,EN PROCESO DE INVESTIGACIÓN,NO CUENTA CON CAUSA ESPECIFICA,20.0,0,2021.0,11.0,6.0,1,3,3,0,0.0,0.0,0.0,0.0,0,0,36.5,4.949747468305833,0,1,2,0.0,0.5,1
A-2021-11-78,2021-11-07,20:25,CHOQUE,1,1,3,LA LIBERTAD,ASCOPE,CHICAMA,RURAL,CARRETERA,NACIONAL,PE-1N,-7.97602,-79.080414,DESPEJADO,RURAL,TRAMO RECTO,PLANA ,ASFALTADA,,,,,IMPRUDENCIA DEL CONDUCTOR,NO ESTABLECER EL DERECHO DE PASO,20.0,0,2021.0,11.0,6.0,1,3,3,0,0.0,0.0,0.0,0.0,0,0,28.333333333333332,17.7857620959388,0,1,5,0.0,0.2,1
A-2021-11-213,2021-11-08,02:45,CHOQUE FUGA,1,0,1,CAJAMARCA,JAEN,JAEN,URBANA,CARRETERA,NACIONAL,PE-5N,-5.72850235746191,-78.79640223986553,DESPEJADO,COMERCIAL,TRAMO RECTO,PLANA ,ASFALTADA,,,,,EN PROCESO DE INVESTIGACIÓN,NO CUENTA CON CAUSA ESPECIFICA,2.0,0,2021.0,11.0,0.0,0,0,3,1,0.0,0.0,0.0,0.0,0,0,21.0,0.0,0,0,2,0.0,0.0,1
A-2021-11-14,2021-11-08,05:00,DESPISTE,2,2,1,ANCASH,POMABAMBA,POMABAMBA,RURAL,CARRETERA,SIN CLASIFICAR,SIN CLASIFICAR,-8.786975938978326,-77.51050281562338,LLUVIOSO,RURAL,CURVA,PLANA ,TROCHA,SI,INFORMATIVA (I),PREVENTIVA (P),NO,IMPRUDENCIA DEL CONDUCTOR,OTRO (IMPRUDENCIA DEL CONDUCTOR),5.0,1,2021.0,11.0,0.0,0,0,3,0,0.0,0.0,2.0,2.0,1,1,33.0,13.662601021279464,0,1,4,0.0,0.25,1
A-2021-11-152,2021-11-08,06:30,CHOQUE,1,2,0,LIMA,LIMA,ATE,URBANA,CARRETERA,NACIONAL,PE-22,-12.006873185625013,-76.8523680755825,DESPEJADO,RESIDENCIAL,TRAMO RECTO,PLANA ,ASFALTADA,,,,,EN PROCESO DE INVESTIGACIÓN,NO CUENTA CON CAUSA ESPECIFICA,6.0,0,2021.0,11.0,0.0,0,1,3,0,0.0,0.0,0.0,0.0,0,0,35.2,17.181385275931625,0,1,5,0.0,0.2,0
A-2021-11-77,2021-11-08,10:00,DESPISTE,1,0,1,LA LIBERTAD,SANCHEZ CARRION,HUAMACHUCO,RURAL,CARRETERA,NACIONAL,PE-10B,-7.79029,-77.96874,DESPEJADO,RURAL,TRAMO RECTO,PLANA ,TROCHA,,,,,EN PROCESO DE INVESTIGACIÓN,NO CUENTA CON CAUSA ESPECIFICA,10.0,0,2021.0,11.0,0.0,0,1,3,0,0.0,0.0,2.0,2.0,0,0,47.0,0.0,0,0,1,0.0,0.0,0
A-2021-11-11,2021-11-08,12:40,ATROPELLO FUGA,1,0,0,LIMA,LIMA,SAN MIGUEL,URBANA,AVENIDA,URBANO,NO CORRESPONDE,-12.061559236169526,-77.08750324599814,DESPEJADO,INDUSTRIAL,TRAMO RECTO,PLANA ,ASFALTADA,NO,,,SI,EN PROCESO DE INVESTIGACIÓN,NO CUENTA CON CAUSA ESPECIFICA,12.0,0,2021.0,11.0,0.0,0,2,3,0,1.0,0.0,0.0,1.0,0,1,81.0,0.0,0,0,2,0.0,0.0,0
A-2021-11-79,2021-11-08,16:20,DESPISTE,1,10,1,LA LIBERTAD,ASCOPE,CHICAMA,RURAL,CARRETERA,NACIONAL,PE-1N,-7.908891,-79.116131,DESPEJADO,RURAL,TRAMO RECTO,PLANA ,ASFALTADA,,,,,EN PROCESO DE INVESTIGACIÓN,NO CUENTA CON CAUSA ESPECIFICA,16.0,0,2021.0,11.0,0.0,0,2,3,0,0.0,0.0,0.0,0.0,0,0,44.63636363636363,15.383580384765615,0,1,11,0.0,0.091,0
A-2021-11-153,2021-11-09,05:30,ATROPELLO,1,0,0,LIMA,LIMA,SAN JUAN DE LURIGANCHO,URBANA,AVENIDA,URBANO,NO CORRESPONDE,-11.941629,-76.999188,DESPEJADO,INDUSTRIAL,INTERSECCIÓN,PLANA ,ASFALTADA,,,,,EN PROCESO DE INVESTIGACIÓN,NO CUENTA CON CAUSA ESPECIFICA,5.0,0,2021.0,11.0,1.0,0,0,3,0,1.0,0.0,0.0,1.0,0,0,43.0,7.937253933193772,0,1,3,0.0,0.333,1
A-2021-11-210,2021-11-09,14:45,CHOQUE,1,2,2,SAN MARTIN,SAN MARTIN,LA BANDA DE SHILCAYO,RURAL,AVENIDA,URBANO,NO CORRESPONDE,-6.5247283,-76.3603705,DESPEJADO,RURAL,TRAMO RECTO,PLANA ,ASFALTADA,,,,,IMPRUDENCIA DEL CONDUCTOR,CONDUCIR EN ESTADO DE EBRIEDAD Y/O DROGADICCIÓN,14.0,0,2021.0,11.0,1.0,0,2,3,2,1.0,0.0,0.0,1.0,0,0,37.0,10.801234497346433,1,0,4,0.25,0.0,0
A-2021-11-23,2021-11-09,22:40,DESPISTE,2,0,1,CAJAMARCA,HUALGAYOC,BAMBAMARCA,RURAL,CARRETERA,PROVINCIAL,CA-965,-6.59445671,-78.44585445,DESPEJADO,RURAL,CURVA,PLANA ,AFIRMADO,,,,,NEGLIGENCIA DEL CONDUCTOR,OTRO (NEGLIGENCIA DEL CONDUCTOR),22.0,1,2021.0,11.0,1.0,0,3,3,1,0.0,0.0,1.0,1.0,0,0,37.5,0.7071067811865476,0,1,2,0.0,0.5,1
A-2021-11-17,2021-11-10,03:20,ATROPELLO,1,0,1,PUNO,SAN ROMAN,CARACOTO,RURAL,CARRETERA,NACIONAL,PE-3S,-15.5458888,-70.1103135,DESPEJADO,RURAL,TRAMO RECTO,PLANA ,ASFALTADA,NO,,,SI,IMPRUDENCIA DEL CONDUCTOR,CONDUCIR EN SENTIDO CONTRARIO,3.0,0,2021.0,11.0,2.0,0,0,3,1,0.0,0.0,0.0,0.0,0,1,40.5,2.1213203435596424,1,1,2,0.5,0.5,1
A-2021-11-133,2021-11-10,11:00,DESPISTE,1,0,0,PIURA,TALARA,LOS ORGANOS,URBANA,CALLE,URBANO,NO CORRESPONDE,-4.175174097137863,-81.12767516429419,SOLEADO,COMERCIAL,TRAMO RECTO,PLANA ,CONCRETO,,,,,EN PROCESO DE INVESTIGACIÓN,NO CUENTA CON CAUSA ESPECIFICA,11.0,0,2021.0,11.0,2.0,0,1,3,0,2.0,0.0,0.0,2.0,0,0,17.5,0.7071067811865476,0,0,2,0.0,0.0,0
A-2021-11-101,2021-11-10,17:30,DESPISTE,1,0,1,CUSCO,ANTA,LIMATAMBO,RURAL,CARRETERA,NACIONAL,PE-3S,-13.461079,-72.410298,DESPEJADO,RURAL,CURVA,PLANA ,ASFALTADA,,,,,IMPRUDENCIA DEL CONDUCTOR,EXCESO DE VELOCIDAD,17.0,0,2021.0,11.0,2.0,0,2,3,1,0.0,0.0,0.0,0.0,0,0,36.0,0.0,0,1,1,0.0,1.0,0
A-2021-11-154,2021-11-10,19:15,ATROPELLO,1,0,0,LIMA,LIMA,SAN JUAN DE LURIGANCHO,URBANA,AVENIDA,URBANO,NO CORRESPONDE,-12.019140078335292,-76.95220124037239,DESPEJADO,INDUSTRIAL,INTERSECCIÓN,PLANA ,ASFALTADA,,,,,EN PROCESO DE INVESTIGACIÓN,NO CUENTA CON CAUSA ESPECIFICA,19.0,0,2021.0,11.0,2.0,0,3,3,0,1.0,0.0,0.0,1.0,0,0,49.0,0.0,0,1,2,0.0,0.5,1
A-2021-11-108,2021-11-11,03:55,DESPISTE,1,0,1,CUSCO,CANCHIS,MARANGANI,RURAL,CARRETERA,NACIONAL,PE-3S,-14.361736303383893,-71.16063313725412,DESPEJADO,RURAL,TRAMO RECTO,PLANA ,ASFALTADA,,,,,IMPRUDENCIA DEL CONDUCTOR,EXCESO DE VELOCIDAD,3.0,0,2021.0,11.0,3.0,0,0,3,1,0.0,0.0,0.0,0.0,0,0,47.0,9.899494936611665,0,1,2,0.0,0.5,1
A-2021-11-127,2021-11-11,03:55,DESPISTE,1,0,1,CUSCO,URUBAMBA,OLLANTAYTAMBO,RURAL,CARRETERA,NACIONAL,PE-28B,-13.171462802840676,-72.28498423266853,LLUVIOSO,RURAL,CURVA,INCLINADA,ASFALTADA,,,,,IMPRUDENCIA DEL CONDUCTOR,EXCESO DE VELOCIDAD,3.0,0,2021.0,11.0,3.0,0,0,3,1,0.0,1.0,0.0,1.0,1,0,37.0,0.0,0,1,1,0.0,1.0,1
A-2021-11-198,2021-11-11,22:00,DESPISTE,1,0,1,CAJAMARCA,JAEN,COLASAY,RURAL,CARRETERA,PROVINCIAL,CA-674,-5.9722404366129975,-79.06092699396477,DESPEJADO,RURAL,TRAMO RECTO,PLANA ,ASFALTADA,SI,PREVENTIVA (P),INFORMATIVA (I),NO,EN PROCESO DE INVESTIGACIÓN,NO CUENTA CON CAUSA ESPECIFICA,22.0,0,2021.0,11.0,3.0,0,3,3,1,0.0,0.0,0.0,0.0,0,1,47.0,0.0,0,0,1,0.0,0.0,1
A-2021-11-199,2021-11-11,23:00,ATROPELLO,1,0,1,LAMBAYEQUE,CHICLAYO,MONSEFU,RURAL,CARRETERA,NACIONAL,PE-1N,-6.8499306,-79.8274704,DESPEJADO,RURAL,TRAMO RECTO,PLANA ,ASFALTADA,,,,,EN PROCESO DE INVESTIGACIÓN,NO CUENTA CON CAUSA ESPECIFICA,23.0,0,2021.0,11.0,3.0,0,3,3,0,0.0,0.0,0.0,0.0,0,0,61.0,5.656854249492381,0,1,2,0.0,0.5,1
A-2021-11-155,2021-11-12,03:20,DESPISTE,1,0,1,LIMA,LIMA,LOS OLIVOS,URBANA,OTRO,URBANO,NO CORRESPONDE,-11.97728917764712,-77.06677953239885,DESPEJADO,COMERCIAL,ÓVALO,PLANA ,ASFALTADA,,,,,EN PROCESO DE INVESTIGACIÓN,NO CUENTA CON CAUSA ESPECIFICA,3.0,0,2021.0,11.0,4.0,0,0,3,0,2.0,0.0,0.0,2.0,0,0,29.0,0.0,0,0,1,0.0,0.0,1
A-2021-11-41,2021-11-12,12:00,CHOQUE,1,2,2,AREQUIPA,ISLAY,COCACHACRA,URBANA,CARRETERA,PROVINCIAL,AR-831,-17.103822,-71.782555,DESPEJADO,RESIDENCIAL,TRAMO RECTO,INCLINADA,ASFALTADA,SI,REGULADORA (R),PREVENTIVA (P),SI,EN PROCESO DE INVESTIGACIÓN,NO CUENTA CON CAUSA ESPECIFICA,12.0,0,2021.0,11.0,4.0,0,2,3,0,0.0,1.0,0.0,1.0,0,0,51.0,9.643650760992955,0,0,3,0.0,0.0,0
A-2021-11-156,2021-11-12,15:10,DESPISTE,1,0,0,LIMA,LIMA,SAN MARTIN DE PORRES,URBANA,CARRETERA,NACIONAL,PE-1N,-12.03548,-77.04769,DESPEJADO,COMERCIAL,PUENTE,PLANA ,ASFALTADA,,,,,EN PROCESO DE INVESTIGACIÓN,NO CUENTA CON CAUSA ESPECIFICA,15.0,0,2021.0,11.0,4.0,0,2,3,0,0.0,0.0,0.0,0.0,0,0,34.0,0.0,0,1,2,0.0,0.5,0
A-2021-11-231,2021-11-12,17:00,CHOQUE,1,1,2,AREQUIPA,CARAVELI,ACARI,RURAL,CARRETERA,NACIONAL,PE-1S,-15.6403496,-74.6205816,DESPEJADO,RURAL,TRAMO RECTO,INCLINADA,ASFALTADA,,,,,EN PROCESO DE INVESTIGACIÓN,NO CUENTA CON CAUSA ESPECIFICA,17.0,0,2021.0,11.0,4.0,0,2,3,0,0.0,1.0,0.0,1.0,0,0,49.0,21.213203435596427,0,2,2,0.0,1.0,0
A-2021-11-158,2021-11-12,19:30,ATROPELLO FUGA,1,0,0,LIMA,LIMA,PUCUSANA,URBANA,CARRETERA,NACIONAL,PE-1S,-12.460258,-76.752788,DESPEJADO,RESIDENCIAL,TRAMO RECTO,PLANA ,ASFALTADA,,,,,EN PROCESO DE INVESTIGACIÓN,NO CUENTA CON CAUSA ESPECIFICA,19.0,0,2021.0,11.0,4.0,0,3,3,0,0.0,0.0,0.0,0.0,0,0,0.0,0.0,0,0,2,0.0,0.0,1
A-2021-11-157,2021-11-12,19:45,ATROPELLO,1,0,0,LIMA,LIMA,LOS OLIVOS,URBANA,AVENIDA,URBANO,NO CORRESPONDE,-11.937184,-77.07225,DESPEJADO,COMERCIAL,TRAMO RECTO,PLANA ,ASFALTADA,,,,,EN PROCESO DE INVESTIGACIÓN,NO CUENTA CON CAUSA ESPECIFICA,19.0,0,2021.0,11.0,4.0,0,3,3,0,1.0,0.0,0.0,1.0,0,0,28.0,1.4142135623730951,0,0,2,0.0,0.0,1
A-2021-11-18,2021-11-13,04:20,CHOQUE,3,1,2,ICA,NASCA,VISTA ALEGRE,RURAL,CARRETERA,NACIONAL,PE-1S,-14.900542673578514,-74.9836313041812,DESPEJADO,RURAL,TRAMO RECTO,PLANA ,ASFALTADA,,,,,EN PROCESO DE INVESTIGACIÓN,NO CUENTA CON CAUSA ESPECIFICA,4.0,2,2021.0,11.0,5.0,1,0,3,0,0.0,0.0,0.0,0.0,0,0,33.6,21.80137610335641,0,1,5,0.0,0.2,1
A-2021-11-159,2021-11-13,10:50,ATROPELLO FUGA,1,0,0,LIMA,LIMA,SANTA ANITA,URBANA,AVENIDA,URBANO,NO CORRESPONDE,-12.0342431,-76.9438968,DESPEJADO,COMERCIAL,INTERSECCIÓN,PLANA ,ASFALTADA,,,,,EN PROCESO DE INVESTIGACIÓN,NO CUENTA CON CAUSA ESPECIFICA,10.0,0,2021.0,11.0,5.0,1,1,3,0,1.0,0.0,0.0,1.0,0,0,56.0,26.870057685088806,0,0,3,0.0,0.0,0
A-2021-11-160,2021-11-13,18:05,DESPISTE,1,0,1,LIMA,LIMA,SANTA ANITA,URBANA,AVENIDA,URBANO,NO CORRESPONDE,-12.040805777705948,-76.96285768063521,DESPEJADO,COMERCIAL,INTERSECCIÓN,PLANA ,ASFALTADA,,,,,EN PROCESO DE INVESTIGACIÓN,NO CUENTA CON CAUSA ESPECIFICA,18.0,0,2021.0,11.0,5.0,1,3,3,0,1.0,0.0,0.0,1.0,0,0,23.0,0.0,0,0,1,0.0,0.0,1
A-2021-11-66,2021-11-13,21:15,CHOQUE,3,2,2,LIMA,HUAURA,VEGUETA,RURAL,CARRETERA,NACIONAL,PE-1N,-10.921073,-77.655477,DESPEJADO,RURAL,INTERSECCIÓN,PLANA ,ASFALTADA,,,,,IMPRUDENCIA DEL CONDUCTOR,EXCESO DE VELOCIDAD,21.0,2,2021.0,11.0,5.0,1,3,3,0,0.0,0.0,0.0,0.0,0,0,39.666666666666664,9.66781602362533,0,1,6,0.0,0.167,1
A-2021-11-80,2021-11-13,22:15,CHOQUE,1,1,2,LA LIBERTAD,PACASMAYO,PACASMAYO,RURAL,AVENIDA,URBANO,NO CORRESPONDE,-7.400035389838204,-79.56347156684272,DESPEJADO,RURAL,INTERSECCIÓN,PLANA ,ASFALTADA,,,,,IMPRUDENCIA DEL CONDUCTOR,NO ESTABLECER EL DERECHO DE PASO,22.0,0,2021.0,11.0,5.0,1,3,3,0,1.0,0.0,0.0,1.0,0,0,28.666666666666668,12.42309676905615,0,1,3,0.0,0.333,1
A-2021-11-128,2021-11-14,00:30,ATROPELLO FUGA,1,0,0,PIURA,PIURA,CATACAOS,URBANA,CARRETERA,NACIONAL,PE-1NK,-5.263178,-80.669254,DESPEJADO,COMERCIAL,TRAMO RECTO,PLANA ,ASFALTADA,,,,,EN PROCESO DE INVESTIGACIÓN,NO CUENTA CON CAUSA ESPECIFICA,0.0,0,2021.0,11.0,6.0,1,0,3,0,0.0,0.0,0.0,0.0,0,0,32.0,0.0,0,0,2,0.0,0.0,1
A-2021-11-208,2021-11-14,01:00,CHOQUE,1,0,2,LAMBAYEQUE,LAMBAYEQUE,OLMOS,URBANA,OTRO,URBANO,NO CORRESPONDE,-5.988739,-79.748139,DESPEJADO,RESIDENCIAL,INTERSECCIÓN,PLANA ,ASFALTADA,,,,,EN PROCESO DE INVESTIGACIÓN,NO CUENTA CON CAUSA ESPECIFICA,1.0,0,2021.0,11.0,6.0,1,0,3,0,2.0,0.0,0.0,2.0,0,0,18.666666666666668,2.886751345948129,0,0,3,0.0,0.0,1
A-2021-11-21,2021-11-14,02:30,CHOQUE FUGA,1,0,0,LORETO,LORETO,NAUTA,RURAL,CARRETERA,DEPARTAMENTAL,LO-103,-4.385136967768439,-73.56660020112915,,,,,,,,,,EN PROCESO DE INVESTIGACIÓN,NO CUENTA CON CAUSA ESPECIFICA,2.0,0,2021.0,11.0,6.0,1,0,3,2,0.0,1.0,1.0,2.0,0,0,31.0,0.0,0,0,1,0.0,0.0,1
A-2021-11-22,2021-11-14,04:50,DESPISTE,1,0,0,LORETO,MAYNAS,IQUITOS,URBANA,AVENIDA,URBANO,NO CORRESPONDE,-3.756951895267748,-73.25141780658379,,,,,,,,,,EN PROCESO DE INVESTIGACIÓN,NO CUENTA CON CAUSA ESPECIFICA,4.0,0,2021.0,11.0,6.0,1,0,3,2,1.0,1.0,1.0,3.0,0,0,29.0,0.0,0,0,1,0.0,0.0,1
A-2021-11-44,2021-11-14,06:40,CHOQUE,1,1,2,CAJAMARCA,SAN MIGUEL,SAN MIGUEL,RURAL,CARRETERA,DEPARTAMENTAL,CA-100,-7.0224847,-78.90122152,DESPEJADO,RURAL,TRAMO RECTO,INCLINADA,AFIRMADO,,,,,IMPRUDENCIA DEL CONDUCTOR,ADELANTAR INDEBIDAMENTE,6.0,0,2021.0,11.0,6.0,1,1,3,1,0.0,1.0,1.0,2.0,0,0,36.5,21.920310216782973,0,2,2,0.0,1.0,0
A-2021-11-16,2021-11-14,11:00,DESPISTE,1,2,1,HUANCAVELICA,ANGARAES,SECCLLA,RURAL,CARRETERA,PROVINCIAL,HV-866,-13.042851,-74.504639,DESPEJADO,RURAL,SINUOSA,PLANA ,AFIRMADO,SI,PREVENTIVA (P),,NO,EN PROCESO DE INVESTIGACIÓN,NO CUENTA CON CAUSA ESPECIFICA,11.0,0,2021.0,11.0,6.0,1,1,3,1,0.0,0.0,1.0,1.0,0,1,0.0,0.0,0,1,4,0.0,0.25,0