CODIGO_SINIESTRO,FECHA_SINIESTRO,HORA_SINIESTRO,CLASE_SINIESTRO,CANTIDAD_FALLECIDOS,CANTIDAD_LESIONADOS,CANTIDAD_VEHICULOS,DEPARTAMENTO,PROVINCIA,DISTRITO,ZONA,TIPO_VIA,RED_VIAL,COD_CARRETERA,LATITUD,LONGITUD,CONDICION_CLIMATICA,ZONIFICACION,CARACTERISTICAS_VIA,PERFIL_VIA,SUPERFICIE_CALZADA,EXISTE_SENIAL_VERTICAL,CLASIFICACION_SENIAL_VERTICAL_1,CLASIFICACION_SENIAL_VERTICAL_2,EXISTE_SENIAL_HORIZONTAL,CAUSA_FACTOR_PRINCIPAL,CAUSA_ESPECIFICA,HORA,severidad,ANIO,MES,DIA_SEMANA,FIN_SEMANA,FRANJA_HORARIA,TEMPORADA,MACROREGION,TIPO_VIA_SCORE,PERFIL_VIA_SCORE,SUPERFICIE_CALZADA_SCORE,RIESGO_INFRAESTRUCTURA,RIESGO_CLIMATICO,SENIALIZACION_DEFICIENTE,EDAD_PROMEDIO,EDAD_STD,TOTAL_ALCOHOL,TOTAL_LICENCIA,TOTAL_PERSONAS,PCT_ALCOHOL,PCT_LICENCIA,ES_NOCHE
A-2021-11-81,2021-11-14,11:20,DESPISTE,1,1,1,LA LIBERTAD,VIRU,GUADALUPITO,RURAL,CARRETERA,NACIONAL,PE-1N,-8.758983,-78.633522,DESPEJADO,RURAL,TRAMO RECTO,PLANA ,ASFALTADA,,,,,IMPRUDENCIA DEL CONDUCTOR,ADELANTAR INDEBIDAMENTE,11.0,0,2021.0,11.0,6.0,1,1,3,0,0.0,0.0,0.0,0.0,0,0,47.0,18.193405398660254,0,1,3,0.0,0.333,0
A-2021-11-24,2021-11-15,01:30,DESPISTE,1,0,1,APURIMAC,ANDAHUAYLAS,JOSE MARIA ARGUEDAS,RURAL,CARRETERA,NACIONAL,PE-30B,-13.792394992816895,-73.36776668872947,DESPEJADO,RURAL,TRAMO RECTO,PLANA ,AFIRMADO,SI,REGULADORA (R),,SI,IMPRUDENCIA DEL CONDUCTOR,CONDUCIR EN ESTADO DE EBRIEDAD Y/O DROGADICCIÓN,1.0,0,2021.0,11.0,0.0,0,0,3,1,0.0,0.0,1.0,1.0,0,0,23.0,0.0,0,0,1,0.0,0.0,1
A-2021-11-82,2021-11-15,09:30,DESPISTE,1,0,1,LA LIBERTAD,BOLIVAR,UCUNCHA,RURAL,CARRETERA,DEPARTAMENTAL,LI-109,-7.15896,-77.861291,DESPEJADO,RURAL,TRAMO RECTO,PLANA ,TROCHA,,,,,IMPRUDENCIA DEL CONDUCTOR,FATIGA Y/O CANSANCIO,9.0,0,2021.0,11.0,0.0,0,1,3,0,0.0,0.0,2.0,2.0,0,0,27.0,4.242640687119285,0,1,2,0.0,0.5,0
A-2021-11-200,2021-11-15,13:30,CHOQUE,1,0,2,CAJAMARCA,JAEN,JAEN,RURAL,CARRETERA,NACIONAL,PE-5N,-5.780846072599503,-78.78300712393961,DESPEJADO,RURAL,TRAMO RECTO,PLANA ,ASFALTADA,,,,,EN PROCESO DE INVESTIGACIÓN,NO CUENTA CON CAUSA ESPECIFICA,13.0,0,2021.0,11.0,0.0,0,2,3,1,0.0,0.0,0.0,0.0,0,0,41.5,3.5355339059327378,0,1,2,0.0,0.5,0
A-2021-11-139,2021-11-15,15:00,CHOQUE,1,0,0,CUSCO,QUISPICANCHI,OCONGATE,RURAL,CARRETERA,NACIONAL,PE-30C,-13.66458707670798,-71.32957751137612,,,,,,,,,,EN PROCESO DE INVESTIGACIÓN,NO CUENTA CON CAUSA ESPECIFICA,15.0,0,2021.0,11.0,0.0,0,2,3,1,0.0,1.0,1.0,2.0,0,0,31.333333333333332,1.1547005383792517,1,2,3,0.333,0.667,0
A-2021-11-42,2021-11-15,15:20,DESPISTE,2,1,1,AREQUIPA,AREQUIPA,LA JOYA,RURAL,CARRETERA,DEPARTAMENTAL,AR-115,-16.539718,-71.720228,DESPEJADO,RURAL,TRAMO RECTO,PLANA ,ASFALTADA,NO,,,SI,EN PROCESO DE INVESTIGACIÓN,NO CUENTA CON CAUSA ESPECIFICA,15.0,1,2021.0,11.0,0.0,0,2,3,0,0.0,0.0,0.0,0.0,0,1,35.0,39.61060464067672,0,1,3,0.0,0.333,0
A-2021-11-83,2021-11-15,18:50,ATROPELLO,1,0,1,LA LIBERTAD,VIRU,VIRU,RURAL,CARRETERA,NACIONAL,PE-1N,-8.408359,-78.815551,DESPEJADO,RURAL,TRAMO RECTO,PLANA ,ASFALTADA,,,,,EN PROCESO DE INVESTIGACIÓN,NO CUENTA CON CAUSA ESPECIFICA,18.0,0,2021.0,11.0,0.0,0,3,3,0,0.0,0.0,0.0,0.0,0,0,66.5,7.7781745930520225,0,1,2,0.0,0.5,1
A-2021-11-27,2021-11-15,19:45,CHOQUE,1,1,2,ANCASH,POMABAMBA,POMABAMBA,URBANA,CARRETERA,PROVINCIAL,AN-541,-8.824852907960576,-77.46073664788173,NUBLADO,RURAL,TRAMO RECTO,INCLINADA,TROCHA,,,,,EN PROCESO DE INVESTIGACIÓN,NO CUENTA CON CAUSA ESPECIFICA,19.0,0,2021.0,11.0,0.0,0,3,3,0,0.0,1.0,2.0,3.0,0,0,37.5,14.849242404917497,0,0,2,0.0,0.0,1
A-2021-11-211,2021-11-15,20:30,ATROPELLO,1,1,1,SAN MARTIN,SAN MARTIN,LA BANDA DE SHILCAYO,RURAL,CARRETERA,NACIONAL,PE-5NB,-6.5047,-76.34368,DESPEJADO,RURAL,TRAMO RECTO,PLANA ,ASFALTADA,SI,PREVENTIVA (P),,SI,IMPRUDENCIA DEL PEATÓN,ESTADO DE EBRIEDAD Y/O DROGADICCIÓN,20.0,0,2021.0,11.0,0.0,0,3,3,2,0.0,0.0,0.0,0.0,0,0,50.0,19.79898987322333,1,1,2,0.5,0.5,1
A-2021-11-25,2021-11-16,08:00,CHOQUE,1,0,2,PUNO,PUNO,MAÑAZO,RURAL,AVENIDA,URBANO,NO CORRESPONDE,-15.80072,-70.353875,DESPEJADO,RURAL,INTERSECCIÓN,PLANA ,ASFALTADA,,,,,IMPRUDENCIA DEL CONDUCTOR,OTRO (IMPRUDENCIA DEL CONDUCTOR),8.0,0,2021.0,11.0,1.0,0,1,3,1,1.0,0.0,0.0,1.0,0,0,21.0,5.656854249492381,0,0,2,0.0,0.0,0
A-2021-11-166,2021-11-16,08:10,CHOQUE,2,2,0,LIMA,HUAROCHIRI,RICARDO PALMA,RURAL,CARRETERA,NACIONAL,PE-22,-11.9141255,-76.614149,DESPEJADO,RURAL,TRAMO RECTO,PLANA ,ASFALTADA,,,,,EN PROCESO DE INVESTIGACIÓN,NO CUENTA CON CAUSA ESPECIFICA,8.0,1,2021.0,11.0,1.0,0,1,3,0,0.0,0.0,0.0,0.0,0,0,27.0,0.0,0,1,5,0.0,0.2,0
A-2021-11-67,2021-11-16,12:30,CHOQUE,2,0,3,LIMA,HUAURA,HUAURA,URBANA,CARRETERA,NACIONAL,PE-1NE,-11.061715,-77.554551,DESPEJADO,RESIDENCIAL,TRAMO RECTO,PLANA ,ASFALTADA,,,,,IMPRUDENCIA DEL CONDUCTOR,INVASIÓN DE CARRIL,12.0,1,2021.0,11.0,1.0,0,2,3,0,0.0,0.0,0.0,0.0,0,0,35.666666666666664,3.0550504633038926,0,2,3,0.0,0.667,0
A-2021-11-129,2021-11-16,19:29,CHOQUE,1,0,1,CUSCO,CHUMBIVILCAS,SANTO TOMAS,RURAL,CARRETERA,NACIONAL,PE-3SG,-14.416293415833662,-72.08515990840874,DESPEJADO,RURAL,CURVA,PLANA ,AFIRMADO,,,,,IMPRUDENCIA DEL CONDUCTOR,EXCESO DE VELOCIDAD,19.0,0,2021.0,11.0,1.0,0,3,3,1,0.0,0.0,1.0,1.0,0,0,30.333333333333332,3.214550253664318,0,1,3,0.0,0.333,1
A-2021-11-132,2021-11-16,19:30,CHOQUE,1,0,2,CUSCO,CANAS,KUNTURKANKI,RURAL,CARRETERA,NACIONAL,PE-34G,-14.519610843746896,-71.29822375344027,LLUVIOSO,RURAL,CURVA,PLANA ,ASFALTADA,,,,,IMPRUDENCIA DEL CONDUCTOR,EXCESO DE VELOCIDAD,19.0,0,2021.0,11.0,1.0,0,3,3,1,0.0,0.0,0.0,0.0,1,0,49.5,10.606601717798213,0,1,2,0.0,0.5,1
A-2021-11-165,2021-11-17,05:40,CHOQUE,1,1,0,LIMA,LIMA,LURIN,URBANA,CARRETERA,NACIONAL,PE-1S,-12.276698676526443,-76.88912629060971,DESPEJADO,RESIDENCIAL,TRAMO RECTO,PLANA ,ASFALTADA,,,,,EN PROCESO DE INVESTIGACIÓN,NO CUENTA CON CAUSA ESPECIFICA,5.0,0,2021.0,11.0,2.0,0,0,3,0,0.0,0.0,0.0,0.0,0,0,37.0,9.899494936611665,0,2,4,0.0,0.5,1
A-2021-11-43,2021-11-17,08:00,CHOQUE,1,0,1,CAJAMARCA,CAJAMARCA,CAJAMARCA,URBANA,CARRETERA,NACIONAL,PE-08,-7.17477274507342,-78.491620090553,DESPEJADO,INDUSTRIAL,INTERSECCIÓN,INCLINADA,AFIRMADO,,,,,IMPRUDENCIA DEL CONDUCTOR,CONDUCIR EN ESTADO DE EBRIEDAD Y/O DROGADICCIÓN,8.0,0,2021.0,11.0,2.0,0,1,3,1,0.0,1.0,1.0,2.0,0,0,40.0,19.79898987322333,0,0,2,0.0,0.0,0
A-2021-11-85,2021-11-17,09:10,DESPISTE,2,2,1,LA LIBERTAD,SANCHEZ CARRION,HUAMACHUCO,RURAL,CARRETERA,NACIONAL,PE-3N,-7.821043,-78.052167,DESPEJADO,RURAL,TRAMO RECTO,PLANA ,AFIRMADO,,,,,IMPRUDENCIA DEL CONDUCTOR,INVASIÓN DE CARRIL,9.0,1,2021.0,11.0,2.0,0,1,3,0,0.0,0.0,1.0,1.0,0,0,19.0,10.739335795724674,0,0,4,0.0,0.0,0
A-2021-11-84,2021-11-17,10:00,CHOQUE,1,0,2,LA LIBERTAD,TRUJILLO,VICTOR LARCO HERRERA,RURAL,AVENIDA,URBANO,NO CORRESPONDE,-8.141297,-79.059369,DESPEJADO,RURAL,INTERSECCIÓN,PLANA ,ASFALTADA,,,,,IMPRUDENCIA DEL CONDUCTOR,NO ESTABLECER EL DERECHO DE PASO,10.0,0,2021.0,11.0,2.0,0,1,3,0,1.0,0.0,0.0,1.0,0,0,48.0,14.142135623730951,0,1,2,0.0,0.5,0
A-2021-11-168,2021-11-17,10:30,ATROPELLO,1,0,0,LIMA,LIMA,PUEBLO LIBRE,URBANA,AVENIDA,URBANO,NO CORRESPONDE,-12.080674888187314,-77.05846725922301,DESPEJADO,RESIDENCIAL,INTERSECCIÓN,PLANA ,ASFALTADA,,,,,EN PROCESO DE INVESTIGACIÓN,NO CUENTA CON CAUSA ESPECIFICA,10.0,0,2021.0,11.0,2.0,0,1,3,0,1.0,0.0,0.0,1.0,0,0,62.5,19.091883092036785,0,1,2,0.0,0.5,0
A-2021-11-86,2021-11-17,13:00,CHOQUE,1,0,2,LA LIBERTAD,TRUJILLO,POROTO,RURAL,CARRETERA,NACIONAL,PE-10A,-8.002149,-78.76972,DESPEJADO,RURAL,TRAMO RECTO,PLANA ,ASFALTADA,,,,,IMPRUDENCIA DEL CONDUCTOR,INVASIÓN DE CARRIL,13.0,0,2021.0,11.0,2.0,0,2,3,0,0.0,0.0,0.0,0.0,0,0,52.0,31.11269837220809,0,2,2,0.0,1.0,0
A-2021-11-232,2021-11-17,19:30,ATROPELLO FUGA,1,0,1,AREQUIPA,CAMANA,SAMUEL PASTOR,RURAL,CARRETERA,NACIONAL,PE-1S,-16.62827020553261,-72.6930890789305,DESPEJADO,RURAL,TRAMO RECTO,PLANA ,ASFALTADA,,,,,EN PROCESO DE INVESTIGACIÓN,NO CUENTA CON CAUSA ESPECIFICA,19.0,0,2021.0,11.0,2.0,0,3,3,0,0.0,0.0,0.0,0.0,0,0,29.5,7.7781745930520225,0,1,2,0.0,0.5,1
A-2021-11-87,2021-11-17,23:30,ATROPELLO FUGA,1,0,1,LA LIBERTAD,TRUJILLO,SALAVERRY,RURAL,CARRETERA,NACIONAL,PE-1N,-8.25924,-78.931955,DESPEJADO,RURAL,TRAMO RECTO,PLANA ,ASFALTADA,,,,,EN PROCESO DE INVESTIGACIÓN,NO CUENTA CON CAUSA ESPECIFICA,23.0,0,2021.0,11.0,2.0,0,3,3,0,0.0,0.0,0.0,0.0,0,0,0.0,0.0,0,0,2,0.0,0.0,1
A-2021-11-240,2021-11-18,02:00,DESPISTE,1,0,1,HUANUCO,HUANUCO,MARGOS,RURAL,CARRETERA,DEPARTAMENTAL,HU-111,-10.009498,-76.535212,DESPEJADO,RURAL,CURVA,PLANA ,TROCHA,,,,,IMPRUDENCIA DEL CONDUCTOR,CONDUCIR EN ESTADO DE EBRIEDAD Y/O DROGADICCIÓN,2.0,0,2021.0,11.0,3.0,0,0,3,1,0.0,0.0,2.0,2.0,0,0,25.0,0.0,0,0,1,0.0,0.0,1
A-2021-11-48,2021-11-18,05:40,ATROPELLO,1,0,1,AREQUIPA,AREQUIPA,JOSE LUIS BUSTAMANTE Y RIVERO,URBANA,CARRETERA,DEPARTAMENTAL,AR-117,-16.4300227,-71.5361144,DESPEJADO,COMERCIAL,TRAMO RECTO,PLANA ,ASFALTADA,,,,,EN PROCESO DE INVESTIGACIÓN,NO CUENTA CON CAUSA ESPECIFICA,5.0,0,2021.0,11.0,3.0,0,0,3,0,0.0,0.0,0.0,0.0,0,0,72.0,19.79898987322333,0,1,2,0.0,0.5,1
A-2021-11-182,2021-11-18,06:45,DESPISTE,1,1,1,PUNO,AZANGARO,POTONI,RURAL,CARRETERA,NACIONAL,PE-34B,-14.3529749,-70.2682848,DESPEJADO,RURAL,TRAMO RECTO,PLANA ,ASFALTADA,,,,,IMPRUDENCIA DEL CONDUCTOR,OTRO (IMPRUDENCIA DEL CONDUCTOR),6.0,0,2021.0,11.0,3.0,0,1,3,1,0.0,0.0,0.0,0.0,0,0,49.5,2.1213203435596424,0,1,2,0.0,0.5,0
A-2021-11-102,2021-11-18,08:10,CHOQUE,2,2,2,CUSCO,PAUCARTAMBO,PAUCARTAMBO,RURAL,CARRETERA,SIN CLASIFICAR,SIN CLASIFICAR,-13.3468,-71.6011,DESPEJADO,RURAL,CURVA,INCLINADA,AFIRMADO,,,,,IMPRUDENCIA DEL CONDUCTOR,EXCESO DE VELOCIDAD,8.0,1,2021.0,11.0,3.0,0,1,3,1,0.0,1.0,1.0,2.0,0,0,19.2,12.336936410632909,0,0,5,0.0,0.0,0
A-2021-11-31,2021-11-18,09:00,DESPISTE,1,1,1,HUANCAVELICA,ANGARAES,LIRCAY,RURAL,CARRETERA,PROVINCIAL,HV-880,-12.979848,-74.712108,DESPEJADO,RURAL,SINUOSA,INCLINADA,AFIRMADO,,,,,EN PROCESO DE INVESTIGACIÓN,NO CUENTA CON CAUSA ESPECIFICA,9.0,0,2021.0,11.0,3.0,0,1,3,1,0.0,1.0,1.0,2.0,0,0,0.0,0.0,0,0,2,0.0,0.0,0
A-2021-11-36,2021-11-18,15:10,CHOQUE,1,1,0,LORETO,MAYNAS,PUNCHANA,URBANA,CARRETERA,NACIONAL,PE-5NI,-3.720411303265196,-73.2425450347904,,,,,,,,,,EN PROCESO DE INVESTIGACIÓN,NO CUENTA CON CAUSA ESPECIFICA,15.0,0,2021.0,11.0,3.0,0,2,3,2,0.0,1.0,1.0,2.0,0,0,35.0,7.0,0,0,3,0.0,0.0,0
A-2021-11-212,2021-11-18,17:00,ATROPELLO,1,0,1,SAN MARTIN,HUALLAGA,SACANCHE,RURAL,CARRETERA,DEPARTAMENTAL,SM-103,-7.07277,-76.71877,DESPEJADO,RURAL,CURVA,INCLINADA,ASFALTADA,NO,,,SI,IMPRUDENCIA DEL CONDUCTOR,CONDUCIR EN ESTADO DE EBRIEDAD Y/O DROGADICCIÓN,17.0,0,2021.0,11.0,3.0,0,2,3,2,0.0,1.0,0.0,1.0,0,1,26.0,16.97056274847714,1,1,2,0.5,0.5,0
A-2021-11-202,2021-11-18,18:50,ATROPELLO FUGA,1,0,0,LIMA,BARRANCA,SUPE,RURAL,CARRETERA,NACIONAL,PE-1N,-10.791308617020889,-77.70925909555447,DESPEJADO,RURAL,TRAMO RECTO,PLANA ,ASFALTADA,,,,,EN PROCESO DE INVESTIGACIÓN,NO CUENTA CON CAUSA ESPECIFICA,18.0,0,2021.0,11.0,3.0,0,3,3,0,0.0,0.0,0.0,0.0,0,0,43.0,0.0,0,0,2,0.0,0.0,1
A-2021-11-51,2021-11-18,23:30,CHOQUE FUGA,1,1,2,AREQUIPA,ISLAY,DEAN VALDIVIA,RURAL,CARRETERA,NACIONAL,PE-1SD,-17.1411545,-71.8357064,DESPEJADO,RURAL,TRAMO RECTO,PLANA ,ASFALTADA,SI,REGULADORA (R),REGULADORA (R),SI,EN PROCESO DE INVESTIGACIÓN,NO CUENTA CON CAUSA ESPECIFICA,23.0,0,2021.0,11.0,3.0,0,3,3,0,0.0,0.0,0.0,0.0,0,0,30.333333333333332,13.012814197295423,0,0,3,0.0,0.0,1
A-2021-11-134,2021-11-19,03:00,DESPISTE,1,0,1,CUSCO,LA CONVENCION,HUAYOPATA,RURAL,CARRETERA,NACIONAL,PE-28B,-13.093662331396777,-72.38584510102147,NUBLADO,RURAL,CURVA,PLANA ,ASFALTADA,,,,,IMPRUDENCIA DEL CONDUCTOR,EXCESO DE VELOCIDAD,3.0,0,2021.0,11.0,4.0,0,0,3,1,0.0,0.0,0.0,0.0,0,0,42.0,0.0,0,1,1,0.0,1.0,1
A-2021-11-52,2021-11-19,08:30,DESPISTE,1,0,1,AREQUIPA,CAYLLOMA,SAN ANTONIO DE CHUCA,RURAL,CARRETERA,NACIONAL,PE-34A,-15.8920264,-71.1723788,DESPEJADO,RURAL,TRAMO RECTO,PLANA ,ASFALTADA,NO,,,SI,EN PROCESO DE INVESTIGACIÓN,NO CUENTA CON CAUSA ESPECIFICA,8.0,0,2021.0,11.0,4.0,0,1,3,0,0.0,0.0,0.0,0.0,0,1,52.0,0.0,0,1,1,0.0,1.0,0
A-2021-11-169,2021-11-19,14:00,ATROPELLO FUGA,1,0,0,LIMA,LIMA,CHORRILLOS,URBANA,AVENIDA,URBANO,NO CORRESPONDE,-12.182938656902534,-76.99432249652605,DESPEJADO,RESIDENCIAL,TRAMO RECTO,PLANA ,ASFALTADA,,,,,EN PROCESO DE INVESTIGACIÓN,NO CUENTA CON CAUSA ESPECIFICA,14.0,0,2021.0,11.0,4.0,0,2,3,0,1.0,0.0,0.0,1.0,0,0,6.0,0.0,0,0,2,0.0,0.0,0
A-2021-11-130,2021-11-19,17:00,CHOQUE,3,0,2,PIURA,SECHURA,SECHURA,RURAL,CARRETERA,NACIONAL,PE-1N,-5.957526,-80.531208,DESPEJADO,RURAL,TRAMO RECTO,PLANA ,ASFALTADA,,,,,EN PROCESO DE INVESTIGACIÓN,NO CUENTA CON CAUSA ESPECIFICA,17.0,2,2021.0,11.0,4.0,0,2,3,0,0.0,0.0,0.0,0.0,0,0,34.333333333333336,6.110100926607786,0,2,3,0.0,0.667,0
A-2021-11-88,2021-11-19,19:30,DESPISTE,1,0,1,LA LIBERTAD,TRUJILLO,EL PORVENIR,RURAL,AVENIDA,URBANO,NO CORRESPONDE,-8.066139,-78.995617,DESPEJADO,RURAL,TRAMO RECTO,PLANA ,ASFALTADA,,,,,EN PROCESO DE INVESTIGACIÓN,NO CUENTA CON CAUSA ESPECIFICA,19.0,0,2021.0,11.0,4.0,0,3,3,0,1.0,0.0,0.0,1.0,0,0,74.0,15.556349186104045,0,0,2,0.0,0.0,1
A-2021-11-47,2021-11-19,23:55,CHOQUE,1,0,1,HUANCAVELICA,HUAYTARA,PILPICHACA,RURAL,CARRETERA,NACIONAL,PE-28A,-13.447842,-74.979233,DESPEJADO,RURAL,CURVA,INCLINADA,ASFALTADA,,,,,EN PROCESO DE INVESTIGACIÓN,NO CUENTA CON CAUSA ESPECIFICA,23.0,0,2021.0,11.0,4.0,0,3,3,1,0.0,1.0,0.0,1.0,0,0,0.0,0.0,0,1,2,0.0,0.5,1
A-2021-11-50,2021-11-20,02:00,DESPISTE,1,3,1,HUANCAVELICA,CHURCAMPA,ANCO,RURAL,CARRETERA,NACIONAL,PE-3S,-12.6737149,-74.5938041,DESPEJADO,RURAL,SINUOSA,PLANA ,ASFALTADA,SI,PREVENTIVA (P),,NO,EN PROCESO DE INVESTIGACIÓN,NO CUENTA CON CAUSA ESPECIFICA,2.0,0,2021.0,11.0,5.0,1,0,3,1,0.0,0.0,0.0,0.0,0,1,0.0,0.0,0,1,4,0.0,0.25,1
A-2021-11-131,2021-11-20,03:00,ATROPELLO FUGA,1,0,0,PASCO,PASCO,HUARIACA,URBANA,CARRETERA,NACIONAL,PE-3N,-10.432468046334192,-76.19413896976683,LLUVIOSO,RURAL,CURVA,PLANA ,ASFALTADA,SI,PREVENTIVA (P),REGULADORA (R),NO,EN PROCESO DE INVESTIGACIÓN,NO CUENTA CON CAUSA ESPECIFICA,3.0,0,2021.0,11.0,5.0,1,0,3,1,0.0,0.0,0.0,0.0,1,1,42.0,0.0,0,0,2,0.0,0.0,1
A-2021-11-135,2021-11-20,05:30,DESPISTE,1,2,1,CUSCO,LA CONVENCION,HUAYOPATA,RURAL,CARRETERA,NACIONAL,PE-28B,-13.03181522295676,-72.47147570753424,LLUVIOSO,RURAL,CURVA,PLANA ,ASFALTADA,,,,,IMPRUDENCIA DEL CONDUCTOR,EXCESO DE VELOCIDAD,5.0,0,2021.0,11.0,5.0,1,0,3,1,0.0,0.0,0.0,0.0,1,0,38.25,11.354147553500733,0,1,4,0.0,0.25,1
A-2021-11-98,2021-11-20,10:00,DESPISTE,3,3,1,PUNO,CARABAYA,OLLACHEA,RURAL,CARRETERA,NACIONAL,PE-34B,-13.85624105236558,-70.50906033566767,NUBLADO,RURAL,CURVA,PLANA ,ASFALTADA,,,,,IMPRUDENCIA DEL CONDUCTOR,ADELANTAR INDEBIDAMENTE,10.0,2,2021.0,11.0,5.0,1,1,3,1,0.0,0.0,0.0,0.0,0,0,22.0,14.845874847916509,0,1,6,0.0,0.167,0
A-2021-11-38,2021-11-20,16:30,DESPISTE,1,1,1,ANCASH,HUAYLAS,PAMPAROMAS,RURAL,CARRETERA,DEPARTAMENTAL,AN-104,-9.09869513924873,-77.88210152257754,NUBLADO,RURAL,TRAMO RECTO,PLANA ,AFIRMADO,,,,,IMPRUDENCIA DEL CONDUCTOR,FATIGA Y/O CANSANCIO,16.0,0,2021.0,11.0,5.0,1,2,3,0,0.0,0.0,1.0,1.0,0,0,52.0,1.4142135623730951,0,1,2,0.0,0.5,0
A-2021-11-89,2021-11-20,22:00,CHOQUE,1,0,2,LA LIBERTAD,PACASMAYO,GUADALUPE,RURAL,CARRETERA,NACIONAL,PE-1N,-7.268483,-79.481162,DESPEJADO,RURAL,TRAMO RECTO,PLANA ,ASFALTADA,,,,,IMPRUDENCIA DEL CONDUCTOR,CONDUCIR EN ESTADO DE EBRIEDAD Y/O DROGADICCIÓN,22.0,0,2021.0,11.0,5.0,1,3,3,0,0.0,0.0,0.0,0.0,0,0,36.5,7.7781745930520225,1,1,2,0.5,0.5,1
A-2021-11-34,2021-11-20,23:00,DESPISTE,1,1,1,ICA,ICA,PUEBLO NUEVO,RURAL,CARRETERA,NACIONAL,PE-1S,-14.1152592,-75.717401,DESPEJADO,RURAL,TRAMO RECTO,PLANA ,ASFALTADA,,,,,EN PROCESO DE INVESTIGACIÓN,NO CUENTA CON CAUSA ESPECIFICA,23.0,0,2021.0,11.0,5.0,1,3,3,0,0.0,0.0,0.0,0.0,0,0,26.0,1.4142135623730951,0,0,2,0.0,0.0,1
A-2021-11-63,2021-11-21,00:30,CHOQUE,1,2,2,AREQUIPA,AREQUIPA,YURA,RURAL,CARRETERA,NACIONAL,PE-34A,-16.0768203,-71.498348,DESPEJADO,RURAL,TRAMO RECTO,PLANA ,ASFALTADA,,,,,EN PROCESO DE INVESTIGACIÓN,NO CUENTA CON CAUSA ESPECIFICA,0.0,0,2021.0,11.0,6.0,1,0,3,0,0.0,0.0,0.0,0.0,0,0,31.25,7.932002689527196,0,2,4,0.0,0.5,1
A-2021-11-179,2021-11-21,03:00,ATROPELLO FUGA,1,0,0,LIMA,LIMA,SANTA ANITA,URBANA,CARRETERA,NACIONAL,PE-1N,-12.054748568596857,-76.9747883993657,DESPEJADO,RESIDENCIAL,TRAMO RECTO,PLANA ,ASFALTADA,,,,,EN PROCESO DE INVESTIGACIÓN,NO CUENTA CON CAUSA ESPECIFICA,3.0,0,2021.0,11.0,6.0,1,0,3,0,0.0,0.0,0.0,0.0,0,0,22.0,0.0,0,0,2,0.0,0.0,1
A-2021-11-33,2021-11-21,03:30,DESPISTE,1,0,1,TACNA,TACNA,CORONEL GREGORIO ALBARRACIN LANCHIPA,URBANA,AVENIDA,URBANO,NO CORRESPONDE,-18.037486,-70.260703,DESPEJADO,RESIDENCIAL,TRAMO RECTO,PLANA ,ASFALTADA,,,,,IMPRUDENCIA DEL CONDUCTOR,CONDUCIR EN ESTADO DE EBRIEDAD Y/O DROGADICCIÓN,3.0,0,2021.0,11.0,6.0,1,0,3,0,1.0,0.0,0.0,1.0,0,0,36.0,0.0,0,1,1,0.0,1.0,1
A-2021-11-214,2021-11-21,04:35,CHOQUE FUGA,1,0,2,CAJAMARCA,JAEN,JAEN,URBANA,CARRETERA,NACIONAL,PE-5N,-5.72867,-78.79662,DESPEJADO,COMERCIAL,INTERSECCIÓN,PLANA ,ASFALTADA,,,,,EN PROCESO DE INVESTIGACIÓN,NO CUENTA CON CAUSA ESPECIFICA,4.0,0,2021.0,11.0,6.0,1,0,3,1,0.0,0.0,0.0,0.0,0,0,16.0,0.0,0,0,3,0.0,0.0,1
A-2021-11-61,2021-11-21,05:40,ATROPELLO FUGA,1,0,1,SAN MARTIN,RIOJA,NUEVA CAJAMARCA,URBANA,CARRETERA,NACIONAL,PE-5N,-5.93185,-77.311865,DESPEJADO,RESIDENCIAL,TRAMO RECTO,PLANA ,ASFALTADA,SI,REGULADORA (R),,NO,IMPRUDENCIA DEL CONDUCTOR,NO DAR PASO PREFERENTE AL PEATÓN,5.0,0,2021.0,11.0,6.0,1,0,3,2,0.0,0.0,0.0,0.0,0,1,40.0,24.041630560342615,0,1,2,0.0,0.5,1
A-2021-11-170,2021-11-21,05:45,DESPISTE,1,1,1,LIMA,LIMA,SAN MARTIN DE PORRES,URBANA,CARRETERA,NACIONAL,PE-1N,-12.023133862305114,-77.05883491680459,DESPEJADO,COMERCIAL,TRAMO RECTO,PLANA ,ASFALTADA,,,,,EN PROCESO DE INVESTIGACIÓN,NO CUENTA CON CAUSA ESPECIFICA,5.0,0,2021.0,11.0,6.0,1,0,3,0,0.0,0.0,0.0,0.0,0,0,22.5,0.7071067811865476,0,0,2,0.0,0.0,1
A-2021-11-35,2021-11-21,06:30,CHOQUE,1,0,2,PUNO,PUNO,CHUCUITO,RURAL,CARRETERA,NACIONAL,PE-3S,-15.915259,-69.882214,DESPEJADO,RURAL,TRAMO RECTO,PLANA ,ASFALTADA,,,,,IMPRUDENCIA DEL CONDUCTOR,INVASIÓN DE CARRIL,6.0,0,2021.0,11.0,6.0,1,1,3,1,0.0,0.0,0.0,0.0,0,0,23.0,8.48528137423857,0,0,2,0.0,0.0,0