CODIGO_SINIESTRO,FECHA_SINIESTRO,HORA_SINIESTRO,CLASE_SINIESTRO,CANTIDAD_FALLECIDOS,CANTIDAD_LESIONADOS,CANTIDAD_VEHICULOS,DEPARTAMENTO,PROVINCIA,DISTRITO,ZONA,TIPO_VIA,RED_VIAL,COD_CARRETERA,LATITUD,LONGITUD,CONDICION_CLIMATICA,ZONIFICACION,CARACTERISTICAS_VIA,PERFIL_VIA,SUPERFICIE_CALZADA,EXISTE_SENIAL_VERTICAL,CLASIFICACION_SENIAL_VERTICAL_1,CLASIFICACION_SENIAL_VERTICAL_2,EXISTE_SENIAL_HORIZONTAL,CAUSA_FACTOR_PRINCIPAL,CAUSA_ESPECIFICA,HORA,severidad,ANIO,MES,DIA_SEMANA,FIN_SEMANA,FRANJA_HORARIA,TEMPORADA,MACROREGION,TIPO_VIA_SCORE,PERFIL_VIA_SCORE,SUPERFICIE_CALZADA_SCORE,RIESGO_INFRAESTRUCTURA,RIESGO_CLIMATICO,SENIALIZACION_DEFICIENTE,EDAD_PROMEDIO,EDAD_STD,TOTAL_ALCOHOL,TOTAL_LICENCIA,TOTAL_PERSONAS,PCT_ALCOHOL,PCT_LICENCIA,ES_NOCHE
A-2021-11-37,2021-11-21,07:10,DESPISTE,1,1,1,PUNO,EL COLLAO,ILAVE,RURAL,CARRETERA,NACIONAL,PE-38A,-16.120117,-69.6431889,LLUVIOSO,RURAL,CURVA,INCLINADA,ASFALTADA,NO,,,SI,IMPRUDENCIA DEL CONDUCTOR,OTRO (IMPRUDENCIA DEL CONDUCTOR),7.0,0,2021.0,11.0,6.0,1,1,3,1,0.0,1.0,0.0,1.0,1,1,39.333333333333336,22.007574453658755,0,1,3,0.0,0.333,0
A-2021-11-150,2021-11-21,14:20,CHOQUE,2,2,0,PIURA,PIURA,CATACAOS,RURAL,CARRETERA,SIN CLASIFICAR,SIN CLASIFICAR,-5.283704,-80.6313,DESPEJADO,RURAL,INTERSECCIÓN,PLANA ,AFIRMADO,,,,,EN PROCESO DE INVESTIGACIÓN,NO CUENTA CON CAUSA ESPECIFICA,14.0,1,2021.0,11.0,6.0,1,2,3,0,0.0,0.0,1.0,1.0,0,0,14.0,8.573214099741124,0,0,5,0.0,0.0,0
A-2021-11-201,2021-11-21,15:50,CHOQUE FUGA,1,0,1,LAMBAYEQUE,CHICLAYO,CHONGOYAPE,RURAL,CARRETERA,NACIONAL,PE-06A,-6.67677,-79.44425,DESPEJADO,RURAL,CURVA,INCLINADA,ASFALTADA,SI,PREVENTIVA (P),INFORMATIVA (I),NO,EN PROCESO DE INVESTIGACIÓN,NO CUENTA CON CAUSA ESPECIFICA,15.0,0,2021.0,11.0,6.0,1,2,3,0,0.0,1.0,0.0,1.0,0,1,40.0,0.0,0,0,2,0.0,0.0,0
A-2021-11-49,2021-11-21,18:00,CAÍDA DE PASAJERO,1,0,0,APURIMAC,ANDAHUAYLAS,SANTA MARIA DE CHICMO,RURAL,CARRETERA,NACIONAL,PE-3S,-13.653259,-73.512845,DESPEJADO,RURAL,CURVA,PLANA ,ASFALTADA,NO,,,SI,IMPRUDENCIA DEL PASAJERO/OCUPANTE,OTRO (IMPRUDENCIA DEL PASAJERO/OCUPANTE),18.0,0,2021.0,11.0,6.0,1,3,3,1,0.0,0.0,0.0,0.0,0,1,64.0,9.899494936611665,0,1,2,0.0,0.5,1
A-2021-11-40,2021-11-21,21:00,VOLCADURA,1,0,1,ICA,ICA,ICA,URBANA,CARRETERA,NACIONAL,PE-1S,-14.050054741709207,-75.74768866124752,DESPEJADO,ESCOLAR,TRAMO RECTO,PLANA ,ASFALTADA,,,,,EN PROCESO DE INVESTIGACIÓN,NO CUENTA CON CAUSA ESPECIFICA,21.0,0,2021.0,11.0,6.0,1,3,3,0,0.0,0.0,0.0,0.0,0,0,23.0,0.0,0,0,1,0.0,0.0,1
A-2021-11-180,2021-11-21,22:45,ATROPELLO,1,0,0,LIMA,LIMA,COMAS,URBANA,CARRETERA,NACIONAL,PE-1N,-11.948593590159216,-77.07040605702021,DESPEJADO,RESIDENCIAL,TRAMO RECTO,PLANA ,ASFALTADA,,,,,EN PROCESO DE INVESTIGACIÓN,NO CUENTA CON CAUSA ESPECIFICA,22.0,0,2021.0,11.0,6.0,1,3,3,0,0.0,0.0,0.0,0.0,0,0,34.5,12.020815280171307,0,1,2,0.0,0.5,1
A-2021-11-100,2021-11-21,23:45,DESPISTE,1,0,1,CUSCO,CANCHIS,SAN PABLO,RURAL,CARRETERA,NACIONAL,PE-3S,-14.208523296311345,-71.30307608103304,DESPEJADO,RURAL,TRAMO RECTO,PLANA ,ASFALTADA,,,,,IMPRUDENCIA DEL CONDUCTOR,EXCESO DE VELOCIDAD,23.0,0,2021.0,11.0,6.0,1,3,3,1,0.0,0.0,0.0,0.0,0,0,50.0,0.0,0,0,1,0.0,0.0,1
A-2021-11-203,2021-11-22,20:10,ATROPELLO,1,0,1,LIMA,BARRANCA,PATIVILCA,RURAL,CARRETERA,NACIONAL,PE-1N,-10.701313305679356,-77.77938884946218,DESPEJADO,RURAL,TRAMO RECTO,INCLINADA,ASFALTADA,,,,,EN PROCESO DE INVESTIGACIÓN,NO CUENTA CON CAUSA ESPECIFICA,20.0,0,2021.0,11.0,0.0,0,3,3,0,0.0,1.0,0.0,1.0,0,0,33.0,16.97056274847714,0,1,2,0.0,0.5,1
A-2021-11-185,2021-11-23,22:35,DESPISTE,1,0,0,LIMA,LIMA,LA MOLINA,URBANA,CALLE,URBANO,NO CORRESPONDE,-12.11685065759413,-76.93791708161632,DESPEJADO,RESIDENCIAL,INTERSECCIÓN,PLANA ,ASFALTADA,,,,,IMPRUDENCIA DEL CONDUCTOR,EXCESO DE VELOCIDAD,22.0,0,2021.0,11.0,1.0,0,3,3,0,2.0,0.0,0.0,2.0,0,0,30.0,0.0,0,0,1,0.0,0.0,1
A-2021-11-90,2021-11-24,00:30,ATROPELLO FUGA,1,0,1,LA LIBERTAD,ASCOPE,CHICAMA,RURAL,CARRETERA,NACIONAL,PE-1N,-7.9131651,-79.1142003,DESPEJADO,RURAL,TRAMO RECTO,PLANA ,ASFALTADA,,,,,EN PROCESO DE INVESTIGACIÓN,NO CUENTA CON CAUSA ESPECIFICA,0.0,0,2021.0,11.0,2.0,0,0,3,0,0.0,0.0,0.0,0.0,0,0,0.0,0.0,0,0,2,0.0,0.0,1
A-2021-11-68,2021-11-24,20:00,DESPISTE,1,0,1,APURIMAC,ANDAHUAYLAS,ANDAHUAYLAS,URBANA,AVENIDA,URBANO,NO CORRESPONDE,-13.6592421011983,-73.37518568698871,LLUVIOSO,COMERCIAL,TRAMO RECTO,PLANA ,AFIRMADO,,,,,IMPRUDENCIA DEL CONDUCTOR,CONDUCIR EN ESTADO DE EBRIEDAD Y/O DROGADICCIÓN,20.0,0,2021.0,11.0,2.0,0,3,3,1,1.0,0.0,1.0,2.0,1,0,24.0,0.0,0,0,1,0.0,0.0,1
A-2021-11-65,2021-11-25,13:00,CHOQUE FUGA,1,2,2,LIMA,HUARAL,HUARAL,URBANA,JIRÓN,URBANO,NO CORRESPONDE,-11.500312,-77.208334,DESPEJADO,RESIDENCIAL,INTERSECCIÓN,PLANA ,ASFALTADA,,,,,IMPRUDENCIA DEL CONDUCTOR,EXCESO DE VELOCIDAD,13.0,0,2021.0,11.0,3.0,0,2,3,0,1.0,0.0,0.0,1.0,0,0,29.5,4.654746681256313,0,2,4,0.0,0.5,0
A-2021-11-186,2021-11-25,15:00,CHOQUE,1,0,0,LIMA,LIMA,LURIN,URBANA,AVENIDA,URBANO,NO CORRESPONDE,-12.247909439203358,-76.86390822783696,DESPEJADO,COMERCIAL,INTERSECCIÓN,PLANA ,ASFALTADA,,,,,EN PROCESO DE INVESTIGACIÓN,NO CUENTA CON CAUSA ESPECIFICA,15.0,0,2021.0,11.0,3.0,0,2,3,0,1.0,0.0,0.0,1.0,0,0,37.333333333333336,7.505553499465134,0,0,3,0.0,0.0,0
A-2021-11-64,2021-11-26,01:45,ATROPELLO FUGA,1,0,1,LIMA,HUAURA,SANTA MARIA,RURAL,CARRETERA,NACIONAL,PE-1N,-11.087076,-77.583176,DESPEJADO,RURAL,TRAMO RECTO,INCLINADA,ASFALTADA,,,,,EN PROCESO DE INVESTIGACIÓN,NO CUENTA CON CAUSA ESPECIFICA,1.0,0,2021.0,11.0,4.0,0,0,3,0,0.0,1.0,0.0,1.0,0,0,54.0,0.0,0,0,2,0.0,0.0,1
A-2021-11-71,2021-11-26,04:30,CHOQUE,1,0,1,PUNO,SAN ROMAN,JULIACA,URBANA,CARRETERA,NACIONAL,PE-3S,-15.474065430197102,-70.1372390623389,DESPEJADO,COMERCIAL,TRAMO RECTO,PLANA ,ASFALTADA,,,,,IMPRUDENCIA DEL CONDUCTOR,INVASIÓN DE CARRIL,4.0,0,2021.0,11.0,4.0,0,0,3,1,0.0,0.0,0.0,0.0,0,0,61.0,14.142135623730951,0,1,2,0.0,0.5,1
A-2021-11-233,2021-11-26,05:00,CHOQUE FUGA,1,1,2,AREQUIPA,CARAVELI,CHAPARRA,RURAL,CARRETERA,NACIONAL,PE-1S,-15.923091132318184,-74.11629154492239,DESPEJADO,RURAL,TRAMO RECTO,PLANA ,ASFALTADA,,,,,EN PROCESO DE INVESTIGACIÓN,NO CUENTA CON CAUSA ESPECIFICA,5.0,0,2021.0,11.0,4.0,0,0,3,0,0.0,0.0,0.0,0.0,0,0,45.0,28.284271247461902,0,1,2,0.0,0.5,1
A-2021-11-187,2021-11-26,14:00,ATROPELLO FUGA,1,0,0,LIMA,LIMA,LA VICTORIA,URBANA,AVENIDA,URBANO,NO CORRESPONDE,-12.08023548625088,-77.00790110807338,DESPEJADO,COMERCIAL,TRAMO RECTO,PLANA ,ASFALTADA,,,,,EN PROCESO DE INVESTIGACIÓN,NO CUENTA CON CAUSA ESPECIFICA,14.0,0,2021.0,11.0,4.0,0,2,3,0,1.0,0.0,0.0,1.0,0,0,88.0,0.0,0,0,2,0.0,0.0,0
A-2021-11-73,2021-11-26,20:00,ATROPELLO,1,0,1,PUNO,SAN ROMAN,SAN MIGUEL,RURAL,CARRETERA,NACIONAL,PE-3S,-15.4067364,-70.1510499,DESPEJADO,RURAL,TRAMO RECTO,PLANA ,ASFALTADA,,,,,IMPRUDENCIA DEL PEATÓN,CRUCE INDEBIDO POR LA CALZADA,20.0,0,2021.0,11.0,4.0,0,3,3,1,0.0,0.0,0.0,0.0,0,0,49.5,6.363961030678928,1,1,2,0.5,0.5,1
A-2021-11-74,2021-11-26,22:42,CHOQUE,1,0,1,PUNO,LAMPA,CALAPUJA,RURAL,CARRETERA,NACIONAL,PE-3S,-15.316983871125714,-70.2013545703828,NUBLADO,RURAL,TRAMO RECTO,PLANA ,ASFALTADA,,,,,IMPRUDENCIA DEL CONDUCTOR,INVASIÓN DE CARRIL,22.0,0,2021.0,11.0,4.0,0,3,3,1,0.0,0.0,0.0,0.0,0,0,40.666666666666664,19.139836293274122,1,0,3,0.333,0.0,1
A-2021-11-204,2021-11-27,01:10,ATROPELLO FUGA,1,0,0,LIMA,BARRANCA,SUPE,RURAL,CARRETERA,NACIONAL,PE-1N,-10.80227534236085,-77.70341739914097,DESPEJADO,RURAL,TRAMO RECTO,PLANA ,ASFALTADA,,,,,EN PROCESO DE INVESTIGACIÓN,NO CUENTA CON CAUSA ESPECIFICA,1.0,0,2021.0,11.0,5.0,1,0,3,0,0.0,0.0,0.0,0.0,0,0,56.0,0.0,0,0,2,0.0,0.0,1
A-2021-11-62,2021-11-27,01:50,CHOQUE,3,0,2,ICA,NASCA,EL INGENIO,RURAL,CARRETERA,NACIONAL,PE-1S,-14.79576350848956,-75.01151937151305,DESPEJADO,RURAL,TRAMO RECTO,PLANA ,ASFALTADA,,,,,EN PROCESO DE INVESTIGACIÓN,NO CUENTA CON CAUSA ESPECIFICA,1.0,2,2021.0,11.0,5.0,1,0,3,0,0.0,0.0,0.0,0.0,0,0,39.25,13.768926368215256,0,2,4,0.0,0.5,1
A-2021-11-70,2021-11-27,02:40,VOLCADURA,1,1,1,AREQUIPA,AREQUIPA,YURA,RURAL,CARRETERA,NACIONAL,PE-34A,-16.2298412,-71.6631733,DESPEJADO,RURAL,CURVA,INCLINADA,ASFALTADA,,,,,EN PROCESO DE INVESTIGACIÓN,NO CUENTA CON CAUSA ESPECIFICA,2.0,0,2021.0,11.0,5.0,1,0,3,0,0.0,1.0,0.0,1.0,0,0,46.0,5.656854249492381,0,1,2,0.0,0.5,1
A-2021-11-137,2021-11-27,14:00,DESPISTE,1,0,1,CUSCO,CANAS,LAYO,RURAL,CARRETERA,PROVINCIAL,CU-1710,-14.50623295355888,-71.13723560000152,NUBLADO,RURAL,TRAMO RECTO,INCLINADA,AFIRMADO,,,,,IMPRUDENCIA DEL CONDUCTOR,EXCESO DE VELOCIDAD,14.0,0,2021.0,11.0,5.0,1,2,3,1,0.0,1.0,1.0,2.0,0,0,24.0,5.656854249492381,0,1,2,0.0,0.5,0
A-2021-11-188,2021-11-27,14:30,ATROPELLO,1,0,0,LIMA,LIMA,LURIN,RURAL,OTRO,URBANO,NO CORRESPONDE,-12.23968,-76.89281,DESPEJADO,RURAL,PASE A DESNIVEL,INCLINADA,ASFALTADA,,,,,EN PROCESO DE INVESTIGACIÓN,NO CUENTA CON CAUSA ESPECIFICA,14.0,0,2021.0,11.0,5.0,1,2,3,0,2.0,1.0,0.0,3.0,0,0,46.333333333333336,21.361959960016154,0,0,3,0.0,0.0,0
A-2021-11-92,2021-11-27,17:20,ATROPELLO FUGA,1,0,1,LA LIBERTAD,GRAN CHIMU,SAYAPULLO,RURAL,JIRÓN,URBANO,NO CORRESPONDE,-7.596023,-78.465157,DESPEJADO,RURAL,TRAMO RECTO,PLANA ,AFIRMADO,,,,,EN PROCESO DE INVESTIGACIÓN,NO CUENTA CON CAUSA ESPECIFICA,17.0,0,2021.0,11.0,5.0,1,2,3,0,1.0,0.0,1.0,2.0,0,0,2.0,0.0,0,0,2,0.0,0.0,0
A-2021-11-174,2021-11-27,19:25,ATROPELLO FUGA,1,0,0,LIMA,HUAURA,VEGUETA,RURAL,CARRETERA,NACIONAL,PE-1N,-11.01178525978156,-77.60715901155308,DESPEJADO,RURAL,TRAMO RECTO,PLANA ,ASFALTADA,SI,REGULADORA (R),INFORMATIVA (I),NO,EN PROCESO DE INVESTIGACIÓN,NO CUENTA CON CAUSA ESPECIFICA,19.0,0,2021.0,11.0,5.0,1,3,3,0,0.0,0.0,0.0,0.0,0,1,46.0,0.0,0,0,2,0.0,0.0,1
A-2021-11-161,2021-11-27,20:30,CHOQUE,1,0,2,PIURA,PIURA,CASTILLA,RURAL,CARRETERA,NACIONAL,PE-1NJ,-5.144498,-80.453441,DESPEJADO,RURAL,TRAMO RECTO,PLANA ,ASFALTADA,,,,,EN PROCESO DE INVESTIGACIÓN,NO CUENTA CON CAUSA ESPECIFICA,20.0,0,2021.0,11.0,5.0,1,3,3,0,0.0,0.0,0.0,0.0,0,0,29.0,9.899494936611665,1,2,2,0.5,1.0,1
A-2021-11-184,2021-11-27,23:00,CHOQUE,1,2,2,HUANUCO,HUANUCO,CHINCHAO,RURAL,CARRETERA,NACIONAL,PE-18A,-9.714798,-76.093146,LLUVIOSO,RURAL,SINUOSA,INCLINADA,ASFALTADA,,,,,IMPRUDENCIA DEL CONDUCTOR,OTRO (IMPRUDENCIA DEL CONDUCTOR),23.0,0,2021.0,11.0,5.0,1,3,3,1,0.0,1.0,0.0,1.0,1,0,21.75,14.568802284333465,0,2,5,0.0,0.4,1
A-2021-11-178,2021-11-28,00:50,CHOQUE,1,0,0,LORETO,MAYNAS,SAN JUAN BAUTISTA,RURAL,CARRETERA,DEPARTAMENTAL,LO-103,-3.8429953235438594,-73.33473795067201,,,,,,,,,,EN PROCESO DE INVESTIGACIÓN,NO CUENTA CON CAUSA ESPECIFICA,0.0,0,2021.0,11.0,6.0,1,0,3,2,0.0,1.0,1.0,2.0,0,0,55.5,10.606601717798213,0,0,2,0.0,0.0,1
A-2021-11-193,2021-11-28,01:59,ATROPELLO,1,0,1,LIMA,HUARAL,CHANCAY,URBANA,CARRETERA,NACIONAL,PE-1N,-11.59467336960713,-77.25587577000407,DESPEJADO,RESIDENCIAL,TRAMO RECTO,INCLINADA,ASFALTADA,,,,,IMPRUDENCIA DEL PEATÓN,CRUCE INDEBIDO POR LA CALZADA,1.0,0,2021.0,11.0,6.0,1,0,3,0,0.0,1.0,0.0,1.0,0,0,55.5,4.949747468305833,0,1,2,0.0,0.5,1
A-2021-11-104,2021-11-28,02:17,ATROPELLO,1,0,1,CAJAMARCA,CAJAMARCA,LLACANORA,URBANA,CARRETERA,PROVINCIAL,CA-1494,-7.18274062488922,-78.4491835670972,DESPEJADO,RESIDENCIAL,CURVA,PLANA ,ASFALTADA,,,,,EN PROCESO DE INVESTIGACIÓN,NO CUENTA CON CAUSA ESPECIFICA,2.0,0,2021.0,11.0,6.0,1,0,3,1,0.0,0.0,0.0,0.0,0,0,43.5,16.263455967290593,0,1,2,0.0,0.5,1
A-2021-11-91,2021-11-28,03:30,DESPISTE,1,0,1,LA LIBERTAD,SANTIAGO DE CHUCO,ANGASMARCA,RURAL,CARRETERA,NACIONAL,PE-3N,-8.125711,-78.037049,DESPEJADO,RURAL,TRAMO RECTO,PLANA ,AFIRMADO,,,,,IMPRUDENCIA DEL CONDUCTOR,CONDUCIR EN ESTADO DE EBRIEDAD Y/O DROGADICCIÓN,3.0,0,2021.0,11.0,6.0,1,0,3,0,0.0,0.0,1.0,1.0,0,0,38.0,0.0,0,0,2,0.0,0.0,1
A-2021-11-189,2021-11-28,05:30,ATROPELLO,1,0,0,LIMA,LIMA,INDEPENDENCIA,URBANA,CARRETERA,NACIONAL,PE-1N,-11.985648529695183,-77.06467143077859,DESPEJADO,COMERCIAL,TRAMO RECTO,PLANA ,ASFALTADA,,,,,EN PROCESO DE INVESTIGACIÓN,NO CUENTA CON CAUSA ESPECIFICA,5.0,0,2021.0,11.0,6.0,1,0,3,0,0.0,0.0,0.0,0.0,0,0,37.0,9.899494936611665,0,0,2,0.0,0.0,1
A-2021-11-163,2021-11-28,07:00,DESPISTE,5,0,1,PIURA,PIURA,CASTILLA,RURAL,CARRETERA,DEPARTAMENTAL,PI-126,-5.162199,-80.613356,DESPEJADO,RURAL,CURVA,PLANA ,AFIRMADO,,,,,EN PROCESO DE INVESTIGACIÓN,NO CUENTA CON CAUSA ESPECIFICA,7.0,2,2021.0,11.0,6.0,1,1,3,0,0.0,0.0,1.0,1.0,0,0,20.2,0.44721359549995765,1,0,5,0.2,0.0,0
A-2021-11-69,2021-11-28,13:20,CHOQUE,1,6,2,AREQUIPA,AREQUIPA,CHARACATO,URBANA,AVENIDA,URBANO,NO CORRESPONDE,-16.4657702,-71.4938959,DESPEJADO,RESIDENCIAL,CURVA,INCLINADA,ASFALTADA,,,,,EN PROCESO DE INVESTIGACIÓN,NO CUENTA CON CAUSA ESPECIFICA,13.0,0,2021.0,11.0,6.0,1,2,3,0,1.0,1.0,0.0,2.0,0,0,27.428571428571427,14.246135649795736,0,2,7,0.0,0.286,0
A-2021-11-95,2021-11-28,14:30,CHOQUE FUGA,1,0,1,ICA,NASCA,NASCA,RURAL,CARRETERA,NACIONAL,PE-1S,-14.829565,-74.943561,DESPEJADO,RURAL,TRAMO RECTO,PLANA ,ASFALTADA,,,,,EN PROCESO DE INVESTIGACIÓN,NO CUENTA CON CAUSA ESPECIFICA,14.0,0,2021.0,11.0,6.0,1,2,3,0,0.0,0.0,0.0,0.0,0,0,24.0,0.0,0,0,2,0.0,0.0,0
A-2021-11-72,2021-11-28,18:00,DESPISTE,1,3,1,ICA,NASCA,NASCA,RURAL,CARRETERA,NACIONAL,PE-1S,-14.877768,-74.993321,DESPEJADO,RURAL,TRAMO RECTO,PLANA ,ASFALTADA,,,,,EN PROCESO DE INVESTIGACIÓN,NO CUENTA CON CAUSA ESPECIFICA,18.0,0,2021.0,11.0,6.0,1,3,3,0,0.0,0.0,0.0,0.0,0,0,41.5,10.63014581273465,0,0,4,0.0,0.0,1
A-2021-11-96,2021-11-28,20:30,DESPISTE,1,2,1,ICA,PISCO,PARACAS,RURAL,CARRETERA,NACIONAL,PE-1S,-13.8884303,-76.1007584,DESPEJADO,RURAL,TRAMO RECTO,PLANA ,ASFALTADA,,,,,EN PROCESO DE INVESTIGACIÓN,NO CUENTA CON CAUSA ESPECIFICA,20.0,0,2021.0,11.0,6.0,1,3,3,0,0.0,0.0,0.0,0.0,0,0,24.666666666666668,17.61628034896508,0,1,3,0.0,0.333,1
A-2021-11-75,2021-11-28,21:15,CHOQUE,1,1,2,SAN MARTIN,MOYOBAMBA,CALZADA,RURAL,CARRETERA,NACIONAL,PE-5N,-6.037476,-77.123668,DESPEJADO,RURAL,TRAMO RECTO,PLANA ,ASFALTADA,,,,,EN PROCESO DE INVESTIGACIÓN,NO CUENTA CON CAUSA ESPECIFICA,21.0,0,2021.0,11.0,6.0,1,3,3,2,0.0,0.0,0.0,0.0,0,0,35.0,7.0710678118654755,0,0,2,0.0,0.0,1
A-2021-11-190,2021-11-28,22:30,ATROPELLO FUGA,1,0,0,LIMA,LIMA,VILLA EL SALVADOR,URBANA,AVENIDA,URBANO,NO CORRESPONDE,-12.229476806894018,-76.92050802745351,DESPEJADO,INDUSTRIAL,INTERSECCIÓN,PLANA ,ASFALTADA,,,,,EN PROCESO DE INVESTIGACIÓN,NO CUENTA CON CAUSA ESPECIFICA,22.0,0,2021.0,11.0,6.0,1,3,3,0,1.0,0.0,0.0,1.0,0,0,77.0,0.0,0,0,2,0.0,0.0,1
A-2021-11-191,2021-11-29,01:30,DESPISTE,1,2,0,LIMA,LIMA,LURIN,URBANA,CARRETERA,PROVINCIAL,LM-801,-12.296344004272775,-76.85087799307486,DESPEJADO,COMERCIAL,TRAMO RECTO,PLANA ,ASFALTADA,,,,,EN PROCESO DE INVESTIGACIÓN,NO CUENTA CON CAUSA ESPECIFICA,1.0,0,2021.0,11.0,0.0,0,0,3,0,0.0,0.0,0.0,0.0,0,0,34.0,16.46207763315433,0,0,4,0.0,0.0,1
A-2021-11-192,2021-11-29,05:30,CHOQUE,1,2,0,LIMA,LIMA,LURIN,URBANA,AVENIDA,URBANO,NO CORRESPONDE,-12.28733232472692,-76.86022287969136,DESPEJADO,INDUSTRIAL,TRAMO RECTO,PLANA ,ASFALTADA,,,,,EN PROCESO DE INVESTIGACIÓN,NO CUENTA CON CAUSA ESPECIFICA,5.0,0,2021.0,11.0,0.0,0,0,3,0,1.0,0.0,0.0,1.0,0,0,53.4,10.382677881933928,0,0,5,0.0,0.0,1
A-2021-11-162,2021-11-29,10:30,CHOQUE,1,0,2,LA LIBERTAD,TRUJILLO,HUANCHACO,URBANA,AVENIDA,URBANO,NO CORRESPONDE,-8.097279635790766,-79.06952102838912,DESPEJADO,COMERCIAL,TRAMO RECTO,PLANA ,ASFALTADA,,,,,IMPRUDENCIA DEL CONDUCTOR,OTRO (IMPRUDENCIA DEL CONDUCTOR),10.0,0,2021.0,11.0,0.0,0,1,3,0,1.0,0.0,0.0,1.0,0,0,72.5,4.949747468305833,0,1,2,0.0,0.5,0
A-2021-11-177,2021-11-29,18:30,CHOQUE,1,2,2,PIURA,MORROPON,CHULUCANAS,URBANA,JIRÓN,URBANO,NO CORRESPONDE,-5.087569,-80.158725,DESPEJADO,COMERCIAL,TRAMO RECTO,PLANA ,CONCRETO,,,,,EN PROCESO DE INVESTIGACIÓN,NO CUENTA CON CAUSA ESPECIFICA,18.0,0,2021.0,11.0,0.0,0,3,3,0,1.0,0.0,0.0,1.0,0,0,23.0,2.6457513110645907,2,0,4,0.5,0.0,1
A-2021-11-234,2021-11-29,20:00,DESPISTE,1,0,1,AREQUIPA,LA UNION,QUECHUALLA,RURAL,CARRETERA,SIN CLASIFICAR,SIN CLASIFICAR,-15.259945513894616,-73.11844636957473,DESPEJADO,RURAL,OTRO,PLANA ,TROCHA,,,,,EN PROCESO DE INVESTIGACIÓN,NO CUENTA CON CAUSA ESPECIFICA,20.0,0,2021.0,11.0,0.0,0,3,3,0,0.0,0.0,2.0,2.0,0,0,72.0,0.0,0,0,1,0.0,0.0,1
A-2021-11-164,2021-11-29,21:40,ATROPELLO FUGA,1,0,0,PUNO,SAN ROMAN,JULIACA,RURAL,CARRETERA,NACIONAL,PE-3S,-15.4468199,-70.1415445,DESPEJADO,RURAL,CURVA,PLANA ,ASFALTADA,,,,,IMPRUDENCIA DEL CONDUCTOR,OTRO (IMPRUDENCIA DEL CONDUCTOR),21.0,0,2021.0,11.0,0.0,0,3,3,1,0.0,0.0,0.0,0.0,0,0,29.0,0.0,0,0,2,0.0,0.0,1
A-2021-11-97,2021-11-29,22:30,CHOQUE FUGA,1,0,1,ICA,ICA,PUEBLO NUEVO,RURAL,CARRETERA,NACIONAL,PE-1S,-14.108721,-75.718157,DESPEJADO,RURAL,TRAMO RECTO,PLANA ,ASFALTADA,,,,,EN PROCESO DE INVESTIGACIÓN,NO CUENTA CON CAUSA ESPECIFICA,22.0,0,2021.0,11.0,0.0,0,3,3,0,0.0,0.0,0.0,0.0,0,0,45.0,0.0,0,1,2,0.0,0.5,1
A-2021-11-181,2021-11-29,22:50,ATROPELLO,1,0,1,PIURA,PIURA,CASTILLA,URBANA,CARRETERA,NACIONAL,PE-1NJ,-5.223012,-80.628987,DESPEJADO,COMERCIAL,TRAMO RECTO,PLANA ,ASFALTADA,,,,,EN PROCESO DE INVESTIGACIÓN,NO CUENTA CON CAUSA ESPECIFICA,22.0,0,2021.0,11.0,0.0,0,3,3,0,0.0,0.0,0.0,0.0,0,0,32.5,9.192388155425117,1,1,2,0.5,0.5,1
A-2021-11-145,2021-11-29,23:10,DESPISTE,1,0,1,TUMBES,CONTRALMIRANTE VILLAR,ZORRITOS,RURAL,CARRETERA,NACIONAL,PE-1N,-3.8686103097982794,-80.82938784263142,DESPEJADO,RURAL,TRAMO RECTO,PLANA ,ASFALTADA,SI,PREVENTIVA (P),,NO,IMPRUDENCIA DEL CONDUCTOR,EXCESO DE VELOCIDAD,23.0,0,2021.0,11.0,0.0,0,3,3,0,0.0,0.0,0.0,0.0,0,1,27.0,0.0,0,1,1,0.0,1.0,1
A-2021-11-94,2021-11-30,00:00,DESPISTE,1,1,1,APURIMAC,ANDAHUAYLAS,KISHUARA,RURAL,CARRETERA,DEPARTAMENTAL,AP-100,-13.537237,-73.181034,LLUVIOSO,RURAL,CURVA,INCLINADA,TROCHA,,,,,INFRAESTRUCTURA Y ENTORNO VIAL,FACTOR AMBIENTAL,0.0,0,2021.0,11.0,1.0,0,0,3,1,0.0,1.0,2.0,3.0,1,0,40.5,2.1213203435596424,0,1,2,0.0,0.5,1
A-2021-11-93,2021-11-30,21:05,ATROPELLO,1,0,1,LA LIBERTAD,TRUJILLO,EL PORVENIR,RURAL,AVENIDA,URBANO,NO CORRESPONDE,-8.087147,-79.002193,DESPEJADO,RURAL,TRAMO RECTO,PLANA ,ASFALTADA,,,,,IMPRUDENCIA DEL PEATÓN,CRUCE INDEBIDO POR LA CALZADA,21.0,0,2021.0,11.0,1.0,0,3,3,0,1.0,0.0,0.0,1.0,0,0,37.0,18.384776310850235,0,1,2,0.0,0.5,1