CODIGO_SINIESTRO,FECHA_SINIESTRO,HORA_SINIESTRO,CLASE_SINIESTRO,CANTIDAD_FALLECIDOS,CANTIDAD_LESIONADOS,CANTIDAD_VEHICULOS,DEPARTAMENTO,PROVINCIA,DISTRITO,ZONA,TIPO_VIA,RED_VIAL,COD_CARRETERA,LATITUD,LONGITUD,CONDICION_CLIMATICA,ZONIFICACION,CARACTERISTICAS_VIA,PERFIL_VIA,SUPERFICIE_CALZADA,EXISTE_SENIAL_VERTICAL,CLASIFICACION_SENIAL_VERTICAL_1,CLASIFICACION_SENIAL_VERTICAL_2,EXISTE_SENIAL_HORIZONTAL,CAUSA_FACTOR_PRINCIPAL,CAUSA_ESPECIFICA,HORA,severidad,ANIO,MES,DIA_SEMANA,FIN_SEMANA,FRANJA_HORARIA,TEMPORADA,MACROREGION,TIPO_VIA_SCORE,PERFIL_VIA_SCORE,SUPERFICIE_CALZADA_SCORE,RIESGO_INFRAESTRUCTURA,RIESGO_CLIMATICO,SENIALIZACION_DEFICIENTE,EDAD_PROMEDIO,EDAD_STD,TOTAL_ALCOHOL,TOTAL_LICENCIA,TOTAL_PERSONAS,PCT_ALCOHOL,PCT_LICENCIA,ES_NOCHE
A-2021-12-3,2021-12-01,04:00,ATROPELLO FUGA,1,0,0,ANCASH,RECUAY,TICAPAMPA,RURAL,CARRETERA,DEPARTAMENTAL,AN-110,-9.769422717726954,-77.40669807703932,DESPEJADO,RURAL,TRAMO RECTO,INCLINADA,ASFALTADA,,,,,IMPRUDENCIA DEL CONDUCTOR,EXCESO DE VELOCIDAD,4.0,0,2021.0,12.0,2.0,0,0,0,0,0.0,1.0,0.0,1.0,0,0,33.0,0.0,0,0,2,0.0,0.0,1
A-2021-12-146,2021-12-01,12:03,DESPISTE,2,0,1,PUNO,SANDIA,YANAHUAYA,RURAL,CARRETERA,DEPARTAMENTAL,PU-109,-14.257888433052557,-69.17696564787424,DESPEJADO,RURAL,CURVA,PLANA ,TROCHA,,,,,INFRAESTRUCTURA Y ENTORNO VIAL,OTRO (INFRAESTRUCTURA Y ENTORNO VIAL),12.0,1,2021.0,12.0,2.0,0,2,0,1,0.0,0.0,2.0,2.0,0,0,36.0,0.0,0,1,2,0.0,0.5,0
A-2021-12-20,2021-12-01,16:20,ESPECIAL,1,0,1,HUANCAVELICA,HUAYTARA,QUERCO,RURAL,OTRO,URBANO,NO CORRESPONDE,-13.9806977,-74.9752608,DESPEJADO,RURAL,SINUOSA,INCLINADA,ASFALTADA,,,,,EN PROCESO DE INVESTIGACIÓN,NO CUENTA CON CAUSA ESPECIFICA,16.0,0,2021.0,12.0,2.0,0,2,0,1,2.0,1.0,0.0,3.0,0,0,50.0,0.0,0,0,2,0.0,0.0,0
A-2021-12-36,2021-12-01,16:50,CHOQUE,1,0,2,LA LIBERTAD,TRUJILLO,LA ESPERANZA,URBANA,CALLE,URBANO,NO CORRESPONDE,-8.084816,-79.038711,DESPEJADO,RESIDENCIAL,INTERSECCIÓN,PLANA ,ASFALTADA,,,,,IMPRUDENCIA DEL CONDUCTOR,CONDUCIR EN ESTADO DE EBRIEDAD Y/O DROGADICCIÓN,16.0,0,2021.0,12.0,2.0,0,2,0,0,2.0,0.0,0.0,2.0,0,0,50.0,15.556349186104045,0,2,2,0.0,1.0,0
A-2021-12-145,2021-12-01,17:20,CHOQUE,2,0,2,CUSCO,QUISPICANCHI,OROPESA,RURAL,CARRETERA,NACIONAL,PE-3S,-13.595791849235129,-71.78020456935981,DESPEJADO,RURAL,TRAMO RECTO,PLANA ,ASFALTADA,,,,,IMPRUDENCIA DEL CONDUCTOR,EXCESO DE VELOCIDAD,17.0,1,2021.0,12.0,2.0,0,2,0,1,0.0,0.0,0.0,0.0,0,0,33.0,24.269322199023193,0,2,3,0.0,0.667,0
A-2021-12-214,2021-12-01,17:30,VOLCADURA,1,0,1,LIMA,LIMA,SAN JUAN DE LURIGANCHO,URBANA,AVENIDA,URBANO,NO CORRESPONDE,-11.982914,-76.993324,DESPEJADO,RESIDENCIAL,TRAMO RECTO,PLANA ,ASFALTADA,SI,PREVENTIVA (P),,SI,IMPRUDENCIA DEL CONDUCTOR,OTRO (IMPRUDENCIA DEL CONDUCTOR),17.0,0,2021.0,12.0,2.0,0,2,0,0,1.0,0.0,0.0,1.0,0,0,57.0,0.0,0,1,2,0.0,0.5,0
A-2021-12-1,2021-12-01,20:00,CHOQUE,1,0,2,ICA,ICA,LOS AQUIJES,RURAL,AVENIDA,URBANO,NO CORRESPONDE,-14.097228,-75.699109,DESPEJADO,RURAL,CURVA,PLANA ,ASFALTADA,,,,,EN PROCESO DE INVESTIGACIÓN,NO CUENTA CON CAUSA ESPECIFICA,20.0,0,2021.0,12.0,2.0,0,3,0,0,1.0,0.0,0.0,1.0,0,0,46.0,21.213203435596427,0,1,2,0.0,0.5,1
A-2021-12-32,2021-12-02,08:20,CHOQUE,1,0,2,TUMBES,TUMBES,LA CRUZ,RURAL,CARRETERA,NACIONAL,PE-1N,-3.6307421369780535,-80.57235174136059,DESPEJADO,RURAL,TRAMO RECTO,PLANA ,ASFALTADA,,,,,IMPRUDENCIA DEL CONDUCTOR,EXCESO DE VELOCIDAD,8.0,0,2021.0,12.0,3.0,0,1,0,0,0.0,0.0,0.0,0.0,0,0,57.5,24.748737341529164,0,2,2,0.0,1.0,0
A-2021-12-215,2021-12-02,17:50,CHOQUE,1,0,1,LIMA,LIMA,LURIGANCHO,URBANA,AUTOPISTA,URBANO,NO CORRESPONDE,-12.011532,-76.891939,DESPEJADO,RESIDENCIAL,TRAMO RECTO,INCLINADA,ASFALTADA,,,,,EN PROCESO DE INVESTIGACIÓN,NO CUENTA CON CAUSA ESPECIFICA,17.0,0,2021.0,12.0,3.0,0,2,0,0,1.0,1.0,0.0,2.0,0,0,34.0,0.0,0,0,2,0.0,0.0,0
A-2021-12-160,2021-12-02,20:00,ATROPELLO FUGA,1,0,0,LAMBAYEQUE,LAMBAYEQUE,MOTUPE,URBANA,CARRETERA,NACIONAL,PE-1NJ,-6.1537335,-79.7078371,DESPEJADO,COMERCIAL,TRAMO RECTO,PLANA ,ASFALTADA,,,,,EN PROCESO DE INVESTIGACIÓN,NO CUENTA CON CAUSA ESPECIFICA,20.0,0,2021.0,12.0,3.0,0,3,0,0,0.0,0.0,0.0,0.0,0,0,71.0,0.0,0,0,2,0.0,0.0,1
A-2021-12-79,2021-12-02,20:35,ATROPELLO FUGA,1,0,1,PIURA,PIURA,CASTILLA,RURAL,CARRETERA,DEPARTAMENTAL,PI-126,-5.10173505,-80.5979354,DESPEJADO,RURAL,TRAMO RECTO,PLANA ,ASFALTADA,,,,,EN PROCESO DE INVESTIGACIÓN,NO CUENTA CON CAUSA ESPECIFICA,20.0,0,2021.0,12.0,3.0,0,3,0,0,0.0,0.0,0.0,0.0,0,0,67.0,0.0,0,0,2,0.0,0.0,1
A-2021-12-19,2021-12-03,05:45,ATROPELLO FUGA,1,0,0,SAN MARTIN,MOYOBAMBA,JEPELACIO,URBANA,CARRETERA,NACIONAL,PE-5N,-6.127369,-76.843872,DESPEJADO,RURAL,TRAMO RECTO,INCLINADA,ASFALTADA,NO,,,NO,IMPRUDENCIA DEL CONDUCTOR,OTRO (IMPRUDENCIA DEL CONDUCTOR),5.0,0,2021.0,12.0,4.0,0,0,0,2,0.0,1.0,0.0,1.0,0,2,52.5,27.577164466275352,1,1,2,0.5,0.5,1
A-2021-12-125,2021-12-03,06:20,DESPISTE,1,3,1,PIURA,PIURA,CASTILLA,RURAL,CARRETERA,NACIONAL,PE-1NJ,-5.157905,-80.498647,DESPEJADO,RURAL,TRAMO RECTO,INCLINADA,ASFALTADA,,,,,EN PROCESO DE INVESTIGACIÓN,NO CUENTA CON CAUSA ESPECIFICA,6.0,0,2021.0,12.0,4.0,0,1,0,0,0.0,1.0,0.0,1.0,0,0,39.5,10.598742063723096,0,1,4,0.0,0.25,0
A-2021-12-277,2021-12-03,12:30,VOLCADURA,1,1,0,APURIMAC,ABANCAY,LAMBRAMA,RURAL,CARRETERA,PROVINCIAL,AP-833,-13.731927162618453,-72.87942252312583,,,,,,,,,,EN PROCESO DE INVESTIGACIÓN,NO CUENTA CON CAUSA ESPECIFICA,12.0,0,2021.0,12.0,4.0,0,2,0,1,0.0,1.0,1.0,2.0,0,0,48.0,28.284271247461902,0,0,2,0.0,0.0,0
A-2021-12-6,2021-12-03,15:30,DESPISTE,2,1,1,APURIMAC,ANDAHUAYLAS,HUANCARAMA,RURAL,CARRETERA,NACIONAL,PE-3S,-13.641459,-73.097459,LLUVIOSO,RURAL,CURVA,PLANA ,AFIRMADO,NO,,,SI,IMPRUDENCIA DEL CONDUCTOR,EXCESO DE VELOCIDAD,15.0,1,2021.0,12.0,4.0,0,2,0,1,0.0,0.0,1.0,1.0,1,1,37.333333333333336,8.144527815247077,0,1,3,0.0,0.333,0
A-2021-12-4,2021-12-03,17:41,ATROPELLO,1,0,0,ANCASH,HUARI,MASIN,RURAL,CARRETERA,PROVINCIAL,AN-665,-9.364948549731489,-77.09565316427269,SOLEADO,RURAL,CURVA,INCLINADA,AFIRMADO,,,,,IMPRUDENCIA DEL PEATÓN,CRUCE INDEBIDO POR LA CALZADA,17.0,0,2021.0,12.0,4.0,0,2,0,0,0.0,1.0,1.0,2.0,0,0,54.5,20.506096654409877,0,0,2,0.0,0.0,0
A-2021-12-88,2021-12-03,20:00,DESPISTE,1,2,0,APURIMAC,ANDAHUAYLAS,HUANCARAY,RURAL,CARRETERA,SIN CLASIFICAR,SIN CLASIFICAR,-13.730434,-73.533048,,,,,,,,,,EN PROCESO DE INVESTIGACIÓN,NO CUENTA CON CAUSA ESPECIFICA,20.0,0,2021.0,12.0,4.0,0,3,0,1,0.0,1.0,1.0,2.0,0,0,41.333333333333336,18.475208614068027,0,0,3,0.0,0.0,1
A-2021-12-287,2021-12-04,12:00,DESPISTE,1,0,1,AREQUIPA,CASTILLA,URACA,RURAL,CARRETERA,DEPARTAMENTAL,AR-105,-16.321251073482532,-72.44685224063642,DESPEJADO,RURAL,SINUOSA,INCLINADA,ASFALTADA,,,,,EN PROCESO DE INVESTIGACIÓN,NO CUENTA CON CAUSA ESPECIFICA,12.0,0,2021.0,12.0,5.0,1,2,0,0,0.0,1.0,0.0,1.0,0,0,49.0,0.0,0,1,1,0.0,1.0,0
A-2021-12-116,2021-12-04,19:40,DESPISTE,1,0,2,LIMA,LIMA,LOS OLIVOS,URBANA,AVENIDA,URBANO,NO CORRESPONDE,-11.976829134541228,-77.08142900205921,DESPEJADO,RESIDENCIAL,INTERSECCIÓN,PLANA ,ASFALTADA,,,,,IMPRUDENCIA DEL CONDUCTOR,CONDUCIR EN ESTADO DE EBRIEDAD Y/O DROGADICCIÓN,19.0,0,2021.0,12.0,5.0,1,3,0,0,1.0,0.0,0.0,1.0,0,0,44.333333333333336,6.658328118479392,0,1,3,0.0,0.333,1
A-2021-12-117,2021-12-05,00:00,ATROPELLO,1,0,0,LIMA,LIMA,ATE,URBANA,CARRETERA,NACIONAL,PE-22,-12.012510749146264,-76.87878810644341,DESPEJADO,RESIDENCIAL,TRAMO RECTO,PLANA ,EMPEDRADO,,,,,EN PROCESO DE INVESTIGACIÓN,NO CUENTA CON CAUSA ESPECIFICA,0.0,0,2021.0,12.0,6.0,1,0,0,0,0.0,0.0,1.0,1.0,0,0,67.0,0.0,0,0,2,0.0,0.0,1
A-2021-12-143,2021-12-05,02:30,CHOQUE,1,0,0,CUSCO,ANTA,ANTA,RURAL,CARRETERA,NACIONAL,PE-3S,-13.49562146800394,-72.18019619222027,,,,,,,,,,EN PROCESO DE INVESTIGACIÓN,NO CUENTA CON CAUSA ESPECIFICA,2.0,0,2021.0,12.0,6.0,1,0,0,1,0.0,1.0,1.0,2.0,0,0,29.0,1.4142135623730951,0,2,2,0.0,1.0,1
A-2021-12-102,2021-12-05,07:50,CHOQUE,1,3,2,LIMA,HUARAL,AUCALLAMA,RURAL,CARRETERA,NACIONAL,PE-20C,-11.569692,-77.202781,DESPEJADO,RURAL,TRAMO RECTO,PLANA ,ASFALTADA,,,,,IMPRUDENCIA DEL CONDUCTOR,INVASIÓN DE CARRIL,7.0,0,2021.0,12.0,6.0,1,1,0,0,0.0,0.0,0.0,0.0,0,0,47.4,9.813256340277675,0,2,5,0.0,0.4,0
A-2021-12-5,2021-12-05,08:00,DESPISTE,1,0,1,PUNO,EL COLLAO,SANTA ROSA,RURAL,CARRETERA,NACIONAL,PE-38A,-16.643848210040442,-69.71485007913589,DESPEJADO,RURAL,TRAMO RECTO,PLANA ,ASFALTADA,,,,,INFRAESTRUCTURA Y ENTORNO VIAL,OTRO (INFRAESTRUCTURA Y ENTORNO VIAL),8.0,0,2021.0,12.0,6.0,1,1,0,1,0.0,0.0,0.0,0.0,0,0,36.5,13.435028842544403,0,1,2,0.0,0.5,0
A-2021-12-21,2021-12-05,11:00,CHOQUE,1,1,2,ICA,PALPA,SANTA CRUZ,RURAL,CARRETERA,NACIONAL,PE-1S,-14.50349,-75.256953,DESPEJADO,RURAL,TRAMO RECTO,PLANA ,ASFALTADA,,,,,EN PROCESO DE INVESTIGACIÓN,NO CUENTA CON CAUSA ESPECIFICA,11.0,0,2021.0,12.0,6.0,1,1,0,0,0.0,0.0,0.0,0.0,0,0,50.666666666666664,12.423096769056151,0,1,3,0.0,0.333,0
A-2021-12-118,2021-12-05,15:00,ATROPELLO,1,0,0,LIMA,LIMA,ATE,URBANA,CARRETERA,NACIONAL,PE-1S,-12.072798427511898,-76.97388851495127,SOLEADO,RESIDENCIAL,TRAMO RECTO,PLANA ,ASFALTADA,SI,REGULADORA (R),,NO,EN PROCESO DE INVESTIGACIÓN,NO CUENTA CON CAUSA ESPECIFICA,15.0,0,2021.0,12.0,6.0,1,2,0,0,0.0,0.0,0.0,0.0,0,1,34.5,9.192388155425117,0,1,2,0.0,0.5,0
A-2021-12-288,2021-12-05,17:00,DESPISTE,1,2,1,AREQUIPA,CAYLLOMA,MAJES,RURAL,CARRETERA,NACIONAL,PE-1S,-16.538482051303,-72.51726972660755,DESPEJADO,RURAL,CURVA,INCLINADA,ASFALTADA,,,,,EN PROCESO DE INVESTIGACIÓN,NO CUENTA CON CAUSA ESPECIFICA,17.0,0,2021.0,12.0,6.0,1,2,0,0,0.0,1.0,0.0,1.0,0,0,30.0,2.6457513110645907,0,1,3,0.0,0.333,0
A-2021-12-25,2021-12-05,17:30,DESPISTE,1,3,1,HUANCAVELICA,HUAYTARA,HUAYTARA,RURAL,CARRETERA,NACIONAL,PE-28A,-13.6038446,-75.3175364,DESPEJADO,RESIDENCIAL,SINUOSA,PLANA ,ASFALTADA,,,,,EN PROCESO DE INVESTIGACIÓN,NO CUENTA CON CAUSA ESPECIFICA,17.0,0,2021.0,12.0,6.0,1,2,0,1,0.0,0.0,0.0,0.0,0,0,30.25,8.99536917900909,0,0,4,0.0,0.0,0
A-2021-12-128,2021-12-05,21:00,ATROPELLO FUGA,1,0,1,PIURA,SECHURA,SECHURA,URBANA,CARRETERA,NACIONAL,PE-1NK,-5.56417321160881,-80.8218015616626,DESPEJADO,INDUSTRIAL,TRAMO RECTO,PLANA ,ASFALTADA,,,,,EN PROCESO DE INVESTIGACIÓN,NO CUENTA CON CAUSA ESPECIFICA,21.0,0,2021.0,12.0,6.0,1,3,0,0,0.0,0.0,0.0,0.0,0,0,50.0,0.0,0,0,2,0.0,0.0,1
A-2021-12-203,2021-12-05,21:00,ATROPELLO,1,0,2,LIMA,BARRANCA,SUPE,RURAL,CARRETERA,NACIONAL,PE-1N,-10.829079376898283,-77.70009623782502,DESPEJADO,RURAL,TRAMO RECTO,PLANA ,ASFALTADA,,,,,EN PROCESO DE INVESTIGACIÓN,NO CUENTA CON CAUSA ESPECIFICA,21.0,0,2021.0,12.0,6.0,1,3,0,0,0.0,0.0,0.0,0.0,0,0,57.0,32.526911934581186,0,1,2,0.0,0.5,1
A-2021-12-239,2021-12-06,01:00,CHOQUE,1,0,2,SAN MARTIN,LAMAS,LAMAS,RURAL,CARRETERA,DEPARTAMENTAL,SM-104,-6.44466,-76.49034,DESPEJADO,RURAL,TRAMO RECTO,PLANA ,ASFALTADA,NO,,,SI,IMPRUDENCIA DEL CONDUCTOR,EXCESO DE VELOCIDAD,1.0,0,2021.0,12.0,0.0,0,0,0,2,0.0,0.0,0.0,0.0,0,1,51.0,8.48528137423857,1,1,2,0.5,0.5,1
A-2021-12-141,2021-12-06,07:00,ATROPELLO FUGA,1,0,0,CUSCO,ANTA,ANCAHUASI,RURAL,CARRETERA,NACIONAL,PE-3S,-13.459905961050266,-72.29229923407908,DESPEJADO,RURAL,TRAMO RECTO,PLANA ,ASFALTADA,,,,,IMPRUDENCIA DEL PEATÓN,ESTADO DE EBRIEDAD Y/O DROGADICCIÓN,7.0,0,2021.0,12.0,0.0,0,1,0,1,0.0,0.0,0.0,0.0,0,0,19.0,0.0,1,0,2,0.5,0.0,0
A-2021-12-137,2021-12-06,09:15,DESPISTE,1,2,1,HUANCAVELICA,CHURCAMPA,SAN MIGUEL DE MAYOCC,RURAL,CARRETERA,SIN CLASIFICAR,SIN CLASIFICAR,-12.782351,-74.382744,DESPEJADO,RURAL,CURVA,INCLINADA,CONCRETO,,,,,EN PROCESO DE INVESTIGACIÓN,NO CUENTA CON CAUSA ESPECIFICA,9.0,0,2021.0,12.0,0.0,0,1,0,1,0.0,1.0,0.0,1.0,0,0,48.333333333333336,21.548395145191982,0,1,5,0.0,0.2,0
A-2021-12-22,2021-12-06,13:30,CHOQUE,1,0,2,ICA,ICA,LOS AQUIJES,RURAL,CARRETERA,PROVINCIAL,IC-665,-14.0812057,-75.7107103,SOLEADO,RURAL,CURVA,PLANA ,ASFALTADA,,,,,EN PROCESO DE INVESTIGACIÓN,NO CUENTA CON CAUSA ESPECIFICA,13.0,0,2021.0,12.0,0.0,0,2,0,0,0.0,0.0,0.0,0.0,0,0,31.5,9.192388155425117,0,1,2,0.0,0.5,0
A-2021-12-220,2021-12-06,14:44,CHOQUE,1,0,2,LIMA,LIMA,LOS OLIVOS,URBANA,AVENIDA,URBANO,NO CORRESPONDE,-11.977829,-77.077696,SOLEADO,RESIDENCIAL,INTERSECCIÓN,PLANA ,ASFALTADA,,,,,EN PROCESO DE INVESTIGACIÓN,NO CUENTA CON CAUSA ESPECIFICA,14.0,0,2021.0,12.0,0.0,0,2,0,0,1.0,0.0,0.0,1.0,0,0,38.0,0.0,0,1,2,0.0,0.5,0
A-2021-12-90,2021-12-06,17:45,DESPISTE,1,2,1,LIMA,HUAURA,SAYAN,URBANA,CARRETERA,PROVINCIAL,LM-659,-11.218220590942453,-77.4090298771327,DESPEJADO,RESIDENCIAL,TRAMO RECTO,PLANA ,ASFALTADA,,,,,EN PROCESO DE INVESTIGACIÓN,NO CUENTA CON CAUSA ESPECIFICA,17.0,0,2021.0,12.0,0.0,0,2,0,0,0.0,0.0,0.0,0.0,0,0,17.666666666666668,1.5275252316519463,0,0,3,0.0,0.0,0
A-2021-12-126,2021-12-06,18:00,DESPISTE,1,0,1,PIURA,PIURA,VEINTISEIS DE OCTUBRE,URBANA,AVENIDA,URBANO,NO CORRESPONDE,-5.1904082,-80.6666742,DESPEJADO,COMERCIAL,TRAMO RECTO,PLANA ,CONCRETO,,,,,EN PROCESO DE INVESTIGACIÓN,NO CUENTA CON CAUSA ESPECIFICA,18.0,0,2021.0,12.0,0.0,0,3,0,0,1.0,0.0,0.0,1.0,0,0,40.0,0.0,1,1,1,1.0,1.0,1
A-2021-12-31,2021-12-06,20:10,ATROPELLO,1,0,1,PUNO,AZANGARO,SAN ANTON,RURAL,CARRETERA,NACIONAL,PE-34B,-14.430196,-70.2589258,DESPEJADO,RURAL,TRAMO RECTO,PLANA ,ASFALTADA,,,,,IMPRUDENCIA DEL PEATÓN,CRUCE INDEBIDO POR LA CALZADA,20.0,0,2021.0,12.0,0.0,0,3,0,1,0.0,0.0,0.0,0.0,0,0,44.0,8.48528137423857,0,1,2,0.0,0.5,1
A-2021-12-10,2021-12-06,21:50,ATROPELLO,1,0,0,ANCASH,HUARAZ,HUARAZ,RURAL,CARRETERA,NACIONAL,PE-3N,-9.5631808,-77.5390986,LLUVIOSO,RURAL,TRAMO RECTO,PLANA ,ASFALTADA,SI,PREVENTIVA (P),,NO,IMPRUDENCIA DEL PEATÓN,CRUCE INDEBIDO POR LA CALZADA,21.0,0,2021.0,12.0,0.0,0,3,0,0,0.0,0.0,0.0,0.0,1,1,53.5,21.920310216782973,0,1,2,0.0,0.5,1
A-2021-12-119,2021-12-07,14:35,CHOQUE,1,0,2,LIMA,LIMA,CHACLACAYO,URBANA,CARRETERA,NACIONAL,PE-22,-11.985720245080582,-76.80978528061422,SOLEADO,RESIDENCIAL,TRAMO RECTO,PLANA ,ASFALTADA,,,,,EN PROCESO DE INVESTIGACIÓN,NO CUENTA CON CAUSA ESPECIFICA,14.0,0,2021.0,12.0,1.0,0,2,0,0,0.0,0.0,0.0,0.0,0,0,42.0,0.0,0,1,2,0.0,0.5,0
A-2021-12-8,2021-12-07,18:00,CHOQUE,1,0,1,CALLAO,CALLAO,CALLAO,URBANA,CARRETERA,NACIONAL,PE-20,-11.972424576844084,-77.1248169387054,DESPEJADO,INDUSTRIAL,TRAMO RECTO,PLANA ,ASFALTADA,,,,,EN PROCESO DE INVESTIGACIÓN,NO CUENTA CON CAUSA ESPECIFICA,18.0,0,2021.0,12.0,1.0,0,3,0,0,0.0,0.0,0.0,0.0,0,0,38.5,27.577164466275352,0,1,2,0.0,0.5,1
A-2021-12-7,2021-12-07,22:00,CHOQUE,1,0,1,CALLAO,CALLAO,CALLAO,URBANA,CARRETERA,NACIONAL,PE-20,-12.038259793695234,-77.12717963582398,DESPEJADO,RESIDENCIAL,TRAMO RECTO,PLANA ,CONCRETO,,,,,NEGLIGENCIA DEL CONDUCTOR,OTRO (NEGLIGENCIA DEL CONDUCTOR),22.0,0,2021.0,12.0,1.0,0,3,0,0,0.0,0.0,0.0,0.0,0,0,41.5,3.5355339059327378,0,1,2,0.0,0.5,1
A-2021-12-69,2021-12-08,06:00,ATROPELLO FUGA,1,0,0,PASCO,PASCO,VICCO,URBANA,CARRETERA,NACIONAL,PE-20A,-10.810985467282697,-76.23864765339725,DESPEJADO,RURAL,OTRO,PLANA ,ASFALTADA,SI,REGULADORA (R),,NO,IMPRUDENCIA DEL CONDUCTOR,EXCESO DE VELOCIDAD,6.0,0,2021.0,12.0,2.0,0,1,0,1,0.0,0.0,0.0,0.0,0,1,54.0,0.0,0,0,2,0.0,0.0,0
A-2021-12-170,2021-12-08,06:30,CHOQUE,1,0,2,LAMBAYEQUE,CHICLAYO,PIMENTEL,URBANA,CARRETERA,NACIONAL,PE-1N,-6.751879484350171,-79.8676442770372,DESPEJADO,COMERCIAL,TRAMO RECTO,PLANA ,ASFALTADA,,,,,EN PROCESO DE INVESTIGACIÓN,NO CUENTA CON CAUSA ESPECIFICA,6.0,0,2021.0,12.0,2.0,0,1,0,0,0.0,0.0,0.0,0.0,0,0,47.5,6.363961030678928,0,2,2,0.0,1.0,0
A-2021-12-99,2021-12-08,06:30,CHOQUE,1,0,2,UCAYALI,CORONEL PORTILLO,YARINACOCHA,RURAL,CARRETERA,NACIONAL,PE-18C,-8.40977,-74.650205,DESPEJADO,RURAL,TRAMO RECTO,PLANA ,ASFALTADA,SI,REGULADORA (R),,NO,IMPRUDENCIA DEL CONDUCTOR,CONDUCIR EN SENTIDO CONTRARIO,6.0,0,2021.0,12.0,2.0,0,1,0,2,0.0,0.0,0.0,0.0,0,1,50.5,12.020815280171307,0,0,2,0.0,0.0,0
A-2021-12-238,2021-12-08,07:20,VOLCADURA,1,0,2,SAN MARTIN,SAN MARTIN,LA BANDA DE SHILCAYO,RURAL,CARRETERA,NACIONAL,PE-5NB,-6.42122732,-76.291237,DESPEJADO,RURAL,CURVA,INCLINADA,ASFALTADA,SI,PREVENTIVA (P),,SI,IMPRUDENCIA DEL CONDUCTOR,EXCESO DE VELOCIDAD,7.0,0,2021.0,12.0,2.0,0,1,0,2,0.0,1.0,0.0,1.0,0,0,55.0,14.142135623730951,0,2,2,0.0,1.0,0
A-2021-12-216,2021-12-08,10:00,CAÍDA DE PASAJERO,1,0,0,LIMA,LIMA,VILLA MARIA DEL TRIUNFO,URBANA,JIRÓN,URBANO,NO CORRESPONDE,-12.183116,-76.924735,SOLEADO,RESIDENCIAL,TRAMO RECTO,PLANA ,ASFALTADA,,,,,EN PROCESO DE INVESTIGACIÓN,NO CUENTA CON CAUSA ESPECIFICA,10.0,0,2021.0,12.0,2.0,0,1,0,0,1.0,0.0,0.0,1.0,0,0,53.0,0.0,0,0,2,0.0,0.0,0
A-2021-12-26,2021-12-08,15:30,DESPISTE,2,2,1,ICA,ICA,YAUCA DEL ROSARIO,RURAL,CARRETERA,DEPARTAMENTAL,IC-107,-14.1745787,-75.5859515,SOLEADO,RURAL,TRAMO RECTO,PLANA ,TROCHA,,,,,EN PROCESO DE INVESTIGACIÓN,NO CUENTA CON CAUSA ESPECIFICA,15.0,1,2021.0,12.0,2.0,0,2,0,0,0.0,0.0,2.0,2.0,0,0,68.5,19.139836293274122,0,1,4,0.0,0.25,0
A-2021-12-66,2021-12-08,19:50,ATROPELLO,1,1,0,LORETO,MAYNAS,IQUITOS,URBANA,AVENIDA,URBANO,NO CORRESPONDE,-3.731932130476979,-73.25876824469772,,,,,,,,,,EN PROCESO DE INVESTIGACIÓN,NO CUENTA CON CAUSA ESPECIFICA,19.0,0,2021.0,12.0,2.0,0,3,0,2,1.0,1.0,1.0,3.0,0,0,32.666666666666664,26.312227829154516,0,0,3,0.0,0.0,1
A-2021-12-9,2021-12-09,04:22,ATROPELLO FUGA,1,0,0,PUNO,PUNO,PAUCARCOLLA,RURAL,CARRETERA,NACIONAL,PE-3S,-15.752785753272578,-70.05233133972958,DESPEJADO,RURAL,TRAMO RECTO,PLANA ,ASFALTADA,SI,REGULADORA (R),,SI,EN PROCESO DE INVESTIGACIÓN,NO CUENTA CON CAUSA ESPECIFICA,4.0,0,2021.0,12.0,3.0,0,0,0,1,0.0,0.0,0.0,0.0,0,0,51.0,0.0,0,0,2,0.0,0.0,1
A-2021-12-70,2021-12-09,18:00,CHOQUE,1,1,0,LORETO,MAYNAS,SAN JUAN BAUTISTA,URBANA,CARRETERA,DEPARTAMENTAL,LO-103,-3.766726217229544,-73.27312225655557,,,,,,,,,,EN PROCESO DE INVESTIGACIÓN,NO CUENTA CON CAUSA ESPECIFICA,18.0,0,2021.0,12.0,3.0,0,3,0,2,0.0,1.0,1.0,2.0,0,0,41.666666666666664,5.507570547286103,0,0,3,0.0,0.0,1
A-2021-12-23,2021-12-09,23:30,DESPISTE,1,2,1,APURIMAC,ANDAHUAYLAS,SANTA MARIA DE CHICMO,RURAL,CARRETERA,NACIONAL,PE-3S,-13.611073,-73.575278,NUBLADO,RURAL,TRAMO RECTO,PLANA ,ASFALTADA,,,,,IMPRUDENCIA DEL CONDUCTOR,EXCESO DE VELOCIDAD,23.0,0,2021.0,12.0,3.0,0,3,0,1,0.0,0.0,0.0,0.0,0,0,44.333333333333336,16.772994167212165,0,1,3,0.0,0.333,1
A-2021-12-154,2021-12-10,01:00,DESPISTE,1,2,1,LIMA,LIMA,BARRANCO,URBANA,OTRO,URBANO,NO CORRESPONDE,-12.153688218841218,-77.02474408850549,DESPEJADO,RESIDENCIAL,TRAMO RECTO,INCLINADA,ASFALTADA,,,,,EN PROCESO DE INVESTIGACIÓN,NO CUENTA CON CAUSA ESPECIFICA,1.0,0,2021.0,12.0,4.0,0,0,0,0,2.0,1.0,0.0,3.0,0,0,0.0,0.0,0,0,3,0.0,0.0,1