CODIGO_SINIESTRO,FECHA_SINIESTRO,HORA_SINIESTRO,CLASE_SINIESTRO,CANTIDAD_FALLECIDOS,CANTIDAD_LESIONADOS,CANTIDAD_VEHICULOS,DEPARTAMENTO,PROVINCIA,DISTRITO,ZONA,TIPO_VIA,RED_VIAL,COD_CARRETERA,LATITUD,LONGITUD,CONDICION_CLIMATICA,ZONIFICACION,CARACTERISTICAS_VIA,PERFIL_VIA,SUPERFICIE_CALZADA,EXISTE_SENIAL_VERTICAL,CLASIFICACION_SENIAL_VERTICAL_1,CLASIFICACION_SENIAL_VERTICAL_2,EXISTE_SENIAL_HORIZONTAL,CAUSA_FACTOR_PRINCIPAL,CAUSA_ESPECIFICA,HORA,severidad,ANIO,MES,DIA_SEMANA,FIN_SEMANA,FRANJA_HORARIA,TEMPORADA,MACROREGION,TIPO_VIA_SCORE,PERFIL_VIA_SCORE,SUPERFICIE_CALZADA_SCORE,RIESGO_INFRAESTRUCTURA,RIESGO_CLIMATICO,SENIALIZACION_DEFICIENTE,EDAD_PROMEDIO,EDAD_STD,TOTAL_ALCOHOL,TOTAL_LICENCIA,TOTAL_PERSONAS,PCT_ALCOHOL,PCT_LICENCIA,ES_NOCHE
A-2021-12-92,2021-12-19,01:00,CHOQUE,1,1,2,LIMA,HUAURA,HUAURA,RURAL,CARRETERA,NACIONAL,PE-1NE,-11.07467669370586,-77.50771876853804,DESPEJADO,RURAL,TRAMO RECTO,PLANA ,ASFALTADA,SI,REGULADORA (R),REGULADORA (R),NO,IMPRUDENCIA DEL CONDUCTOR,EXCESO DE VELOCIDAD,1.0,0,2021.0,12.0,6.0,1,0,0,0,0.0,0.0,0.0,0.0,0,1,42.333333333333336,0.5773502691896263,0,1,3,0.0,0.333,1
A-2021-12-210,2021-12-19,02:45,CHOQUE,1,0,1,LIMA,LIMA,COMAS,URBANA,CARRETERA,NACIONAL,PE-1N,-11.93071,-77.07231,DESPEJADO,RESIDENCIAL,INTERSECCIÓN,PLANA ,ASFALTADA,,,,,EN PROCESO DE INVESTIGACIÓN,NO CUENTA CON CAUSA ESPECIFICA,2.0,0,2021.0,12.0,6.0,1,0,0,0,0.0,0.0,0.0,0.0,0,0,0.0,0.0,0,0,2,0.0,0.0,1
A-2021-12-225,2021-12-19,03:15,DESPISTE,1,0,0,LORETO,MAYNAS,BELEN,URBANA,AVENIDA,URBANO,NO CORRESPONDE,-3.771060994870189,-73.26379620710647,,,,,,,,,,EN PROCESO DE INVESTIGACIÓN,NO CUENTA CON CAUSA ESPECIFICA,3.0,0,2021.0,12.0,6.0,1,0,0,2,1.0,1.0,1.0,3.0,0,0,20.0,0.0,0,0,1,0.0,0.0,1
A-2021-12-212,2021-12-19,05:30,ATROPELLO,1,0,0,LIMA,LIMA,VILLA EL SALVADOR,URBANA,AVENIDA,URBANO,NO CORRESPONDE,-12.21592,-76.935139,DESPEJADO,RESIDENCIAL,INTERSECCIÓN,PLANA ,ASFALTADA,,,,,EN PROCESO DE INVESTIGACIÓN,NO CUENTA CON CAUSA ESPECIFICA,5.0,0,2021.0,12.0,6.0,1,0,0,0,1.0,0.0,0.0,1.0,0,0,42.0,0.0,0,1,2,0.0,0.5,1
A-2021-12-278,2021-12-19,05:45,CHOQUE,1,0,2,AREQUIPA,CARAVELI,CHAPARRA,RURAL,CARRETERA,NACIONAL,PE-1S,-15.924556166453849,-74.11293799237252,DESPEJADO,RURAL,TRAMO RECTO,PLANA ,AFIRMADO,,,,,EN PROCESO DE INVESTIGACIÓN,NO CUENTA CON CAUSA ESPECIFICA,5.0,0,2021.0,12.0,6.0,1,0,0,0,0.0,0.0,1.0,1.0,0,0,48.0,2.8284271247461903,0,2,3,0.0,0.667,1
A-2021-12-121,2021-12-19,12:00,DESPISTE,1,0,1,CUSCO,URUBAMBA,HUAYLLABAMBA,RURAL,CARRETERA,SIN CLASIFICAR,SIN CLASIFICAR,-13.337705615140656,-72.05723027700584,NUBLADO,RURAL,TRAMO RECTO,PLANA ,AFIRMADO,,,,,IMPRUDENCIA DEL CONDUCTOR,EXCESO DE VELOCIDAD,12.0,0,2021.0,12.0,6.0,1,2,0,1,0.0,0.0,1.0,1.0,0,0,49.0,0.0,0,0,1,0.0,0.0,0
A-2021-12-52,2021-12-19,12:00,CHOQUE,1,0,2,ANCASH,YUNGAY,MANCOS,RURAL,CARRETERA,NACIONAL,PE-3N,-9.204923228231642,-77.6955183049935,SOLEADO,RURAL,CURVA,INCLINADA,ASFALTADA,SI,PREVENTIVA (P),PREVENTIVA (P),SI,IMPRUDENCIA DEL CONDUCTOR,INVASIÓN DE CARRIL,12.0,0,2021.0,12.0,6.0,1,2,0,0,0.0,1.0,0.0,1.0,0,0,28.5,9.192388155425117,0,1,2,0.0,0.5,0
A-2021-12-67,2021-12-19,12:00,DESPISTE,1,0,0,LORETO,MAYNAS,IQUITOS,URBANA,CALLE,URBANO,NO CORRESPONDE,-3.735641781281565,-73.24260413925239,,,,,,,,,,EN PROCESO DE INVESTIGACIÓN,NO CUENTA CON CAUSA ESPECIFICA,12.0,0,2021.0,12.0,6.0,1,2,0,2,2.0,1.0,1.0,4.0,0,0,42.0,0.0,0,0,1,0.0,0.0,0
A-2021-12-280,2021-12-19,13:00,CHOQUE,2,0,2,AREQUIPA,CAMANA,QUILCA,RURAL,CARRETERA,NACIONAL,PE-1SD,-16.69516898840381,-72.45780429248134,DESPEJADO,RURAL,TRAMO RECTO,PLANA ,ASFALTADA,,,,,EN PROCESO DE INVESTIGACIÓN,NO CUENTA CON CAUSA ESPECIFICA,13.0,1,2021.0,12.0,6.0,1,2,0,0,0.0,0.0,0.0,0.0,0,0,34.0,3.0,0,2,3,0.0,0.667,0
A-2021-12-236,2021-12-19,15:30,CHOQUE,4,0,2,SAN MARTIN,SAN MARTIN,JUAN GUERRA,RURAL,CARRETERA,NACIONAL,PE-5N,-6.57864,-76.32731,DESPEJADO,RURAL,TRAMO RECTO,PLANA ,ASFALTADA,SI,REGULADORA (R),,SI,IMPRUDENCIA DEL CONDUCTOR,CONDUCIR EN ESTADO DE EBRIEDAD Y/O DROGADICCIÓN,15.0,2,2021.0,12.0,6.0,1,2,0,2,0.0,0.0,0.0,0.0,0,0,54.2,25.694357357209775,1,1,5,0.2,0.2,0
A-2021-12-149,2021-12-19,18:30,CHOQUE FUGA,1,0,2,PUNO,SAN ROMAN,SAN MIGUEL,URBANA,CARRETERA,NACIONAL,PE-34H,-15.468342,-70.109546,NUBLADO,COMERCIAL,INTERSECCIÓN,PLANA ,ASFALTADA,,,,,IMPRUDENCIA DEL CONDUCTOR,GIRAR IMPRUDENTEMENTE,18.0,0,2021.0,12.0,6.0,1,3,0,1,0.0,0.0,0.0,0.0,0,0,53.5,13.435028842544403,0,0,3,0.0,0.0,1
A-2021-12-105,2021-12-19,21:20,CHOQUE,1,0,2,LA LIBERTAD,SANCHEZ CARRION,HUAMACHUCO,RURAL,CARRETERA,NACIONAL,PE-3N,-7.823078133059083,-78.05591943206889,DESPEJADO,RURAL,TRAMO RECTO,PLANA ,ASFALTADA,,,,,IMPRUDENCIA DEL CONDUCTOR,CONDUCIR EN ESTADO DE EBRIEDAD Y/O DROGADICCIÓN,21.0,0,2021.0,12.0,6.0,1,3,0,0,0.0,0.0,0.0,0.0,0,0,35.0,18.384776310850235,0,1,2,0.0,0.5,1
A-2021-12-74,2021-12-19,22:35,DESPISTE,1,0,1,AREQUIPA,AREQUIPA,SOCABAYA,URBANA,AVENIDA,URBANO,NO CORRESPONDE,-16.46019,-71.547048,DESPEJADO,COMERCIAL,TRAMO RECTO,INCLINADA,ASFALTADA,NO,,,SI,EN PROCESO DE INVESTIGACIÓN,NO CUENTA CON CAUSA ESPECIFICA,22.0,0,2021.0,12.0,6.0,1,3,0,0,1.0,1.0,0.0,2.0,0,1,26.0,0.0,0,1,1,0.0,1.0,1
A-2021-12-136,2021-12-20,06:00,DESPISTE,1,39,1,PIURA,PIURA,TAMBO GRANDE,RURAL,CARRETERA,NACIONAL,PE-1NJ,-5.1432175,-80.3709129,DESPEJADO,RURAL,TRAMO RECTO,PLANA ,ASFALTADA,,,,,EN PROCESO DE INVESTIGACIÓN,NO CUENTA CON CAUSA ESPECIFICA,6.0,0,2021.0,12.0,0.0,0,1,0,0,0.0,0.0,0.0,0.0,0,0,42.0,11.937873366425887,0,1,40,0.0,0.025,0
A-2021-12-211,2021-12-20,06:35,ATROPELLO,1,0,0,LIMA,LIMA,PACHACAMAC,URBANA,AVENIDA,URBANO,NO CORRESPONDE,-12.083448880084283,-76.8780917430727,DESPEJADO,RESIDENCIAL,TRAMO RECTO,PLANA ,AFIRMADO,,,,,EN PROCESO DE INVESTIGACIÓN,NO CUENTA CON CAUSA ESPECIFICA,6.0,0,2021.0,12.0,0.0,0,1,0,0,1.0,0.0,1.0,2.0,0,0,56.0,0.0,0,0,2,0.0,0.0,0
A-2021-12-34,2021-12-20,11:30,ATROPELLO,1,0,1,CALLAO,CALLAO,MI PERU,URBANA,AVENIDA,URBANO,NO CORRESPONDE,-11.857653446676723,-77.1283577259479,DESPEJADO,RESIDENCIAL,TRAMO RECTO,INCLINADA,ASFALTADA,,,,,NEGLIGENCIA DEL CONDUCTOR,OTRO (NEGLIGENCIA DEL CONDUCTOR),11.0,0,2021.0,12.0,0.0,0,1,0,0,1.0,1.0,0.0,2.0,0,0,39.5,10.606601717798213,0,1,2,0.0,0.5,0
A-2021-12-213,2021-12-20,15:30,CHOQUE,1,1,2,LIMA,LIMA,SAN JUAN DE LURIGANCHO,URBANA,AVENIDA,URBANO,NO CORRESPONDE,-12.029521,-77.007004,SOLEADO,RESIDENCIAL,INTERSECCIÓN,PLANA ,ASFALTADA,,,,,EN PROCESO DE INVESTIGACIÓN,NO CUENTA CON CAUSA ESPECIFICA,15.0,0,2021.0,12.0,0.0,0,2,0,0,1.0,0.0,0.0,1.0,0,0,62.0,0.0,0,1,3,0.0,0.333,0
A-2021-12-106,2021-12-20,20:30,CHOQUE,1,0,2,LA LIBERTAD,VIRU,VIRU,RURAL,CARRETERA,NACIONAL,PE-1N,-8.42680234191626,-78.7797538799474,DESPEJADO,RURAL,TRAMO RECTO,PLANA ,ASFALTADA,,,,,EN PROCESO DE INVESTIGACIÓN,NO CUENTA CON CAUSA ESPECIFICA,20.0,0,2021.0,12.0,0.0,0,3,0,0,0.0,0.0,0.0,0.0,0,0,25.5,4.949747468305833,0,1,2,0.0,0.5,1
A-2021-12-71,2021-12-20,20:30,CHOQUE,1,1,2,CAJAMARCA,CAJABAMBA,CONDEBAMBA,RURAL,CARRETERA,NACIONAL,PE-3N,-7.527567,-78.148252,DESPEJADO,RURAL,TRAMO RECTO,PLANA ,ASFALTADA,SI,PREVENTIVA (P),PREVENTIVA (P),SI,EN PROCESO DE INVESTIGACIÓN,NO CUENTA CON CAUSA ESPECIFICA,20.0,0,2021.0,12.0,0.0,0,3,0,1,0.0,0.0,0.0,0.0,0,0,40.0,26.870057685088806,0,0,2,0.0,0.0,1
A-2021-12-179,2021-12-20,23:40,DESPISTE,1,1,1,LAMBAYEQUE,CHICLAYO,CHICLAYO,URBANA,AVENIDA,URBANO,NO CORRESPONDE,-6.7759791981157225,-79.8364448493977,DESPEJADO,RESIDENCIAL,TRAMO RECTO,PLANA ,ASFALTADA,,,,,EN PROCESO DE INVESTIGACIÓN,NO CUENTA CON CAUSA ESPECIFICA,23.0,0,2021.0,12.0,0.0,0,3,0,0,1.0,0.0,0.0,1.0,0,0,21.0,5.656854249492381,0,0,2,0.0,0.0,1
A-2021-12-134,2021-12-21,05:30,DESPISTE,3,0,1,CUSCO,URUBAMBA,OLLANTAYTAMBO,RURAL,CARRETERA,SIN CLASIFICAR,SIN CLASIFICAR,-13.2635,-72.269977,DESPEJADO,RURAL,TRAMO RECTO,PLANA ,ASFALTADA,,,,,IMPRUDENCIA DEL CONDUCTOR,EXCESO DE VELOCIDAD,5.0,2,2021.0,12.0,1.0,0,0,0,1,0.0,0.0,0.0,0.0,0,0,32.75,13.9134227756269,0,1,4,0.0,0.25,1
A-2021-12-93,2021-12-21,06:00,ATROPELLO FUGA,1,0,0,LIMA,HUAURA,HUACHO,RURAL,CARRETERA,NACIONAL,PE-1N,-11.412563,-77.374989,DESPEJADO,RURAL,TRAMO RECTO,INCLINADA,ASFALTADA,SI,INFORMATIVA (I),INFORMATIVA (I),NO,EN PROCESO DE INVESTIGACIÓN,NO CUENTA CON CAUSA ESPECIFICA,6.0,0,2021.0,12.0,1.0,0,1,0,0,0.0,1.0,0.0,1.0,0,1,0.0,0.0,0,0,2,0.0,0.0,0
A-2021-12-222,2021-12-21,08:05,DESPISTE,1,0,1,LAMBAYEQUE,CHICLAYO,PIMENTEL,URBANA,CARRETERA,NACIONAL,PE-1N,-6.738122,-79.880227,DESPEJADO,COMERCIAL,TRAMO RECTO,PLANA ,ASFALTADA,,,,,EN PROCESO DE INVESTIGACIÓN,NO CUENTA CON CAUSA ESPECIFICA,8.0,0,2021.0,12.0,1.0,0,1,0,0,0.0,0.0,0.0,0.0,0,0,36.0,0.0,0,1,1,0.0,1.0,0
A-2021-12-94,2021-12-21,09:40,ATROPELLO,1,1,1,LIMA,HUARAL,CHANCAY,URBANA,CARRETERA,NACIONAL,PE-1N,-11.594510466066575,-77.25601446496525,SOLEADO,RESIDENCIAL,TRAMO RECTO,INCLINADA,ASFALTADA,,,,,IMPRUDENCIA DEL CONDUCTOR,EXCESO DE VELOCIDAD,9.0,0,2021.0,12.0,1.0,0,1,0,0,0.0,1.0,0.0,1.0,0,0,28.666666666666668,17.897858344878397,0,1,3,0.0,0.333,0
A-2021-12-163,2021-12-21,13:30,CHOQUE,1,0,2,PUNO,SAN ROMAN,SAN MIGUEL,RURAL,CARRETERA,NACIONAL,PE-3S,-15.3696859,-70.1682585,DESPEJADO,RURAL,TRAMO RECTO,PLANA ,ASFALTADA,,,,,IMPRUDENCIA DEL CONDUCTOR,CONDUCIR EN SENTIDO CONTRARIO,13.0,0,2021.0,12.0,1.0,0,2,0,1,0.0,0.0,0.0,0.0,0,0,27.5,20.506096654409877,0,1,2,0.0,0.5,0
A-2021-12-235,2021-12-21,16:00,CHOQUE,1,3,2,SAN MARTIN,SAN MARTIN,LA BANDA DE SHILCAYO,RURAL,CARRETERA,NACIONAL,PE-5NB,-6.50662008002051,-76.3455071890182,DESPEJADO,RURAL,TRAMO RECTO,PLANA ,ASFALTADA,NO,,,SI,IMPRUDENCIA DEL CONDUCTOR,EXCESO DE VELOCIDAD,16.0,0,2021.0,12.0,1.0,0,2,0,2,0.0,0.0,0.0,0.0,0,1,17.4,14.046351839534706,1,1,5,0.2,0.2,0
A-2021-12-182,2021-12-21,16:30,CHOQUE,1,0,2,LAMBAYEQUE,LAMBAYEQUE,LAMBAYEQUE,URBANA,CARRETERA,NACIONAL,PE-1N,-6.705867,-79.902938,DESPEJADO,RESIDENCIAL,INTERSECCIÓN,PLANA ,ASFALTADA,,,,,EN PROCESO DE INVESTIGACIÓN,NO CUENTA CON CAUSA ESPECIFICA,16.0,0,2021.0,12.0,1.0,0,2,0,0,0.0,0.0,0.0,0.0,0,0,28.0,0.0,0,1,2,0.0,0.5,0
A-2021-12-133,2021-12-21,19:30,ATROPELLO,1,0,1,CUSCO,CANCHIS,SAN PEDRO,RURAL,CARRETERA,NACIONAL,PE-3S,-14.182470022437494,-71.36738053960617,DESPEJADO,RURAL,TRAMO RECTO,PLANA ,ASFALTADA,,,,,IMPRUDENCIA DEL PEATÓN,CRUCE INDEBIDO POR LA CALZADA,19.0,0,2021.0,12.0,1.0,0,3,0,1,0.0,0.0,0.0,0.0,0,0,57.0,14.142135623730951,0,1,2,0.0,0.5,1
A-2021-12-130,2021-12-21,21:41,DESPISTE,1,1,1,PIURA,PIURA,CASTILLA,RURAL,CARRETERA,NACIONAL,PE-1NJ,-5.161759,-80.511191,DESPEJADO,RURAL,TRAMO RECTO,PLANA ,ASFALTADA,,,,,EN PROCESO DE INVESTIGACIÓN,NO CUENTA CON CAUSA ESPECIFICA,21.0,0,2021.0,12.0,1.0,0,3,0,0,0.0,0.0,0.0,0.0,0,0,24.5,0.7071067811865476,0,1,2,0.0,0.5,1
A-2021-12-107,2021-12-21,22:40,CHOQUE,2,0,2,LA LIBERTAD,TRUJILLO,HUANCHACO,RURAL,CARRETERA,NACIONAL,PE-1N,-8.095328,-79.098546,DESPEJADO,RESIDENCIAL,TRAMO RECTO,PLANA ,ASFALTADA,,,,,IMPRUDENCIA DEL CONDUCTOR,FATIGA Y/O CANSANCIO,22.0,1,2021.0,12.0,1.0,0,3,0,0,0.0,0.0,0.0,0.0,0,0,49.0,8.18535277187245,0,2,3,0.0,0.667,1
A-2021-12-223,2021-12-22,06:30,DESPISTE,1,0,1,LIMA,LIMA,SAN MARTIN DE PORRES,URBANA,CARRETERA,NACIONAL,PE-1N,-12.0133494,-77.0603835,DESPEJADO,RESIDENCIAL,TRAMO RECTO,PLANA ,ASFALTADA,,,,,EN PROCESO DE INVESTIGACIÓN,NO CUENTA CON CAUSA ESPECIFICA,6.0,0,2021.0,12.0,2.0,0,1,0,0,0.0,0.0,0.0,0.0,0,0,0.0,0.0,0,0,1,0.0,0.0,0
A-2021-12-54,2021-12-22,07:30,CHOQUE,1,1,2,ANCASH,POMABAMBA,POMABAMBA,RURAL,CARRETERA,NACIONAL,PE-14C,-8.830359046098112,-77.44144099349027,DESPEJADO,RURAL,TRAMO RECTO,PLANA ,TROCHA,,,,,IMPRUDENCIA DEL CONDUCTOR,EXCESO DE VELOCIDAD,7.0,0,2021.0,12.0,2.0,0,1,0,0,0.0,0.0,2.0,2.0,0,0,28.5,0.7071067811865476,0,0,2,0.0,0.0,0
A-2021-12-111,2021-12-22,13:00,DESPISTE,1,0,1,LA LIBERTAD,OTUZCO,USQUIL,RURAL,CARRETERA,DEPARTAMENTAL,LI-111,-7.842541,-78.347061,DESPEJADO,RURAL,TRAMO RECTO,PLANA ,AFIRMADO,,,,,EN PROCESO DE INVESTIGACIÓN,NO CUENTA CON CAUSA ESPECIFICA,13.0,0,2021.0,12.0,2.0,0,2,0,0,0.0,0.0,1.0,1.0,0,0,50.0,0.0,0,1,1,0.0,1.0,0
A-2021-12-108,2021-12-22,15:15,CHOQUE,1,0,2,LA LIBERTAD,PACASMAYO,SAN JOSE,RURAL,CARRETERA,NACIONAL,PE-1N,-7.337082,-79.495932,DESPEJADO,RURAL,TRAMO RECTO,PLANA ,ASFALTADA,,,,,IMPRUDENCIA DEL CONDUCTOR,OTRO (IMPRUDENCIA DEL CONDUCTOR),15.0,0,2021.0,12.0,2.0,0,2,0,0,0.0,0.0,0.0,0.0,0,0,49.5,36.062445840513924,0,1,2,0.0,0.5,0
A-2021-12-131,2021-12-22,17:20,CHOQUE,1,0,1,CUSCO,CHUMBIVILCAS,SANTO TOMAS,RURAL,CARRETERA,NACIONAL,PE-3SG,-14.437471,-72.08432,DESPEJADO,RURAL,CURVA,PLANA ,ASFALTADA,SI,PREVENTIVA (P),PREVENTIVA (P),NO,IMPRUDENCIA DEL CONDUCTOR,EXCESO DE VELOCIDAD,17.0,0,2021.0,12.0,2.0,0,2,0,1,0.0,0.0,0.0,0.0,0,1,29.0,4.242640687119285,0,1,2,0.0,0.5,0
A-2021-12-109,2021-12-22,19:00,ATROPELLO,1,0,1,LA LIBERTAD,VIRU,VIRU,RURAL,CARRETERA,PROVINCIAL,LI-1122,-8.42211123013117,-78.83213999214274,DESPEJADO,RURAL,TRAMO RECTO,PLANA ,AFIRMADO,,,,,IMPRUDENCIA DEL CONDUCTOR,OTRO (IMPRUDENCIA DEL CONDUCTOR),19.0,0,2021.0,12.0,2.0,0,3,0,0,0.0,0.0,1.0,1.0,0,0,60.5,43.1335136523794,0,0,2,0.0,0.0,1
A-2021-12-123,2021-12-22,19:20,CHOQUE,1,0,2,PUNO,AZANGARO,ASILLO,RURAL,CARRETERA,NACIONAL,PE-34B,-14.745463811047548,-70.3543804087206,DESPEJADO,RURAL,TRAMO RECTO,PLANA ,ASFALTADA,,,,,IMPRUDENCIA DEL CONDUCTOR,CONDUCIR EN SENTIDO CONTRARIO,19.0,0,2021.0,12.0,2.0,0,3,0,1,0.0,0.0,0.0,0.0,0,0,44.5,12.020815280171307,0,0,2,0.0,0.0,1
A-2021-12-110,2021-12-22,21:15,CHOQUE,1,0,2,LA LIBERTAD,VIRU,VIRU,RURAL,CARRETERA,NACIONAL,PE-1N,-8.430496,-78.776379,DESPEJADO,RURAL,TRAMO RECTO,PLANA ,ASFALTADA,,,,,EN PROCESO DE INVESTIGACIÓN,NO CUENTA CON CAUSA ESPECIFICA,21.0,0,2021.0,12.0,2.0,0,3,0,0,0.0,0.0,0.0,0.0,0,0,39.0,1.4142135623730951,0,1,2,0.0,0.5,1
A-2021-12-64,2021-12-23,02:20,CHOQUE,1,4,2,ICA,ICA,SALAS,RURAL,CARRETERA,NACIONAL,PE-1S,-13.905014823942032,-76.05095184372767,DESPEJADO,RURAL,TRAMO RECTO,PLANA ,ASFALTADA,,,,,EN PROCESO DE INVESTIGACIÓN,NO CUENTA CON CAUSA ESPECIFICA,2.0,0,2021.0,12.0,3.0,0,0,0,0,0.0,0.0,0.0,0.0,0,0,28.166666666666668,22.444746972658585,0,0,7,0.0,0.0,1
A-2021-12-183,2021-12-23,05:30,ATROPELLO FUGA,1,0,0,LAMBAYEQUE,CHICLAYO,JOSE LEONARDO ORTIZ,RURAL,CARRETERA,DEPARTAMENTAL,LA-111,-6.744698347091543,-79.80031547121978,DESPEJADO,RURAL,TRAMO RECTO,PLANA ,ASFALTADA,,,,,EN PROCESO DE INVESTIGACIÓN,NO CUENTA CON CAUSA ESPECIFICA,5.0,0,2021.0,12.0,3.0,0,0,0,0,0.0,0.0,0.0,0.0,0,0,23.0,0.0,0,0,2,0.0,0.0,1
A-2021-12-150,2021-12-23,14:30,DESPISTE,1,0,1,PUNO,SANDIA,SANDIA,RURAL,CARRETERA,NACIONAL,PE-34H,-14.285873869758916,-69.4341251892528,NUBLADO,RURAL,TRAMO RECTO,PLANA ,ASFALTADA,,,,,IMPRUDENCIA DEL CONDUCTOR,OTRO (IMPRUDENCIA DEL CONDUCTOR),14.0,0,2021.0,12.0,3.0,0,2,0,1,0.0,0.0,0.0,0.0,0,0,46.0,18.384776310850235,0,0,2,0.0,0.0,0
A-2021-12-224,2021-12-23,19:00,ATROPELLO,1,0,0,LIMA,LIMA,LURIN,URBANA,AVENIDA,URBANO,NO CORRESPONDE,-12.276894,-76.870023,DESPEJADO,COMERCIAL,TRAMO RECTO,PLANA ,ASFALTADA,,,,,EN PROCESO DE INVESTIGACIÓN,NO CUENTA CON CAUSA ESPECIFICA,19.0,0,2021.0,12.0,3.0,0,3,0,0,1.0,0.0,0.0,1.0,0,0,40.0,0.0,0,1,2,0.0,0.5,1
A-2021-12-221,2021-12-23,22:30,CHOQUE,1,0,2,LAMBAYEQUE,LAMBAYEQUE,OLMOS,RURAL,CARRETERA,NACIONAL,PE-1NJ,-5.991169,-79.721475,DESPEJADO,RURAL,TRAMO RECTO,PLANA ,ASFALTADA,,,,,EN PROCESO DE INVESTIGACIÓN,NO CUENTA CON CAUSA ESPECIFICA,22.0,0,2021.0,12.0,3.0,0,3,0,0,0.0,0.0,0.0,0.0,0,0,41.0,5.656854249492381,0,1,2,0.0,0.5,1
A-2021-12-112,2021-12-24,00:00,DESPISTE,1,0,1,LA LIBERTAD,TRUJILLO,TRUJILLO,URBANA,AVENIDA,URBANO,NO CORRESPONDE,-8.104461,-79.03628,DESPEJADO,COMERCIAL,TRAMO RECTO,PLANA ,ASFALTADA,,,,,EN PROCESO DE INVESTIGACIÓN,NO CUENTA CON CAUSA ESPECIFICA,0.0,0,2021.0,12.0,4.0,0,0,0,0,1.0,0.0,0.0,1.0,0,0,0.0,0.0,0,0,1,0.0,0.0,1
A-2021-12-241,2021-12-24,16:20,CHOQUE,1,0,2,LIMA,LIMA,CIENEGUILLA,URBANA,CARRETERA,DEPARTAMENTAL,LM-119,-12.090918,-76.844108,SOLEADO,RURAL,CURVA,INCLINADA,ASFALTADA,,,,,EN PROCESO DE INVESTIGACIÓN,NO CUENTA CON CAUSA ESPECIFICA,16.0,0,2021.0,12.0,4.0,0,2,0,0,0.0,1.0,0.0,1.0,0,0,0.0,0.0,0,0,2,0.0,0.0,0
A-2021-12-240,2021-12-24,17:00,ATROPELLO,1,0,0,LIMA,LIMA,LOS OLIVOS,URBANA,AVENIDA,URBANO,NO CORRESPONDE,-12.006548400245968,-77.08233591984799,SOLEADO,COMERCIAL,INTERSECCIÓN,PLANA ,ASFALTADA,,,,,EN PROCESO DE INVESTIGACIÓN,NO CUENTA CON CAUSA ESPECIFICA,17.0,0,2021.0,12.0,4.0,0,2,0,0,1.0,0.0,0.0,1.0,0,0,57.0,0.0,0,1,2,0.0,0.5,0
A-2021-12-234,2021-12-24,18:50,CHOQUE,1,0,2,SAN MARTIN,SAN MARTIN,LA BANDA DE SHILCAYO,RURAL,CARRETERA,NACIONAL,PE-5N,-6.55107,-76.34146,DESPEJADO,RURAL,TRAMO RECTO,PLANA ,ASFALTADA,NO,,,SI,IMPRUDENCIA DEL CONDUCTOR,CONDUCIR EN ESTADO DE EBRIEDAD Y/O DROGADICCIÓN,18.0,0,2021.0,12.0,4.0,0,3,0,2,0.0,0.0,0.0,0.0,0,1,31.0,15.556349186104045,1,2,2,0.5,1.0,1
A-2021-12-253,2021-12-24,20:00,CHOQUE FUGA,1,0,2,CAJAMARCA,JAEN,JAEN,RURAL,CARRETERA,NACIONAL,PE-5N,-5.806591834708754,-78.7727343803987,DESPEJADO,RURAL,TRAMO RECTO,PLANA ,ASFALTADA,,,,,EN PROCESO DE INVESTIGACIÓN,NO CUENTA CON CAUSA ESPECIFICA,20.0,0,2021.0,12.0,4.0,0,3,0,1,0.0,0.0,0.0,0.0,0,0,55.0,0.0,0,1,3,0.0,0.333,1
A-2021-12-95,2021-12-24,20:00,CHOQUE CON OBJETO FIJO,1,1,2,LIMA,HUAURA,HUAURA,URBANA,CARRETERA,NACIONAL,PE-1NE,-11.060704324300827,-77.5624305525138,DESPEJADO,RURAL,TRAMO RECTO,PLANA ,ASFALTADA,SI,REGULADORA (R),INFORMATIVA (I),NO,EN PROCESO DE INVESTIGACIÓN,NO CUENTA CON CAUSA ESPECIFICA,20.0,0,2021.0,12.0,4.0,0,3,0,0,0.0,0.0,0.0,0.0,0,1,29.0,5.656854249492381,0,1,3,0.0,0.333,1
A-2021-12-96,2021-12-24,23:50,DESPISTE,1,3,1,APURIMAC,ANDAHUAYLAS,KAQUIABAMBA,RURAL,CARRETERA,PROVINCIAL,AP-576,-13.564357163884948,-73.27507489659436,DESPEJADO,RURAL,CURVA,INCLINADA,TROCHA,,,,,IMPRUDENCIA DEL CONDUCTOR,FATIGA Y/O CANSANCIO,23.0,0,2021.0,12.0,4.0,0,3,0,1,0.0,1.0,2.0,3.0,0,0,41.0,20.199009876724155,0,0,4,0.0,0.0,1
A-2021-12-113,2021-12-25,00:05,CHOQUE FUGA,1,0,1,LA LIBERTAD,CHEPEN,CHEPEN,URBANA,AVENIDA,URBANO,NO CORRESPONDE,-7.222747,-79.431821,DESPEJADO,COMERCIAL,TRAMO RECTO,PLANA ,ASFALTADA,,,,,IMPRUDENCIA DEL CONDUCTOR,CONDUCIR EN ESTADO DE EBRIEDAD Y/O DROGADICCIÓN,0.0,0,2021.0,12.0,5.0,1,0,0,0,1.0,0.0,0.0,1.0,0,0,19.0,0.0,0,0,2,0.0,0.0,1