CODIGO_SINIESTRO,FECHA_SINIESTRO,HORA_SINIESTRO,CLASE_SINIESTRO,CANTIDAD_FALLECIDOS,CANTIDAD_LESIONADOS,CANTIDAD_VEHICULOS,DEPARTAMENTO,PROVINCIA,DISTRITO,ZONA,TIPO_VIA,RED_VIAL,COD_CARRETERA,LATITUD,LONGITUD,CONDICION_CLIMATICA,ZONIFICACION,CARACTERISTICAS_VIA,PERFIL_VIA,SUPERFICIE_CALZADA,EXISTE_SENIAL_VERTICAL,CLASIFICACION_SENIAL_VERTICAL_1,CLASIFICACION_SENIAL_VERTICAL_2,EXISTE_SENIAL_HORIZONTAL,CAUSA_FACTOR_PRINCIPAL,CAUSA_ESPECIFICA,HORA,severidad,ANIO,MES,DIA_SEMANA,FIN_SEMANA,FRANJA_HORARIA,TEMPORADA,MACROREGION,TIPO_VIA_SCORE,PERFIL_VIA_SCORE,SUPERFICIE_CALZADA_SCORE,RIESGO_INFRAESTRUCTURA,RIESGO_CLIMATICO,SENIALIZACION_DEFICIENTE,EDAD_PROMEDIO,EDAD_STD,TOTAL_ALCOHOL,TOTAL_LICENCIA,TOTAL_PERSONAS,PCT_ALCOHOL,PCT_LICENCIA,ES_NOCHE
A-2022-01-167,2022-01-02,10:05,ATROPELLO,1,0,0,PUNO,SAN ROMAN,JULIACA,URBANA,OTRO,URBANO,NO CORRESPONDE,-15.48467909601851,-70.10789062701292,DESPEJADO,ESCOLAR,TRAMO RECTO,PLANA ,TROCHA,,,,,IMPRUDENCIA DEL PEATÓN,OTRO (IMPRUDENCIA DEL PEATÓN),10.0,0,2022.0,1.0,6.0,1,1,0,1,2.0,0.0,2.0,4.0,0,0,23.5,31.81980515339464,0,1,2,0.0,0.5,0
A-2022-01-278,2022-01-02,12:30,DESPISTE,1,2,1,AYACUCHO,HUAMANGA,ACOS VINCHOS,RURAL,CARRETERA,PROVINCIAL,AY-713,-13.115315,-74.093383,DESPEJADO,RURAL,CURVA,INCLINADA,AFIRMADO,,,,,IMPRUDENCIA DEL CONDUCTOR,EXCESO DE VELOCIDAD,12.0,0,2022.0,1.0,6.0,1,2,0,1,0.0,1.0,1.0,2.0,0,0,28.666666666666668,2.5166114784235836,0,0,3,0.0,0.0,0
A-2022-01-155,2022-01-02,16:00,DESPISTE,1,7,1,LA LIBERTAD,SANTIAGO DE CHUCO,QUIRUVILCA,RURAL,CARRETERA,NACIONAL,PE-3N,-8.105542,-78.296194,DESPEJADO,RURAL,TRAMO RECTO,INCLINADA,AFIRMADO,,,,,NEGLIGENCIA DEL CONDUCTOR,CONDUCIR CON FALLAS DE FRENOS,16.0,0,2022.0,1.0,6.0,1,2,0,0,0.0,1.0,1.0,2.0,0,0,19.555555555555557,15.36319555879498,0,1,9,0.0,0.111,0
A-2022-01-228,2022-01-02,18:45,ATROPELLO,1,0,1,CUSCO,CANCHIS,TINTA,RURAL,CARRETERA,NACIONAL,PE-3S,-14.121408,-71.41428,DESPEJADO,RURAL,CURVA,PLANA ,ASFALTADA,,,,,IMPRUDENCIA DEL PEATÓN,ESTADO DE EBRIEDAD Y/O DROGADICCIÓN,18.0,0,2022.0,1.0,6.0,1,3,0,1,0.0,0.0,0.0,0.0,0,0,46.5,17.67766952966369,1,1,2,0.5,0.5,1
A-2022-01-300,2022-01-02,19:30,ATROPELLO FUGA,1,0,1,LA LIBERTAD,TRUJILLO,HUANCHACO,URBANA,AVENIDA,URBANO,NO CORRESPONDE,-8.032351,-79.061989,DESPEJADO,COMERCIAL,TRAMO RECTO,PLANA ,ASFALTADA,,,,,EN PROCESO DE INVESTIGACIÓN,NO CUENTA CON CAUSA ESPECIFICA,19.0,0,2022.0,1.0,6.0,1,3,0,0,1.0,0.0,0.0,1.0,0,0,64.0,0.0,0,0,2,0.0,0.0,1
A-2022-01-343,2022-01-02,20:15,CHOQUE,1,0,2,TACNA,TACNA,CORONEL GREGORIO ALBARRACIN LANCHIPA,RURAL,OTRO,URBANO,NO CORRESPONDE,-18.111547741646653,-70.2575237198779,DESPEJADO,RURAL,TRAMO RECTO,PLANA ,AFIRMADO,,,,,IMPRUDENCIA DEL CONDUCTOR,CONDUCIR EN ESTADO DE EBRIEDAD Y/O DROGADICCIÓN,20.0,0,2022.0,1.0,6.0,1,3,0,0,2.0,0.0,1.0,3.0,0,0,53.0,19.79898987322333,1,0,2,0.5,0.0,1
A-2022-01-142,2022-01-03,00:10,ATROPELLO,1,0,1,PUNO,SAN ROMAN,SAN MIGUEL,URBANA,AVENIDA,URBANO,NO CORRESPONDE,-15.471991294492025,-70.12311970961198,DESPEJADO,COMERCIAL,INTERSECCIÓN,PLANA ,ASFALTADA,,,,,IMPRUDENCIA DEL CONDUCTOR,CONDUCIR EN ESTADO DE EBRIEDAD Y/O DROGADICCIÓN,0.0,0,2022.0,1.0,0.0,0,0,0,1,1.0,0.0,0.0,1.0,0,0,32.5,6.363961030678928,1,1,2,0.5,0.5,1
A-2022-01-64,2022-01-03,08:30,DESPISTE,1,1,1,APURIMAC,CHINCHEROS,CHINCHEROS,RURAL,CARRETERA,PROVINCIAL,AP-541,-13.578622,-73.710652,NUBLADO,RURAL,TRAMO RECTO,PLANA ,AFIRMADO,,,,,IMPRUDENCIA DEL CONDUCTOR,EXCESO DE VELOCIDAD,8.0,0,2022.0,1.0,0.0,0,1,0,1,0.0,0.0,1.0,1.0,0,0,47.0,7.810249675906654,0,1,3,0.0,0.333,0
A-2022-01-73,2022-01-03,19:00,CHOQUE,1,0,0,LIMA,LIMA,CHORRILLOS,URBANA,CARRETERA,NACIONAL,PE-1S,-12.221114594425702,-76.97614819371015,DESPEJADO,ESCOLAR,INTERSECCIÓN,PLANA ,ASFALTADA,,,,,EN PROCESO DE INVESTIGACIÓN,NO CUENTA CON CAUSA ESPECIFICA,19.0,0,2022.0,1.0,0.0,0,3,0,0,0.0,0.0,0.0,0.0,0,0,49.0,5.656854249492381,0,2,2,0.0,1.0,1
A-2022-01-7,2022-01-03,19:45,CHOQUE,1,0,2,SAN MARTIN,MOYOBAMBA,MOYOBAMBA,RURAL,CARRETERA,NACIONAL,PE-5N,-6.082243,-76.884668,DESPEJADO,RURAL,CURVA,INCLINADA,ASFALTADA,,,,,EN PROCESO DE INVESTIGACIÓN,NO CUENTA CON CAUSA ESPECIFICA,19.0,0,2022.0,1.0,0.0,0,3,0,2,0.0,1.0,0.0,1.0,0,0,52.5,9.192388155425117,0,2,2,0.0,1.0,1
A-2022-01-54,2022-01-03,21:10,DESPISTE,1,1,1,CAJAMARCA,CONTUMAZA,YONAN,RURAL,CARRETERA,NACIONAL,PE-08,-7.240266,-79.057652,DESPEJADO,RURAL,CURVA,INCLINADA,ASFALTADA,,,,,EN PROCESO DE INVESTIGACIÓN,NO CUENTA CON CAUSA ESPECIFICA,21.0,0,2022.0,1.0,0.0,0,3,0,1,0.0,1.0,0.0,1.0,0,0,38.5,20.506096654409877,0,1,2,0.0,0.5,1
A-2022-01-229,2022-01-03,21:40,ATROPELLO,1,0,1,CUSCO,CUSCO,SAYLLA,RURAL,CARRETERA,NACIONAL,PE-3S,-13.55588917373734,-71.85594867584527,DESPEJADO,ESCOLAR,TRAMO RECTO,PLANA ,ASFALTADA,,,,,IMPRUDENCIA DEL PEATÓN,ESTADO DE EBRIEDAD Y/O DROGADICCIÓN,21.0,0,2022.0,1.0,0.0,0,3,0,1,0.0,0.0,0.0,0.0,0,0,47.5,14.849242404917497,1,1,2,0.5,0.5,1
A-2022-01-89,2022-01-03,22:00,CHOQUE,1,0,0,LIMA,LIMA,PUENTE PIEDRA,URBANA,CARRETERA,NACIONAL,PE-1N,-11.890384903545833,-77.06837829493487,DESPEJADO,COMERCIAL,TRAMO RECTO,PLANA ,ASFALTADA,,,,,EN PROCESO DE INVESTIGACIÓN,NO CUENTA CON CAUSA ESPECIFICA,22.0,0,2022.0,1.0,0.0,0,3,0,0,0.0,0.0,0.0,0.0,0,0,45.0,18.384776310850235,0,1,2,0.0,0.5,1
A-2022-01-330,2022-01-04,03:00,VOLCADURA,1,1,1,HUANUCO,PACHITEA,PANAO,RURAL,CARRETERA,NACIONAL,PE-18B,-9.902059,-75.999937,DESPEJADO,RURAL,TRAMO RECTO,INCLINADA,TROCHA,,,,,IMPRUDENCIA DEL CONDUCTOR,EXCESO DE VELOCIDAD,3.0,0,2022.0,1.0,1.0,0,0,0,1,0.0,1.0,2.0,3.0,0,0,45.0,25.45584412271571,0,1,2,0.0,0.5,1
A-2022-01-90,2022-01-04,10:45,ATROPELLO,1,0,0,LIMA,LIMA,SAN MARTIN DE PORRES,URBANA,CARRETERA,NACIONAL,PE-1N,-12.02323,-77.058815,DESPEJADO,COMERCIAL,TRAMO RECTO,PLANA ,ASFALTADA,,,,,EN PROCESO DE INVESTIGACIÓN,NO CUENTA CON CAUSA ESPECIFICA,10.0,0,2022.0,1.0,1.0,0,1,0,0,0.0,0.0,0.0,0.0,0,0,70.5,27.577164466275352,0,0,2,0.0,0.0,0
A-2022-01-323,2022-01-04,17:50,CHOQUE,1,4,2,HUANUCO,HUANUCO,CHINCHAO,RURAL,CARRETERA,NACIONAL,PE-18A,-9.577413,-76.024176,DESPEJADO,RURAL,CURVA,INCLINADA,ASFALTADA,,,,,IMPRUDENCIA DEL CONDUCTOR,EXCESO DE VELOCIDAD,17.0,0,2022.0,1.0,1.0,0,2,0,1,0.0,1.0,0.0,1.0,0,0,33.333333333333336,23.55136231020759,0,2,6,0.0,0.333,0
A-2022-01-169,2022-01-04,19:05,CHOQUE,2,1,2,LA LIBERTAD,VIRU,CHAO,RURAL,CARRETERA,PROVINCIAL,LI-1208,-8.559906,-78.68751,DESPEJADO,RURAL,TRAMO RECTO,PLANA ,ASFALTADA,,,,,IMPRUDENCIA DEL CONDUCTOR,INVASIÓN DE CARRIL,19.0,1,2022.0,1.0,1.0,0,3,0,0,0.0,0.0,0.0,0.0,0,0,38.0,4.58257569495584,0,2,3,0.0,0.667,1
A-2022-01-91,2022-01-04,20:30,DESPISTE,1,0,0,LIMA,LIMA,SAN MARTIN DE PORRES,URBANA,AVENIDA,URBANO,NO CORRESPONDE,-11.987278,-77.103042,DESPEJADO,COMERCIAL,INTERSECCIÓN,PLANA ,ASFALTADA,,,,,EN PROCESO DE INVESTIGACIÓN,NO CUENTA CON CAUSA ESPECIFICA,20.0,0,2022.0,1.0,1.0,0,3,0,0,1.0,0.0,0.0,1.0,0,0,25.0,0.0,0,0,1,0.0,0.0,1
A-2022-01-110,2022-01-05,06:50,CHOQUE,1,0,0,LIMA,LIMA,SAN JUAN DE MIRAFLORES,URBANA,CARRETERA,NACIONAL,PE-1S,-12.172018297607602,-76.97873171240589,DESPEJADO,RESIDENCIAL,TRAMO RECTO,PLANA ,ASFALTADA,,,,,EN PROCESO DE INVESTIGACIÓN,NO CUENTA CON CAUSA ESPECIFICA,6.0,0,2022.0,1.0,2.0,0,1,0,0,0.0,0.0,0.0,0.0,0,0,45.0,22.627416997969522,0,0,2,0.0,0.0,0
A-2022-01-144,2022-01-05,09:00,DESPISTE,1,0,1,PUNO,SAN ROMAN,CARACOTO,RURAL,CARRETERA,NACIONAL,PE-3S,-15.599523018953684,-70.09527050806683,DESPEJADO,RURAL,TRAMO RECTO,PLANA ,ASFALTADA,,,,,IMPRUDENCIA DEL CONDUCTOR,CONDUCIR EN ESTADO DE EBRIEDAD Y/O DROGADICCIÓN,9.0,0,2022.0,1.0,2.0,0,1,0,1,0.0,0.0,0.0,0.0,0,0,43.0,2.8284271247461903,1,1,2,0.5,0.5,0
A-2022-01-150,2022-01-05,09:10,CHOQUE,1,0,2,PUNO,AZANGARO,AZANGARO,RURAL,CARRETERA,SIN CLASIFICAR,SIN CLASIFICAR,-14.916700760306144,-70.15833731195083,DESPEJADO,RURAL,CURVA,PLANA ,TROCHA,,,,,IMPRUDENCIA DEL CONDUCTOR,EXCESO DE VELOCIDAD,9.0,0,2022.0,1.0,2.0,0,1,0,1,0.0,0.0,2.0,2.0,0,0,55.5,13.435028842544403,0,1,2,0.0,0.5,0
A-2022-01-8,2022-01-05,19:00,VOLCADURA,1,1,1,AREQUIPA,ISLAY,ISLAY,RURAL,CARRETERA,NACIONAL,PE-34,-16.920378,-72.050103,DESPEJADO,RURAL,CURVA,INCLINADA,ASFALTADA,NO,,,SI,EN PROCESO DE INVESTIGACIÓN,NO CUENTA CON CAUSA ESPECIFICA,19.0,0,2022.0,1.0,2.0,0,3,0,0,0.0,1.0,0.0,1.0,0,1,21.5,0.7071067811865476,0,0,2,0.0,0.0,1
A-2022-01-318,2022-01-05,19:20,ATROPELLO,1,0,0,ANCASH,SANTA,CHIMBOTE,URBANA,JIRÓN,URBANO,NO CORRESPONDE,-9.06232,-78.58501,DESPEJADO,RESIDENCIAL,INTERSECCIÓN,PLANA ,ASFALTADA,,,,,EN PROCESO DE INVESTIGACIÓN,NO CUENTA CON CAUSA ESPECIFICA,19.0,0,2022.0,1.0,2.0,0,3,0,0,1.0,0.0,0.0,1.0,0,0,64.0,14.142135623730951,0,1,2,0.0,0.5,1
A-2022-01-170,2022-01-05,20:30,CHOQUE,1,0,2,LA LIBERTAD,TRUJILLO,SALAVERRY,RURAL,CARRETERA,NACIONAL,PE-1N,-8.204563,-78.958988,DESPEJADO,RURAL,TRAMO RECTO,PLANA ,ASFALTADA,,,,,EN PROCESO DE INVESTIGACIÓN,NO CUENTA CON CAUSA ESPECIFICA,20.0,0,2022.0,1.0,2.0,0,3,0,0,0.0,0.0,0.0,0.0,0,0,45.0,14.142135623730951,0,0,2,0.0,0.0,1
A-2022-01-76,2022-01-06,01:40,DESPISTE,1,1,1,PIURA,PIURA,VEINTISEIS DE OCTUBRE,URBANA,AVENIDA,URBANO,NO CORRESPONDE,-5.175998,-80.661607,DESPEJADO,ESCOLAR,TRAMO RECTO,PLANA ,ASFALTADA,SI,PREVENTIVA (P),,NO,EN PROCESO DE INVESTIGACIÓN,NO CUENTA CON CAUSA ESPECIFICA,1.0,0,2022.0,1.0,3.0,0,0,0,0,1.0,0.0,0.0,1.0,0,1,19.0,2.8284271247461903,1,0,2,0.5,0.0,1
A-2022-01-336,2022-01-06,08:00,ATROPELLO,1,0,1,MADRE DE DIOS,TAMBOPATA,TAMBOPATA,URBANA,AVENIDA,URBANO,NO CORRESPONDE,-12.587281,-69.196777,DESPEJADO,COMERCIAL,INTERSECCIÓN,PLANA ,CONCRETO,,,,,IMPRUDENCIA DEL PEATÓN,ESTADO DE EBRIEDAD Y/O DROGADICCIÓN,8.0,0,2022.0,1.0,3.0,0,1,0,2,1.0,0.0,0.0,1.0,0,0,55.5,4.949747468305833,0,0,2,0.0,0.0,0
A-2022-01-175,2022-01-06,10:30,DESPISTE,2,4,1,LA LIBERTAD,SANCHEZ CARRION,CHUGAY,RURAL,CARRETERA,SIN CLASIFICAR,SIN CLASIFICAR,-7.655822579496478,-77.82414315419939,DESPEJADO,RURAL,CURVA,INCLINADA,AFIRMADO,,,,,IMPRUDENCIA DEL CONDUCTOR,OTRO (IMPRUDENCIA DEL CONDUCTOR),10.0,1,2022.0,1.0,3.0,0,1,0,0,0.0,1.0,1.0,2.0,0,0,26.0,12.296340919151518,0,1,6,0.0,0.167,0
A-2022-01-33,2022-01-06,11:00,CHOQUE,1,0,2,AREQUIPA,AREQUIPA,SABANDIA,URBANA,AVENIDA,URBANO,NO CORRESPONDE,-16.4634618,-71.5042127,LLUVIOSO,RESIDENCIAL,INTERSECCIÓN,PLANA ,ASFALTADA,,,,,EN PROCESO DE INVESTIGACIÓN,NO CUENTA CON CAUSA ESPECIFICA,11.0,0,2022.0,1.0,3.0,0,1,0,0,1.0,0.0,0.0,1.0,1,0,29.5,9.192388155425117,0,2,2,0.0,1.0,0
A-2022-01-231,2022-01-06,13:00,CHOQUE,1,3,2,CUSCO,ESPINAR,ESPINAR,URBANA,CARRETERA,DEPARTAMENTAL,CU-130,-14.782489,-71.411279,DESPEJADO,RESIDENCIAL,TRAMO RECTO,PLANA ,ASFALTADA,,,,,IMPERICIA DEL CONDUCTOR,,13.0,0,2022.0,1.0,3.0,0,2,0,1,0.0,0.0,0.0,0.0,0,0,27.0,18.2208671582886,0,2,5,0.0,0.4,0
A-2022-01-55,2022-01-06,18:00,ATROPELLO,1,1,1,CAJAMARCA,SAN MARCOS,GREGORIO PITA,RURAL,CARRETERA,PROVINCIAL,CA-1562,-7.26103128,-78.13695433,DESPEJADO,RURAL,TRAMO RECTO,PLANA ,AFIRMADO,,,,,EN PROCESO DE INVESTIGACIÓN,NO CUENTA CON CAUSA ESPECIFICA,18.0,0,2022.0,1.0,3.0,0,3,0,1,0.0,0.0,1.0,1.0,0,0,37.0,25.45584412271571,0,1,2,0.0,0.5,1
A-2022-01-209,2022-01-06,19:00,ATROPELLO,1,1,1,LAMBAYEQUE,CHICLAYO,CHICLAYO,URBANA,AVENIDA,URBANO,NO CORRESPONDE,-6.780335,-79.854679,DESPEJADO,RESIDENCIAL,TRAMO RECTO,PLANA ,ASFALTADA,SI,PREVENTIVA (P),INFORMATIVA (I),SI,EN PROCESO DE INVESTIGACIÓN,NO CUENTA CON CAUSA ESPECIFICA,19.0,0,2022.0,1.0,3.0,0,3,0,0,1.0,0.0,0.0,1.0,0,0,65.5,27.577164466275352,0,0,2,0.0,0.0,1
A-2022-01-11,2022-01-06,20:20,ATROPELLO,1,0,1,ICA,PISCO,SAN CLEMENTE,RURAL,CARRETERA,NACIONAL,PE-1SE,-13.627379,-76.172521,DESPEJADO,RURAL,TRAMO RECTO,PLANA ,ASFALTADA,,,,,EN PROCESO DE INVESTIGACIÓN,NO CUENTA CON CAUSA ESPECIFICA,20.0,0,2022.0,1.0,3.0,0,3,0,0,0.0,0.0,0.0,0.0,0,0,42.0,1.4142135623730951,0,1,2,0.0,0.5,1
A-2022-01-248,2022-01-07,04:30,CHOQUE,1,0,2,CUSCO,QUISPICANCHI,OCONGATE,RURAL,CARRETERA,NACIONAL,PE-30C,-13.606140564367696,-71.20272030062668,LLUVIOSO,RURAL,CURVA,PLANA ,ASFALTADA,,,,,IMPRUDENCIA DEL CONDUCTOR,EXCESO DE VELOCIDAD,4.0,0,2022.0,1.0,4.0,0,0,0,1,0.0,0.0,0.0,0.0,1,0,51.333333333333336,24.826061575153908,0,2,3,0.0,0.667,1
A-2022-01-32,2022-01-07,05:40,CHOQUE,1,2,2,SAN MARTIN,MOYOBAMBA,MOYOBAMBA,RURAL,CARRETERA,NACIONAL,PE-5N,-6.057292,-76.932873,DESPEJADO,RURAL,TRAMO RECTO,INCLINADA,ASFALTADA,,,,,NEGLIGENCIA DEL CONDUCTOR,OTRO (NEGLIGENCIA DEL CONDUCTOR),5.0,0,2022.0,1.0,4.0,0,0,0,2,0.0,1.0,0.0,1.0,0,0,37.75,24.00520776831561,0,2,4,0.0,0.5,1
A-2022-01-145,2022-01-07,09:20,CHOQUE,1,1,2,PUNO,SAN ROMAN,JULIACA,URBANA,CARRETERA,NACIONAL,PE-3S,-15.481370461726788,-70.13464537865062,DESPEJADO,COMERCIAL,INTERSECCIÓN,PLANA ,ASFALTADA,,,,,IMPRUDENCIA DEL CONDUCTOR,EXCESO DE VELOCIDAD,9.0,0,2022.0,1.0,4.0,0,1,0,1,0.0,0.0,0.0,0.0,0,0,42.666666666666664,19.03505538035898,1,1,3,0.333,0.333,0
A-2022-01-250,2022-01-07,11:45,DESPISTE,1,0,1,CUSCO,CALCA,PISAC,RURAL,CARRETERA,NACIONAL,PE-28G,-13.42684412675796,-71.85445808563742,DESPEJADO,RURAL,TRAMO RECTO,PLANA ,ASFALTADA,NO,,,NO,IMPRUDENCIA DEL CONDUCTOR,EXCESO DE VELOCIDAD,11.0,0,2022.0,1.0,4.0,0,1,0,1,0.0,0.0,0.0,0.0,0,2,46.5,13.435028842544403,0,1,2,0.0,0.5,0
A-2022-01-56,2022-01-07,17:50,ATROPELLO,1,0,1,CAJAMARCA,CHOTA,CHOTA,URBANA,JIRÓN,URBANO,NO CORRESPONDE,-6.565370097087003,-78.65140967244484,DESPEJADO,RESIDENCIAL,TRAMO RECTO,INCLINADA,CONCRETO,,,,,EN PROCESO DE INVESTIGACIÓN,NO CUENTA CON CAUSA ESPECIFICA,17.0,0,2022.0,1.0,4.0,0,2,0,1,1.0,1.0,0.0,2.0,0,0,35.0,19.79898987322333,0,0,2,0.0,0.0,0
A-2022-01-177,2022-01-07,20:00,DESPISTE,2,0,1,LA LIBERTAD,BOLIVAR,BAMBAMARCA,RURAL,CARRETERA,DEPARTAMENTAL,LI-125,-7.545864,-77.706634,DESPEJADO,RURAL,CURVA,INCLINADA,TROCHA,,,,,EN PROCESO DE INVESTIGACIÓN,NO CUENTA CON CAUSA ESPECIFICA,20.0,1,2022.0,1.0,4.0,0,3,0,0,0.0,1.0,2.0,3.0,0,0,31.5,3.5355339059327378,0,0,2,0.0,0.0,1
A-2022-01-227,2022-01-07,22:30,CHOQUE,1,1,2,UCAYALI,CORONEL PORTILLO,CALLERIA,URBANA,AVENIDA,URBANO,NO CORRESPONDE,-8.383484414941446,-74.55564789589198,DESPEJADO,COMERCIAL,INTERSECCIÓN,PLANA ,CONCRETO,SI,REGULADORA (R),,NO,IMPRUDENCIA DEL CONDUCTOR,CONDUCIR EN SENTIDO CONTRARIO,22.0,0,2022.0,1.0,4.0,0,3,0,2,1.0,0.0,0.0,1.0,0,1,31.5,14.849242404917497,2,1,2,1.0,0.5,1
A-2022-01-195,2022-01-08,08:30,DESPISTE,3,1,0,LIMA,HUAURA,HUACHO,RURAL,CARRETERA,NACIONAL,PE-1N,-11.214710867714132,-77.55449110659245,DESPEJADO,RURAL,TRAMO RECTO,PLANA ,ASFALTADA,SI,REGULADORA (R),INFORMATIVA (I),NO,IMPRUDENCIA DEL CONDUCTOR,EXCESO DE VELOCIDAD,8.0,2,2022.0,1.0,5.0,1,1,0,0,0.0,0.0,0.0,0.0,0,1,20.0,19.270011243726177,0,1,4,0.0,0.25,0
A-2022-01-35,2022-01-08,08:30,CHOQUE,1,0,2,SAN MARTIN,MOYOBAMBA,MOYOBAMBA,URBANA,CARRETERA,NACIONAL,PE-5N,-6.05454983,-76.93673561,DESPEJADO,RURAL,TRAMO RECTO,PLANA ,ASFALTADA,,,,,IMPRUDENCIA DEL CONDUCTOR,CONDUCIR EN ESTADO DE EBRIEDAD Y/O DROGADICCIÓN,8.0,0,2022.0,1.0,5.0,1,1,0,2,0.0,0.0,0.0,0.0,0,0,39.5,21.920310216782973,0,1,2,0.0,0.5,0
A-2022-01-17,2022-01-08,08:40,DESPISTE,1,0,1,ICA,PISCO,PARACAS,RURAL,CARRETERA,PROVINCIAL,IC-602,-13.884703,-76.3207,DESPEJADO,RURAL,TRAMO RECTO,PLANA ,TROCHA,,,,,EN PROCESO DE INVESTIGACIÓN,NO CUENTA CON CAUSA ESPECIFICA,8.0,0,2022.0,1.0,5.0,1,1,0,0,0.0,0.0,2.0,2.0,0,0,50.0,0.0,0,1,1,0.0,1.0,0
A-2022-01-16,2022-01-09,04:34,ATROPELLO,1,0,1,PUNO,EL COLLAO,ILAVE,RURAL,CARRETERA,NACIONAL,PE-38A,-16.135414213373448,-69.64369664845323,DESPEJADO,RURAL,TRAMO RECTO,PLANA ,ASFALTADA,NO,,,SI,IMPRUDENCIA DEL CONDUCTOR,OTRO (IMPRUDENCIA DEL CONDUCTOR),4.0,0,2022.0,1.0,6.0,1,0,0,1,0.0,0.0,0.0,0.0,0,1,43.5,7.7781745930520225,0,1,2,0.0,0.5,1
A-2022-01-178,2022-01-09,08:10,DESPISTE,1,0,1,LA LIBERTAD,PACASMAYO,GUADALUPE,RURAL,CARRETERA,NACIONAL,PE-08,-7.299342,-79.415822,DESPEJADO,RURAL,TRAMO RECTO,PLANA ,ASFALTADA,,,,,EN PROCESO DE INVESTIGACIÓN,NO CUENTA CON CAUSA ESPECIFICA,8.0,0,2022.0,1.0,6.0,1,1,0,0,0.0,0.0,0.0,0.0,0,0,27.0,0.0,0,1,1,0.0,1.0,0
A-2022-01-289,2022-01-09,09:20,CHOQUE,3,2,2,AREQUIPA,CARAVELI,LOMAS,RURAL,CARRETERA,NACIONAL,PE-1S,-15.481438476431409,-74.85966725034878,DESPEJADO,RURAL,TRAMO RECTO,INCLINADA,ASFALTADA,,,,,EN PROCESO DE INVESTIGACIÓN,NO CUENTA CON CAUSA ESPECIFICA,9.0,2,2022.0,1.0,6.0,1,1,0,0,0.0,1.0,0.0,1.0,0,0,39.8,19.86705816169067,0,2,5,0.0,0.4,0
A-2022-01-57,2022-01-09,14:40,DESPISTE,2,1,1,CAJAMARCA,CUTERVO,SOCOTA,RURAL,CARRETERA,PROVINCIAL,CA-788,-6.30739,-78.663099,DESPEJADO,RURAL,TRAMO RECTO,PLANA ,AFIRMADO,,,,,EN PROCESO DE INVESTIGACIÓN,NO CUENTA CON CAUSA ESPECIFICA,14.0,1,2022.0,1.0,6.0,1,2,0,1,0.0,0.0,1.0,1.0,0,0,20.0,3.0,0,0,3,0.0,0.0,0
A-2022-01-111,2022-01-09,19:10,ATROPELLO,1,0,0,LIMA,LIMA,SAN BARTOLO,URBANA,CARRETERA,NACIONAL,PE-1S,-12.385164664801556,-76.77044923432662,DESPEJADO,INDUSTRIAL,PUENTE,PLANA ,ASFALTADA,,,,,IMPRUDENCIA DEL PEATÓN,CRUCE INDEBIDO POR LA CALZADA,19.0,0,2022.0,1.0,6.0,1,3,0,0,0.0,0.0,0.0,0.0,0,0,39.5,16.263455967290593,0,0,2,0.0,0.0,1
A-2022-01-63,2022-01-09,19:30,CHOQUE,1,0,1,SAN MARTIN,RIOJA,AWAJUN,RURAL,CARRETERA,NACIONAL,PE-5N,-5.790776,-77.41728,DESPEJADO,RURAL,TRAMO RECTO,PLANA ,ASFALTADA,,,,,IMPRUDENCIA DEL CONDUCTOR,OTRO (IMPRUDENCIA DEL CONDUCTOR),19.0,0,2022.0,1.0,6.0,1,3,0,2,0.0,0.0,0.0,0.0,0,0,26.0,0.0,0,0,2,0.0,0.0,1
A-2022-01-311,2022-01-09,20:05,CHOQUE,1,0,2,JUNIN,SATIPO,PANGOA,RURAL,CARRETERA,NACIONAL,PE-28C,-11.4743929,-74.4793899,DESPEJADO,RURAL,TRAMO RECTO,INCLINADA,ASFALTADA,SI,PREVENTIVA (P),,NO,IMPRUDENCIA DEL CONDUCTOR,EXCESO DE VELOCIDAD,20.0,0,2022.0,1.0,6.0,1,3,0,1,0.0,1.0,0.0,1.0,0,1,53.0,4.242640687119285,0,2,2,0.0,1.0,1
A-2022-01-180,2022-01-09,20:14,ATROPELLO,1,0,1,LA LIBERTAD,VIRU,CHAO,RURAL,AVENIDA,URBANO,NO CORRESPONDE,-8.504148,-78.686039,DESPEJADO,RURAL,TRAMO RECTO,PLANA ,AFIRMADO,,,,,IMPRUDENCIA DEL CONDUCTOR,OTRO (IMPRUDENCIA DEL CONDUCTOR),20.0,0,2022.0,1.0,6.0,1,3,0,0,1.0,0.0,1.0,2.0,0,0,40.5,10.606601717798213,0,1,2,0.0,0.5,1
A-2022-01-282,2022-01-09,23:50,DESPISTE,1,2,1,PIURA,HUANCABAMBA,HUANCABAMBA,RURAL,CARRETERA,PROVINCIAL,PI-848,-5.236725,-79.416748,DESPEJADO,RURAL,CURVA,INCLINADA,TROCHA,,,,,EN PROCESO DE INVESTIGACIÓN,NO CUENTA CON CAUSA ESPECIFICA,23.0,0,2022.0,1.0,6.0,1,3,0,0,0.0,1.0,2.0,3.0,0,0,28.333333333333332,11.676186592091328,1,1,3,0.333,0.333,1