CODIGO_SINIESTRO,FECHA_SINIESTRO,HORA_SINIESTRO,CLASE_SINIESTRO,CANTIDAD_FALLECIDOS,CANTIDAD_LESIONADOS,CANTIDAD_VEHICULOS,DEPARTAMENTO,PROVINCIA,DISTRITO,ZONA,TIPO_VIA,RED_VIAL,COD_CARRETERA,LATITUD,LONGITUD,CONDICION_CLIMATICA,ZONIFICACION,CARACTERISTICAS_VIA,PERFIL_VIA,SUPERFICIE_CALZADA,EXISTE_SENIAL_VERTICAL,CLASIFICACION_SENIAL_VERTICAL_1,CLASIFICACION_SENIAL_VERTICAL_2,EXISTE_SENIAL_HORIZONTAL,CAUSA_FACTOR_PRINCIPAL,CAUSA_ESPECIFICA,HORA,severidad,ANIO,MES,DIA_SEMANA,FIN_SEMANA,FRANJA_HORARIA,TEMPORADA,MACROREGION,TIPO_VIA_SCORE,PERFIL_VIA_SCORE,SUPERFICIE_CALZADA_SCORE,RIESGO_INFRAESTRUCTURA,RIESGO_CLIMATICO,SENIALIZACION_DEFICIENTE,EDAD_PROMEDIO,EDAD_STD,TOTAL_ALCOHOL,TOTAL_LICENCIA,TOTAL_PERSONAS,PCT_ALCOHOL,PCT_LICENCIA,ES_NOCHE
A-2022-01-77,2022-01-09,23:50,DESPISTE,1,0,1,PIURA,SECHURA,CRISTO NOS VALGA,RURAL,AVENIDA,URBANO,NO CORRESPONDE,-5.497836664,-80.73845966,DESPEJADO,RURAL,TRAMO RECTO,INCLINADA,TROCHA,,,,,EN PROCESO DE INVESTIGACIÓN,NO CUENTA CON CAUSA ESPECIFICA,23.0,0,2022.0,1.0,6.0,1,3,0,0,1.0,1.0,2.0,4.0,0,0,57.0,0.0,1,0,1,1.0,0.0,1
A-2022-01-333,2022-01-10,04:50,DESPISTE,1,0,1,LIMA,HUAURA,SANTA MARIA,URBANA,CARRETERA,NACIONAL,PE-1N,-11.09203,-77.58439,DESPEJADO,RURAL,TRAMO RECTO,PLANA ,ASFALTADA,,,,,IMPRUDENCIA DEL CONDUCTOR,FATIGA Y/O CANSANCIO,4.0,0,2022.0,1.0,0.0,0,0,0,0,0.0,0.0,0.0,0.0,0,0,25.0,0.0,0,1,1,0.0,1.0,1
A-2022-01-312,2022-01-10,05:30,ATROPELLO,1,0,1,JUNIN,TARMA,TARMA,RURAL,CARRETERA,NACIONAL,PE-22B,-11.398206122160406,-75.68685284052289,DESPEJADO,RURAL,TRAMO RECTO,PLANA ,ASFALTADA,SI,REGULADORA (R),INFORMATIVA (I),NO,IMPRUDENCIA DEL PEATÓN,ESTADO DE EBRIEDAD Y/O DROGADICCIÓN,5.0,0,2022.0,1.0,0.0,0,0,0,1,0.0,0.0,0.0,0.0,0,1,67.5,19.091883092036785,0,1,2,0.0,0.5,1
A-2022-01-59,2022-01-10,07:45,DESPISTE,1,0,1,AREQUIPA,AREQUIPA,CAYMA,RURAL,CARRETERA,PROVINCIAL,AR-753,-16.2819103,-71.475033,NUBLADO,RURAL,TRAMO RECTO,INCLINADA,ASFALTADA,NO,,,SI,EN PROCESO DE INVESTIGACIÓN,NO CUENTA CON CAUSA ESPECIFICA,7.0,0,2022.0,1.0,0.0,0,1,0,0,0.0,1.0,0.0,1.0,0,1,37.0,0.0,0,1,1,0.0,1.0,0
A-2022-01-120,2022-01-10,08:25,DESPISTE,1,0,0,LIMA,LIMA,SANTIAGO DE SURCO,URBANA,CARRETERA,NACIONAL,PE-1S,-12.124371627362988,-76.97719929375269,DESPEJADO,RESIDENCIAL,INTERSECCIÓN,PLANA ,ASFALTADA,,,,,EN PROCESO DE INVESTIGACIÓN,NO CUENTA CON CAUSA ESPECIFICA,8.0,0,2022.0,1.0,0.0,0,1,0,0,0.0,0.0,0.0,0.0,0,0,30.0,0.0,0,0,1,0.0,0.0,0
A-2022-01-319,2022-01-10,10:30,CHOQUE,1,0,0,ANCASH,SANTA,NUEVO CHIMBOTE,URBANA,CARRETERA,NACIONAL,PE-1N,-9.152771,-78.50487,DESPEJADO,RESIDENCIAL,TRAMO RECTO,PLANA ,ASFALTADA,,,,,EN PROCESO DE INVESTIGACIÓN,NO CUENTA CON CAUSA ESPECIFICA,10.0,0,2022.0,1.0,0.0,0,1,0,0,0.0,0.0,0.0,0.0,0,0,59.5,28.991378028648448,0,1,2,0.0,0.5,0
A-2022-01-20,2022-01-10,14:15,DESPISTE,1,0,1,PUNO,EL COLLAO,ILAVE,RURAL,CARRETERA,PROVINCIAL,PU-1152,-16.035396607584524,-69.57523015013945,DESPEJADO,RURAL,SINUOSA,INCLINADA,ASFALTADA,,,,,IMPRUDENCIA DEL CONDUCTOR,OTRO (IMPRUDENCIA DEL CONDUCTOR),14.0,0,2022.0,1.0,0.0,0,2,0,1,0.0,1.0,0.0,1.0,0,0,21.0,0.0,0,0,1,0.0,0.0,0
A-2022-01-193,2022-01-10,15:00,ATROPELLO,1,0,1,LIMA,HUAURA,SAYAN,RURAL,CARRETERA,NACIONAL,PE-18,-11.187992887222167,-77.30319548992247,DESPEJADO,RURAL,TRAMO RECTO,PLANA ,ASFALTADA,,,,,IMPRUDENCIA DEL PEATÓN,ESTADO DE EBRIEDAD Y/O DROGADICCIÓN,15.0,0,2022.0,1.0,0.0,0,2,0,0,0.0,0.0,0.0,0.0,0,0,45.0,8.48528137423857,0,1,2,0.0,0.5,0
A-2022-01-232,2022-01-10,17:00,CHOQUE,2,1,2,CUSCO,ESPINAR,CONDOROMA,RURAL,CARRETERA,NACIONAL,PE-34J,-15.246490395905036,-71.1512566787835,DESPEJADO,RURAL,CURVA,PLANA ,ASFALTADA,SI,PREVENTIVA (P),INFORMATIVA (I),NO,IMPRUDENCIA DEL CONDUCTOR,EXCESO DE VELOCIDAD,17.0,1,2022.0,1.0,0.0,0,2,0,1,0.0,0.0,0.0,0.0,0,1,39.8,11.840608092492547,0,2,5,0.0,0.4,0
A-2022-01-211,2022-01-11,03:55,ATROPELLO,1,0,1,LAMBAYEQUE,CHICLAYO,MONSEFU,RURAL,CARRETERA,DEPARTAMENTAL,LA-115,-6.8820991,-79.9012933,DESPEJADO,RURAL,TRAMO RECTO,PLANA ,ASFALTADA,,,,,EN PROCESO DE INVESTIGACIÓN,NO CUENTA CON CAUSA ESPECIFICA,3.0,0,2022.0,1.0,1.0,0,0,0,0,0.0,0.0,0.0,0.0,0,0,20.0,2.8284271247461903,0,0,2,0.0,0.0,1
A-2022-01-320,2022-01-11,04:30,CHOQUE,1,1,0,ANCASH,CASMA,CASMA,URBANA,CARRETERA,NACIONAL,PE-1N,-9.47325,-78.30741,DESPEJADO,COMERCIAL,INTERSECCIÓN,PLANA ,ASFALTADA,,,,,EN PROCESO DE INVESTIGACIÓN,NO CUENTA CON CAUSA ESPECIFICA,4.0,0,2022.0,1.0,1.0,0,0,0,0,0.0,0.0,0.0,0.0,0,0,28.333333333333332,5.859465277082315,0,1,3,0.0,0.333,1
A-2022-01-344,2022-01-11,11:50,CHOQUE,1,0,2,TACNA,TACNA,TACNA,RURAL,CARRETERA,NACIONAL,PE-1S,-18.164303256503395,-70.3355345977059,DESPEJADO,RURAL,TRAMO RECTO,PLANA ,ASFALTADA,,,,,IMPRUDENCIA DEL CONDUCTOR,EXCESO DE VELOCIDAD,11.0,0,2022.0,1.0,1.0,0,1,0,0,0.0,0.0,0.0,0.0,0,0,47.5,37.476659402887016,0,1,2,0.0,0.5,0
A-2022-01-31,2022-01-11,19:00,ATROPELLO FUGA,1,0,0,PUNO,EL COLLAO,ILAVE,RURAL,CARRETERA,PROVINCIAL,PU-1166,-16.084886777850674,-69.61735716907411,DESPEJADO,RURAL,TRAMO RECTO,PLANA ,AFIRMADO,,,,,EN PROCESO DE INVESTIGACIÓN,NO CUENTA CON CAUSA ESPECIFICA,19.0,0,2022.0,1.0,1.0,0,3,0,1,0.0,0.0,1.0,1.0,0,0,83.0,0.0,0,0,2,0.0,0.0,1
A-2022-01-121,2022-01-12,02:00,CHOQUE CON OBJETO FIJO,1,0,1,LIMA,LIMA,EL AGUSTINO,URBANA,AUTOPISTA,URBANO,NO CORRESPONDE,-12.0306282,-76.9945093,DESPEJADO,INDUSTRIAL,INTERSECCIÓN,PLANA ,ASFALTADA,,,,,IMPRUDENCIA DEL CONDUCTOR,VEHÍCULO MAL ESTACIONADO,2.0,0,2022.0,1.0,2.0,0,0,0,0,1.0,0.0,0.0,1.0,0,0,28.0,0.0,0,0,2,0.0,0.0,1
A-2022-01-37,2022-01-12,12:10,VOLCADURA,1,1,1,TUMBES,TUMBES,TUMBES,URBANA,AVENIDA,URBANO,NO CORRESPONDE,-3.581578226796995,-80.41127983121075,DESPEJADO,RURAL,CURVA,PLANA ,ASFALTADA,,,,,IMPRUDENCIA DEL CONDUCTOR,EXCESO DE VELOCIDAD,12.0,0,2022.0,1.0,2.0,0,2,0,0,1.0,0.0,0.0,1.0,0,0,52.5,0.7071067811865476,0,1,2,0.0,0.5,0
A-2022-01-83,2022-01-12,13:50,DESPISTE,1,1,1,HUANCAVELICA,TAYACAJA,QUICHUAS,RURAL,CARRETERA,NACIONAL,PE-3S,-12.496579,-74.720855,DESPEJADO,RURAL,CURVA,INCLINADA,ASFALTADA,SI,PREVENTIVA (P),,NO,EN PROCESO DE INVESTIGACIÓN,NO CUENTA CON CAUSA ESPECIFICA,13.0,0,2022.0,1.0,2.0,0,2,0,1,0.0,1.0,0.0,1.0,0,1,46.0,29.698484809834994,0,1,2,0.0,0.5,0
A-2022-01-212,2022-01-12,17:10,DESPISTE,1,2,1,LAMBAYEQUE,CHICLAYO,MONSEFU,RURAL,CARRETERA,DEPARTAMENTAL,LA-115,-6.882256,-79.902413,SOLEADO,RURAL,TRAMO RECTO,PLANA ,ASFALTADA,,,,,EN PROCESO DE INVESTIGACIÓN,NO CUENTA CON CAUSA ESPECIFICA,17.0,0,2022.0,1.0,2.0,0,2,0,0,0.0,0.0,0.0,0.0,0,0,33.333333333333336,8.504900548115383,0,1,3,0.0,0.333,0
A-2022-01-213,2022-01-12,20:22,ATROPELLO,1,0,1,LAMBAYEQUE,CHICLAYO,LAGUNAS,RURAL,CARRETERA,NACIONAL,PE-1N,-6.929354736645017,-79.73863542845908,DESPEJADO,RURAL,TRAMO RECTO,PLANA ,ASFALTADA,,,,,EN PROCESO DE INVESTIGACIÓN,NO CUENTA CON CAUSA ESPECIFICA,20.0,0,2022.0,1.0,2.0,0,3,0,0,0.0,0.0,0.0,0.0,0,0,50.0,24.041630560342615,0,0,2,0.0,0.0,1
A-2022-01-335,2022-01-13,00:20,CHOQUE,1,0,2,ICA,CHINCHA,ALTO LARAN,URBANA,CARRETERA,NACIONAL,PE-1S,-13.4441628,-76.1355111,DESPEJADO,COMERCIAL,TRAMO RECTO,PLANA ,ASFALTADA,,,,,NEGLIGENCIA DEL CONDUCTOR,OTRO (NEGLIGENCIA DEL CONDUCTOR),0.0,0,2022.0,1.0,3.0,0,0,0,0,0.0,0.0,0.0,0.0,0,0,45.5,0.7071067811865476,0,2,2,0.0,1.0,1
A-2022-01-249,2022-01-13,04:30,ATROPELLO FUGA,1,0,0,CUSCO,ANTA,ANTA,URBANA,CARRETERA,NACIONAL,PE-3S,-13.465644673047192,-72.14040684030022,DESPEJADO,COMERCIAL,CURVA,PLANA ,ASFALTADA,,,,,IMPRUDENCIA DEL CONDUCTOR,EXCESO DE VELOCIDAD,4.0,0,2022.0,1.0,3.0,0,0,0,1,0.0,0.0,0.0,0.0,0,0,63.0,0.0,0,0,2,0.0,0.0,1
A-2022-01-114,2022-01-13,07:12,CHOQUE,2,2,2,PIURA,HUANCABAMBA,HUARMACA,RURAL,CARRETERA,NACIONAL,PE-04B,-5.883344,-79.537538,DESPEJADO,RURAL,TRAMO RECTO,INCLINADA,ASFALTADA,,,,,EN PROCESO DE INVESTIGACIÓN,NO CUENTA CON CAUSA ESPECIFICA,7.0,1,2022.0,1.0,3.0,0,1,0,0,0.0,1.0,0.0,1.0,0,0,51.0,9.899494936611665,0,2,5,0.0,0.4,0
A-2022-01-34,2022-01-13,08:20,CHOQUE,1,0,2,PUNO,EL COLLAO,ILAVE,RURAL,CARRETERA,NACIONAL,PE-3S,-16.09348415310147,-69.62616561009612,DESPEJADO,RURAL,INTERSECCIÓN,PLANA ,ASFALTADA,SI,INFORMATIVA (I),,SI,IMPRUDENCIA DEL CONDUCTOR,GIRAR IMPRUDENTEMENTE,8.0,0,2022.0,1.0,3.0,0,1,0,1,0.0,0.0,0.0,0.0,0,0,60.5,3.5355339059327378,0,1,2,0.0,0.5,0
A-2022-01-216,2022-01-13,12:45,ATROPELLO FUGA,1,0,0,LAMBAYEQUE,CHICLAYO,CHICLAYO,URBANA,CALLE,URBANO,NO CORRESPONDE,-6.7667865,-79.8368476,DESPEJADO,COMERCIAL,TRAMO RECTO,PLANA ,ASFALTADA,,,,,EN PROCESO DE INVESTIGACIÓN,NO CUENTA CON CAUSA ESPECIFICA,12.0,0,2022.0,1.0,3.0,0,2,0,0,2.0,0.0,0.0,2.0,0,0,56.0,0.0,0,0,2,0.0,0.0,0
A-2022-01-123,2022-01-13,14:00,CHOQUE,1,0,0,LIMA,LIMA,LIMA,URBANA,AVENIDA,URBANO,NO CORRESPONDE,-12.043799984265837,-77.02457270473965,DESPEJADO,INDUSTRIAL,PUENTE,PLANA ,ASFALTADA,,,,,EN PROCESO DE INVESTIGACIÓN,NO CUENTA CON CAUSA ESPECIFICA,14.0,0,2022.0,1.0,3.0,0,2,0,0,1.0,0.0,0.0,1.0,0,0,42.5,7.7781745930520225,0,0,2,0.0,0.0,0
A-2022-01-189,2022-01-13,20:00,DESPISTE,1,0,1,CAJAMARCA,CAJAMARCA,ASUNCION,RURAL,CARRETERA,DEPARTAMENTAL,CA-106,-7.331981,-78.52511,DESPEJADO,RURAL,CURVA,INCLINADA,AFIRMADO,,,,,EN PROCESO DE INVESTIGACIÓN,NO CUENTA CON CAUSA ESPECIFICA,20.0,0,2022.0,1.0,3.0,0,3,0,1,0.0,1.0,1.0,2.0,0,0,40.0,0.0,0,1,1,0.0,1.0,1
A-2022-01-188,2022-01-14,03:00,DESPISTE,2,1,1,PUNO,CARABAYA,SAN GABAN,RURAL,CARRETERA,NACIONAL,PE-34B,-13.4037645,-70.3089502,DESPEJADO,RURAL,TRAMO RECTO,PLANA ,ASFALTADA,,,,,IMPRUDENCIA DEL CONDUCTOR,FATIGA Y/O CANSANCIO,3.0,1,2022.0,1.0,4.0,0,0,0,1,0.0,0.0,0.0,0.0,0,0,24.333333333333332,9.018499505645789,0,1,3,0.0,0.333,1
A-2022-01-302,2022-01-14,12:30,CHOQUE,1,2,2,LA LIBERTAD,VIRU,CHAO,RURAL,CARRETERA,SIN CLASIFICAR,SIN CLASIFICAR,-8.548747555311945,-78.65473332347972,DESPEJADO,RURAL,TRAMO RECTO,PLANA ,TROCHA,,,,,IMPRUDENCIA DEL CONDUCTOR,OTRO (IMPRUDENCIA DEL CONDUCTOR),12.0,0,2022.0,1.0,4.0,0,2,0,0,0.0,0.0,2.0,2.0,0,0,26.5,7.852812659593164,0,1,4,0.0,0.25,0
A-2022-01-124,2022-01-14,15:30,ATROPELLO,1,0,0,LIMA,LIMA,SAN JUAN DE LURIGANCHO,RURAL,CALLE,URBANO,NO CORRESPONDE,-11.881754889914252,-76.94773246404225,DESPEJADO,RURAL,TRAMO RECTO,PLANA ,AFIRMADO,,,,,EN PROCESO DE INVESTIGACIÓN,NO CUENTA CON CAUSA ESPECIFICA,15.0,0,2022.0,1.0,4.0,0,2,0,0,2.0,0.0,1.0,3.0,0,0,29.5,34.64823227814083,0,0,2,0.0,0.0,0
A-2022-01-130,2022-01-14,18:30,VOLCADURA,1,0,1,SAN MARTIN,SAN MARTIN,LA BANDA DE SHILCAYO,RURAL,CARRETERA,NACIONAL,PE-5NB,-6.462042585,-76.30752591,DESPEJADO,RURAL,CURVA,INCLINADA,ASFALTADA,NO,,,SI,IMPRUDENCIA DEL CONDUCTOR,EXCESO DE VELOCIDAD,18.0,0,2022.0,1.0,4.0,0,3,0,2,0.0,1.0,0.0,1.0,0,1,34.0,0.0,0,0,1,0.0,0.0,1
A-2022-01-125,2022-01-14,20:50,ATROPELLO,1,0,0,LIMA,LIMA,PUENTE PIEDRA,URBANA,CARRETERA,NACIONAL,PE-1N,-11.913491414372915,-77.07381770920416,DESPEJADO,COMERCIAL,TRAMO RECTO,PLANA ,ASFALTADA,,,,,IMPRUDENCIA DEL CONDUCTOR,EXCESO DE VELOCIDAD,20.0,0,2022.0,1.0,4.0,0,3,0,0,0.0,0.0,0.0,0.0,0,0,33.0,0.0,0,0,2,0.0,0.0,1
A-2022-01-172,2022-01-15,00:30,VOLCADURA,1,1,1,PIURA,MORROPON,CHULUCANAS,RURAL,CARRETERA,NACIONAL,PE-1NJ,-5.169457,-80.18693,DESPEJADO,COMERCIAL,TRAMO RECTO,PLANA ,ASFALTADA,,,,,EN PROCESO DE INVESTIGACIÓN,NO CUENTA CON CAUSA ESPECIFICA,0.0,0,2022.0,1.0,5.0,1,0,0,0,0.0,0.0,0.0,0.0,0,0,17.0,0.0,0,0,2,0.0,0.0,1
A-2022-01-313,2022-01-15,04:00,CHOQUE,1,0,2,JUNIN,SATIPO,SATIPO,RURAL,CARRETERA,NACIONAL,PE-24A,-11.247685849517891,-74.63719189770524,DESPEJADO,RURAL,INTERSECCIÓN,PLANA ,ASFALTADA,,,,,EN PROCESO DE INVESTIGACIÓN,NO CUENTA CON CAUSA ESPECIFICA,4.0,0,2022.0,1.0,5.0,1,0,0,1,0.0,0.0,0.0,0.0,0,0,19.0,0.0,0,0,2,0.0,0.0,1
A-2022-01-43,2022-01-15,06:10,ATROPELLO,1,0,0,TUMBES,ZARUMILLA,PAPAYAL,RURAL,CARRETERA,SIN CLASIFICAR,SIN CLASIFICAR,-3.61342,-80.19236,DESPEJADO,RURAL,CURVA,INCLINADA,TROCHA,,,,,IMPRUDENCIA DEL CONDUCTOR,EXCESO DE VELOCIDAD,6.0,0,2022.0,1.0,5.0,1,1,0,0,0.0,1.0,2.0,3.0,0,0,27.0,0.0,0,0,2,0.0,0.0,0
A-2022-01-288,2022-01-15,08:30,CHOQUE,1,0,2,AREQUIPA,CARAVELI,ATICO,RURAL,CARRETERA,NACIONAL,PE-1S,-16.242134387643762,-73.57263022618606,DESPEJADO,RURAL,TRAMO RECTO,INCLINADA,ASFALTADA,,,,,EN PROCESO DE INVESTIGACIÓN,NO CUENTA CON CAUSA ESPECIFICA,8.0,0,2022.0,1.0,5.0,1,1,0,0,0.0,1.0,0.0,1.0,0,0,43.5,12.020815280171307,0,2,2,0.0,1.0,0
A-2022-01-297,2022-01-15,10:35,ATROPELLO FUGA,1,0,0,JUNIN,HUANCAYO,HUANCAYO,URBANA,AVENIDA,URBANO,NO CORRESPONDE,-12.069688,-75.199547,DESPEJADO,COMERCIAL,TRAMO RECTO,PLANA ,ASFALTADA,,,,,IMPRUDENCIA DEL CONDUCTOR,OTRO (IMPRUDENCIA DEL CONDUCTOR),10.0,0,2022.0,1.0,5.0,1,1,0,1,1.0,0.0,0.0,1.0,0,0,41.0,0.0,0,0,2,0.0,0.0,0
A-2022-01-165,2022-01-15,18:00,DESPISTE,1,0,1,PUNO,CARABAYA,MACUSANI,RURAL,CARRETERA,NACIONAL,PE-34B,-14.0951379,-70.3834199,DESPEJADO,RURAL,CURVA,PLANA ,ASFALTADA,,,,,IMPRUDENCIA DEL CONDUCTOR,EXCESO DE VELOCIDAD,18.0,0,2022.0,1.0,5.0,1,3,0,1,0.0,0.0,0.0,0.0,0,0,32.0,0.0,0,0,1,0.0,0.0,1
A-2022-01-251,2022-01-15,19:50,ATROPELLO,1,0,1,CUSCO,CANCHIS,MARANGANI,RURAL,CARRETERA,NACIONAL,PE-3S,-14.386878306773752,-71.13783989801603,DESPEJADO,RURAL,TRAMO RECTO,PLANA ,ASFALTADA,,,,,IMPRUDENCIA DEL CONDUCTOR,EXCESO DE VELOCIDAD,19.0,0,2022.0,1.0,5.0,1,3,0,1,0.0,0.0,0.0,0.0,0,0,53.5,23.33452377915607,0,1,2,0.0,0.5,1
A-2022-01-217,2022-01-15,20:00,CHOQUE,1,2,2,LAMBAYEQUE,LAMBAYEQUE,MORROPE,RURAL,CARRETERA,NACIONAL,PE-1N,-6.576851,-79.988526,LLUVIOSO,RURAL,TRAMO RECTO,PLANA ,ASFALTADA,,,,,EN PROCESO DE INVESTIGACIÓN,NO CUENTA CON CAUSA ESPECIFICA,20.0,0,2022.0,1.0,5.0,1,3,0,0,0.0,0.0,0.0,0.0,1,0,25.333333333333332,19.5021366350801,0,2,3,0.0,0.667,1
A-2022-01-314,2022-01-15,20:00,DESPISTE,1,1,0,JUNIN,CHANCHAMAYO,PERENE,RURAL,CARRETERA,NACIONAL,PE-5S,-10.942997349301974,-75.2178364467561,,,,,,,,,,EN PROCESO DE INVESTIGACIÓN,NO CUENTA CON CAUSA ESPECIFICA,20.0,0,2022.0,1.0,5.0,1,3,0,1,0.0,1.0,1.0,2.0,0,0,23.5,4.949747468305833,0,0,2,0.0,0.0,1
A-2022-01-93,2022-01-15,23:00,CHOQUE,1,2,2,SAN MARTIN,RIOJA,NUEVA CAJAMARCA,URBANA,CARRETERA,NACIONAL,PE-5N,-5.933622,-77.311038,DESPEJADO,COMERCIAL,TRAMO RECTO,PLANA ,CONCRETO,,,,,EN PROCESO DE INVESTIGACIÓN,NO CUENTA CON CAUSA ESPECIFICA,23.0,0,2022.0,1.0,5.0,1,3,0,2,0.0,0.0,0.0,0.0,0,0,43.333333333333336,13.868429375143146,0,0,3,0.0,0.0,1
A-2022-01-50,2022-01-16,01:30,ATROPELLO FUGA,1,0,1,PUNO,EL COLLAO,ILAVE,URBANA,AVENIDA,URBANO,NO CORRESPONDE,-16.083694610698117,-69.64495680940077,DESPEJADO,RURAL,TRAMO RECTO,PLANA ,ASFALTADA,,,,,IMPRUDENCIA DEL CONDUCTOR,OTRO (IMPRUDENCIA DEL CONDUCTOR),1.0,0,2022.0,1.0,6.0,1,0,0,1,1.0,0.0,0.0,1.0,0,0,29.5,6.363961030678928,0,1,2,0.0,0.5,1
A-2022-01-252,2022-01-16,05:40,DESPISTE,1,0,1,CUSCO,PAUCARTAMBO,PAUCARTAMBO,RURAL,CARRETERA,DEPARTAMENTAL,CU-113,-13.34777843057828,-71.57216178207099,LLUVIOSO,RURAL,CURVA,PLANA ,ASFALTADA,,,,,NEGLIGENCIA DEL CONDUCTOR,OTRO (NEGLIGENCIA DEL CONDUCTOR),5.0,0,2022.0,1.0,6.0,1,0,0,1,0.0,0.0,0.0,0.0,1,0,35.0,0.0,0,0,1,0.0,0.0,1
A-2022-01-51,2022-01-16,09:05,DESPISTE,2,1,1,PUNO,CHUCUITO,POMATA,RURAL,CARRETERA,NACIONAL,PE-3S,-16.369813,-69.2249847,DESPEJADO,RURAL,TRAMO RECTO,PLANA ,ASFALTADA,NO,,,SI,IMPRUDENCIA DEL CONDUCTOR,GIRAR IMPRUDENTEMENTE,9.0,1,2022.0,1.0,6.0,1,1,0,1,0.0,0.0,0.0,0.0,0,1,11.666666666666666,16.072751268321593,0,0,3,0.0,0.0,0
A-2022-01-80,2022-01-16,12:01,CHOQUE,2,3,2,AREQUIPA,AREQUIPA,LA JOYA,URBANA,CARRETERA,NACIONAL,PE-1S,-16.5133522,-71.8084117,DESPEJADO,RESIDENCIAL,TRAMO RECTO,PLANA ,ASFALTADA,NO,,,SI,EN PROCESO DE INVESTIGACIÓN,NO CUENTA CON CAUSA ESPECIFICA,12.0,1,2022.0,1.0,6.0,1,2,0,0,0.0,0.0,0.0,0.0,0,1,22.6,14.959946523968593,0,1,6,0.0,0.167,0
A-2022-01-81,2022-01-16,15:06,DESPISTE,1,3,1,AREQUIPA,AREQUIPA,MARIANO MELGAR,URBANA,CALLE,URBANO,NO CORRESPONDE,-16.395862,-71.506317,NUBLADO,RESIDENCIAL,INTERSECCIÓN,PLANA ,ASFALTADA,,,,,EN PROCESO DE INVESTIGACIÓN,NO CUENTA CON CAUSA ESPECIFICA,15.0,0,2022.0,1.0,6.0,1,2,0,0,2.0,0.0,0.0,2.0,0,0,36.0,27.556003580587177,0,1,4,0.0,0.25,0
A-2022-01-113,2022-01-16,19:20,ATROPELLO,1,0,1,TUMBES,TUMBES,TUMBES,RURAL,CARRETERA,NACIONAL,PE-1N,-3.534944221495855,-80.37715784699547,DESPEJADO,RURAL,TRAMO RECTO,PLANA ,ASFALTADA,,,,,IMPRUDENCIA DEL CONDUCTOR,EXCESO DE VELOCIDAD,19.0,0,2022.0,1.0,6.0,1,3,0,0,0.0,0.0,0.0,0.0,0,0,0.0,0.0,0,0,2,0.0,0.0,1
A-2022-01-61,2022-01-17,00:00,CHOQUE,1,0,2,TACNA,TACNA,CORONEL GREGORIO ALBARRACIN LANCHIPA,URBANA,CARRETERA,PROVINCIAL,TA-634,-18.055143,-70.243578,DESPEJADO,COMERCIAL,INTERSECCIÓN,PLANA ,ASFALTADA,SI,PREVENTIVA (P),PREVENTIVA (P),NO,IMPRUDENCIA DEL CONDUCTOR,CONDUCIR EN ESTADO DE EBRIEDAD Y/O DROGADICCIÓN,0.0,0,2022.0,1.0,0.0,0,0,0,0,0.0,0.0,0.0,0.0,0,1,35.5,14.849242404917497,0,1,2,0.0,0.5,1
A-2022-01-190,2022-01-17,01:40,VOLCADURA,1,0,0,APURIMAC,AYMARAES,TINTAY,RURAL,CARRETERA,DEPARTAMENTAL,AP-107,-13.96353053662499,-73.18190586256235,,,,,,,,,,EN PROCESO DE INVESTIGACIÓN,NO CUENTA CON CAUSA ESPECIFICA,1.0,0,2022.0,1.0,0.0,0,0,0,1,0.0,1.0,1.0,2.0,0,0,34.0,0.0,0,0,1,0.0,0.0,1
A-2022-01-126,2022-01-17,07:45,ATROPELLO,1,0,0,LIMA,LIMA,ATE,URBANA,AVENIDA,URBANO,NO CORRESPONDE,-12.06192,-76.996147,DESPEJADO,RESIDENCIAL,INTERSECCIÓN,PLANA ,ASFALTADA,,,,,EN PROCESO DE INVESTIGACIÓN,NO CUENTA CON CAUSA ESPECIFICA,7.0,0,2022.0,1.0,0.0,0,1,0,0,1.0,0.0,0.0,1.0,0,0,56.0,33.94112549695428,0,0,2,0.0,0.0,0
A-2022-01-186,2022-01-17,14:40,ATROPELLO,1,0,1,PUNO,HUANCANE,HUANCANE,URBANA,JIRÓN,URBANO,NO CORRESPONDE,-15.200819037493488,-69.75991393907492,DESPEJADO,COMERCIAL,INTERSECCIÓN,PLANA ,ASFALTADA,,,,,IMPRUDENCIA DEL CONDUCTOR,OTRO (IMPRUDENCIA DEL CONDUCTOR),14.0,0,2022.0,1.0,0.0,0,2,0,1,1.0,0.0,0.0,1.0,0,0,77.0,19.79898987322333,0,1,2,0.0,0.5,0
A-2022-01-149,2022-01-18,03:30,DESPISTE,1,0,1,PUNO,LAMPA,SANTA LUCIA,RURAL,CARRETERA,NACIONAL,PE-34A,-15.6907928,-70.5942683,DESPEJADO,RURAL,TRAMO RECTO,PLANA ,ASFALTADA,,,,,IMPRUDENCIA DEL CONDUCTOR,FATIGA Y/O CANSANCIO,3.0,0,2022.0,1.0,1.0,0,0,0,1,0.0,0.0,0.0,0.0,0,0,28.0,0.0,0,1,1,0.0,1.0,1
A-2022-01-327,2022-01-18,07:00,CHOQUE,1,4,2,HUANUCO,AMBO,AMBO,URBANA,CARRETERA,NACIONAL,PE-3N,-10.1430053,-76.1955216,DESPEJADO,RURAL,TRAMO RECTO,PLANA ,ASFALTADA,,,,,IMPRUDENCIA DEL CONDUCTOR,EXCESO DE VELOCIDAD,7.0,0,2022.0,1.0,1.0,0,1,0,1,0.0,0.0,0.0,0.0,0,0,45.333333333333336,19.946595365291458,0,2,6,0.0,0.333,0