CODIGO_SINIESTRO,FECHA_SINIESTRO,HORA_SINIESTRO,CLASE_SINIESTRO,CANTIDAD_FALLECIDOS,CANTIDAD_LESIONADOS,CANTIDAD_VEHICULOS,DEPARTAMENTO,PROVINCIA,DISTRITO,ZONA,TIPO_VIA,RED_VIAL,COD_CARRETERA,LATITUD,LONGITUD,CONDICION_CLIMATICA,ZONIFICACION,CARACTERISTICAS_VIA,PERFIL_VIA,SUPERFICIE_CALZADA,EXISTE_SENIAL_VERTICAL,CLASIFICACION_SENIAL_VERTICAL_1,CLASIFICACION_SENIAL_VERTICAL_2,EXISTE_SENIAL_HORIZONTAL,CAUSA_FACTOR_PRINCIPAL,CAUSA_ESPECIFICA,HORA,severidad,ANIO,MES,DIA_SEMANA,FIN_SEMANA,FRANJA_HORARIA,TEMPORADA,MACROREGION,TIPO_VIA_SCORE,PERFIL_VIA_SCORE,SUPERFICIE_CALZADA_SCORE,RIESGO_INFRAESTRUCTURA,RIESGO_CLIMATICO,SENIALIZACION_DEFICIENTE,EDAD_PROMEDIO,EDAD_STD,TOTAL_ALCOHOL,TOTAL_LICENCIA,TOTAL_PERSONAS,PCT_ALCOHOL,PCT_LICENCIA,ES_NOCHE
A-2022-01-287,2022-01-18,14:20,CHOQUE,1,0,2,AREQUIPA,CARAVELI,YAUCA,RURAL,CARRETERA,NACIONAL,PE-1S,-15.660819535299668,-74.56546523908517,DESPEJADO,RURAL,TRAMO RECTO,PLANA ,ASFALTADA,,,,,EN PROCESO DE INVESTIGACIÓN,NO CUENTA CON CAUSA ESPECIFICA,14.0,0,2022.0,1.0,1.0,0,2,0,0,0.0,0.0,0.0,0.0,0,0,52.5,2.1213203435596424,0,1,2,0.0,0.5,0
A-2022-01-260,2022-01-18,17:00,DESPISTE,1,1,0,LIMA,LIMA,CIENEGUILLA,RURAL,CARRETERA,DEPARTAMENTAL,LM-119,-12.130890783402148,-76.8109076328621,DESPEJADO,RURAL,TRAMO RECTO,INCLINADA,ASFALTADA,,,,,EN PROCESO DE INVESTIGACIÓN,NO CUENTA CON CAUSA ESPECIFICA,17.0,0,2022.0,1.0,1.0,0,2,0,0,0.0,1.0,0.0,1.0,0,0,36.0,11.313708498984761,0,0,2,0.0,0.0,0
A-2022-01-100,2022-01-18,23:30,CHOQUE CON OBJETO FIJO,1,1,1,AREQUIPA,AREQUIPA,AREQUIPA,URBANA,CARRETERA,NACIONAL,PE-34C,-16.415782,-71.551365,DESPEJADO,RESIDENCIAL,TRAMO RECTO,PLANA ,ASFALTADA,,,,,EN PROCESO DE INVESTIGACIÓN,NO CUENTA CON CAUSA ESPECIFICA,23.0,0,2022.0,1.0,1.0,0,3,0,0,0.0,0.0,0.0,0.0,0,0,37.5,2.1213203435596424,0,1,2,0.0,0.5,1
A-2022-01-298,2022-01-19,01:15,DESPISTE,1,2,1,JUNIN,YAULI,LA OROYA,RURAL,CARRETERA,NACIONAL,PE-22,-11.610237,-75.976422,DESPEJADO,RURAL,TRAMO RECTO,PLANA ,ASFALTADA,,,,,IMPRUDENCIA DEL CONDUCTOR,FATIGA Y/O CANSANCIO,1.0,0,2022.0,1.0,2.0,0,0,0,1,0.0,0.0,0.0,0.0,0,0,35.333333333333336,22.5905584998099,0,1,3,0.0,0.333,1
A-2022-01-331,2022-01-19,03:20,DESPISTE,1,0,1,MADRE DE DIOS,TAMBOPATA,TAMBOPATA,URBANA,JIRÓN,URBANO,NO CORRESPONDE,-12.594108159085534,-69.19233473997863,DESPEJADO,ESCOLAR,INTERSECCIÓN,PLANA ,CONCRETO,,,,,EN PROCESO DE INVESTIGACIÓN,NO CUENTA CON CAUSA ESPECIFICA,3.0,0,2022.0,1.0,2.0,0,0,0,2,1.0,0.0,0.0,1.0,0,0,34.0,0.0,0,1,1,0.0,1.0,1
A-2022-01-140,2022-01-19,10:40,CHOQUE FUGA,1,1,3,AREQUIPA,AREQUIPA,CERRO COLORADO,URBANA,CARRETERA,NACIONAL,PE-34A,-16.363203,-71.578079,DESPEJADO,COMERCIAL,TRAMO RECTO,PLANA ,ASFALTADA,NO,,,SI,EN PROCESO DE INVESTIGACIÓN,NO CUENTA CON CAUSA ESPECIFICA,10.0,0,2022.0,1.0,2.0,0,1,0,0,0.0,0.0,0.0,0.0,0,1,35.666666666666664,11.503622617824933,0,2,4,0.0,0.5,0
A-2022-01-261,2022-01-19,16:50,CAÍDA DE PASAJERO,1,0,0,LIMA,LIMA,COMAS,URBANA,AVENIDA,URBANO,NO CORRESPONDE,-11.940693,-77.067244,DESPEJADO,COMERCIAL,INTERSECCIÓN,PLANA ,ASFALTADA,,,,,EN PROCESO DE INVESTIGACIÓN,NO CUENTA CON CAUSA ESPECIFICA,16.0,0,2022.0,1.0,2.0,0,2,0,0,1.0,0.0,0.0,1.0,0,0,50.0,0.0,0,0,2,0.0,0.0,0
A-2022-01-295,2022-01-19,21:31,DESPISTE,1,1,1,AREQUIPA,CAMANA,SAMUEL PASTOR,RURAL,CARRETERA,PROVINCIAL,AR-545,-16.628789585117158,-72.69478116431125,DESPEJADO,RURAL,TRAMO RECTO,PLANA ,ASFALTADA,,,,,EN PROCESO DE INVESTIGACIÓN,NO CUENTA CON CAUSA ESPECIFICA,21.0,0,2022.0,1.0,2.0,0,3,0,0,0.0,0.0,0.0,0.0,0,0,25.5,4.949747468305833,0,0,2,0.0,0.0,1
A-2022-01-233,2022-01-19,21:50,ATROPELLO FUGA,1,0,0,CUSCO,CUSCO,SAYLLA,RURAL,CARRETERA,NACIONAL,PE-3S,-13.563570706947669,-71.84049246873444,NUBLADO,RURAL,CURVA,PLANA ,ASFALTADA,,,,,IMPERICIA DEL CONDUCTOR,,21.0,0,2022.0,1.0,2.0,0,3,0,1,0.0,0.0,0.0,0.0,0,0,54.0,0.0,0,0,2,0.0,0.0,1
A-2022-01-160,2022-01-20,04:25,DESPISTE,3,12,1,AREQUIPA,CAYLLOMA,SAN ANTONIO DE CHUCA,RURAL,CARRETERA,NACIONAL,PE-34J,-15.671403,-71.052133,LLUVIOSO,RURAL,CURVA,PLANA ,ASFALTADA,NO,,,SI,EN PROCESO DE INVESTIGACIÓN,NO CUENTA CON CAUSA ESPECIFICA,4.0,2,2022.0,1.0,3.0,0,0,0,0,0.0,0.0,0.0,0.0,1,1,17.6,17.923647587953266,0,0,15,0.0,0.0,1
A-2022-01-315,2022-01-20,11:45,DESPISTE,1,0,0,JUNIN,TARMA,ACOBAMBA,RURAL,CARRETERA,NACIONAL,PE-22B,-11.35362532943492,-75.66239113005282,,,,,,,,,,EN PROCESO DE INVESTIGACIÓN,NO CUENTA CON CAUSA ESPECIFICA,11.0,0,2022.0,1.0,3.0,0,1,0,1,0.0,1.0,1.0,2.0,0,0,26.0,0.0,0,1,1,0.0,1.0,0
A-2022-01-115,2022-01-20,18:35,DESPISTE,1,0,1,TUMBES,ZARUMILLA,AGUAS VERDES,RURAL,CARRETERA,NACIONAL,PE-1NO,-3.4839760878288,-80.25838308128853,DESPEJADO,RURAL,TRAMO RECTO,PLANA ,ASFALTADA,,,,,IMPRUDENCIA DEL CONDUCTOR,CONDUCIR EN ESTADO DE EBRIEDAD Y/O DROGADICCIÓN,18.0,0,2022.0,1.0,3.0,0,3,0,0,0.0,0.0,0.0,0.0,0,0,44.0,0.0,1,0,1,1.0,0.0,1
A-2022-01-286,2022-01-20,21:40,CHOQUE,1,1,2,AREQUIPA,CARAVELI,ATICO,RURAL,CARRETERA,NACIONAL,PE-1S,-16.23112327858188,-73.59952494853842,DESPEJADO,RURAL,CURVA,PLANA ,ASFALTADA,,,,,EN PROCESO DE INVESTIGACIÓN,NO CUENTA CON CAUSA ESPECIFICA,21.0,0,2022.0,1.0,3.0,0,3,0,0,0.0,0.0,0.0,0.0,0,0,31.0,2.8284271247461903,0,0,2,0.0,0.0,1
A-2022-01-94,2022-01-21,04:40,ATROPELLO,1,0,1,CALLAO,CALLAO,VENTANILLA,URBANA,AVENIDA,URBANO,NO CORRESPONDE,-11.82886121774238,-77.15930383658092,DESPEJADO,RESIDENCIAL,TRAMO RECTO,INCLINADA,ASFALTADA,,,,,IMPRUDENCIA DEL PEATÓN,CRUCE INDEBIDO POR LA CALZADA,4.0,0,2022.0,1.0,4.0,0,0,0,0,1.0,1.0,0.0,2.0,0,0,45.0,0.0,0,1,2,0.0,0.5,1
A-2022-01-162,2022-01-21,06:00,CHOQUE,1,0,2,AREQUIPA,AREQUIPA,MIRAFLORES,URBANA,AVENIDA,URBANO,NO CORRESPONDE,-16.39663,-71.52217,DESPEJADO,COMERCIAL,INTERSECCIÓN,PLANA ,ASFALTADA,NO,,,SI,EN PROCESO DE INVESTIGACIÓN,NO CUENTA CON CAUSA ESPECIFICA,6.0,0,2022.0,1.0,4.0,0,1,0,0,1.0,0.0,0.0,1.0,0,1,54.5,13.435028842544403,0,2,2,0.0,1.0,0
A-2022-01-183,2022-01-21,10:05,CHOQUE FUGA,1,0,2,LA LIBERTAD,VIRU,GUADALUPITO,RURAL,CARRETERA,NACIONAL,PE-1N,-8.741275,-78.634681,DESPEJADO,RURAL,TRAMO RECTO,PLANA ,ASFALTADA,,,,,EN PROCESO DE INVESTIGACIÓN,NO CUENTA CON CAUSA ESPECIFICA,10.0,0,2022.0,1.0,4.0,0,1,0,0,0.0,0.0,0.0,0.0,0,0,21.0,0.0,0,1,2,0.0,0.5,0
A-2022-01-147,2022-01-21,11:45,DESPISTE,2,9,1,PUNO,SAN ANTONIO DE PUTINA,ANANEA,RURAL,CARRETERA,DEPARTAMENTAL,PU-111,-14.52117600799157,-69.69357207870516,DESPEJADO,RURAL,CURVA,PLANA ,ASFALTADA,,,,,INFRAESTRUCTURA Y ENTORNO VIAL,FACTOR AMBIENTAL,11.0,1,2022.0,1.0,4.0,0,1,0,1,0.0,0.0,0.0,0.0,0,0,27.083333333333332,11.579435795121167,0,1,12,0.0,0.083,0
A-2022-01-224,2022-01-21,13:20,CHOQUE,1,0,2,LAMBAYEQUE,LAMBAYEQUE,LAMBAYEQUE,URBANA,CARRETERA,NACIONAL,PE-1N,-6.708673857241669,-79.90361268205403,DESPEJADO,RESIDENCIAL,TRAMO RECTO,PLANA ,ASFALTADA,,,,,EN PROCESO DE INVESTIGACIÓN,NO CUENTA CON CAUSA ESPECIFICA,13.0,0,2022.0,1.0,4.0,0,2,0,0,0.0,0.0,0.0,0.0,0,0,67.0,4.242640687119285,0,0,2,0.0,0.0,0
A-2022-01-168,2022-01-21,14:15,ATROPELLO,1,0,0,PUNO,MELGAR,AYAVIRI,URBANA,JIRÓN,URBANO,NO CORRESPONDE,-14.876014713954254,-70.58731897875592,DESPEJADO,ESCOLAR,TRAMO RECTO,PLANA ,TROCHA,,,,,IMPRUDENCIA DEL PEATÓN,CRUCE INDEBIDO POR LA CALZADA,14.0,0,2022.0,1.0,4.0,0,2,0,1,1.0,0.0,2.0,3.0,0,0,22.0,29.698484809834994,0,1,2,0.0,0.5,0
A-2022-01-127,2022-01-21,17:00,DESPISTE,1,4,0,ANCASH,RECUAY,CATAC,RURAL,CARRETERA,NACIONAL,PE-3N,-9.946351022990324,-77.38170942837297,,,,,,,,,,EN PROCESO DE INVESTIGACIÓN,NO CUENTA CON CAUSA ESPECIFICA,17.0,0,2022.0,1.0,4.0,0,2,0,0,0.0,1.0,1.0,2.0,0,0,37.6,13.538833036861043,0,1,5,0.0,0.2,0
A-2022-01-262,2022-01-21,20:00,CHOQUE,1,0,0,LIMA,LIMA,LURIN,URBANA,CARRETERA,NACIONAL,PE-1S,-12.289421067505211,-76.86866818905403,DESPEJADO,INDUSTRIAL,TRAMO RECTO,PLANA ,ASFALTADA,,,,,EN PROCESO DE INVESTIGACIÓN,NO CUENTA CON CAUSA ESPECIFICA,20.0,0,2022.0,1.0,4.0,0,3,0,0,0.0,0.0,0.0,0.0,0,0,50.5,12.020815280171307,0,1,2,0.0,0.5,1
A-2022-01-176,2022-01-21,20:10,DESPISTE,1,0,0,ANCASH,POMABAMBA,POMABAMBA,RURAL,CARRETERA,PROVINCIAL,AN-594,-8.84563091021682,-77.44435663315294,,,,,,,,,,EN PROCESO DE INVESTIGACIÓN,NO CUENTA CON CAUSA ESPECIFICA,20.0,0,2022.0,1.0,4.0,0,3,0,0,0.0,1.0,1.0,2.0,0,0,33.0,0.0,0,0,1,0.0,0.0,1
A-2022-01-179,2022-01-21,22:30,CHOQUE,1,0,2,PUNO,HUANCANE,PUSI,RURAL,CARRETERA,NACIONAL,PE-34H,-15.378331779272118,-70.0571616431556,DESPEJADO,RURAL,TRAMO RECTO,PLANA ,ASFALTADA,,,,,IMPRUDENCIA DEL CONDUCTOR,CONDUCIR EN SENTIDO CONTRARIO,22.0,0,2022.0,1.0,4.0,0,3,0,1,0.0,0.0,0.0,0.0,0,0,38.0,28.284271247461902,0,1,2,0.0,0.5,1
A-2022-01-116,2022-01-21,23:00,DESPISTE,1,1,1,TUMBES,TUMBES,TUMBES,RURAL,CARRETERA,NACIONAL,PE-1N,-3.5356606816561085,-80.37896221963575,DESPEJADO,RURAL,TRAMO RECTO,PLANA ,ASFALTADA,SI,PREVENTIVA (P),,NO,IMPRUDENCIA DEL CONDUCTOR,CONDUCIR EN ESTADO DE EBRIEDAD Y/O DROGADICCIÓN,23.0,0,2022.0,1.0,4.0,0,3,0,0,0.0,0.0,0.0,0.0,0,1,24.0,0.0,2,0,2,1.0,0.0,1
A-2022-01-207,2022-01-22,02:30,DESPISTE,2,0,1,CAJAMARCA,CONTUMAZA,CONTUMAZA,RURAL,CARRETERA,NACIONAL,PE-1NF,-7.33690021,-78.79378894,DESPEJADO,RURAL,CURVA,INCLINADA,ASFALTADA,,,,,EN PROCESO DE INVESTIGACIÓN,NO CUENTA CON CAUSA ESPECIFICA,2.0,1,2022.0,1.0,5.0,1,0,0,1,0.0,1.0,0.0,1.0,0,0,47.333333333333336,20.502032419575706,0,1,3,0.0,0.333,1
A-2022-01-104,2022-01-22,06:00,ATROPELLO,1,0,0,CALLAO,CALLAO,CALLAO,URBANA,CARRETERA,NACIONAL,PE-20,-12.046638238382068,-77.13209852397658,DESPEJADO,RESIDENCIAL,TRAMO RECTO,PLANA ,ASFALTADA,SI,REGULADORA (R),INFORMATIVA (I),NO,IMPRUDENCIA DEL PEATÓN,ESTADO DE EBRIEDAD Y/O DROGADICCIÓN,6.0,0,2022.0,1.0,5.0,1,1,0,0,0.0,0.0,0.0,0.0,0,1,31.0,11.313708498984761,0,1,2,0.0,0.5,0
A-2022-01-173,2022-01-22,06:00,ATROPELLO FUGA,1,0,1,PIURA,PIURA,PIURA,URBANA,JIRÓN,URBANO,NO CORRESPONDE,-5.187519,-80.638189,DESPEJADO,COMERCIAL,TRAMO RECTO,PLANA ,ASFALTADA,,,,,EN PROCESO DE INVESTIGACIÓN,NO CUENTA CON CAUSA ESPECIFICA,6.0,0,2022.0,1.0,5.0,1,1,0,0,1.0,0.0,0.0,1.0,0,0,0.0,0.0,0,0,2,0.0,0.0,0
A-2022-01-163,2022-01-22,08:30,CHOQUE,1,0,1,AREQUIPA,AREQUIPA,YARABAMBA,URBANA,AVENIDA,URBANO,NO CORRESPONDE,-16.551395,-71.469449,SOLEADO,RESIDENCIAL,TRAMO RECTO,PLANA ,ASFALTADA,NO,,,SI,EN PROCESO DE INVESTIGACIÓN,NO CUENTA CON CAUSA ESPECIFICA,8.0,0,2022.0,1.0,5.0,1,1,0,0,1.0,0.0,0.0,1.0,0,1,49.0,48.08326112068523,0,0,2,0.0,0.0,0
A-2022-01-337,2022-01-22,10:10,DESPISTE,1,0,1,ICA,CHINCHA,CHINCHA BAJA,RURAL,CARRETERA,NACIONAL,PE-1SE,-13.529696,-76.183139,DESPEJADO,RURAL,TRAMO RECTO,PLANA ,ASFALTADA,,,,,IMPRUDENCIA DEL CONDUCTOR,EXCESO DE VELOCIDAD,10.0,0,2022.0,1.0,5.0,1,1,0,0,0.0,0.0,0.0,0.0,0,0,49.0,0.0,0,1,1,0.0,1.0,0
A-2022-01-276,2022-01-22,12:00,DESPISTE,1,4,0,AYACUCHO,CANGALLO,PARAS,RURAL,CARRETERA,NACIONAL,PE-28A,-13.35177989,-74.78369587,DESPEJADO,RURAL,CURVA,PLANA ,ASFALTADA,,,,,INFRAESTRUCTURA Y ENTORNO VIAL,FACTOR AMBIENTAL,12.0,0,2022.0,1.0,5.0,1,2,0,1,0.0,0.0,0.0,0.0,0,0,17.2,13.274034804836093,0,1,6,0.0,0.167,0
A-2022-01-174,2022-01-22,13:00,CHOQUE,1,1,2,PIURA,MORROPON,MORROPON,RURAL,CARRETERA,PROVINCIAL,PI-796,-5.137449186418048,-80.04357586072663,DESPEJADO,RURAL,TRAMO RECTO,PLANA ,ASFALTADA,,,,,EN PROCESO DE INVESTIGACIÓN,NO CUENTA CON CAUSA ESPECIFICA,13.0,0,2022.0,1.0,5.0,1,2,0,0,0.0,0.0,0.0,0.0,0,0,27.0,18.384776310850235,0,0,2,0.0,0.0,0
A-2022-01-285,2022-01-22,15:00,ATROPELLO,1,0,1,AREQUIPA,CAMANA,OCOÑA,RURAL,CARRETERA,PROVINCIAL,AR-535,-16.379316617306536,-73.12531824933414,DESPEJADO,RURAL,TRAMO RECTO,PLANA ,TROCHA,,,,,EN PROCESO DE INVESTIGACIÓN,NO CUENTA CON CAUSA ESPECIFICA,15.0,0,2022.0,1.0,5.0,1,2,0,0,0.0,0.0,2.0,2.0,0,0,51.5,31.81980515339464,0,1,2,0.0,0.5,0
A-2022-01-303,2022-01-22,15:30,DESPISTE,1,4,1,JUNIN,YAULI,LA OROYA,RURAL,CARRETERA,NACIONAL,PE-22,-11.605365,-75.971077,DESPEJADO,RURAL,CURVA,PLANA ,ASFALTADA,,,,,IMPRUDENCIA DEL CONDUCTOR,ADELANTAR INDEBIDAMENTE,15.0,0,2022.0,1.0,5.0,1,2,0,1,0.0,0.0,0.0,0.0,0,0,30.666666666666668,26.650828630019493,0,1,6,0.0,0.167,0
A-2022-01-284,2022-01-22,19:40,CHOQUE,4,3,2,AREQUIPA,CAMANA,OCOÑA,RURAL,CARRETERA,NACIONAL,PE-1S,-16.48807984203104,-73.02118859585194,DESPEJADO,RURAL,CURVA,INCLINADA,ASFALTADA,,,,,EN PROCESO DE INVESTIGACIÓN,NO CUENTA CON CAUSA ESPECIFICA,19.0,2,2022.0,1.0,5.0,1,3,0,0,0.0,1.0,0.0,1.0,0,0,31.125,25.062422069704276,0,2,8,0.0,0.25,1
A-2022-01-164,2022-01-22,20:00,CHOQUE,3,5,2,AREQUIPA,AREQUIPA,SAN JUAN DE TARUCANI,RURAL,CARRETERA,NACIONAL,PE-34A,-16.058517,-71.355349,DESPEJADO,RURAL,TRAMO RECTO,INCLINADA,ASFALTADA,NO,,,SI,EN PROCESO DE INVESTIGACIÓN,NO CUENTA CON CAUSA ESPECIFICA,20.0,2,2022.0,1.0,5.0,1,3,0,0,0.0,1.0,0.0,1.0,0,1,31.857142857142858,20.342308713848677,0,1,9,0.0,0.111,1
A-2022-01-299,2022-01-22,20:00,CHOQUE,1,0,2,JUNIN,CONCEPCION,ORCOTUNA,RURAL,CARRETERA,NACIONAL,PE-3SB,-11.9744062,-75.3007962,DESPEJADO,RURAL,TRAMO RECTO,PLANA ,ASFALTADA,,,,,IMPRUDENCIA DEL CONDUCTOR,CONDUCIR EN ESTADO DE EBRIEDAD Y/O DROGADICCIÓN,20.0,0,2022.0,1.0,5.0,1,3,0,1,0.0,0.0,0.0,0.0,0,0,38.0,5.656854249492381,0,2,2,0.0,1.0,1
A-2022-01-266,2022-01-22,22:50,ATROPELLO,1,0,0,LIMA,LIMA,SANTIAGO DE SURCO,URBANA,CARRETERA,NACIONAL,PE-1S,-12.153347346790111,-76.98395309001715,DESPEJADO,RESIDENCIAL,TRAMO RECTO,PLANA ,ASFALTADA,,,,,EN PROCESO DE INVESTIGACIÓN,NO CUENTA CON CAUSA ESPECIFICA,22.0,0,2022.0,1.0,5.0,1,3,0,0,0.0,0.0,0.0,0.0,0,0,50.0,0.0,0,0,2,0.0,0.0,1
A-2022-01-304,2022-01-22,23:00,CHOQUE,1,2,2,LIMA,HUARAL,HUARAL,RURAL,CARRETERA,SIN CLASIFICAR,SIN CLASIFICAR,-11.46979,-77.23711,DESPEJADO,RURAL,TRAMO RECTO,PLANA ,TROCHA,,,,,EN PROCESO DE INVESTIGACIÓN,NO CUENTA CON CAUSA ESPECIFICA,23.0,0,2022.0,1.0,5.0,1,3,0,0,0.0,0.0,2.0,2.0,0,0,51.333333333333336,18.502252115170556,0,0,3,0.0,0.0,1
A-2022-01-272,2022-01-23,00:10,CHOQUE,1,0,2,PUNO,LAMPA,CALAPUJA,RURAL,CARRETERA,NACIONAL,PE-3S,-15.3065146,-70.2330651,DESPEJADO,RURAL,TRAMO RECTO,PLANA ,ASFALTADA,,,,,IMPERICIA DEL CONDUCTOR,,0.0,0,2022.0,1.0,6.0,1,0,0,1,0.0,0.0,0.0,0.0,0,0,42.0,16.97056274847714,0,1,2,0.0,0.5,1
A-2022-01-220,2022-01-23,01:30,DESPISTE,1,0,1,LAMBAYEQUE,LAMBAYEQUE,TUCUME,RURAL,CARRETERA,SIN CLASIFICAR,SIN CLASIFICAR,-6.509704,-79.841312,DESPEJADO,RURAL,TRAMO RECTO,PLANA ,ASFALTADA,,,,,EN PROCESO DE INVESTIGACIÓN,NO CUENTA CON CAUSA ESPECIFICA,1.0,0,2022.0,1.0,6.0,1,0,0,0,0.0,0.0,0.0,0.0,0,0,32.0,0.0,0,1,1,0.0,1.0,1
A-2022-01-97,2022-01-23,01:30,DESPISTE,2,0,1,ICA,PISCO,INDEPENDENCIA,URBANA,CARRETERA,NACIONAL,PE-28A,-13.716453,-75.970584,DESPEJADO,RURAL,TRAMO RECTO,PLANA ,ASFALTADA,,,,,EN PROCESO DE INVESTIGACIÓN,NO CUENTA CON CAUSA ESPECIFICA,1.0,1,2022.0,1.0,6.0,1,0,0,0,0.0,0.0,0.0,0.0,0,0,25.5,4.949747468305833,0,0,2,0.0,0.0,1
A-2022-01-265,2022-01-23,03:30,CHOQUE,1,1,2,PIURA,SECHURA,SECHURA,RURAL,CARRETERA,NACIONAL,PE-1N,-6.026737,-80.522233,DESPEJADO,RURAL,TRAMO RECTO,PLANA ,ASFALTADA,,,,,EN PROCESO DE INVESTIGACIÓN,NO CUENTA CON CAUSA ESPECIFICA,3.0,0,2022.0,1.0,6.0,1,0,0,0,0.0,0.0,0.0,0.0,0,0,37.0,11.532562594670797,0,2,3,0.0,0.667,1
A-2022-01-191,2022-01-23,04:00,CHOQUE,1,0,2,SAN MARTIN,MOYOBAMBA,MOYOBAMBA,URBANA,CARRETERA,NACIONAL,PE-5N,-6.047933,-76.979441,DESPEJADO,INDUSTRIAL,TRAMO RECTO,PLANA ,ASFALTADA,SI,PREVENTIVA (P),PREVENTIVA (P),NO,IMPRUDENCIA DEL CONDUCTOR,EXCESO DE VELOCIDAD,4.0,0,2022.0,1.0,6.0,1,0,0,2,0.0,0.0,0.0,0.0,0,1,32.5,7.7781745930520225,0,2,2,0.0,1.0,1
A-2022-01-253,2022-01-23,04:31,DESPISTE,1,0,1,CUSCO,PAUCARTAMBO,COLQUEPATA,RURAL,CARRETERA,SIN CLASIFICAR,SIN CLASIFICAR,-13.367107579846689,-71.67037785113385,NUBLADO,RURAL,CURVA,PLANA ,TROCHA,,,,,IMPRUDENCIA DEL CONDUCTOR,EXCESO DE VELOCIDAD,4.0,0,2022.0,1.0,6.0,1,0,0,1,0.0,0.0,2.0,2.0,0,0,30.0,2.8284271247461903,0,1,2,0.0,0.5,1
A-2022-01-225,2022-01-23,06:30,ATROPELLO FUGA,1,0,0,LAMBAYEQUE,CHICLAYO,POMALCA,RURAL,CARRETERA,DEPARTAMENTAL,LA-116,-6.7727843,-79.7700622,DESPEJADO,RURAL,TRAMO RECTO,PLANA ,ASFALTADA,,,,,EN PROCESO DE INVESTIGACIÓN,NO CUENTA CON CAUSA ESPECIFICA,6.0,0,2022.0,1.0,6.0,1,1,0,0,0.0,0.0,0.0,0.0,0,0,0.0,0.0,0,0,2,0.0,0.0,0
A-2022-01-338,2022-01-23,09:30,CHOQUE,2,0,1,ICA,CHINCHA,TAMBO DE MORA,RURAL,CARRETERA,NACIONAL,PE-1SE,-13.476075278306704,-76.1839681188437,DESPEJADO,RURAL,TRAMO RECTO,PLANA ,ASFALTADA,NO,,,NO,IMPRUDENCIA DEL CONDUCTOR,OTRO (IMPRUDENCIA DEL CONDUCTOR),9.0,1,2022.0,1.0,6.0,1,1,0,0,0.0,0.0,0.0,0.0,0,2,32.5,6.363961030678928,0,0,3,0.0,0.0,0
A-2022-01-181,2022-01-23,10:30,ATROPELLO,1,0,1,PUNO,HUANCANE,HUATASANI,RURAL,CARRETERA,NACIONAL,PE-34H,-15.049521566625504,-69.80174029740061,DESPEJADO,RURAL,TRAMO RECTO,PLANA ,ASFALTADA,,,,,IMPRUDENCIA DEL CONDUCTOR,EXCESO DE VELOCIDAD,10.0,0,2022.0,1.0,6.0,1,1,0,1,0.0,0.0,0.0,0.0,0,0,52.0,26.870057685088806,0,0,2,0.0,0.0,0
A-2022-01-334,2022-01-23,12:50,DESPISTE,1,40,0,LIMA,BARRANCA,PARAMONGA,RURAL,CARRETERA,NACIONAL,PE-1N,-10.63917854,-77.85469021,DESPEJADO,RURAL,CURVA,PLANA ,ASFALTADA,SI,PREVENTIVA (P),,NO,EN PROCESO DE INVESTIGACIÓN,NO CUENTA CON CAUSA ESPECIFICA,12.0,0,2022.0,1.0,6.0,1,2,0,0,0.0,0.0,0.0,0.0,0,1,49.94444444444444,19.33443201746326,0,1,41,0.0,0.024,0
A-2022-01-256,2022-01-23,17:20,ATROPELLO,1,0,1,LAMBAYEQUE,CHICLAYO,LA VICTORIA,RURAL,CARRETERA,NACIONAL,PE-1N,-6.801423,-79.850091,DESPEJADO,COMERCIAL,TRAMO RECTO,PLANA ,ASFALTADA,,,,,EN PROCESO DE INVESTIGACIÓN,NO CUENTA CON CAUSA ESPECIFICA,17.0,0,2022.0,1.0,6.0,1,2,0,0,0.0,0.0,0.0,0.0,0,0,38.0,25.45584412271571,0,0,2,0.0,0.0,0
A-2022-01-263,2022-01-23,18:00,CHOQUE,4,4,0,PIURA,PIURA,CASTILLA,RURAL,CARRETERA,NACIONAL,PE-1NJ,-5.166927,-80.528331,DESPEJADO,RURAL,TRAMO RECTO,PLANA ,ASFALTADA,,,,,EN PROCESO DE INVESTIGACIÓN,NO CUENTA CON CAUSA ESPECIFICA,18.0,2,2022.0,1.0,6.0,1,3,0,0,0.0,0.0,0.0,0.0,0,0,35.1,24.351363183380286,0,1,10,0.0,0.1,1
A-2022-01-264,2022-01-23,19:30,CHOQUE FUGA,1,0,0,PIURA,MORROPON,CHULUCANAS,RURAL,CARRETERA,NACIONAL,PE-1NR,-5.0048659,-80.2229152,DESPEJADO,RURAL,TRAMO RECTO,PLANA ,ASFALTADA,,,,,EN PROCESO DE INVESTIGACIÓN,NO CUENTA CON CAUSA ESPECIFICA,19.0,0,2022.0,1.0,6.0,1,3,0,0,0.0,0.0,0.0,0.0,0,0,64.0,0.0,0,0,2,0.0,0.0,1