CODIGO_SINIESTRO,FECHA_SINIESTRO,HORA_SINIESTRO,CLASE_SINIESTRO,CANTIDAD_FALLECIDOS,CANTIDAD_LESIONADOS,CANTIDAD_VEHICULOS,DEPARTAMENTO,PROVINCIA,DISTRITO,ZONA,TIPO_VIA,RED_VIAL,COD_CARRETERA,LATITUD,LONGITUD,CONDICION_CLIMATICA,ZONIFICACION,CARACTERISTICAS_VIA,PERFIL_VIA,SUPERFICIE_CALZADA,EXISTE_SENIAL_VERTICAL,CLASIFICACION_SENIAL_VERTICAL_1,CLASIFICACION_SENIAL_VERTICAL_2,EXISTE_SENIAL_HORIZONTAL,CAUSA_FACTOR_PRINCIPAL,CAUSA_ESPECIFICA,HORA,severidad,ANIO,MES,DIA_SEMANA,FIN_SEMANA,FRANJA_HORARIA,TEMPORADA,MACROREGION,TIPO_VIA_SCORE,PERFIL_VIA_SCORE,SUPERFICIE_CALZADA_SCORE,RIESGO_INFRAESTRUCTURA,RIESGO_CLIMATICO,SENIALIZACION_DEFICIENTE,EDAD_PROMEDIO,EDAD_STD,TOTAL_ALCOHOL,TOTAL_LICENCIA,TOTAL_PERSONAS,PCT_ALCOHOL,PCT_LICENCIA,ES_NOCHE
A-2022-01-324,2022-01-23,20:00,ATROPELLO FUGA,1,1,2,HUANUCO,HUANUCO,PILLCO MARCA,URBANA,CARRETERA,NACIONAL,PE-3N,-10.0134291517104,-76.2358841832359,DESPEJADO,INDUSTRIAL,TRAMO RECTO,PLANA ,ASFALTADA,,,,,IMPRUDENCIA DEL PEATÓN,ESTADO DE EBRIEDAD Y/O DROGADICCIÓN,20.0,0,2022.0,1.0,6.0,1,3,0,1,0.0,0.0,0.0,0.0,0,0,37.333333333333336,10.016652800877814,0,1,3,0.0,0.333,1
A-2022-01-291,2022-01-23,21:30,CHOQUE,1,1,2,LAMBAYEQUE,CHICLAYO,NUEVA ARICA,RURAL,CARRETERA,NACIONAL,PE-1NI,-6.8718087,-79.3298177,DESPEJADO,RURAL,TRAMO RECTO,PLANA ,ASFALTADA,,,,,EN PROCESO DE INVESTIGACIÓN,NO CUENTA CON CAUSA ESPECIFICA,21.0,0,2022.0,1.0,6.0,1,3,0,0,0.0,0.0,0.0,0.0,0,0,33.333333333333336,13.576941236277534,0,1,3,0.0,0.333,1
A-2022-01-321,2022-01-24,03:50,DESPISTE,1,0,0,ANCASH,HUARMEY,HUARMEY,RURAL,CARRETERA,NACIONAL,PE-1N,-10.139020945647744,-78.11708769171571,DESPEJADO,RURAL,TRAMO RECTO,PLANA ,ASFALTADA,,,,,EN PROCESO DE INVESTIGACIÓN,NO CUENTA CON CAUSA ESPECIFICA,3.0,0,2022.0,1.0,0.0,0,0,0,0,0.0,0.0,0.0,0.0,0,0,46.0,0.0,0,1,1,0.0,1.0,1
A-2022-01-268,2022-01-24,04:00,CHOQUE,2,1,0,LIMA,LIMA,ATE,URBANA,CARRETERA,NACIONAL,PE-1S,-12.061300215225032,-76.97222202697768,DESPEJADO,INDUSTRIAL,TRAMO RECTO,PLANA ,ASFALTADA,,,,,EN PROCESO DE INVESTIGACIÓN,NO CUENTA CON CAUSA ESPECIFICA,4.0,1,2022.0,1.0,0.0,0,0,0,0,0.0,0.0,0.0,0.0,0,0,51.25,12.419742348374221,0,0,5,0.0,0.0,1
A-2022-01-103,2022-01-24,05:30,ATROPELLO,1,0,1,ICA,PISCO,INDEPENDENCIA,RURAL,CARRETERA,NACIONAL,PE-28A,-13.732020897040178,-75.93328403930165,DESPEJADO,RURAL,TRAMO RECTO,INCLINADA,ASFALTADA,,,,,IMPRUDENCIA DEL PEATÓN,OTRO (IMPRUDENCIA DEL PEATÓN),5.0,0,2022.0,1.0,0.0,0,0,0,0,0.0,1.0,0.0,1.0,0,0,42.5,31.81980515339464,0,1,2,0.0,0.5,1
A-2022-01-166,2022-01-24,06:00,ATROPELLO,2,0,2,AREQUIPA,ISLAY,PUNTA DE BOMBON,RURAL,CARRETERA,NACIONAL,PE-1SD,-17.174419,-71.770636,DESPEJADO,RURAL,TRAMO RECTO,PLANA ,ASFALTADA,,,,,EN PROCESO DE INVESTIGACIÓN,NO CUENTA CON CAUSA ESPECIFICA,6.0,1,2022.0,1.0,0.0,0,1,0,0,0.0,0.0,0.0,0.0,0,0,57.666666666666664,5.773502691896258,0,1,3,0.0,0.333,0
A-2022-01-223,2022-01-24,08:40,CHOQUE,1,0,2,LAMBAYEQUE,CHICLAYO,TUMAN,RURAL,CARRETERA,DEPARTAMENTAL,LA-116,-6.806213,-79.695536,DESPEJADO,RURAL,TRAMO RECTO,PLANA ,ASFALTADA,,,,,EN PROCESO DE INVESTIGACIÓN,NO CUENTA CON CAUSA ESPECIFICA,8.0,0,2022.0,1.0,0.0,0,1,0,0,0.0,0.0,0.0,0.0,0,0,59.5,38.890872965260115,0,1,2,0.0,0.5,0
A-2022-01-305,2022-01-24,09:20,DESPISTE,1,2,1,JUNIN,YAULI,LA OROYA,RURAL,CARRETERA,SIN CLASIFICAR,SIN CLASIFICAR,-11.5237998,-75.8979711,DESPEJADO,RURAL,CURVA,PLANA ,ASFALTADA,SI,PREVENTIVA (P),,SI,IMPRUDENCIA DEL CONDUCTOR,EXCESO DE VELOCIDAD,9.0,0,2022.0,1.0,0.0,0,1,0,1,0.0,0.0,0.0,0.0,0,0,34.75,19.29378138157474,0,1,4,0.0,0.25,0
A-2022-01-306,2022-01-25,01:55,CHOQUE,1,0,2,JUNIN,YAULI,LA OROYA,URBANA,CARRETERA,NACIONAL,PE-22,-11.5246257,-75.9121852,DESPEJADO,INDUSTRIAL,TRAMO RECTO,PLANA ,ASFALTADA,SI,PREVENTIVA (P),,NO,IMPRUDENCIA DEL CONDUCTOR,CONDUCIR EN ESTADO DE EBRIEDAD Y/O DROGADICCIÓN,1.0,0,2022.0,1.0,1.0,0,0,0,1,0.0,0.0,0.0,0.0,0,1,38.5,13.435028842544403,0,2,2,0.0,1.0,1
A-2022-01-267,2022-01-25,05:25,ATROPELLO,1,0,0,LIMA,LIMA,SAN JUAN DE MIRAFLORES,URBANA,CARRETERA,NACIONAL,PE-1S,-12.1805924,-76.9760667,DESPEJADO,COMERCIAL,PUENTE,PLANA ,ASFALTADA,,,,,EN PROCESO DE INVESTIGACIÓN,NO CUENTA CON CAUSA ESPECIFICA,5.0,0,2022.0,1.0,1.0,0,0,0,0,0.0,0.0,0.0,0.0,0,0,36.0,0.0,0,0,2,0.0,0.0,1
A-2022-01-275,2022-01-25,07:20,CHOQUE,1,1,0,AYACUCHO,HUAMANGA,CARMEN ALTO,URBANA,AVENIDA,URBANO,NO CORRESPONDE,-13.175674,-74.218741,DESPEJADO,COMERCIAL,INTERSECCIÓN,PLANA ,CONCRETO,,,,,IMPRUDENCIA DEL CONDUCTOR,EXCESO DE VELOCIDAD,7.0,0,2022.0,1.0,1.0,0,1,0,1,1.0,0.0,0.0,1.0,0,0,22.0,6.928203230275509,0,1,3,0.0,0.333,0
A-2022-01-197,2022-01-25,08:30,CHOQUE,1,2,2,LIMA,HUARAL,HUARAL,URBANA,CARRETERA,PROVINCIAL,LM-678,-11.480485,-77.20776,DESPEJADO,RESIDENCIAL,TRAMO RECTO,PLANA ,ASFALTADA,,,,,IMPRUDENCIA DEL CONDUCTOR,GIRAR IMPRUDENTEMENTE,8.0,0,2022.0,1.0,1.0,0,1,0,0,0.0,0.0,0.0,0.0,0,0,24.666666666666668,1.5275252316519472,0,2,3,0.0,0.667,0
A-2022-01-198,2022-01-25,08:45,CHOQUE,1,0,1,AREQUIPA,ISLAY,MEJIA,RURAL,CARRETERA,NACIONAL,PE-1SD,-17.11040511,-71.8991648,DESPEJADO,RURAL,TRAMO RECTO,INCLINADA,ASFALTADA,,,,,EN PROCESO DE INVESTIGACIÓN,NO CUENTA CON CAUSA ESPECIFICA,8.0,0,2022.0,1.0,1.0,0,1,0,0,0.0,1.0,0.0,1.0,0,0,28.5,10.606601717798213,1,1,2,0.5,0.5,0
A-2022-01-196,2022-01-25,09:00,CHOQUE,1,0,2,AREQUIPA,CAYLLOMA,SAN ANTONIO DE CHUCA,RURAL,CARRETERA,NACIONAL,PE-34A,-15.843563,-71.106597,DESPEJADO,RURAL,TRAMO RECTO,PLANA ,ASFALTADA,SI,PREVENTIVA (P),,SI,EN PROCESO DE INVESTIGACIÓN,NO CUENTA CON CAUSA ESPECIFICA,9.0,0,2022.0,1.0,1.0,0,1,0,0,0.0,0.0,0.0,0.0,0,0,34.0,1.0,0,2,3,0.0,0.667,0
A-2022-01-112,2022-01-25,09:40,CHOQUE,1,2,2,PUNO,CHUCUITO,ZEPITA,RURAL,CARRETERA,NACIONAL,PE-36A,-16.569921367119754,-69.25691668026715,DESPEJADO,RURAL,TRAMO RECTO,PLANA ,ASFALTADA,NO,,,SI,IMPRUDENCIA DEL CONDUCTOR,GIRAR IMPRUDENTEMENTE,9.0,0,2022.0,1.0,1.0,0,1,0,1,0.0,0.0,0.0,0.0,0,1,42.25,10.626225419530053,0,1,4,0.0,0.25,0
A-2022-01-273,2022-01-25,21:15,ATROPELLO FUGA,1,0,0,PUNO,HUANCANE,PUSI,RURAL,CARRETERA,NACIONAL,PE-34H,-15.4178728,-70.0689953,DESPEJADO,RURAL,TRAMO RECTO,PLANA ,ASFALTADA,,,,,EN PROCESO DE INVESTIGACIÓN,NO CUENTA CON CAUSA ESPECIFICA,21.0,0,2022.0,1.0,1.0,0,3,0,1,0.0,0.0,0.0,0.0,0,0,77.0,0.0,0,0,2,0.0,0.0,1
A-2022-01-255,2022-01-26,02:00,DESPISTE,3,0,1,CUSCO,LA CONVENCION,ECHARATE,RURAL,CARRETERA,DEPARTAMENTAL,CU-101,-12.760986726336746,-72.5695940456684,LLUVIOSO,RURAL,CURVA,PLANA ,ASFALTADA,NO,,,SI,IMPRUDENCIA DEL CONDUCTOR,EXCESO DE VELOCIDAD,2.0,2,2022.0,1.0,2.0,0,0,0,1,0.0,0.0,0.0,0.0,1,1,40.0,12.0,0,1,3,0.0,0.333,1
A-2022-01-254,2022-01-26,08:30,VOLCADURA,1,0,1,CUSCO,QUISPICANCHI,OCONGATE,RURAL,CARRETERA,NACIONAL,PE-30C,-13.65966217913052,-71.36296134726351,DESPEJADO,RURAL,CURVA,PLANA ,ASFALTADA,,,,,IMPRUDENCIA DEL CONDUCTOR,NO DAR PASO PREFERENTE AL PEATÓN,8.0,0,2022.0,1.0,2.0,0,1,0,1,0.0,0.0,0.0,0.0,0,0,38.0,0.0,0,0,1,0.0,0.0,0
A-2022-01-341,2022-01-26,12:45,CHOQUE,1,1,2,JUNIN,CHUPACA,CHUPACA,URBANA,CARRETERA,PROVINCIAL,JU-894,-12.06552943854823,-75.27851338721504,DESPEJADO,ESCOLAR,INTERSECCIÓN,PLANA ,ASFALTADA,NO,,,SI,IMPRUDENCIA DEL CONDUCTOR,GIRAR IMPRUDENTEMENTE,12.0,0,2022.0,1.0,2.0,0,2,0,1,0.0,0.0,0.0,0.0,0,1,41.0,14.52583904633395,0,2,3,0.0,0.667,0
A-2022-01-283,2022-01-26,21:00,CHOQUE,1,0,2,CAJAMARCA,JAEN,BELLAVISTA,RURAL,CARRETERA,PROVINCIAL,CA-744,-5.6608308,-78.685608,DESPEJADO,RURAL,TRAMO RECTO,PLANA ,ASFALTADA,,,,,EN PROCESO DE INVESTIGACIÓN,NO CUENTA CON CAUSA ESPECIFICA,21.0,0,2022.0,1.0,2.0,0,3,0,1,0.0,0.0,0.0,0.0,0,0,37.5,3.5355339059327378,0,2,2,0.0,1.0,1
A-2022-01-308,2022-01-27,01:30,DESPISTE,1,0,1,JUNIN,HUANCAYO,HUANCAYO,URBANA,JIRÓN,URBANO,NO CORRESPONDE,-12.0611598,-75.2031727,DESPEJADO,RESIDENCIAL,INTERSECCIÓN,PLANA ,ASFALTADA,SI,PREVENTIVA (P),,NO,IMPRUDENCIA DEL CONDUCTOR,CONDUCIR EN ESTADO DE EBRIEDAD Y/O DROGADICCIÓN,1.0,0,2022.0,1.0,3.0,0,0,0,1,1.0,0.0,0.0,1.0,0,1,21.0,1.4142135623730951,1,1,2,0.5,0.5,1
A-2022-01-184,2022-01-27,04:00,DESPISTE,1,0,1,LA LIBERTAD,OTUZCO,CHARAT,RURAL,CARRETERA,DEPARTAMENTAL,LI-113,-7.838403,-78.467516,LLUVIOSO,RURAL,TRAMO RECTO,PLANA ,AFIRMADO,,,,,EN PROCESO DE INVESTIGACIÓN,NO CUENTA CON CAUSA ESPECIFICA,4.0,0,2022.0,1.0,3.0,0,0,0,0,0.0,0.0,1.0,1.0,1,0,20.0,0.0,0,1,1,0.0,1.0,1
A-2022-01-301,2022-01-27,05:50,CHOQUE,1,1,2,LA LIBERTAD,TRUJILLO,TRUJILLO,URBANA,AVENIDA,URBANO,NO CORRESPONDE,-8.106805,-79.046712,DESPEJADO,COMERCIAL,INTERSECCIÓN,PLANA ,ASFALTADA,,,,,IMPRUDENCIA DEL CONDUCTOR,CONDUCIR EN ESTADO DE EBRIEDAD Y/O DROGADICCIÓN,5.0,0,2022.0,1.0,3.0,0,0,0,0,1.0,0.0,0.0,1.0,0,0,31.333333333333332,5.859465277082315,0,1,3,0.0,0.333,1
A-2022-01-310,2022-01-27,07:50,DESPISTE,1,0,1,HUANUCO,LEONCIO PRADO,LUYANDO,RURAL,CARRETERA,NACIONAL,PE-18A,-9.238196,-75.990316,DESPEJADO,COMERCIAL,TRAMO RECTO,PLANA ,ASFALTADA,,,,,IMPRUDENCIA DEL CONDUCTOR,EXCESO DE VELOCIDAD,7.0,0,2022.0,1.0,3.0,0,1,0,1,0.0,0.0,0.0,0.0,0,0,74.0,0.0,0,0,1,0.0,0.0,0
A-2022-01-325,2022-01-27,21:00,CHOQUE,1,5,4,HUANUCO,HUANUCO,PILLCO MARCA,URBANA,CARRETERA,NACIONAL,PE-3N,-9.949219,-76.250995,DESPEJADO,ESCOLAR,TRAMO RECTO,PLANA ,ASFALTADA,,,,,IMPRUDENCIA DEL CONDUCTOR,GIRAR IMPRUDENTEMENTE,21.0,0,2022.0,1.0,3.0,0,3,0,1,0.0,0.0,0.0,0.0,0,0,25.375,12.420461229071051,0,2,8,0.0,0.25,1
A-2022-01-230,2022-01-28,02:40,ATROPELLO,1,0,1,SAN MARTIN,SAN MARTIN,MORALES,URBANA,CARRETERA,NACIONAL,PE-5N,-6.486156,-76.39055,DESPEJADO,COMERCIAL,TRAMO RECTO,PLANA ,ASFALTADA,,,,,IMPRUDENCIA DEL CONDUCTOR,CONDUCIR EN ESTADO DE EBRIEDAD Y/O DROGADICCIÓN,2.0,0,2022.0,1.0,4.0,0,0,0,2,0.0,0.0,0.0,0.0,0,0,48.0,12.727922061357855,1,1,2,0.5,0.5,1
A-2022-01-199,2022-01-28,06:30,CHOQUE FUGA,1,0,1,AREQUIPA,CAYLLOMA,MAJES,URBANA,CARRETERA,DEPARTAMENTAL,AR-108,-16.332534,-72.203831,DESPEJADO,RESIDENCIAL,TRAMO RECTO,PLANA ,ASFALTADA,,,,,EN PROCESO DE INVESTIGACIÓN,NO CUENTA CON CAUSA ESPECIFICA,6.0,0,2022.0,1.0,4.0,0,1,0,0,0.0,0.0,0.0,0.0,0,0,67.0,0.0,0,0,2,0.0,0.0,0
A-2022-01-139,2022-01-28,09:30,CHOQUE,1,1,2,PUNO,EL COLLAO,ILAVE,RURAL,CARRETERA,NACIONAL,PE-38A,-16.24095244075126,-69.68082364939654,DESPEJADO,RURAL,INTERSECCIÓN,PLANA ,AFIRMADO,SI,PREVENTIVA (P),,NO,IMPRUDENCIA DEL CONDUCTOR,OTRO (IMPRUDENCIA DEL CONDUCTOR),9.0,0,2022.0,1.0,4.0,0,1,0,1,0.0,0.0,1.0,1.0,0,1,72.0,5.5677643628300215,0,1,3,0.0,0.333,0
A-2022-01-332,2022-01-28,11:35,CHOQUE,1,0,2,JUNIN,JAUJA,JAUJA,URBANA,AVENIDA,URBANO,NO CORRESPONDE,-11.77893,-75.4977,DESPEJADO,RURAL,INTERSECCIÓN,PLANA ,ASFALTADA,,,,,IMPRUDENCIA DEL CONDUCTOR,NO ESTABLECER EL DERECHO DE PASO,11.0,0,2022.0,1.0,4.0,0,1,0,1,1.0,0.0,0.0,1.0,0,0,67.0,9.899494936611665,0,1,2,0.0,0.5,0
A-2022-01-274,2022-01-28,18:00,DESPISTE,1,0,1,PUNO,MELGAR,AYAVIRI,RURAL,CARRETERA,NACIONAL,PE-3S,-14.954512,-70.5146254,DESPEJADO,RURAL,TRAMO RECTO,PLANA ,ASFALTADA,,,,,IMPRUDENCIA DEL CONDUCTOR,CONDUCIR EN SENTIDO CONTRARIO,18.0,0,2022.0,1.0,4.0,0,3,0,1,0.0,0.0,0.0,0.0,0,0,22.5,21.920310216782973,0,1,2,0.0,0.5,1
A-2022-01-339,2022-01-28,19:30,ATROPELLO FUGA,1,3,2,ICA,CHINCHA,TAMBO DE MORA,RURAL,CARRETERA,NACIONAL,PE-1SE,-13.48064866882319,-76.18441131162028,DESPEJADO,RURAL,TRAMO RECTO,PLANA ,ASFALTADA,,,,,IMPRUDENCIA DEL PEATÓN,CRUCE INDEBIDO POR LA CALZADA,19.0,0,2022.0,1.0,4.0,0,3,0,0,0.0,0.0,0.0,0.0,0,0,49.0,6.48074069840786,0,2,5,0.0,0.4,1
A-2022-01-269,2022-01-28,23:40,ATROPELLO FUGA,1,0,0,LIMA,LIMA,RIMAC,URBANA,CARRETERA,NACIONAL,PE-1N,-12.042152628931484,-77.02061367069078,DESPEJADO,INDUSTRIAL,INTERSECCIÓN,INCLINADA,ASFALTADA,,,,,EN PROCESO DE INVESTIGACIÓN,NO CUENTA CON CAUSA ESPECIFICA,23.0,0,2022.0,1.0,4.0,0,3,0,0,0.0,1.0,0.0,1.0,0,0,0.0,0.0,0,0,2,0.0,0.0,1
A-2022-01-322,2022-01-29,05:00,DESPISTE,1,0,0,ANCASH,YUNGAY,QUILLO,RURAL,CARRETERA,SIN CLASIFICAR,SIN CLASIFICAR,-9.326317715393536,-78.0123802080485,DESPEJADO,RURAL,SINUOSA,INCLINADA,TROCHA,,,,,EN PROCESO DE INVESTIGACIÓN,NO CUENTA CON CAUSA ESPECIFICA,5.0,0,2022.0,1.0,5.0,1,0,0,0,0.0,1.0,2.0,3.0,0,0,38.0,0.0,0,1,1,0.0,1.0,1
A-2022-01-309,2022-01-29,11:00,ATROPELLO,1,0,1,JUNIN,HUANCAYO,EL TAMBO,URBANA,CARRETERA,NACIONAL,PE-3S,-12.029801,-75.234779,DESPEJADO,COMERCIAL,TRAMO RECTO,PLANA ,ASFALTADA,,,,,IMPRUDENCIA DEL PEATÓN,CRUCE INDEBIDO POR LA CALZADA,11.0,0,2022.0,1.0,5.0,1,1,0,1,0.0,0.0,0.0,0.0,0,0,55.0,25.45584412271571,0,1,2,0.0,0.5,0
A-2022-01-258,2022-01-29,15:00,CHOQUE,1,0,2,CUSCO,ESPINAR,OCORURO,RURAL,CARRETERA,NACIONAL,PE-34J,-15.048068904848686,-71.13118878631418,NUBLADO,RURAL,TRAMO RECTO,PLANA ,ASFALTADA,,,,,IMPERICIA DEL CONDUCTOR,,15.0,0,2022.0,1.0,5.0,1,2,0,1,0.0,0.0,0.0,0.0,0,0,44.5,28.991378028648448,0,2,2,0.0,1.0,0
A-2022-01-328,2022-01-29,15:13,CHOQUE,2,0,2,HUANUCO,HUANUCO,SANTA MARIA DEL VALLE,URBANA,CARRETERA,NACIONAL,PE-18A,-9.842552,-76.136056,DESPEJADO,RURAL,CURVA,PLANA ,ASFALTADA,,,,,IMPRUDENCIA DEL CONDUCTOR,OTRO (IMPRUDENCIA DEL CONDUCTOR),15.0,1,2022.0,1.0,5.0,1,2,0,1,0.0,0.0,0.0,0.0,0,0,44.5,27.577164466275352,0,2,2,0.0,1.0,0
A-2022-01-259,2022-01-29,16:30,CHOQUE,1,0,2,LA LIBERTAD,TRUJILLO,EL PORVENIR,URBANA,AVENIDA,URBANO,NO CORRESPONDE,-8.08562,-79.001736,DESPEJADO,COMERCIAL,INTERSECCIÓN,PLANA ,ASFALTADA,,,,,IMPRUDENCIA DEL CONDUCTOR,NO ESTABLECER EL DERECHO DE PASO,16.0,0,2022.0,1.0,5.0,1,2,0,0,1.0,0.0,0.0,1.0,0,0,44.0,11.269427669584644,0,1,3,0.0,0.333,0
A-2022-01-214,2022-01-29,21:30,CHOQUE FUGA,1,0,2,SAN MARTIN,RIOJA,NUEVA CAJAMARCA,URBANA,CARRETERA,NACIONAL,PE-5N,-5.927639,-77.314049,DESPEJADO,COMERCIAL,TRAMO RECTO,PLANA ,ASFALTADA,,,,,NEGLIGENCIA DEL CONDUCTOR,OTRO (NEGLIGENCIA DEL CONDUCTOR),21.0,0,2022.0,1.0,5.0,1,3,0,2,0.0,0.0,0.0,0.0,0,0,28.0,0.0,0,1,2,0.0,0.5,1
A-2022-01-326,2022-01-29,23:00,DESPISTE,2,3,1,HUANUCO,HUANUCO,CHURUBAMBA,RURAL,CARRETERA,PROVINCIAL,HU-788,-9.805828,-76.132483,DESPEJADO,RURAL,TRAMO RECTO,INCLINADA,TROCHA,,,,,IMPRUDENCIA DEL CONDUCTOR,OTRO (IMPRUDENCIA DEL CONDUCTOR),23.0,1,2022.0,1.0,5.0,1,3,0,1,0.0,1.0,2.0,3.0,0,0,32.6,18.635986692418516,0,0,5,0.0,0.0,1
A-2022-01-270,2022-01-30,01:20,VOLCADURA,1,0,0,LIMA,LIMA,SANTIAGO DE SURCO,URBANA,CARRETERA,NACIONAL,PE-1S,-12.141153345291308,-76.98128810467387,DESPEJADO,INDUSTRIAL,PUENTE,PLANA ,ASFALTADA,,,,,EN PROCESO DE INVESTIGACIÓN,NO CUENTA CON CAUSA ESPECIFICA,1.0,0,2022.0,1.0,6.0,1,0,0,0,0.0,0.0,0.0,0.0,0,0,26.0,0.0,0,0,1,0.0,0.0,1
A-2022-01-187,2022-01-30,01:30,DESPISTE,1,0,1,LORETO,MAYNAS,IQUITOS,URBANA,CARRETERA,PROVINCIAL,LO-502,-3.761243,-73.265914,DESPEJADO,RESIDENCIAL,TRAMO RECTO,PLANA ,ASFALTADA,,,,,IMPRUDENCIA DEL CONDUCTOR,CONDUCIR EN ESTADO DE EBRIEDAD Y/O DROGADICCIÓN,1.0,0,2022.0,1.0,6.0,1,0,0,2,0.0,0.0,0.0,0.0,0,0,29.0,0.0,1,0,1,1.0,0.0,1
A-2022-01-182,2022-01-30,04:30,CHOQUE,1,2,2,TACNA,TACNA,LA YARADA LOS PALOS,RURAL,CARRETERA,PROVINCIAL,TA-644,-18.243249,-70.375058,DESPEJADO,RURAL,TRAMO RECTO,PLANA ,ASFALTADA,,,,,EN PROCESO DE INVESTIGACIÓN,NO CUENTA CON CAUSA ESPECIFICA,4.0,0,2022.0,1.0,6.0,1,0,0,0,0.0,0.0,0.0,0.0,0,0,43.666666666666664,23.115651263447745,0,1,3,0.0,0.333,1
A-2022-01-185,2022-01-30,04:30,ATROPELLO FUGA,1,0,1,LA LIBERTAD,VIRU,CHAO,RURAL,CARRETERA,NACIONAL,PE-1N,-8.529504,-78.682131,DESPEJADO,RURAL,TRAMO RECTO,PLANA ,ASFALTADA,,,,,EN PROCESO DE INVESTIGACIÓN,NO CUENTA CON CAUSA ESPECIFICA,4.0,0,2022.0,1.0,6.0,1,0,0,0,0.0,0.0,0.0,0.0,0,0,41.0,0.0,0,0,2,0.0,0.0,1
A-2022-01-277,2022-01-30,06:00,CHOQUE,1,0,1,LIMA,LIMA,SAN MARTIN DE PORRES,URBANA,CARRETERA,NACIONAL,PE-1N,-12.022886281559128,-77.05922110245548,DESPEJADO,INDUSTRIAL,INTERSECCIÓN,PLANA ,ASFALTADA,,,,,EN PROCESO DE INVESTIGACIÓN,NO CUENTA CON CAUSA ESPECIFICA,6.0,0,2022.0,1.0,6.0,1,1,0,0,0.0,0.0,0.0,0.0,0,0,26.333333333333332,2.886751345948129,0,1,3,0.0,0.333,0
A-2022-01-257,2022-01-30,06:03,CHOQUE,1,1,2,LAMBAYEQUE,CHICLAYO,SAÑA,RURAL,CARRETERA,DEPARTAMENTAL,LA-116,-6.8108587,-79.662292,NIEBLA,RURAL,TRAMO RECTO,PLANA ,ASFALTADA,,,,,EN PROCESO DE INVESTIGACIÓN,NO CUENTA CON CAUSA ESPECIFICA,6.0,0,2022.0,1.0,6.0,1,1,0,0,0.0,0.0,0.0,0.0,0,0,44.5,20.506096654409877,0,1,2,0.0,0.5,0
A-2022-01-271,2022-01-30,08:10,CHOQUE,1,0,0,LIMA,LIMA,VILLA MARIA DEL TRIUNFO,URBANA,AVENIDA,URBANO,NO CORRESPONDE,-12.204976612184334,-76.92874793045789,DESPEJADO,COMERCIAL,TRAMO RECTO,PLANA ,ASFALTADA,,,,,EN PROCESO DE INVESTIGACIÓN,NO CUENTA CON CAUSA ESPECIFICA,8.0,0,2022.0,1.0,6.0,1,1,0,0,1.0,0.0,0.0,1.0,0,0,57.5,16.263455967290593,0,1,2,0.0,0.5,0
A-2022-01-208,2022-01-30,11:00,DESPISTE,4,1,1,CAJAMARCA,HUALGAYOC,BAMBAMARCA,RURAL,CARRETERA,PROVINCIAL,CA-966,-6.63552833,-78.4833,DESPEJADO,RURAL,TRAMO RECTO,INCLINADA,AFIRMADO,,,,,EN PROCESO DE INVESTIGACIÓN,NO CUENTA CON CAUSA ESPECIFICA,11.0,2,2022.0,1.0,6.0,1,1,0,1,0.0,1.0,1.0,2.0,0,0,17.2,16.513630733427462,0,0,5,0.0,0.0,0
A-2022-01-204,2022-01-30,15:30,DESPISTE,1,0,1,HUANCAVELICA,ANGARAES,LIRCAY,RURAL,CARRETERA,NACIONAL,PE-26B,-13.03259,-74.71472,DESPEJADO,RURAL,SINUOSA,INCLINADA,ASFALTADA,,,,,EN PROCESO DE INVESTIGACIÓN,NO CUENTA CON CAUSA ESPECIFICA,15.0,0,2022.0,1.0,6.0,1,2,0,1,0.0,1.0,0.0,1.0,0,0,0.0,0.0,0,0,1,0.0,0.0,0
A-2022-01-280,2022-01-30,21:50,DESPISTE,1,0,0,CUSCO,PAUCARTAMBO,KOSÑIPATA,RURAL,CARRETERA,DEPARTAMENTAL,CU-113,-13.162065159379,-71.59397462736474,DESPEJADO,RURAL,CURVA,INCLINADA,AFIRMADO,SI,PREVENTIVA (P),INFORMATIVA (I),NO,IMPERICIA DEL CONDUCTOR,,21.0,0,2022.0,1.0,6.0,1,3,0,1,0.0,1.0,1.0,2.0,0,1,50.0,0.0,0,1,1,0.0,1.0,1
A-2022-01-226,2022-01-31,03:50,CHOQUE,1,0,2,LAMBAYEQUE,LAMBAYEQUE,MORROPE,RURAL,CARRETERA,DEPARTAMENTAL,LA-105,-6.4948,-79.93756,DESPEJADO,RURAL,TRAMO RECTO,PLANA ,ASFALTADA,,,,,EN PROCESO DE INVESTIGACIÓN,NO CUENTA CON CAUSA ESPECIFICA,3.0,0,2022.0,1.0,0.0,0,0,0,0,0.0,0.0,0.0,0.0,0,0,40.0,11.313708498984761,0,1,2,0.0,0.5,1
A-2022-01-279,2022-01-31,12:00,DESPISTE,1,1,0,LIMA,LIMA,SANTA ANITA,URBANA,AVENIDA,URBANO,NO CORRESPONDE,-12.028669118024691,-76.9510746473504,DESPEJADO,COMERCIAL,INTERSECCIÓN,PLANA ,ASFALTADA,,,,,EN PROCESO DE INVESTIGACIÓN,NO CUENTA CON CAUSA ESPECIFICA,12.0,0,2022.0,1.0,0.0,0,2,0,0,1.0,0.0,0.0,1.0,0,0,48.5,6.363961030678928,0,0,3,0.0,0.0,0
A-2022-01-194,2022-01-31,13:00,CHOQUE,1,9,2,PUNO,EL COLLAO,ILAVE,RURAL,CARRETERA,NACIONAL,PE-38A,-16.2569127,-69.6829824,DESPEJADO,RURAL,CURVA,INCLINADA,ASFALTADA,,,,,IMPRUDENCIA DEL CONDUCTOR,INVASIÓN DE CARRIL,13.0,0,2022.0,1.0,0.0,0,2,0,1,0.0,1.0,0.0,1.0,0,0,43.5,14.454910738031018,0,2,10,0.0,0.2,0