CODIGO_SINIESTRO,FECHA_SINIESTRO,HORA_SINIESTRO,CLASE_SINIESTRO,CANTIDAD_FALLECIDOS,CANTIDAD_LESIONADOS,CANTIDAD_VEHICULOS,DEPARTAMENTO,PROVINCIA,DISTRITO,ZONA,TIPO_VIA,RED_VIAL,COD_CARRETERA,LATITUD,LONGITUD,CONDICION_CLIMATICA,ZONIFICACION,CARACTERISTICAS_VIA,PERFIL_VIA,SUPERFICIE_CALZADA,EXISTE_SENIAL_VERTICAL,CLASIFICACION_SENIAL_VERTICAL_1,CLASIFICACION_SENIAL_VERTICAL_2,EXISTE_SENIAL_HORIZONTAL,CAUSA_FACTOR_PRINCIPAL,CAUSA_ESPECIFICA,HORA,severidad,ANIO,MES,DIA_SEMANA,FIN_SEMANA,FRANJA_HORARIA,TEMPORADA,MACROREGION,TIPO_VIA_SCORE,PERFIL_VIA_SCORE,SUPERFICIE_CALZADA_SCORE,RIESGO_INFRAESTRUCTURA,RIESGO_CLIMATICO,SENIALIZACION_DEFICIENTE,EDAD_PROMEDIO,EDAD_STD,TOTAL_ALCOHOL,TOTAL_LICENCIA,TOTAL_PERSONAS,PCT_ALCOHOL,PCT_LICENCIA,ES_NOCHE
A-2022-02-109,2022-02-08,01:45,DESPISTE,1,0,0,PIURA,PIURA,PIURA,URBANA,AVENIDA,URBANO,NO CORRESPONDE,-5.164371,-80.64665,,,,,,,,,,EN PROCESO DE INVESTIGACIÓN,NO CUENTA CON CAUSA ESPECIFICA,1.0,0,2022.0,2.0,1.0,0,0,0,0,1.0,1.0,1.0,3.0,0,0,25.0,0.0,1,0,1,1.0,0.0,1
A-2022-02-278,2022-02-08,06:15,ATROPELLO,1,0,0,JUNIN,SATIPO,SATIPO,RURAL,CARRETERA,NACIONAL,PE-5S,-11.234711969836171,-74.5939974291448,,,,,,,,,,EN PROCESO DE INVESTIGACIÓN,NO CUENTA CON CAUSA ESPECIFICA,6.0,0,2022.0,2.0,1.0,0,1,0,1,0.0,1.0,1.0,2.0,0,0,36.0,0.0,0,0,2,0.0,0.0,0
A-2022-02-93,2022-02-08,07:50,CHOQUE,1,1,3,LAMBAYEQUE,CHICLAYO,REQUE,RURAL,CARRETERA,NACIONAL,PE-1N,-6.902120701832457,-79.78225346271503,DESPEJADO,RURAL,TRAMO RECTO,PLANA ,ASFALTADA,,,,,EN PROCESO DE INVESTIGACIÓN,NO CUENTA CON CAUSA ESPECIFICA,7.0,0,2022.0,2.0,1.0,0,1,0,0,0.0,0.0,0.0,0.0,0,0,35.25,14.637281168304447,0,3,4,0.0,0.75,0
A-2022-02-37,2022-02-08,08:30,CHOQUE,1,0,2,AREQUIPA,CAYLLOMA,MAJES,RURAL,CARRETERA,NACIONAL,PE-1S,-16.390132,-72.200493,DESPEJADO,RURAL,TRAMO RECTO,PLANA ,ASFALTADA,,,,,EN PROCESO DE INVESTIGACIÓN,NO CUENTA CON CAUSA ESPECIFICA,8.0,0,2022.0,2.0,1.0,0,1,0,0,0.0,0.0,0.0,0.0,0,0,32.5,0.7071067811865476,0,0,2,0.0,0.0,0
A-2022-02-27,2022-02-08,09:20,ATROPELLO FUGA,1,0,0,AREQUIPA,AREQUIPA,MIRAFLORES,URBANA,AVENIDA,URBANO,NO CORRESPONDE,-16.400653,-71.516359,DESPEJADO,COMERCIAL,TRAMO RECTO,INCLINADA,ASFALTADA,NO,,,SI,EN PROCESO DE INVESTIGACIÓN,NO CUENTA CON CAUSA ESPECIFICA,9.0,0,2022.0,2.0,1.0,0,1,0,0,1.0,1.0,0.0,2.0,0,1,55.0,0.0,0,0,2,0.0,0.0,0
A-2022-02-54,2022-02-08,14:30,DESPISTE,2,1,1,HUANCAVELICA,HUANCAVELICA,HUACHOCOLPA,RURAL,CARRETERA,DEPARTAMENTAL,HV-115,-13.032857,-74.952973,DESPEJADO,RURAL,CURVA,INCLINADA,CASCAJO/RIPIO,,,,,EN PROCESO DE INVESTIGACIÓN,NO CUENTA CON CAUSA ESPECIFICA,14.0,1,2022.0,2.0,1.0,0,2,0,1,0.0,1.0,1.0,2.0,0,0,28.333333333333332,4.163331998932265,0,0,3,0.0,0.0,0
A-2022-02-137,2022-02-08,17:00,ATROPELLO,1,0,0,PUNO,CARABAYA,SAN GABAN,RURAL,CARRETERA,NACIONAL,PE-34B,-13.506092,-70.422063,SOLEADO,RURAL,TRAMO RECTO,PLANA ,ASFALTADA,,,,,NEGLIGENCIA DEL CONDUCTOR,OTRO (NEGLIGENCIA DEL CONDUCTOR),17.0,0,2022.0,2.0,1.0,0,2,0,1,0.0,0.0,0.0,0.0,0,0,21.5,21.920310216782973,0,1,2,0.0,0.5,0
A-2022-02-167,2022-02-08,17:00,CAÍDA DE PASAJERO,1,0,0,LIMA,LIMA,LOS OLIVOS,URBANA,AVENIDA,URBANO,NO CORRESPONDE,-11.963629,-77.077475,DESPEJADO,COMERCIAL,INTERSECCIÓN,PLANA ,ASFALTADA,,,,,EN PROCESO DE INVESTIGACIÓN,NO CUENTA CON CAUSA ESPECIFICA,17.0,0,2022.0,2.0,1.0,0,2,0,0,1.0,0.0,0.0,1.0,0,0,24.0,0.0,0,0,2,0.0,0.0,0
A-2022-02-157,2022-02-08,23:25,CHOQUE,2,7,2,CUSCO,QUISPICANCHI,ANDAHUAYLILLAS,RURAL,CARRETERA,NACIONAL,PE-3S,-13.67468779683094,-71.66918807448901,DESPEJADO,RURAL,CURVA,PLANA ,ASFALTADA,SI,PREVENTIVA (P),,NO,IMPRUDENCIA DEL CONDUCTOR,INVASIÓN DE CARRIL,23.0,1,2022.0,2.0,1.0,0,3,0,1,0.0,0.0,0.0,0.0,0,1,26.90909090909091,13.01886742734978,0,2,11,0.0,0.182,1
A-2022-02-168,2022-02-08,23:40,ATROPELLO,1,0,0,LIMA,LIMA,SAN BORJA,URBANA,AVENIDA,URBANO,NO CORRESPONDE,-12.1056822,-77.0011375,DESPEJADO,COMERCIAL,TRAMO RECTO,PLANA ,ASFALTADA,,,,,EN PROCESO DE INVESTIGACIÓN,NO CUENTA CON CAUSA ESPECIFICA,23.0,0,2022.0,2.0,1.0,0,3,0,0,1.0,0.0,0.0,1.0,0,0,72.5,9.192388155425117,0,0,2,0.0,0.0,1
A-2022-02-56,2022-02-09,03:00,DESPISTE,1,0,0,LORETO,MAYNAS,IQUITOS,URBANA,AVENIDA,URBANO,NO CORRESPONDE,-3.756961,-73.251322,LLUVIOSO,COMERCIAL,ÓVALO,PLANA ,ASFALTADA,,,,,IMPRUDENCIA DEL CONDUCTOR,CONDUCIR EN ESTADO DE EBRIEDAD Y/O DROGADICCIÓN,3.0,0,2022.0,2.0,2.0,0,0,0,2,1.0,0.0,0.0,1.0,1,0,23.0,0.0,0,0,1,0.0,0.0,1
A-2022-02-259,2022-02-09,04:30,ATROPELLO FUGA,1,0,0,LIMA,HUARAL,HUARAL,URBANA,CARRETERA,NACIONAL,PE-20C,-11.509562,-77.205765,DESPEJADO,RURAL,TRAMO RECTO,PLANA ,ASFALTADA,,,,,EN PROCESO DE INVESTIGACIÓN,NO CUENTA CON CAUSA ESPECIFICA,4.0,0,2022.0,2.0,2.0,0,0,0,0,0.0,0.0,0.0,0.0,0,0,31.0,0.0,0,0,2,0.0,0.0,1
A-2022-02-82,2022-02-09,14:45,DESPISTE,17,7,1,LA LIBERTAD,PATAZ,TAYABAMBA,RURAL,CARRETERA,NACIONAL,PE-10C,-8.384521,-77.284063,LLUVIOSO,RURAL,CURVA,INCLINADA,TROCHA,,,,,EN PROCESO DE INVESTIGACIÓN,NO CUENTA CON CAUSA ESPECIFICA,14.0,2,2022.0,2.0,2.0,0,2,0,0,0.0,1.0,2.0,3.0,1,0,25.416666666666668,15.863320192703414,0,1,24,0.0,0.042,0
A-2022-02-95,2022-02-09,18:20,CHOQUE,1,1,2,LA LIBERTAD,ASCOPE,PAIJAN,RURAL,CARRETERA,PROVINCIAL,LI-610,-7.728846904117775,-79.32433734883507,DESPEJADO,RURAL,TRAMO RECTO,PLANA ,ASFALTADA,,,,,EN PROCESO DE INVESTIGACIÓN,NO CUENTA CON CAUSA ESPECIFICA,18.0,0,2022.0,2.0,2.0,0,3,0,0,0.0,0.0,0.0,0.0,0,0,41.5,27.577164466275352,0,0,2,0.0,0.0,1
A-2022-02-216,2022-02-09,20:00,ATROPELLO,1,0,0,LIMA,LIMA,PACHACAMAC,URBANA,AVENIDA,URBANO,NO CORRESPONDE,-12.101285,-76.874275,DESPEJADO,INDUSTRIAL,TRAMO RECTO,PLANA ,ASFALTADA,,,,,EN PROCESO DE INVESTIGACIÓN,NO CUENTA CON CAUSA ESPECIFICA,20.0,0,2022.0,2.0,2.0,0,3,0,0,1.0,0.0,0.0,1.0,0,0,51.0,33.94112549695428,0,0,2,0.0,0.0,1
A-2022-02-169,2022-02-09,21:40,ATROPELLO FUGA,1,0,0,LAMBAYEQUE,LAMBAYEQUE,JAYANCA,RURAL,CARRETERA,NACIONAL,PE-1NJ,-6.3304186,-79.7639598,NUBLADO,RURAL,TRAMO RECTO,PLANA ,ASFALTADA,,,,,EN PROCESO DE INVESTIGACIÓN,NO CUENTA CON CAUSA ESPECIFICA,21.0,0,2022.0,2.0,2.0,0,3,0,0,0.0,0.0,0.0,0.0,0,0,44.0,0.0,0,0,2,0.0,0.0,1
A-2022-02-38,2022-02-10,05:40,ATROPELLO,1,0,0,AREQUIPA,AREQUIPA,CERRO COLORADO,URBANA,CARRETERA,PROVINCIAL,AR-747,-16.355786,-71.566352,DESPEJADO,COMERCIAL,TRAMO RECTO,PLANA ,TROCHA,,,,,EN PROCESO DE INVESTIGACIÓN,NO CUENTA CON CAUSA ESPECIFICA,5.0,0,2022.0,2.0,3.0,0,0,0,0,0.0,0.0,2.0,2.0,0,0,35.0,0.0,0,0,2,0.0,0.0,1
A-2022-02-218,2022-02-10,06:30,ATROPELLO,1,0,0,LIMA,LIMA,CARABAYLLO,URBANA,CALLE,URBANO,NO CORRESPONDE,-11.86253,-77.03923,DESPEJADO,RESIDENCIAL,INTERSECCIÓN,PLANA ,ASFALTADA,,,,,EN PROCESO DE INVESTIGACIÓN,NO CUENTA CON CAUSA ESPECIFICA,6.0,0,2022.0,2.0,3.0,0,1,0,0,2.0,0.0,0.0,2.0,0,0,43.5,9.192388155425117,0,0,2,0.0,0.0,0
A-2022-02-267,2022-02-10,09:20,ATROPELLO,1,0,1,JUNIN,HUANCAYO,HUANCAYO,URBANA,AVENIDA,URBANO,NO CORRESPONDE,-12.06993,-75.204747,DESPEJADO,COMERCIAL,INTERSECCIÓN,PLANA ,ASFALTADA,,,,,IMPRUDENCIA DEL CONDUCTOR,OTRO (IMPRUDENCIA DEL CONDUCTOR),9.0,0,2022.0,2.0,3.0,0,1,0,1,1.0,0.0,0.0,1.0,0,0,44.0,33.94112549695428,0,1,2,0.0,0.5,0
A-2022-02-290,2022-02-10,10:00,DESPISTE,1,0,0,ANCASH,CASMA,CASMA,URBANA,CARRETERA,NACIONAL,PE-1N,-9.484032,-78.281749,DESPEJADO,RURAL,TRAMO RECTO,PLANA ,ASFALTADA,,,,,EN PROCESO DE INVESTIGACIÓN,NO CUENTA CON CAUSA ESPECIFICA,10.0,0,2022.0,2.0,3.0,0,1,0,0,0.0,0.0,0.0,0.0,0,0,27.0,0.0,0,1,2,0.0,0.5,0
A-2022-02-86,2022-02-10,15:40,DESPISTE,1,0,1,PUNO,PUNO,COATA,RURAL,CARRETERA,SIN CLASIFICAR,SIN CLASIFICAR,-15.567,-69.949,DESPEJADO,RURAL,TRAMO RECTO,PLANA ,TROCHA,,,,,IMPRUDENCIA DEL CONDUCTOR,CONDUCIR EN ESTADO DE EBRIEDAD Y/O DROGADICCIÓN,15.0,0,2022.0,2.0,3.0,0,2,0,1,0.0,0.0,2.0,2.0,0,0,53.0,0.0,0,1,1,0.0,1.0,0
A-2022-02-91,2022-02-10,17:00,CHOQUE,1,0,2,LA LIBERTAD,VIRU,CHAO,RURAL,CARRETERA,NACIONAL,PE-1N,-8.590080452300967,-78.66819817448243,DESPEJADO,RURAL,TRAMO RECTO,PLANA ,ASFALTADA,,,,,EN PROCESO DE INVESTIGACIÓN,NO CUENTA CON CAUSA ESPECIFICA,17.0,0,2022.0,2.0,3.0,0,2,0,0,0.0,0.0,0.0,0.0,0,0,31.5,7.7781745930520225,0,2,2,0.0,1.0,0
A-2022-02-222,2022-02-11,02:40,CHOQUE,1,0,0,LIMA,LIMA,CARABAYLLO,URBANA,AVENIDA,URBANO,NO CORRESPONDE,-11.874032790635312,-77.02781799659697,DESPEJADO,RESIDENCIAL,TRAMO RECTO,PLANA ,ASFALTADA,,,,,EN PROCESO DE INVESTIGACIÓN,NO CUENTA CON CAUSA ESPECIFICA,2.0,0,2022.0,2.0,4.0,0,0,0,0,1.0,0.0,0.0,1.0,0,0,50.5,9.192388155425117,0,0,2,0.0,0.0,1
A-2022-02-221,2022-02-11,18:30,ATROPELLO,1,0,0,LIMA,LIMA,ATE,URBANA,AVENIDA,URBANO,NO CORRESPONDE,-12.029235,-76.923477,DESPEJADO,COMERCIAL,INTERSECCIÓN,PLANA ,ASFALTADA,,,,,EN PROCESO DE INVESTIGACIÓN,NO CUENTA CON CAUSA ESPECIFICA,18.0,0,2022.0,2.0,4.0,0,3,0,0,1.0,0.0,0.0,1.0,0,0,65.5,4.949747468305833,0,0,2,0.0,0.0,1
A-2022-02-75,2022-02-11,19:10,ATROPELLO,1,1,1,ICA,PISCO,PISCO,URBANA,CARRETERA,NACIONAL,PE-1SG,-13.716464,-76.216519,DESPEJADO,RESIDENCIAL,TRAMO RECTO,PLANA ,ASFALTADA,,,,,EN PROCESO DE INVESTIGACIÓN,NO CUENTA CON CAUSA ESPECIFICA,19.0,0,2022.0,2.0,4.0,0,3,0,0,0.0,0.0,0.0,0.0,0,0,45.333333333333336,5.131601439446883,0,0,3,0.0,0.0,1
A-2022-02-223,2022-02-12,02:30,ATROPELLO FUGA,1,0,0,LIMA,LIMA,RIMAC,URBANA,CARRETERA,NACIONAL,PE-1N,-12.040106536581677,-77.01654726379101,DESPEJADO,INDUSTRIAL,TRAMO RECTO,PLANA ,ASFALTADA,,,,,EN PROCESO DE INVESTIGACIÓN,NO CUENTA CON CAUSA ESPECIFICA,2.0,0,2022.0,2.0,5.0,1,0,0,0,0.0,0.0,0.0,0.0,0,0,0.0,0.0,0,0,2,0.0,0.0,1
A-2022-02-215,2022-02-12,05:00,DESPISTE,1,0,1,AREQUIPA,CAMANA,SAMUEL PASTOR,RURAL,CARRETERA,NACIONAL,PE-1S,-16.648059318862124,-72.68785246907481,DESPEJADO,RURAL,TRAMO RECTO,PLANA ,ASFALTADA,,,,,EN PROCESO DE INVESTIGACIÓN,NO CUENTA CON CAUSA ESPECIFICA,5.0,0,2022.0,2.0,5.0,1,0,0,0,0.0,0.0,0.0,0.0,0,0,31.0,0.0,0,0,1,0.0,0.0,1
A-2022-02-245,2022-02-12,05:00,ATROPELLO FUGA,1,0,0,PASCO,PASCO,VICCO,URBANA,CARRETERA,NACIONAL,PE-3N,-10.836318742320746,-76.18613456752321,DESPEJADO,COMERCIAL,TRAMO RECTO,PLANA ,ASFALTADA,,,,,EN PROCESO DE INVESTIGACIÓN,NO CUENTA CON CAUSA ESPECIFICA,5.0,0,2022.0,2.0,5.0,1,0,0,1,0.0,0.0,0.0,0.0,0,0,48.0,0.0,0,0,2,0.0,0.0,1
A-2022-02-50,2022-02-12,08:18,CHOQUE,1,0,2,PUNO,PUNO,PICHACANI,RURAL,CARRETERA,NACIONAL,PE-36B,-16.1112701,-70.0297388,DESPEJADO,RURAL,TRAMO RECTO,PLANA ,ASFALTADA,SI,INFORMATIVA (I),,SI,NEGLIGENCIA DEL CONDUCTOR,CONDUCIR CON FALLAS DE FRENOS,8.0,0,2022.0,2.0,5.0,1,1,0,1,0.0,0.0,0.0,0.0,0,0,29.0,14.142135623730951,0,1,2,0.0,0.5,0
A-2022-02-214,2022-02-12,09:20,ATROPELLO,1,0,1,AREQUIPA,LA UNION,PAMPAMARCA,RURAL,CARRETERA,PROVINCIAL,AR-600,-15.2230501,-72.9460449,DESPEJADO,RURAL,TRAMO RECTO,PLANA ,ASFALTADA,,,,,EN PROCESO DE INVESTIGACIÓN,NO CUENTA CON CAUSA ESPECIFICA,9.0,0,2022.0,2.0,5.0,1,1,0,0,0.0,0.0,0.0,0.0,0,0,34.0,12.727922061357855,0,0,2,0.0,0.0,0
A-2022-02-306,2022-02-12,12:00,DESPISTE,1,1,1,JUNIN,JUNIN,CARHUAMAYO,RURAL,CARRETERA,DEPARTAMENTAL,JU-107,-10.902533522954869,-75.99368582399583,DESPEJADO,RURAL,CURVA,INCLINADA,ASFALTADA,NO,,,SI,IMPRUDENCIA DEL CONDUCTOR,EXCESO DE VELOCIDAD,12.0,0,2022.0,2.0,5.0,1,2,0,1,0.0,1.0,0.0,1.0,0,1,40.666666666666664,16.653327995729065,0,1,3,0.0,0.333,0
A-2022-02-138,2022-02-12,18:30,CHOQUE,1,4,3,PUNO,SAN ROMAN,SAN MIGUEL,URBANA,AVENIDA,URBANO,NO CORRESPONDE,-15.475756001830131,-70.13639682596093,DESPEJADO,RESIDENCIAL,INTERSECCIÓN,PLANA ,ASFALTADA,,,,,IMPRUDENCIA DEL CONDUCTOR,EXCESO DE VELOCIDAD,18.0,0,2022.0,2.0,5.0,1,3,0,1,1.0,0.0,0.0,1.0,0,0,30.125,20.16671585983768,1,3,8,0.125,0.375,1
A-2022-02-291,2022-02-12,19:00,ATROPELLO FUGA,1,0,0,ANCASH,HUARMEY,HUARMEY,URBANA,CARRETERA,NACIONAL,PE-1N,-10.075498,-78.15332,DESPEJADO,COMERCIAL,TRAMO RECTO,PLANA ,ASFALTADA,,,,,EN PROCESO DE INVESTIGACIÓN,NO CUENTA CON CAUSA ESPECIFICA,19.0,0,2022.0,2.0,5.0,1,3,0,0,0.0,0.0,0.0,0.0,0,0,78.0,0.0,0,0,2,0.0,0.0,1
A-2022-02-61,2022-02-12,19:40,DESPISTE,1,1,1,ANCASH,HUAYLAS,CARAZ,RURAL,CARRETERA,PROVINCIAL,AN-836,-9.03606849247796,-77.80906756614073,LLUVIOSO,RURAL,SINUOSA,INCLINADA,TROCHA,SI,REGULADORA (R),REGULADORA (R),NO,IMPRUDENCIA DEL CONDUCTOR,CONDUCIR EN ESTADO DE EBRIEDAD Y/O DROGADICCIÓN,19.0,0,2022.0,2.0,5.0,1,3,0,0,0.0,1.0,2.0,3.0,1,1,58.0,4.242640687119285,0,1,2,0.0,0.5,1
A-2022-02-307,2022-02-12,20:00,CHOQUE,1,0,2,ICA,CHINCHA,CHINCHA BAJA,RURAL,CARRETERA,DEPARTAMENTAL,IC-102,-13.45031372215767,-76.1554025204148,DESPEJADO,RURAL,TRAMO RECTO,PLANA ,ASFALTADA,,,,,IMPRUDENCIA DEL CONDUCTOR,EXCESO DE VELOCIDAD,20.0,0,2022.0,2.0,5.0,1,3,0,0,0.0,0.0,0.0,0.0,0,0,41.5,30.405591591021544,0,1,2,0.0,0.5,1
A-2022-02-94,2022-02-12,21:30,CHOQUE,2,2,2,LA LIBERTAD,VIRU,CHAO,RURAL,CARRETERA,NACIONAL,PE-1N,-8.629983,-78.6379,DESPEJADO,RURAL,TRAMO RECTO,PLANA ,ASFALTADA,SI,REGULADORA (R),,NO,IMPRUDENCIA DEL CONDUCTOR,EXCESO DE VELOCIDAD,21.0,1,2022.0,2.0,5.0,1,3,0,0,0.0,0.0,0.0,0.0,0,1,41.6,8.473488065725945,0,2,5,0.0,0.4,1
A-2022-02-62,2022-02-13,00:05,ATROPELLO FUGA,1,0,0,ANCASH,HUAYLAS,CARAZ,URBANA,CARRETERA,NACIONAL,PE-3N,-9.059866613550511,-77.79339190266721,LLUVIOSO,RURAL,TRAMO RECTO,PLANA ,ASFALTADA,,,,,IMPRUDENCIA DEL PEATÓN,ESTADO DE EBRIEDAD Y/O DROGADICCIÓN,0.0,0,2022.0,2.0,6.0,1,0,0,0,0.0,0.0,0.0,0.0,1,0,21.0,0.0,0,0,2,0.0,0.0,1
A-2022-02-268,2022-02-13,02:40,CHOQUE CON OBJETO FIJO,1,0,1,JUNIN,JAUJA,SAUSA,URBANA,CARRETERA,PROVINCIAL,JU-699,-11.788923,-75.489431,DESPEJADO,COMERCIAL,ÓVALO,PLANA ,ASFALTADA,SI,PREVENTIVA (P),,NO,IMPRUDENCIA DEL CONDUCTOR,CONDUCIR EN ESTADO DE EBRIEDAD Y/O DROGADICCIÓN,2.0,0,2022.0,2.0,6.0,1,0,0,1,0.0,0.0,0.0,0.0,0,1,23.0,0.0,0,0,1,0.0,0.0,1
A-2022-02-164,2022-02-13,04:00,ATROPELLO FUGA,1,0,1,PIURA,PIURA,CASTILLA,URBANA,AVENIDA,URBANO,NO CORRESPONDE,-5.193507,-80.618101,DESPEJADO,COMERCIAL,TRAMO RECTO,PLANA ,ASFALTADA,,,,,EN PROCESO DE INVESTIGACIÓN,NO CUENTA CON CAUSA ESPECIFICA,4.0,0,2022.0,2.0,6.0,1,0,0,0,1.0,0.0,0.0,1.0,0,0,35.0,0.0,0,0,2,0.0,0.0,1
A-2022-02-47,2022-02-13,05:30,ATROPELLO,1,1,1,ICA,PISCO,TUPAC AMARU INCA,URBANA,CARRETERA,NACIONAL,PE-1S,-13.707554620623949,-76.15189478836413,DESPEJADO,RURAL,TRAMO RECTO,PLANA ,ASFALTADA,NO,,,NO,IMPRUDENCIA DEL CONDUCTOR,EXCESO DE VELOCIDAD,5.0,0,2022.0,2.0,6.0,1,0,0,0,0.0,0.0,0.0,0.0,0,2,52.0,42.42640687119285,0,1,2,0.0,0.5,1
A-2022-02-279,2022-02-13,06:15,CHOQUE,1,3,0,JUNIN,CHANCHAMAYO,CHANCHAMAYO,RURAL,CARRETERA,NACIONAL,PE-22B,-11.021431768679024,-75.31607065947233,,,,,,,,,,EN PROCESO DE INVESTIGACIÓN,NO CUENTA CON CAUSA ESPECIFICA,6.0,0,2022.0,2.0,6.0,1,1,0,1,0.0,1.0,1.0,2.0,0,0,39.5,13.487030807409019,0,2,6,0.0,0.333,0
A-2022-02-69,2022-02-13,07:10,CHOQUE,3,0,2,SAN MARTIN,MOYOBAMBA,MOYOBAMBA,URBANA,CARRETERA,NACIONAL,PE-5N,-6.047752,-76.96917,DESPEJADO,INDUSTRIAL,CURVA,INCLINADA,CONCRETO,,,,,IMPRUDENCIA DEL CONDUCTOR,CONDUCIR EN ESTADO DE EBRIEDAD Y/O DROGADICCIÓN,7.0,2,2022.0,2.0,6.0,1,1,0,2,0.0,1.0,0.0,1.0,0,0,23.75,16.45954636879968,0,1,4,0.0,0.25,0
A-2022-02-228,2022-02-13,15:30,CHOQUE,1,1,1,LIMA,LIMA,LIMA,URBANA,AVENIDA,URBANO,NO CORRESPONDE,-12.075417803221548,-77.03468437925478,DESPEJADO,RESIDENCIAL,INTERSECCIÓN,PLANA ,ASFALTADA,,,,,EN PROCESO DE INVESTIGACIÓN,NO CUENTA CON CAUSA ESPECIFICA,15.0,0,2022.0,2.0,6.0,1,2,0,0,1.0,0.0,0.0,1.0,0,0,69.66666666666667,1.1547005383792526,0,0,3,0.0,0.0,0
A-2022-02-283,2022-02-13,15:30,CHOQUE,1,7,0,JUNIN,CHANCHAMAYO,SAN RAMON,RURAL,CARRETERA,NACIONAL,PE-22B,-11.183463508152816,-75.45801435173927,,,,,,,,,,EN PROCESO DE INVESTIGACIÓN,NO CUENTA CON CAUSA ESPECIFICA,15.0,0,2022.0,2.0,6.0,1,2,0,1,0.0,1.0,1.0,2.0,0,0,23.7,13.515834335244636,0,2,10,0.0,0.2,0
A-2022-02-200,2022-02-13,21:00,CHOQUE CON OBJETO FIJO,1,0,1,CUSCO,CUSCO,SAN JERONIMO,URBANA,CARRETERA,SIN CLASIFICAR,SIN CLASIFICAR,-13.55481384353788,-71.87566286096616,LLUVIOSO,RESIDENCIAL,TRAMO RECTO,INCLINADA,ASFALTADA,SI,REGULADORA (R),REGULADORA (R),NO,IMPRUDENCIA DEL CONDUCTOR,EXCESO DE VELOCIDAD,21.0,0,2022.0,2.0,6.0,1,3,0,1,0.0,1.0,0.0,1.0,1,1,23.0,0.0,0,0,1,0.0,0.0,1
A-2022-02-100,2022-02-13,21:45,CHOQUE,1,1,2,LAMBAYEQUE,LAMBAYEQUE,LAMBAYEQUE,RURAL,CARRETERA,NACIONAL,PE-1N,-6.728604328879039,-79.88923069193943,DESPEJADO,RURAL,CURVA,PLANA ,ASFALTADA,,,,,EN PROCESO DE INVESTIGACIÓN,NO CUENTA CON CAUSA ESPECIFICA,21.0,0,2022.0,2.0,6.0,1,3,0,0,0.0,0.0,0.0,0.0,0,0,42.666666666666664,11.060440015358038,1,1,3,0.333,0.333,1
A-2022-02-285,2022-02-13,22:30,DESPISTE,1,0,0,JUNIN,CHANCHAMAYO,CHANCHAMAYO,RURAL,CARRETERA,NACIONAL,PE-5N,-10.912437370412336,-75.28551934525889,,,,,,,,,,EN PROCESO DE INVESTIGACIÓN,NO CUENTA CON CAUSA ESPECIFICA,22.0,0,2022.0,2.0,6.0,1,3,0,1,0.0,1.0,1.0,2.0,0,0,62.5,17.67766952966369,0,1,2,0.0,0.5,1
A-2022-02-229,2022-02-14,05:30,DESPISTE,1,0,1,LIMA,LIMA,MAGDALENA DEL MAR,URBANA,OTRO,URBANO,NO CORRESPONDE,-12.096321,-77.076241,DESPEJADO,INDUSTRIAL,TRAMO RECTO,PLANA ,ASFALTADA,,,,,EN PROCESO DE INVESTIGACIÓN,NO CUENTA CON CAUSA ESPECIFICA,5.0,0,2022.0,2.0,0.0,0,0,0,0,2.0,0.0,0.0,2.0,0,0,22.0,0.0,0,0,1,0.0,0.0,1
A-2022-02-125,2022-02-14,07:40,CHOQUE,1,0,1,TUMBES,CONTRALMIRANTE VILLAR,ZORRITOS,RURAL,CARRETERA,NACIONAL,PE-1N,-3.706016665328983,-80.71842003395297,DESPEJADO,RURAL,TRAMO RECTO,PLANA ,ASFALTADA,,,,,IMPRUDENCIA DEL CONDUCTOR,CONDUCIR EN ESTADO DE EBRIEDAD Y/O DROGADICCIÓN,7.0,0,2022.0,2.0,0.0,0,1,0,0,0.0,0.0,0.0,0.0,0,0,45.0,0.0,0,1,2,0.0,0.5,0
A-2022-02-217,2022-02-14,08:00,DESPISTE,1,0,1,PIURA,SECHURA,SECHURA,RURAL,CARRETERA,NACIONAL,PE-04,-5.8266419,-81.033544,DESPEJADO,RURAL,TRAMO RECTO,PLANA ,ASFALTADA,,,,,EN PROCESO DE INVESTIGACIÓN,NO CUENTA CON CAUSA ESPECIFICA,8.0,0,2022.0,2.0,0.0,0,1,0,0,0.0,0.0,0.0,0.0,0,0,37.0,0.0,0,0,1,0.0,0.0,0
A-2022-02-84,2022-02-14,12:02,CHOQUE,1,2,2,ANCASH,CARHUAZ,ANTA,RURAL,CARRETERA,NACIONAL,PE-3N,-9.34259126,-77.60177591,SOLEADO,RURAL,CURVA,PLANA ,ASFALTADA,SI,REGULADORA (R),PREVENTIVA (P),NO,IMPRUDENCIA DEL CONDUCTOR,ADELANTAR INDEBIDAMENTE,12.0,0,2022.0,2.0,0.0,0,2,0,0,0.0,0.0,0.0,0.0,0,1,29.333333333333332,10.692676621563628,0,2,3,0.0,0.667,0