CODIGO_SINIESTRO,FECHA_SINIESTRO,HORA_SINIESTRO,CLASE_SINIESTRO,CANTIDAD_FALLECIDOS,CANTIDAD_LESIONADOS,CANTIDAD_VEHICULOS,DEPARTAMENTO,PROVINCIA,DISTRITO,ZONA,TIPO_VIA,RED_VIAL,COD_CARRETERA,LATITUD,LONGITUD,CONDICION_CLIMATICA,ZONIFICACION,CARACTERISTICAS_VIA,PERFIL_VIA,SUPERFICIE_CALZADA,EXISTE_SENIAL_VERTICAL,CLASIFICACION_SENIAL_VERTICAL_1,CLASIFICACION_SENIAL_VERTICAL_2,EXISTE_SENIAL_HORIZONTAL,CAUSA_FACTOR_PRINCIPAL,CAUSA_ESPECIFICA,HORA,severidad,ANIO,MES,DIA_SEMANA,FIN_SEMANA,FRANJA_HORARIA,TEMPORADA,MACROREGION,TIPO_VIA_SCORE,PERFIL_VIA_SCORE,SUPERFICIE_CALZADA_SCORE,RIESGO_INFRAESTRUCTURA,RIESGO_CLIMATICO,SENIALIZACION_DEFICIENTE,EDAD_PROMEDIO,EDAD_STD,TOTAL_ALCOHOL,TOTAL_LICENCIA,TOTAL_PERSONAS,PCT_ALCOHOL,PCT_LICENCIA,ES_NOCHE
A-2022-02-308,2022-02-14,13:40,CHOQUE,1,1,2,ICA,CHINCHA,SUNAMPE,RURAL,CARRETERA,NACIONAL,PE-1S,-13.410299,-76.171796,DESPEJADO,RURAL,TRAMO RECTO,PLANA ,ASFALTADA,,,,,IMPRUDENCIA DEL CONDUCTOR,INVASIÓN DE CARRIL,13.0,0,2022.0,2.0,0.0,0,2,0,0,0.0,0.0,0.0,0.0,0,0,33.333333333333336,3.0550504633038944,0,2,3,0.0,0.667,0
A-2022-02-55,2022-02-14,15:00,CHOQUE,1,1,2,ICA,NASCA,NASCA,URBANA,CARRETERA,NACIONAL,PE-1S,-14.950102,-74.987234,SOLEADO,RURAL,TRAMO RECTO,PLANA ,ASFALTADA,,,,,EN PROCESO DE INVESTIGACIÓN,NO CUENTA CON CAUSA ESPECIFICA,15.0,0,2022.0,2.0,0.0,0,2,0,0,0.0,0.0,0.0,0.0,0,0,32.333333333333336,17.925772879665004,0,2,3,0.0,0.667,0
A-2022-02-230,2022-02-14,15:20,CHOQUE,1,0,0,LIMA,LIMA,SAN MARTIN DE PORRES,URBANA,AVENIDA,URBANO,NO CORRESPONDE,-12.001623656684236,-77.10134239586085,DESPEJADO,RESIDENCIAL,INTERSECCIÓN,PLANA ,ASFALTADA,,,,,EN PROCESO DE INVESTIGACIÓN,NO CUENTA CON CAUSA ESPECIFICA,15.0,0,2022.0,2.0,0.0,0,2,0,0,1.0,0.0,0.0,1.0,0,0,38.0,22.627416997969522,0,0,3,0.0,0.0,0
A-2022-02-165,2022-02-14,20:15,CHOQUE,1,0,2,PIURA,PIURA,CATACAOS,URBANA,CARRETERA,NACIONAL,PE-1NK,-5.30591043101296,-80.7010944563905,DESPEJADO,COMERCIAL,TRAMO RECTO,PLANA ,ASFALTADA,,,,,EN PROCESO DE INVESTIGACIÓN,NO CUENTA CON CAUSA ESPECIFICA,20.0,0,2022.0,2.0,0.0,0,3,0,0,0.0,0.0,0.0,0.0,0,0,48.5,12.020815280171307,0,1,2,0.0,0.5,1
A-2022-02-98,2022-02-14,21:50,CHOQUE,1,2,2,LA LIBERTAD,PACASMAYO,GUADALUPE,RURAL,CARRETERA,NACIONAL,PE-08,-7.309379,-79.391084,DESPEJADO,RURAL,TRAMO RECTO,PLANA ,ASFALTADA,,,,,EN PROCESO DE INVESTIGACIÓN,NO CUENTA CON CAUSA ESPECIFICA,21.0,0,2022.0,2.0,0.0,0,3,0,0,0.0,0.0,0.0,0.0,0,0,24.2,8.04363102087608,0,1,5,0.0,0.2,1
A-2022-02-231,2022-02-15,04:30,ATROPELLO FUGA,1,0,0,LIMA,LIMA,LURIGANCHO,URBANA,AVENIDA,URBANO,NO CORRESPONDE,-12.019697224430727,-76.91999853447619,DESPEJADO,INDUSTRIAL,TRAMO RECTO,PLANA ,ASFALTADA,,,,,EN PROCESO DE INVESTIGACIÓN,NO CUENTA CON CAUSA ESPECIFICA,4.0,0,2022.0,2.0,1.0,0,0,0,0,1.0,0.0,0.0,1.0,0,0,25.0,0.0,0,0,2,0.0,0.0,1
A-2022-02-287,2022-02-15,09:00,CHOQUE,1,0,0,JUNIN,CHANCHAMAYO,PICHANAQUI,RURAL,CARRETERA,PROVINCIAL,JU-1487,-10.938625811394934,-74.83838431932503,,,,,,,,,,EN PROCESO DE INVESTIGACIÓN,NO CUENTA CON CAUSA ESPECIFICA,9.0,0,2022.0,2.0,1.0,0,1,0,1,0.0,1.0,1.0,2.0,0,0,42.5,7.7781745930520225,0,1,2,0.0,0.5,0
A-2022-02-234,2022-02-15,11:00,ATROPELLO,1,0,0,LIMA,LIMA,COMAS,URBANA,AVENIDA,URBANO,NO CORRESPONDE,-11.941692130795916,-77.06441396888829,DESPEJADO,RESIDENCIAL,INTERSECCIÓN,PLANA ,ASFALTADA,,,,,EN PROCESO DE INVESTIGACIÓN,NO CUENTA CON CAUSA ESPECIFICA,11.0,0,2022.0,2.0,1.0,0,1,0,0,1.0,0.0,0.0,1.0,0,0,65.0,9.899494936611665,0,1,2,0.0,0.5,0
A-2022-02-301,2022-02-15,11:40,CHOQUE,1,6,0,ANCASH,HUARMEY,HUARMEY,RURAL,CARRETERA,NACIONAL,PE-1N,-10.56637563,-77.87376066,DESPEJADO,RURAL,TRAMO RECTO,PLANA ,ASFALTADA,,,,,EN PROCESO DE INVESTIGACIÓN,NO CUENTA CON CAUSA ESPECIFICA,11.0,0,2022.0,2.0,1.0,0,1,0,0,0.0,0.0,0.0,0.0,0,0,37.75,17.67059704707229,0,2,7,0.0,0.286,0
A-2022-02-243,2022-02-15,15:00,VOLCADURA,1,0,1,PIURA,SECHURA,SECHURA,RURAL,CARRETERA,SIN CLASIFICAR,SIN CLASIFICAR,-5.97402,-81.09711,DESPEJADO,RURAL,PASE A DESNIVEL,INCLINADA,CONCRETO,,,,,EN PROCESO DE INVESTIGACIÓN,NO CUENTA CON CAUSA ESPECIFICA,15.0,0,2022.0,2.0,1.0,0,2,0,0,0.0,1.0,0.0,1.0,0,0,41.0,0.0,0,0,1,0.0,0.0,0
A-2022-02-97,2022-02-15,20:00,DESPISTE,2,5,1,LA LIBERTAD,OTUZCO,USQUIL,RURAL,CARRETERA,PROVINCIAL,LI-777,-7.7620869378785216,-78.3385867344192,LLUVIOSO,RURAL,CURVA,INCLINADA,AFIRMADO,,,,,IMPRUDENCIA DEL CONDUCTOR,GIRAR IMPRUDENTEMENTE,20.0,1,2022.0,2.0,1.0,0,3,0,0,0.0,1.0,1.0,2.0,1,0,23.0,14.674240468703424,0,1,7,0.0,0.143,1
A-2022-02-60,2022-02-16,11:10,VOLCADURA,6,0,2,AREQUIPA,AREQUIPA,SAN JUAN DE TARUCANI,RURAL,CARRETERA,NACIONAL,PE-34A,-16.054185,-71.340628,DESPEJADO,RURAL,CURVA,INCLINADA,ASFALTADA,NO,,,SI,EN PROCESO DE INVESTIGACIÓN,NO CUENTA CON CAUSA ESPECIFICA,11.0,2,2022.0,2.0,2.0,0,1,0,0,0.0,1.0,0.0,1.0,0,1,55.4,22.76620302114518,0,2,6,0.0,0.333,0
A-2022-02-235,2022-02-16,13:30,ATROPELLO,1,0,0,LIMA,LIMA,RIMAC,URBANA,AVENIDA,URBANO,NO CORRESPONDE,-12.02492824204054,-77.03557518646898,DESPEJADO,COMERCIAL,TRAMO RECTO,PLANA ,ASFALTADA,,,,,EN PROCESO DE INVESTIGACIÓN,NO CUENTA CON CAUSA ESPECIFICA,13.0,0,2022.0,2.0,2.0,0,2,0,0,1.0,0.0,0.0,1.0,0,0,58.5,23.33452377915607,0,0,2,0.0,0.0,0
A-2022-03-45,2022-02-16,13:50,CHOQUE,1,1,2,PIURA,PIURA,VEINTISEIS DE OCTUBRE,RURAL,CARRETERA,NACIONAL,PE-1N,-5.153855,-80.695247,DESPEJADO,RURAL,TRAMO RECTO,PLANA ,ASFALTADA,,,,,IMPRUDENCIA DEL CONDUCTOR,EXCESO DE VELOCIDAD,13.0,0,2022.0,2.0,2.0,0,2,0,0,0.0,0.0,0.0,0.0,0,0,61.5,10.606601717798213,0,1,2,0.0,0.5,0
A-2022-02-263,2022-02-16,15:00,ATROPELLO,1,0,1,JUNIN,JAUJA,MUQUIYAUYO,RURAL,CARRETERA,NACIONAL,PE-3SB,-11.826432,-75.446335,DESPEJADO,RURAL,TRAMO RECTO,PLANA ,ASFALTADA,,,,,IMPRUDENCIA DEL PEATÓN,CRUCE INDEBIDO POR LA CALZADA,15.0,0,2022.0,2.0,2.0,0,2,0,1,0.0,0.0,0.0,0.0,0,0,27.5,28.991378028648448,0,1,2,0.0,0.5,0
A-2022-02-310,2022-02-16,21:40,CHOQUE,6,0,2,PIURA,PIURA,CASTILLA,RURAL,CARRETERA,NACIONAL,PE-1NJ,-5.1522816,-80.480036,DESPEJADO,RURAL,TRAMO RECTO,PLANA ,ASFALTADA,,,,,IMPRUDENCIA DEL CONDUCTOR,INVASIÓN DE CARRIL,21.0,2,2022.0,2.0,2.0,0,3,0,0,0.0,0.0,0.0,0.0,0,0,35.142857142857146,15.962754267654558,0,1,7,0.0,0.143,1
A-2022-02-219,2022-02-17,00:00,DESPISTE,1,2,1,PIURA,HUANCABAMBA,HUARMACA,RURAL,CARRETERA,NACIONAL,PE-3N,-5.53634,-79.51849,NIEBLA,RURAL,CURVA,INCLINADA,ASFALTADA,,,,,EN PROCESO DE INVESTIGACIÓN,NO CUENTA CON CAUSA ESPECIFICA,0.0,0,2022.0,2.0,3.0,0,0,0,0,0.0,1.0,0.0,1.0,0,0,30.666666666666668,7.571877794400365,0,1,3,0.0,0.333,1
A-2022-02-262,2022-02-17,05:20,CHOQUE,1,0,2,LA LIBERTAD,TRUJILLO,HUANCHACO,RURAL,CARRETERA,NACIONAL,PE-1N,-8.11178,-79.094655,DESPEJADO,RURAL,TRAMO RECTO,PLANA ,ASFALTADA,,,,,IMPRUDENCIA DEL CONDUCTOR,INVASIÓN DE CARRIL,5.0,0,2022.0,2.0,3.0,0,0,0,0,0.0,0.0,0.0,0.0,0,0,36.5,3.5355339059327378,0,2,2,0.0,1.0,1
A-2022-02-64,2022-02-17,05:30,DESPISTE,1,4,1,PUNO,CHUCUITO,HUACULLANI,RURAL,CARRETERA,NACIONAL,PE-36A,-16.648757,-69.451141,DESPEJADO,RURAL,TRAMO RECTO,PLANA ,ASFALTADA,SI,REGULADORA (R),,SI,IMPRUDENCIA DEL CONDUCTOR,OTRO (IMPRUDENCIA DEL CONDUCTOR),5.0,0,2022.0,2.0,3.0,0,0,0,1,0.0,0.0,0.0,0.0,0,0,35.333333333333336,15.983324643723742,0,1,6,0.0,0.167,1
A-2022-02-160,2022-02-17,05:51,ATROPELLO,1,0,1,LIMA,HUARAL,CHANCAY,RURAL,CARRETERA,NACIONAL,PE-1N,-11.537540959005987,-77.2831052179633,DESPEJADO,RURAL,TRAMO RECTO,PLANA ,ASFALTADA,,,,,IMPRUDENCIA DEL PEATÓN,CRUCE INDEBIDO POR LA CALZADA,5.0,0,2022.0,2.0,3.0,0,0,0,0,0.0,0.0,0.0,0.0,0,0,43.5,3.5355339059327378,0,1,2,0.0,0.5,1
A-2022-02-68,2022-02-17,17:00,DESPISTE,3,0,0,ANCASH,HUARAZ,OLLEROS,RURAL,CARRETERA,NACIONAL,PE-3N,-9.642707213395807,-77.48862439564475,LLUVIOSO,RURAL,CURVA,INCLINADA,ASFALTADA,,,,,IMPRUDENCIA DEL CONDUCTOR,EXCESO DE VELOCIDAD,17.0,2,2022.0,2.0,3.0,0,2,0,0,0.0,1.0,0.0,1.0,1,0,31.5,2.1213203435596424,0,1,3,0.0,0.333,0
A-2022-02-147,2022-02-17,18:00,DESPISTE,2,0,0,APURIMAC,ANDAHUAYLAS,CHIARA,RURAL,CARRETERA,SIN CLASIFICAR,SIN CLASIFICAR,-13.907017,-73.666096,,,,,,,,,,EN PROCESO DE INVESTIGACIÓN,NO CUENTA CON CAUSA ESPECIFICA,18.0,1,2022.0,2.0,3.0,0,3,0,1,0.0,1.0,1.0,2.0,0,0,20.5,7.7781745930520225,0,1,2,0.0,0.5,1
A-2022-02-101,2022-02-17,19:40,CHOQUE,1,0,1,LAMBAYEQUE,LAMBAYEQUE,LAMBAYEQUE,RURAL,CARRETERA,NACIONAL,PE-1N,-6.689126,-79.9037,DESPEJADO,RURAL,TRAMO RECTO,PLANA ,ASFALTADA,,,,,EN PROCESO DE INVESTIGACIÓN,NO CUENTA CON CAUSA ESPECIFICA,19.0,0,2022.0,2.0,3.0,0,3,0,0,0.0,0.0,0.0,0.0,0,0,38.5,9.192388155425117,0,1,2,0.0,0.5,1
A-2022-02-81,2022-02-17,21:00,ATROPELLO,1,0,0,CALLAO,CALLAO,CALLAO,URBANA,CARRETERA,NACIONAL,PE-20,-11.979787040024192,-77.12487629988695,DESPEJADO,INDUSTRIAL,INTERSECCIÓN,PLANA ,CONCRETO,SI,INFORMATIVA (I),,NO,IMPRUDENCIA DEL PEATÓN,ESTADO DE EBRIEDAD Y/O DROGADICCIÓN,21.0,0,2022.0,2.0,3.0,0,3,0,0,0.0,0.0,0.0,0.0,0,1,34.0,9.899494936611665,1,1,2,0.5,0.5,1
A-2022-02-133,2022-02-18,06:20,CHOQUE FUGA,1,0,0,ICA,ICA,SALAS,RURAL,CARRETERA,NACIONAL,PE-1S,-13.943722660495268,-75.80869573155678,DESPEJADO,RURAL,TRAMO RECTO,PLANA ,ASFALTADA,SI,REGULADORA (R),,NO,EN PROCESO DE INVESTIGACIÓN,NO CUENTA CON CAUSA ESPECIFICA,6.0,0,2022.0,2.0,4.0,0,1,0,0,0.0,0.0,0.0,0.0,0,1,25.0,0.0,0,0,2,0.0,0.0,0
A-2022-02-236,2022-02-18,21:00,ATROPELLO,1,0,0,LIMA,LIMA,MIRAFLORES,URBANA,OTRO,URBANO,NO CORRESPONDE,-12.118355820687093,-77.04539717637547,DESPEJADO,INDUSTRIAL,CURVA,PLANA ,ASFALTADA,,,,,EN PROCESO DE INVESTIGACIÓN,NO CUENTA CON CAUSA ESPECIFICA,21.0,0,2022.0,2.0,4.0,0,3,0,0,2.0,0.0,0.0,2.0,0,0,64.0,0.0,0,0,2,0.0,0.0,1
A-2022-02-74,2022-02-19,06:10,CHOQUE,1,0,2,ICA,PISCO,HUMAY,URBANA,CARRETERA,NACIONAL,PE-28A,-13.723774,-75.895687,DESPEJADO,COMERCIAL,CURVA,INCLINADA,ASFALTADA,,,,,EN PROCESO DE INVESTIGACIÓN,NO CUENTA CON CAUSA ESPECIFICA,6.0,0,2022.0,2.0,5.0,1,1,0,0,0.0,1.0,0.0,1.0,0,0,37.5,12.020815280171307,0,2,2,0.0,1.0,0
A-2022-02-239,2022-02-19,10:30,ATROPELLO FUGA,1,0,0,LIMA,LIMA,LURIN,URBANA,CARRETERA,NACIONAL,PE-1S,-12.29307353457454,-76.86297765548466,DESPEJADO,INDUSTRIAL,TRAMO RECTO,PLANA ,ASFALTADA,,,,,EN PROCESO DE INVESTIGACIÓN,NO CUENTA CON CAUSA ESPECIFICA,10.0,0,2022.0,2.0,5.0,1,1,0,0,0.0,0.0,0.0,0.0,0,0,0.0,0.0,0,0,2,0.0,0.0,0
A-2022-02-269,2022-02-19,12:30,ATROPELLO,1,0,1,JUNIN,HUANCAYO,SICAYA,RURAL,CARRETERA,NACIONAL,PE-3SB,-12.026477,-75.269575,DESPEJADO,RURAL,TRAMO RECTO,PLANA ,ASFALTADA,,,,,IMPRUDENCIA DEL PEATÓN,CRUCE INDEBIDO POR LA CALZADA,12.0,0,2022.0,2.0,5.0,1,2,0,1,0.0,0.0,0.0,0.0,0,0,22.5,13.435028842544403,0,1,2,0.0,0.5,0
A-2022-02-148,2022-02-19,12:35,DESPISTE,1,5,1,AYACUCHO,HUAMANGA,ACOCRO,RURAL,CARRETERA,SIN CLASIFICAR,SIN CLASIFICAR,-13.213543,-74.043324,DESPEJADO,RURAL,CURVA,INCLINADA,AFIRMADO,,,,,IMPERICIA DEL CONDUCTOR,,12.0,0,2022.0,2.0,5.0,1,2,0,1,0.0,1.0,1.0,2.0,0,0,46.857142857142854,22.348963968743394,0,0,7,0.0,0.0,0
A-2022-02-126,2022-02-19,14:00,ATROPELLO,1,0,1,TUMBES,TUMBES,CORRALES,URBANA,CARRETERA,SIN CLASIFICAR,SIN CLASIFICAR,-3.6103980341372495,-80.48495027603313,SOLEADO,RURAL,TRAMO RECTO,PLANA ,CONCRETO,,,,,IMPERICIA DEL CONDUCTOR,,14.0,0,2022.0,2.0,5.0,1,2,0,0,0.0,0.0,0.0,0.0,0,0,19.5,0.7071067811865476,0,0,2,0.0,0.0,0
A-2022-02-293,2022-02-19,17:45,CHOQUE,1,1,0,APURIMAC,COTABAMBAS,CHALLHUAHUACHO,RURAL,CARRETERA,PROVINCIAL,AP-956,-14.177926524620933,-72.32824385814376,,,,,,,,,,EN PROCESO DE INVESTIGACIÓN,NO CUENTA CON CAUSA ESPECIFICA,17.0,0,2022.0,2.0,5.0,1,2,0,1,0.0,1.0,1.0,2.0,0,0,27.666666666666668,9.073771725877467,0,0,3,0.0,0.0,0
A-2022-02-237,2022-02-19,19:45,CHOQUE,1,0,0,LIMA,LIMA,LA MOLINA,URBANA,CARRETERA,DEPARTAMENTAL,LM-117,-12.082043065605744,-76.92834014416228,DESPEJADO,RESIDENCIAL,INTERSECCIÓN,PLANA ,ASFALTADA,,,,,EN PROCESO DE INVESTIGACIÓN,NO CUENTA CON CAUSA ESPECIFICA,19.0,0,2022.0,2.0,5.0,1,3,0,0,0.0,0.0,0.0,0.0,0,0,35.5,20.506096654409877,0,0,2,0.0,0.0,1
A-2022-02-298,2022-02-19,20:40,CHOQUE,2,0,4,MADRE DE DIOS,TAMBOPATA,TAMBOPATA,URBANA,CARRETERA,NACIONAL,PE-30C,-12.58088333477853,-69.20341726821762,DESPEJADO,RESIDENCIAL,TRAMO RECTO,PLANA ,ASFALTADA,SI,REGULADORA (R),,NO,IMPRUDENCIA DEL CONDUCTOR,CONDUCIR EN ESTADO DE EBRIEDAD Y/O DROGADICCIÓN,20.0,1,2022.0,2.0,5.0,1,3,0,2,0.0,0.0,0.0,0.0,0,1,23.333333333333332,14.417581859197702,0,0,6,0.0,0.0,1
A-2022-02-240,2022-02-20,02:30,ATROPELLO,1,0,0,LIMA,LIMA,ANCON,URBANA,CARRETERA,NACIONAL,PE-1N,-11.808526,-77.13254253,DESPEJADO,INDUSTRIAL,TRAMO RECTO,PLANA ,ASFALTADA,,,,,EN PROCESO DE INVESTIGACIÓN,NO CUENTA CON CAUSA ESPECIFICA,2.0,0,2022.0,2.0,6.0,1,0,0,0,0.0,0.0,0.0,0.0,0,0,41.0,0.0,0,0,2,0.0,0.0,1
A-2022-02-78,2022-02-20,03:30,ATROPELLO FUGA,1,0,0,AREQUIPA,AREQUIPA,CERRO COLORADO,URBANA,CARRETERA,DEPARTAMENTAL,AR-123,-16.356788,-71.613419,DESPEJADO,RESIDENCIAL,TRAMO RECTO,PLANA ,ASFALTADA,,,,,EN PROCESO DE INVESTIGACIÓN,NO CUENTA CON CAUSA ESPECIFICA,3.0,0,2022.0,2.0,6.0,1,0,0,0,0.0,0.0,0.0,0.0,0,0,39.0,0.0,0,0,2,0.0,0.0,1
A-2022-02-159,2022-02-20,04:30,ATROPELLO FUGA,1,0,0,TACNA,TACNA,TACNA,RURAL,CARRETERA,NACIONAL,PE-1S,-18.0624,-70.287386,DESPEJADO,RURAL,TRAMO RECTO,PLANA ,ASFALTADA,,,,,IMPRUDENCIA DEL PEATÓN,ESTADO DE EBRIEDAD Y/O DROGADICCIÓN,4.0,0,2022.0,2.0,6.0,1,0,0,0,0.0,0.0,0.0,0.0,0,0,21.0,0.0,0,0,2,0.0,0.0,1
A-2022-03-250-A,2022-02-20,07:00,ATROPELLO,1,1,0,LORETO,MAYNAS,SAN JUAN BAUTISTA,URBANA,CARRETERA,DEPARTAMENTAL,LO-103,-3.8011477,-73.308816,DESPEJADO,COMERCIAL,TRAMO RECTO,INCLINADA,ASFALTADA,,,,,IMPRUDENCIA DEL CONDUCTOR,EXCESO DE VELOCIDAD,7.0,0,2022.0,2.0,6.0,1,1,0,2,0.0,1.0,0.0,1.0,0,0,47.0,43.840620433565945,0,0,2,0.0,0.0,0
A-2022-02-77,2022-02-20,08:11,CHOQUE,1,1,2,PUNO,PUNO,ACORA,RURAL,CARRETERA,NACIONAL,PE-3S,-16.05827,-69.69661,DESPEJADO,RURAL,TRAMO RECTO,PLANA ,ASFALTADA,NO,,,SI,IMPRUDENCIA DEL CONDUCTOR,OTRO (IMPRUDENCIA DEL CONDUCTOR),8.0,0,2022.0,2.0,6.0,1,1,0,1,0.0,0.0,0.0,0.0,0,1,21.0,1.4142135623730951,0,0,3,0.0,0.0,0
A-2022-02-244,2022-02-20,12:00,ATROPELLO,1,0,1,PIURA,MORROPON,SAN JUAN DE BIGOTE,RURAL,CARRETERA,PROVINCIAL,PI-815,-5.31917,-79.7878,DESPEJADO,RURAL,TRAMO RECTO,PLANA ,ASFALTADA,,,,,EN PROCESO DE INVESTIGACIÓN,NO CUENTA CON CAUSA ESPECIFICA,12.0,0,2022.0,2.0,6.0,1,2,0,0,0.0,0.0,0.0,0.0,0,0,53.5,21.920310216782973,1,0,2,0.5,0.0,0
A-2022-02-273,2022-02-20,16:10,CHOQUE,1,1,2,LAMBAYEQUE,CHICLAYO,CAYALTI,URBANA,CALLE,URBANO,NO CORRESPONDE,-6.8905404,-79.5625118,DESPEJADO,RESIDENCIAL,TRAMO RECTO,PLANA ,ASFALTADA,,,,,EN PROCESO DE INVESTIGACIÓN,NO CUENTA CON CAUSA ESPECIFICA,16.0,0,2022.0,2.0,6.0,1,2,0,0,2.0,0.0,0.0,2.0,0,0,43.0,36.76955262170047,0,0,2,0.0,0.0,0
A-2022-02-225,2022-02-20,16:40,DESPISTE,1,0,1,CUSCO,CUSCO,WANCHAQ,URBANA,AVENIDA,URBANO,NO CORRESPONDE,-13.531242969091702,-71.94799194024732,LLUVIOSO,RESIDENCIAL,TRAMO RECTO,INCLINADA,ASFALTADA,,,,,IMPRUDENCIA DEL CONDUCTOR,CONDUCIR EN ESTADO DE EBRIEDAD Y/O DROGADICCIÓN,16.0,0,2022.0,2.0,6.0,1,2,0,1,1.0,1.0,0.0,2.0,1,0,28.0,0.0,1,0,1,1.0,0.0,0
A-2022-02-103,2022-02-20,19:30,CHOQUE,1,0,2,LAMBAYEQUE,LAMBAYEQUE,LAMBAYEQUE,RURAL,CARRETERA,NACIONAL,PE-1N,-6.727169572652818,-79.8901308417955,DESPEJADO,RURAL,TRAMO RECTO,PLANA ,ASFALTADA,,,,,EN PROCESO DE INVESTIGACIÓN,NO CUENTA CON CAUSA ESPECIFICA,19.0,0,2022.0,2.0,6.0,1,3,0,0,0.0,0.0,0.0,0.0,0,0,46.0,4.242640687119285,0,1,2,0.0,0.5,1
A-2022-02-209,2022-02-20,20:00,ATROPELLO FUGA,1,0,0,CUSCO,URUBAMBA,HUAYLLABAMBA,RURAL,CARRETERA,NACIONAL,PE-28B,-13.3318242,-72.0596769,DESPEJADO,RURAL,TRAMO RECTO,PLANA ,ASFALTADA,,,,,IMPRUDENCIA DEL CONDUCTOR,EXCESO DE VELOCIDAD,20.0,0,2022.0,2.0,6.0,1,3,0,1,0.0,0.0,0.0,0.0,0,0,61.0,0.0,0,0,2,0.0,0.0,1
A-2022-02-102,2022-02-20,20:11,CHOQUE,1,0,2,SAN MARTIN,RIOJA,NUEVA CAJAMARCA,URBANA,CARRETERA,NACIONAL,PE-5N,-5.944189,-77.305847,LLUVIOSO,COMERCIAL,TRAMO RECTO,PLANA ,ASFALTADA,,,,,IMPERICIA DEL CONDUCTOR,,20.0,0,2022.0,2.0,6.0,1,3,0,2,0.0,0.0,0.0,0.0,1,0,39.5,27.577164466275352,0,1,2,0.0,0.5,1
A-2022-02-99,2022-02-20,21:30,ATROPELLO,1,0,1,AREQUIPA,AREQUIPA,CERRO COLORADO,URBANA,CARRETERA,NACIONAL,PE-34A,-16.382368,-71.577284,DESPEJADO,COMERCIAL,TRAMO RECTO,INCLINADA,ASFALTADA,,,,,EN PROCESO DE INVESTIGACIÓN,NO CUENTA CON CAUSA ESPECIFICA,21.0,0,2022.0,2.0,6.0,1,3,0,0,0.0,1.0,0.0,1.0,0,0,74.0,0.0,0,1,2,0.0,0.5,1
A-2022-02-104,2022-02-20,23:30,ATROPELLO FUGA,1,0,0,LAMBAYEQUE,FERREÑAFE,FERREÑAFE,RURAL,CARRETERA,DEPARTAMENTAL,LA-111,-6.665822,-79.786422,DESPEJADO,RURAL,TRAMO RECTO,PLANA ,ASFALTADA,,,,,EN PROCESO DE INVESTIGACIÓN,NO CUENTA CON CAUSA ESPECIFICA,23.0,0,2022.0,2.0,6.0,1,3,0,0,0.0,0.0,0.0,0.0,0,0,29.0,0.0,0,0,2,0.0,0.0,1
A-2022-02-171,2022-02-21,03:30,DESPISTE,1,0,1,CAJAMARCA,CAJAMARCA,CAJAMARCA,URBANA,CARRETERA,NACIONAL,PE-3N,-7.17930167,-78.48539833,DESPEJADO,RURAL,INTERSECCIÓN,PLANA ,ASFALTADA,,,,,EN PROCESO DE INVESTIGACIÓN,NO CUENTA CON CAUSA ESPECIFICA,3.0,0,2022.0,2.0,0.0,0,0,0,1,0.0,0.0,0.0,0.0,0,0,23.0,0.0,0,0,1,0.0,0.0,1
A-2022-02-247,2022-02-21,04:00,DESPISTE,1,0,1,PASCO,PASCO,PAUCARTAMBO,RURAL,CARRETERA,PROVINCIAL,PA-619,-10.764565440816192,-75.70994143870614,DESPEJADO,RURAL,SINUOSA,INCLINADA,TROCHA,,,,,EN PROCESO DE INVESTIGACIÓN,NO CUENTA CON CAUSA ESPECIFICA,4.0,0,2022.0,2.0,0.0,0,0,0,1,0.0,1.0,2.0,3.0,0,0,42.0,0.0,0,1,1,0.0,1.0,1
A-2022-02-105,2022-02-21,04:24,DESPISTE,1,0,1,ICA,ICA,SANTIAGO,URBANA,CARRETERA,NACIONAL,PE-1S,-14.280672093464643,-75.68218313423354,DESPEJADO,RURAL,TRAMO RECTO,PLANA ,ASFALTADA,,,,,IMPRUDENCIA DEL CONDUCTOR,EXCESO DE VELOCIDAD,4.0,0,2022.0,2.0,0.0,0,0,0,0,0.0,0.0,0.0,0.0,0,0,18.0,0.0,0,0,1,0.0,0.0,1
A-2022-02-303,2022-02-21,20:20,CHOQUE,1,0,2,LIMA,HUAURA,SAYAN,RURAL,CARRETERA,NACIONAL,PE-18,-11.1404,-77.23035,DESPEJADO,RURAL,TRAMO RECTO,PLANA ,ASFALTADA,SI,REGULADORA (R),,NO,IMPRUDENCIA DEL CONDUCTOR,CONDUCIR EN ESTADO DE EBRIEDAD Y/O DROGADICCIÓN,20.0,0,2022.0,2.0,0.0,0,3,0,0,0.0,0.0,0.0,0.0,0,1,50.0,7.0710678118654755,0,1,2,0.0,0.5,1
A-2022-02-184,2022-02-21,20:30,DESPISTE,1,0,1,LAMBAYEQUE,CHICLAYO,CAYALTI,RURAL,CARRETERA,SIN CLASIFICAR,SIN CLASIFICAR,-6.885022,-79.53013,DESPEJADO,RURAL,TRAMO RECTO,PLANA ,TROCHA,,,,,EN PROCESO DE INVESTIGACIÓN,NO CUENTA CON CAUSA ESPECIFICA,20.0,0,2022.0,2.0,0.0,0,3,0,0,0.0,0.0,2.0,2.0,0,0,58.0,0.0,0,0,1,0.0,0.0,1