CODIGO_SINIESTRO,FECHA_SINIESTRO,HORA_SINIESTRO,CLASE_SINIESTRO,CANTIDAD_FALLECIDOS,CANTIDAD_LESIONADOS,CANTIDAD_VEHICULOS,DEPARTAMENTO,PROVINCIA,DISTRITO,ZONA,TIPO_VIA,RED_VIAL,COD_CARRETERA,LATITUD,LONGITUD,CONDICION_CLIMATICA,ZONIFICACION,CARACTERISTICAS_VIA,PERFIL_VIA,SUPERFICIE_CALZADA,EXISTE_SENIAL_VERTICAL,CLASIFICACION_SENIAL_VERTICAL_1,CLASIFICACION_SENIAL_VERTICAL_2,EXISTE_SENIAL_HORIZONTAL,CAUSA_FACTOR_PRINCIPAL,CAUSA_ESPECIFICA,HORA,severidad,ANIO,MES,DIA_SEMANA,FIN_SEMANA,FRANJA_HORARIA,TEMPORADA,MACROREGION,TIPO_VIA_SCORE,PERFIL_VIA_SCORE,SUPERFICIE_CALZADA_SCORE,RIESGO_INFRAESTRUCTURA,RIESGO_CLIMATICO,SENIALIZACION_DEFICIENTE,EDAD_PROMEDIO,EDAD_STD,TOTAL_ALCOHOL,TOTAL_LICENCIA,TOTAL_PERSONAS,PCT_ALCOHOL,PCT_LICENCIA,ES_NOCHE
A-2022-02-121,2022-02-22,03:30,ATROPELLO FUGA,1,0,1,LA LIBERTAD,PACASMAYO,JEQUETEPEQUE,RURAL,CARRETERA,NACIONAL,PE-1N,-7.364211367187465,-79.52776551923222,DESPEJADO,RURAL,TRAMO RECTO,PLANA ,ASFALTADA,,,,,EN PROCESO DE INVESTIGACIÓN,NO CUENTA CON CAUSA ESPECIFICA,3.0,0,2022.0,2.0,1.0,0,0,0,0,0.0,0.0,0.0,0.0,0,0,0.0,0.0,0,0,2,0.0,0.0,1
A-2022-02-213,2022-02-22,07:50,CHOQUE,1,0,2,AREQUIPA,CARAVELI,ATIQUIPA,RURAL,CARRETERA,NACIONAL,PE-1S,-15.812568464821371,-74.38580123214663,DESPEJADO,RURAL,TRAMO RECTO,PLANA ,ASFALTADA,,,,,EN PROCESO DE INVESTIGACIÓN,NO CUENTA CON CAUSA ESPECIFICA,7.0,0,2022.0,2.0,1.0,0,1,0,0,0.0,0.0,0.0,0.0,0,0,35.5,12.020815280171307,0,1,2,0.0,0.5,0
A-2022-02-130,2022-02-22,09:45,DESPISTE,1,0,1,LA LIBERTAD,CHEPEN,CHEPEN,RURAL,CARRETERA,NACIONAL,PE-1N,-7.20012376560909,-79.42825350892518,DESPEJADO,RURAL,TRAMO RECTO,PLANA ,ASFALTADA,,,,,EN PROCESO DE INVESTIGACIÓN,NO CUENTA CON CAUSA ESPECIFICA,9.0,0,2022.0,2.0,1.0,0,1,0,0,0.0,0.0,0.0,0.0,0,0,45.5,13.435028842544403,0,0,2,0.0,0.0,0
A-2022-02-161,2022-02-22,10:30,CHOQUE,1,1,2,LIMA,HUAURA,HUACHO,RURAL,CARRETERA,NACIONAL,PE-1N,-11.138223067622045,-77.59695584784023,DESPEJADO,RURAL,TRAMO RECTO,PLANA ,ASFALTADA,,,,,IMPRUDENCIA DEL CONDUCTOR,EXCESO DE VELOCIDAD,10.0,0,2022.0,2.0,1.0,0,1,0,0,0.0,0.0,0.0,0.0,0,0,33.666666666666664,4.163331998932266,0,2,3,0.0,0.667,0
A-2022-02-117,2022-02-22,15:30,DESPISTE,1,1,1,ICA,ICA,SANTIAGO,URBANA,CARRETERA,NACIONAL,PE-1S,-14.2709061,-75.6839471,SOLEADO,RURAL,CURVA,PLANA ,ASFALTADA,,,,,EN PROCESO DE INVESTIGACIÓN,NO CUENTA CON CAUSA ESPECIFICA,15.0,0,2022.0,2.0,1.0,0,2,0,0,0.0,0.0,0.0,0.0,0,0,0.0,0.0,0,0,2,0.0,0.0,0
A-2022-02-292,2022-02-22,16:20,ATROPELLO,1,0,0,ANCASH,HUARMEY,HUARMEY,RURAL,CARRETERA,NACIONAL,PE-1N,-10.332245,-78.047975,DESPEJADO,RURAL,TRAMO RECTO,PLANA ,ASFALTADA,,,,,EN PROCESO DE INVESTIGACIÓN,NO CUENTA CON CAUSA ESPECIFICA,16.0,0,2022.0,2.0,1.0,0,2,0,0,0.0,0.0,0.0,0.0,0,0,30.5,6.363961030678928,0,1,2,0.0,0.5,0
A-2022-02-185,2022-02-23,08:35,DESPISTE,1,0,1,LAMBAYEQUE,CHICLAYO,SANTA ROSA,RURAL,CARRETERA,PROVINCIAL,LA-782,-6.855076,-79.904741,DESPEJADO,RURAL,TRAMO RECTO,PLANA ,TROCHA,,,,,EN PROCESO DE INVESTIGACIÓN,NO CUENTA CON CAUSA ESPECIFICA,8.0,0,2022.0,2.0,2.0,0,1,0,0,0.0,0.0,2.0,2.0,0,0,74.0,0.0,0,0,1,0.0,0.0,0
A-2022-02-242,2022-02-23,09:50,CAÍDA DE PASAJERO,1,0,0,LIMA,LIMA,SAN MARTIN DE PORRES,URBANA,AVENIDA,URBANO,NO CORRESPONDE,-12.0237641,-77.0744663,DESPEJADO,ESCOLAR,TRAMO RECTO,PLANA ,ASFALTADA,,,,,EN PROCESO DE INVESTIGACIÓN,NO CUENTA CON CAUSA ESPECIFICA,9.0,0,2022.0,2.0,2.0,0,1,0,0,1.0,0.0,0.0,1.0,0,0,57.5,3.5355339059327378,0,1,2,0.0,0.5,0
A-2022-02-173,2022-02-23,11:10,VOLCADURA,2,13,0,CAJAMARCA,SAN PABLO,TUMBADEN,RURAL,CARRETERA,PROVINCIAL,CA-1254,-7.0629574513078,-78.7195395416569,,,,,,,,,,EN PROCESO DE INVESTIGACIÓN,NO CUENTA CON CAUSA ESPECIFICA,11.0,1,2022.0,2.0,2.0,0,1,0,1,0.0,1.0,1.0,2.0,0,0,20.666666666666668,11.944315244779279,0,0,15,0.0,0.0,0
A-2022-02-197,2022-02-23,11:10,ATROPELLO,1,1,1,CAJAMARCA,CONTUMAZA,YONAN,URBANA,CARRETERA,NACIONAL,PE-08,-7.19294555,-78.97348878,DESPEJADO,RURAL,TRAMO RECTO,PLANA ,ASFALTADA,,,,,EN PROCESO DE INVESTIGACIÓN,NO CUENTA CON CAUSA ESPECIFICA,11.0,0,2022.0,2.0,2.0,0,1,0,1,0.0,0.0,0.0,0.0,0,0,41.5,28.991378028648448,0,0,2,0.0,0.0,0
A-2022-02-128,2022-02-23,12:30,DESPISTE,2,3,1,LA LIBERTAD,PATAZ,PARCOY,RURAL,CARRETERA,NACIONAL,PE-10C,-8.044529146280775,-77.44012180968068,LLUVIOSO,RURAL,CURVA,PLANA ,TROCHA,,,,,IMPRUDENCIA DEL CONDUCTOR,OTRO (IMPRUDENCIA DEL CONDUCTOR),12.0,1,2022.0,2.0,2.0,0,2,0,0,0.0,0.0,2.0,2.0,1,0,36.0,4.8476798574163285,0,1,5,0.0,0.2,0
A-2022-02-123,2022-02-23,14:50,CHOQUE,1,6,2,AREQUIPA,CAYLLOMA,MAJES,RURAL,CARRETERA,NACIONAL,PE-1S,-16.378563,-72.181366,DESPEJADO,RURAL,TRAMO RECTO,PLANA ,ASFALTADA,SI,REGULADORA (R),,SI,EN PROCESO DE INVESTIGACIÓN,NO CUENTA CON CAUSA ESPECIFICA,14.0,0,2022.0,2.0,2.0,0,2,0,0,0.0,0.0,0.0,0.0,0,0,43.142857142857146,16.35469933921717,0,2,7,0.0,0.286,0
A-2022-02-172,2022-02-23,18:30,ATROPELLO,1,0,1,LAMBAYEQUE,LAMBAYEQUE,MORROPE,URBANA,CARRETERA,NACIONAL,PE-1N,-6.544446,-80.014918,DESPEJADO,RESIDENCIAL,TRAMO RECTO,PLANA ,ASFALTADA,,,,,EN PROCESO DE INVESTIGACIÓN,NO CUENTA CON CAUSA ESPECIFICA,18.0,0,2022.0,2.0,2.0,0,3,0,0,0.0,0.0,0.0,0.0,0,0,25.0,26.870057685088806,0,0,2,0.0,0.0,1
A-2022-02-170,2022-02-23,19:20,ATROPELLO,1,0,1,LAMBAYEQUE,CHICLAYO,REQUE,URBANA,CARRETERA,NACIONAL,PE-1N,-6.872421,-79.817412,DESPEJADO,RESIDENCIAL,TRAMO RECTO,PLANA ,ASFALTADA,,,,,EN PROCESO DE INVESTIGACIÓN,NO CUENTA CON CAUSA ESPECIFICA,19.0,0,2022.0,2.0,2.0,0,3,0,0,0.0,0.0,0.0,0.0,0,0,43.0,31.11269837220809,0,1,2,0.0,0.5,1
A-2022-02-119,2022-02-24,05:45,ATROPELLO,1,0,0,CALLAO,CALLAO,CALLAO,URBANA,AVENIDA,URBANO,NO CORRESPONDE,-12.053946211150148,-77.11996789753974,DESPEJADO,RESIDENCIAL,TRAMO RECTO,PLANA ,ASFALTADA,SI,REGULADORA (R),,SI,IMPRUDENCIA DEL CONDUCTOR,EXCESO DE VELOCIDAD,5.0,0,2022.0,2.0,3.0,0,0,0,0,1.0,0.0,0.0,1.0,0,0,69.0,0.0,0,0,2,0.0,0.0,1
A-2022-02-241,2022-02-24,08:15,ESPECIAL,1,0,0,LIMA,LIMA,LIMA,URBANA,AVENIDA,URBANO,NO CORRESPONDE,-12.0595523,-77.0780123,DESPEJADO,INDUSTRIAL,TRAMO RECTO,PLANA ,ASFALTADA,,,,,EN PROCESO DE INVESTIGACIÓN,NO CUENTA CON CAUSA ESPECIFICA,8.0,0,2022.0,2.0,3.0,0,1,0,0,1.0,0.0,0.0,1.0,0,0,57.0,2.8284271247461903,0,0,2,0.0,0.0,0
A-2022-02-139,2022-02-24,08:30,CHOQUE,3,2,2,PUNO,AZANGARO,SAMAN,RURAL,CARRETERA,NACIONAL,PE-34H,-15.3413794,-70.0436795,DESPEJADO,RURAL,TRAMO RECTO,PLANA ,ASFALTADA,,,,,IMPRUDENCIA DEL CONDUCTOR,OTRO (IMPRUDENCIA DEL CONDUCTOR),8.0,2,2022.0,2.0,3.0,0,1,0,1,0.0,0.0,0.0,0.0,0,0,65.16666666666667,16.570053309107568,0,1,6,0.0,0.167,0
A-2022-02-187,2022-02-24,08:30,DESPISTE,2,0,1,LAMBAYEQUE,FERREÑAFE,PUEBLO NUEVO,RURAL,CARRETERA,DEPARTAMENTAL,LA-107,-6.603333,-79.816003,DESPEJADO,RURAL,TRAMO RECTO,PLANA ,ASFALTADA,,,,,EN PROCESO DE INVESTIGACIÓN,NO CUENTA CON CAUSA ESPECIFICA,8.0,1,2022.0,2.0,3.0,0,1,0,0,0.0,0.0,0.0,0.0,0,0,62.0,11.313708498984761,0,0,2,0.0,0.0,0
A-2022-02-186,2022-02-24,20:00,CHOQUE,2,0,1,LAMBAYEQUE,CHICLAYO,PATAPO,RURAL,CARRETERA,NACIONAL,PE-06A,-6.740838,-79.53269,DESPEJADO,RURAL,TRAMO RECTO,PLANA ,ASFALTADA,,,,,EN PROCESO DE INVESTIGACIÓN,NO CUENTA CON CAUSA ESPECIFICA,20.0,1,2022.0,2.0,3.0,0,3,0,0,0.0,0.0,0.0,0.0,0,0,30.666666666666668,6.429100507328636,0,1,3,0.0,0.333,1
A-2022-02-210,2022-02-24,20:40,ATROPELLO FUGA,1,0,0,CUSCO,CUSCO,CUSCO,URBANA,CARRETERA,NACIONAL,PE-3S,-13.516553,-71.992016,LLUVIOSO,RESIDENCIAL,TRAMO RECTO,PLANA ,TROCHA,,,,,IMPRUDENCIA DEL CONDUCTOR,EXCESO DE VELOCIDAD,20.0,0,2022.0,2.0,3.0,0,3,0,1,0.0,0.0,2.0,2.0,1,0,59.0,0.0,0,0,2,0.0,0.0,1
A-2022-02-270,2022-02-24,23:30,CHOQUE CON OBJETO FIJO,1,0,1,JUNIN,JAUJA,ACOLLA,RURAL,CARRETERA,NACIONAL,PE-3SA,-11.7097314,-75.55598829,DESPEJADO,RURAL,TRAMO RECTO,PLANA ,ASFALTADA,,,,,IMPRUDENCIA DEL CONDUCTOR,CONDUCIR EN ESTADO DE EBRIEDAD Y/O DROGADICCIÓN,23.0,0,2022.0,2.0,3.0,0,3,0,1,0.0,0.0,0.0,0.0,0,0,31.0,0.0,0,1,1,0.0,1.0,1
A-2022-02-253,2022-02-25,00:01,CHOQUE,1,2,2,CAJAMARCA,JAEN,JAEN,URBANA,CARRETERA,NACIONAL,PE-5N,-5.721137,-78.800079,DESPEJADO,RESIDENCIAL,TRAMO RECTO,PLANA ,ASFALTADA,,,,,EN PROCESO DE INVESTIGACIÓN,NO CUENTA CON CAUSA ESPECIFICA,0.0,0,2022.0,2.0,4.0,0,0,0,1,0.0,0.0,0.0,0.0,0,0,22.0,3.605551275463989,0,0,3,0.0,0.0,1
A-2022-02-116,2022-02-25,04:50,CHOQUE,1,1,2,PUNO,PUNO,PUNO,RURAL,CARRETERA,NACIONAL,PE-3S,-15.865961,-69.941804,DESPEJADO,RURAL,TRAMO RECTO,PLANA ,ASFALTADA,NO,,,SI,IMPRUDENCIA DEL CONDUCTOR,INVASIÓN DE CARRIL,4.0,0,2022.0,2.0,4.0,0,0,0,1,0.0,0.0,0.0,0.0,0,1,50.5,0.7071067811865476,0,2,2,0.0,1.0,1
A-2022-02-256,2022-02-25,05:00,CHOQUE FUGA,1,0,2,PIURA,MORROPON,BUENOS AIRES,RURAL,CARRETERA,NACIONAL,PE-02A,-5.283548713,-79.95393592,DESPEJADO,RURAL,TRAMO RECTO,PLANA ,ASFALTADA,,,,,EN PROCESO DE INVESTIGACIÓN,NO CUENTA CON CAUSA ESPECIFICA,5.0,0,2022.0,2.0,4.0,0,0,0,0,0.0,0.0,0.0,0.0,0,0,56.0,0.0,0,0,2,0.0,0.0,1
A-2022-02-294,2022-02-25,08:45,VOLCADURA,1,0,0,APURIMAC,ANTABAMBA,ANTABAMBA,RURAL,CARRETERA,DEPARTAMENTAL,AP-109,-14.377681964744992,-72.89002263729276,,,,,,,,,,EN PROCESO DE INVESTIGACIÓN,NO CUENTA CON CAUSA ESPECIFICA,8.0,0,2022.0,2.0,4.0,0,1,0,1,0.0,1.0,1.0,2.0,0,0,38.0,4.242640687119285,0,0,2,0.0,0.0,0
A-2022-02-254,2022-02-25,10:10,DESPISTE,1,1,1,LAMBAYEQUE,LAMBAYEQUE,MORROPE,RURAL,CARRETERA,NACIONAL,PE-1N,-6.42869747121557,-80.16217139090038,DESPEJADO,RURAL,TRAMO RECTO,PLANA ,ASFALTADA,,,,,EN PROCESO DE INVESTIGACIÓN,NO CUENTA CON CAUSA ESPECIFICA,10.0,0,2022.0,2.0,4.0,0,1,0,0,0.0,0.0,0.0,0.0,0,0,32.5,19.091883092036785,0,1,2,0.0,0.5,0
A-2022-02-246,2022-02-25,12:30,ATROPELLO,1,0,0,LIMA,LIMA,ATE,URBANA,CARRETERA,NACIONAL,PE-22,-12.005992210769222,-76.84781483192452,DESPEJADO,COMERCIAL,TRAMO RECTO,PLANA ,ASFALTADA,,,,,EN PROCESO DE INVESTIGACIÓN,NO CUENTA CON CAUSA ESPECIFICA,12.0,0,2022.0,2.0,4.0,0,2,0,0,0.0,0.0,0.0,0.0,0,0,55.0,22.627416997969522,0,0,2,0.0,0.0,0
A-2022-02-297,2022-02-25,12:30,CHOQUE,1,1,2,CUSCO,LA CONVENCION,KIMBIRI,RURAL,CARRETERA,NACIONAL,PE-28B,-12.601006,-73.755868,DESPEJADO,RURAL,CURVA,PLANA ,ASFALTADA,,,,,IMPRUDENCIA DEL CONDUCTOR,EXCESO DE VELOCIDAD,12.0,0,2022.0,2.0,4.0,0,2,0,1,0.0,0.0,0.0,0.0,0,0,38.0,8.48528137423857,0,1,2,0.0,0.5,0
A-2022-02-309,2022-02-25,14:10,ATROPELLO,1,0,0,LIMA,LIMA,SAN MARTIN DE PORRES,URBANA,AVENIDA,URBANO,NO CORRESPONDE,-12.031263,-77.044221,,,,,,,,,,EN PROCESO DE INVESTIGACIÓN,NO CUENTA CON CAUSA ESPECIFICA,14.0,0,2022.0,2.0,4.0,0,2,0,0,1.0,1.0,1.0,3.0,0,0,0.0,0.0,0,0,2,0.0,0.0,0
A-2022-02-212,2022-02-25,19:00,DESPISTE,2,0,1,AREQUIPA,CAMANA,QUILCA,RURAL,CARRETERA,SIN CLASIFICAR,SIN CLASIFICAR,-16.664339686215882,-72.60415254475068,DESPEJADO,RURAL,OTRO,PLANA ,AFIRMADO,,,,,EN PROCESO DE INVESTIGACIÓN,NO CUENTA CON CAUSA ESPECIFICA,19.0,1,2022.0,2.0,4.0,0,3,0,0,0.0,0.0,1.0,1.0,0,0,56.0,14.142135623730951,0,1,2,0.0,0.5,1
A-2022-02-249,2022-02-25,23:30,CHOQUE,1,2,0,LIMA,LIMA,SANTA ANITA,URBANA,AVENIDA,URBANO,NO CORRESPONDE,-12.035846417381062,-76.94893425059153,DESPEJADO,COMERCIAL,INTERSECCIÓN,PLANA ,ASFALTADA,,,,,EN PROCESO DE INVESTIGACIÓN,NO CUENTA CON CAUSA ESPECIFICA,23.0,0,2022.0,2.0,4.0,0,3,0,0,1.0,0.0,0.0,1.0,0,0,24.5,27.922511825884623,0,0,5,0.0,0.0,1
A-2022-02-313,2022-02-26,01:30,CHOQUE,1,0,0,MADRE DE DIOS,TAMBOPATA,TAMBOPATA,URBANA,AVENIDA,URBANO,NO CORRESPONDE,-12.596323,-69.188251,,,,,,,,,,EN PROCESO DE INVESTIGACIÓN,NO CUENTA CON CAUSA ESPECIFICA,1.0,0,2022.0,2.0,5.0,1,0,0,2,1.0,1.0,1.0,3.0,0,0,40.0,21.213203435596427,0,0,2,0.0,0.0,1
A-2022-02-211,2022-02-26,03:00,DESPISTE,1,1,1,CUSCO,CHUMBIVILCAS,CHAMACA,RURAL,CARRETERA,DEPARTAMENTAL,CU-128,-14.313434797193873,-71.83869301413971,LLUVIOSO,RURAL,TRAMO RECTO,PLANA ,ASFALTADA,,,,,IMPRUDENCIA DEL CONDUCTOR,EXCESO DE VELOCIDAD,3.0,0,2022.0,2.0,5.0,1,0,0,1,0.0,0.0,0.0,0.0,1,0,34.0,5.656854249492381,0,0,2,0.0,0.0,1
A-2022-02-304,2022-02-26,05:51,CHOQUE,1,0,2,LIMA,HUARAL,CHANCAY,RURAL,CARRETERA,NACIONAL,PE-1N,-11.601846,-77.246566,DESPEJADO,RURAL,TRAMO RECTO,INCLINADA,ASFALTADA,SI,REGULADORA (R),PREVENTIVA (P),NO,IMPRUDENCIA DEL CONDUCTOR,FATIGA Y/O CANSANCIO,5.0,0,2022.0,2.0,5.0,1,0,0,0,0.0,1.0,0.0,1.0,0,1,60.5,13.435028842544403,0,2,2,0.0,1.0,1
A-2022-02-296,2022-02-26,13:30,VOLCADURA,1,0,1,HUANUCO,HUANUCO,CHINCHAO,URBANA,CARRETERA,NACIONAL,PE-18A,-9.627725,-76.063042,SOLEADO,RURAL,CURVA,PLANA ,ASFALTADA,,,,,IMPRUDENCIA DEL CONDUCTOR,CONDUCIR EN ESTADO DE EBRIEDAD Y/O DROGADICCIÓN,13.0,0,2022.0,2.0,5.0,1,2,0,1,0.0,0.0,0.0,0.0,0,0,64.0,0.0,0,1,1,0.0,1.0,0
A-2022-02-258,2022-02-26,14:30,CHOQUE,2,9,2,PUNO,LAMPA,CALAPUJA,RURAL,CARRETERA,NACIONAL,PE-34B,-15.2881063,-70.2244787,DESPEJADO,RURAL,CURVA,PLANA ,ASFALTADA,,,,,IMPRUDENCIA DEL CONDUCTOR,EXCESO DE VELOCIDAD,14.0,1,2022.0,2.0,5.0,1,2,0,1,0.0,0.0,0.0,0.0,0,0,24.818181818181817,10.71277911485327,0,2,12,0.0,0.167,0
A-2022-02-288,2022-02-26,16:30,CHOQUE,1,23,0,JUNIN,CHANCHAMAYO,SAN RAMON,RURAL,CARRETERA,NACIONAL,PE-22B,-11.146291707939652,-75.39992088493442,,,,,,,,,,EN PROCESO DE INVESTIGACIÓN,NO CUENTA CON CAUSA ESPECIFICA,16.0,0,2022.0,2.0,5.0,1,2,0,1,0.0,1.0,1.0,2.0,0,0,26.03846153846154,14.47337077319798,0,1,26,0.0,0.038,0
A-2022-02-238,2022-02-26,17:30,DESPISTE,1,1,1,LA LIBERTAD,VIRU,CHAO,RURAL,CARRETERA,NACIONAL,PE-1N,-8.572443440024923,-78.67179754713541,DESPEJADO,RURAL,TRAMO RECTO,PLANA ,ASFALTADA,,,,,EN PROCESO DE INVESTIGACIÓN,NO CUENTA CON CAUSA ESPECIFICA,17.0,0,2022.0,2.0,5.0,1,2,0,0,0.0,0.0,0.0,0.0,0,0,45.0,20.0,0,1,3,0.0,0.333,0
A-2022-02-127,2022-02-26,17:40,CHOQUE,1,0,2,PUNO,CHUCUITO,POMATA,RURAL,CARRETERA,DEPARTAMENTAL,PU-130,-16.294218,-69.233346,DESPEJADO,RURAL,TRAMO RECTO,PLANA ,ASFALTADA,NO,,,SI,IMPRUDENCIA DEL CONDUCTOR,CONDUCIR EN ESTADO DE EBRIEDAD Y/O DROGADICCIÓN,17.0,0,2022.0,2.0,5.0,1,2,0,1,0.0,0.0,0.0,0.0,0,1,38.0,12.727922061357855,0,2,2,0.0,1.0,0
A-2022-02-129,2022-02-26,17:50,CHOQUE,1,3,2,TUMBES,CONTRALMIRANTE VILLAR,CANOAS DE PUNTA SAL,RURAL,CARRETERA,NACIONAL,PE-1N,-4.05709329669435,-80.96238258703987,SOLEADO,RURAL,CURVA,PLANA ,ASFALTADA,,,,,IMPRUDENCIA DEL CONDUCTOR,INVASIÓN DE CARRIL,17.0,0,2022.0,2.0,5.0,1,2,0,0,0.0,0.0,0.0,0.0,0,0,51.0,33.095820481343765,0,2,4,0.0,0.5,0
A-2022-02-232,2022-02-26,18:30,DESPISTE,1,1,1,CUSCO,PAUCARTAMBO,CHALLABAMBA,RURAL,CARRETERA,PROVINCIAL,CU-989,-13.197916597739423,-71.65895396776274,NUBLADO,RURAL,TRAMO RECTO,PLANA ,AFIRMADO,,,,,IMPRUDENCIA DEL CONDUCTOR,EXCESO DE VELOCIDAD,18.0,0,2022.0,2.0,5.0,1,3,0,1,0.0,0.0,1.0,1.0,0,0,69.5,16.263455967290593,0,0,2,0.0,0.0,1
A-2022-02-248,2022-02-26,19:40,ATROPELLO,1,0,0,LIMA,LIMA,ATE,URBANA,OTRO,URBANO,NO CORRESPONDE,-12.041470599880004,-76.92442398321249,DESPEJADO,COMERCIAL,TRAMO RECTO,PLANA ,ASFALTADA,,,,,EN PROCESO DE INVESTIGACIÓN,NO CUENTA CON CAUSA ESPECIFICA,19.0,0,2022.0,2.0,5.0,1,3,0,0,2.0,0.0,0.0,2.0,0,0,51.5,26.16295090390226,0,0,2,0.0,0.0,1
A-2022-02-124,2022-02-26,21:50,CHOQUE CON OBJETO FIJO,1,0,1,AREQUIPA,AREQUIPA,YANAHUARA,URBANA,CARRETERA,NACIONAL,PE-34C,-16.408001,-71.560112,DESPEJADO,COMERCIAL,TRAMO RECTO,INCLINADA,ASFALTADA,NO,,,SI,EN PROCESO DE INVESTIGACIÓN,NO CUENTA CON CAUSA ESPECIFICA,21.0,0,2022.0,2.0,5.0,1,3,0,0,0.0,1.0,0.0,1.0,0,1,36.0,0.0,0,1,1,0.0,1.0,1
A-2022-02-188,2022-02-27,04:15,ATROPELLO FUGA,1,1,0,LAMBAYEQUE,LAMBAYEQUE,SAN JOSE,RURAL,CARRETERA,DEPARTAMENTAL,LA-109,-6.773373,-79.926741,DESPEJADO,RURAL,TRAMO RECTO,PLANA ,ASFALTADA,,,,,EN PROCESO DE INVESTIGACIÓN,NO CUENTA CON CAUSA ESPECIFICA,4.0,0,2022.0,2.0,6.0,1,0,0,0,0.0,0.0,0.0,0.0,0,0,35.0,1.4142135623730951,0,0,3,0.0,0.0,1
A-2022-02-135,2022-02-27,05:30,ATROPELLO,1,0,1,AREQUIPA,AREQUIPA,CERRO COLORADO,URBANA,CARRETERA,NACIONAL,PE-34A,-16.315405,-71.606316,DESPEJADO,COMERCIAL,CURVA,INCLINADA,ASFALTADA,NO,,,SI,EN PROCESO DE INVESTIGACIÓN,NO CUENTA CON CAUSA ESPECIFICA,5.0,0,2022.0,2.0,6.0,1,0,0,0,0.0,1.0,0.0,1.0,0,1,30.5,6.363961030678928,0,1,2,0.0,0.5,1
A-2022-02-199,2022-02-27,11:30,ATROPELLO,1,2,1,LAMBAYEQUE,LAMBAYEQUE,TUCUME,RURAL,CARRETERA,NACIONAL,PE-1NJ,-6.525814,-79.864103,DESPEJADO,RURAL,TRAMO RECTO,PLANA ,ASFALTADA,,,,,EN PROCESO DE INVESTIGACIÓN,NO CUENTA CON CAUSA ESPECIFICA,11.0,0,2022.0,2.0,6.0,1,1,0,0,0.0,0.0,0.0,0.0,0,0,38.333333333333336,30.022213997860543,0,1,3,0.0,0.333,0
A-2022-02-314,2022-02-27,12:29,DESPISTE,1,0,0,MADRE DE DIOS,TAMBOPATA,TAMBOPATA,URBANA,CARRETERA,NACIONAL,PE-30C,-12.591308,-69.182342,,,,,,,,,,EN PROCESO DE INVESTIGACIÓN,NO CUENTA CON CAUSA ESPECIFICA,12.0,0,2022.0,2.0,6.0,1,2,0,2,0.0,1.0,1.0,2.0,0,0,29.0,0.0,0,0,1,0.0,0.0,0
A-2022-02-224,2022-02-27,17:31,CHOQUE,1,2,2,CUSCO,PAUCARTAMBO,PAUCARTAMBO,RURAL,CARRETERA,DEPARTAMENTAL,CU-116,-13.340650565678542,-71.5750555676924,LLUVIOSO,RURAL,CURVA,PLANA ,AFIRMADO,,,,,IMPRUDENCIA DEL CONDUCTOR,EXCESO DE VELOCIDAD,17.0,0,2022.0,2.0,6.0,1,2,0,1,0.0,0.0,1.0,1.0,1,0,33.0,24.5085019262024,0,0,4,0.0,0.0,0
A-2022-02-271,2022-02-27,17:40,DESPISTE,1,0,1,JUNIN,YAULI,LA OROYA,RURAL,CARRETERA,NACIONAL,PE-3S,-11.608632,-75.84178,DESPEJADO,RURAL,CURVA,INCLINADA,ASFALTADA,SI,REGULADORA (R),,NO,IMPRUDENCIA DEL CONDUCTOR,OTRO (IMPRUDENCIA DEL CONDUCTOR),17.0,0,2022.0,2.0,6.0,1,2,0,1,0.0,1.0,0.0,1.0,0,1,31.0,26.870057685088806,0,1,2,0.0,0.5,0
A-2022-02-132,2022-02-27,21:30,DESPISTE,1,0,1,LA LIBERTAD,GRAN CHIMU,LUCMA,RURAL,CARRETERA,PROVINCIAL,LI-713,-7.655089478875486,-78.5757881785326,DESPEJADO,RURAL,TRAMO RECTO,PLANA ,AFIRMADO,,,,,IMPRUDENCIA DEL CONDUCTOR,INVASIÓN DE CARRIL,21.0,0,2022.0,2.0,6.0,1,3,0,0,0.0,0.0,1.0,1.0,0,0,31.0,0.0,1,1,1,1.0,1.0,1
A-2022-02-227,2022-02-27,21:45,DESPISTE,1,5,1,CUSCO,ANTA,LIMATAMBO,RURAL,CARRETERA,PROVINCIAL,CU-896,-13.447796827644884,-72.44365488823162,DESPEJADO,RURAL,TRAMO RECTO,PLANA ,AFIRMADO,,,,,IMPRUDENCIA DEL CONDUCTOR,EXCESO DE VELOCIDAD,21.0,0,2022.0,2.0,6.0,1,3,0,1,0.0,0.0,1.0,1.0,0,0,36.166666666666664,14.30268040147254,0,1,6,0.0,0.167,1
A-2022-02-131,2022-02-27,22:00,ATROPELLO,1,0,1,LA LIBERTAD,TRUJILLO,HUANCHACO,RURAL,CARRETERA,NACIONAL,PE-1N,-8.012744,-79.071152,DESPEJADO,RURAL,TRAMO RECTO,PLANA ,ASFALTADA,,,,,EN PROCESO DE INVESTIGACIÓN,NO CUENTA CON CAUSA ESPECIFICA,22.0,0,2022.0,2.0,6.0,1,3,0,0,0.0,0.0,0.0,0.0,0,0,44.5,13.435028842544403,0,1,2,0.0,0.5,1