CODIGO_SINIESTRO,FECHA_SINIESTRO,HORA_SINIESTRO,CLASE_SINIESTRO,CANTIDAD_FALLECIDOS,CANTIDAD_LESIONADOS,CANTIDAD_VEHICULOS,DEPARTAMENTO,PROVINCIA,DISTRITO,ZONA,TIPO_VIA,RED_VIAL,COD_CARRETERA,LATITUD,LONGITUD,CONDICION_CLIMATICA,ZONIFICACION,CARACTERISTICAS_VIA,PERFIL_VIA,SUPERFICIE_CALZADA,EXISTE_SENIAL_VERTICAL,CLASIFICACION_SENIAL_VERTICAL_1,CLASIFICACION_SENIAL_VERTICAL_2,EXISTE_SENIAL_HORIZONTAL,CAUSA_FACTOR_PRINCIPAL,CAUSA_ESPECIFICA,HORA,severidad,ANIO,MES,DIA_SEMANA,FIN_SEMANA,FRANJA_HORARIA,TEMPORADA,MACROREGION,TIPO_VIA_SCORE,PERFIL_VIA_SCORE,SUPERFICIE_CALZADA_SCORE,RIESGO_INFRAESTRUCTURA,RIESGO_CLIMATICO,SENIALIZACION_DEFICIENTE,EDAD_PROMEDIO,EDAD_STD,TOTAL_ALCOHOL,TOTAL_LICENCIA,TOTAL_PERSONAS,PCT_ALCOHOL,PCT_LICENCIA,ES_NOCHE
A-2022-02-250,2022-02-28,03:00,ATROPELLO FUGA,1,0,0,LIMA,LIMA,RIMAC,URBANA,CARRETERA,NACIONAL,PE-1N,-12.043272018432615,-77.02549743652344,DESPEJADO,RESIDENCIAL,PUENTE,PLANA ,ASFALTADA,,,,,EN PROCESO DE INVESTIGACIÓN,NO CUENTA CON CAUSA ESPECIFICA,3.0,0,2022.0,2.0,0.0,0,0,0,0,0.0,0.0,0.0,0.0,0,0,0.0,0.0,0,0,2,0.0,0.0,1
A-2022-02-251,2022-02-28,05:35,CHOQUE,1,2,0,LIMA,LIMA,CHACLACAYO,URBANA,CARRETERA,NACIONAL,PE-22,-11.9677171,-76.7455216,DESPEJADO,INDUSTRIAL,TRAMO RECTO,PLANA ,ASFALTADA,,,,,EN PROCESO DE INVESTIGACIÓN,NO CUENTA CON CAUSA ESPECIFICA,5.0,0,2022.0,2.0,0.0,0,0,0,0,0.0,0.0,0.0,0.0,0,0,34.4,17.7426040929735,0,0,5,0.0,0.0,1
A-2022-02-198,2022-02-28,06:50,CHOQUE,1,0,2,LAMBAYEQUE,CHICLAYO,TUMAN,RURAL,CARRETERA,NACIONAL,PE-06A,-6.739669356730316,-79.71388946070171,DESPEJADO,RURAL,TRAMO RECTO,PLANA ,ASFALTADA,,,,,EN PROCESO DE INVESTIGACIÓN,NO CUENTA CON CAUSA ESPECIFICA,6.0,0,2022.0,2.0,0.0,0,1,0,0,0.0,0.0,0.0,0.0,0,0,39.5,3.5355339059327378,0,1,2,0.0,0.5,0
A-2022-02-286,2022-02-28,13:30,CHOQUE,1,0,2,HUANUCO,LEONCIO PRADO,DANIEL ALOMIA ROBLES,RURAL,CARRETERA,NACIONAL,PE-5N,-9.18738,-75.940817,SOLEADO,RURAL,TRAMO RECTO,PLANA ,ASFALTADA,SI,REGULADORA (R),REGULADORA (R),NO,IMPRUDENCIA DEL CONDUCTOR,EXCESO DE VELOCIDAD,13.0,0,2022.0,2.0,0.0,0,2,0,1,0.0,0.0,0.0,0.0,0,1,38.5,27.577164466275352,0,1,2,0.0,0.5,0
A-2022-02-134,2022-02-28,13:40,DESPISTE,1,1,1,PUNO,CHUCUITO,ZEPITA,RURAL,CARRETERA,NACIONAL,PE-3S,-16.489,-69.11,DESPEJADO,RURAL,TRAMO RECTO,PLANA ,ASFALTADA,SI,REGULADORA (R),PREVENTIVA (P),SI,IMPRUDENCIA DEL CONDUCTOR,EXCESO DE VELOCIDAD,13.0,0,2022.0,2.0,0.0,0,2,0,1,0.0,0.0,0.0,0.0,0,0,31.0,2.8284271247461903,0,1,2,0.0,0.5,0
A-2022-03-189,2022-03-01,07:20,VOLCADURA,1,0,2,LIMA,LIMA,PUENTE PIEDRA,RURAL,AVENIDA,URBANO,NO CORRESPONDE,-11.845251,-77.077429,DESPEJADO,RURAL,TRAMO RECTO,PLANA ,ASFALTADA,,,,,EN PROCESO DE INVESTIGACIÓN,NO CUENTA CON CAUSA ESPECIFICA,7.0,0,2022.0,3.0,1.0,0,1,1,0,1.0,0.0,0.0,1.0,0,0,44.5,30.405591591021544,0,0,2,0.0,0.0,0
A-2022-03-146,2022-03-01,12:00,DESPISTE,1,4,0,AYACUCHO,HUAMANGA,CARMEN ALTO,URBANA,CARRETERA,NACIONAL,PE-3S,-13.233523,-74.23572,NIEBLA,RURAL,TRAMO RECTO,PLANA ,AFIRMADO,,,,,IMPRUDENCIA DEL CONDUCTOR,FATIGA Y/O CANSANCIO,12.0,0,2022.0,3.0,1.0,0,2,1,1,0.0,0.0,1.0,1.0,0,0,19.833333333333332,9.495613022162743,0,1,6,0.0,0.167,0
A-2022-03-142,2022-03-01,20:00,VOLCADURA,1,0,1,CUSCO,CANAS,YANAOCA,RURAL,CARRETERA,DEPARTAMENTAL,CU-126,-14.276032,-71.450367,NUBLADO,RURAL,TRAMO RECTO,PLANA ,ASFALTADA,,,,,IMPERICIA DEL CONDUCTOR,,20.0,0,2022.0,3.0,1.0,0,3,1,1,0.0,0.0,0.0,0.0,0,0,42.0,0.0,0,0,1,0.0,0.0,1
A-2022-03-1,2022-03-02,00:20,DESPISTE,1,3,1,PUNO,YUNGUYO,YUNGUYO,RURAL,CARRETERA,DEPARTAMENTAL,PU-130,-16.2663225,-69.0793557,DESPEJADO,RURAL,CURVA,INCLINADA,ASFALTADA,NO,,,SI,IMPRUDENCIA DEL CONDUCTOR,CONDUCIR EN ESTADO DE EBRIEDAD Y/O DROGADICCIÓN,0.0,0,2022.0,3.0,2.0,0,0,1,1,0.0,1.0,0.0,1.0,0,1,16.4,19.295077092357005,0,1,5,0.0,0.2,1
A-2022-03-36,2022-03-02,05:00,DESPISTE,4,9,1,HUANCAVELICA,HUAYTARA,QUERCO,RURAL,CARRETERA,DEPARTAMENTAL,HV-121,-13.986365,-74.946275,LLUVIOSO,RURAL,SINUOSA,INCLINADA,TROCHA,,,,,INFRAESTRUCTURA Y ENTORNO VIAL,FACTOR AMBIENTAL,5.0,2,2022.0,3.0,2.0,0,0,1,1,0.0,1.0,2.0,3.0,1,0,37.76923076923077,21.280483414597853,0,1,13,0.0,0.077,1
A-2022-03-27,2022-03-02,05:06,ATROPELLO FUGA,1,0,1,AREQUIPA,AREQUIPA,CERRO COLORADO,URBANA,CARRETERA,NACIONAL,PE-34A,-16.331331,-71.593308,DESPEJADO,INDUSTRIAL,TRAMO RECTO,INCLINADA,ASFALTADA,NO,,,SI,EN PROCESO DE INVESTIGACIÓN,NO CUENTA CON CAUSA ESPECIFICA,5.0,0,2022.0,3.0,2.0,0,0,1,0,0.0,1.0,0.0,1.0,0,1,78.0,0.0,0,0,2,0.0,0.0,1
A-2022-03-153,2022-03-02,08:45,CHOQUE,1,0,0,AYACUCHO,PAUCAR DEL SARA SARA,PAUSA,URBANA,CARRETERA,NACIONAL,PE-32C,-15.2842392,-73.3467253,DESPEJADO,RURAL,INTERSECCIÓN,PLANA ,AFIRMADO,,,,,IMPRUDENCIA DEL CONDUCTOR,EXCESO DE VELOCIDAD,8.0,0,2022.0,3.0,2.0,0,1,1,1,0.0,0.0,1.0,1.0,0,0,32.0,18.384776310850235,0,0,2,0.0,0.0,0
A-2022-03-161,2022-03-02,12:20,CHOQUE,1,0,1,CALLAO,CALLAO,CALLAO,URBANA,AVENIDA,URBANO,NO CORRESPONDE,-12.05573513898662,-77.12184965837463,DESPEJADO,RESIDENCIAL,TRAMO RECTO,PLANA ,ASFALTADA,SI,INFORMATIVA (I),,SI,IMPRUDENCIA DEL CONDUCTOR,INVASIÓN DE CARRIL,12.0,0,2022.0,3.0,2.0,0,2,1,0,1.0,0.0,0.0,1.0,0,0,51.0,0.0,0,1,2,0.0,0.5,0
A-2022-03-181,2022-03-02,14:30,CHOQUE,1,0,2,LIMA,LIMA,JESUS MARIA,URBANA,AVENIDA,URBANO,NO CORRESPONDE,-12.077486903906868,-77.03673355030094,DESPEJADO,RURAL,TRAMO RECTO,PLANA ,ASFALTADA,,,,,EN PROCESO DE INVESTIGACIÓN,NO CUENTA CON CAUSA ESPECIFICA,14.0,0,2022.0,3.0,2.0,0,2,1,0,1.0,0.0,0.0,1.0,0,0,36.5,19.091883092036785,0,0,2,0.0,0.0,0
A-2022-03-140,2022-03-02,22:00,ATROPELLO FUGA,1,0,0,CUSCO,ESPINAR,COPORAQUE,RURAL,CARRETERA,PROVINCIAL,CU-1832,-14.6837747847914,-71.4894176005773,LLUVIOSO,RURAL,CURVA,PLANA ,ASFALTADA,SI,PREVENTIVA (P),,NO,IMPRUDENCIA DEL PEATÓN,ESTADO DE EBRIEDAD Y/O DROGADICCIÓN,22.0,0,2022.0,3.0,2.0,0,3,1,1,0.0,0.0,0.0,0.0,1,1,58.0,0.0,0,0,2,0.0,0.0,1
A-2022-03-2,2022-03-03,02:00,ATROPELLO,1,0,1,PUNO,EL COLLAO,ILAVE,RURAL,CARRETERA,NACIONAL,PE-3S,-16.116216,-69.595246,LLUVIOSO,RURAL,TRAMO RECTO,PLANA ,ASFALTADA,SI,INFORMATIVA (I),,SI,IMPRUDENCIA DEL PEATÓN,CRUCE INDEBIDO POR LA CALZADA,2.0,0,2022.0,3.0,3.0,0,0,1,1,0.0,0.0,0.0,0.0,1,0,43.0,0.0,0,1,2,0.0,0.5,1
A-2022-03-122,2022-03-03,05:30,DESPISTE,3,3,2,PIURA,PIURA,VEINTISEIS DE OCTUBRE,RURAL,CARRETERA,NACIONAL,PE-1N,-5.197347,-80.687538,DESPEJADO,RURAL,TRAMO RECTO,PLANA ,ASFALTADA,,,,,EN PROCESO DE INVESTIGACIÓN,NO CUENTA CON CAUSA ESPECIFICA,5.0,2,2022.0,3.0,3.0,0,0,1,0,0.0,0.0,0.0,0.0,0,0,51.714285714285715,15.45654430669294,0,2,7,0.0,0.286,1
A-2022-03-148,2022-03-03,07:50,CHOQUE,1,0,1,AYACUCHO,HUAMANGA,AYACUCHO,URBANA,AVENIDA,URBANO,NO CORRESPONDE,-13.150796844132875,-74.22301052329625,DESPEJADO,ESCOLAR,INTERSECCIÓN,PLANA ,ASFALTADA,SI,PREVENTIVA (P),PREVENTIVA (P),NO,IMPRUDENCIA DEL CONDUCTOR,CONDUCIR EN ESTADO DE EBRIEDAD Y/O DROGADICCIÓN,7.0,0,2022.0,3.0,3.0,0,1,1,1,1.0,0.0,0.0,1.0,0,1,29.5,2.1213203435596424,1,1,2,0.5,0.5,0
A-2022-03-34,2022-03-03,17:00,DESPISTE,1,3,1,HUANCAVELICA,HUAYTARA,HUAYTARA,RURAL,CARRETERA,NACIONAL,PE-28A,-13.607529162762743,-75.32030773156066,LLUVIOSO,RURAL,CURVA,INCLINADA,ASFALTADA,,,,,EN PROCESO DE INVESTIGACIÓN,NO CUENTA CON CAUSA ESPECIFICA,17.0,0,2022.0,3.0,3.0,0,2,1,1,0.0,1.0,0.0,1.0,1,0,30.2,17.58408371226661,0,0,5,0.0,0.0,0
A-2022-03-6,2022-03-03,22:20,CHOQUE,1,0,2,PUNO,PUNO,HUATA,RURAL,CARRETERA,DEPARTAMENTAL,PU-120,-15.561899966726877,-69.99207796663597,DESPEJADO,RURAL,CURVA,PLANA ,ASFALTADA,NO,,,SI,IMPRUDENCIA DEL CONDUCTOR,CONDUCIR EN ESTADO DE EBRIEDAD Y/O DROGADICCIÓN,22.0,0,2022.0,3.0,3.0,0,3,1,1,0.0,0.0,0.0,0.0,0,1,33.5,14.849242404917497,0,1,2,0.0,0.5,1
A-2022-03-283,2022-03-03,23:50,ATROPELLO FUGA,1,0,0,LIMA,LIMA,CHORRILLOS,URBANA,AVENIDA,URBANO,NO CORRESPONDE,-12.18429331,-77.0074643892645,,,,,,,,,,EN PROCESO DE INVESTIGACIÓN,NO CUENTA CON CAUSA ESPECIFICA,23.0,0,2022.0,3.0,3.0,0,3,1,0,1.0,1.0,1.0,3.0,0,0,0.0,0.0,0,0,2,0.0,0.0,1
A-2022-03-251,2022-03-04,07:00,CHOQUE,1,0,2,ICA,CHINCHA,CHINCHA BAJA,RURAL,CARRETERA,DEPARTAMENTAL,IC-102,-13.450253,-76.152625,DESPEJADO,RURAL,TRAMO RECTO,PLANA ,ASFALTADA,,,,,IMPRUDENCIA DEL CONDUCTOR,OTRO (IMPRUDENCIA DEL CONDUCTOR),7.0,0,2022.0,3.0,4.0,0,1,1,0,0.0,0.0,0.0,0.0,0,0,65.0,2.8284271247461903,0,0,2,0.0,0.0,0
A-2022-03-139,2022-03-04,13:30,CHOQUE,1,0,2,LAMBAYEQUE,LAMBAYEQUE,OLMOS,RURAL,CARRETERA,SIN CLASIFICAR,SIN CLASIFICAR,-5.980961,-79.767612,SOLEADO,RURAL,OTRO,PLANA ,TROCHA,,,,,IMPRUDENCIA DEL CONDUCTOR,EXCESO DE VELOCIDAD,13.0,0,2022.0,3.0,4.0,0,2,1,0,0.0,0.0,2.0,2.0,0,0,37.0,1.4142135623730951,0,1,2,0.0,0.5,0
A-2022-03-212,2022-03-04,14:00,ATROPELLO,1,0,0,CALLAO,CALLAO,CARMEN DE LA LEGUA REYNOSO,URBANA,AVENIDA,URBANO,NO CORRESPONDE,-12.046767,-77.08469,DESPEJADO,INDUSTRIAL,TRAMO RECTO,PLANA ,ASFALTADA,,,,,EN PROCESO DE INVESTIGACIÓN,NO CUENTA CON CAUSA ESPECIFICA,14.0,0,2022.0,3.0,4.0,0,2,1,0,1.0,0.0,0.0,1.0,0,0,65.0,18.384776310850235,0,1,2,0.0,0.5,0
A-2022-03-35,2022-03-04,15:50,DESPISTE,1,1,1,HUANCAVELICA,HUAYTARA,HUAYTARA,RURAL,CARRETERA,NACIONAL,PE-28A,-13.582339,-75.274279,LLUVIOSO,RURAL,CURVA,INCLINADA,ASFALTADA,,,,,EN PROCESO DE INVESTIGACIÓN,NO CUENTA CON CAUSA ESPECIFICA,15.0,0,2022.0,3.0,4.0,0,2,1,1,0.0,1.0,0.0,1.0,1,0,28.0,2.8284271247461903,0,1,2,0.0,0.5,0
A-2022-03-213,2022-03-05,04:45,ATROPELLO FUGA,1,0,0,LIMA,LIMA,VILLA EL SALVADOR,,CARRETERA,NACIONAL,PE-1S,-12.240213,-76.947585,,,,,,,,,,EN PROCESO DE INVESTIGACIÓN,NO CUENTA CON CAUSA ESPECIFICA,4.0,0,2022.0,3.0,5.0,1,0,1,0,0.0,1.0,1.0,2.0,0,0,32.0,0.0,0,0,2,0.0,0.0,1
A-2022-03-29,2022-03-05,07:20,CHOQUE,1,0,2,ICA,ICA,SALAS,URBANA,CARRETERA,NACIONAL,PE-1S,-13.98487844663524,-75.77287120456951,DESPEJADO,RESIDENCIAL,TRAMO RECTO,PLANA ,ASFALTADA,,,,,EN PROCESO DE INVESTIGACIÓN,NO CUENTA CON CAUSA ESPECIFICA,7.0,0,2022.0,3.0,5.0,1,1,1,0,0.0,0.0,0.0,0.0,0,0,33.5,4.949747468305833,0,2,2,0.0,1.0,0
A-2022-03-38,2022-03-05,10:30,VOLCADURA,1,0,1,CAJAMARCA,CELENDIN,CELENDIN,URBANA,CALLE,URBANO,NO CORRESPONDE,-6.864952,-78.14231,DESPEJADO,RURAL,TRAMO RECTO,PLANA ,ASFALTADA,,,,,EN PROCESO DE INVESTIGACIÓN,NO CUENTA CON CAUSA ESPECIFICA,10.0,0,2022.0,3.0,5.0,1,1,1,1,2.0,0.0,0.0,2.0,0,0,9.5,13.435028842544403,0,0,2,0.0,0.0,0
A-2022-03-144,2022-03-05,11:30,DESPISTE,1,2,1,CUSCO,LA CONVENCION,ECHARATE,RURAL,CARRETERA,NACIONAL,PE-28B,-12.641036,-72.910948,DESPEJADO,RURAL,CURVA,PLANA ,AFIRMADO,,,,,IMPERICIA DEL CONDUCTOR,,11.0,0,2022.0,3.0,5.0,1,1,1,1,0.0,0.0,1.0,1.0,0,0,18.0,10.23067283548187,0,1,4,0.0,0.25,0
A-2022-03-63,2022-03-05,16:30,CHOQUE,2,2,5,AREQUIPA,AREQUIPA,SAN JUAN DE TARUCANI,RURAL,CARRETERA,NACIONAL,PE-34A,-16.054261,-71.341154,NUBLADO,RURAL,CURVA,INCLINADA,ASFALTADA,NO,,,SI,EN PROCESO DE INVESTIGACIÓN,NO CUENTA CON CAUSA ESPECIFICA,16.0,1,2022.0,3.0,5.0,1,2,1,0,0.0,1.0,0.0,1.0,0,1,45.142857142857146,8.532849688675162,0,5,7,0.0,0.714,0
A-2022-03-8,2022-03-05,16:50,ATROPELLO,1,0,0,CALLAO,CALLAO,CALLAO,URBANA,CARRETERA,NACIONAL,PE-20,-12.041549295628164,-77.12666804475543,DESPEJADO,COMERCIAL,TRAMO RECTO,PLANA ,ASFALTADA,SI,REGULADORA (R),,SI,IMPRUDENCIA DEL PEATÓN,OTRO (IMPRUDENCIA DEL PEATÓN),16.0,0,2022.0,3.0,5.0,1,2,1,0,0.0,0.0,0.0,0.0,0,0,35.5,12.020815280171307,0,1,2,0.0,0.5,0
A-2022-03-72,2022-03-05,17:30,DESPISTE,1,0,1,LA LIBERTAD,VIRU,GUADALUPITO,RURAL,CARRETERA,NACIONAL,PE-1N,-8.701750045827943,-78.63940710194512,DESPEJADO,RURAL,TRAMO RECTO,PLANA ,ASFALTADA,,,,,EN PROCESO DE INVESTIGACIÓN,NO CUENTA CON CAUSA ESPECIFICA,17.0,0,2022.0,3.0,5.0,1,2,1,0,0.0,0.0,0.0,0.0,0,0,41.0,26.870057685088806,0,1,2,0.0,0.5,0
A-2022-03-103,2022-03-05,19:25,CHOQUE,1,0,2,CAJAMARCA,JAEN,JAEN,URBANA,CARRETERA,NACIONAL,PE-5N,-5.688243548265175,-78.7921113792726,DESPEJADO,COMERCIAL,TRAMO RECTO,PLANA ,ASFALTADA,,,,,EN PROCESO DE INVESTIGACIÓN,NO CUENTA CON CAUSA ESPECIFICA,19.0,0,2022.0,3.0,5.0,1,3,1,1,0.0,0.0,0.0,0.0,0,0,37.5,4.949747468305833,0,1,2,0.0,0.5,1
A-2022-03-102,2022-03-05,20:30,CHOQUE,3,2,4,LAMBAYEQUE,LAMBAYEQUE,LAMBAYEQUE,URBANA,CARRETERA,NACIONAL,PE-1NJ,-6.615792791171574,-79.88478356339581,DESPEJADO,RESIDENCIAL,TRAMO RECTO,PLANA ,ASFALTADA,,,,,EN PROCESO DE INVESTIGACIÓN,NO CUENTA CON CAUSA ESPECIFICA,20.0,2,2022.0,3.0,5.0,1,3,1,0,0.0,0.0,0.0,0.0,0,0,30.333333333333332,13.03329070751768,0,1,7,0.0,0.143,1
A-2022-03-256,2022-03-06,00:20,CHOQUE,1,1,2,AYACUCHO,HUANTA,LURICOCHA,RURAL,CARRETERA,DEPARTAMENTAL,AY-100,-12.9108385135728,-74.2743641286087,LLUVIOSO,RURAL,TRAMO RECTO,PLANA ,ASFALTADA,SI,REGULADORA (R),,NO,IMPRUDENCIA DEL CONDUCTOR,CONDUCIR EN ESTADO DE EBRIEDAD Y/O DROGADICCIÓN,0.0,0,2022.0,3.0,6.0,1,0,1,1,0.0,0.0,0.0,0.0,1,1,31.0,11.313708498984761,0,1,2,0.0,0.5,1
A-2022-03-141,2022-03-06,01:00,ATROPELLO FUGA,1,0,0,CUSCO,QUISPICANCHI,ANDAHUAYLILLAS,RURAL,CARRETERA,NACIONAL,PE-3S,-13.680533903172822,-71.66163543419401,LLUVIOSO,RURAL,CURVA,PLANA ,ASFALTADA,SI,PREVENTIVA (P),,SI,IMPRUDENCIA DEL PEATÓN,ESTADO DE EBRIEDAD Y/O DROGADICCIÓN,1.0,0,2022.0,3.0,6.0,1,0,1,1,0.0,0.0,0.0,0.0,1,0,51.0,0.0,1,0,2,0.5,0.0,1
A-2022-03-17,2022-03-06,04:00,ATROPELLO FUGA,1,0,0,TACNA,TACNA,TACNA,RURAL,CARRETERA,NACIONAL,PE-1S,-18.196019,-70.327957,,,,,,,,,,EN PROCESO DE INVESTIGACIÓN,NO CUENTA CON CAUSA ESPECIFICA,4.0,0,2022.0,3.0,6.0,1,0,1,0,0.0,1.0,1.0,2.0,0,0,30.0,0.0,0,0,2,0.0,0.0,1
A-2022-03-225,2022-03-06,04:00,DESPISTE,1,0,0,JUNIN,CHANCHAMAYO,PICHANAQUI,RURAL,CARRETERA,PROVINCIAL,JU-1487,-10.933896050793132,-74.8367159943703,,,,,,,,,,EN PROCESO DE INVESTIGACIÓN,NO CUENTA CON CAUSA ESPECIFICA,4.0,0,2022.0,3.0,6.0,1,0,1,1,0.0,1.0,1.0,2.0,0,0,21.0,0.0,0,0,1,0.0,0.0,1
A-2022-03-202,2022-03-06,05:09,CHOQUE FUGA,1,0,2,LIMA,HUAURA,SANTA MARIA,URBANA,CARRETERA,PROVINCIAL,LM-652,-11.093917881550526,-77.58225736843556,DESPEJADO,RESIDENCIAL,TRAMO RECTO,PLANA ,ASFALTADA,,,,,IMPRUDENCIA DEL CONDUCTOR,EXCESO DE VELOCIDAD,5.0,0,2022.0,3.0,6.0,1,0,1,0,0.0,0.0,0.0,0.0,0,0,48.5,34.64823227814083,0,1,2,0.0,0.5,1
A-2022-03-131,2022-03-06,06:30,DESPISTE,1,0,1,PUNO,HUANCANE,TARACO,RURAL,CARRETERA,NACIONAL,PE-34H,-15.2713891,-69.8962317,DESPEJADO,RURAL,TRAMO RECTO,PLANA ,ASFALTADA,,,,,NEGLIGENCIA DEL CONDUCTOR,OTRO (NEGLIGENCIA DEL CONDUCTOR),6.0,0,2022.0,3.0,6.0,1,1,1,1,0.0,0.0,0.0,0.0,0,0,60.0,0.0,0,1,1,0.0,1.0,0
A-2022-03-55,2022-03-06,06:30,DESPISTE,1,5,1,HUANCAVELICA,HUAYTARA,PILPICHACA,RURAL,CARRETERA,NACIONAL,PE-28A,-13.41957,-74.95678,NIEBLA,RURAL,CURVA,INCLINADA,ASFALTADA,SI,PREVENTIVA (P),REGULADORA (R),SI,EN PROCESO DE INVESTIGACIÓN,NO CUENTA CON CAUSA ESPECIFICA,6.0,0,2022.0,3.0,6.0,1,1,1,1,0.0,1.0,0.0,1.0,0,0,43.5,13.403979508588733,0,1,7,0.0,0.143,0
A-2022-03-56,2022-03-06,13:00,CHOQUE,1,1,0,HUANCAVELICA,ANGARAES,LIRCAY,RURAL,CARRETERA,DEPARTAMENTAL,HV-116,-13.00148,-74.764165,,,,,,,,,,EN PROCESO DE INVESTIGACIÓN,NO CUENTA CON CAUSA ESPECIFICA,13.0,0,2022.0,3.0,6.0,1,2,1,1,0.0,1.0,1.0,2.0,0,0,0.0,0.0,0,0,4,0.0,0.0,0
A-2022-03-15,2022-03-06,14:00,DESPISTE,2,0,1,AREQUIPA,CAMANA,MARIANO NICOLAS VALCARCEL,RURAL,CARRETERA,SIN CLASIFICAR,SIN CLASIFICAR,-16.02584647455192,-73.17319128532293,DESPEJADO,RURAL,OTRO,INCLINADA,TROCHA,,,,,EN PROCESO DE INVESTIGACIÓN,NO CUENTA CON CAUSA ESPECIFICA,14.0,1,2022.0,3.0,6.0,1,2,1,0,0.0,1.0,2.0,3.0,0,0,31.0,28.284271247461902,0,0,2,0.0,0.0,0
A-2022-03-154,2022-03-06,16:15,CHOQUE,1,0,2,CUSCO,QUISPICANCHI,MARCAPATA,RURAL,CARRETERA,NACIONAL,PE-30C,-13.590382682521708,-70.95496693686286,DESPEJADO,RURAL,CURVA,PLANA ,ASFALTADA,,,,,IMPERICIA DEL CONDUCTOR,,16.0,0,2022.0,3.0,6.0,1,2,1,1,0.0,0.0,0.0,0.0,0,0,23.0,13.45362404707371,0,2,3,0.0,0.667,0
A-2022-03-39,2022-03-06,16:30,ATROPELLO FUGA,1,0,0,CAJAMARCA,CAJABAMBA,CONDEBAMBA,URBANA,CARRETERA,NACIONAL,PE-3N,-7.46713058,-78.11290494,,,,,,,,,,EN PROCESO DE INVESTIGACIÓN,NO CUENTA CON CAUSA ESPECIFICA,16.0,0,2022.0,3.0,6.0,1,2,1,1,0.0,1.0,1.0,2.0,0,0,61.0,39.59797974644666,0,1,3,0.0,0.333,0
A-2022-03-73,2022-03-06,19:45,ATROPELLO,1,0,1,LA LIBERTAD,TRUJILLO,EL PORVENIR,URBANA,CALLE,URBANO,NO CORRESPONDE,-8.074656,-79.008549,DESPEJADO,RESIDENCIAL,INTERSECCIÓN,PLANA ,ASFALTADA,,,,,IMPRUDENCIA DEL CONDUCTOR,CONDUCIR EN ESTADO DE EBRIEDAD Y/O DROGADICCIÓN,19.0,0,2022.0,3.0,6.0,1,3,1,0,2.0,0.0,0.0,2.0,0,0,45.0,31.11269837220809,0,0,2,0.0,0.0,1
A-2022-03-238,2022-03-06,21:50,VOLCADURA,1,0,0,APURIMAC,GRAU,MICAELA BASTIDAS,RURAL,CARRETERA,NACIONAL,PE-3SF,-14.07484338971626,-72.62212003892782,,,,,,,,,,EN PROCESO DE INVESTIGACIÓN,NO CUENTA CON CAUSA ESPECIFICA,21.0,0,2022.0,3.0,6.0,1,3,1,1,0.0,1.0,1.0,2.0,0,0,54.0,0.0,0,0,1,0.0,0.0,1
A-2022-03-10,2022-03-07,08:45,CAÍDA DE PASAJERO,1,1,1,TUMBES,CONTRALMIRANTE VILLAR,CANOAS DE PUNTA SAL,RURAL,CARRETERA,NACIONAL,PE-1N,-3.914975098119045,-80.88801017523916,SOLEADO,RURAL,CURVA,INCLINADA,ASFALTADA,,,,,IMPRUDENCIA DEL CONDUCTOR,EXCESO DE VELOCIDAD,8.0,0,2022.0,3.0,0.0,0,1,1,0,0.0,1.0,0.0,1.0,0,0,18.0,15.556349186104045,0,1,2,0.0,0.5,0
A-2022-03-46,2022-03-07,11:18,CHOQUE,5,3,2,CAJAMARCA,CAJAMARCA,LLACANORA,RURAL,CARRETERA,NACIONAL,PE-3N,-7.195726,-78.368729,DESPEJADO,RURAL,TRAMO RECTO,PLANA ,ASFALTADA,,,,,EN PROCESO DE INVESTIGACIÓN,NO CUENTA CON CAUSA ESPECIFICA,11.0,2,2022.0,3.0,0.0,0,1,1,1,0.0,0.0,0.0,0.0,0,0,25.555555555555557,9.448691855372244,0,0,9,0.0,0.0,0
A-2022-03-69,2022-03-07,14:10,ATROPELLO,1,0,1,AREQUIPA,AREQUIPA,SANTA RITA DE SIGUAS,RURAL,CARRETERA,NACIONAL,PE-1S,-16.410435,-72.055252,DESPEJADO,RURAL,INTERSECCIÓN,PLANA ,ASFALTADA,SI,REGULADORA (R),REGULADORA (R),NO,EN PROCESO DE INVESTIGACIÓN,NO CUENTA CON CAUSA ESPECIFICA,14.0,0,2022.0,3.0,0.0,0,2,1,0,0.0,0.0,0.0,0.0,0,1,35.0,18.384776310850235,0,1,2,0.0,0.5,0
A-2022-03-214,2022-03-07,14:30,ATROPELLO,1,0,1,LIMA,LIMA,COMAS,URBANA,AVENIDA,URBANO,NO CORRESPONDE,-11.937831,-77.049489,DESPEJADO,COMERCIAL,TRAMO RECTO,PLANA ,ASFALTADA,,,,,EN PROCESO DE INVESTIGACIÓN,NO CUENTA CON CAUSA ESPECIFICA,14.0,0,2022.0,3.0,0.0,0,2,1,0,1.0,0.0,0.0,1.0,0,0,58.0,19.79898987322333,0,0,2,0.0,0.0,0
A-2022-03-74,2022-03-07,14:30,CHOQUE,1,0,2,LA LIBERTAD,CHEPEN,PACANGA,RURAL,CARRETERA,NACIONAL,PE-1N,-7.150350381087838,-79.4508880048356,DESPEJADO,RURAL,TRAMO RECTO,PLANA ,ASFALTADA,,,,,IMPRUDENCIA DEL CONDUCTOR,OTRO (IMPRUDENCIA DEL CONDUCTOR),14.0,0,2022.0,3.0,0.0,0,2,1,0,0.0,0.0,0.0,0.0,0,0,57.5,23.33452377915607,0,0,2,0.0,0.0,0