CODIGO_SINIESTRO,FECHA_SINIESTRO,HORA_SINIESTRO,CLASE_SINIESTRO,CANTIDAD_FALLECIDOS,CANTIDAD_LESIONADOS,CANTIDAD_VEHICULOS,DEPARTAMENTO,PROVINCIA,DISTRITO,ZONA,TIPO_VIA,RED_VIAL,COD_CARRETERA,LATITUD,LONGITUD,CONDICION_CLIMATICA,ZONIFICACION,CARACTERISTICAS_VIA,PERFIL_VIA,SUPERFICIE_CALZADA,EXISTE_SENIAL_VERTICAL,CLASIFICACION_SENIAL_VERTICAL_1,CLASIFICACION_SENIAL_VERTICAL_2,EXISTE_SENIAL_HORIZONTAL,CAUSA_FACTOR_PRINCIPAL,CAUSA_ESPECIFICA,HORA,severidad,ANIO,MES,DIA_SEMANA,FIN_SEMANA,FRANJA_HORARIA,TEMPORADA,MACROREGION,TIPO_VIA_SCORE,PERFIL_VIA_SCORE,SUPERFICIE_CALZADA_SCORE,RIESGO_INFRAESTRUCTURA,RIESGO_CLIMATICO,SENIALIZACION_DEFICIENTE,EDAD_PROMEDIO,EDAD_STD,TOTAL_ALCOHOL,TOTAL_LICENCIA,TOTAL_PERSONAS,PCT_ALCOHOL,PCT_LICENCIA,ES_NOCHE
A-2022-03-70,2022-03-07,18:00,DESPISTE,2,0,1,ANCASH,YUNGAY,YANAMA,RURAL,CARRETERA,SIN CLASIFICAR,SIN CLASIFICAR,-8.903711450122605,-77.56473257769545,LLUVIOSO,RURAL,OTRO,INCLINADA,TROCHA,,,,,EN PROCESO DE INVESTIGACIÓN,NO CUENTA CON CAUSA ESPECIFICA,18.0,1,2022.0,3.0,0.0,0,3,1,0,0.0,1.0,2.0,3.0,1,0,45.0,4.242640687119285,0,1,2,0.0,0.5,1
A-2022-03-232,2022-03-07,18:25,ATROPELLO,1,0,0,LIMA,LIMA,COMAS,URBANA,AVENIDA,URBANO,NO CORRESPONDE,-11.900935825697534,-77.03989323217921,DESPEJADO,COMERCIAL,INTERSECCIÓN,PLANA ,ASFALTADA,,,,,EN PROCESO DE INVESTIGACIÓN,NO CUENTA CON CAUSA ESPECIFICA,18.0,0,2022.0,3.0,0.0,0,3,1,0,1.0,0.0,0.0,1.0,0,0,49.5,37.476659402887016,0,0,2,0.0,0.0,1
A-2022-03-215,2022-03-08,06:00,CHOQUE,1,0,2,LIMA,LIMA,EL AGUSTINO,URBANA,CARRETERA,NACIONAL,PE-1N,-12.02946,-76.999036,DESPEJADO,COMERCIAL,TRAMO RECTO,PLANA ,ASFALTADA,,,,,EN PROCESO DE INVESTIGACIÓN,NO CUENTA CON CAUSA ESPECIFICA,6.0,0,2022.0,3.0,1.0,0,1,1,0,0.0,0.0,0.0,0.0,0,0,43.5,16.263455967290593,0,0,2,0.0,0.0,0
A-2022-03-137,2022-03-08,08:30,CHOQUE,1,0,2,PUNO,SAN ROMAN,JULIACA,URBANA,CARRETERA,NACIONAL,PE-34A,-15.492,-70.144125,SOLEADO,COMERCIAL,INTERSECCIÓN,PLANA ,ASFALTADA,,,,,IMPRUDENCIA DEL CONDUCTOR,NO DAR PASO PREFERENTE AL PEATÓN,8.0,0,2022.0,3.0,1.0,0,1,1,1,0.0,0.0,0.0,0.0,0,0,46.5,19.091883092036785,0,1,2,0.0,0.5,0
A-2022-03-252,2022-03-08,09:40,CHOQUE,3,2,2,ICA,CHINCHA,CHINCHA ALTA,RURAL,CARRETERA,NACIONAL,PE-26,-13.412786,-76.084959,DESPEJADO,RURAL,CURVA,INCLINADA,ASFALTADA,,,,,IMPRUDENCIA DEL CONDUCTOR,INVASIÓN DE CARRIL,9.0,2,2022.0,3.0,1.0,0,1,1,0,0.0,1.0,0.0,1.0,0,0,60.333333333333336,20.549128124245726,0,2,6,0.0,0.333,0
A-2022-03-247,2022-03-08,14:00,CHOQUE,1,0,0,AYACUCHO,HUAMANGA,JESUS NAZARENO,URBANA,AVENIDA,URBANO,NO CORRESPONDE,-13.14284649,-74.22042649,DESPEJADO,RESIDENCIAL,TRAMO RECTO,PLANA ,ASFALTADA,SI,PREVENTIVA (P),,NO,IMPRUDENCIA DEL CONDUCTOR,NO ESTABLECER EL DERECHO DE PASO,14.0,0,2022.0,3.0,1.0,0,2,1,1,1.0,0.0,0.0,1.0,0,1,31.0,9.899494936611665,0,1,2,0.0,0.5,0
A-2022-03-289,2022-03-08,17:20,CHOQUE,1,0,0,LIMA,LIMA,PACHACAMAC,URBANA,AVENIDA,URBANO,NO CORRESPONDE,-12.1544186234116,-76.8693337967414,DESPEJADO,COMERCIAL,TRAMO RECTO,PLANA ,ASFALTADA,,,,,IMPRUDENCIA DEL CONDUCTOR,EXCESO DE VELOCIDAD,17.0,0,2022.0,3.0,1.0,0,2,1,0,1.0,0.0,0.0,1.0,0,0,30.5,2.1213203435596424,0,1,2,0.0,0.5,0
A-2022-03-90,2022-03-09,00:00,ATROPELLO,1,0,1,LA LIBERTAD,VIRU,CHAO,RURAL,CARRETERA,NACIONAL,PE-1N,-8.539943,-78.67644,DESPEJADO,RURAL,TRAMO RECTO,PLANA ,ASFALTADA,,,,,IMPRUDENCIA DEL PEATÓN,CRUCE INDEBIDO POR LA CALZADA,0.0,0,2022.0,3.0,2.0,0,0,1,0,0.0,0.0,0.0,0.0,0,0,60.0,29.698484809834994,0,0,2,0.0,0.0,1
A-2022-03-254,2022-03-09,01:15,DESPISTE,2,5,1,ICA,CHINCHA,GROCIO PRADO,RURAL,CARRETERA,NACIONAL,PE-1S,-13.353544938238636,-76.22172841728349,DESPEJADO,RURAL,TRAMO RECTO,PLANA ,ASFALTADA,,,,,NEGLIGENCIA DEL CONDUCTOR,OTRO (NEGLIGENCIA DEL CONDUCTOR),1.0,1,2022.0,3.0,2.0,0,0,1,0,0.0,0.0,0.0,0.0,0,0,49.0,12.24744871391589,0,1,7,0.0,0.143,1
A-2022-03-76,2022-03-09,04:50,DESPISTE,4,0,1,LA LIBERTAD,BOLIVAR,BAMBAMARCA,RURAL,CARRETERA,DEPARTAMENTAL,LI-125,-7.54598524765243,-77.71371781842402,LLUVIOSO,RURAL,TRAMO RECTO,PLANA ,TROCHA,,,,,IMPRUDENCIA DEL CONDUCTOR,FATIGA Y/O CANSANCIO,4.0,2,2022.0,3.0,2.0,0,0,1,0,0.0,0.0,2.0,2.0,1,0,41.5,12.342339054382414,0,1,4,0.0,0.25,1
A-2022-03-104,2022-03-09,06:50,CHOQUE,1,0,2,LAMBAYEQUE,LAMBAYEQUE,LAMBAYEQUE,URBANA,CARRETERA,NACIONAL,PE-1N,-6.723075,-79.892557,DESPEJADO,INDUSTRIAL,TRAMO RECTO,PLANA ,ASFALTADA,,,,,EN PROCESO DE INVESTIGACIÓN,NO CUENTA CON CAUSA ESPECIFICA,6.0,0,2022.0,3.0,2.0,0,1,1,0,0.0,0.0,0.0,0.0,0,0,44.5,0.7071067811865476,0,1,2,0.0,0.5,0
A-2022-03-216,2022-03-09,14:00,CHOQUE,1,0,2,LIMA,LIMA,RIMAC,URBANA,CARRETERA,NACIONAL,PE-1N,-12.04027,-77.01653,DESPEJADO,INDUSTRIAL,TRAMO RECTO,PLANA ,ASFALTADA,,,,,EN PROCESO DE INVESTIGACIÓN,NO CUENTA CON CAUSA ESPECIFICA,14.0,0,2022.0,3.0,2.0,0,2,1,0,0.0,0.0,0.0,0.0,0,0,38.5,12.020815280171307,0,0,2,0.0,0.0,0
A-2022-03-53,2022-03-09,15:15,ATROPELLO,1,0,0,CAJAMARCA,CAJABAMBA,CACHACHI,RURAL,CARRETERA,SIN CLASIFICAR,SIN CLASIFICAR,-7.62635833,-78.21360167,,,,,,,,,,EN PROCESO DE INVESTIGACIÓN,NO CUENTA CON CAUSA ESPECIFICA,15.0,0,2022.0,3.0,2.0,0,2,1,1,0.0,1.0,1.0,2.0,0,0,28.5,34.64823227814083,0,0,2,0.0,0.0,0
A-2022-03-42,2022-03-09,16:00,DESPISTE,1,0,1,AREQUIPA,CARAVELI,QUICACHA,RURAL,CARRETERA,NACIONAL,PE-32,-15.62316608,-73.79733259,LLUVIOSO,RURAL,SINUOSA,INCLINADA,TROCHA,,,,,EN PROCESO DE INVESTIGACIÓN,NO CUENTA CON CAUSA ESPECIFICA,16.0,0,2022.0,3.0,2.0,0,2,1,0,0.0,1.0,2.0,3.0,1,0,55.0,0.0,0,1,1,0.0,1.0,0
A-2022-03-132,2022-03-10,06:10,CHOQUE,1,0,2,PUNO,AZANGARO,SAN JUAN DE SALINAS,RURAL,CARRETERA,DEPARTAMENTAL,PU-153,-14.972485065416162,-70.14978086836956,DESPEJADO,RURAL,CURVA,PLANA ,AFIRMADO,,,,,IMPRUDENCIA DEL CONDUCTOR,CONDUCIR EN SENTIDO CONTRARIO,6.0,0,2022.0,3.0,3.0,0,1,1,1,0.0,0.0,1.0,1.0,0,0,37.5,9.192388155425117,1,1,2,0.5,0.5,0
A-2022-03-234,2022-03-10,15:00,DESPISTE,1,0,0,ANCASH,PALLASCA,PALLASCA,RURAL,CARRETERA,NACIONAL,PE-3N,-8.268228316316504,-77.99048105842314,DESPEJADO,RURAL,SINUOSA,INCLINADA,TROCHA,,,,,EN PROCESO DE INVESTIGACIÓN,NO CUENTA CON CAUSA ESPECIFICA,15.0,0,2022.0,3.0,3.0,0,2,1,0,0.0,1.0,2.0,3.0,0,0,44.0,0.0,0,1,1,0.0,1.0,0
A-2022-03-16,2022-03-10,18:00,CHOQUE,1,0,1,PUNO,PUNO,CAPACHICA,RURAL,CARRETERA,PROVINCIAL,PU-926,-15.673126628223365,-69.84928784225646,DESPEJADO,RURAL,TRAMO RECTO,PLANA ,ASFALTADA,,,,,IMPRUDENCIA DEL CONDUCTOR,OTRO (IMPRUDENCIA DEL CONDUCTOR),18.0,0,2022.0,3.0,3.0,0,3,1,1,0.0,0.0,0.0,0.0,0,0,37.5,9.192388155425117,0,1,2,0.0,0.5,1
A-2022-03-253,2022-03-10,20:00,CHOQUE FUGA,1,0,0,LIMA,LIMA,SAN MARTIN DE PORRES,URBANA,AVENIDA,URBANO,NO CORRESPONDE,-11.949566403461,-77.0858316969476,,,,,,,,,,EN PROCESO DE INVESTIGACIÓN,NO CUENTA CON CAUSA ESPECIFICA,20.0,0,2022.0,3.0,3.0,0,3,1,0,1.0,1.0,1.0,3.0,0,0,0.0,0.0,0,0,2,0.0,0.0,1
A-2022-03-77,2022-03-10,23:30,DESPISTE,1,0,1,LA LIBERTAD,VIRU,VIRU,RURAL,CARRETERA,PROVINCIAL,LI-1122,-8.460950404191363,-78.85554491169593,DESPEJADO,RURAL,TRAMO RECTO,PLANA ,AFIRMADO,,,,,EN PROCESO DE INVESTIGACIÓN,NO CUENTA CON CAUSA ESPECIFICA,23.0,0,2022.0,3.0,3.0,0,3,1,0,0.0,0.0,1.0,1.0,0,0,28.0,0.0,0,0,1,0.0,0.0,1
A-2022-03-255,2022-03-11,02:00,CHOQUE,1,0,0,LIMA,LIMA,SAN JUAN DE LURIGANCHO,URBANA,AVENIDA,URBANO,NO CORRESPONDE,-11.970962,-76.992302,,,,,,,,,,EN PROCESO DE INVESTIGACIÓN,NO CUENTA CON CAUSA ESPECIFICA,2.0,0,2022.0,3.0,4.0,0,0,1,0,1.0,1.0,1.0,3.0,0,0,0.0,0.0,0,0,2,0.0,0.0,1
A-2022-03-150,2022-03-11,04:30,DESPISTE,1,2,0,AYACUCHO,SUCRE,SAN PEDRO DE LARCAY,RURAL,OTRO,URBANO,NO CORRESPONDE,-14.168986,-73.57301,DESPEJADO,RURAL,CURVA,INCLINADA,AFIRMADO,,,,,IMPRUDENCIA DEL CONDUCTOR,EXCESO DE VELOCIDAD,4.0,0,2022.0,3.0,4.0,0,0,1,1,2.0,1.0,1.0,4.0,0,0,26.333333333333332,10.692676621563626,0,1,3,0.0,0.333,1
A-2022-03-83,2022-03-11,09:30,DESPISTE,1,4,1,LA LIBERTAD,OTUZCO,USQUIL,RURAL,CARRETERA,SIN CLASIFICAR,SIN CLASIFICAR,-7.803343,-78.402325,LLUVIOSO,RURAL,CURVA,INCLINADA,TROCHA,,,,,NEGLIGENCIA DEL CONDUCTOR,OTRO (NEGLIGENCIA DEL CONDUCTOR),9.0,0,2022.0,3.0,4.0,0,1,1,0,0.0,1.0,2.0,3.0,1,0,39.2,6.496152707564686,0,1,5,0.0,0.2,0
A-2022-03-185,2022-03-11,10:30,CHOQUE,1,7,2,CUSCO,CANCHIS,CHECACUPE,RURAL,CARRETERA,NACIONAL,PE-3S,-14.020605855797989,-71.45716071152206,LLUVIOSO,RURAL,TRAMO RECTO,PLANA ,ASFALTADA,SI,PREVENTIVA (P),REGULADORA (R),NO,IMPRUDENCIA DEL CONDUCTOR,VEHÍCULO MAL ESTACIONADO,10.0,0,2022.0,3.0,4.0,0,1,1,1,0.0,0.0,0.0,0.0,1,1,30.77777777777778,17.159383568311668,0,2,9,0.0,0.222,0
A-2022-03-133,2022-03-11,18:30,CHOQUE,1,3,2,PUNO,CARABAYA,CRUCERO,RURAL,CARRETERA,DEPARTAMENTAL,PU-106,-14.361764812056052,-69.82151095208351,DESPEJADO,RURAL,TRAMO RECTO,PLANA ,ASFALTADA,,,,,IMPRUDENCIA DEL CONDUCTOR,CONDUCIR EN SENTIDO CONTRARIO,18.0,0,2022.0,3.0,4.0,0,3,1,1,0.0,0.0,0.0,0.0,0,0,43.6,14.570518178843194,0,2,5,0.0,0.4,1
A-2022-03-257,2022-03-11,19:50,ATROPELLO,1,0,0,LIMA,LIMA,LIMA,URBANA,AVENIDA,URBANO,NO CORRESPONDE,-12.057647,-77.067668,DESPEJADO,RURAL,TRAMO RECTO,PLANA ,ASFALTADA,,,,,EN PROCESO DE INVESTIGACIÓN,NO CUENTA CON CAUSA ESPECIFICA,19.0,0,2022.0,3.0,4.0,0,3,1,0,1.0,0.0,0.0,1.0,0,0,0.0,0.0,0,0,2,0.0,0.0,1
A-2022-03-233,2022-03-12,00:30,CHOQUE,1,1,0,ANCASH,HUARMEY,HUARMEY,RURAL,CARRETERA,NACIONAL,PE-1N,-10.203143,-78.050151,DESPEJADO,RURAL,TRAMO RECTO,PLANA ,ASFALTADA,,,,,EN PROCESO DE INVESTIGACIÓN,NO CUENTA CON CAUSA ESPECIFICA,0.0,0,2022.0,3.0,5.0,1,0,1,0,0.0,0.0,0.0,0.0,0,0,37.5,13.435028842544403,0,2,3,0.0,0.667,1
A-2022-03-286,2022-03-12,02:00,ATROPELLO FUGA,1,0,0,SAN MARTIN,LAMAS,CAYNARACHI,RURAL,CARRETERA,NACIONAL,PE-5NB,-6.143272754,-76.26906961,,,,,,,,,,EN PROCESO DE INVESTIGACIÓN,NO CUENTA CON CAUSA ESPECIFICA,2.0,0,2022.0,3.0,5.0,1,0,1,2,0.0,1.0,1.0,2.0,0,0,17.0,0.0,0,0,2,0.0,0.0,1
A-2022-03-245,2022-03-12,03:40,ATROPELLO,1,0,0,AYACUCHO,LA MAR,SAN MIGUEL,URBANA,CARRETERA,DEPARTAMENTAL,AY-102,-13.05425248,-73.95491305,DESPEJADO,RURAL,TRAMO RECTO,PLANA ,ASFALTADA,SI,PREVENTIVA (P),,NO,IMPRUDENCIA DEL CONDUCTOR,OTRO (IMPRUDENCIA DEL CONDUCTOR),3.0,0,2022.0,3.0,5.0,1,0,1,1,0.0,0.0,0.0,0.0,0,1,53.5,7.7781745930520225,0,1,2,0.0,0.5,1
A-2022-03-43,2022-03-12,06:00,DESPISTE,1,0,2,AREQUIPA,CAMANA,SAMUEL PASTOR,URBANA,AVENIDA,URBANO,NO CORRESPONDE,-16.61005310771141,-72.70527483355946,DESPEJADO,RURAL,TRAMO RECTO,PLANA ,ASFALTADA,,,,,EN PROCESO DE INVESTIGACIÓN,NO CUENTA CON CAUSA ESPECIFICA,6.0,0,2022.0,3.0,5.0,1,1,1,0,1.0,0.0,0.0,1.0,0,0,46.0,24.041630560342615,1,1,2,0.5,0.5,0
A-2022-03-239,2022-03-12,07:00,VOLCADURA,1,0,0,APURIMAC,GRAU,VILCABAMBA,RURAL,AVENIDA,URBANO,NO CORRESPONDE,-14.078797918383271,-72.62581486234875,,,,,,,,,,EN PROCESO DE INVESTIGACIÓN,NO CUENTA CON CAUSA ESPECIFICA,7.0,0,2022.0,3.0,5.0,1,1,1,1,1.0,1.0,1.0,3.0,0,0,38.0,0.0,0,0,1,0.0,0.0,0
A-2022-03-235,2022-03-12,08:35,ATROPELLO,1,0,0,ANCASH,SANTA,CHIMBOTE,URBANA,AVENIDA,URBANO,NO CORRESPONDE,-9.074472820484136,-78.57626927976929,DESPEJADO,COMERCIAL,INTERSECCIÓN,PLANA ,ASFALTADA,,,,,EN PROCESO DE INVESTIGACIÓN,NO CUENTA CON CAUSA ESPECIFICA,8.0,0,2022.0,3.0,5.0,1,1,1,0,1.0,0.0,0.0,1.0,0,0,51.0,41.012193308819754,0,0,2,0.0,0.0,0
A-2022-03-224,2022-03-12,15:10,CHOQUE,1,0,2,HUANUCO,LEONCIO PRADO,PUEBLO NUEVO,RURAL,CARRETERA,NACIONAL,PE-5N,-9.149739,-75.988285,NUBLADO,RURAL,CURVA,PLANA ,ASFALTADA,SI,PREVENTIVA (P),REGULADORA (R),NO,IMPRUDENCIA DEL CONDUCTOR,EXCESO DE VELOCIDAD,15.0,0,2022.0,3.0,5.0,1,2,1,1,0.0,0.0,0.0,0.0,0,1,33.0,16.97056274847714,0,2,2,0.0,1.0,0
A-2022-03-123,2022-03-12,19:30,CHOQUE,1,0,2,PIURA,PIURA,LA UNION,URBANA,CALLE,URBANO,NO CORRESPONDE,-5.380902,-80.761395,DESPEJADO,COMERCIAL,TRAMO RECTO,PLANA ,AFIRMADO,,,,,EN PROCESO DE INVESTIGACIÓN,NO CUENTA CON CAUSA ESPECIFICA,19.0,0,2022.0,3.0,5.0,1,3,1,0,2.0,0.0,1.0,3.0,0,0,86.0,0.0,0,0,3,0.0,0.0,1
A-2022-03-71,2022-03-13,03:30,ATROPELLO,1,0,1,AREQUIPA,ISLAY,ISLAY,RURAL,CARRETERA,NACIONAL,PE-1SD,-16.998379,-72.062978,DESPEJADO,RURAL,TRAMO RECTO,INCLINADA,ASFALTADA,NO,,,SI,EN PROCESO DE INVESTIGACIÓN,NO CUENTA CON CAUSA ESPECIFICA,3.0,0,2022.0,3.0,6.0,1,0,1,0,0.0,1.0,0.0,1.0,0,1,25.0,8.48528137423857,0,1,2,0.0,0.5,1
A-2022-03-109,2022-03-13,04:00,CHOQUE FUGA,1,0,2,AREQUIPA,AREQUIPA,AREQUIPA,URBANA,CALLE,URBANO,NO CORRESPONDE,-16.397815544469076,-71.53264756050224,DESPEJADO,RESIDENCIAL,TRAMO RECTO,PLANA ,ASFALTADA,,,,,EN PROCESO DE INVESTIGACIÓN,NO CUENTA CON CAUSA ESPECIFICA,4.0,0,2022.0,3.0,6.0,1,0,1,0,2.0,0.0,0.0,2.0,0,0,43.0,0.0,0,0,2,0.0,0.0,1
A-2022-03-33,2022-03-13,04:00,ATROPELLO FUGA,1,0,0,ICA,PISCO,SAN CLEMENTE,URBANA,CALLE,URBANO,NO CORRESPONDE,-13.679180967830352,-76.15231400319837,DESPEJADO,RESIDENCIAL,INTERSECCIÓN,PLANA ,ASFALTADA,,,,,EN PROCESO DE INVESTIGACIÓN,NO CUENTA CON CAUSA ESPECIFICA,4.0,0,2022.0,3.0,6.0,1,0,1,0,2.0,0.0,0.0,2.0,0,0,43.0,0.0,0,0,2,0.0,0.0,1
A-2022-03-32,2022-03-13,05:45,ATROPELLO FUGA,1,0,0,ICA,ICA,SALAS,RURAL,CARRETERA,NACIONAL,PE-1S,-13.930563763669994,-75.93926083155701,DESPEJADO,RURAL,TRAMO RECTO,PLANA ,ASFALTADA,,,,,EN PROCESO DE INVESTIGACIÓN,NO CUENTA CON CAUSA ESPECIFICA,5.0,0,2022.0,3.0,6.0,1,0,1,0,0.0,0.0,0.0,0.0,0,0,42.0,0.0,0,0,2,0.0,0.0,1
A-2022-03-284,2022-03-13,06:00,CHOQUE,1,0,0,MADRE DE DIOS,TAMBOPATA,LABERINTO,,CARRETERA,PROVINCIAL,MD-529,-12.760173,-69.566378,,,,,,,,,,EN PROCESO DE INVESTIGACIÓN,NO CUENTA CON CAUSA ESPECIFICA,6.0,0,2022.0,3.0,6.0,1,1,1,2,0.0,1.0,1.0,2.0,0,0,50.0,11.313708498984761,0,0,2,0.0,0.0,0
A-2022-03-165,2022-03-13,07:10,CHOQUE,2,1,0,LIMA,HUAURA,VEGUETA,RURAL,CARRETERA,NACIONAL,PE-1N,-11.002744,-77.617208,DESPEJADO,RURAL,INTERSECCIÓN,PLANA ,ASFALTADA,SI,REGULADORA (R),REGULADORA (R),NO,IMPRUDENCIA DEL CONDUCTOR,EXCESO DE VELOCIDAD,7.0,1,2022.0,3.0,6.0,1,1,1,0,0.0,0.0,0.0,0.0,0,1,59.75,17.211914478058507,0,2,4,0.0,0.5,0
A-2022-03-259,2022-03-13,11:40,ATROPELLO,1,0,0,LIMA,LIMA,SAN JUAN DE LURIGANCHO,URBANA,AVENIDA,URBANO,NO CORRESPONDE,-11.9927389,-77.0108661,,,,,,,,,,EN PROCESO DE INVESTIGACIÓN,NO CUENTA CON CAUSA ESPECIFICA,11.0,0,2022.0,3.0,6.0,1,1,1,0,1.0,1.0,1.0,3.0,0,0,0.0,0.0,0,0,2,0.0,0.0,0
A-2022-03-205,2022-03-13,14:40,DESPISTE,1,1,1,LIMA,HUAURA,SAYAN,RURAL,CARRETERA,NACIONAL,PE-18,-11.13827,-77.202376,DESPEJADO,RURAL,CURVA,PLANA ,ASFALTADA,SI,PREVENTIVA (P),,NO,IMPRUDENCIA DEL CONDUCTOR,EXCESO DE VELOCIDAD,14.0,0,2022.0,3.0,6.0,1,2,1,0,0.0,0.0,0.0,0.0,0,1,47.5,41.71930009000631,0,1,2,0.0,0.5,0
A-2022-03-126,2022-03-13,16:10,ESPECIAL,2,0,1,LA LIBERTAD,PATAZ,PATAZ,RURAL,CARRETERA,DEPARTAMENTAL,LI-124,-7.697309,-77.66172,LLUVIOSO,RURAL,TRAMO RECTO,PLANA ,TROCHA,,,,,INFRAESTRUCTURA Y ENTORNO VIAL,FACTOR AMBIENTAL,16.0,1,2022.0,3.0,6.0,1,2,1,0,0.0,0.0,2.0,2.0,1,0,43.0,1.4142135623730951,0,1,2,0.0,0.5,0
A-2022-03-157,2022-03-13,18:00,DESPISTE,1,3,1,CAJAMARCA,SAN PABLO,SAN PABLO,RURAL,CARRETERA,PROVINCIAL,CA-1290,-7.07082,-78.782245,NUBLADO,RURAL,CURVA,PLANA ,TROCHA,,,,,EN PROCESO DE INVESTIGACIÓN,NO CUENTA CON CAUSA ESPECIFICA,18.0,0,2022.0,3.0,6.0,1,3,1,1,0.0,0.0,2.0,2.0,0,0,39.25,9.42956343987709,0,0,5,0.0,0.0,1
A-2022-03-240,2022-03-13,18:00,VOLCADURA,1,0,0,APURIMAC,ANTABAMBA,ANTABAMBA,RURAL,CARRETERA,DEPARTAMENTAL,AP-108,-14.38790873,-72.8574167,,,,,,,,,,EN PROCESO DE INVESTIGACIÓN,NO CUENTA CON CAUSA ESPECIFICA,18.0,0,2022.0,3.0,6.0,1,3,1,1,0.0,1.0,1.0,2.0,0,0,33.0,7.0710678118654755,0,0,2,0.0,0.0,1
A-2022-03-155,2022-03-13,19:20,DESPISTE,1,0,1,CUSCO,ACOMAYO,MOSOC LLACTA,RURAL,CARRETERA,SIN CLASIFICAR,SIN CLASIFICAR,-14.12253511866947,-71.4743294606795,DESPEJADO,RURAL,TRAMO RECTO,PLANA ,ASFALTADA,,,,,IMPRUDENCIA DEL CONDUCTOR,EXCESO DE VELOCIDAD,19.0,0,2022.0,3.0,6.0,1,3,1,1,0.0,0.0,0.0,0.0,0,0,46.5,4.949747468305833,0,1,2,0.0,0.5,1
A-2022-03-226,2022-03-13,21:10,CHOQUE,1,0,0,JUNIN,SATIPO,SATIPO,URBANA,CARRETERA,NACIONAL,PE-24A,-11.247796338571344,-74.63722939014922,,,,,,,,,,EN PROCESO DE INVESTIGACIÓN,NO CUENTA CON CAUSA ESPECIFICA,21.0,0,2022.0,3.0,6.0,1,3,1,1,0.0,1.0,1.0,2.0,0,0,26.5,7.7781745930520225,0,1,2,0.0,0.5,1
A-2022-03-156,2022-03-13,23:30,CHOQUE,1,0,1,CAJAMARCA,JAEN,PUCARA,RURAL,CARRETERA,NACIONAL,PE-3N,-6.059592,-79.075479,DESPEJADO,RURAL,TRAMO RECTO,PLANA ,ASFALTADA,NO,,,SI,EN PROCESO DE INVESTIGACIÓN,NO CUENTA CON CAUSA ESPECIFICA,23.0,0,2022.0,3.0,6.0,1,3,1,1,0.0,0.0,0.0,0.0,0,1,29.5,0.7071067811865476,0,0,2,0.0,0.0,1
A-2022-03-236,2022-03-14,03:20,CHOQUE,1,1,0,ANCASH,CASMA,CASMA,RURAL,CARRETERA,NACIONAL,PE-1N,-9.457931,-78.33327,DESPEJADO,RURAL,TRAMO RECTO,PLANA ,ASFALTADA,,,,,EN PROCESO DE INVESTIGACIÓN,NO CUENTA CON CAUSA ESPECIFICA,3.0,0,2022.0,3.0,0.0,0,0,1,0,0.0,0.0,0.0,0.0,0,0,24.5,7.7781745930520225,1,0,2,0.5,0.0,1
A-2022-03-218,2022-03-14,04:50,CHOQUE,3,1,2,HUANUCO,LEONCIO PRADO,MARIANO DAMASO BERAUN,RURAL,CARRETERA,NACIONAL,PE-18A,-9.443862,-75.973997,NUBLADO,RURAL,CURVA,PLANA ,ASFALTADA,SI,PREVENTIVA (P),PREVENTIVA (P),NO,IMPRUDENCIA DEL CONDUCTOR,EXCESO DE VELOCIDAD,4.0,2,2022.0,3.0,0.0,0,0,1,1,0.0,0.0,0.0,0.0,0,1,37.6,10.285912696499032,0,2,5,0.0,0.4,1
A-2022-03-113,2022-03-14,05:30,CHOQUE,1,0,2,AREQUIPA,AREQUIPA,CERRO COLORADO,URBANA,CARRETERA,DEPARTAMENTAL,AR-123,-16.362057,-71.624069,DESPEJADO,COMERCIAL,TRAMO RECTO,PLANA ,ASFALTADA,,,,,EN PROCESO DE INVESTIGACIÓN,NO CUENTA CON CAUSA ESPECIFICA,5.0,0,2022.0,3.0,0.0,0,0,1,0,0.0,0.0,0.0,0.0,0,0,34.0,1.4142135623730951,0,2,2,0.0,1.0,1
A-2022-03-242,2022-03-14,06:00,ATROPELLO FUGA,1,0,0,HUANUCO,HUANUCO,PILLCO MARCA,URBANA,CARRETERA,NACIONAL,PE-3N,-10.010606,-76.236774,DESPEJADO,RURAL,TRAMO RECTO,PLANA ,ASFALTADA,,,,,IMPRUDENCIA DEL PEATÓN,ESTADO DE EBRIEDAD Y/O DROGADICCIÓN,6.0,0,2022.0,3.0,0.0,0,1,1,1,0.0,0.0,0.0,0.0,0,0,52.0,0.0,0,0,2,0.0,0.0,0
A-2022-03-54,2022-03-14,06:15,CHOQUE,2,4,2,CAJAMARCA,CAJAMARCA,SAN JUAN,RURAL,CARRETERA,NACIONAL,PE-08,-7.2774845,-78.52642799,NIEBLA,RURAL,TRAMO RECTO,INCLINADA,ASFALTADA,NO,,,SI,EN PROCESO DE INVESTIGACIÓN,NO CUENTA CON CAUSA ESPECIFICA,6.0,1,2022.0,3.0,0.0,0,1,1,1,0.0,1.0,0.0,1.0,0,1,50.142857142857146,11.036735197037384,0,0,7,0.0,0.0,0