CODIGO_SINIESTRO,FECHA_SINIESTRO,HORA_SINIESTRO,CLASE_SINIESTRO,CANTIDAD_FALLECIDOS,CANTIDAD_LESIONADOS,CANTIDAD_VEHICULOS,DEPARTAMENTO,PROVINCIA,DISTRITO,ZONA,TIPO_VIA,RED_VIAL,COD_CARRETERA,LATITUD,LONGITUD,CONDICION_CLIMATICA,ZONIFICACION,CARACTERISTICAS_VIA,PERFIL_VIA,SUPERFICIE_CALZADA,EXISTE_SENIAL_VERTICAL,CLASIFICACION_SENIAL_VERTICAL_1,CLASIFICACION_SENIAL_VERTICAL_2,EXISTE_SENIAL_HORIZONTAL,CAUSA_FACTOR_PRINCIPAL,CAUSA_ESPECIFICA,HORA,severidad,ANIO,MES,DIA_SEMANA,FIN_SEMANA,FRANJA_HORARIA,TEMPORADA,MACROREGION,TIPO_VIA_SCORE,PERFIL_VIA_SCORE,SUPERFICIE_CALZADA_SCORE,RIESGO_INFRAESTRUCTURA,RIESGO_CLIMATICO,SENIALIZACION_DEFICIENTE,EDAD_PROMEDIO,EDAD_STD,TOTAL_ALCOHOL,TOTAL_LICENCIA,TOTAL_PERSONAS,PCT_ALCOHOL,PCT_LICENCIA,ES_NOCHE
A-2022-03-124,2022-03-14,06:40,CHOQUE,1,2,2,PIURA,MORROPON,LA MATANZA,RURAL,CARRETERA,NACIONAL,PE-1NJ,-5.34912333203378,-80.0677052977847,DESPEJADO,RURAL,TRAMO RECTO,PLANA ,ASFALTADA,,,,,IMPERICIA DEL CONDUCTOR,,6.0,0,2022.0,3.0,0.0,0,1,1,0,0.0,0.0,0.0,0.0,0,0,41.5,21.563858652847824,0,1,4,0.0,0.25,0
A-2022-03-237,2022-03-14,09:40,CHOQUE,2,3,3,ANCASH,SANTA,CHIMBOTE,URBANA,CARRETERA,NACIONAL,PE-1N,-9.09944219246969,-78.56271890109753,DESPEJADO,COMERCIAL,INTERSECCIÓN,PLANA ,ASFALTADA,,,,,IMPRUDENCIA DEL CONDUCTOR,INVASIÓN DE CARRIL,9.0,1,2022.0,3.0,0.0,0,1,1,0,0.0,0.0,0.0,0.0,0,0,33.0,9.93310961716756,0,3,7,0.0,0.429,0
A-2022-03-250-B,2022-03-14,10:00,DESPISTE,1,1,0,APURIMAC,AYMARAES,COTARUSE,RURAL,CARRETERA,NACIONAL,PE-30A,-14.46204805,-73.23595172,,,,,,,,,,EN PROCESO DE INVESTIGACIÓN,NO CUENTA CON CAUSA ESPECIFICA,10.0,0,2022.0,3.0,0.0,0,1,1,1,0.0,1.0,1.0,2.0,0,0,25.0,12.727922061357855,0,0,2,0.0,0.0,0
A-2022-03-249,2022-03-14,15:30,DESPISTE,3,0,1,LIMA,HUARAL,ATAVILLOS ALTO,RURAL,CARRETERA,NACIONAL,PE-20C,-11.26035498474348,-76.74175576376878,DESPEJADO,RURAL,CURVA,PLANA ,AFIRMADO,SI,PREVENTIVA (P),PREVENTIVA (P),NO,IMPRUDENCIA DEL CONDUCTOR,EXCESO DE VELOCIDAD,15.0,2,2022.0,3.0,0.0,0,2,1,0,0.0,0.0,1.0,1.0,0,1,62.333333333333336,13.316656236958787,0,1,3,0.0,0.333,0
A-2022-03-288,2022-03-14,17:00,ATROPELLO,1,1,0,LORETO,MAYNAS,BELEN,URBANA,AVENIDA,URBANO,NO CORRESPONDE,-3.7649589,-73.2590273,,,,,,,,,,EN PROCESO DE INVESTIGACIÓN,NO CUENTA CON CAUSA ESPECIFICA,17.0,0,2022.0,3.0,0.0,0,2,1,2,1.0,1.0,1.0,3.0,0,0,35.5,7.7781745930520225,0,0,2,0.0,0.0,0
A-2022-03-178,2022-03-14,21:20,CHOQUE,1,1,2,PIURA,PIURA,VEINTISEIS DE OCTUBRE,URBANA,CARRETERA,NACIONAL,PE-1N,-5.178503,-80.666686,DESPEJADO,COMERCIAL,TRAMO RECTO,PLANA ,ASFALTADA,,,,,IMPRUDENCIA DEL CONDUCTOR,EXCESO DE VELOCIDAD,21.0,0,2022.0,3.0,0.0,0,3,1,0,0.0,0.0,0.0,0.0,0,0,36.5,6.363961030678928,1,1,2,0.5,0.5,1
A-2022-03-49,2022-03-15,12:27,ESPECIAL,1,0,1,ANCASH,HUARAZ,HUARAZ,URBANA,OTRO,URBANO,NO CORRESPONDE,-9.52967998407476,-77.53063566634897,DESPEJADO,COMERCIAL,INTERSECCIÓN,INCLINADA,CONCRETO,SI,REGULADORA (R),REGULADORA (R),SI,NEGLIGENCIA DEL CONDUCTOR,OTRO (NEGLIGENCIA DEL CONDUCTOR),12.0,0,2022.0,3.0,1.0,0,2,1,0,2.0,1.0,0.0,3.0,0,0,32.0,0.0,0,1,1,0.0,1.0,0
A-2022-03-260,2022-03-15,23:30,ATROPELLO,1,0,0,LIMA,LIMA,SAN JUAN DE LURIGANCHO,URBANA,CARRETERA,PROVINCIAL,LM-711,-11.9255698497521,-76.9636556981117,,,,,,,,,,EN PROCESO DE INVESTIGACIÓN,NO CUENTA CON CAUSA ESPECIFICA,23.0,0,2022.0,3.0,1.0,0,3,1,0,0.0,1.0,1.0,2.0,0,0,0.0,0.0,0,0,2,0.0,0.0,1
A-2022-03-261,2022-03-16,01:00,DESPISTE,1,1,0,LIMA,LIMA,SAN ISIDRO,URBANA,OTRO,URBANO,NO CORRESPONDE,-12.108192,-77.058571,,,,,,,,,,EN PROCESO DE INVESTIGACIÓN,NO CUENTA CON CAUSA ESPECIFICA,1.0,0,2022.0,3.0,2.0,0,0,1,0,2.0,1.0,1.0,4.0,0,0,0.0,0.0,0,0,2,0.0,0.0,1
A-2022-03-151,2022-03-16,06:20,CHOQUE,1,0,1,AYACUCHO,HUANTA,HUANTA,RURAL,CARRETERA,NACIONAL,PE-3S,-12.928738,-74.267617,DESPEJADO,RURAL,CURVA,PLANA ,ASFALTADA,,,,,IMPRUDENCIA DEL CONDUCTOR,CONDUCIR EN ESTADO DE EBRIEDAD Y/O DROGADICCIÓN,6.0,0,2022.0,3.0,2.0,0,1,1,1,0.0,0.0,0.0,0.0,0,0,40.5,4.949747468305833,1,2,2,0.5,1.0,0
A-2022-03-111,2022-03-16,06:30,CHOQUE,1,3,2,AREQUIPA,CAYLLOMA,SAN ANTONIO DE CHUCA,RURAL,CARRETERA,NACIONAL,PE-34A,-15.865493,-71.130546,DESPEJADO,RURAL,CURVA,PLANA ,ASFALTADA,NO,,,SI,EN PROCESO DE INVESTIGACIÓN,NO CUENTA CON CAUSA ESPECIFICA,6.0,0,2022.0,3.0,2.0,0,1,1,0,0.0,0.0,0.0,0.0,0,1,36.4,18.16039647144302,0,2,5,0.0,0.4,0
A-2022-03-227,2022-03-16,11:00,ATROPELLO,1,0,0,PASCO,OXAPAMPA,OXAPAMPA,URBANA,CARRETERA,NACIONAL,PE-5NA,-10.574368742497535,-75.40626162704564,,,,,,,,,,EN PROCESO DE INVESTIGACIÓN,NO CUENTA CON CAUSA ESPECIFICA,11.0,0,2022.0,3.0,2.0,0,1,1,1,0.0,1.0,1.0,2.0,0,0,47.5,17.67766952966369,0,1,2,0.0,0.5,0
A-2022-03-110,2022-03-16,18:00,CHOQUE,1,0,2,LAMBAYEQUE,FERREÑAFE,PITIPO,RURAL,CARRETERA,SIN CLASIFICAR,SIN CLASIFICAR,-6.464714,-79.736062,DESPEJADO,RURAL,TRAMO RECTO,PLANA ,ASFALTADA,,,,,EN PROCESO DE INVESTIGACIÓN,NO CUENTA CON CAUSA ESPECIFICA,18.0,0,2022.0,3.0,2.0,0,3,1,0,0.0,0.0,0.0,0.0,0,0,55.0,14.142135623730951,0,1,2,0.0,0.5,1
A-2022-03-84,2022-03-16,18:00,DESPISTE,1,3,1,LA LIBERTAD,SANCHEZ CARRION,MARCABAL,RURAL,CARRETERA,SIN CLASIFICAR,SIN CLASIFICAR,-7.722098291763188,-77.90409563007718,LLUVIOSO,RURAL,TRAMO RECTO,PLANA ,TROCHA,,,,,IMPRUDENCIA DEL CONDUCTOR,EXCESO DE VELOCIDAD,18.0,0,2022.0,3.0,2.0,0,3,1,0,0.0,0.0,2.0,2.0,1,0,23.4,10.922453936730518,0,1,5,0.0,0.2,1
A-2022-03-147,2022-03-16,18:40,CHOQUE,1,0,2,LAMBAYEQUE,CHICLAYO,POMALCA,RURAL,CARRETERA,NACIONAL,PE-06A,-6.780738,-79.775901,DESPEJADO,RURAL,CURVA,PLANA ,ASFALTADA,,,,,EN PROCESO DE INVESTIGACIÓN,NO CUENTA CON CAUSA ESPECIFICA,18.0,0,2022.0,3.0,2.0,0,3,1,0,0.0,0.0,0.0,0.0,0,0,50.5,13.435028842544403,0,1,2,0.0,0.5,1
A-2022-03-92,2022-03-16,19:25,ATROPELLO FUGA,1,0,0,TACNA,TACNA,TACNA,RURAL,CARRETERA,NACIONAL,PE-1S,-18.299647,-70.315496,,,,,,,,,,EN PROCESO DE INVESTIGACIÓN,NO CUENTA CON CAUSA ESPECIFICA,19.0,0,2022.0,3.0,2.0,0,3,1,0,0.0,1.0,1.0,2.0,0,0,21.0,0.0,0,0,2,0.0,0.0,1
A-2022-03-285,2022-03-17,05:30,DESPISTE,1,0,1,PIURA,PIURA,CASTILLA,URBANA,CARRETERA,DEPARTAMENTAL,PI-126,-5.188331619680699,-80.60983030723118,DESPEJADO,COMERCIAL,TRAMO RECTO,PLANA ,ASFALTADA,,,,,NEGLIGENCIA DEL CONDUCTOR,OTRO (NEGLIGENCIA DEL CONDUCTOR),5.0,0,2022.0,3.0,3.0,0,0,1,0,0.0,0.0,0.0,0.0,0,0,77.0,0.0,0,1,1,0.0,1.0,1
A-2022-03-112,2022-03-17,05:55,ATROPELLO FUGA,1,0,1,LAMBAYEQUE,CHICLAYO,LAGUNAS,RURAL,CARRETERA,NACIONAL,PE-1N,-6.927695,-79.74143,DESPEJADO,RURAL,TRAMO RECTO,PLANA ,ASFALTADA,,,,,EN PROCESO DE INVESTIGACIÓN,NO CUENTA CON CAUSA ESPECIFICA,5.0,0,2022.0,3.0,3.0,0,0,1,0,0.0,0.0,0.0,0.0,0,0,53.0,0.0,0,0,2,0.0,0.0,1
A-2022-03-64,2022-03-17,09:45,CHOQUE,1,0,2,SAN MARTIN,MOYOBAMBA,MOYOBAMBA,RURAL,CARRETERA,NACIONAL,PE-5N,-6.045425,-77.016127,DESPEJADO,RURAL,CURVA,PLANA ,ASFALTADA,,,,,IMPRUDENCIA DEL CONDUCTOR,OTRO (IMPRUDENCIA DEL CONDUCTOR),9.0,0,2022.0,3.0,3.0,0,1,1,2,0.0,0.0,0.0,0.0,0,0,36.5,4.949747468305833,0,1,2,0.0,0.5,0
A-2022-03-85,2022-03-17,13:00,CHOQUE,1,3,2,LA LIBERTAD,ASCOPE,SANTIAGO DE CAO,RURAL,CARRETERA,DEPARTAMENTAL,LI-103,-7.8806646233416435,-79.21294547432167,DESPEJADO,RURAL,TRAMO RECTO,PLANA ,ASFALTADA,,,,,IMPRUDENCIA DEL CONDUCTOR,OTRO (IMPRUDENCIA DEL CONDUCTOR),13.0,0,2022.0,3.0,3.0,0,2,1,0,0.0,0.0,0.0,0.0,0,0,39.166666666666664,6.047037842337906,0,2,6,0.0,0.333,0
A-2022-03-262,2022-03-17,18:00,DESPISTE,1,1,1,PIURA,TALARA,LOS ORGANOS,RURAL,CARRETERA,NACIONAL,PE-1N,-4.221164057682058,-81.16719623639703,DESPEJADO,RURAL,CURVA,INCLINADA,ASFALTADA,SI,PREVENTIVA (P),,NO,IMPRUDENCIA DEL CONDUCTOR,EXCESO DE VELOCIDAD,18.0,0,2022.0,3.0,3.0,0,3,1,0,0.0,1.0,0.0,1.0,0,1,32.5,10.606601717798213,0,1,2,0.0,0.5,1
A-2022-03-175,2022-03-18,12:15,VOLCADURA,1,12,1,CUSCO,CUSCO,CUSCO,RURAL,CARRETERA,PROVINCIAL,CU-1259,-13.555421,-72.021903,DESPEJADO,RURAL,CURVA,PLANA ,AFIRMADO,,,,,IMPRUDENCIA DEL CONDUCTOR,EXCESO DE VELOCIDAD,12.0,0,2022.0,3.0,4.0,0,2,1,1,0.0,0.0,1.0,1.0,0,0,39.142857142857146,12.151968139784175,0,0,14,0.0,0.0,0
A-2022-03-243,2022-03-18,15:00,DESPISTE,1,1,1,HUANUCO,HUANUCO,AMARILIS,RURAL,CARRETERA,SIN CLASIFICAR,SIN CLASIFICAR,-9.919618,-76.176757,DESPEJADO,RURAL,TRAMO RECTO,PLANA ,TROCHA,,,,,IMPRUDENCIA DEL CONDUCTOR,FATIGA Y/O CANSANCIO,15.0,0,2022.0,3.0,4.0,0,2,1,1,0.0,0.0,2.0,2.0,0,0,34.0,0.0,0,0,2,0.0,0.0,0
A-2022-03-134,2022-03-18,15:45,DESPISTE,1,0,1,PUNO,MOHO,MOHO,RURAL,CARRETERA,NACIONAL,PE-34I,-15.31287060453219,-69.5469975128075,DESPEJADO,RURAL,TRAMO RECTO,PLANA ,ASFALTADA,,,,,IMPRUDENCIA DEL CONDUCTOR,EXCESO DE VELOCIDAD,15.0,0,2022.0,3.0,4.0,0,2,1,1,0.0,0.0,0.0,0.0,0,0,25.0,0.0,0,1,1,0.0,1.0,0
A-2022-03-86,2022-03-18,17:30,CHOQUE,1,4,2,LA LIBERTAD,CHEPEN,PACANGA,RURAL,CARRETERA,NACIONAL,PE-1N,-7.123959,-79.482107,DESPEJADO,RURAL,TRAMO RECTO,PLANA ,ASFALTADA,,,,,IMPRUDENCIA DEL CONDUCTOR,GIRAR IMPRUDENTEMENTE,17.0,0,2022.0,3.0,4.0,0,2,1,0,0.0,0.0,0.0,0.0,0,0,32.666666666666664,25.742312768410432,0,1,6,0.0,0.167,0
A-2022-03-166,2022-03-18,18:30,ATROPELLO,1,0,0,LIMA,HUAURA,HUAURA,URBANA,CARRETERA,DEPARTAMENTAL,LM-101,-11.066938,-77.598471,DESPEJADO,RESIDENCIAL,TRAMO RECTO,PLANA ,ASFALTADA,,,,,IMPRUDENCIA DEL CONDUCTOR,EXCESO DE VELOCIDAD,18.0,0,2022.0,3.0,4.0,0,3,1,0,0.0,0.0,0.0,0.0,0,0,48.0,39.59797974644666,0,0,2,0.0,0.0,1
A-2022-03-263,2022-03-18,21:00,CHOQUE,1,0,0,LIMA,LIMA,CARABAYLLO,URBANA,AVENIDA,URBANO,NO CORRESPONDE,-11.897196,-77.029915,,,,,,,,,,EN PROCESO DE INVESTIGACIÓN,NO CUENTA CON CAUSA ESPECIFICA,21.0,0,2022.0,3.0,4.0,0,3,1,0,1.0,1.0,1.0,3.0,0,0,0.0,0.0,0,0,2,0.0,0.0,1
A-2022-03-264,2022-03-18,22:00,CHOQUE,1,1,2,PIURA,SULLANA,SULLANA,URBANA,CARRETERA,DEPARTAMENTAL,PI-102,-4.906676289439571,-80.7149380373635,DESPEJADO,RURAL,TRAMO RECTO,PLANA ,ASFALTADA,,,,,IMPRUDENCIA DEL CONDUCTOR,CONDUCIR EN ESTADO DE EBRIEDAD Y/O DROGADICCIÓN,22.0,0,2022.0,3.0,4.0,0,3,1,0,0.0,0.0,0.0,0.0,0,0,32.5,3.5355339059327378,0,0,2,0.0,0.0,1
A-2022-03-159,2022-03-18,22:35,CHOQUE,1,0,0,CAJAMARCA,CUTERVO,CUTERVO,URBANA,CARRETERA,NACIONAL,PE-3N,-6.381019,-78.813507,,,,,,,,,,EN PROCESO DE INVESTIGACIÓN,NO CUENTA CON CAUSA ESPECIFICA,22.0,0,2022.0,3.0,4.0,0,3,1,1,0.0,1.0,1.0,2.0,0,0,21.0,0.0,0,0,1,0.0,0.0,1
A-2022-03-228,2022-03-19,17:20,CHOQUE,1,2,0,JUNIN,SATIPO,SATIPO,URBANA,JIRÓN,URBANO,NO CORRESPONDE,-11.258276821799369,-74.63794284265961,,,,,,,,,,EN PROCESO DE INVESTIGACIÓN,NO CUENTA CON CAUSA ESPECIFICA,17.0,0,2022.0,3.0,5.0,1,2,1,1,1.0,1.0,1.0,3.0,0,0,25.25,19.085334683992315,0,1,4,0.0,0.25,0
A-2022-03-62,2022-03-19,18:20,CHOQUE,1,0,2,PUNO,PUNO,PICHACANI,RURAL,CARRETERA,NACIONAL,PE-36B,-16.134248643016267,-70.04472892880808,DESPEJADO,RURAL,TRAMO RECTO,PLANA ,ASFALTADA,NO,,,SI,IMPRUDENCIA DEL CONDUCTOR,OTRO (IMPRUDENCIA DEL CONDUCTOR),18.0,0,2022.0,3.0,5.0,1,3,1,1,0.0,0.0,0.0,0.0,0,1,60.0,9.899494936611665,0,1,2,0.0,0.5,1
A-2022-03-190,2022-03-19,20:00,ATROPELLO FUGA,1,0,0,PUNO,MELGAR,AYAVIRI,RURAL,CARRETERA,NACIONAL,PE-3S,-14.9063508,-70.5833486,DESPEJADO,RURAL,TRAMO RECTO,PLANA ,ASFALTADA,,,,,IMPRUDENCIA DEL CONDUCTOR,EXCESO DE VELOCIDAD,20.0,0,2022.0,3.0,5.0,1,3,1,1,0.0,0.0,0.0,0.0,0,0,38.0,0.0,0,0,2,0.0,0.0,1
A-2022-03-191,2022-03-19,22:22,DESPISTE,1,0,1,PUNO,AZANGARO,AZANGARO,RURAL,CARRETERA,DEPARTAMENTAL,PU-111,-14.861094,-70.083645,DESPEJADO,RURAL,TRAMO RECTO,PLANA ,ASFALTADA,,,,,IMPERICIA DEL CONDUCTOR,,22.0,0,2022.0,3.0,5.0,1,3,1,1,0.0,0.0,0.0,0.0,0,0,59.0,0.0,0,0,1,0.0,0.0,1
A-2022-03-204,2022-03-20,01:30,CHOQUE,1,0,2,LIMA,HUAURA,VEGUETA,RURAL,CARRETERA,NACIONAL,PE-1N,-11.002965,-77.617296,DESPEJADO,RURAL,TRAMO RECTO,PLANA ,ASFALTADA,SI,REGULADORA (R),,NO,IMPRUDENCIA DEL CONDUCTOR,CONDUCIR EN ESTADO DE EBRIEDAD Y/O DROGADICCIÓN,1.0,0,2022.0,3.0,6.0,1,0,1,0,0.0,0.0,0.0,0.0,0,1,32.0,9.899494936611665,0,2,2,0.0,1.0,1
A-2022-03-209,2022-03-20,02:00,DESPISTE,1,1,1,JUNIN,HUANCAYO,SICAYA,RURAL,CARRETERA,NACIONAL,PE-3SB,-12.0298718,-75.2663292,DESPEJADO,RURAL,TRAMO RECTO,PLANA ,ASFALTADA,,,,,IMPRUDENCIA DEL CONDUCTOR,CONDUCIR EN ESTADO DE EBRIEDAD Y/O DROGADICCIÓN,2.0,0,2022.0,3.0,6.0,1,0,1,1,0.0,0.0,0.0,0.0,0,0,33.333333333333336,13.576941236277534,1,1,3,0.333,0.333,1
A-2022-03-128,2022-03-20,02:30,DESPISTE,1,0,1,PIURA,PIURA,VEINTISEIS DE OCTUBRE,URBANA,AVENIDA,URBANO,NO CORRESPONDE,-5.175705,-80.691057,DESPEJADO,RURAL,TRAMO RECTO,INCLINADA,ASFALTADA,,,,,IMPRUDENCIA DEL CONDUCTOR,CONDUCIR EN ESTADO DE EBRIEDAD Y/O DROGADICCIÓN,2.0,0,2022.0,3.0,6.0,1,0,1,0,1.0,1.0,0.0,2.0,0,0,45.0,0.0,1,1,1,1.0,1.0,1
A-2022-03-265,2022-03-20,02:45,DESPISTE,2,0,0,LIMA,LIMA,ATE,URBANA,CARRETERA,NACIONAL,PE-22,-12.0101,-76.8703,,,,,,,,,,EN PROCESO DE INVESTIGACIÓN,NO CUENTA CON CAUSA ESPECIFICA,2.0,1,2022.0,3.0,6.0,1,0,1,0,0.0,1.0,1.0,2.0,0,0,0.0,0.0,0,0,2,0.0,0.0,1
A-2022-03-241,2022-03-20,03:00,VOLCADURA,1,0,0,APURIMAC,GRAU,CHUQUIBAMBILLA,RURAL,CARRETERA,NACIONAL,PE-3SF,-14.052714002905486,-72.76267135628318,,,,,,,,,,EN PROCESO DE INVESTIGACIÓN,NO CUENTA CON CAUSA ESPECIFICA,3.0,0,2022.0,3.0,6.0,1,0,1,1,0.0,1.0,1.0,2.0,0,0,20.0,0.0,0,0,1,0.0,0.0,1
A-2022-03-87,2022-03-20,03:00,CHOQUE,1,0,2,LA LIBERTAD,VIRU,VIRU,RURAL,CARRETERA,NACIONAL,PE-1N,-8.388479,-78.851144,DESPEJADO,RURAL,TRAMO RECTO,PLANA ,ASFALTADA,,,,,IMPRUDENCIA DEL CONDUCTOR,OTRO (IMPRUDENCIA DEL CONDUCTOR),3.0,0,2022.0,3.0,6.0,1,0,1,0,0.0,0.0,0.0,0.0,0,0,58.0,9.899494936611665,0,1,2,0.0,0.5,1
A-2022-03-75,2022-03-20,03:20,DESPISTE,1,0,1,TACNA,JORGE BASADRE,LOCUMBA,RURAL,CARRETERA,PROVINCIAL,TA-515,-17.598172,-70.722395,DESPEJADO,RURAL,TRAMO RECTO,PLANA ,ASFALTADA,,,,,IMPRUDENCIA DEL CONDUCTOR,CONDUCIR EN ESTADO DE EBRIEDAD Y/O DROGADICCIÓN,3.0,0,2022.0,3.0,6.0,1,0,1,0,0.0,0.0,0.0,0.0,0,0,32.0,0.0,0,0,1,0.0,0.0,1
A-2022-03-68,2022-03-20,05:20,CHOQUE,1,1,2,TACNA,TACNA,TACNA,RURAL,CARRETERA,NACIONAL,PE-1S,-17.981974,-70.280788,NIEBLA,RURAL,TRAMO RECTO,PLANA ,ASFALTADA,SI,PREVENTIVA (P),,SI,IMPRUDENCIA DEL CONDUCTOR,INVASIÓN DE CARRIL,5.0,0,2022.0,3.0,6.0,1,0,1,0,0.0,0.0,0.0,0.0,0,0,28.5,2.1213203435596424,0,1,2,0.0,0.5,1
A-2022-03-114,2022-03-20,14:50,DESPISTE,4,0,1,AREQUIPA,CAYLLOMA,YANQUE,RURAL,CARRETERA,DEPARTAMENTAL,AR-109,-15.65131,-71.640565,DESPEJADO,RURAL,CURVA,INCLINADA,ASFALTADA,NO,,,SI,EN PROCESO DE INVESTIGACIÓN,NO CUENTA CON CAUSA ESPECIFICA,14.0,2,2022.0,3.0,6.0,1,2,1,0,0.0,1.0,0.0,1.0,0,1,12.5,10.535653752852738,0,0,4,0.0,0.0,0
A-2022-03-266,2022-03-20,23:30,VOLCADURA,1,0,0,LIMA,LIMA,COMAS,URBANA,AVENIDA,URBANO,NO CORRESPONDE,-11.913083,-77.019259,,,,,,,,,,EN PROCESO DE INVESTIGACIÓN,NO CUENTA CON CAUSA ESPECIFICA,23.0,0,2022.0,3.0,6.0,1,3,1,0,1.0,1.0,1.0,3.0,0,0,0.0,0.0,0,0,2,0.0,0.0,1
A-2022-03-221,2022-03-21,00:35,CHOQUE,1,0,0,HUANUCO,LEONCIO PRADO,MARIANO DAMASO BERAUN,URBANA,CARRETERA,NACIONAL,PE-18A,-9.345312,-75.982546,LLUVIOSO,RURAL,TRAMO RECTO,PLANA ,ASFALTADA,SI,PREVENTIVA (P),PREVENTIVA (P),NO,IMPRUDENCIA DEL CONDUCTOR,INVASIÓN DE CARRIL,0.0,0,2022.0,3.0,0.0,0,0,1,1,0.0,0.0,0.0,0.0,1,1,37.0,15.556349186104045,0,0,2,0.0,0.0,1
A-2022-03-267,2022-03-21,04:00,DESPISTE,1,0,0,LIMA,LIMA,ATE,URBANA,CARRETERA,NACIONAL,PE-1S,-12.06114766146284,-76.97248530948352,,,,,,,,,,EN PROCESO DE INVESTIGACIÓN,NO CUENTA CON CAUSA ESPECIFICA,4.0,0,2022.0,3.0,0.0,0,0,1,0,0.0,1.0,1.0,2.0,0,0,0.0,0.0,0,0,1,0.0,0.0,1
A-2022-03-129,2022-03-21,04:30,CHOQUE,1,4,2,PIURA,SECHURA,SECHURA,RURAL,CARRETERA,NACIONAL,PE-1N,-5.78294,-80.544911,DESPEJADO,RURAL,TRAMO RECTO,PLANA ,ASFALTADA,,,,,IMPRUDENCIA DEL CONDUCTOR,INVASIÓN DE CARRIL,4.0,0,2022.0,3.0,0.0,0,0,1,0,0.0,0.0,0.0,0.0,0,0,42.2,22.36515146382872,0,1,6,0.0,0.167,1
A-2022-03-89,2022-03-21,07:30,CHOQUE FUGA,1,0,2,LA LIBERTAD,ASCOPE,SANTIAGO DE CAO,RURAL,CARRETERA,DEPARTAMENTAL,LI-104,-7.927559,-79.252953,DESPEJADO,RURAL,TRAMO RECTO,PLANA ,ASFALTADA,,,,,IMPRUDENCIA DEL CONDUCTOR,FATIGA Y/O CANSANCIO,7.0,0,2022.0,3.0,0.0,0,1,1,0,0.0,0.0,0.0,0.0,0,0,75.0,0.0,0,0,2,0.0,0.0,0
A-2022-03-196,2022-03-21,12:00,DESPISTE,1,0,2,CUSCO,ESPINAR,CONDOROMA,RURAL,CARRETERA,NACIONAL,PE-34J,-15.351627,-71.104512,LLUVIOSO,RURAL,TRAMO RECTO,PLANA ,ASFALTADA,NO,,,SI,IMPERICIA DEL CONDUCTOR,,12.0,0,2022.0,3.0,0.0,0,2,1,1,0.0,0.0,0.0,0.0,1,1,24.0,4.242640687119285,0,1,2,0.0,0.5,0
A-2022-03-88,2022-03-21,18:20,CHOQUE,4,1,2,LA LIBERTAD,VIRU,VIRU,RURAL,CARRETERA,NACIONAL,PE-1N,-8.403789,-78.834177,DESPEJADO,RURAL,TRAMO RECTO,PLANA ,ASFALTADA,,,,,IMPRUDENCIA DEL CONDUCTOR,INVASIÓN DE CARRIL,18.0,2,2022.0,3.0,0.0,0,3,1,0,0.0,0.0,0.0,0.0,0,0,29.666666666666668,18.54364221685337,0,2,6,0.0,0.333,1
A-2022-03-270,2022-03-21,18:30,ATROPELLO,1,0,0,LIMA,LIMA,VILLA MARIA DEL TRIUNFO,URBANA,AVENIDA,URBANO,NO CORRESPONDE,-12.1744,-76.94747,,,,,,,,,,EN PROCESO DE INVESTIGACIÓN,NO CUENTA CON CAUSA ESPECIFICA,18.0,0,2022.0,3.0,0.0,0,3,1,0,1.0,1.0,1.0,3.0,0,0,0.0,0.0,0,0,2,0.0,0.0,1
A-2022-03-274,2022-03-21,23:00,DESPISTE,1,0,1,PIURA,SULLANA,SULLANA,URBANA,CARRETERA,PROVINCIAL,PI-986,-4.991518918270135,-80.64655781582537,DESPEJADO,RURAL,TRAMO RECTO,PLANA ,ASFALTADA,SI,PREVENTIVA (P),,NO,IMPRUDENCIA DEL CONDUCTOR,EXCESO DE VELOCIDAD,23.0,0,2022.0,3.0,0.0,0,3,1,0,0.0,0.0,0.0,0.0,0,1,0.0,0.0,0,0,1,0.0,0.0,1
A-2022-03-182,2022-03-22,07:30,DESPISTE,3,0,1,CUSCO,ESPINAR,OCORURO,RURAL,CARRETERA,SIN CLASIFICAR,SIN CLASIFICAR,-15.162383,-71.157122,NUBLADO,RURAL,CURVA,PLANA ,ASFALTADA,SI,PREVENTIVA (P),PREVENTIVA (P),NO,IMPRUDENCIA DEL CONDUCTOR,EXCESO DE VELOCIDAD,7.0,2,2022.0,3.0,1.0,0,1,1,1,0.0,0.0,0.0,0.0,0,1,31.75,14.522970311429637,0,1,4,0.0,0.25,0
A-2022-03-116,2022-03-22,11:05,DESPISTE,1,0,1,TACNA,TACNA,TACNA,URBANA,AVENIDA,URBANO,NO CORRESPONDE,-18.03149409140884,-70.27291054248211,SOLEADO,RESIDENCIAL,TRAMO RECTO,PLANA ,ASFALTADA,NO,,,SI,EN PROCESO DE INVESTIGACIÓN,NO CUENTA CON CAUSA ESPECIFICA,11.0,0,2022.0,3.0,1.0,0,1,1,0,1.0,0.0,0.0,1.0,0,1,63.0,0.0,0,1,1,0.0,1.0,0
A-2022-03-229,2022-03-23,12:30,DESPISTE,1,3,0,JUNIN,CHANCHAMAYO,PICHANAQUI,RURAL,CARRETERA,NACIONAL,PE-5S,-10.939242044136048,-74.86162280623186,,,,,,,,,,EN PROCESO DE INVESTIGACIÓN,NO CUENTA CON CAUSA ESPECIFICA,12.0,0,2022.0,3.0,2.0,0,2,1,1,0.0,1.0,1.0,2.0,0,0,29.5,21.658716490133944,0,1,6,0.0,0.167,0