CODIGO_SINIESTRO,FECHA_SINIESTRO,HORA_SINIESTRO,CLASE_SINIESTRO,CANTIDAD_FALLECIDOS,CANTIDAD_LESIONADOS,CANTIDAD_VEHICULOS,DEPARTAMENTO,PROVINCIA,DISTRITO,ZONA,TIPO_VIA,RED_VIAL,COD_CARRETERA,LATITUD,LONGITUD,CONDICION_CLIMATICA,ZONIFICACION,CARACTERISTICAS_VIA,PERFIL_VIA,SUPERFICIE_CALZADA,EXISTE_SENIAL_VERTICAL,CLASIFICACION_SENIAL_VERTICAL_1,CLASIFICACION_SENIAL_VERTICAL_2,EXISTE_SENIAL_HORIZONTAL,CAUSA_FACTOR_PRINCIPAL,CAUSA_ESPECIFICA,HORA,severidad,ANIO,MES,DIA_SEMANA,FIN_SEMANA,FRANJA_HORARIA,TEMPORADA,MACROREGION,TIPO_VIA_SCORE,PERFIL_VIA_SCORE,SUPERFICIE_CALZADA_SCORE,RIESGO_INFRAESTRUCTURA,RIESGO_CLIMATICO,SENIALIZACION_DEFICIENTE,EDAD_PROMEDIO,EDAD_STD,TOTAL_ALCOHOL,TOTAL_LICENCIA,TOTAL_PERSONAS,PCT_ALCOHOL,PCT_LICENCIA,ES_NOCHE
A-2022-03-179,2022-03-23,19:00,DESPISTE,1,1,1,PIURA,MORROPON,CHULUCANAS,URBANA,CARRETERA,NACIONAL,PE-1NR,-5.030273,-80.200573,DESPEJADO,RURAL,TRAMO RECTO,PLANA ,ASFALTADA,,,,,EN PROCESO DE INVESTIGACIÓN,NO CUENTA CON CAUSA ESPECIFICA,19.0,0,2022.0,3.0,2.0,0,3,1,0,0.0,0.0,0.0,0.0,0,0,22.5,2.1213203435596424,0,0,2,0.0,0.0,1
A-2022-03-163,2022-03-24,05:00,ESPECIAL,1,0,1,CALLAO,CALLAO,CALLAO,URBANA,CARRETERA,NACIONAL,PE-20I,-12.040701675627345,-77.11587471962183,DESPEJADO,RESIDENCIAL,TRAMO RECTO,PLANA ,ASFALTADA,NO,,,SI,EN PROCESO DE INVESTIGACIÓN,NO CUENTA CON CAUSA ESPECIFICA,5.0,0,2022.0,3.0,3.0,0,0,1,0,0.0,0.0,0.0,0.0,0,1,44.5,23.33452377915607,0,2,2,0.0,1.0,1
A-2022-03-162,2022-03-24,07:30,ATROPELLO FUGA,1,0,0,CALLAO,CALLAO,CALLAO,URBANA,CARRETERA,NACIONAL,PE-20,-11.97529867702563,-77.12500823797006,DESPEJADO,INDUSTRIAL,TRAMO RECTO,PLANA ,ASFALTADA,NO,,,SI,IMPRUDENCIA DEL PEATÓN,CRUCE INDEBIDO POR LA CALZADA,7.0,0,2022.0,3.0,3.0,0,1,1,0,0.0,0.0,0.0,0.0,0,1,0.0,0.0,0,0,2,0.0,0.0,0
A-2022-03-118,2022-03-24,10:30,ATROPELLO,1,0,1,LA LIBERTAD,ASCOPE,PAIJAN,RURAL,CARRETERA,SIN CLASIFICAR,SIN CLASIFICAR,-7.721533,-79.28752,DESPEJADO,RURAL,TRAMO RECTO,PLANA ,AFIRMADO,,,,,EN PROCESO DE INVESTIGACIÓN,NO CUENTA CON CAUSA ESPECIFICA,10.0,0,2022.0,3.0,3.0,0,1,1,0,0.0,0.0,1.0,1.0,0,0,55.0,8.48528137423857,0,0,2,0.0,0.0,0
A-2022-03-174,2022-03-24,15:30,ATROPELLO,1,0,0,CUSCO,URUBAMBA,MARAS,RURAL,CARRETERA,PROVINCIAL,CU-1167,-13.32962012555691,-72.1689268062771,DESPEJADO,RURAL,TRAMO RECTO,PLANA ,AFIRMADO,,,,,IMPRUDENCIA DEL CONDUCTOR,EXCESO DE VELOCIDAD,15.0,0,2022.0,3.0,3.0,0,2,1,1,0.0,0.0,1.0,1.0,0,0,50.5,16.263455967290593,0,1,2,0.0,0.5,0
A-2022-03-115,2022-03-24,16:00,ESPECIAL,1,0,0,ICA,ICA,ICA,URBANA,CALLE,URBANO,NO CORRESPONDE,-14.073634,-75.784767,DESPEJADO,RESIDENCIAL,OTRO,INCLINADA,TROCHA,,,,,EN PROCESO DE INVESTIGACIÓN,NO CUENTA CON CAUSA ESPECIFICA,16.0,0,2022.0,3.0,3.0,0,2,1,0,2.0,1.0,2.0,5.0,0,0,57.0,0.0,0,0,2,0.0,0.0,0
A-2022-03-101,2022-03-24,18:30,CHOQUE FUGA,1,0,2,ICA,ICA,PARCONA,URBANA,AVENIDA,URBANO,NO CORRESPONDE,-14.059571,-75.722216,DESPEJADO,RESIDENCIAL,INTERSECCIÓN,PLANA ,ASFALTADA,,,,,EN PROCESO DE INVESTIGACIÓN,NO CUENTA CON CAUSA ESPECIFICA,18.0,0,2022.0,3.0,3.0,0,3,1,0,1.0,0.0,0.0,1.0,0,0,29.0,7.0710678118654755,0,1,2,0.0,0.5,1
A-2022-03-183,2022-03-24,23:00,DESPISTE,1,0,1,CUSCO,CALCA,LARES,RURAL,CARRETERA,PROVINCIAL,CU-709,-13.16313667,-71.9724245,LLUVIOSO,RURAL,SINUOSA,PLANA ,ASFALTADA,,,,,IMPERICIA DEL CONDUCTOR,,23.0,0,2022.0,3.0,3.0,0,3,1,1,0.0,0.0,0.0,0.0,1,0,54.0,0.0,0,1,1,0.0,1.0,1
A-2022-03-152,2022-03-25,10:00,ATROPELLO,1,0,0,AYACUCHO,HUAMANGA,CARMEN ALTO,URBANA,CARRETERA,PROVINCIAL,AY-836,-13.178609,-74.22137,DESPEJADO,COMERCIAL,INTERSECCIÓN,INCLINADA,CONCRETO,,,,,IMPRUDENCIA DEL CONDUCTOR,FATIGA Y/O CANSANCIO,10.0,0,2022.0,3.0,4.0,0,1,1,1,0.0,1.0,0.0,1.0,0,0,54.5,40.30508652763321,0,0,2,0.0,0.0,0
A-2022-03-222,2022-03-25,10:31,ATROPELLO,1,0,1,HUANUCO,LEONCIO PRADO,RUPA-RUPA,URBANA,JIRÓN,URBANO,NO CORRESPONDE,-9.307166,-76.002489,DESPEJADO,COMERCIAL,TRAMO RECTO,PLANA ,CONCRETO,,,,,IMPRUDENCIA DEL PEATÓN,CRUCE INDEBIDO POR LA CALZADA,10.0,0,2022.0,3.0,4.0,0,1,1,1,1.0,0.0,0.0,1.0,0,0,47.0,5.656854249492381,0,1,2,0.0,0.5,0
A-2022-03-278,2022-03-25,11:30,ATROPELLO,1,0,1,PIURA,PIURA,LAS LOMAS,RURAL,CARRETERA,NACIONAL,PE-1NL,-4.75594792446089,-80.29782228265425,DESPEJADO,RURAL,TRAMO RECTO,PLANA ,ASFALTADA,,,,,IMPRUDENCIA DEL CONDUCTOR,OTRO (IMPRUDENCIA DEL CONDUCTOR),11.0,0,2022.0,3.0,4.0,0,1,1,0,0.0,0.0,0.0,0.0,0,0,35.0,36.76955262170047,0,0,2,0.0,0.0,0
A-2022-03-184,2022-03-26,07:31,DESPISTE,1,0,1,CUSCO,CANCHIS,SICUANI,URBANA,CARRETERA,NACIONAL,PE-3S,-14.292153543743536,-71.21975426759026,LLUVIOSO,RESIDENCIAL,INTERSECCIÓN,PLANA ,ASFALTADA,NO,,,SI,IMPRUDENCIA DEL CONDUCTOR,EXCESO DE VELOCIDAD,7.0,0,2022.0,3.0,5.0,1,1,1,1,0.0,0.0,0.0,0.0,1,1,61.0,0.0,0,1,1,0.0,1.0,0
A-2022-03-180,2022-03-26,13:40,VOLCADURA,1,0,1,SAN MARTIN,RIOJA,PARDO MIGUEL,RURAL,CARRETERA,NACIONAL,PE-5N,-5.674651,-77.675794,LLUVIOSO,RURAL,TRAMO RECTO,PLANA ,ASFALTADA,,,,,EN PROCESO DE INVESTIGACIÓN,NO CUENTA CON CAUSA ESPECIFICA,13.0,0,2022.0,3.0,5.0,1,2,1,2,0.0,0.0,0.0,0.0,1,0,39.0,0.0,0,0,2,0.0,0.0,0
A-2022-03-273,2022-03-26,16:30,ATROPELLO,1,0,0,LIMA,LIMA,ATE,URBANA,AVENIDA,URBANO,NO CORRESPONDE,-12.025976610406657,-76.92000324652466,,,,,,,,,,EN PROCESO DE INVESTIGACIÓN,NO CUENTA CON CAUSA ESPECIFICA,16.0,0,2022.0,3.0,5.0,1,2,1,0,1.0,1.0,1.0,3.0,0,0,0.0,0.0,0,0,2,0.0,0.0,0
A-2022-03-99,2022-03-26,17:10,CHOQUE,2,2,2,PUNO,PUNO,CHUCUITO,RURAL,CARRETERA,NACIONAL,PE-3S,-15.9302331,-69.8740858,DESPEJADO,RURAL,TRAMO RECTO,PLANA ,ASFALTADA,NO,,,SI,IMPRUDENCIA DEL CONDUCTOR,OTRO (IMPRUDENCIA DEL CONDUCTOR),17.0,1,2022.0,3.0,5.0,1,2,1,1,0.0,0.0,0.0,0.0,0,1,61.75,11.586630226256467,0,1,4,0.0,0.25,0
A-2022-03-108,2022-03-26,20:20,DESPISTE,1,0,1,AREQUIPA,CASTILLA,APLAO,RURAL,CARRETERA,DEPARTAMENTAL,AR-106,-15.99961631325248,-72.47631622169334,DESPEJADO,RURAL,SINUOSA,INCLINADA,ASFALTADA,,,,,EN PROCESO DE INVESTIGACIÓN,NO CUENTA CON CAUSA ESPECIFICA,20.0,0,2022.0,3.0,5.0,1,3,1,0,0.0,1.0,0.0,1.0,0,0,59.0,0.0,0,0,1,0.0,0.0,1
A-2022-03-280,2022-03-26,21:00,DESPISTE,1,0,1,PIURA,PAITA,COLAN,RURAL,CARRETERA,DEPARTAMENTAL,PI-101,-4.920059432277141,-81.06372716643473,DESPEJADO,RURAL,TRAMO RECTO,PLANA ,ASFALTADA,,,,,IMPRUDENCIA DEL CONDUCTOR,OTRO (IMPRUDENCIA DEL CONDUCTOR),21.0,0,2022.0,3.0,5.0,1,3,1,0,0.0,0.0,0.0,0.0,0,0,38.0,0.0,0,0,1,0.0,0.0,1
A-2022-03-98,2022-03-26,21:00,CHOQUE,1,0,0,CUSCO,QUISPICANCHI,URCOS,RURAL,CARRETERA,NACIONAL,PE-3S,-13.694242768343637,-71.59844714159948,DESPEJADO,RURAL,CURVA,INCLINADA,ASFALTADA,NO,,,SI,IMPRUDENCIA DEL CONDUCTOR,CONDUCIR EN ESTADO DE EBRIEDAD Y/O DROGADICCIÓN,21.0,0,2022.0,3.0,5.0,1,3,1,1,0.0,1.0,0.0,1.0,0,1,43.5,7.7781745930520225,1,2,2,0.5,1.0,1
A-2022-03-119,2022-03-26,21:30,CHOQUE,2,2,2,LA LIBERTAD,ASCOPE,CHOCOPE,RURAL,CARRETERA,NACIONAL,PE-1N,-7.776087,-79.251727,DESPEJADO,RURAL,TRAMO RECTO,PLANA ,ASFALTADA,,,,,IMPRUDENCIA DEL CONDUCTOR,CONDUCIR EN SENTIDO CONTRARIO,21.0,1,2022.0,3.0,5.0,1,3,1,0,0.0,0.0,0.0,0.0,0,0,46.0,4.69041575982343,1,1,4,0.25,0.25,1
A-2022-03-158,2022-03-26,23:36,CHOQUE,1,1,0,CAJAMARCA,CAJAMARCA,CAJAMARCA,URBANA,CARRETERA,NACIONAL,PE-3N,-7.16543873,-78.50264764,,,,,,,,,,EN PROCESO DE INVESTIGACIÓN,NO CUENTA CON CAUSA ESPECIFICA,23.0,0,2022.0,3.0,5.0,1,3,1,1,0.0,1.0,1.0,2.0,0,0,30.5,2.1213203435596424,0,0,2,0.0,0.0,1
A-2022-03-271,2022-03-26,23:50,ATROPELLO FUGA,1,0,0,LIMA,LIMA,LURIN,URBANA,CARRETERA,NACIONAL,PE-1S,-12.2979310064019,-76.8538862432187,,,,,,,,,,EN PROCESO DE INVESTIGACIÓN,NO CUENTA CON CAUSA ESPECIFICA,23.0,0,2022.0,3.0,5.0,1,3,1,0,0.0,1.0,1.0,2.0,0,0,0.0,0.0,0,0,2,0.0,0.0,1
A-2022-03-100,2022-03-27,02:00,CHOQUE,1,1,2,PUNO,CHUCUITO,ZEPITA,RURAL,CARRETERA,NACIONAL,PE-3S,-16.430825738404142,-69.16693919707568,DESPEJADO,RURAL,CURVA,INCLINADA,ASFALTADA,NO,,,SI,IMPRUDENCIA DEL CONDUCTOR,INVASIÓN DE CARRIL,2.0,0,2022.0,3.0,6.0,1,0,1,1,0.0,1.0,0.0,1.0,0,1,37.0,8.48528137423857,0,2,2,0.0,1.0,1
A-2022-03-230,2022-03-27,05:30,DESPISTE,1,0,0,JUNIN,CHANCHAMAYO,PERENE,RURAL,CARRETERA,NACIONAL,PE-5S,-10.94005315194511,-75.19719296823605,,,,,,,,,,EN PROCESO DE INVESTIGACIÓN,NO CUENTA CON CAUSA ESPECIFICA,5.0,0,2022.0,3.0,6.0,1,0,1,1,0.0,1.0,1.0,2.0,0,0,27.0,0.0,0,0,1,0.0,0.0,1
A-2022-03-269,2022-03-27,06:00,CHOQUE,1,0,2,PIURA,PIURA,TAMBO GRANDE,RURAL,CARRETERA,NACIONAL,PE-1NL,-4.8572942381084765,-80.30894809168305,DESPEJADO,RURAL,TRAMO RECTO,PLANA ,ASFALTADA,,,,,IMPRUDENCIA DEL CONDUCTOR,INVASIÓN DE CARRIL,6.0,0,2022.0,3.0,6.0,1,1,1,0,0.0,0.0,0.0,0.0,0,0,35.0,4.242640687119285,0,2,2,0.0,1.0,0
A-2022-03-277,2022-03-27,07:00,CHOQUE,1,0,2,PIURA,SULLANA,LANCONES,RURAL,CARRETERA,NACIONAL,PE-1NN,-4.5267446551044825,-80.47315803688726,DESPEJADO,RURAL,TRAMO RECTO,PLANA ,ASFALTADA,,,,,IMPRUDENCIA DEL CONDUCTOR,INVASIÓN DE CARRIL,7.0,0,2022.0,3.0,6.0,1,1,1,0,0.0,0.0,0.0,0.0,0,0,53.0,0.0,0,1,2,0.0,0.5,0
A-2022-03-135,2022-03-27,07:30,CHOQUE,1,2,2,PUNO,HUANCANE,PUSI,RURAL,CARRETERA,NACIONAL,PE-34H,-15.4194085,-70.0694522,SOLEADO,RURAL,TRAMO RECTO,PLANA ,ASFALTADA,,,,,IMPRUDENCIA DEL CONDUCTOR,EXCESO DE VELOCIDAD,7.0,0,2022.0,3.0,6.0,1,1,1,1,0.0,0.0,0.0,0.0,0,0,28.5,5.0,0,1,4,0.0,0.25,0
A-2022-03-164,2022-03-27,17:00,DESPISTE,1,8,1,CAJAMARCA,CAJAMARCA,NAMORA,RURAL,CARRETERA,PROVINCIAL,CA-1509,-7.200335,-78.31018,DESPEJADO,RURAL,CURVA,INCLINADA,AFIRMADO,,,,,EN PROCESO DE INVESTIGACIÓN,NO CUENTA CON CAUSA ESPECIFICA,17.0,0,2022.0,3.0,6.0,1,2,1,1,0.0,1.0,1.0,2.0,0,0,39.111111111111114,24.644697423809262,0,0,9,0.0,0.0,0
A-2022-03-219,2022-03-27,17:00,CHOQUE,1,4,2,HUANUCO,LEONCIO PRADO,MARIANO DAMASO BERAUN,URBANA,CARRETERA,NACIONAL,PE-18A,-9.3336001,-75.989034,SOLEADO,RURAL,CURVA,INCLINADA,ASFALTADA,SI,PREVENTIVA (P),,NO,IMPRUDENCIA DEL CONDUCTOR,ADELANTAR INDEBIDAMENTE,17.0,0,2022.0,3.0,6.0,1,2,1,1,0.0,1.0,0.0,1.0,0,1,38.833333333333336,25.763669510895895,0,2,6,0.0,0.333,0
A-2022-03-275,2022-03-27,17:30,ATROPELLO,1,0,0,LIMA,LIMA,EL AGUSTINO,URBANA,CARRETERA,NACIONAL,PE-22,-12.0318839845185,-76.9880235183415,,,,,,,,,,EN PROCESO DE INVESTIGACIÓN,NO CUENTA CON CAUSA ESPECIFICA,17.0,0,2022.0,3.0,6.0,1,2,1,0,0.0,1.0,1.0,2.0,0,0,0.0,0.0,0,0,2,0.0,0.0,0
A-2022-03-121,2022-03-27,18:00,DESPISTE,1,0,1,HUANCAVELICA,HUAYTARA,HUAYTARA,RURAL,CARRETERA,NACIONAL,PE-28A,-13.598955,-75.362833,NUBLADO,RURAL,TRAMO RECTO,PLANA ,ASFALTADA,,,,,EN PROCESO DE INVESTIGACIÓN,NO CUENTA CON CAUSA ESPECIFICA,18.0,0,2022.0,3.0,6.0,1,3,1,1,0.0,0.0,0.0,0.0,0,0,21.0,0.0,0,0,1,0.0,0.0,1
A-2022-03-279,2022-03-27,18:00,CHOQUE FUGA,1,0,1,PIURA,PAITA,AMOTAPE,RURAL,CARRETERA,DEPARTAMENTAL,PI-101,-4.869924715571225,-81.0158176697112,DESPEJADO,RURAL,CURVA,INCLINADA,ASFALTADA,,,,,EN PROCESO DE INVESTIGACIÓN,NO CUENTA CON CAUSA ESPECIFICA,18.0,0,2022.0,3.0,6.0,1,3,1,0,0.0,1.0,0.0,1.0,0,0,47.0,0.0,0,0,2,0.0,0.0,1
A-2022-03-281,2022-03-27,18:30,DESPISTE,1,0,1,PIURA,TALARA,EL ALTO,RURAL,CARRETERA,NACIONAL,PE-1N,-4.232034909771605,-81.17430923443803,DESPEJADO,RURAL,CURVA,INCLINADA,ASFALTADA,SI,REGULADORA (R),,NO,IMPRUDENCIA DEL CONDUCTOR,OTRO (IMPRUDENCIA DEL CONDUCTOR),18.0,0,2022.0,3.0,6.0,1,3,1,0,0.0,1.0,0.0,1.0,0,1,0.0,0.0,0,0,1,0.0,0.0,1
A-2022-03-203,2022-03-27,18:45,CHOQUE,1,1,2,LIMA,HUARAL,AUCALLAMA,URBANA,CARRETERA,NACIONAL,PE-1N,-11.61340138800391,-77.23109716729165,DESPEJADO,RESIDENCIAL,INTERSECCIÓN,PLANA ,ASFALTADA,SI,REGULADORA (R),,NO,IMPRUDENCIA DEL CONDUCTOR,CONDUCIR EN ESTADO DE EBRIEDAD Y/O DROGADICCIÓN,18.0,0,2022.0,3.0,6.0,1,3,1,0,0.0,0.0,0.0,0.0,0,1,28.333333333333332,0.5773502691896263,1,1,3,0.333,0.333,1
A-2022-03-197,2022-03-27,21:00,ATROPELLO,1,1,1,CUSCO,CANCHIS,SAN PEDRO,RURAL,CARRETERA,NACIONAL,PE-3S,-14.19004,-71.33704,LLUVIOSO,RURAL,TRAMO RECTO,PLANA ,ASFALTADA,,,,,IMPRUDENCIA DEL PEATÓN,ESTADO DE EBRIEDAD Y/O DROGADICCIÓN,21.0,0,2022.0,3.0,6.0,1,3,1,1,0.0,0.0,0.0,0.0,1,0,36.0,2.8284271247461903,0,1,2,0.0,0.5,1
A-2022-03-272,2022-03-27,22:20,DESPISTE,1,0,1,PIURA,PAITA,LA HUACA,RURAL,CARRETERA,DEPARTAMENTAL,PI-102,-4.916601433503071,-80.90234658692755,DESPEJADO,RURAL,TRAMO RECTO,PLANA ,ASFALTADA,SI,PREVENTIVA (P),,SI,IMPRUDENCIA DEL CONDUCTOR,INVASIÓN DE CARRIL,22.0,0,2022.0,3.0,6.0,1,3,1,0,0.0,0.0,0.0,0.0,0,0,26.0,0.0,0,0,1,0.0,0.0,1
A-2022-03-276,2022-03-28,07:00,DESPISTE,1,1,0,LIMA,LIMA,MIRAFLORES,URBANA,OTRO,URBANO,NO CORRESPONDE,-12.1135039034589,-77.0510165416255,,,,,,,,,,EN PROCESO DE INVESTIGACIÓN,NO CUENTA CON CAUSA ESPECIFICA,7.0,0,2022.0,3.0,0.0,0,1,1,0,2.0,1.0,1.0,4.0,0,0,0.0,0.0,0,0,2,0.0,0.0,0
A-2022-03-145,2022-03-28,19:00,DESPISTE,1,6,1,ANCASH,CORONGO,CUSCA,RURAL,CARRETERA,NACIONAL,PE-12A,-8.597491497,-77.76735691,LLUVIOSO,RURAL,CURVA,PLANA ,ASFALTADA,,,,,EN PROCESO DE INVESTIGACIÓN,NO CUENTA CON CAUSA ESPECIFICA,19.0,0,2022.0,3.0,0.0,0,3,1,0,0.0,0.0,0.0,0.0,1,0,33.285714285714285,24.24674745001403,0,1,7,0.0,0.143,1
A-2022-03-268,2022-03-29,01:00,VOLCADURA,1,0,0,MADRE DE DIOS,TAMBOPATA,LAS PIEDRAS,RURAL,CARRETERA,NACIONAL,PE-30C,-12.542110676520997,-69.14294938385845,DESPEJADO,RURAL,TRAMO RECTO,PLANA ,ASFALTADA,,,,,EN PROCESO DE INVESTIGACIÓN,NO CUENTA CON CAUSA ESPECIFICA,1.0,0,2022.0,3.0,1.0,0,0,1,2,0.0,0.0,0.0,0.0,0,0,43.0,0.0,0,0,1,0.0,0.0,1
A-2022-03-200,2022-03-29,04:30,CHOQUE,1,0,1,CUSCO,LA CONVENCION,SANTA ANA,URBANA,CARRETERA,NACIONAL,PE-28B,-12.865908784558725,-72.69354675932448,DESPEJADO,RESIDENCIAL,TRAMO RECTO,PLANA ,CONCRETO,,,,,IMPRUDENCIA DEL CONDUCTOR,CONDUCIR EN ESTADO DE EBRIEDAD Y/O DROGADICCIÓN,4.0,0,2022.0,3.0,1.0,0,0,1,1,0.0,0.0,0.0,0.0,0,0,22.0,0.0,1,0,2,0.5,0.0,1
A-2022-03-120,2022-03-29,07:00,DESPISTE,2,2,1,LA LIBERTAD,VIRU,GUADALUPITO,RURAL,CARRETERA,NACIONAL,PE-1N,-8.928619,-78.635569,DESPEJADO,RURAL,TRAMO RECTO,PLANA ,ASFALTADA,,,,,IMPRUDENCIA DEL CONDUCTOR,OTRO (IMPRUDENCIA DEL CONDUCTOR),7.0,1,2022.0,3.0,1.0,0,1,1,0,0.0,0.0,0.0,0.0,0,0,25.0,4.83045891539648,0,0,4,0.0,0.0,0
A-2022-03-282,2022-03-29,11:00,CHOQUE,1,0,2,PIURA,SULLANA,SULLANA,URBANA,CARRETERA,NACIONAL,PE-1NL,-4.913389273271774,-80.67215728939541,DESPEJADO,RURAL,INTERSECCIÓN,PLANA ,ASFALTADA,,,,,IMPRUDENCIA DEL CONDUCTOR,NO DAR PASO PREFERENTE AL PEATÓN,11.0,0,2022.0,3.0,1.0,0,1,1,0,0.0,0.0,0.0,0.0,0,0,57.5,23.33452377915607,0,1,2,0.0,0.5,0
A-2022-03-187,2022-03-29,14:40,CHOQUE,1,0,2,LAMBAYEQUE,LAMBAYEQUE,OLMOS,URBANA,CARRETERA,NACIONAL,PE-1NJ,-5.988544,-79.737082,SOLEADO,COMERCIAL,TRAMO RECTO,PLANA ,ASFALTADA,,,,,EN PROCESO DE INVESTIGACIÓN,NO CUENTA CON CAUSA ESPECIFICA,14.0,0,2022.0,3.0,1.0,0,2,1,0,0.0,0.0,0.0,0.0,0,0,34.5,16.263455967290593,0,0,2,0.0,0.0,0
A-2022-03-127,2022-03-29,18:00,CHOQUE,2,0,2,ICA,NASCA,NASCA,URBANA,CARRETERA,NACIONAL,PE-1S,-14.82183,-74.965426,DESPEJADO,RESIDENCIAL,TRAMO RECTO,PLANA ,ASFALTADA,,,,,EN PROCESO DE INVESTIGACIÓN,NO CUENTA CON CAUSA ESPECIFICA,18.0,1,2022.0,3.0,1.0,0,3,1,0,0.0,0.0,0.0,0.0,0,0,35.5,9.192388155425117,0,1,3,0.0,0.333,1
A-2022-03-188,2022-03-30,16:00,CHOQUE,1,1,0,LAMBAYEQUE,LAMBAYEQUE,OLMOS,URBANA,CARRETERA,SIN CLASIFICAR,SIN CLASIFICAR,-6.195028,-79.991647,DESPEJADO,RURAL,INTERSECCIÓN,PLANA ,AFIRMADO,NO,,,NO,EN PROCESO DE INVESTIGACIÓN,NO CUENTA CON CAUSA ESPECIFICA,16.0,0,2022.0,3.0,2.0,0,2,1,0,0.0,0.0,1.0,1.0,0,2,33.0,6.557438524302,0,1,3,0.0,0.333,0
A-2022-03-186,2022-03-30,19:30,ATROPELLO FUGA,1,0,0,LAMBAYEQUE,CHICLAYO,LAGUNAS,RURAL,CARRETERA,NACIONAL,PE-1NI,-6.9605555444952,-79.6329412734483,DESPEJADO,RURAL,TRAMO RECTO,PLANA ,ASFALTADA,,,,,EN PROCESO DE INVESTIGACIÓN,NO CUENTA CON CAUSA ESPECIFICA,19.0,0,2022.0,3.0,2.0,0,3,1,0,0.0,0.0,0.0,0.0,0,0,76.0,0.0,0,0,2,0.0,0.0,1
A-2022-03-130,2022-03-31,04:20,VOLCADURA,1,3,1,AREQUIPA,AREQUIPA,SAN JUAN DE TARUCANI,RURAL,CARRETERA,NACIONAL,PE-34A,-16.040969,-71.306209,DESPEJADO,RURAL,TRAMO RECTO,PLANA ,ASFALTADA,NO,,,SI,EN PROCESO DE INVESTIGACIÓN,NO CUENTA CON CAUSA ESPECIFICA,4.0,0,2022.0,3.0,3.0,0,0,1,0,0.0,0.0,0.0,0.0,0,1,45.75,12.658988901172163,0,1,4,0.0,0.25,1
A-2022-03-177,2022-03-31,06:30,DESPISTE,1,4,1,CAJAMARCA,JAEN,BELLAVISTA,RURAL,CARRETERA,NACIONAL,PE-5N,-5.54315214,-78.81293259,DESPEJADO,RURAL,CURVA,INCLINADA,ASFALTADA,,,,,EN PROCESO DE INVESTIGACIÓN,NO CUENTA CON CAUSA ESPECIFICA,6.0,0,2022.0,3.0,3.0,0,1,1,1,0.0,1.0,0.0,1.0,0,0,47.4,14.099645385611653,0,0,5,0.0,0.0,0
A-2022-03-136,2022-03-31,13:10,CHOQUE,1,0,2,ICA,ICA,SANTIAGO,RURAL,CARRETERA,NACIONAL,PE-1S,-14.338981,-75.657434,DESPEJADO,RURAL,TRAMO RECTO,PLANA ,ASFALTADA,,,,,EN PROCESO DE INVESTIGACIÓN,NO CUENTA CON CAUSA ESPECIFICA,13.0,0,2022.0,3.0,3.0,0,2,1,0,0.0,0.0,0.0,0.0,0,0,36.0,11.313708498984761,1,2,2,0.5,1.0,0
A-2022-03-149,2022-03-31,21:20,CHOQUE,1,0,2,PUNO,SAN ROMAN,SAN MIGUEL,RURAL,CARRETERA,NACIONAL,PE-3S,-15.390739875214,-70.15734758251114,DESPEJADO,RURAL,TRAMO RECTO,PLANA ,ASFALTADA,,,,,IMPRUDENCIA DEL CONDUCTOR,CONDUCIR EN SENTIDO CONTRARIO,21.0,0,2022.0,3.0,3.0,0,3,1,1,0.0,0.0,0.0,0.0,0,0,30.0,1.4142135623730951,1,2,2,0.5,1.0,1
A-2022-04-1,2022-04-01,02:00,DESPISTE,1,1,1,AREQUIPA,AREQUIPA,YURA,RURAL,CARRETERA,DEPARTAMENTAL,AR-123,-16.370588,-71.64909,DESPEJADO,RURAL,TRAMO RECTO,PLANA ,ASFALTADA,NO,,,SI,EN PROCESO DE INVESTIGACIÓN,NO CUENTA CON CAUSA ESPECIFICA,2.0,0,2022.0,4.0,4.0,0,0,1,0,0.0,0.0,0.0,0.0,0,1,31.5,2.1213203435596424,0,0,2,0.0,0.0,1
A-2022-04-18,2022-04-01,04:00,DESPISTE,1,0,1,ICA,ICA,LA TINGUIÑA,URBANA,CARRETERA,PROVINCIAL,IC-651,-14.037686,-75.699417,DESPEJADO,RESIDENCIAL,CURVA,PLANA ,ASFALTADA,,,,,EN PROCESO DE INVESTIGACIÓN,NO CUENTA CON CAUSA ESPECIFICA,4.0,0,2022.0,4.0,4.0,0,0,1,0,0.0,0.0,0.0,0.0,0,0,20.0,0.0,0,1,1,0.0,1.0,1
A-2022-04-185,2022-04-01,09:30,CHOQUE,1,1,2,PASCO,PASCO,YANACANCHA,URBANA,CARRETERA,NACIONAL,PE-3N,-10.631896218235813,-76.17575646148282,LLUVIOSO,RURAL,CURVA,INCLINADA,ASFALTADA,SI,REGULADORA (R),,SI,IMPRUDENCIA DEL CONDUCTOR,CONDUCIR EN SENTIDO CONTRARIO,9.0,0,2022.0,4.0,4.0,0,1,1,1,0.0,1.0,0.0,1.0,1,0,53.0,4.242640687119285,0,2,2,0.0,1.0,0
A-2022-04-219,2022-04-01,15:10,VOLCADURA,1,1,2,HUANUCO,HUANUCO,CHINCHAO,RURAL,CARRETERA,NACIONAL,PE-18A,-9.627556,-76.064694,DESPEJADO,RURAL,CURVA,PLANA ,ASFALTADA,,,,,IMPRUDENCIA DEL CONDUCTOR,EXCESO DE VELOCIDAD,15.0,0,2022.0,4.0,4.0,0,2,1,1,0.0,0.0,0.0,0.0,0,0,44.666666666666664,5.033222956847165,0,2,3,0.0,0.667,0