CODIGO_SINIESTRO,FECHA_SINIESTRO,HORA_SINIESTRO,CLASE_SINIESTRO,CANTIDAD_FALLECIDOS,CANTIDAD_LESIONADOS,CANTIDAD_VEHICULOS,DEPARTAMENTO,PROVINCIA,DISTRITO,ZONA,TIPO_VIA,RED_VIAL,COD_CARRETERA,LATITUD,LONGITUD,CONDICION_CLIMATICA,ZONIFICACION,CARACTERISTICAS_VIA,PERFIL_VIA,SUPERFICIE_CALZADA,EXISTE_SENIAL_VERTICAL,CLASIFICACION_SENIAL_VERTICAL_1,CLASIFICACION_SENIAL_VERTICAL_2,EXISTE_SENIAL_HORIZONTAL,CAUSA_FACTOR_PRINCIPAL,CAUSA_ESPECIFICA,HORA,severidad,ANIO,MES,DIA_SEMANA,FIN_SEMANA,FRANJA_HORARIA,TEMPORADA,MACROREGION,TIPO_VIA_SCORE,PERFIL_VIA_SCORE,SUPERFICIE_CALZADA_SCORE,RIESGO_INFRAESTRUCTURA,RIESGO_CLIMATICO,SENIALIZACION_DEFICIENTE,EDAD_PROMEDIO,EDAD_STD,TOTAL_ALCOHOL,TOTAL_LICENCIA,TOTAL_PERSONAS,PCT_ALCOHOL,PCT_LICENCIA,ES_NOCHE
A-2022-04-92,2022-04-01,17:00,CHOQUE,2,0,2,LAMBAYEQUE,CHICLAYO,LA VICTORIA,RURAL,CARRETERA,NACIONAL,PE-1N,-6.831415,-79.829203,DESPEJADO,RURAL,TRAMO RECTO,PLANA ,ASFALTADA,,,,,EN PROCESO DE INVESTIGACIÓN,NO CUENTA CON CAUSA ESPECIFICA,17.0,1,2022.0,4.0,4.0,0,2,1,0,0.0,0.0,0.0,0.0,0,0,30.333333333333332,8.386497083606082,0,2,3,0.0,0.667,0
A-2022-04-214,2022-04-01,19:00,ATROPELLO FUGA,1,0,0,LIMA,LIMA,COMAS,URBANA,AVENIDA,URBANO,NO CORRESPONDE,-11.930407997259524,-77.05307362840098,,,,,,,,,,EN PROCESO DE INVESTIGACIÓN,NO CUENTA CON CAUSA ESPECIFICA,19.0,0,2022.0,4.0,4.0,0,3,1,0,1.0,1.0,1.0,3.0,0,0,74.0,0.0,0,0,2,0.0,0.0,1
A-2022-04-135,2022-04-01,21:00,DESPISTE,1,0,1,CUSCO,ESPINAR,PICHIGUA,RURAL,CARRETERA,NACIONAL,PE-34F,-14.702299,-71.29476,DESPEJADO,RURAL,CURVA,PLANA ,ASFALTADA,SI,REGULADORA (R),REGULADORA (R),SI,IMPRUDENCIA DEL CONDUCTOR,EXCESO DE VELOCIDAD,21.0,0,2022.0,4.0,4.0,0,3,1,1,0.0,0.0,0.0,0.0,0,0,34.0,0.0,0,1,1,0.0,1.0,1
A-2022-04-68,2022-04-01,21:00,ATROPELLO,1,0,0,ICA,ICA,SALAS,URBANA,CALLE,URBANO,NO CORRESPONDE,-13.929423,-75.920361,DESPEJADO,RESIDENCIAL,TRAMO RECTO,PLANA ,TROCHA,,,,,EN PROCESO DE INVESTIGACIÓN,NO CUENTA CON CAUSA ESPECIFICA,21.0,0,2022.0,4.0,4.0,0,3,1,0,2.0,0.0,2.0,4.0,0,0,19.0,25.45584412271571,0,1,2,0.0,0.5,1
A-2022-04-195,2022-04-02,00:00,CHOQUE,1,0,0,LIMA,LIMA,SAN JUAN DE LURIGANCHO,URBANA,AVENIDA,URBANO,NO CORRESPONDE,-11.980691,-77.012155,,,,,,,,,,EN PROCESO DE INVESTIGACIÓN,NO CUENTA CON CAUSA ESPECIFICA,0.0,0,2022.0,4.0,5.0,1,0,1,0,1.0,1.0,1.0,3.0,0,0,31.5,30.405591591021544,0,0,2,0.0,0.0,1
A-2022-04-186,2022-04-02,04:00,DESPISTE,1,0,1,PASCO,PASCO,PAUCARTAMBO,RURAL,CARRETERA,DEPARTAMENTAL,PA-107,-10.768505743200436,-75.80206297841895,LLUVIOSO,RURAL,CURVA,INCLINADA,TROCHA,,,,,IMPRUDENCIA DEL CONDUCTOR,EXCESO DE VELOCIDAD,4.0,0,2022.0,4.0,5.0,1,0,1,1,0.0,1.0,2.0,3.0,1,0,36.0,0.0,0,1,1,0.0,1.0,1
A-2022-04-191,2022-04-02,11:00,CHOQUE,1,0,0,LIMA,LIMA,INDEPENDENCIA,URBANA,AVENIDA,URBANO,NO CORRESPONDE,-11.987808347638063,-77.05711807330266,,,,,,,,,,EN PROCESO DE INVESTIGACIÓN,NO CUENTA CON CAUSA ESPECIFICA,11.0,0,2022.0,4.0,5.0,1,1,1,0,1.0,1.0,1.0,3.0,0,0,23.0,0.0,0,0,1,0.0,0.0,0
A-2022-04-56,2022-04-02,14:30,DESPISTE,1,1,1,LA LIBERTAD,PACASMAYO,SAN PEDRO DE LLOC,RURAL,CARRETERA,NACIONAL,PE-1N,-7.535771,-79.391251,DESPEJADO,RURAL,TRAMO RECTO,PLANA ,ASFALTADA,,,,,IMPRUDENCIA DEL CONDUCTOR,OTRO (IMPRUDENCIA DEL CONDUCTOR),14.0,0,2022.0,4.0,5.0,1,2,1,0,0.0,0.0,0.0,0.0,0,0,29.5,3.5355339059327378,0,1,2,0.0,0.5,0
A-2022-04-213,2022-04-02,19:00,DESPISTE,2,8,1,JUNIN,HUANCAYO,COLCA,RURAL,CARRETERA,SIN CLASIFICAR,SIN CLASIFICAR,-12.2775,-75.1888554,DESPEJADO,RURAL,TRAMO RECTO,INCLINADA,TROCHA,,,,,IMPRUDENCIA DEL CONDUCTOR,EXCESO DE VELOCIDAD,19.0,1,2022.0,4.0,5.0,1,3,1,1,0.0,1.0,2.0,3.0,0,0,40.4,14.049120178067302,0,1,10,0.0,0.1,1
A-2022-04-14,2022-04-02,20:15,ATROPELLO FUGA,1,1,1,APURIMAC,ANDAHUAYLAS,JOSE MARIA ARGUEDAS,URBANA,AVENIDA,URBANO,NO CORRESPONDE,-13.7310956,-73.3514453,LLUVIOSO,RURAL,TRAMO RECTO,PLANA ,ASFALTADA,,,,,IMPRUDENCIA DEL CONDUCTOR,EXCESO DE VELOCIDAD,20.0,0,2022.0,4.0,5.0,1,3,1,1,1.0,0.0,0.0,1.0,1,0,40.333333333333336,8.621678104251709,0,0,3,0.0,0.0,1
A-2022-04-12,2022-04-02,20:30,CHOQUE,1,2,2,AREQUIPA,AREQUIPA,VITOR,URBANA,CARRETERA,PROVINCIAL,AR-743,-16.515344,-71.904477,DESPEJADO,RESIDENCIAL,TRAMO RECTO,PLANA ,ASFALTADA,NO,,,SI,EN PROCESO DE INVESTIGACIÓN,NO CUENTA CON CAUSA ESPECIFICA,20.0,0,2022.0,4.0,5.0,1,3,1,0,0.0,0.0,0.0,0.0,0,1,40.666666666666664,6.110100926607787,0,0,3,0.0,0.0,1
A-2022-04-242,2022-04-02,22:25,CHOQUE FUGA,1,0,1,PIURA,PIURA,VEINTISEIS DE OCTUBRE,RURAL,CARRETERA,NACIONAL,PE-1N,-5.156432112715408,-80.69423672241072,DESPEJADO,COMERCIAL,TRAMO RECTO,PLANA ,ASFALTADA,,,,,IMPRUDENCIA DEL CONDUCTOR,CONDUCIR EN SENTIDO CONTRARIO,22.0,0,2022.0,4.0,5.0,1,3,1,0,0.0,0.0,0.0,0.0,0,0,31.0,0.0,1,0,2,0.5,0.0,1
A-2022-04-48,2022-04-03,00:00,DESPISTE,1,0,1,CAJAMARCA,CAJABAMBA,CONDEBAMBA,URBANA,CARRETERA,NACIONAL,PE-3N,-7.48439,-78.12322667,DESPEJADO,RURAL,CURVA,PLANA ,ASFALTADA,,,,,EN PROCESO DE INVESTIGACIÓN,NO CUENTA CON CAUSA ESPECIFICA,0.0,0,2022.0,4.0,6.0,1,0,1,1,0.0,0.0,0.0,0.0,0,0,23.0,0.0,0,0,1,0.0,0.0,1
A-2022-04-206,2022-04-03,01:30,DESPISTE,1,0,0,ANCASH,SANTA,NEPEÑA,RURAL,CARRETERA,PROVINCIAL,AN-921,-9.16327217469076,-78.32831656106187,DESPEJADO,RURAL,TRAMO RECTO,PLANA ,ASFALTADA,,,,,EN PROCESO DE INVESTIGACIÓN,NO CUENTA CON CAUSA ESPECIFICA,1.0,0,2022.0,4.0,6.0,1,0,1,0,0.0,0.0,0.0,0.0,0,0,20.0,0.0,0,0,1,0.0,0.0,1
A-2022-04-6,2022-04-03,03:20,ATROPELLO FUGA,1,0,0,PUNO,PUNO,PUNO,RURAL,CARRETERA,NACIONAL,PE-3S,-15.811211,-70.037411,DESPEJADO,RURAL,CURVA,PLANA ,ASFALTADA,SI,PREVENTIVA (P),,SI,EN PROCESO DE INVESTIGACIÓN,NO CUENTA CON CAUSA ESPECIFICA,3.0,0,2022.0,4.0,6.0,1,0,1,1,0.0,0.0,0.0,0.0,0,0,53.0,0.0,0,0,2,0.0,0.0,1
A-2022-04-13,2022-04-03,03:30,ATROPELLO FUGA,1,0,1,AREQUIPA,AREQUIPA,LA JOYA,URBANA,CARRETERA,NACIONAL,PE-1S,-16.681891,-71.87044,DESPEJADO,RESIDENCIAL,TRAMO RECTO,PLANA ,ASFALTADA,NO,,,SI,EN PROCESO DE INVESTIGACIÓN,NO CUENTA CON CAUSA ESPECIFICA,3.0,0,2022.0,4.0,6.0,1,0,1,0,0.0,0.0,0.0,0.0,0,1,29.0,0.0,0,0,2,0.0,0.0,1
A-2022-04-190,2022-04-03,03:50,VOLCADURA,1,0,0,LIMA,LIMA,LURIN,URBANA,CARRETERA,NACIONAL,PE-1S,-12.280727,-76.882445,,,,,,,,,,EN PROCESO DE INVESTIGACIÓN,NO CUENTA CON CAUSA ESPECIFICA,3.0,0,2022.0,4.0,6.0,1,0,1,0,0.0,1.0,1.0,2.0,0,0,0.0,0.0,0,0,1,0.0,0.0,1
A-2022-04-243,2022-04-03,05:00,DESPISTE,1,0,0,MADRE DE DIOS,TAMBOPATA,TAMBOPATA,RURAL,AVENIDA,URBANO,NO CORRESPONDE,-12.592016,-69.201778,,,,,,,,,,EN PROCESO DE INVESTIGACIÓN,NO CUENTA CON CAUSA ESPECIFICA,5.0,0,2022.0,4.0,6.0,1,0,1,2,1.0,1.0,1.0,3.0,0,0,23.0,0.0,0,0,1,0.0,0.0,1
A-2022-04-205,2022-04-03,05:30,CHOQUE,1,0,0,ANCASH,SANTA,NEPEÑA,RURAL,CARRETERA,DEPARTAMENTAL,AN-104,-9.1554239456689,-78.29124133189467,DESPEJADO,RURAL,TRAMO RECTO,PLANA ,ASFALTADA,,,,,IMPRUDENCIA DEL CONDUCTOR,CONDUCIR EN ESTADO DE EBRIEDAD Y/O DROGADICCIÓN,5.0,0,2022.0,4.0,6.0,1,0,1,0,0.0,0.0,0.0,0.0,0,0,47.0,14.142135623730951,0,1,2,0.0,0.5,1
A-2022-04-180,2022-04-03,05:40,CHOQUE,1,0,2,HUANUCO,LEONCIO PRADO,RUPA-RUPA,URBANA,CARRETERA,NACIONAL,PE-18A,-9.290993,-75.997895,NUBLADO,COMERCIAL,TRAMO RECTO,PLANA ,ASFALTADA,,,,,IMPRUDENCIA DEL CONDUCTOR,CONDUCIR EN ESTADO DE EBRIEDAD Y/O DROGADICCIÓN,5.0,0,2022.0,4.0,6.0,1,0,1,1,0.0,0.0,0.0,0.0,0,0,35.0,0.0,0,1,2,0.0,0.5,1
A-2022-04-7,2022-04-03,07:20,ATROPELLO,1,0,1,PUNO,PUNO,PUNO,RURAL,AVENIDA,URBANO,NO CORRESPONDE,-15.82019740079369,-70.03705347371111,DESPEJADO,RURAL,TRAMO RECTO,PLANA ,TROCHA,,,,,IMPRUDENCIA DEL CONDUCTOR,NO DAR PASO PREFERENTE AL PEATÓN,7.0,0,2022.0,4.0,6.0,1,1,1,1,1.0,0.0,2.0,3.0,0,0,49.5,43.1335136523794,0,0,2,0.0,0.0,0
A-2022-04-49,2022-04-03,08:20,DESPISTE,1,1,1,CAJAMARCA,CHOTA,CHALAMARCA,URBANA,CARRETERA,SIN CLASIFICAR,SIN CLASIFICAR,-6.497612,-78.478644,DESPEJADO,RURAL,CURVA,PLANA ,AFIRMADO,,,,,EN PROCESO DE INVESTIGACIÓN,NO CUENTA CON CAUSA ESPECIFICA,8.0,0,2022.0,4.0,6.0,1,1,1,1,0.0,0.0,1.0,1.0,0,0,39.5,3.5355339059327378,0,0,2,0.0,0.0,0
A-2022-04-200,2022-04-03,12:05,DESPISTE,1,0,0,LIMA,LIMA,LURIN,URBANA,AUTOPISTA,URBANO,NO CORRESPONDE,-12.281988,-76.86395,,,,,,,,,,EN PROCESO DE INVESTIGACIÓN,NO CUENTA CON CAUSA ESPECIFICA,12.0,0,2022.0,4.0,6.0,1,2,1,0,1.0,1.0,1.0,3.0,0,0,34.5,17.67766952966369,0,0,2,0.0,0.0,0
A-2022-04-71,2022-04-03,15:00,DESPISTE,1,0,1,AREQUIPA,ISLAY,PUNTA DE BOMBON,RURAL,CARRETERA,NACIONAL,PE-1SD,-17.245326,-71.5346,DESPEJADO,RURAL,CURVA,INCLINADA,ASFALTADA,,,,,EN PROCESO DE INVESTIGACIÓN,NO CUENTA CON CAUSA ESPECIFICA,15.0,0,2022.0,4.0,6.0,1,2,1,0,0.0,1.0,0.0,1.0,0,0,24.0,0.0,0,1,1,0.0,1.0,0
A-2022-04-137,2022-04-03,18:15,DESPISTE,1,2,1,PIURA,SULLANA,MIGUEL CHECA,RURAL,CARRETERA,NACIONAL,PE-02,-5.149621,-80.776899,DESPEJADO,RURAL,TRAMO RECTO,PLANA ,ASFALTADA,,,,,EN PROCESO DE INVESTIGACIÓN,NO CUENTA CON CAUSA ESPECIFICA,18.0,0,2022.0,4.0,6.0,1,3,1,0,0.0,0.0,0.0,0.0,0,0,44.0,45.033320996790806,0,1,3,0.0,0.333,1
A-2022-04-15,2022-04-03,18:40,CHOQUE,1,0,2,AREQUIPA,CARAVELI,QUICACHA,RURAL,CARRETERA,NACIONAL,PE-32,-15.659318,-73.814743,DESPEJADO,RURAL,SINUOSA,INCLINADA,ASFALTADA,,,,,EN PROCESO DE INVESTIGACIÓN,NO CUENTA CON CAUSA ESPECIFICA,18.0,0,2022.0,4.0,6.0,1,3,1,0,0.0,1.0,0.0,1.0,0,0,48.0,16.97056274847714,0,2,2,0.0,1.0,1
A-2022-04-142,2022-04-03,20:00,CHOQUE,1,1,2,PIURA,PIURA,CASTILLA,RURAL,AVENIDA,URBANO,NO CORRESPONDE,-5.167724,-80.616993,DESPEJADO,RURAL,TRAMO RECTO,PLANA ,ASFALTADA,,,,,EN PROCESO DE INVESTIGACIÓN,NO CUENTA CON CAUSA ESPECIFICA,20.0,0,2022.0,4.0,6.0,1,3,1,0,1.0,0.0,0.0,1.0,0,0,50.0,8.48528137423857,0,0,2,0.0,0.0,1
A-2022-04-69,2022-04-03,20:40,ATROPELLO,1,0,1,LA LIBERTAD,TRUJILLO,HUANCHACO,URBANA,CARRETERA,PROVINCIAL,LI-731,-8.088062,-79.09397,DESPEJADO,COMERCIAL,TRAMO RECTO,PLANA ,ASFALTADA,,,,,IMPRUDENCIA DEL CONDUCTOR,FATIGA Y/O CANSANCIO,20.0,0,2022.0,4.0,6.0,1,3,1,0,0.0,0.0,0.0,0.0,0,0,57.5,14.849242404917497,0,1,2,0.0,0.5,1
A-2022-04-70,2022-04-03,23:00,DESPISTE,1,0,1,LA LIBERTAD,ASCOPE,RAZURI,RURAL,CARRETERA,PROVINCIAL,LI-616,-7.790458280006801,-79.38058086931916,DESPEJADO,RURAL,TRAMO RECTO,PLANA ,ASFALTADA,,,,,EN PROCESO DE INVESTIGACIÓN,NO CUENTA CON CAUSA ESPECIFICA,23.0,0,2022.0,4.0,6.0,1,3,1,0,0.0,0.0,0.0,0.0,0,0,38.0,0.0,0,0,1,0.0,0.0,1
A-2022-04-221,2022-04-04,08:30,DESPISTE,1,1,1,LIMA,HUARAL,HUARAL,RURAL,CARRETERA,NACIONAL,PE-20C,-11.48223689255879,-77.14968139972801,DESPEJADO,RURAL,SINUOSA,PLANA ,ASFALTADA,,,,,IMPRUDENCIA DEL CONDUCTOR,EXCESO DE VELOCIDAD,8.0,0,2022.0,4.0,0.0,0,1,1,0,0.0,0.0,0.0,0.0,0,0,27.0,19.79898987322333,0,0,2,0.0,0.0,0
A-2022-04-101,2022-04-04,10:00,DESPISTE,1,0,1,CUSCO,CUSCO,SAN JERONIMO,RURAL,CARRETERA,DEPARTAMENTAL,CU-123,-13.610691251481386,-71.85828968489899,NUBLADO,RURAL,TRAMO RECTO,PLANA ,AFIRMADO,,,,,IMPRUDENCIA DEL CONDUCTOR,EXCESO DE VELOCIDAD,10.0,0,2022.0,4.0,0.0,0,1,1,1,0.0,0.0,1.0,1.0,0,0,18.5,6.363961030678928,0,1,2,0.0,0.5,0
A-2022-04-192,2022-04-04,10:30,CHOQUE,1,1,0,LIMA,LIMA,VILLA EL SALVADOR,URBANA,AVENIDA,URBANO,NO CORRESPONDE,-12.226589055498073,-76.94597565392182,,,,,,,,,,EN PROCESO DE INVESTIGACIÓN,NO CUENTA CON CAUSA ESPECIFICA,10.0,0,2022.0,4.0,0.0,0,1,1,0,1.0,1.0,1.0,3.0,0,0,38.666666666666664,8.144527815247077,0,0,3,0.0,0.0,0
A-2022-04-140,2022-04-04,13:10,DESPISTE,1,0,1,CUSCO,CHUMBIVILCAS,SANTO TOMAS,RURAL,CARRETERA,NACIONAL,PE-3SG,-14.416599576045073,-72.08528251932682,DESPEJADO,RURAL,CURVA,PLANA ,TROCHA,,,,,IMPRUDENCIA DEL CONDUCTOR,EXCESO DE VELOCIDAD,13.0,0,2022.0,4.0,0.0,0,2,1,1,0.0,0.0,2.0,2.0,0,0,52.0,0.0,0,0,1,0.0,0.0,0
A-2022-04-94,2022-04-04,19:10,CHOQUE FUGA,1,0,0,LAMBAYEQUE,LAMBAYEQUE,MOTUPE,URBANA,CARRETERA,PROVINCIAL,LA-535,-6.1588055,-79.7210976,DESPEJADO,RURAL,TRAMO RECTO,PLANA ,ASFALTADA,NO,,,NO,EN PROCESO DE INVESTIGACIÓN,NO CUENTA CON CAUSA ESPECIFICA,19.0,0,2022.0,4.0,0.0,0,3,1,0,0.0,0.0,0.0,0.0,0,2,73.0,0.0,0,0,2,0.0,0.0,1
A-2022-04-224,2022-04-05,14:40,DESPISTE,5,3,1,JUNIN,JAUJA,CANCHAYLLO,RURAL,CARRETERA,PROVINCIAL,JU-761,-11.803618,-75.718824,DESPEJADO,RURAL,TRAMO RECTO,INCLINADA,TROCHA,,,,,IMPRUDENCIA DEL CONDUCTOR,OTRO (IMPRUDENCIA DEL CONDUCTOR),14.0,2,2022.0,4.0,1.0,0,2,1,1,0.0,1.0,2.0,3.0,0,0,40.0,21.98294793698061,0,0,9,0.0,0.0,0
A-2022-04-25,2022-04-05,15:40,CHOQUE,2,3,2,AREQUIPA,AREQUIPA,YURA,RURAL,CARRETERA,NACIONAL,PE-34A,-16.065461,-71.529031,DESPEJADO,RURAL,TRAMO RECTO,PLANA ,ASFALTADA,SI,REGULADORA (R),,SI,EN PROCESO DE INVESTIGACIÓN,NO CUENTA CON CAUSA ESPECIFICA,15.0,1,2022.0,4.0,1.0,0,2,1,0,0.0,0.0,0.0,0.0,0,0,30.666666666666668,15.970806700560454,0,2,6,0.0,0.333,0
A-2022-04-244,2022-04-05,18:00,DESPISTE,1,1,1,LIMA,BARRANCA,SUPE,URBANA,CARRETERA,PROVINCIAL,LM-534,-10.816402162778536,-77.7174276384288,DESPEJADO,COMERCIAL,INTERSECCIÓN,PLANA ,AFIRMADO,,,,,IMPRUDENCIA DEL CONDUCTOR,EXCESO DE VELOCIDAD,18.0,0,2022.0,4.0,1.0,0,3,1,0,0.0,0.0,1.0,1.0,0,0,19.5,0.7071067811865476,0,0,2,0.0,0.0,1
A-2022-04-65,2022-04-05,19:30,CHOQUE,1,1,2,SAN MARTIN,RIOJA,RIOJA,URBANA,JIRÓN,URBANO,NO CORRESPONDE,-6.066892,-77.168745,LLUVIOSO,RESIDENCIAL,INTERSECCIÓN,PLANA ,CONCRETO,SI,REGULADORA (R),PREVENTIVA (P),NO,IMPRUDENCIA DEL CONDUCTOR,OTRO (IMPRUDENCIA DEL CONDUCTOR),19.0,0,2022.0,4.0,1.0,0,3,1,2,1.0,0.0,0.0,1.0,1,1,25.0,5.656854249492381,0,1,2,0.0,0.5,1
A-2022-04-23,2022-04-07,02:30,ATROPELLO FUGA,1,0,0,CALLAO,CALLAO,CALLAO,URBANA,CARRETERA,NACIONAL,PE-20,-11.964147797833713,-77.12688746061761,DESPEJADO,INDUSTRIAL,TRAMO RECTO,PLANA ,ASFALTADA,NO,,,SI,EN PROCESO DE INVESTIGACIÓN,NO CUENTA CON CAUSA ESPECIFICA,2.0,0,2022.0,4.0,3.0,0,0,1,0,0.0,0.0,0.0,0.0,0,1,74.0,0.0,0,0,2,0.0,0.0,1
A-2022-04-32,2022-04-07,04:50,DESPISTE,1,2,1,APURIMAC,ANDAHUAYLAS,PACOBAMBA,RURAL,CARRETERA,NACIONAL,PE-3S,-13.612065,-73.133971,LLUVIOSO,RURAL,CURVA,INCLINADA,ASFALTADA,SI,PREVENTIVA (P),REGULADORA (R),SI,IMPRUDENCIA DEL CONDUCTOR,EXCESO DE VELOCIDAD,4.0,0,2022.0,4.0,3.0,0,0,1,1,0.0,1.0,0.0,1.0,1,0,33.0,11.357816691600547,0,1,3,0.0,0.333,1
A-2022-04-72,2022-04-07,07:15,CHOQUE,1,0,2,LA LIBERTAD,CHEPEN,CHEPEN,URBANA,CALLE,URBANO,NO CORRESPONDE,-7.228391,-79.428558,DESPEJADO,COMERCIAL,TRAMO RECTO,PLANA ,ASFALTADA,,,,,IMPRUDENCIA DEL CONDUCTOR,DESACATO DE SEÑAL DE TRÁNSITO,7.0,0,2022.0,4.0,3.0,0,1,1,0,2.0,0.0,0.0,2.0,0,0,37.5,16.263455967290593,0,1,2,0.0,0.5,0
A-2022-04-230,2022-04-07,11:00,DESPISTE,1,1,1,LIMA,OYON,NAVAN,RURAL,CARRETERA,PROVINCIAL,LM-575,-10.913896441257046,-77.02044190717154,DESPEJADO,RURAL,SINUOSA,INCLINADA,AFIRMADO,,,,,IMPRUDENCIA DEL CONDUCTOR,EXCESO DE VELOCIDAD,11.0,0,2022.0,4.0,3.0,0,1,1,0,0.0,1.0,1.0,2.0,0,0,42.5,10.606601717798213,0,0,2,0.0,0.0,0
A-2022-04-183,2022-04-07,15:00,DESPISTE,2,4,0,JUNIN,SATIPO,PAMPA HERMOSA,RURAL,CARRETERA,NACIONAL,PE-24A,-11.506833589328837,-74.82128792509911,,,,,,,,,,EN PROCESO DE INVESTIGACIÓN,NO CUENTA CON CAUSA ESPECIFICA,15.0,1,2022.0,4.0,3.0,0,2,1,1,0.0,1.0,1.0,2.0,0,0,45.57142857142857,20.032117069489043,0,1,7,0.0,0.143,0
A-2022-04-216,2022-04-07,20:00,ATROPELLO,1,0,1,HUANUCO,HUANUCO,SANTA MARIA DEL VALLE,URBANA,CARRETERA,NACIONAL,PE-18A,-9.861162,-76.169409,DESPEJADO,RURAL,TRAMO RECTO,PLANA ,ASFALTADA,,,,,IMPRUDENCIA DEL PEATÓN,ESTADO DE EBRIEDAD Y/O DROGADICCIÓN,20.0,0,2022.0,4.0,3.0,0,3,1,1,0.0,0.0,0.0,0.0,0,0,52.5,4.949747468305833,0,1,2,0.0,0.5,1
A-2022-04-194,2022-04-08,05:00,ATROPELLO,1,1,0,LIMA,LIMA,SAN JUAN DE LURIGANCHO,URBANA,AVENIDA,URBANO,NO CORRESPONDE,-11.989493,-77.007477,,,,,,,,,,EN PROCESO DE INVESTIGACIÓN,NO CUENTA CON CAUSA ESPECIFICA,5.0,0,2022.0,4.0,4.0,0,0,1,0,1.0,1.0,1.0,3.0,0,0,31.5,0.7071067811865476,0,0,2,0.0,0.0,1
A-2022-04-21,2022-04-08,08:00,CHOQUE,1,1,2,PUNO,EL COLLAO,SANTA ROSA,RURAL,CARRETERA,NACIONAL,PE-36A,-16.706640482593375,-69.56922224540719,DESPEJADO,RURAL,TRAMO RECTO,PLANA ,ASFALTADA,NO,,,SI,IMPRUDENCIA DEL CONDUCTOR,INVASIÓN DE CARRIL,8.0,0,2022.0,4.0,4.0,0,1,1,1,0.0,0.0,0.0,0.0,0,1,33.666666666666664,22.501851775650227,0,1,3,0.0,0.333,0
A-2022-04-24,2022-04-08,09:20,CHOQUE,2,1,1,CALLAO,CALLAO,MI PERU,URBANA,AVENIDA,URBANO,NO CORRESPONDE,-11.856807219474502,-77.1215880720264,DESPEJADO,RESIDENCIAL,TRAMO RECTO,INCLINADA,ASFALTADA,NO,,,SI,IMPRUDENCIA DEL CONDUCTOR,OTRO (IMPRUDENCIA DEL CONDUCTOR),9.0,1,2022.0,4.0,4.0,0,1,1,0,1.0,1.0,0.0,2.0,0,1,35.0,9.16515138991168,0,1,3,0.0,0.333,0
A-2022-04-181,2022-04-08,18:30,ATROPELLO,1,0,1,HUANUCO,LEONCIO PRADO,MARIANO DAMASO BERAUN,URBANA,CARRETERA,NACIONAL,PE-18A,-9.443688,-75.973703,DESPEJADO,RURAL,TRAMO RECTO,PLANA ,ASFALTADA,SI,PREVENTIVA (P),,NO,IMPRUDENCIA DEL CONDUCTOR,FATIGA Y/O CANSANCIO,18.0,0,2022.0,4.0,4.0,0,3,1,1,0.0,0.0,0.0,0.0,0,1,30.0,12.727922061357855,0,1,2,0.0,0.5,1
A-2022-04-86,2022-04-08,19:08,ATROPELLO,1,0,0,LAMBAYEQUE,CHICLAYO,POMALCA,URBANA,CARRETERA,PROVINCIAL,LA-816,-6.77097,-79.78715,DESPEJADO,ESCOLAR,TRAMO RECTO,PLANA ,ASFALTADA,SI,PREVENTIVA (P),,NO,EN PROCESO DE INVESTIGACIÓN,NO CUENTA CON CAUSA ESPECIFICA,19.0,0,2022.0,4.0,4.0,0,3,1,0,0.0,0.0,0.0,0.0,0,1,60.0,14.142135623730951,0,1,2,0.0,0.5,1
A-2022-04-198,2022-04-09,09:40,ATROPELLO,1,0,0,LIMA,LIMA,ATE,URBANA,AVENIDA,URBANO,NO CORRESPONDE,-11.997173,-76.834487,,,,,,,,,,EN PROCESO DE INVESTIGACIÓN,NO CUENTA CON CAUSA ESPECIFICA,9.0,0,2022.0,4.0,5.0,1,1,1,0,1.0,1.0,1.0,3.0,0,0,55.5,24.748737341529164,0,0,2,0.0,0.0,0
A-2022-04-73,2022-04-09,12:51,ESPECIAL,1,0,1,AREQUIPA,AREQUIPA,CERRO COLORADO,URBANA,OTRO,URBANO,NO CORRESPONDE,-16.338482,-71.609659,DESPEJADO,COMERCIAL,OTRO,PLANA ,CONCRETO,,,,,EN PROCESO DE INVESTIGACIÓN,NO CUENTA CON CAUSA ESPECIFICA,12.0,0,2022.0,4.0,5.0,1,2,1,0,2.0,0.0,0.0,2.0,0,0,10.0,0.0,0,0,2,0.0,0.0,0
A-2022-04-126,2022-04-09,13:40,DESPISTE,1,0,1,CUSCO,ESPINAR,CONDOROMA,RURAL,CARRETERA,NACIONAL,PE-34J,-15.35757714745863,-71.09403047319799,DESPEJADO,RURAL,CURVA,PLANA ,ASFALTADA,SI,PREVENTIVA (P),INFORMATIVA (I),NO,IMPRUDENCIA DEL CONDUCTOR,EXCESO DE VELOCIDAD,13.0,0,2022.0,4.0,5.0,1,2,1,1,0.0,0.0,0.0,0.0,0,1,25.5,2.1213203435596424,0,1,2,0.0,0.5,0