CODIGO_SINIESTRO,FECHA_SINIESTRO,HORA_SINIESTRO,CLASE_SINIESTRO,CANTIDAD_FALLECIDOS,CANTIDAD_LESIONADOS,CANTIDAD_VEHICULOS,DEPARTAMENTO,PROVINCIA,DISTRITO,ZONA,TIPO_VIA,RED_VIAL,COD_CARRETERA,LATITUD,LONGITUD,CONDICION_CLIMATICA,ZONIFICACION,CARACTERISTICAS_VIA,PERFIL_VIA,SUPERFICIE_CALZADA,EXISTE_SENIAL_VERTICAL,CLASIFICACION_SENIAL_VERTICAL_1,CLASIFICACION_SENIAL_VERTICAL_2,EXISTE_SENIAL_HORIZONTAL,CAUSA_FACTOR_PRINCIPAL,CAUSA_ESPECIFICA,HORA,severidad,ANIO,MES,DIA_SEMANA,FIN_SEMANA,FRANJA_HORARIA,TEMPORADA,MACROREGION,TIPO_VIA_SCORE,PERFIL_VIA_SCORE,SUPERFICIE_CALZADA_SCORE,RIESGO_INFRAESTRUCTURA,RIESGO_CLIMATICO,SENIALIZACION_DEFICIENTE,EDAD_PROMEDIO,EDAD_STD,TOTAL_ALCOHOL,TOTAL_LICENCIA,TOTAL_PERSONAS,PCT_ALCOHOL,PCT_LICENCIA,ES_NOCHE
A-2022-04-105,2022-04-09,21:30,CAÍDA DE PASAJERO,1,0,1,LA LIBERTAD,TRUJILLO,MOCHE,RURAL,CARRETERA,PROVINCIAL,LI-1093,-8.147617,-79.005415,DESPEJADO,RURAL,TRAMO RECTO,PLANA ,ASFALTADA,,,,,EN PROCESO DE INVESTIGACIÓN,NO CUENTA CON CAUSA ESPECIFICA,21.0,0,2022.0,4.0,5.0,1,3,1,0,0.0,0.0,0.0,0.0,0,0,58.0,0.0,0,0,2,0.0,0.0,1
A-2022-04-199,2022-04-09,22:10,CHOQUE,1,8,0,LIMA,LIMA,ATE,URBANA,AVENIDA,URBANO,NO CORRESPONDE,-12.039388,-76.932605,,,,,,,,,,EN PROCESO DE INVESTIGACIÓN,NO CUENTA CON CAUSA ESPECIFICA,22.0,0,2022.0,4.0,5.0,1,3,1,0,1.0,1.0,1.0,3.0,0,0,42.5,20.75920144043225,0,0,10,0.0,0.0,1
A-2022-04-197,2022-04-09,23:30,ATROPELLO,1,0,0,LIMA,LIMA,ANCON,URBANA,CARRETERA,NACIONAL,PE-1N,-11.814028,-77.128788,,,,,,,,,,EN PROCESO DE INVESTIGACIÓN,NO CUENTA CON CAUSA ESPECIFICA,23.0,0,2022.0,4.0,5.0,1,3,1,0,0.0,1.0,1.0,2.0,0,0,49.5,10.606601717798213,0,0,2,0.0,0.0,1
A-2022-04-87,2022-04-10,00:10,CHOQUE FUGA,1,1,0,LAMBAYEQUE,CHICLAYO,CHONGOYAPE,RURAL,CARRETERA,NACIONAL,PE-06A,-6.675546,-79.439688,NUBLADO,RURAL,TRAMO RECTO,PLANA ,ASFALTADA,,,,,EN PROCESO DE INVESTIGACIÓN,NO CUENTA CON CAUSA ESPECIFICA,0.0,0,2022.0,4.0,6.0,1,0,1,0,0.0,0.0,0.0,0.0,0,0,58.0,2.8284271247461903,0,0,3,0.0,0.0,1
A-2022-04-158,2022-04-10,01:20,ATROPELLO,1,0,0,LAMBAYEQUE,LAMBAYEQUE,MOTUPE,URBANA,CARRETERA,SIN CLASIFICAR,SIN CLASIFICAR,-6.172226,-79.70729,DESPEJADO,RESIDENCIAL,TRAMO RECTO,PLANA ,ASFALTADA,,,,,EN PROCESO DE INVESTIGACIÓN,NO CUENTA CON CAUSA ESPECIFICA,1.0,0,2022.0,4.0,6.0,1,0,1,0,0.0,0.0,0.0,0.0,0,0,35.0,0.0,0,0,2,0.0,0.0,1
A-2022-04-22,2022-04-10,02:00,ATROPELLO FUGA,1,0,0,PUNO,PUNO,PAUCARCOLLA,RURAL,CARRETERA,NACIONAL,PE-3S,-15.7325123,-70.0578456,DESPEJADO,RURAL,TRAMO RECTO,PLANA ,ASFALTADA,,,,,EN PROCESO DE INVESTIGACIÓN,NO CUENTA CON CAUSA ESPECIFICA,2.0,0,2022.0,4.0,6.0,1,0,1,1,0.0,0.0,0.0,0.0,0,0,54.0,0.0,0,0,2,0.0,0.0,1
A-2022-04-66,2022-04-10,05:50,CHOQUE FUGA,1,0,1,SAN MARTIN,LAMAS,ALONSO DE ALVARADO,URBANA,CARRETERA,NACIONAL,PE-5N,-6.245819,-76.784112,DESPEJADO,RESIDENCIAL,TRAMO RECTO,PLANA ,ASFALTADA,,,,,EN PROCESO DE INVESTIGACIÓN,NO CUENTA CON CAUSA ESPECIFICA,5.0,0,2022.0,4.0,6.0,1,0,1,2,0.0,0.0,0.0,0.0,0,0,29.0,0.0,0,0,2,0.0,0.0,1
A-2022-04-36,2022-04-10,08:30,DESPISTE,1,1,1,TUMBES,ZARUMILLA,AGUAS VERDES,RURAL,CARRETERA,NACIONAL,PE-1NO,-3.4829212500110605,-80.2544043030435,SOLEADO,RURAL,CURVA,PLANA ,ASFALTADA,,,,,IMPRUDENCIA DEL CONDUCTOR,CONDUCIR EN ESTADO DE EBRIEDAD Y/O DROGADICCIÓN,8.0,0,2022.0,4.0,6.0,1,1,1,0,0.0,0.0,0.0,0.0,0,0,20.0,1.4142135623730951,0,0,2,0.0,0.0,0
A-2022-04-235,2022-04-10,14:30,ATROPELLO,1,0,0,LIMA,LIMA,ATE,URBANA,AVENIDA,URBANO,NO CORRESPONDE,-12.0296231,-76.9279576,,,,,,,,,,EN PROCESO DE INVESTIGACIÓN,NO CUENTA CON CAUSA ESPECIFICA,14.0,0,2022.0,4.0,6.0,1,2,1,0,1.0,1.0,1.0,3.0,0,0,0.0,0.0,0,0,3,0.0,0.0,0
A-2022-04-159,2022-04-10,18:00,CHOQUE,1,1,0,LAMBAYEQUE,CHICLAYO,CHICLAYO,URBANA,AVENIDA,URBANO,NO CORRESPONDE,-6.78138,-79.8371,DESPEJADO,RESIDENCIAL,INTERSECCIÓN,PLANA ,ASFALTADA,,,,,EN PROCESO DE INVESTIGACIÓN,NO CUENTA CON CAUSA ESPECIFICA,18.0,0,2022.0,4.0,6.0,1,3,1,0,1.0,0.0,0.0,1.0,0,0,39.5,31.81980515339464,1,0,2,0.5,0.0,1
A-2022-04-215,2022-04-10,18:00,DESPISTE,1,0,0,APURIMAC,AYMARAES,COTARUSE,RURAL,CARRETERA,NACIONAL,PE-30A,-14.51612229,-73.2648146,,,,,,,,,,EN PROCESO DE INVESTIGACIÓN,NO CUENTA CON CAUSA ESPECIFICA,18.0,0,2022.0,4.0,6.0,1,3,1,1,0.0,1.0,1.0,2.0,0,0,69.0,0.0,0,0,1,0.0,0.0,1
A-2022-04-50,2022-04-10,18:30,CHOQUE,2,1,2,CAJAMARCA,CAJAMARCA,ENCAÑADA,URBANA,CARRETERA,NACIONAL,PE-08B,-7.11869881,-78.33576852,LLUVIOSO,RURAL,TRAMO RECTO,PLANA ,ASFALTADA,,,,,EN PROCESO DE INVESTIGACIÓN,NO CUENTA CON CAUSA ESPECIFICA,18.0,1,2022.0,4.0,6.0,1,3,1,1,0.0,0.0,0.0,0.0,1,0,20.333333333333332,3.055050463303893,0,0,3,0.0,0.0,1
A-2022-04-231,2022-04-11,05:20,ATROPELLO,1,0,1,LIMA,HUAURA,HUAURA,RURAL,CARRETERA,NACIONAL,PE-1N,-11.06594,-77.58721,DESPEJADO,RURAL,TRAMO RECTO,INCLINADA,ASFALTADA,SI,PREVENTIVA (P),REGULADORA (R),NO,IMPRUDENCIA DEL CONDUCTOR,EXCESO DE VELOCIDAD,5.0,0,2022.0,4.0,0.0,0,0,1,0,0.0,1.0,0.0,1.0,0,1,47.0,18.384776310850235,0,1,2,0.0,0.5,1
A-2022-04-168,2022-04-11,06:00,CHOQUE,1,2,2,CAJAMARCA,SAN IGNACIO,CHIRINOS,RURAL,CARRETERA,NACIONAL,PE-5N,-5.32838,-78.79727,DESPEJADO,RURAL,OTRO,PLANA ,ASFALTADA,,,,,EN PROCESO DE INVESTIGACIÓN,NO CUENTA CON CAUSA ESPECIFICA,6.0,0,2022.0,4.0,0.0,0,1,1,1,0.0,0.0,0.0,0.0,0,0,38.333333333333336,13.576941236277534,0,0,3,0.0,0.0,0
A-2022-04-33,2022-04-11,06:00,ATROPELLO FUGA,1,0,0,TACNA,TACNA,LA YARADA LOS PALOS,RURAL,CARRETERA,PROVINCIAL,TA-644,-18.276368,-70.43332,NUBLADO,RURAL,TRAMO RECTO,PLANA ,ASFALTADA,NO,,,SI,EN PROCESO DE INVESTIGACIÓN,NO CUENTA CON CAUSA ESPECIFICA,6.0,0,2022.0,4.0,0.0,0,1,1,0,0.0,0.0,0.0,0.0,0,1,51.0,0.0,0,0,2,0.0,0.0,0
A-2022-04-106,2022-04-11,07:20,ATROPELLO,1,0,1,LA LIBERTAD,VIRU,VIRU,RURAL,CARRETERA,NACIONAL,PE-1N,-8.47521,-78.707538,DESPEJADO,RURAL,TRAMO RECTO,PLANA ,ASFALTADA,,,,,IMPRUDENCIA DEL PEATÓN,CRUCE INDEBIDO POR LA CALZADA,7.0,0,2022.0,4.0,0.0,0,1,1,0,0.0,0.0,0.0,0.0,0,0,42.5,9.192388155425117,0,1,2,0.0,0.5,0
A-2022-04-226,2022-04-11,11:30,CAÍDA DE PASAJERO,1,0,0,JUNIN,HUANCAYO,CHILCA,URBANA,AVENIDA,URBANO,NO CORRESPONDE,-12.099061,-75.186957,DESPEJADO,COMERCIAL,TRAMO RECTO,PLANA ,ASFALTADA,,,,,IMPRUDENCIA DEL PASAJERO/OCUPANTE,OTRO (IMPRUDENCIA DEL PASAJERO/OCUPANTE),11.0,0,2022.0,4.0,0.0,0,1,1,1,1.0,0.0,0.0,1.0,0,0,33.5,6.363961030678928,1,1,2,0.5,0.5,0
A-2022-04-29,2022-04-11,15:00,ATROPELLO,1,0,0,PUNO,EL COLLAO,ILAVE,RURAL,CARRETERA,NACIONAL,PE-3S,-16.094836,-69.623235,DESPEJADO,RURAL,TRAMO RECTO,PLANA ,ASFALTADA,NO,,,SI,IMPRUDENCIA DEL PEATÓN,CRUCE INDEBIDO POR LA CALZADA,15.0,0,2022.0,4.0,0.0,0,2,1,1,0.0,0.0,0.0,0.0,0,1,65.0,7.0710678118654755,0,1,2,0.0,0.5,0
A-2022-04-184,2022-04-12,01:15,CHOQUE,1,3,0,JUNIN,CHANCHAMAYO,PICHANAQUI,RURAL,CARRETERA,NACIONAL,PE-5S,-10.957707363940512,-74.82562239297226,,,,,,,,,,EN PROCESO DE INVESTIGACIÓN,NO CUENTA CON CAUSA ESPECIFICA,1.0,0,2022.0,4.0,1.0,0,0,1,1,0.0,1.0,1.0,2.0,0,0,31.5,5.890670590009257,0,2,6,0.0,0.333,1
A-2022-04-225,2022-04-12,05:30,CHOQUE,1,5,2,JUNIN,JAUJA,SINCOS,RURAL,CARRETERA,NACIONAL,PE-3SB,-11.88678,-75.39043,DESPEJADO,RURAL,TRAMO RECTO,PLANA ,ASFALTADA,,,,,IMPRUDENCIA DEL CONDUCTOR,EXCESO DE VELOCIDAD,5.0,0,2022.0,4.0,1.0,0,0,1,1,0.0,0.0,0.0,0.0,0,0,46.285714285714285,8.01486713789413,0,2,7,0.0,0.286,1
A-2022-04-178,2022-04-12,10:00,CHOQUE,1,1,2,HUANUCO,LEONCIO PRADO,PUEBLO NUEVO,URBANA,CARRETERA,NACIONAL,PE-5N,-9.0726769,-76.0640611,SOLEADO,COMERCIAL,TRAMO RECTO,PLANA ,ASFALTADA,SI,REGULADORA (R),PREVENTIVA (P),NO,IMPRUDENCIA DEL CONDUCTOR,FATIGA Y/O CANSANCIO,10.0,0,2022.0,4.0,1.0,0,1,1,1,0.0,0.0,0.0,0.0,0,1,38.666666666666664,10.692676621563628,0,2,3,0.0,0.667,0
A-2022-04-227,2022-04-12,15:40,CHOQUE,2,0,2,JUNIN,CONCEPCION,MATAHUASI,RURAL,CARRETERA,NACIONAL,PE-3S,-11.89142,-75.34304,DESPEJADO,RURAL,TRAMO RECTO,PLANA ,ASFALTADA,,,,,IMPRUDENCIA DEL CONDUCTOR,GIRAR IMPRUDENTEMENTE,15.0,1,2022.0,4.0,1.0,0,2,1,1,0.0,0.0,0.0,0.0,0,0,64.0,9.848857801796104,0,2,3,0.0,0.667,0
A-2022-04-35,2022-04-12,19:00,CHOQUE,1,1,2,ICA,NASCA,NASCA,URBANA,CARRETERA,NACIONAL,PE-30A,-14.841315,-74.942224,DESPEJADO,RESIDENCIAL,INTERSECCIÓN,PLANA ,ASFALTADA,,,,,EN PROCESO DE INVESTIGACIÓN,NO CUENTA CON CAUSA ESPECIFICA,19.0,0,2022.0,4.0,1.0,0,3,1,0,0.0,0.0,0.0,0.0,0,0,33.0,22.60530911091463,0,1,3,0.0,0.333,1
A-2022-04-34,2022-04-12,21:45,CHOQUE,1,0,2,ICA,ICA,SUBTANJALLA,URBANA,CARRETERA,NACIONAL,PE-1S,-14.00787,-75.765825,DESPEJADO,RESIDENCIAL,TRAMO RECTO,PLANA ,ASFALTADA,,,,,EN PROCESO DE INVESTIGACIÓN,NO CUENTA CON CAUSA ESPECIFICA,21.0,0,2022.0,4.0,1.0,0,3,1,0,0.0,0.0,0.0,0.0,0,0,46.0,12.727922061357855,0,2,2,0.0,1.0,1
A-2022-04-136,2022-04-13,01:10,ATROPELLO,1,0,1,CUSCO,ANTA,ANCAHUASI,RURAL,CARRETERA,NACIONAL,PE-3S,-13.474138758380366,-72.27845128192435,DESPEJADO,RURAL,TRAMO RECTO,PLANA ,ASFALTADA,,,,,IMPERICIA DEL CONDUCTOR,,1.0,0,2022.0,4.0,2.0,0,0,1,1,0.0,0.0,0.0,0.0,0,0,32.5,9.192388155425117,0,1,2,0.0,0.5,1
A-2022-04-139,2022-04-13,16:00,ATROPELLO,1,1,1,CUSCO,CALCA,PISAC,RURAL,CARRETERA,DEPARTAMENTAL,CU-112,-13.41726719757374,-71.83665749533398,DESPEJADO,RURAL,TRAMO RECTO,INCLINADA,TROCHA,,,,,IMPRUDENCIA DEL CONDUCTOR,EXCESO DE VELOCIDAD,16.0,0,2022.0,4.0,2.0,0,2,1,1,0.0,1.0,2.0,3.0,0,0,5.5,0.7071067811865476,0,0,2,0.0,0.0,0
A-2022-04-201,2022-04-13,16:00,ATROPELLO,1,0,0,LIMA,LIMA,LA VICTORIA,URBANA,AVENIDA,URBANO,NO CORRESPONDE,-12.075948,-77.02623,,,,,,,,,,EN PROCESO DE INVESTIGACIÓN,NO CUENTA CON CAUSA ESPECIFICA,16.0,0,2022.0,4.0,2.0,0,2,1,0,1.0,1.0,1.0,3.0,0,0,54.666666666666664,16.010413278030438,0,0,3,0.0,0.0,0
A-2022-04-82,2022-04-13,18:30,CHOQUE,1,1,0,LAMBAYEQUE,LAMBAYEQUE,MORROPE,URBANA,CARRETERA,NACIONAL,PE-1N,-6.53168955444354,-80.031733841186,DESPEJADO,COMERCIAL,TRAMO RECTO,PLANA ,ASFALTADA,,,,,EN PROCESO DE INVESTIGACIÓN,NO CUENTA CON CAUSA ESPECIFICA,18.0,0,2022.0,4.0,2.0,0,3,1,0,0.0,0.0,0.0,0.0,0,0,60.0,2.309401076758503,0,2,4,0.0,0.5,1
A-2022-04-74,2022-04-13,19:08,CHOQUE,1,0,2,AREQUIPA,AREQUIPA,LA JOYA,RURAL,CARRETERA,NACIONAL,PE-1S,-16.657997,-71.871372,DESPEJADO,RURAL,TRAMO RECTO,PLANA ,ASFALTADA,NO,,,SI,EN PROCESO DE INVESTIGACIÓN,NO CUENTA CON CAUSA ESPECIFICA,19.0,0,2022.0,4.0,2.0,0,3,1,0,0.0,0.0,0.0,0.0,0,1,29.0,4.242640687119285,0,1,2,0.0,0.5,1
A-2022-04-202,2022-04-13,23:30,ATROPELLO,1,0,0,LIMA,LIMA,PUENTE PIEDRA,URBANA,CARRETERA,NACIONAL,PE-1N,-11.861387,-77.078387,,,,,,,,,,EN PROCESO DE INVESTIGACIÓN,NO CUENTA CON CAUSA ESPECIFICA,23.0,0,2022.0,4.0,2.0,0,3,1,0,0.0,1.0,1.0,2.0,0,0,35.5,2.1213203435596424,0,0,2,0.0,0.0,1
A-2022-04-236,2022-04-14,00:04,DESPISTE,1,0,0,LIMA,LIMA,COMAS,URBANA,AVENIDA,URBANO,NO CORRESPONDE,-11.936698,-77.048753,,,,,,,,,,EN PROCESO DE INVESTIGACIÓN,NO CUENTA CON CAUSA ESPECIFICA,0.0,0,2022.0,4.0,3.0,0,0,1,0,1.0,1.0,1.0,3.0,0,0,0.0,0.0,0,0,1,0.0,0.0,1
A-2022-04-109,2022-04-14,03:45,ATROPELLO,1,0,1,LA LIBERTAD,TRUJILLO,HUANCHACO,RURAL,CARRETERA,NACIONAL,PE-1N,-8.003335366008683,-79.07130712635922,DESPEJADO,RURAL,TRAMO RECTO,PLANA ,ASFALTADA,,,,,IMPRUDENCIA DEL PEATÓN,CRUCE INDEBIDO POR LA CALZADA,3.0,0,2022.0,4.0,3.0,0,0,1,0,0.0,0.0,0.0,0.0,0,0,38.0,12.727922061357855,0,0,2,0.0,0.0,1
A-2022-04-88,2022-04-14,07:05,CHOQUE,2,0,1,SAN MARTIN,MOYOBAMBA,MOYOBAMBA,RURAL,CARRETERA,NACIONAL,PE-5N,-6.046564,-77.035053,DESPEJADO,RURAL,CURVA,INCLINADA,ASFALTADA,,,,,IMPERICIA DEL CONDUCTOR,,7.0,1,2022.0,4.0,3.0,0,1,1,2,0.0,1.0,0.0,1.0,0,0,34.333333333333336,6.110100926607787,0,1,3,0.0,0.333,0
A-2022-04-228,2022-04-14,11:20,ESPECIAL,1,1,0,JUNIN,CHANCHAMAYO,CHANCHAMAYO,RURAL,CARRETERA,NACIONAL,PE-22B,-10.98256022,-75.30796754,,,,,,,,,,EN PROCESO DE INVESTIGACIÓN,NO CUENTA CON CAUSA ESPECIFICA,11.0,0,2022.0,4.0,3.0,0,1,1,1,0.0,1.0,1.0,2.0,0,0,28.5,2.1213203435596424,0,1,2,0.0,0.5,0
A-2022-04-232,2022-04-14,11:40,VOLCADURA,1,5,1,AYACUCHO,HUAMANGA,VINCHOS,URBANA,CARRETERA,PROVINCIAL,AY-825,-13.292617604851367,-74.45777492110896,DESPEJADO,RURAL,CURVA,INCLINADA,ASFALTADA,SI,PREVENTIVA (P),,NO,IMPRUDENCIA DEL CONDUCTOR,EXCESO DE VELOCIDAD,11.0,0,2022.0,4.0,3.0,0,1,1,1,0.0,1.0,0.0,1.0,0,1,32.833333333333336,6.853223086013374,0,0,6,0.0,0.0,0
A-2022-04-207,2022-04-14,15:00,DESPISTE,1,0,0,ANCASH,HUARMEY,HUARMEY,RURAL,CARRETERA,NACIONAL,PE-1N,-10.403397,-77.974306,DESPEJADO,RURAL,TRAMO RECTO,PLANA ,ASFALTADA,,,,,EN PROCESO DE INVESTIGACIÓN,NO CUENTA CON CAUSA ESPECIFICA,15.0,0,2022.0,4.0,3.0,0,2,1,0,0.0,0.0,0.0,0.0,0,0,52.0,9.899494936611665,0,1,2,0.0,0.5,0
A-2022-04-110,2022-04-14,19:04,ATROPELLO,1,0,1,LA LIBERTAD,VIRU,CHAO,RURAL,CARRETERA,NACIONAL,PE-1N,-8.529139,-78.682165,DESPEJADO,RURAL,TRAMO RECTO,PLANA ,ASFALTADA,,,,,EN PROCESO DE INVESTIGACIÓN,NO CUENTA CON CAUSA ESPECIFICA,19.0,0,2022.0,4.0,3.0,0,3,1,0,0.0,0.0,0.0,0.0,0,0,64.0,31.11269837220809,0,0,2,0.0,0.0,1
A-2022-04-111,2022-04-14,19:50,CHOQUE FUGA,1,0,2,LA LIBERTAD,VIRU,VIRU,RURAL,CARRETERA,NACIONAL,PE-1N,-8.440818786493223,-78.7534320963491,DESPEJADO,RURAL,TRAMO RECTO,PLANA ,ASFALTADA,,,,,EN PROCESO DE INVESTIGACIÓN,NO CUENTA CON CAUSA ESPECIFICA,19.0,0,2022.0,4.0,3.0,0,3,1,0,0.0,0.0,0.0,0.0,0,0,32.0,2.8284271247461903,0,1,3,0.0,0.333,1
A-2022-04-75,2022-04-15,02:10,DESPISTE,1,0,1,AREQUIPA,AREQUIPA,SOCABAYA,URBANA,CALLE,URBANO,NO CORRESPONDE,-16.468725,-71.551163,DESPEJADO,RESIDENCIAL,INTERSECCIÓN,INCLINADA,ASFALTADA,NO,,,SI,EN PROCESO DE INVESTIGACIÓN,NO CUENTA CON CAUSA ESPECIFICA,2.0,0,2022.0,4.0,4.0,0,0,1,0,2.0,1.0,0.0,3.0,0,1,46.0,0.0,0,1,1,0.0,1.0,1
A-2022-04-237,2022-04-15,04:45,CHOQUE,2,0,0,LIMA,LIMA,LURIGANCHO,URBANA,CARRETERA,NACIONAL,PE-22,-12.018346,-76.911652,,,,,,,,,,EN PROCESO DE INVESTIGACIÓN,NO CUENTA CON CAUSA ESPECIFICA,4.0,1,2022.0,4.0,4.0,0,0,1,0,0.0,1.0,1.0,2.0,0,0,0.0,0.0,0,0,5,0.0,0.0,1
A-2022-04-51,2022-04-15,18:45,ATROPELLO,1,0,1,CAJAMARCA,CAJAMARCA,LOS BAÑOS DEL INCA,URBANA,JIRÓN,URBANO,NO CORRESPONDE,-7.15525091,-78.45967954,DESPEJADO,RURAL,TRAMO RECTO,PLANA ,CONCRETO,,,,,EN PROCESO DE INVESTIGACIÓN,NO CUENTA CON CAUSA ESPECIFICA,18.0,0,2022.0,4.0,4.0,0,3,1,1,1.0,0.0,0.0,1.0,0,0,20.0,24.041630560342615,0,0,2,0.0,0.0,1
A-2022-04-152,2022-04-15,19:00,CHOQUE,1,0,1,PIURA,PIURA,CASTILLA,URBANA,CARRETERA,NACIONAL,PE-1NJ,-5.2079184,-80.6212371,DESPEJADO,COMERCIAL,TRAMO RECTO,PLANA ,ASFALTADA,,,,,EN PROCESO DE INVESTIGACIÓN,NO CUENTA CON CAUSA ESPECIFICA,19.0,0,2022.0,4.0,4.0,0,3,1,0,0.0,0.0,0.0,0.0,0,0,36.0,2.8284271247461903,1,0,3,0.333,0.0,1
A-2022-04-143,2022-04-15,20:50,ATROPELLO FUGA,1,0,0,PIURA,PIURA,TAMBO GRANDE,RURAL,CARRETERA,NACIONAL,PE-1NJ,-5.139098,-80.349455,DESPEJADO,RURAL,TRAMO RECTO,PLANA ,ASFALTADA,,,,,EN PROCESO DE INVESTIGACIÓN,NO CUENTA CON CAUSA ESPECIFICA,20.0,0,2022.0,4.0,4.0,0,3,1,0,0.0,0.0,0.0,0.0,0,0,0.0,0.0,0,0,2,0.0,0.0,1
A-2022-04-38,2022-04-16,01:20,ATROPELLO FUGA,1,0,0,TUMBES,CONTRALMIRANTE VILLAR,ZORRITOS,RURAL,CARRETERA,NACIONAL,PE-1N,-3.718510946147052,-80.75336839688924,DESPEJADO,RURAL,CURVA,PLANA ,ASFALTADA,,,,,EN PROCESO DE INVESTIGACIÓN,NO CUENTA CON CAUSA ESPECIFICA,1.0,0,2022.0,4.0,5.0,1,0,1,0,0.0,0.0,0.0,0.0,0,0,44.0,0.0,0,0,2,0.0,0.0,1
A-2022-04-39,2022-04-16,16:30,DESPISTE,1,3,1,HUANCAVELICA,HUAYTARA,HUAYTARA,URBANA,CARRETERA,NACIONAL,PE-28A,-13.581158,-75.244149,DESPEJADO,RURAL,CURVA,INCLINADA,ASFALTADA,SI,INFORMATIVA (I),,SI,EN PROCESO DE INVESTIGACIÓN,NO CUENTA CON CAUSA ESPECIFICA,16.0,0,2022.0,4.0,5.0,1,2,1,1,0.0,1.0,0.0,1.0,0,0,22.0,16.792855623746664,0,1,4,0.0,0.25,0
A-2022-04-238,2022-04-17,02:10,ATROPELLO FUGA,1,0,0,LIMA,LIMA,LURIGANCHO,URBANA,CARRETERA,NACIONAL,PE-22,-11.921435,-76.675836,,,,,,,,,,EN PROCESO DE INVESTIGACIÓN,NO CUENTA CON CAUSA ESPECIFICA,2.0,0,2022.0,4.0,6.0,1,0,1,0,0.0,1.0,1.0,2.0,0,0,0.0,0.0,0,0,2,0.0,0.0,1
A-2022-04-245,2022-04-17,11:45,ATROPELLO,1,0,0,LIMA,LIMA,SURQUILLO,URBANA,AVENIDA,URBANO,NO CORRESPONDE,-12.111205,-77.02335,,,,,,,,,,EN PROCESO DE INVESTIGACIÓN,NO CUENTA CON CAUSA ESPECIFICA,11.0,0,2022.0,4.0,6.0,1,1,1,0,1.0,1.0,1.0,3.0,0,0,0.0,0.0,0,0,2,0.0,0.0,0
A-2022-04-144,2022-04-17,21:40,CHOQUE,1,1,2,PIURA,PIURA,EL TALLAN,RURAL,CARRETERA,NACIONAL,PE-1N,-5.467806,-80.603836,DESPEJADO,RURAL,TRAMO RECTO,PLANA ,ASFALTADA,,,,,EN PROCESO DE INVESTIGACIÓN,NO CUENTA CON CAUSA ESPECIFICA,21.0,0,2022.0,4.0,6.0,1,3,1,0,0.0,0.0,0.0,0.0,0,0,35.666666666666664,10.115993936995679,0,1,3,0.0,0.333,1
A-2022-04-52,2022-04-18,00:13,CHOQUE,1,1,0,CAJAMARCA,CAJAMARCA,CAJAMARCA,URBANA,CARRETERA,NACIONAL,PE-3N,-7.14512578,-78.51381524,,,,,,,,,,EN PROCESO DE INVESTIGACIÓN,NO CUENTA CON CAUSA ESPECIFICA,0.0,0,2022.0,4.0,0.0,0,0,1,1,0.0,1.0,1.0,2.0,0,0,28.5,3.5355339059327378,0,0,2,0.0,0.0,1
A-2022-04-246,2022-04-18,01:20,ATROPELLO,1,0,0,LIMA,LIMA,LOS OLIVOS,URBANA,CARRETERA,NACIONAL,PE-1N,-11.937526,-77.071828,,,,,,,,,,EN PROCESO DE INVESTIGACIÓN,NO CUENTA CON CAUSA ESPECIFICA,1.0,0,2022.0,4.0,0.0,0,0,1,0,0.0,1.0,1.0,2.0,0,0,0.0,0.0,0,0,2,0.0,0.0,1
A-2022-04-234,2022-04-18,06:20,ATROPELLO FUGA,1,0,1,LIMA,HUAURA,VEGUETA,RURAL,CARRETERA,NACIONAL,PE-1N,-10.892130785708703,-77.67582893812603,DESPEJADO,RURAL,TRAMO RECTO,PLANA ,ASFALTADA,SI,REGULADORA (R),INFORMATIVA (I),NO,EN PROCESO DE INVESTIGACIÓN,NO CUENTA CON CAUSA ESPECIFICA,6.0,0,2022.0,4.0,0.0,0,1,1,0,0.0,0.0,0.0,0.0,0,1,53.0,0.0,0,0,2,0.0,0.0,0
A-2022-04-107,2022-04-18,15:30,ATROPELLO,1,0,1,HUANCAVELICA,HUAYTARA,TAMBO,RURAL,CARRETERA,NACIONAL,PE-28A,-13.472465,-75.065095,DESPEJADO,RURAL,TRAMO RECTO,PLANA ,ASFALTADA,SI,PREVENTIVA (P),,SI,EN PROCESO DE INVESTIGACIÓN,NO CUENTA CON CAUSA ESPECIFICA,15.0,0,2022.0,4.0,0.0,0,2,1,1,0.0,0.0,0.0,0.0,0,0,44.0,14.142135623730951,0,1,2,0.0,0.5,0
A-2022-04-115,2022-04-19,05:20,CHOQUE,2,0,2,LA LIBERTAD,PACASMAYO,GUADALUPE,RURAL,CARRETERA,NACIONAL,PE-1N,-7.272699,-79.477915,DESPEJADO,RURAL,TRAMO RECTO,PLANA ,ASFALTADA,,,,,IMPRUDENCIA DEL CONDUCTOR,FATIGA Y/O CANSANCIO,5.0,1,2022.0,4.0,1.0,0,0,1,0,0.0,0.0,0.0,0.0,0,0,60.666666666666664,7.023769168568493,0,2,3,0.0,0.667,1
A-2022-04-114,2022-04-19,08:30,DESPISTE,1,0,1,LA LIBERTAD,PATAZ,PATAZ,RURAL,CARRETERA,DEPARTAMENTAL,LI-125,-7.817445545513125,-77.63357401488287,DESPEJADO,RURAL,CURVA,INCLINADA,AFIRMADO,,,,,IMPRUDENCIA DEL CONDUCTOR,OTRO (IMPRUDENCIA DEL CONDUCTOR),8.0,0,2022.0,4.0,1.0,0,1,1,0,0.0,1.0,1.0,2.0,0,0,43.0,0.0,0,1,1,0.0,1.0,0