CODIGO_SINIESTRO,FECHA_SINIESTRO,HORA_SINIESTRO,CLASE_SINIESTRO,CANTIDAD_FALLECIDOS,CANTIDAD_LESIONADOS,CANTIDAD_VEHICULOS,DEPARTAMENTO,PROVINCIA,DISTRITO,ZONA,TIPO_VIA,RED_VIAL,COD_CARRETERA,LATITUD,LONGITUD,CONDICION_CLIMATICA,ZONIFICACION,CARACTERISTICAS_VIA,PERFIL_VIA,SUPERFICIE_CALZADA,EXISTE_SENIAL_VERTICAL,CLASIFICACION_SENIAL_VERTICAL_1,CLASIFICACION_SENIAL_VERTICAL_2,EXISTE_SENIAL_HORIZONTAL,CAUSA_FACTOR_PRINCIPAL,CAUSA_ESPECIFICA,HORA,severidad,ANIO,MES,DIA_SEMANA,FIN_SEMANA,FRANJA_HORARIA,TEMPORADA,MACROREGION,TIPO_VIA_SCORE,PERFIL_VIA_SCORE,SUPERFICIE_CALZADA_SCORE,RIESGO_INFRAESTRUCTURA,RIESGO_CLIMATICO,SENIALIZACION_DEFICIENTE,EDAD_PROMEDIO,EDAD_STD,TOTAL_ALCOHOL,TOTAL_LICENCIA,TOTAL_PERSONAS,PCT_ALCOHOL,PCT_LICENCIA,ES_NOCHE
A-2022-04-187,2022-04-19,10:15,CHOQUE,1,1,0,JUNIN,SATIPO,MAZAMARI,URBANA,CARRETERA,SIN CLASIFICAR,SIN CLASIFICAR,-11.30388246837108,-74.55187077045927,,,,,,,,,,EN PROCESO DE INVESTIGACIÓN,NO CUENTA CON CAUSA ESPECIFICA,10.0,0,2022.0,4.0,1.0,0,1,1,1,0.0,1.0,1.0,2.0,0,0,62.0,24.269322199023193,0,0,3,0.0,0.0,0
A-2022-04-247,2022-04-19,10:30,CAÍDA DE PASAJERO,1,0,0,LIMA,LIMA,LA VICTORIA,URBANA,AVENIDA,URBANO,NO CORRESPONDE,-12.0668456,-77.0052153,,,,,,,,,,EN PROCESO DE INVESTIGACIÓN,NO CUENTA CON CAUSA ESPECIFICA,10.0,0,2022.0,4.0,1.0,0,1,1,0,1.0,1.0,1.0,3.0,0,0,0.0,0.0,0,0,2,0.0,0.0,0
A-2022-04-209,2022-04-19,12:30,ATROPELLO,1,0,0,ANCASH,SANTA,CHIMBOTE,URBANA,CARRETERA,NACIONAL,PE-1N,-9.072562692594683,-78.58902475388773,DESPEJADO,COMERCIAL,TRAMO RECTO,PLANA ,ASFALTADA,,,,,IMPRUDENCIA DEL PEATÓN,CRUCE INDEBIDO POR LA CALZADA,12.0,0,2022.0,4.0,1.0,0,2,1,0,0.0,0.0,0.0,0.0,0,0,43.5,2.1213203435596424,0,1,2,0.0,0.5,0
A-2022-04-47,2022-04-19,14:00,DESPISTE,1,1,0,TACNA,TACNA,SAMA,RURAL,CARRETERA,NACIONAL,PE-1S,-17.805173051007888,-70.59319312095045,,,,,,,,,,EN PROCESO DE INVESTIGACIÓN,NO CUENTA CON CAUSA ESPECIFICA,14.0,0,2022.0,4.0,1.0,0,2,1,0,0.0,1.0,1.0,2.0,0,0,23.333333333333332,15.53490693030806,0,1,3,0.0,0.333,0
A-2022-04-149,2022-04-19,15:00,ATROPELLO FUGA,1,0,0,CAJAMARCA,CAJAMARCA,LOS BAÑOS DEL INCA,URBANA,JIRÓN,URBANO,NO CORRESPONDE,-7.14674322,-78.4628021,LLUVIOSO,COMERCIAL,OTRO,PLANA ,ASFALTADA,,,,,EN PROCESO DE INVESTIGACIÓN,NO CUENTA CON CAUSA ESPECIFICA,15.0,0,2022.0,4.0,1.0,0,2,1,1,1.0,0.0,0.0,1.0,1,0,82.0,0.0,0,0,3,0.0,0.0,0
A-2022-04-46,2022-04-19,15:00,CHOQUE,1,2,0,ICA,ICA,SANTIAGO,URBANA,CARRETERA,NACIONAL,PE-1S,-14.258504,-75.687392,DESPEJADO,RURAL,TRAMO RECTO,PLANA ,ASFALTADA,,,,,EN PROCESO DE INVESTIGACIÓN,NO CUENTA CON CAUSA ESPECIFICA,15.0,0,2022.0,4.0,1.0,0,2,1,0,0.0,0.0,0.0,0.0,0,0,31.75,7.182153808805081,0,1,4,0.0,0.25,0
A-2022-04-59,2022-04-19,22:00,ATROPELLO FUGA,1,0,0,CALLAO,CALLAO,CALLAO,URBANA,CARRETERA,NACIONAL,PE-20,-11.942374412178228,-77.13127055456906,DESPEJADO,COMERCIAL,TRAMO RECTO,PLANA ,ASFALTADA,,,,,EN PROCESO DE INVESTIGACIÓN,NO CUENTA CON CAUSA ESPECIFICA,22.0,0,2022.0,4.0,1.0,0,3,1,0,0.0,0.0,0.0,0.0,0,0,45.0,0.0,0,0,2,0.0,0.0,1
A-2022-04-78,2022-04-19,23:00,DESPISTE,1,0,1,AREQUIPA,AREQUIPA,VITOR,RURAL,CARRETERA,PROVINCIAL,AR-727,-16.439461,-71.929865,DESPEJADO,RURAL,CURVA,PLANA ,ASFALTADA,NO,,,SI,EN PROCESO DE INVESTIGACIÓN,NO CUENTA CON CAUSA ESPECIFICA,23.0,0,2022.0,4.0,1.0,0,3,1,0,0.0,0.0,0.0,0.0,0,1,29.0,0.0,0,1,1,0.0,1.0,1
A-2022-04-93,2022-04-20,02:40,CHOQUE,1,0,0,LAMBAYEQUE,LAMBAYEQUE,MORROPE,RURAL,CARRETERA,NACIONAL,PE-1N,-6.519502,-80.047729,DESPEJADO,RURAL,TRAMO RECTO,PLANA ,ASFALTADA,,,,,EN PROCESO DE INVESTIGACIÓN,NO CUENTA CON CAUSA ESPECIFICA,2.0,0,2022.0,4.0,2.0,0,0,1,0,0.0,0.0,0.0,0.0,0,0,36.0,0.0,0,1,2,0.0,0.5,1
A-2022-04-55,2022-04-20,04:45,DESPISTE,2,1,0,TACNA,JORGE BASADRE,LOCUMBA,RURAL,CARRETERA,PROVINCIAL,TA-573,-17.520609434056144,-70.72215373363609,,,,,,,,,,EN PROCESO DE INVESTIGACIÓN,NO CUENTA CON CAUSA ESPECIFICA,4.0,1,2022.0,4.0,2.0,0,0,1,0,0.0,1.0,1.0,2.0,0,0,46.0,6.244997998398398,0,1,3,0.0,0.333,1
A-2022-04-60,2022-04-20,04:55,DESPISTE,1,0,0,CALLAO,CALLAO,CALLAO,URBANA,OTRO,URBANO,NO CORRESPONDE,-12.054155073024663,-77.145566383695,DESPEJADO,INDUSTRIAL,TRAMO RECTO,PLANA ,ASFALTADA,,,,,IMPRUDENCIA DEL CONDUCTOR,OTRO (IMPRUDENCIA DEL CONDUCTOR),4.0,0,2022.0,4.0,2.0,0,0,1,0,2.0,0.0,0.0,2.0,0,0,74.0,0.0,0,0,1,0.0,0.0,1
A-2022-04-241,2022-04-20,17:00,ATROPELLO,1,1,1,MADRE DE DIOS,TAMBOPATA,INAMBARI,RURAL,CARRETERA,NACIONAL,PE-30C,-12.885302,-70.023002,DESPEJADO,COMERCIAL,TRAMO RECTO,PLANA ,ASFALTADA,,,,,IMPRUDENCIA DEL PEATÓN,ESTADO DE EBRIEDAD Y/O DROGADICCIÓN,17.0,0,2022.0,4.0,2.0,0,2,1,2,0.0,0.0,0.0,0.0,0,0,32.5,7.7781745930520225,1,0,2,0.5,0.0,0
A-2022-04-58,2022-04-20,17:45,CHOQUE,1,0,2,PUNO,CHUCUITO,ZEPITA,RURAL,CARRETERA,NACIONAL,PE-3S,-16.51236746735443,-69.0882216243112,DESPEJADO,RURAL,TRAMO RECTO,PLANA ,ASFALTADA,,,,,IMPRUDENCIA DEL CONDUCTOR,NO DAR PASO PREFERENTE AL PEATÓN,17.0,0,2022.0,4.0,2.0,0,2,1,1,0.0,0.0,0.0,0.0,0,0,43.5,37.476659402887016,0,1,2,0.0,0.5,0
A-2022-04-118,2022-04-20,20:00,ATROPELLO,1,2,1,LA LIBERTAD,PACASMAYO,SAN PEDRO DE LLOC,RURAL,CARRETERA,NACIONAL,PE-1N,-7.452900319944818,-79.49065446539922,DESPEJADO,RURAL,TRAMO RECTO,PLANA ,ASFALTADA,,,,,EN PROCESO DE INVESTIGACIÓN,NO CUENTA CON CAUSA ESPECIFICA,20.0,0,2022.0,4.0,2.0,0,3,1,0,0.0,0.0,0.0,0.0,0,0,40.0,24.269322199023193,0,0,3,0.0,0.0,1
A-2022-04-248,2022-04-20,20:30,DESPISTE,1,1,0,LIMA,LIMA,COMAS,URBANA,AVENIDA,URBANO,NO CORRESPONDE,-11.9367113327829,-77.048712090667,,,,,,,,,,EN PROCESO DE INVESTIGACIÓN,NO CUENTA CON CAUSA ESPECIFICA,20.0,0,2022.0,4.0,2.0,0,3,1,0,1.0,1.0,1.0,3.0,0,0,0.0,0.0,0,0,2,0.0,0.0,1
A-2022-04-249,2022-04-20,21:30,CHOQUE,1,0,0,LIMA,LIMA,LURIGANCHO,URBANA,CARRETERA,PROVINCIAL,LM-711,-11.985049,-76.93855,,,,,,,,,,EN PROCESO DE INVESTIGACIÓN,NO CUENTA CON CAUSA ESPECIFICA,21.0,0,2022.0,4.0,2.0,0,3,1,0,0.0,1.0,1.0,2.0,0,0,0.0,0.0,0,0,2,0.0,0.0,1
A-2022-04-145,2022-04-20,23:45,CAÍDA DE PASAJERO,1,0,0,APURIMAC,ANDAHUAYLAS,ANDAHUAYLAS,URBANA,CARRETERA,NACIONAL,PE-3S,-13.661499,-73.41861,,,,,,,,,,EN PROCESO DE INVESTIGACIÓN,NO CUENTA CON CAUSA ESPECIFICA,23.0,0,2022.0,4.0,2.0,0,3,1,1,0.0,1.0,1.0,2.0,0,0,31.0,0.0,0,0,2,0.0,0.0,1
A-2022-04-268,2022-04-21,03:13,CHOQUE,1,1,0,LIMA,LIMA,VILLA EL SALVADOR,RURAL,CARRETERA,NACIONAL,PE-1S,-12.23387967,-76.96018262,DESPEJADO,INDUSTRIAL,TRAMO RECTO,PLANA ,ASFALTADA,,,,,IMPRUDENCIA DEL CONDUCTOR,OTRO (IMPRUDENCIA DEL CONDUCTOR),3.0,0,2022.0,4.0,3.0,0,0,1,0,0.0,0.0,0.0,0.0,0,0,30.5,6.363961030678928,0,2,2,0.0,1.0,1
A-2022-04-63,2022-04-21,05:30,ATROPELLO,1,0,1,PUNO,YUNGUYO,OLLARAYA,RURAL,CARRETERA,DEPARTAMENTAL,PU-151,-16.249249472681786,-69.00240762655612,DESPEJADO,RURAL,CURVA,PLANA ,ASFALTADA,SI,PREVENTIVA (P),,SI,IMPRUDENCIA DEL PEATÓN,OTRO (IMPRUDENCIA DEL PEATÓN),5.0,0,2022.0,4.0,3.0,0,0,1,1,0.0,0.0,0.0,0.0,0,0,73.0,0.0,0,1,2,0.0,0.5,1
A-2022-04-79,2022-04-21,05:30,ATROPELLO,1,0,1,AREQUIPA,CAYLLOMA,MAJES,URBANA,CARRETERA,DEPARTAMENTAL,AR-108,-16.3501797,-72.1854332,DESPEJADO,COMERCIAL,ÓVALO,PLANA ,ASFALTADA,NO,,,SI,EN PROCESO DE INVESTIGACIÓN,NO CUENTA CON CAUSA ESPECIFICA,5.0,0,2022.0,4.0,3.0,0,0,1,0,0.0,0.0,0.0,0.0,0,1,44.5,20.506096654409877,0,1,2,0.0,0.5,1
A-2022-04-98,2022-04-21,21:00,CHOQUE,1,0,2,LAMBAYEQUE,CHICLAYO,LA VICTORIA,RURAL,CARRETERA,NACIONAL,PE-1N,-6.801381089,-79.85010311,NUBLADO,RURAL,TRAMO RECTO,PLANA ,ASFALTADA,,,,,EN PROCESO DE INVESTIGACIÓN,NO CUENTA CON CAUSA ESPECIFICA,21.0,0,2022.0,4.0,3.0,0,3,1,0,0.0,0.0,0.0,0.0,0,0,55.0,1.4142135623730951,1,1,2,0.5,0.5,1
A-2022-04-250,2022-04-22,00:03,DESPISTE,1,0,0,LIMA,LIMA,RIMAC,URBANA,AVENIDA,URBANO,NO CORRESPONDE,-12.027727,-77.040628,,,,,,,,,,EN PROCESO DE INVESTIGACIÓN,NO CUENTA CON CAUSA ESPECIFICA,0.0,0,2022.0,4.0,4.0,0,0,1,0,1.0,1.0,1.0,3.0,0,0,0.0,0.0,0,0,1,0.0,0.0,1
A-2022-04-251,2022-04-22,04:00,VOLCADURA,1,0,0,LIMA,LIMA,EL AGUSTINO,URBANA,CARRETERA,NACIONAL,PE-1N,-12.030099,-76.994874,,,,,,,,,,EN PROCESO DE INVESTIGACIÓN,NO CUENTA CON CAUSA ESPECIFICA,4.0,0,2022.0,4.0,4.0,0,0,1,0,0.0,1.0,1.0,2.0,0,0,0.0,0.0,0,0,3,0.0,0.0,1
A-2022-04-210,2022-04-22,05:45,CHOQUE FUGA,1,0,0,ANCASH,SANTA,SANTA,RURAL,CARRETERA,NACIONAL,PE-1N,-8.99838,-78.617956,DESPEJADO,RURAL,TRAMO RECTO,PLANA ,ASFALTADA,,,,,EN PROCESO DE INVESTIGACIÓN,NO CUENTA CON CAUSA ESPECIFICA,5.0,0,2022.0,4.0,4.0,0,0,1,0,0.0,0.0,0.0,0.0,0,0,28.0,0.0,0,1,2,0.0,0.5,1
A-2022-04-147,2022-04-22,06:30,CHOQUE,1,0,2,PIURA,PIURA,LA UNION,RURAL,CARRETERA,NACIONAL,PE-1NK,-5.376074947,-80.73606608,DESPEJADO,RURAL,TRAMO RECTO,PLANA ,ASFALTADA,,,,,EN PROCESO DE INVESTIGACIÓN,NO CUENTA CON CAUSA ESPECIFICA,6.0,0,2022.0,4.0,4.0,0,1,1,0,0.0,0.0,0.0,0.0,0,0,20.5,3.5355339059327378,0,1,3,0.0,0.333,0
A-2022-04-160,2022-04-22,07:30,CHOQUE,1,1,0,LAMBAYEQUE,LAMBAYEQUE,LAMBAYEQUE,URBANA,CARRETERA,NACIONAL,PE-1N,-6.68541,-79.90401,DESPEJADO,RESIDENCIAL,TRAMO RECTO,PLANA ,ASFALTADA,,,,,IMPRUDENCIA DEL CONDUCTOR,EXCESO DE VELOCIDAD,7.0,0,2022.0,4.0,4.0,0,1,1,0,0.0,0.0,0.0,0.0,0,0,42.0,19.79898987322333,0,1,2,0.0,0.5,0
A-2022-04-252,2022-04-22,11:45,CHOQUE,1,0,0,LIMA,LIMA,RIMAC,URBANA,CARRETERA,NACIONAL,PE-1N,-12.037505,-77.013085,,,,,,,,,,EN PROCESO DE INVESTIGACIÓN,NO CUENTA CON CAUSA ESPECIFICA,11.0,0,2022.0,4.0,4.0,0,1,1,0,0.0,1.0,1.0,2.0,0,0,0.0,0.0,0,0,2,0.0,0.0,0
A-2022-04-153,2022-04-22,14:20,DESPISTE,2,1,1,CAJAMARCA,JAEN,PUCARA,RURAL,CARRETERA,NACIONAL,PE-3N,-6.050729,-79.111278,DESPEJADO,RURAL,CURVA,INCLINADA,AFIRMADO,,,,,EN PROCESO DE INVESTIGACIÓN,NO CUENTA CON CAUSA ESPECIFICA,14.0,1,2022.0,4.0,4.0,0,2,1,1,0.0,1.0,1.0,2.0,0,0,44.0,18.734993995195193,0,0,3,0.0,0.0,0
A-2022-04-138,2022-04-22,14:35,ATROPELLO,1,0,0,CUSCO,QUISPICANCHI,ANDAHUAYLILLAS,URBANA,CARRETERA,NACIONAL,PE-3S,-13.659085,-71.684303,DESPEJADO,RURAL,TRAMO RECTO,PLANA ,ASFALTADA,,,,,IMPRUDENCIA DEL CONDUCTOR,EXCESO DE VELOCIDAD,14.0,0,2022.0,4.0,4.0,0,2,1,1,0.0,0.0,0.0,0.0,0,0,27.0,26.870057685088806,0,1,2,0.0,0.5,0
A-2022-04-61,2022-04-22,14:40,CHOQUE,1,0,0,CALLAO,CALLAO,CALLAO,URBANA,CARRETERA,NACIONAL,PE-20,-11.97825375670512,-77.1251388585664,DESPEJADO,COMERCIAL,TRAMO RECTO,PLANA ,ASFALTADA,,,,,IMPRUDENCIA DEL CONDUCTOR,NO DAR PASO PREFERENTE AL PEATÓN,14.0,0,2022.0,4.0,4.0,0,2,1,0,0.0,0.0,0.0,0.0,0,0,47.0,15.556349186104045,0,2,2,0.0,1.0,0
A-2022-04-155,2022-04-22,23:45,DESPISTE,1,6,1,CAJAMARCA,CAJAMARCA,CAJAMARCA,RURAL,CARRETERA,NACIONAL,PE-3N,-6.94076667,-78.602535,DESPEJADO,RURAL,OTRO,INCLINADA,ASFALTADA,,,,,EN PROCESO DE INVESTIGACIÓN,NO CUENTA CON CAUSA ESPECIFICA,23.0,0,2022.0,4.0,4.0,0,3,1,1,0.0,1.0,0.0,1.0,0,0,29.571428571428573,21.282677955379135,0,0,7,0.0,0.0,1
A-2022-04-233,2022-04-23,05:35,DESPISTE,1,3,2,ICA,CHINCHA,EL CARMEN,RURAL,CARRETERA,NACIONAL,PE-1SE,-13.5880020850848,-76.1666014901762,DESPEJADO,RURAL,TRAMO RECTO,PLANA ,ASFALTADA,,,,,NEGLIGENCIA DEL CONDUCTOR,OTRO (NEGLIGENCIA DEL CONDUCTOR),5.0,0,2022.0,4.0,5.0,1,0,1,0,0.0,0.0,0.0,0.0,0,0,33.5,13.435028842544403,0,1,4,0.0,0.25,1
A-2022-04-108,2022-04-23,07:35,DESPISTE,1,1,1,HUANCAVELICA,TAYACAJA,PAZOS,RURAL,CARRETERA,DEPARTAMENTAL,HV-124,-12.261372,-75.040445,DESPEJADO,RURAL,CURVA,INCLINADA,CASCAJO/RIPIO,,,,,EN PROCESO DE INVESTIGACIÓN,NO CUENTA CON CAUSA ESPECIFICA,7.0,0,2022.0,4.0,5.0,1,1,1,1,0.0,1.0,1.0,2.0,0,0,31.5,2.1213203435596424,0,0,2,0.0,0.0,0
A-2022-04-121,2022-04-23,19:00,CHOQUE,1,0,2,LA LIBERTAD,SANCHEZ CARRION,HUAMACHUCO,RURAL,CARRETERA,NACIONAL,PE-3N,-7.811837831275429,-77.99813368338158,DESPEJADO,RURAL,CURVA,PLANA ,AFIRMADO,,,,,IMPRUDENCIA DEL CONDUCTOR,EXCESO DE VELOCIDAD,19.0,0,2022.0,4.0,5.0,1,3,1,0,0.0,0.0,1.0,1.0,0,0,28.5,2.1213203435596424,0,0,2,0.0,0.0,1
A-2022-04-154,2022-04-23,19:00,VOLCADURA,1,0,1,CAJAMARCA,SAN IGNACIO,CHIRINOS,RURAL,CARRETERA,PROVINCIAL,CA-623,-5.418239,-78.828338,DESPEJADO,RURAL,TRAMO RECTO,INCLINADA,ASFALTADA,,,,,EN PROCESO DE INVESTIGACIÓN,NO CUENTA CON CAUSA ESPECIFICA,19.0,0,2022.0,4.0,5.0,1,3,1,1,0.0,1.0,0.0,1.0,0,0,58.0,0.0,0,0,1,0.0,0.0,1
A-2022-04-258,2022-04-24,01:00,DESPISTE,1,2,1,LIMA,BARRANCA,PARAMONGA,RURAL,CARRETERA,NACIONAL,PE-16,-10.4300781274231,-77.72620077863833,DESPEJADO,RURAL,TRAMO RECTO,PLANA ,ASFALTADA,SI,PREVENTIVA (P),PREVENTIVA (P),NO,IMPRUDENCIA DEL CONDUCTOR,OTRO (IMPRUDENCIA DEL CONDUCTOR),1.0,0,2022.0,4.0,6.0,1,0,1,0,0.0,0.0,0.0,0.0,0,1,42.666666666666664,11.930353445448853,0,0,3,0.0,0.0,1
A-2022-04-254,2022-04-24,05:20,CHOQUE,1,0,0,LIMA,LIMA,COMAS,URBANA,AVENIDA,URBANO,NO CORRESPONDE,-11.9301761,-77.04305123,,,,,,,,,,EN PROCESO DE INVESTIGACIÓN,NO CUENTA CON CAUSA ESPECIFICA,5.0,0,2022.0,4.0,6.0,1,0,1,0,1.0,1.0,1.0,3.0,0,0,0.0,0.0,0,0,1,0.0,0.0,1
A-2022-04-255,2022-04-24,06:30,ATROPELLO FUGA,1,0,0,LIMA,LIMA,ATE,URBANA,CARRETERA,NACIONAL,PE-22,-12.010227,-76.869461,,,,,,,,,,EN PROCESO DE INVESTIGACIÓN,NO CUENTA CON CAUSA ESPECIFICA,6.0,0,2022.0,4.0,6.0,1,1,1,0,0.0,1.0,1.0,2.0,0,0,0.0,0.0,0,0,2,0.0,0.0,0
A-2022-04-85,2022-04-24,06:40,DESPISTE,1,1,1,AREQUIPA,AREQUIPA,SANTA RITA DE SIGUAS,RURAL,CARRETERA,NACIONAL,PE-1S,-16.399693,-72.079581,DESPEJADO,RURAL,TRAMO RECTO,PLANA ,ASFALTADA,NO,,,SI,EN PROCESO DE INVESTIGACIÓN,NO CUENTA CON CAUSA ESPECIFICA,6.0,0,2022.0,4.0,6.0,1,1,1,0,0.0,0.0,0.0,0.0,0,1,31.0,1.4142135623730951,0,0,2,0.0,0.0,0
A-2022-04-95,2022-04-24,07:10,DESPISTE,1,0,0,LAMBAYEQUE,LAMBAYEQUE,JAYANCA,RURAL,CARRETERA,PROVINCIAL,LA-561,-6.373168,-79.829794,DESPEJADO,RURAL,OTRO,PLANA ,ASFALTADA,,,,,EN PROCESO DE INVESTIGACIÓN,NO CUENTA CON CAUSA ESPECIFICA,7.0,0,2022.0,4.0,6.0,1,1,1,0,0.0,0.0,0.0,0.0,0,0,45.0,0.0,0,0,1,0.0,0.0,0
A-2022-04-256,2022-04-24,12:00,ATROPELLO FUGA,1,0,0,LIMA,LIMA,PUENTE PIEDRA,URBANA,AVENIDA,URBANO,NO CORRESPONDE,-11.8646526,-77.07386223,,,,,,,,,,EN PROCESO DE INVESTIGACIÓN,NO CUENTA CON CAUSA ESPECIFICA,12.0,0,2022.0,4.0,6.0,1,2,1,0,1.0,1.0,1.0,3.0,0,0,0.0,0.0,0,0,2,0.0,0.0,0
A-2022-04-123,2022-04-24,12:30,ATROPELLO,1,0,1,LA LIBERTAD,SANTIAGO DE CHUCO,SANTIAGO DE CHUCO,RURAL,CARRETERA,DEPARTAMENTAL,LI-122,-8.147865,-78.172838,DESPEJADO,RURAL,TRAMO RECTO,PLANA ,ASFALTADA,,,,,NEGLIGENCIA DEL CONDUCTOR,CONDUCIR CON FALLAS DE FRENOS,12.0,0,2022.0,4.0,6.0,1,2,1,0,0.0,0.0,0.0,0.0,0,0,69.0,35.35533905932738,0,1,2,0.0,0.5,0
A-2022-04-257,2022-04-24,15:30,CHOQUE,1,0,0,LIMA,LIMA,COMAS,URBANA,CARRETERA,NACIONAL,PE-1N,-11.9248181,-77.07283723,,,,,,,,,,EN PROCESO DE INVESTIGACIÓN,NO CUENTA CON CAUSA ESPECIFICA,15.0,0,2022.0,4.0,6.0,1,2,1,0,0.0,1.0,1.0,2.0,0,0,0.0,0.0,0,0,3,0.0,0.0,0
A-2022-04-130,2022-04-24,16:48,DESPISTE,1,4,1,HUANCAVELICA,CASTROVIRREYNA,CASTROVIRREYNA,RURAL,CARRETERA,PROVINCIAL,HV-974,-13.1790275,-75.2310997,DESPEJADO,RURAL,TRAMO RECTO,INCLINADA,AFIRMADO,,,,,EN PROCESO DE INVESTIGACIÓN,NO CUENTA CON CAUSA ESPECIFICA,16.0,0,2022.0,4.0,6.0,1,2,1,1,0.0,1.0,1.0,2.0,0,0,39.25,8.05708797684788,0,1,5,0.0,0.2,0
A-2022-04-99,2022-04-24,18:30,CHOQUE,1,1,2,LAMBAYEQUE,CHICLAYO,PICSI,RURAL,CARRETERA,DEPARTAMENTAL,LA-111,-6.727133,-79.777643,NUBLADO,RURAL,TRAMO RECTO,PLANA ,ASFALTADA,SI,REGULADORA (R),,NO,EN PROCESO DE INVESTIGACIÓN,NO CUENTA CON CAUSA ESPECIFICA,18.0,0,2022.0,4.0,6.0,1,3,1,0,0.0,0.0,0.0,0.0,0,1,36.666666666666664,6.027713773341707,1,1,3,0.333,0.333,1
A-2022-04-122,2022-04-24,19:35,CHOQUE FUGA,1,0,1,LA LIBERTAD,ASCOPE,CASA GRANDE,RURAL,CARRETERA,PROVINCIAL,LI-619,-7.727392766035281,-79.2057502139344,DESPEJADO,RURAL,TRAMO RECTO,PLANA ,ASFALTADA,,,,,IMPRUDENCIA DEL CONDUCTOR,INVASIÓN DE CARRIL,19.0,0,2022.0,4.0,6.0,1,3,1,0,0.0,0.0,0.0,0.0,0,0,53.0,0.0,0,0,2,0.0,0.0,1
A-2022-05-83,2022-04-24,22:30,CAÍDA DE PASAJERO,1,0,1,PIURA,MORROPON,LA MATANZA,RURAL,CARRETERA,PROVINCIAL,PI-970,-5.21389,-80.0906,DESPEJADO,RURAL,TRAMO RECTO,PLANA ,ASFALTADA,,,,,EN PROCESO DE INVESTIGACIÓN,NO CUENTA CON CAUSA ESPECIFICA,22.0,0,2022.0,4.0,6.0,1,3,1,0,0.0,0.0,0.0,0.0,0,0,42.0,2.8284271247461903,1,1,2,0.5,0.5,1
A-2022-04-76,2022-04-25,02:45,ATROPELLO,1,0,1,TUMBES,CONTRALMIRANTE VILLAR,ZORRITOS,RURAL,CARRETERA,NACIONAL,PE-1N,-3.662981246515234,-80.62639891105772,DESPEJADO,RURAL,CURVA,PLANA ,ASFALTADA,,,,,IMPRUDENCIA DEL PEATÓN,ESTADO DE EBRIEDAD Y/O DROGADICCIÓN,2.0,0,2022.0,4.0,0.0,0,0,1,0,0.0,0.0,0.0,0.0,0,0,53.5,2.1213203435596424,0,1,2,0.0,0.5,1
A-2022-04-141,2022-04-25,12:00,DESPISTE,1,0,1,CUSCO,CALCA,SAN SALVADOR,RURAL,CARRETERA,NACIONAL,PE-28B,-13.525397347780364,-71.7385437299712,DESPEJADO,RURAL,TRAMO RECTO,PLANA ,ASFALTADA,,,,,IMPRUDENCIA DEL CONDUCTOR,EXCESO DE VELOCIDAD,12.0,0,2022.0,4.0,0.0,0,2,1,1,0.0,0.0,0.0,0.0,0,0,34.0,0.0,0,0,1,0.0,0.0,0
A-2022-04-161,2022-04-25,17:00,ATROPELLO FUGA,1,0,0,LAMBAYEQUE,CHICLAYO,CAYALTI,RURAL,CARRETERA,NACIONAL,PE-1NI,-6.896417,-79.55292,,,,,,,,,,EN PROCESO DE INVESTIGACIÓN,NO CUENTA CON CAUSA ESPECIFICA,17.0,0,2022.0,4.0,0.0,0,2,1,0,0.0,1.0,1.0,2.0,0,0,74.0,0.0,0,0,2,0.0,0.0,0
A-2022-04-77,2022-04-25,18:30,ATROPELLO,1,0,1,PUNO,YUNGUYO,CUTURAPI,RURAL,CARRETERA,SIN CLASIFICAR,SIN CLASIFICAR,-16.2907659,-69.2001327,DESPEJADO,RURAL,OTRO,INCLINADA,TROCHA,,,,,IMPRUDENCIA DEL PEATÓN,OTRO (IMPRUDENCIA DEL PEATÓN),18.0,0,2022.0,4.0,0.0,0,3,1,1,0.0,1.0,2.0,3.0,0,0,68.5,3.5355339059327378,0,1,2,0.0,0.5,1
A-2022-04-171,2022-04-25,21:45,CHOQUE,1,1,1,PUNO,CARABAYA,CRUCERO,URBANA,CARRETERA,NACIONAL,PE-34K,-14.3608,-70.025842,DESPEJADO,RESIDENCIAL,TRAMO RECTO,PLANA ,ASFALTADA,,,,,IMPRUDENCIA DEL CONDUCTOR,OTRO (IMPRUDENCIA DEL CONDUCTOR),21.0,0,2022.0,4.0,0.0,0,3,1,1,0.0,0.0,0.0,0.0,0,0,19.333333333333332,10.96965511460289,0,0,3,0.0,0.0,1
A-2022-04-259,2022-04-26,06:30,ATROPELLO FUGA,1,0,0,LIMA,LIMA,LURIGANCHO,URBANA,CARRETERA,NACIONAL,PE-22,-12.020773,-76.935817,,,,,,,,,,EN PROCESO DE INVESTIGACIÓN,NO CUENTA CON CAUSA ESPECIFICA,6.0,0,2022.0,4.0,1.0,0,1,1,0,0.0,1.0,1.0,2.0,0,0,0.0,0.0,0,0,2,0.0,0.0,0
A-2022-04-229,2022-04-26,07:30,DESPISTE,1,1,0,JUNIN,TARMA,HUASAHUASI,RURAL,CARRETERA,PROVINCIAL,JU-578,-11.265526651678677,-75.63482927665342,,,,,,,,,,EN PROCESO DE INVESTIGACIÓN,NO CUENTA CON CAUSA ESPECIFICA,7.0,0,2022.0,4.0,1.0,0,1,1,1,0.0,1.0,1.0,2.0,0,0,77.5,3.5355339059327378,0,1,2,0.0,0.5,0