CODIGO_SINIESTRO,FECHA_SINIESTRO,HORA_SINIESTRO,CLASE_SINIESTRO,CANTIDAD_FALLECIDOS,CANTIDAD_LESIONADOS,CANTIDAD_VEHICULOS,DEPARTAMENTO,PROVINCIA,DISTRITO,ZONA,TIPO_VIA,RED_VIAL,COD_CARRETERA,LATITUD,LONGITUD,CONDICION_CLIMATICA,ZONIFICACION,CARACTERISTICAS_VIA,PERFIL_VIA,SUPERFICIE_CALZADA,EXISTE_SENIAL_VERTICAL,CLASIFICACION_SENIAL_VERTICAL_1,CLASIFICACION_SENIAL_VERTICAL_2,EXISTE_SENIAL_HORIZONTAL,CAUSA_FACTOR_PRINCIPAL,CAUSA_ESPECIFICA,HORA,severidad,ANIO,MES,DIA_SEMANA,FIN_SEMANA,FRANJA_HORARIA,TEMPORADA,MACROREGION,TIPO_VIA_SCORE,PERFIL_VIA_SCORE,SUPERFICIE_CALZADA_SCORE,RIESGO_INFRAESTRUCTURA,RIESGO_CLIMATICO,SENIALIZACION_DEFICIENTE,EDAD_PROMEDIO,EDAD_STD,TOTAL_ALCOHOL,TOTAL_LICENCIA,TOTAL_PERSONAS,PCT_ALCOHOL,PCT_LICENCIA,ES_NOCHE
A-2022-04-260,2022-04-26,10:20,CHOQUE,1,0,0,LIMA,LIMA,SURQUILLO,URBANA,AVENIDA,URBANO,NO CORRESPONDE,-12.115687,-77.009914,,,,,,,,,,EN PROCESO DE INVESTIGACIÓN,NO CUENTA CON CAUSA ESPECIFICA,10.0,0,2022.0,4.0,1.0,0,1,1,0,1.0,1.0,1.0,3.0,0,0,0.0,0.0,0,0,2,0.0,0.0,0
A-2022-04-84,2022-04-26,14:30,ATROPELLO,1,0,0,LAMBAYEQUE,LAMBAYEQUE,ILLIMO,URBANA,CARRETERA,NACIONAL,PE-1NJ,-6.469726,-79.855742,DESPEJADO,RESIDENCIAL,TRAMO RECTO,PLANA ,ASFALTADA,SI,REGULADORA (R),PREVENTIVA (P),NO,EN PROCESO DE INVESTIGACIÓN,NO CUENTA CON CAUSA ESPECIFICA,14.0,0,2022.0,4.0,1.0,0,2,1,0,0.0,0.0,0.0,0.0,0,1,44.5,23.33452377915607,0,0,2,0.0,0.0,0
A-2022-04-148,2022-04-26,15:00,CHOQUE,1,1,2,PIURA,PIURA,CATACAOS,RURAL,CARRETERA,NACIONAL,PE-1NK,-5.30587037026959,-80.7009737569852,DESPEJADO,RURAL,TRAMO RECTO,PLANA ,ASFALTADA,,,,,EN PROCESO DE INVESTIGACIÓN,NO CUENTA CON CAUSA ESPECIFICA,15.0,0,2022.0,4.0,1.0,0,2,1,0,0.0,0.0,0.0,0.0,0,0,26.0,2.8284271247461903,0,0,2,0.0,0.0,0
A-2022-04-80,2022-04-26,23:10,ESPECIAL,1,0,0,ICA,PISCO,SAN CLEMENTE,URBANA,OTRO,URBANO,NO CORRESPONDE,-13.671492,-76.153446,DESPEJADO,RESIDENCIAL,OTRO,PLANA ,CONCRETO,,,,,EN PROCESO DE INVESTIGACIÓN,NO CUENTA CON CAUSA ESPECIFICA,23.0,0,2022.0,4.0,1.0,0,3,1,0,2.0,0.0,0.0,2.0,0,0,0.0,0.0,0,1,1,0.0,1.0,1
A-2022-04-129,2022-04-27,11:30,DESPISTE,1,2,1,ANCASH,SIHUAS,CASHAPAMPA,RURAL,CARRETERA,NACIONAL,PE-12A,-8.5789823,-77.62513078,DESPEJADO,RURAL,SINUOSA,INCLINADA,ASFALTADA,,,,,EN PROCESO DE INVESTIGACIÓN,NO CUENTA CON CAUSA ESPECIFICA,11.0,0,2022.0,4.0,2.0,0,1,1,0,0.0,1.0,0.0,1.0,0,0,54.0,22.60530911091463,0,1,3,0.0,0.333,0
A-2022-04-120,2022-04-27,19:00,CHOQUE,1,0,0,PUNO,PUNO,COATA,RURAL,CARRETERA,DEPARTAMENTAL,PU-118,-15.5669178051,-69.95664023,DESPEJADO,RURAL,TRAMO RECTO,PLANA ,ASFALTADA,,,,,IMPRUDENCIA DEL CONDUCTOR,INVASIÓN DE CARRIL,19.0,0,2022.0,4.0,2.0,0,3,1,1,0.0,0.0,0.0,0.0,0,0,24.0,0.0,0,0,3,0.0,0.0,1
A-2022-04-203,2022-04-27,20:00,ATROPELLO,1,0,0,LIMA,LIMA,CARABAYLLO,URBANA,AVENIDA,URBANO,NO CORRESPONDE,-11.872143,-77.01105,,,,,,,,,,EN PROCESO DE INVESTIGACIÓN,NO CUENTA CON CAUSA ESPECIFICA,20.0,0,2022.0,4.0,2.0,0,3,1,0,1.0,1.0,1.0,3.0,0,0,64.5,19.091883092036785,0,0,2,0.0,0.0,1
A-2022-04-162,2022-04-27,23:45,VOLCADURA,1,0,1,APURIMAC,CHINCHEROS,CHINCHEROS,RURAL,CARRETERA,NACIONAL,PE-3S,-13.515317,-73.706191,DESPEJADO,RURAL,TRAMO RECTO,INCLINADA,ASFALTADA,SI,REGULADORA (R),,NO,NEGLIGENCIA DEL CONDUCTOR,OTRO (NEGLIGENCIA DEL CONDUCTOR),23.0,0,2022.0,4.0,2.0,0,3,1,1,0.0,1.0,0.0,1.0,0,1,39.0,0.0,0,1,1,0.0,1.0,1
A-2022-04-151,2022-04-28,04:00,CHOQUE,3,1,2,PIURA,SECHURA,SECHURA,RURAL,CARRETERA,NACIONAL,PE-1N,-5.888105,-80.535133,DESPEJADO,RURAL,TRAMO RECTO,PLANA ,ASFALTADA,,,,,IMPRUDENCIA DEL CONDUCTOR,INVASIÓN DE CARRIL,4.0,2,2022.0,4.0,3.0,0,0,1,0,0.0,0.0,0.0,0.0,0,0,46.5,18.947295321496416,0,2,4,0.0,0.5,1
A-2022-04-211,2022-04-28,06:45,CHOQUE,2,0,0,ANCASH,HUARMEY,HUARMEY,RURAL,CARRETERA,NACIONAL,PE-1N,-10.406937,-77.967914,DESPEJADO,RURAL,CURVA,PLANA ,ASFALTADA,,,,,EN PROCESO DE INVESTIGACIÓN,NO CUENTA CON CAUSA ESPECIFICA,6.0,1,2022.0,4.0,3.0,0,1,1,0,0.0,0.0,0.0,0.0,0,0,27.0,13.228756555322953,0,2,3,0.0,0.667,0
A-2022-04-261,2022-04-28,16:30,CHOQUE,1,0,0,LIMA,LIMA,LINCE,URBANA,PASAJE,URBANO,NO CORRESPONDE,-12.083654,-77.043243,,,,,,,,,,EN PROCESO DE INVESTIGACIÓN,NO CUENTA CON CAUSA ESPECIFICA,16.0,0,2022.0,4.0,3.0,0,2,1,0,1.0,1.0,1.0,3.0,0,0,0.0,0.0,0,0,2,0.0,0.0,0
A-2022-04-157,2022-04-28,17:15,ATROPELLO,1,0,1,LIMA,HUARAL,AUCALLAMA,URBANA,CARRETERA,NACIONAL,PE-20C,-11.585092443615777,-77.20195230876205,DESPEJADO,RESIDENCIAL,TRAMO RECTO,PLANA ,ASFALTADA,,,,,IMPRUDENCIA DEL PEATÓN,CRUCE INDEBIDO POR LA CALZADA,17.0,0,2022.0,4.0,3.0,0,2,1,0,0.0,0.0,0.0,0.0,0,0,68.5,9.192388155425117,0,1,2,0.0,0.5,0
A-2022-04-262,2022-04-28,17:50,CHOQUE,1,0,0,LIMA,LIMA,LURIGANCHO,URBANA,CARRETERA,PROVINCIAL,LM-711,-11.969253,-76.937386,,,,,,,,,,EN PROCESO DE INVESTIGACIÓN,NO CUENTA CON CAUSA ESPECIFICA,17.0,0,2022.0,4.0,3.0,0,2,1,0,0.0,1.0,1.0,2.0,0,0,0.0,0.0,0,0,3,0.0,0.0,0
A-2022-04-119,2022-04-29,00:30,DESPISTE,1,0,1,ANCASH,RECUAY,HUAYLLAPAMPA,RURAL,CARRETERA,PROVINCIAL,AN-1236,-10.055217865907515,-77.53634927408044,DESPEJADO,RURAL,CURVA,INCLINADA,TROCHA,SI,PREVENTIVA (P),,NO,IMPRUDENCIA DEL CONDUCTOR,CONDUCIR EN ESTADO DE EBRIEDAD Y/O DROGADICCIÓN,0.0,0,2022.0,4.0,4.0,0,0,1,0,0.0,1.0,2.0,3.0,0,1,41.0,0.0,0,1,1,0.0,1.0,1
A-2022-04-267,2022-04-29,16:00,ATROPELLO,1,0,0,LORETO,MAYNAS,SAN JUAN BAUTISTA,URBANA,CARRETERA,DEPARTAMENTAL,LO-103,-3.8854225,-73.3516438,DESPEJADO,RURAL,CURVA,INCLINADA,ASFALTADA,NO,,,NO,IMPRUDENCIA DEL PEATÓN,ESTADO DE EBRIEDAD Y/O DROGADICCIÓN,16.0,0,2022.0,4.0,4.0,0,2,1,2,0.0,1.0,0.0,1.0,0,2,55.5,43.1335136523794,0,1,2,0.0,0.5,0
A-2022-04-263,2022-04-29,17:00,DESPISTE,1,0,0,LIMA,LIMA,EL AGUSTINO,URBANA,CARRETERA,NACIONAL,PE-1N,-12.03000176,-76.99440296,,,,,,,,,,EN PROCESO DE INVESTIGACIÓN,NO CUENTA CON CAUSA ESPECIFICA,17.0,0,2022.0,4.0,4.0,0,2,1,0,0.0,1.0,1.0,2.0,0,0,0.0,0.0,0,0,2,0.0,0.0,0
A-2022-04-100,2022-04-29,19:10,ATROPELLO,1,1,1,AREQUIPA,AREQUIPA,PAUCARPATA,URBANA,AVENIDA,URBANO,NO CORRESPONDE,-16.41071,-71.504341,DESPEJADO,COMERCIAL,INTERSECCIÓN,INCLINADA,ASFALTADA,NO,,,SI,EN PROCESO DE INVESTIGACIÓN,NO CUENTA CON CAUSA ESPECIFICA,19.0,0,2022.0,4.0,4.0,0,3,1,0,1.0,1.0,0.0,2.0,0,1,40.333333333333336,34.004901607464376,0,1,3,0.0,0.333,1
A-2022-04-146,2022-04-29,20:00,ATROPELLO,1,0,1,CUSCO,QUISPICANCHI,LUCRE,RURAL,CARRETERA,NACIONAL,PE-3S,-13.606023773923676,-71.7527789836053,DESPEJADO,RURAL,TRAMO RECTO,PLANA ,ASFALTADA,,,,,IMPRUDENCIA DEL CONDUCTOR,EXCESO DE VELOCIDAD,20.0,0,2022.0,4.0,4.0,0,3,1,1,0.0,0.0,0.0,0.0,0,0,47.0,26.870057685088806,1,1,2,0.5,0.5,1
A-2022-04-124,2022-04-29,20:15,CHOQUE,1,0,2,LA LIBERTAD,PACASMAYO,GUADALUPE,URBANA,CARRETERA,PROVINCIAL,LI-508,-7.239658,-79.464864,DESPEJADO,COMERCIAL,TRAMO RECTO,PLANA ,ASFALTADA,,,,,IMPRUDENCIA DEL CONDUCTOR,GIRAR IMPRUDENTEMENTE,20.0,0,2022.0,4.0,4.0,0,3,1,0,0.0,0.0,0.0,0.0,0,0,38.5,13.435028842544403,0,0,2,0.0,0.0,1
A-2022-04-127,2022-04-29,21:00,CHOQUE,1,0,2,LA LIBERTAD,OTUZCO,AGALLPAMPA,RURAL,CARRETERA,NACIONAL,PE-10A,-7.997595822678272,-78.43345642106226,DESPEJADO,RURAL,TRAMO RECTO,PLANA ,ASFALTADA,,,,,EN PROCESO DE INVESTIGACIÓN,NO CUENTA CON CAUSA ESPECIFICA,21.0,0,2022.0,4.0,4.0,0,3,1,0,0.0,0.0,0.0,0.0,0,0,39.5,3.5355339059327378,0,1,2,0.0,0.5,1
A-2022-04-265,2022-04-29,21:40,ATROPELLO,1,0,0,LIMA,LIMA,LURIGANCHO,URBANA,CARRETERA,NACIONAL,PE-22,-11.930346,-76.691038,,,,,,,,,,EN PROCESO DE INVESTIGACIÓN,NO CUENTA CON CAUSA ESPECIFICA,21.0,0,2022.0,4.0,4.0,0,3,1,0,0.0,1.0,1.0,2.0,0,0,0.0,0.0,0,0,2,0.0,0.0,1
A-2022-04-102,2022-04-29,22:00,CHOQUE,1,2,2,ICA,PISCO,SAN ANDRES,RURAL,CARRETERA,NACIONAL,PE-1S,-13.815436,-76.147472,DESPEJADO,RURAL,TRAMO RECTO,PLANA ,ASFALTADA,,,,,EN PROCESO DE INVESTIGACIÓN,NO CUENTA CON CAUSA ESPECIFICA,22.0,0,2022.0,4.0,4.0,0,3,1,0,0.0,0.0,0.0,0.0,0,0,39.8,7.463243262818116,0,2,5,0.0,0.4,1
A-2022-04-240,2022-04-30,09:30,ATROPELLO,1,0,1,CAJAMARCA,CAJAMARCA,LOS BAÑOS DEL INCA,URBANA,JIRÓN,URBANO,NO CORRESPONDE,-7.155308263073852,-78.45969109857981,DESPEJADO,RESIDENCIAL,TRAMO RECTO,PLANA ,ASFALTADA,,,,,IMPRUDENCIA DEL PEATÓN,CRUCE INDEBIDO POR LA CALZADA,9.0,0,2022.0,4.0,5.0,1,1,1,1,1.0,0.0,0.0,1.0,0,0,56.5,31.81980515339464,0,1,2,0.0,0.5,0
A-2022-04-134,2022-04-30,14:10,ATROPELLO,1,0,1,LA LIBERTAD,CHEPEN,CHEPEN,RURAL,CARRETERA,NACIONAL,PE-1N,-7.231615,-79.450002,DESPEJADO,RURAL,TRAMO RECTO,PLANA ,ASFALTADA,,,,,IMPRUDENCIA DEL CONDUCTOR,OTRO (IMPRUDENCIA DEL CONDUCTOR),14.0,0,2022.0,4.0,5.0,1,2,1,0,0.0,0.0,0.0,0.0,0,0,37.0,22.627416997969522,0,0,2,0.0,0.0,0
A-2022-04-132,2022-04-30,16:15,DESPISTE,1,0,1,LA LIBERTAD,CHEPEN,CHEPEN,RURAL,CARRETERA,NACIONAL,PE-1N,-7.226003,-79.442813,DESPEJADO,RURAL,TRAMO RECTO,PLANA ,ASFALTADA,,,,,EN PROCESO DE INVESTIGACIÓN,NO CUENTA CON CAUSA ESPECIFICA,16.0,0,2022.0,4.0,5.0,1,2,1,0,0.0,0.0,0.0,0.0,0,0,50.0,0.0,0,0,1,0.0,0.0,0
A-2022-04-253,2022-04-30,17:30,ATROPELLO,1,0,1,TACNA,TACNA,CALANA,URBANA,CARRETERA,PROVINCIAL,TA-615,-17.938476323692324,-70.18531157553551,DESPEJADO,INDUSTRIAL,TRAMO RECTO,PLANA ,ASFALTADA,,,,,IMPRUDENCIA DEL PEATÓN,ESTADO DE EBRIEDAD Y/O DROGADICCIÓN,17.0,0,2022.0,4.0,5.0,1,2,1,0,0.0,0.0,0.0,0.0,0,0,38.0,4.242640687119285,1,0,2,0.5,0.0,0
A-2022-04-266,2022-04-30,18:45,ATROPELLO,1,0,0,LIMA,LIMA,PUNTA NEGRA,URBANA,CARRETERA,NACIONAL,PE-1S,-12.36425,-76.792136,,,,,,,,,,EN PROCESO DE INVESTIGACIÓN,NO CUENTA CON CAUSA ESPECIFICA,18.0,0,2022.0,4.0,5.0,1,3,1,0,0.0,1.0,1.0,2.0,0,0,0.0,0.0,0,0,2,0.0,0.0,1
A-2022-04-104,2022-04-30,21:45,CHOQUE,2,1,2,ICA,NASCA,EL INGENIO,RURAL,CARRETERA,NACIONAL,PE-1S,-14.797733,-75.008648,DESPEJADO,RURAL,TRAMO RECTO,INCLINADA,ASFALTADA,,,,,EN PROCESO DE INVESTIGACIÓN,NO CUENTA CON CAUSA ESPECIFICA,21.0,1,2022.0,4.0,5.0,1,3,1,0,0.0,1.0,0.0,1.0,0,0,37.5,14.200938936093861,0,2,4,0.0,0.5,1
A-2022-05-2,2022-05-01,02:10,DESPISTE,1,0,1,ICA,ICA,SUBTANJALLA,URBANA,CARRETERA,NACIONAL,PE-1S,-14.014031,-75.763981,DESPEJADO,RESIDENCIAL,TRAMO RECTO,PLANA ,ASFALTADA,,,,,EN PROCESO DE INVESTIGACIÓN,NO CUENTA CON CAUSA ESPECIFICA,2.0,0,2022.0,5.0,6.0,1,0,1,0,0.0,0.0,0.0,0.0,0,0,26.0,0.0,0,0,1,0.0,0.0,1
A-2022-05-3,2022-05-01,05:15,ATROPELLO FUGA,1,0,0,ICA,PISCO,TUPAC AMARU INCA,URBANA,CARRETERA,NACIONAL,PE-1S,-13.709009,-76.152234,DESPEJADO,RESIDENCIAL,TRAMO RECTO,PLANA ,ASFALTADA,NO,,,SI,EN PROCESO DE INVESTIGACIÓN,NO CUENTA CON CAUSA ESPECIFICA,5.0,0,2022.0,5.0,6.0,1,0,1,0,0.0,0.0,0.0,0.0,0,1,19.0,0.0,0,0,2,0.0,0.0,1
A-2022-05-109,2022-05-01,05:30,CHOQUE FUGA,1,0,0,LAMBAYEQUE,LAMBAYEQUE,LAMBAYEQUE,RURAL,CARRETERA,NACIONAL,PE-1N,-6.72289,-79.892609,NUBLADO,RURAL,TRAMO RECTO,PLANA ,ASFALTADA,SI,REGULADORA (R),,NO,EN PROCESO DE INVESTIGACIÓN,NO CUENTA CON CAUSA ESPECIFICA,5.0,0,2022.0,5.0,6.0,1,0,1,0,0.0,0.0,0.0,0.0,0,1,27.0,0.0,0,1,2,0.0,0.5,1
A-2022-05-249,2022-05-01,05:50,ATROPELLO FUGA,1,0,1,LIMA,HUAURA,HUAURA,RURAL,CARRETERA,NACIONAL,PE-1N,-11.0422,-77.58955,DESPEJADO,RURAL,TRAMO RECTO,PLANA ,ASFALTADA,SI,REGULADORA (R),PREVENTIVA (P),NO,IMPRUDENCIA DEL PEATÓN,ESTADO DE EBRIEDAD Y/O DROGADICCIÓN,5.0,0,2022.0,5.0,6.0,1,0,1,0,0.0,0.0,0.0,0.0,0,1,32.0,0.0,0,0,2,0.0,0.0,1
A-2022-05-143,2022-05-01,06:00,DESPISTE,1,0,1,CUSCO,QUISPICANCHI,LUCRE,RURAL,CARRETERA,NACIONAL,PE-3S,-13.607601,-71.729269,DESPEJADO,RURAL,TRAMO RECTO,PLANA ,ASFALTADA,SI,INFORMATIVA (I),,SI,EN PROCESO DE INVESTIGACIÓN,NO CUENTA CON CAUSA ESPECIFICA,6.0,0,2022.0,5.0,6.0,1,1,1,1,0.0,0.0,0.0,0.0,0,0,20.0,0.0,0,0,1,0.0,0.0,0
A-2022-05-64,2022-05-01,06:30,DESPISTE,1,1,1,HUANCAVELICA,ANGARAES,ANCHONGA,RURAL,CARRETERA,DEPARTAMENTAL,HV-107,-12.891884,-74.681556,DESPEJADO,RURAL,TRAMO RECTO,INCLINADA,AFIRMADO,,,,,EN PROCESO DE INVESTIGACIÓN,NO CUENTA CON CAUSA ESPECIFICA,6.0,0,2022.0,5.0,6.0,1,1,1,1,0.0,1.0,1.0,2.0,0,0,24.0,9.899494936611665,0,0,2,0.0,0.0,0
A-2022-05-165,2022-05-01,06:50,DESPISTE,1,0,1,CUSCO,ESPINAR,ESPINAR,RURAL,CARRETERA,SIN CLASIFICAR,SIN CLASIFICAR,-14.823329,-71.341451,DESPEJADO,RURAL,TRAMO RECTO,PLANA ,ASFALTADA,,,,,EN PROCESO DE INVESTIGACIÓN,NO CUENTA CON CAUSA ESPECIFICA,6.0,0,2022.0,5.0,6.0,1,1,1,1,0.0,0.0,0.0,0.0,0,0,44.0,2.8284271247461903,0,1,2,0.0,0.5,0
A-2022-05-68,2022-05-01,10:00,DESPISTE,1,0,0,APURIMAC,CHINCHEROS,ANCO_HUALLO,URBANA,CARRETERA,PROVINCIAL,AP-522,-13.529885,-73.674085,SOLEADO,COMERCIAL,INTERSECCIÓN,INCLINADA,ASFALTADA,,,,,NEGLIGENCIA DEL CONDUCTOR,CONDUCIR CON FALLAS DE FRENOS,10.0,0,2022.0,5.0,6.0,1,1,1,1,0.0,1.0,0.0,1.0,0,0,47.0,0.0,0,0,1,0.0,0.0,0
A-2022-05-198,2022-05-01,14:00,CHOQUE,2,0,0,ANCASH,HUARMEY,HUARMEY,RURAL,CARRETERA,NACIONAL,PE-1N,-10.21200346185269,-78.04846020880257,DESPEJADO,RURAL,CURVA,PLANA ,ASFALTADA,,,,,EN PROCESO DE INVESTIGACIÓN,NO CUENTA CON CAUSA ESPECIFICA,14.0,1,2022.0,5.0,6.0,1,2,1,0,0.0,0.0,0.0,0.0,0,0,56.0,19.467922333931785,0,2,3,0.0,0.667,0
A-2022-05-17,2022-05-01,14:45,DESPISTE,2,3,1,HUANCAVELICA,ANGARAES,LIRCAY,RURAL,CARRETERA,PROVINCIAL,LA-733,-13.074455,-74.657114,DESPEJADO,RURAL,PASE A DESNIVEL,INCLINADA,AFIRMADO,,,,,EN PROCESO DE INVESTIGACIÓN,NO CUENTA CON CAUSA ESPECIFICA,14.0,1,2022.0,5.0,6.0,1,2,1,1,0.0,1.0,1.0,2.0,0,0,20.5,13.32916601542147,0,1,5,0.0,0.2,0
A-2022-05-222,2022-05-01,17:00,DESPISTE,1,3,0,AYACUCHO,HUAMANGA,CHIARA,RURAL,CARRETERA,NACIONAL,PE-3S,-13.34226175,-74.17256924,DESPEJADO,RURAL,CURVA,INCLINADA,TROCHA,SI,PREVENTIVA (P),,NO,NEGLIGENCIA DEL CONDUCTOR,OTRO (NEGLIGENCIA DEL CONDUCTOR),17.0,0,2022.0,5.0,6.0,1,2,1,1,0.0,1.0,2.0,3.0,0,1,23.0,0.0,0,1,4,0.0,0.25,0
A-2022-05-107,2022-05-01,18:30,CHOQUE,1,0,2,CAJAMARCA,CAJAMARCA,CAJAMARCA,URBANA,CARRETERA,NACIONAL,PE-3N,-7.14752309,-78.52239026,DESPEJADO,COMERCIAL,OTRO,,ASFALTADA,,,,,EN PROCESO DE INVESTIGACIÓN,NO CUENTA CON CAUSA ESPECIFICA,18.0,0,2022.0,5.0,6.0,1,3,1,1,0.0,1.0,0.0,1.0,0,0,23.0,5.656854249492381,0,0,2,0.0,0.0,1
A-2022-05-6,2022-05-01,18:47,DESPISTE,1,0,1,PUNO,CHUCUITO,HUACULLANI,RURAL,CARRETERA,NACIONAL,PE-36A,-16.61708505221071,-69.42479615457934,DESPEJADO,RURAL,CURVA,PLANA ,ASFALTADA,,,,,IMPRUDENCIA DEL CONDUCTOR,OTRO (IMPRUDENCIA DEL CONDUCTOR),18.0,0,2022.0,5.0,6.0,1,3,1,1,0.0,0.0,0.0,0.0,0,0,60.0,0.0,0,0,1,0.0,0.0,1
A-2022-05-10,2022-05-01,22:30,DESPISTE,2,0,1,AREQUIPA,ISLAY,DEAN VALDIVIA,RURAL,CARRETERA,NACIONAL,PE-1SD,-17.144423,-71.829075,DESPEJADO,RURAL,CURVA,PLANA ,ASFALTADA,SI,REGULADORA (R),,SI,EN PROCESO DE INVESTIGACIÓN,NO CUENTA CON CAUSA ESPECIFICA,22.0,1,2022.0,5.0,6.0,1,3,1,0,0.0,0.0,0.0,0.0,0,0,23.0,4.242640687119285,0,1,2,0.0,0.5,1
A-2022-05-232,2022-05-01,22:59,ATROPELLO FUGA,1,0,1,JUNIN,HUANCAYO,VIQUES,RURAL,CARRETERA,NACIONAL,PE-3S,-12.154393,-75.217452,DESPEJADO,RURAL,TRAMO RECTO,PLANA ,ASFALTADA,,,,,IMPRUDENCIA DEL CONDUCTOR,EXCESO DE VELOCIDAD,22.0,0,2022.0,5.0,6.0,1,3,1,1,0.0,0.0,0.0,0.0,0,0,58.0,0.0,0,0,2,0.0,0.0,1
A-2022-05-224,2022-05-02,01:15,DESPISTE,1,0,0,JUNIN,SATIPO,PANGOA,RURAL,CARRETERA,SIN CLASIFICAR,SIN CLASIFICAR,-11.815478348930611,-74.31420486382191,,,,,,,,,,EN PROCESO DE INVESTIGACIÓN,NO CUENTA CON CAUSA ESPECIFICA,1.0,0,2022.0,5.0,0.0,0,0,1,1,0.0,1.0,1.0,2.0,0,0,24.0,4.242640687119285,0,0,2,0.0,0.0,1
A-2022-05-144,2022-05-02,02:00,DESPISTE,2,0,1,CUSCO,CHUMBIVILCAS,LIVITACA,RURAL,CARRETERA,PROVINCIAL,CU-1589,-14.170324,-71.558414,DESPEJADO,RURAL,CURVA,INCLINADA,TROCHA,,,,,IMPRUDENCIA DEL CONDUCTOR,CONDUCIR EN ESTADO DE EBRIEDAD Y/O DROGADICCIÓN,2.0,1,2022.0,5.0,0.0,0,0,1,1,0.0,1.0,2.0,3.0,0,0,48.0,5.656854249492381,0,1,2,0.0,0.5,1
A-2022-05-202,2022-05-02,05:56,ATROPELLO,1,0,1,LIMA,CAÑETE,CHILCA,URBANA,CARRETERA,NACIONAL,PE-1S,-12.478985,-76.74743,DESPEJADO,INDUSTRIAL,TRAMO RECTO,PLANA ,ASFALTADA,,,,,EN PROCESO DE INVESTIGACIÓN,NO CUENTA CON CAUSA ESPECIFICA,5.0,0,2022.0,5.0,0.0,0,0,1,0,0.0,0.0,0.0,0.0,0,0,37.5,13.435028842544403,0,0,2,0.0,0.0,1
A-2022-05-238,2022-05-02,06:20,VOLCADURA,2,0,2,ICA,CHINCHA,ALTO LARAN,RURAL,CARRETERA,NACIONAL,PE-1S,-13.461462,-76.136362,DESPEJADO,RURAL,TRAMO RECTO,PLANA ,ASFALTADA,,,,,IMPRUDENCIA DEL CONDUCTOR,OTRO (IMPRUDENCIA DEL CONDUCTOR),6.0,1,2022.0,5.0,0.0,0,1,1,0,0.0,0.0,0.0,0.0,0,0,44.0,26.870057685088806,0,2,3,0.0,0.667,0
A-2022-05-57,2022-05-02,07:35,ATROPELLO,1,0,1,ANCASH,YUNGAY,MANCOS,URBANA,CARRETERA,NACIONAL,PE-3N,-9.22590221,-77.68512733,DESPEJADO,RURAL,TRAMO RECTO,INCLINADA,ASFALTADA,SI,PREVENTIVA (P),,SI,EN PROCESO DE INVESTIGACIÓN,NO CUENTA CON CAUSA ESPECIFICA,7.0,0,2022.0,5.0,0.0,0,1,1,0,0.0,1.0,0.0,1.0,0,0,56.0,1.4142135623730951,0,1,2,0.0,0.5,0
A-2022-05-203,2022-05-02,15:30,ATROPELLO,1,0,0,LIMA,LIMA,LOS OLIVOS,URBANA,AVENIDA,URBANO,NO CORRESPONDE,-12.012219,-77.078756795,DESPEJADO,COMERCIAL,TRAMO RECTO,PLANA ,ASFALTADA,,,,,EN PROCESO DE INVESTIGACIÓN,NO CUENTA CON CAUSA ESPECIFICA,15.0,0,2022.0,5.0,0.0,0,2,1,0,1.0,0.0,0.0,1.0,0,0,58.0,19.79898987322333,0,0,2,0.0,0.0,0
A-2022-05-204,2022-05-02,15:55,DESPISTE,1,0,1,LIMA,LIMA,SANTA ANITA,URBANA,AVENIDA,URBANO,NO CORRESPONDE,-12.040892,-76.961945,DESPEJADO,RESIDENCIAL,TRAMO RECTO,PLANA ,ASFALTADA,,,,,EN PROCESO DE INVESTIGACIÓN,NO CUENTA CON CAUSA ESPECIFICA,15.0,0,2022.0,5.0,0.0,0,2,1,0,1.0,0.0,0.0,1.0,0,0,25.5,9.192388155425117,0,0,2,0.0,0.0,0
A-2022-05-25,2022-05-02,16:00,CAÍDA DE PASAJERO,1,0,1,LA LIBERTAD,PACASMAYO,SAN PEDRO DE LLOC,RURAL,CARRETERA,PROVINCIAL,LI-602,-7.451538,-79.505745,DESPEJADO,RURAL,TRAMO RECTO,PLANA ,AFIRMADO,,,,,EN PROCESO DE INVESTIGACIÓN,NO CUENTA CON CAUSA ESPECIFICA,16.0,0,2022.0,5.0,0.0,0,2,1,0,0.0,0.0,1.0,1.0,0,0,33.0,11.313708498984761,0,0,2,0.0,0.0,0
A-2022-05-41,2022-05-02,17:10,CHOQUE,1,0,2,AREQUIPA,CAYLLOMA,MAJES,RURAL,CARRETERA,SIN CLASIFICAR,SIN CLASIFICAR,-16.318779,-72.213037,DESPEJADO,RURAL,TRAMO RECTO,PLANA ,ASFALTADA,NO,,,SI,EN PROCESO DE INVESTIGACIÓN,NO CUENTA CON CAUSA ESPECIFICA,17.0,0,2022.0,5.0,0.0,0,2,1,0,0.0,0.0,0.0,0.0,0,1,53.0,18.384776310850235,0,1,2,0.0,0.5,0
A-2022-05-205,2022-05-02,19:30,CHOQUE,1,0,0,LIMA,YAUYOS,TANTA,URBANA,AVENIDA,URBANO,NO CORRESPONDE,-12.098821,-76.046904,DESPEJADO,RESIDENCIAL,INTERSECCIÓN,PLANA ,ASFALTADA,,,,,EN PROCESO DE INVESTIGACIÓN,NO CUENTA CON CAUSA ESPECIFICA,19.0,0,2022.0,5.0,0.0,0,3,1,0,1.0,0.0,0.0,1.0,0,0,45.5,0.7071067811865476,0,1,2,0.0,0.5,1