CODIGO_SINIESTRO,FECHA_SINIESTRO,HORA_SINIESTRO,CLASE_SINIESTRO,CANTIDAD_FALLECIDOS,CANTIDAD_LESIONADOS,CANTIDAD_VEHICULOS,DEPARTAMENTO,PROVINCIA,DISTRITO,ZONA,TIPO_VIA,RED_VIAL,COD_CARRETERA,LATITUD,LONGITUD,CONDICION_CLIMATICA,ZONIFICACION,CARACTERISTICAS_VIA,PERFIL_VIA,SUPERFICIE_CALZADA,EXISTE_SENIAL_VERTICAL,CLASIFICACION_SENIAL_VERTICAL_1,CLASIFICACION_SENIAL_VERTICAL_2,EXISTE_SENIAL_HORIZONTAL,CAUSA_FACTOR_PRINCIPAL,CAUSA_ESPECIFICA,HORA,severidad,ANIO,MES,DIA_SEMANA,FIN_SEMANA,FRANJA_HORARIA,TEMPORADA,MACROREGION,TIPO_VIA_SCORE,PERFIL_VIA_SCORE,SUPERFICIE_CALZADA_SCORE,RIESGO_INFRAESTRUCTURA,RIESGO_CLIMATICO,SENIALIZACION_DEFICIENTE,EDAD_PROMEDIO,EDAD_STD,TOTAL_ALCOHOL,TOTAL_LICENCIA,TOTAL_PERSONAS,PCT_ALCOHOL,PCT_LICENCIA,ES_NOCHE
A-2022-05-172,2022-05-02,22:30,ATROPELLO FUGA,1,0,0,PUNO,SAN ROMAN,SAN MIGUEL,RURAL,CARRETERA,NACIONAL,PE-3S,-15.436021334732173,-70.14045229836972,SOLEADO,RURAL,TRAMO RECTO,PLANA ,ASFALTADA,,,,,EN PROCESO DE INVESTIGACIÓN,NO CUENTA CON CAUSA ESPECIFICA,22.0,0,2022.0,5.0,0.0,0,3,1,1,0.0,0.0,0.0,0.0,0,0,32.0,0.0,1,0,2,0.5,0.0,1
A-2022-05-56,2022-05-02,23:00,DESPISTE,2,1,1,ANCASH,BOLOGNESI,CHIQUIAN,RURAL,CARRETERA,NACIONAL,PE-3N,-10.13496976,-77.15661211,DESPEJADO,RURAL,CURVA,INCLINADA,ASFALTADA,,,,,EN PROCESO DE INVESTIGACIÓN,NO CUENTA CON CAUSA ESPECIFICA,23.0,1,2022.0,5.0,0.0,0,3,1,0,0.0,1.0,0.0,1.0,0,0,30.0,12.727922061357855,0,0,3,0.0,0.0,1
A-2022-05-106,2022-05-02,23:15,CHOQUE,1,0,2,CAJAMARCA,CAJABAMBA,CAJABAMBA,URBANA,CARRETERA,NACIONAL,PE-3N,-7.61033042,-78.06769556,DESPEJADO,RURAL,OTRO,PLANA ,ASFALTADA,,,,,EN PROCESO DE INVESTIGACIÓN,NO CUENTA CON CAUSA ESPECIFICA,23.0,0,2022.0,5.0,0.0,0,3,1,1,0.0,0.0,0.0,0.0,0,0,17.0,0.0,0,0,2,0.0,0.0,1
A-2022-05-26,2022-05-03,00:05,CHOQUE,1,1,2,LA LIBERTAD,ASCOPE,CHOCOPE,RURAL,CARRETERA,NACIONAL,PE-1N,-7.791920466724055,-79.21250134887943,DESPEJADO,RURAL,ÓVALO,INCLINADA,ASFALTADA,,,,,EN PROCESO DE INVESTIGACIÓN,NO CUENTA CON CAUSA ESPECIFICA,0.0,0,2022.0,5.0,1.0,0,0,1,0,0.0,1.0,0.0,1.0,0,0,42.333333333333336,5.131601439446883,0,2,3,0.0,0.667,1
A-2022-05-226,2022-05-03,01:20,DESPISTE,1,1,0,JUNIN,CHANCHAMAYO,CHANCHAMAYO,RURAL,CARRETERA,NACIONAL,PE-22B,-10.993944704481336,-75.31311423121596,,,,,,,,,,EN PROCESO DE INVESTIGACIÓN,NO CUENTA CON CAUSA ESPECIFICA,1.0,0,2022.0,5.0,1.0,0,0,1,1,0.0,1.0,1.0,2.0,0,0,32.0,0.0,0,1,2,0.0,0.5,1
A-2022-05-7,2022-05-03,09:30,CHOQUE,1,0,0,PUNO,EL COLLAO,ILAVE,RURAL,CARRETERA,NACIONAL,PE-3S,-16.147482407028615,-69.56467858031846,,,,,,,,,,EN PROCESO DE INVESTIGACIÓN,NO CUENTA CON CAUSA ESPECIFICA,9.0,0,2022.0,5.0,1.0,0,1,1,1,0.0,1.0,1.0,2.0,0,0,45.0,9.899494936611665,0,1,2,0.0,0.5,0
A-2022-05-199,2022-05-03,14:00,DESPISTE,1,0,0,ANCASH,SANTA,CHIMBOTE,RURAL,CARRETERA,NACIONAL,PE-12,-8.832204318417629,-78.55520393642605,DESPEJADO,RURAL,TRAMO RECTO,PLANA ,ASFALTADA,,,,,IMPRUDENCIA DEL CONDUCTOR,CONDUCIR EN ESTADO DE EBRIEDAD Y/O DROGADICCIÓN,14.0,0,2022.0,5.0,1.0,0,2,1,0,0.0,0.0,0.0,0.0,0,0,31.0,0.0,0,0,1,0.0,0.0,0
A-2022-05-50,2022-05-03,23:00,CHOQUE,1,0,2,AREQUIPA,CAYLLOMA,MAJES,RURAL,CARRETERA,NACIONAL,PE-1S,-16.369883,-72.167225,DESPEJADO,RURAL,TRAMO RECTO,PLANA ,ASFALTADA,,,,,EN PROCESO DE INVESTIGACIÓN,NO CUENTA CON CAUSA ESPECIFICA,23.0,0,2022.0,5.0,1.0,0,3,1,0,0.0,0.0,0.0,0.0,0,0,32.0,2.8284271247461903,0,1,2,0.0,0.5,1
A-2022-05-52,2022-05-04,06:20,DESPISTE,1,2,1,AREQUIPA,AREQUIPA,SAN JUAN DE TARUCANI,RURAL,CARRETERA,SIN CLASIFICAR,SIN CLASIFICAR,-16.045963,,DESPEJADO,RURAL,TRAMO RECTO,PLANA ,ASFALTADA,NO,,,SI,EN PROCESO DE INVESTIGACIÓN,NO CUENTA CON CAUSA ESPECIFICA,6.0,0,2022.0,5.0,2.0,0,1,1,0,0.0,0.0,0.0,0.0,0,1,34.333333333333336,4.04145188432738,0,1,3,0.0,0.333,0
A-2022-05-28,2022-05-04,06:40,ATROPELLO,1,0,1,LA LIBERTAD,VIRU,VIRU,RURAL,AVENIDA,URBANO,NO CORRESPONDE,-8.422400143215972,-78.77826779271766,DESPEJADO,RURAL,TRAMO RECTO,PLANA ,ASFALTADA,,,,,EN PROCESO DE INVESTIGACIÓN,NO CUENTA CON CAUSA ESPECIFICA,6.0,0,2022.0,5.0,2.0,0,1,1,0,1.0,0.0,0.0,1.0,0,0,52.0,25.45584412271571,0,1,2,0.0,0.5,0
A-2022-05-40,2022-05-04,11:15,ATROPELLO,1,0,1,TUMBES,ZARUMILLA,PAPAYAL,RURAL,CARRETERA,DEPARTAMENTAL,TU-101,-3.536057896835726,-80.23428615936854,DESPEJADO,RURAL,TRAMO RECTO,PLANA ,ASFALTADA,,,,,IMPRUDENCIA DEL CONDUCTOR,OTRO (IMPRUDENCIA DEL CONDUCTOR),11.0,0,2022.0,5.0,2.0,0,1,1,0,0.0,0.0,0.0,0.0,0,0,24.0,19.79898987322333,0,1,2,0.0,0.5,0
A-2022-05-223,2022-05-04,15:30,ATROPELLO,1,0,0,CALLAO,CALLAO,VENTANILLA,URBANA,CARRETERA,SIN CLASIFICAR,SIN CLASIFICAR,-11.9031767,-77.130385417,DESPEJADO,INDUSTRIAL,SINUOSA,INCLINADA,AFIRMADO,SI,REGULADORA (R),,NO,IMPRUDENCIA DEL CONDUCTOR,FATIGA Y/O CANSANCIO,15.0,0,2022.0,5.0,2.0,0,2,1,0,0.0,1.0,1.0,2.0,0,1,43.0,7.0710678118654755,0,1,2,0.0,0.5,0
A-2022-05-53,2022-05-04,17:40,ATROPELLO,1,0,1,AREQUIPA,AREQUIPA,CAYMA,URBANA,AVENIDA,URBANO,NO CORRESPONDE,-16.34696,-71.545261,DESPEJADO,RESIDENCIAL,INTERSECCIÓN,PLANA ,ASFALTADA,NO,,,SI,EN PROCESO DE INVESTIGACIÓN,NO CUENTA CON CAUSA ESPECIFICA,17.0,0,2022.0,5.0,2.0,0,2,1,0,1.0,0.0,0.0,1.0,0,1,51.0,22.627416997969522,0,1,2,0.0,0.5,0
A-2022-05-220,2022-05-04,20:48,ATROPELLO,1,0,0,CALLAO,CALLAO,CALLAO,URBANA,AVENIDA,URBANO,NO CORRESPONDE,-12.053316673590334,-77.1339958472227,DESPEJADO,COMERCIAL,TRAMO RECTO,PLANA ,ASFALTADA,,,,,NEGLIGENCIA DEL CONDUCTOR,OTRO (NEGLIGENCIA DEL CONDUCTOR),20.0,0,2022.0,5.0,2.0,0,3,1,0,1.0,0.0,0.0,1.0,0,0,43.5,33.23401871576773,0,0,2,0.0,0.0,1
A-2022-05-168,2022-05-05,03:30,DESPISTE,2,1,1,PUNO,SANDIA,CUYOCUYO,RURAL,CARRETERA,NACIONAL,PE-34H,-14.43080725205699,-69.51307720131344,DESPEJADO,RURAL,TRAMO RECTO,PLANA ,ASFALTADA,,,,,IMPRUDENCIA DEL CONDUCTOR,EXCESO DE VELOCIDAD,3.0,1,2022.0,5.0,3.0,0,0,1,1,0.0,0.0,0.0,0.0,0,0,31.0,4.358898943540674,1,0,3,0.333,0.0,1
A-2022-05-150,2022-05-05,05:10,CHOQUE,1,2,2,CAJAMARCA,CUTERVO,CUTERVO,RURAL,CARRETERA,NACIONAL,PE-3ND,-6.36504833,-78.79028,DESPEJADO,RURAL,OTRO,PLANA ,ASFALTADA,,,,,EN PROCESO DE INVESTIGACIÓN,NO CUENTA CON CAUSA ESPECIFICA,5.0,0,2022.0,5.0,3.0,0,0,1,1,0.0,0.0,0.0,0.0,0,0,40.5,15.066519173319364,0,0,4,0.0,0.0,1
A-2022-05-33,2022-05-05,06:15,CHOQUE,1,0,2,CUSCO,ESPINAR,PALLPATA,RURAL,CARRETERA,DEPARTAMENTAL,CU-133,-14.869255,-71.212616,DESPEJADO,RURAL,TRAMO RECTO,PLANA ,ASFALTADA,SI,INFORMATIVA (I),,SI,IMPRUDENCIA DEL CONDUCTOR,GIRAR IMPRUDENTEMENTE,6.0,0,2022.0,5.0,3.0,0,1,1,1,0.0,0.0,0.0,0.0,0,0,56.0,15.556349186104045,1,1,2,0.5,0.5,0
A-2022-05-54,2022-05-05,10:00,ATROPELLO FUGA,1,0,1,AREQUIPA,AREQUIPA,JOSE LUIS BUSTAMANTE Y RIVERO,URBANA,AVENIDA,URBANO,NO CORRESPONDE,-16.429616,-71.526843,DESPEJADO,COMERCIAL,TRAMO RECTO,PLANA ,ASFALTADA,NO,,,SI,EN PROCESO DE INVESTIGACIÓN,NO CUENTA CON CAUSA ESPECIFICA,10.0,0,2022.0,5.0,3.0,0,1,1,0,1.0,0.0,0.0,1.0,0,1,24.0,0.0,0,0,2,0.0,0.0,0
A-2022-05-130,2022-05-05,23:30,ATROPELLO FUGA,1,0,0,CUSCO,ANTA,CACHIMAYO,URBANA,CARRETERA,NACIONAL,PE-3S,-13.48311,-72.078307,DESPEJADO,COMERCIAL,TRAMO RECTO,PLANA ,ASFALTADA,,,,,IMPRUDENCIA DEL PEATÓN,ESTADO DE EBRIEDAD Y/O DROGADICCIÓN,23.0,0,2022.0,5.0,3.0,0,3,1,1,0.0,0.0,0.0,0.0,0,0,62.0,0.0,2,0,2,1.0,0.0,1
A-2022-05-20,2022-05-06,02:50,DESPISTE,1,0,1,PUNO,CHUCUITO,POMATA,RURAL,CARRETERA,NACIONAL,PE-3S,-16.256341071570372,-69.29767010067168,DESPEJADO,RURAL,CURVA,PLANA ,ASFALTADA,SI,REGULADORA (R),,SI,IMPRUDENCIA DEL CONDUCTOR,EXCESO DE VELOCIDAD,2.0,0,2022.0,5.0,4.0,0,0,1,1,0.0,0.0,0.0,0.0,0,0,17.0,0.0,0,0,1,0.0,0.0,1
A-2022-05-27,2022-05-06,04:30,CHOQUE,1,0,2,ICA,PISCO,SAN CLEMENTE,URBANA,CARRETERA,NACIONAL,PE-1S,-13.634972,-76.152674,NIEBLA,RESIDENCIAL,TRAMO RECTO,PLANA ,ASFALTADA,,,,,EN PROCESO DE INVESTIGACIÓN,NO CUENTA CON CAUSA ESPECIFICA,4.0,0,2022.0,5.0,4.0,0,0,1,0,0.0,0.0,0.0,0.0,0,0,41.0,15.556349186104045,0,2,2,0.0,1.0,1
A-2022-05-110,2022-05-06,12:30,CHOQUE,2,0,2,LAMBAYEQUE,LAMBAYEQUE,MORROPE,RURAL,CARRETERA,NACIONAL,PE-1N,-6.63277,-79.953358,DESPEJADO,RURAL,TRAMO RECTO,PLANA ,ASFALTADA,,,,,EN PROCESO DE INVESTIGACIÓN,NO CUENTA CON CAUSA ESPECIFICA,12.0,1,2022.0,5.0,4.0,0,2,1,0,0.0,0.0,0.0,0.0,0,0,32.666666666666664,21.962088546705512,0,1,3,0.0,0.333,0
A-2022-05-206,2022-05-06,13:00,ATROPELLO,1,0,0,LIMA,LIMA,SAN JUAN DE LURIGANCHO,URBANA,AVENIDA,URBANO,NO CORRESPONDE,-11.932928,-76.9689526,SOLEADO,INDUSTRIAL,TRAMO RECTO,PLANA ,ASFALTADA,,,,,EN PROCESO DE INVESTIGACIÓN,NO CUENTA CON CAUSA ESPECIFICA,13.0,0,2022.0,5.0,4.0,0,2,1,0,1.0,0.0,0.0,1.0,0,0,22.5,0.7071067811865476,0,0,2,0.0,0.0,0
A-2022-05-200,2022-05-06,15:05,ATROPELLO FUGA,1,0,0,ANCASH,SANTA,NUEVO CHIMBOTE,URBANA,CARRETERA,NACIONAL,PE-1N,-9.11642537082716,-78.54427763687636,DESPEJADO,ESCOLAR,INTERSECCIÓN,PLANA ,ASFALTADA,,,,,EN PROCESO DE INVESTIGACIÓN,NO CUENTA CON CAUSA ESPECIFICA,15.0,0,2022.0,5.0,4.0,0,2,1,0,0.0,0.0,0.0,0.0,0,0,75.0,0.0,0,0,2,0.0,0.0,0
A-2022-05-255,2022-05-06,16:25,DESPISTE,1,1,0,MADRE DE DIOS,TAMBOPATA,TAMBOPATA,RURAL,CARRETERA,NACIONAL,PE-30C,-12.63835396,-69.25942896,,,,,,,,,,EN PROCESO DE INVESTIGACIÓN,NO CUENTA CON CAUSA ESPECIFICA,16.0,0,2022.0,5.0,4.0,0,2,1,2,0.0,1.0,1.0,2.0,0,0,44.0,9.899494936611665,0,0,2,0.0,0.0,0
A-2022-05-65,2022-05-06,16:33,DESPISTE,4,5,1,HUANCAVELICA,CASTROVIRREYNA,COCAS,RURAL,CARRETERA,NACIONAL,PE-26A,-13.252398,-75.359586,DESPEJADO,RURAL,CURVA,PLANA ,AFIRMADO,,,,,EN PROCESO DE INVESTIGACIÓN,NO CUENTA CON CAUSA ESPECIFICA,16.0,2,2022.0,5.0,4.0,0,2,1,1,0.0,0.0,1.0,1.0,0,0,48.2,6.6105975524153635,0,0,9,0.0,0.0,0
A-2022-05-66,2022-05-06,18:41,ATROPELLO FUGA,1,0,0,CUSCO,ANTA,ANCAHUASI,URBANA,CARRETERA,NACIONAL,PE-3S,-13.459032,-72.294688,DESPEJADO,RURAL,TRAMO RECTO,PLANA ,ASFALTADA,SI,PREVENTIVA (P),INFORMATIVA (I),SI,EN PROCESO DE INVESTIGACIÓN,NO CUENTA CON CAUSA ESPECIFICA,18.0,0,2022.0,5.0,4.0,0,3,1,1,0.0,0.0,0.0,0.0,0,0,71.0,0.0,1,0,2,0.5,0.0,1
A-2022-05-207,2022-05-06,20:16,ATROPELLO,1,0,0,LIMA,LIMA,SAN MARTIN DE PORRES,URBANA,AVENIDA,URBANO,NO CORRESPONDE,-12.0317643,-77.06835133,DESPEJADO,COMERCIAL,TRAMO RECTO,PLANA ,ASFALTADA,,,,,EN PROCESO DE INVESTIGACIÓN,NO CUENTA CON CAUSA ESPECIFICA,20.0,0,2022.0,5.0,4.0,0,3,1,0,1.0,0.0,0.0,1.0,0,0,52.0,45.254833995939045,0,0,2,0.0,0.0,1
A-2022-05-124,2022-05-06,21:00,DESPISTE,1,3,1,CAJAMARCA,SAN MIGUEL,CALQUIS,RURAL,CARRETERA,PROVINCIAL,CA-1217,-6.93921004,-78.99109304,DESPEJADO,RURAL,CURVA,PLANA ,AFIRMADO,,,,,EN PROCESO DE INVESTIGACIÓN,NO CUENTA CON CAUSA ESPECIFICA,21.0,0,2022.0,5.0,4.0,0,3,1,1,0.0,0.0,1.0,1.0,0,0,36.0,13.435028842544403,0,0,5,0.0,0.0,1
A-2022-05-136,2022-05-06,22:00,DESPISTE,1,0,1,CUSCO,CHUMBIVILCAS,CHAMACA,RURAL,CARRETERA,PROVINCIAL,CU-1562,-14.229455,-71.894501,DESPEJADO,RURAL,TRAMO RECTO,PLANA ,TROCHA,SI,PREVENTIVA (P),,NO,IMPRUDENCIA DEL CONDUCTOR,CONDUCIR EN ESTADO DE EBRIEDAD Y/O DROGADICCIÓN,22.0,0,2022.0,5.0,4.0,0,3,1,1,0.0,0.0,2.0,2.0,0,1,23.0,0.0,0,0,1,0.0,0.0,1
A-2022-05-256,2022-05-06,23:25,CHOQUE,1,0,0,MADRE DE DIOS,TAMBOPATA,TAMBOPATA,,CARRETERA,PROVINCIAL,MD-566,-12.60033,-69.204274,,,,,,,,,,EN PROCESO DE INVESTIGACIÓN,NO CUENTA CON CAUSA ESPECIFICA,23.0,0,2022.0,5.0,4.0,0,3,1,2,0.0,1.0,1.0,2.0,0,0,37.0,0.0,0,0,1,0.0,0.0,1
A-2022-05-250,2022-05-07,00:00,DESPISTE,1,0,1,LIMA,OYON,OYON,URBANA,CARRETERA,NACIONAL,PE-18,-10.687471020914945,-76.80911596481312,DESPEJADO,COMERCIAL,CURVA,INCLINADA,ASFALTADA,SI,REGULADORA (R),,NO,IMPRUDENCIA DEL CONDUCTOR,EXCESO DE VELOCIDAD,0.0,0,2022.0,5.0,5.0,1,0,1,0,0.0,1.0,0.0,1.0,0,1,51.0,0.0,0,0,1,0.0,0.0,1
A-2022-05-43,2022-05-07,04:15,DESPISTE,1,0,1,TUMBES,TUMBES,TUMBES,URBANA,CARRETERA,NACIONAL,PE-1N,-3.5570086644170167,-80.45008590612804,DESPEJADO,COMERCIAL,TRAMO RECTO,PLANA ,ASFALTADA,,,,,IMPRUDENCIA DEL CONDUCTOR,FATIGA Y/O CANSANCIO,4.0,0,2022.0,5.0,5.0,1,0,1,0,0.0,0.0,0.0,0.0,0,0,34.0,0.0,0,0,1,0.0,0.0,1
A-2022-05-208,2022-05-07,04:30,ATROPELLO FUGA,1,0,0,LIMA,LIMA,SANTIAGO DE SURCO,URBANA,AVENIDA,URBANO,NO CORRESPONDE,-12.083798,-76.980095,DESPEJADO,COMERCIAL,TRAMO RECTO,PLANA ,ASFALTADA,,,,,EN PROCESO DE INVESTIGACIÓN,NO CUENTA CON CAUSA ESPECIFICA,4.0,0,2022.0,5.0,5.0,1,0,1,0,1.0,0.0,0.0,1.0,0,0,57.0,0.0,0,1,2,0.0,0.5,1
A-2022-05-178,2022-05-07,05:30,DESPISTE,1,0,1,CAJAMARCA,JAEN,JAEN,RURAL,CARRETERA,PROVINCIAL,CA-761,-5.7866967472752,-78.9101564978406,DESPEJADO,RURAL,TRAMO RECTO,INCLINADA,TROCHA,,,,,EN PROCESO DE INVESTIGACIÓN,NO CUENTA CON CAUSA ESPECIFICA,5.0,0,2022.0,5.0,5.0,1,0,1,1,0.0,1.0,2.0,3.0,0,0,35.0,0.0,0,0,1,0.0,0.0,1
A-2022-05-217,2022-05-07,12:00,CHOQUE,1,0,2,UCAYALI,CORONEL PORTILLO,CALLERIA,URBANA,JIRÓN,URBANO,NO CORRESPONDE,-8.389178562357506,-74.54242312760691,DESPEJADO,COMERCIAL,INTERSECCIÓN,PLANA ,CONCRETO,NO,,,SI,IMPRUDENCIA DEL CONDUCTOR,OTRO (IMPRUDENCIA DEL CONDUCTOR),12.0,0,2022.0,5.0,5.0,1,2,1,2,1.0,0.0,0.0,1.0,0,1,47.5,28.991378028648448,0,0,2,0.0,0.0,0
A-2022-05-122,2022-05-07,17:00,DESPISTE,1,0,0,CAJAMARCA,SAN MIGUEL,CALQUIS,URBANA,CARRETERA,SIN CLASIFICAR,SIN CLASIFICAR,-6.93913335335806,-78.9904061621903,LLUVIOSO,RURAL,OTRO,PLANA ,ASFALTADA,,,,,EN PROCESO DE INVESTIGACIÓN,NO CUENTA CON CAUSA ESPECIFICA,17.0,0,2022.0,5.0,5.0,1,2,1,1,0.0,0.0,0.0,0.0,1,0,26.0,0.0,0,0,1,0.0,0.0,0
A-2022-05-176,2022-05-07,18:30,CAÍDA DE PASAJERO,1,0,1,CAJAMARCA,CUTERVO,CUTERVO,RURAL,CARRETERA,NACIONAL,PE-3ND,-6.36501478341352,-78.790447575007,DESPEJADO,RURAL,SINUOSA,PLANA ,ASFALTADA,,,,,EN PROCESO DE INVESTIGACIÓN,NO CUENTA CON CAUSA ESPECIFICA,18.0,0,2022.0,5.0,5.0,1,3,1,1,0.0,0.0,0.0,0.0,0,0,52.0,14.142135623730951,0,0,2,0.0,0.0,1
A-2022-05-55,2022-05-07,22:40,ATROPELLO,1,0,1,AREQUIPA,AREQUIPA,YURA,URBANA,CARRETERA,NACIONAL,PE-34A,-16.295182,-71.629422,DESPEJADO,RESIDENCIAL,TRAMO RECTO,PLANA ,ASFALTADA,NO,,,SI,EN PROCESO DE INVESTIGACIÓN,NO CUENTA CON CAUSA ESPECIFICA,22.0,0,2022.0,5.0,5.0,1,3,1,0,0.0,0.0,0.0,0.0,0,1,39.0,5.291502622129181,0,2,3,0.0,0.667,1
A-2022-05-152,2022-05-08,01:30,DESPISTE,1,1,1,CAJAMARCA,HUALGAYOC,BAMBAMARCA,URBANA,CARRETERA,NACIONAL,PE-3N,-6.68165931,-78.53031906,DESPEJADO,RURAL,OTRO,INCLINADA,ASFALTADA,,,,,EN PROCESO DE INVESTIGACIÓN,NO CUENTA CON CAUSA ESPECIFICA,1.0,0,2022.0,5.0,6.0,1,0,1,1,0.0,1.0,0.0,1.0,0,0,39.0,18.384776310850235,0,0,2,0.0,0.0,1
A-2022-05-270,2022-05-08,02:00,DESPISTE,1,0,0,LORETO,MAYNAS,BELEN,URBANA,AVENIDA,URBANO,NO CORRESPONDE,-3.7655843,-73.2715448,DESPEJADO,RURAL,TRAMO RECTO,PLANA ,ASFALTADA,,,,,IMPRUDENCIA DEL CONDUCTOR,CONDUCIR EN ESTADO DE EBRIEDAD Y/O DROGADICCIÓN,2.0,0,2022.0,5.0,6.0,1,0,1,2,1.0,0.0,0.0,1.0,0,0,20.0,0.0,0,0,1,0.0,0.0,1
A-2022-05-29,2022-05-08,02:20,DESPISTE,1,1,1,LA LIBERTAD,CHEPEN,CHEPEN,RURAL,CARRETERA,NACIONAL,PE-1N,-7.214381,-79.429597,DESPEJADO,RURAL,TRAMO RECTO,PLANA ,ASFALTADA,,,,,IMPRUDENCIA DEL CONDUCTOR,CONDUCIR EN ESTADO DE EBRIEDAD Y/O DROGADICCIÓN,2.0,0,2022.0,5.0,6.0,1,0,1,0,0.0,0.0,0.0,0.0,0,0,22.0,4.242640687119285,0,0,2,0.0,0.0,1
A-2022-05-210,2022-05-08,02:30,ATROPELLO,1,0,0,LIMA,LIMA,LA VICTORIA,URBANA,AVENIDA,URBANO,NO CORRESPONDE,-12.081611,-77.017685,DESPEJADO,COMERCIAL,INTERSECCIÓN,PLANA ,ASFALTADA,,,,,EN PROCESO DE INVESTIGACIÓN,NO CUENTA CON CAUSA ESPECIFICA,2.0,0,2022.0,5.0,6.0,1,0,1,0,1.0,0.0,0.0,1.0,0,0,50.5,6.363961030678928,0,0,2,0.0,0.0,1
A-2022-05-58,2022-05-08,02:45,CHOQUE CON OBJETO FIJO,1,0,1,ANCASH,YUNGAY,MANCOS,URBANA,CARRETERA,NACIONAL,PE-3N,-9.191041264832544,-77.71195251202728,DESPEJADO,RURAL,CURVA,PLANA ,ASFALTADA,SI,PREVENTIVA (P),,NO,EN PROCESO DE INVESTIGACIÓN,NO CUENTA CON CAUSA ESPECIFICA,2.0,0,2022.0,5.0,6.0,1,0,1,0,0.0,0.0,0.0,0.0,0,1,24.0,0.0,0,1,1,0.0,1.0,1
A-2022-05-35,2022-05-08,07:45,CHOQUE CON OBJETO FIJO,1,1,1,ICA,PISCO,HUMAY,URBANA,CARRETERA,NACIONAL,PE-28A,-13.7184738,-75.8668238,DESPEJADO,RURAL,CURVA,INCLINADA,ASFALTADA,SI,PREVENTIVA (P),,SI,EN PROCESO DE INVESTIGACIÓN,NO CUENTA CON CAUSA ESPECIFICA,7.0,0,2022.0,5.0,6.0,1,1,1,0,0.0,1.0,0.0,1.0,0,0,23.0,0.0,0,0,2,0.0,0.0,0
A-2022-05-126,2022-05-08,10:00,DESPISTE,1,0,1,CAJAMARCA,SAN PABLO,SAN BERNARDINO,URBANA,CARRETERA,NACIONAL,PE-08,-7.21591823,-78.77398246,SOLEADO,RURAL,CURVA,PLANA ,AFIRMADO,,,,,EN PROCESO DE INVESTIGACIÓN,NO CUENTA CON CAUSA ESPECIFICA,10.0,0,2022.0,5.0,6.0,1,1,1,1,0.0,0.0,1.0,1.0,0,0,56.0,0.0,0,0,2,0.0,0.0,0
A-2022-05-42,2022-05-08,10:00,ATROPELLO,1,0,0,PASCO,DANIEL ALCIDES CARRION,TAPUC,URBANA,CARRETERA,PROVINCIAL,PA-514,-10.454451273390127,-76.46249945011253,SOLEADO,COMERCIAL,INTERSECCIÓN,INCLINADA,CONCRETO,,,,,EN PROCESO DE INVESTIGACIÓN,NO CUENTA CON CAUSA ESPECIFICA,10.0,0,2022.0,5.0,6.0,1,1,1,1,0.0,1.0,0.0,1.0,0,0,33.5,44.54772721475249,0,1,2,0.0,0.5,0
A-2022-05-209,2022-05-08,12:45,ATROPELLO FUGA,1,0,0,LIMA,LIMA,COMAS,URBANA,AVENIDA,URBANO,NO CORRESPONDE,-11.964631,-77.055373,DESPEJADO,COMERCIAL,TRAMO RECTO,PLANA ,ASFALTADA,,,,,EN PROCESO DE INVESTIGACIÓN,NO CUENTA CON CAUSA ESPECIFICA,12.0,0,2022.0,5.0,6.0,1,2,1,0,1.0,0.0,0.0,1.0,0,0,33.0,0.0,0,0,2,0.0,0.0,0
A-2022-05-24,2022-05-08,13:15,CHOQUE FUGA,1,0,1,PUNO,PUNO,VILQUE,RURAL,CARRETERA,DEPARTAMENTAL,PU-122,-15.765046400944328,-70.25579796032056,DESPEJADO,RURAL,CURVA,INCLINADA,ASFALTADA,SI,PREVENTIVA (P),INFORMATIVA (I),SI,IMPRUDENCIA DEL CONDUCTOR,CONDUCIR EN SENTIDO CONTRARIO,13.0,0,2022.0,5.0,6.0,1,2,1,1,0.0,1.0,0.0,1.0,0,0,32.0,0.0,0,0,2,0.0,0.0,0
A-2022-05-62,2022-05-08,13:55,ATROPELLO,1,0,0,SAN MARTIN,RIOJA,PARDO MIGUEL,RURAL,CARRETERA,NACIONAL,PE-5N,-5.704024,-77.594965,DESPEJADO,ESCOLAR,TRAMO RECTO,PLANA ,ASFALTADA,,,,,IMPRUDENCIA DEL PEATÓN,CRUCE INDEBIDO POR LA CALZADA,13.0,0,2022.0,5.0,6.0,1,2,1,2,0.0,0.0,0.0,0.0,0,0,55.0,42.42640687119285,0,1,2,0.0,0.5,0
A-2022-05-77,2022-05-08,16:50,DESPISTE,1,2,1,AREQUIPA,AREQUIPA,YURA,RURAL,CARRETERA,PROVINCIAL,AR-706,-16.239712,-71.71059,DESPEJADO,RURAL,TRAMO RECTO,INCLINADA,TROCHA,,,,,EN PROCESO DE INVESTIGACIÓN,NO CUENTA CON CAUSA ESPECIFICA,16.0,0,2022.0,5.0,6.0,1,2,1,0,0.0,1.0,2.0,3.0,0,0,17.0,8.660254037844387,0,1,3,0.0,0.333,0
A-2022-05-211,2022-05-09,01:30,CHOQUE FUGA,1,1,1,LIMA,LIMA,SAN BARTOLO,URBANA,CARRETERA,NACIONAL,PE-1S,-12.386021,-76.769327,DESPEJADO,INDUSTRIAL,PUENTE,PLANA ,ASFALTADA,,,,,EN PROCESO DE INVESTIGACIÓN,NO CUENTA CON CAUSA ESPECIFICA,1.0,0,2022.0,5.0,0.0,0,0,1,0,0.0,0.0,0.0,0.0,0,0,41.666666666666664,7.0945988845975885,0,1,3,0.0,0.333,1