CODIGO_SINIESTRO,FECHA_SINIESTRO,HORA_SINIESTRO,CLASE_SINIESTRO,CANTIDAD_FALLECIDOS,CANTIDAD_LESIONADOS,CANTIDAD_VEHICULOS,DEPARTAMENTO,PROVINCIA,DISTRITO,ZONA,TIPO_VIA,RED_VIAL,COD_CARRETERA,LATITUD,LONGITUD,CONDICION_CLIMATICA,ZONIFICACION,CARACTERISTICAS_VIA,PERFIL_VIA,SUPERFICIE_CALZADA,EXISTE_SENIAL_VERTICAL,CLASIFICACION_SENIAL_VERTICAL_1,CLASIFICACION_SENIAL_VERTICAL_2,EXISTE_SENIAL_HORIZONTAL,CAUSA_FACTOR_PRINCIPAL,CAUSA_ESPECIFICA,HORA,severidad,ANIO,MES,DIA_SEMANA,FIN_SEMANA,FRANJA_HORARIA,TEMPORADA,MACROREGION,TIPO_VIA_SCORE,PERFIL_VIA_SCORE,SUPERFICIE_CALZADA_SCORE,RIESGO_INFRAESTRUCTURA,RIESGO_CLIMATICO,SENIALIZACION_DEFICIENTE,EDAD_PROMEDIO,EDAD_STD,TOTAL_ALCOHOL,TOTAL_LICENCIA,TOTAL_PERSONAS,PCT_ALCOHOL,PCT_LICENCIA,ES_NOCHE
A-2022-05-169,2022-05-09,02:40,ATROPELLO FUGA,1,0,0,PUNO,SAN ROMAN,SAN MIGUEL,RURAL,CARRETERA,NACIONAL,PE-3S,-15.4592374,-70.1395813,DESPEJADO,RURAL,TRAMO RECTO,PLANA ,ASFALTADA,,,,,EN PROCESO DE INVESTIGACIÓN,NO CUENTA CON CAUSA ESPECIFICA,2.0,0,2022.0,5.0,0.0,0,0,1,1,0.0,0.0,0.0,0.0,0,0,32.0,0.0,0,0,2,0.0,0.0,1
A-2022-05-91,2022-05-09,03:00,CHOQUE,1,3,3,PIURA,PIURA,CATACAOS,URBANA,CARRETERA,NACIONAL,PE-1NK,-5.278817372096089,-80.68013765709854,DESPEJADO,COMERCIAL,TRAMO RECTO,PLANA ,ASFALTADA,,,,,EN PROCESO DE INVESTIGACIÓN,NO CUENTA CON CAUSA ESPECIFICA,3.0,0,2022.0,5.0,0.0,0,0,1,0,0.0,0.0,0.0,0.0,0,0,34.4,8.264381404557755,1,2,5,0.2,0.4,1
A-2022-05-159,2022-05-09,06:00,DESPISTE,1,1,1,PIURA,MORROPON,CHULUCANAS,RURAL,CARRETERA,NACIONAL,PE-1NR,-5.121639,-80.128277,DESPEJADO,RURAL,TRAMO RECTO,PLANA ,ASFALTADA,,,,,EN PROCESO DE INVESTIGACIÓN,NO CUENTA CON CAUSA ESPECIFICA,6.0,0,2022.0,5.0,0.0,0,1,1,0,0.0,0.0,0.0,0.0,0,0,56.0,43.840620433565945,0,0,2,0.0,0.0,0
A-2022-05-125,2022-05-09,13:00,CAÍDA DE PASAJERO,1,0,0,CUSCO,QUISPICANCHI,CCARHUAYO,URBANA,AVENIDA,URBANO,NO CORRESPONDE,-13.5949741,-71.4000292,SOLEADO,RESIDENCIAL,TRAMO RECTO,PLANA ,CONCRETO,,,,,NEGLIGENCIA DEL CONDUCTOR,OTRO (NEGLIGENCIA DEL CONDUCTOR),13.0,0,2022.0,5.0,0.0,0,2,1,1,1.0,0.0,0.0,1.0,0,0,46.0,7.0710678118654755,0,1,2,0.0,0.5,0
A-2022-05-242,2022-05-09,17:30,CHOQUE,1,0,2,PIURA,SULLANA,SULLANA,URBANA,CARRETERA,NACIONAL,PE-1NL,-4.913453409734056,-80.6721137886538,DESPEJADO,RURAL,TRAMO RECTO,PLANA ,ASFALTADA,,,,,IMPRUDENCIA DEL CONDUCTOR,NO DAR PASO PREFERENTE AL PEATÓN,17.0,0,2022.0,5.0,0.0,0,2,1,0,0.0,0.0,0.0,0.0,0,0,38.0,24.43358344574123,0,0,3,0.0,0.0,0
A-2022-05-138,2022-05-09,18:00,CHOQUE CON OBJETO FIJO,1,3,1,CUSCO,CANCHIS,SICUANI,URBANA,AVENIDA,URBANO,NO CORRESPONDE,-14.281336,-71.2278245,DESPEJADO,COMERCIAL,TRAMO RECTO,PLANA ,CONCRETO,,,,,IMPERICIA DEL CONDUCTOR,,18.0,0,2022.0,5.0,0.0,0,3,1,1,1.0,0.0,0.0,1.0,0,0,20.75,12.093386622447825,0,1,4,0.0,0.25,1
A-2022-05-44,2022-05-09,18:30,CHOQUE,1,2,2,TUMBES,TUMBES,CORRALES,RURAL,CARRETERA,NACIONAL,PE-1N,-3.611388481298515,-80.50967921464728,DESPEJADO,RURAL,TRAMO RECTO,PLANA ,ASFALTADA,,,,,IMPRUDENCIA DEL CONDUCTOR,GIRAR IMPRUDENTEMENTE,18.0,0,2022.0,5.0,0.0,0,3,1,0,0.0,0.0,0.0,0.0,0,0,40.666666666666664,18.502252115170556,0,1,3,0.0,0.333,1
A-2022-05-47,2022-05-09,19:45,DESPISTE,1,0,1,TUMBES,ZARUMILLA,MATAPALO,RURAL,CARRETERA,DEPARTAMENTAL,TU-101,-3.628754926432807,-80.19432755788802,DESPEJADO,RURAL,TRAMO RECTO,PLANA ,ASFALTADA,,,,,IMPRUDENCIA DEL CONDUCTOR,CONDUCIR EN ESTADO DE EBRIEDAD Y/O DROGADICCIÓN,19.0,0,2022.0,5.0,0.0,0,3,1,0,0.0,0.0,0.0,0.0,0,0,34.0,0.0,0,0,1,0.0,0.0,1
A-2022-05-243,2022-05-09,22:20,CHOQUE,1,0,2,PIURA,SULLANA,SULLANA,URBANA,CARRETERA,NACIONAL,PE-1NL,-4.916179203674546,-80.66409399576936,DESPEJADO,RURAL,TRAMO RECTO,PLANA ,ASFALTADA,,,,,IMPRUDENCIA DEL CONDUCTOR,OTRO (IMPRUDENCIA DEL CONDUCTOR),22.0,0,2022.0,5.0,0.0,0,3,1,0,0.0,0.0,0.0,0.0,0,0,29.5,9.192388155425117,0,0,2,0.0,0.0,1
A-2022-05-121,2022-05-10,09:35,DESPISTE,1,2,1,CUSCO,PAUCARTAMBO,CHALLABAMBA,RURAL,CARRETERA,PROVINCIAL,CU-991,-13.13389062520789,-71.7717922828925,DESPEJADO,RURAL,SINUOSA,INCLINADA,AFIRMADO,SI,PREVENTIVA (P),,NO,IMPERICIA DEL CONDUCTOR,,9.0,0,2022.0,5.0,1.0,0,1,1,1,0.0,1.0,1.0,2.0,0,1,26.25,17.988422202442695,0,0,4,0.0,0.0,0
A-2022-05-128,2022-05-10,12:00,DESPISTE,1,4,1,CAJAMARCA,CAJAMARCA,MAGDALENA,RURAL,CARRETERA,SIN CLASIFICAR,SIN CLASIFICAR,-7.219264,-78.611895,SOLEADO,RURAL,CURVA,PLANA ,AFIRMADO,,,,,EN PROCESO DE INVESTIGACIÓN,NO CUENTA CON CAUSA ESPECIFICA,12.0,0,2022.0,5.0,1.0,0,2,1,1,0.0,0.0,1.0,1.0,0,0,32.2,17.852170736355845,0,0,6,0.0,0.0,0
A-2022-05-156,2022-05-10,15:30,CHOQUE,7,1,2,PUNO,HUANCANE,HUANCANE,RURAL,CARRETERA,NACIONAL,PE-34H,-15.2355974,-69.8292837,DESPEJADO,RURAL,CURVA,PLANA ,ASFALTADA,,,,,IMPRUDENCIA DEL CONDUCTOR,INVASIÓN DE CARRIL,15.0,2,2022.0,5.0,1.0,0,2,1,1,0.0,0.0,0.0,0.0,0,0,27.666666666666668,16.170961628796228,0,1,9,0.0,0.111,0
A-2022-05-170,2022-05-10,18:30,VOLCADURA,1,0,1,PUNO,HUANCANE,COJATA,RURAL,CARRETERA,DEPARTAMENTAL,PU-148,-15.142520990632432,-69.21831837040257,DESPEJADO,RURAL,TRAMO RECTO,PLANA ,TROCHA,,,,,IMPRUDENCIA DEL CONDUCTOR,EXCESO DE VELOCIDAD,18.0,0,2022.0,5.0,1.0,0,3,1,1,0.0,0.0,2.0,2.0,0,0,44.0,0.0,0,0,1,0.0,0.0,1
A-2022-05-228,2022-05-11,03:00,DESPISTE,1,2,1,PUNO,SANDIA,YANAHUAYA,RURAL,CARRETERA,NACIONAL,PE-34H,-14.240761690814937,-69.15695065487148,DESPEJADO,RURAL,TRAMO RECTO,PLANA ,TROCHA,,,,,IMPRUDENCIA DEL CONDUCTOR,INVASIÓN DE CARRIL,3.0,0,2022.0,5.0,2.0,0,0,1,1,0.0,0.0,2.0,2.0,0,0,22.333333333333332,14.364307617610162,0,1,3,0.0,0.333,1
A-2022-05-111,2022-05-11,04:30,CHOQUE,2,17,0,LAMBAYEQUE,LAMBAYEQUE,MORROPE,RURAL,CARRETERA,NACIONAL,PE-1N,-6.455893,-80.132488,DESPEJADO,RURAL,TRAMO RECTO,PLANA ,ASFALTADA,,,,,EN PROCESO DE INVESTIGACIÓN,NO CUENTA CON CAUSA ESPECIFICA,4.0,1,2022.0,5.0,2.0,0,0,1,0,0.0,0.0,0.0,0.0,0,0,41.31578947368421,17.097929151992346,0,2,19,0.0,0.105,1
A-2022-05-137,2022-05-11,06:40,ATROPELLO,1,0,2,CUSCO,CUSCO,SAN SEBASTIAN,URBANA,CARRETERA,PROVINCIAL,CU-1103,-13.509832,-71.913932,DESPEJADO,RESIDENCIAL,CURVA,INCLINADA,ASFALTADA,,,,,IMPRUDENCIA DEL CONDUCTOR,CONDUCIR EN ESTADO DE EBRIEDAD Y/O DROGADICCIÓN,6.0,0,2022.0,5.0,2.0,0,1,1,1,0.0,1.0,0.0,1.0,0,0,37.0,18.384776310850235,1,1,2,0.5,0.5,0
A-2022-05-78,2022-05-12,07:15,CHOQUE,2,10,2,AREQUIPA,AREQUIPA,UCHUMAYO,RURAL,CARRETERA,NACIONAL,PE-34A,-16.470246,-71.692165,DESPEJADO,RURAL,TRAMO RECTO,INCLINADA,ASFALTADA,SI,PREVENTIVA (P),,SI,EN PROCESO DE INVESTIGACIÓN,NO CUENTA CON CAUSA ESPECIFICA,7.0,1,2022.0,5.0,3.0,0,1,1,0,0.0,1.0,0.0,1.0,0,0,43.30769230769231,19.550722984860922,0,2,13,0.0,0.154,0
A-2022-05-39,2022-05-12,11:15,DESPISTE,1,2,1,PUNO,PUNO,ACORA,RURAL,CARRETERA,NACIONAL,PE-3S,-16.024146133773815,-69.73722878919689,DESPEJADO,RURAL,TRAMO RECTO,PLANA ,ASFALTADA,,,,,IMPRUDENCIA DEL CONDUCTOR,OTRO (IMPRUDENCIA DEL CONDUCTOR),11.0,0,2022.0,5.0,3.0,0,1,1,1,0.0,0.0,0.0,0.0,0,0,48.666666666666664,20.50203241957571,0,1,3,0.0,0.333,0
A-2022-05-73,2022-05-12,16:30,CHOQUE,1,1,2,LA LIBERTAD,VIRU,VIRU,RURAL,CARRETERA,NACIONAL,PE-1N,-8.377373,-78.860858,DESPEJADO,RURAL,TRAMO RECTO,PLANA ,ASFALTADA,,,,,IMPRUDENCIA DEL CONDUCTOR,OTRO (IMPRUDENCIA DEL CONDUCTOR),16.0,0,2022.0,5.0,3.0,0,2,1,0,0.0,0.0,0.0,0.0,0,0,40.0,4.358898943540674,0,2,3,0.0,0.667,0
A-2022-05-157,2022-05-12,17:45,ATROPELLO,1,0,1,PUNO,SAN ROMAN,CABANILLAS,RURAL,CARRETERA,NACIONAL,PE-34A,-15.6469796,-70.3557862,DESPEJADO,RURAL,TRAMO RECTO,PLANA ,ASFALTADA,,,,,IMPRUDENCIA DEL PEATÓN,CRUCE INDEBIDO POR LA CALZADA,17.0,0,2022.0,5.0,3.0,0,2,1,1,0.0,0.0,0.0,0.0,0,0,49.0,22.627416997969522,0,1,2,0.0,0.5,0
A-2022-05-229,2022-05-12,21:00,DESPISTE,1,3,0,JUNIN,CHANCHAMAYO,CHANCHAMAYO,RURAL,CARRETERA,NACIONAL,PE-22B,-10.99535598018256,-75.31456226825117,,,,,,,,,,EN PROCESO DE INVESTIGACIÓN,NO CUENTA CON CAUSA ESPECIFICA,21.0,0,2022.0,5.0,3.0,0,3,1,1,0.0,1.0,1.0,2.0,0,0,39.8,16.70927885936434,0,1,5,0.0,0.2,1
A-2022-05-213,2022-05-12,22:46,ATROPELLO,1,0,0,LIMA,LIMA,SAN JUAN DE LURIGANCHO,URBANA,AVENIDA,URBANO,NO CORRESPONDE,-11.984402,-77.015373,,,,,,,,,,EN PROCESO DE INVESTIGACIÓN,NO CUENTA CON CAUSA ESPECIFICA,22.0,0,2022.0,5.0,3.0,0,3,1,0,1.0,1.0,1.0,3.0,0,0,47.5,12.020815280171307,0,0,2,0.0,0.0,1
A-2022-05-153,2022-05-13,01:30,ATROPELLO,1,0,1,LA LIBERTAD,SANCHEZ CARRION,HUAMACHUCO,RURAL,CARRETERA,NACIONAL,PE-3N,-7.798368,-77.979569,DESPEJADO,RURAL,TRAMO RECTO,PLANA ,ASFALTADA,,,,,IMPRUDENCIA DEL CONDUCTOR,OTRO (IMPRUDENCIA DEL CONDUCTOR),1.0,0,2022.0,5.0,4.0,0,0,1,0,0.0,0.0,0.0,0.0,0,0,38.0,11.313708498984761,0,0,2,0.0,0.0,1
A-2022-05-51,2022-05-13,04:00,DESPISTE,1,0,1,ANCASH,MARISCAL LUZURIAGA,LLUMPA,RURAL,CARRETERA,NACIONAL,PE-14C,-8.954780824501626,-77.36403224784864,SOLEADO,RURAL,SINUOSA,PLANA ,AFIRMADO,,,,,IMPRUDENCIA DEL CONDUCTOR,FATIGA Y/O CANSANCIO,4.0,0,2022.0,5.0,4.0,0,0,1,0,0.0,0.0,1.0,1.0,0,0,42.0,0.0,0,1,1,0.0,1.0,1
A-2022-05-215,2022-05-13,05:30,ATROPELLO,1,0,0,LIMA,LIMA,LURIGANCHO,URBANA,AVENIDA,URBANO,NO CORRESPONDE,-12.0193984,-76.9187015,,,,,,,,,,EN PROCESO DE INVESTIGACIÓN,NO CUENTA CON CAUSA ESPECIFICA,5.0,0,2022.0,5.0,4.0,0,0,1,0,1.0,1.0,1.0,3.0,0,0,38.0,11.313708498984761,0,0,2,0.0,0.0,1
A-2022-05-67,2022-05-13,13:20,ATROPELLO,1,0,0,CALLAO,CALLAO,CALLAO,URBANA,AVENIDA,URBANO,NO CORRESPONDE,-12.049602371925683,-77.11083950430451,DESPEJADO,INDUSTRIAL,TRAMO RECTO,PLANA ,ASFALTADA,NO,,,SI,IMPRUDENCIA DEL PEATÓN,OTRO (IMPRUDENCIA DEL PEATÓN),13.0,0,2022.0,5.0,4.0,0,2,1,0,1.0,0.0,0.0,1.0,0,1,26.5,19.091883092036785,0,1,2,0.0,0.5,0
A-2022-05-233,2022-05-13,14:50,DESPISTE,3,3,1,JUNIN,CONCEPCION,MITO,RURAL,CARRETERA,NACIONAL,PE-3SB,-11.9460573130092,-75.328205332467,DESPEJADO,RURAL,TRAMO RECTO,PLANA ,ASFALTADA,,,,,IMPRUDENCIA DEL CONDUCTOR,CONDUCIR EN ESTADO DE EBRIEDAD Y/O DROGADICCIÓN,14.0,2,2022.0,5.0,4.0,0,2,1,1,0.0,0.0,0.0,0.0,0,0,29.666666666666668,5.715476066494083,0,1,6,0.0,0.167,0
A-2022-05-248,2022-05-13,15:20,DESPISTE,1,1,1,LIMA,HUAURA,AMBAR,RURAL,CARRETERA,PROVINCIAL,LM-560,-10.75023591567628,-77.26211927017157,DESPEJADO,RURAL,CURVA,PLANA ,AFIRMADO,,,,,IMPERICIA DEL CONDUCTOR,,15.0,0,2022.0,5.0,4.0,0,2,1,0,0.0,0.0,1.0,1.0,0,0,43.0,22.627416997969522,0,0,2,0.0,0.0,0
A-2022-05-79,2022-05-13,18:13,ATROPELLO,1,1,1,AREQUIPA,AREQUIPA,LA JOYA,URBANA,CARRETERA,NACIONAL,PE-1S,-16.497109,-71.835723,DESPEJADO,COMERCIAL,INTERSECCIÓN,PLANA ,ASFALTADA,NO,,,SI,EN PROCESO DE INVESTIGACIÓN,NO CUENTA CON CAUSA ESPECIFICA,18.0,0,2022.0,5.0,4.0,0,3,1,0,0.0,0.0,0.0,0.0,0,1,57.0,24.041630560342615,0,1,2,0.0,0.5,1
A-2022-05-48,2022-05-13,18:30,CHOQUE,2,0,2,PUNO,EL COLLAO,SANTA ROSA,RURAL,CARRETERA,NACIONAL,PE-38,-16.90780928709047,-69.70675279593272,DESPEJADO,RURAL,CURVA,PLANA ,ASFALTADA,,,,,IMPRUDENCIA DEL CONDUCTOR,CONDUCIR EN SENTIDO CONTRARIO,18.0,1,2022.0,5.0,4.0,0,3,1,1,0.0,0.0,0.0,0.0,0,0,21.666666666666668,12.503332889007368,0,0,3,0.0,0.0,1
A-2022-05-158,2022-05-13,20:15,CHOQUE FUGA,1,0,2,PUNO,SAN ROMAN,JULIACA,URBANA,CARRETERA,NACIONAL,PE-34A,-15.5243284,-70.1819582,DESPEJADO,INDUSTRIAL,TRAMO RECTO,PLANA ,ASFALTADA,,,,,IMPRUDENCIA DEL CONDUCTOR,EXCESO DE VELOCIDAD,20.0,0,2022.0,5.0,4.0,0,3,1,1,0.0,0.0,0.0,0.0,0,0,47.0,0.0,0,0,2,0.0,0.0,1
A-2022-05-162,2022-05-14,04:15,DESPISTE,1,0,1,PIURA,PIURA,PIURA,RURAL,AVENIDA,URBANO,NO CORRESPONDE,-5.182029,-80.638654,DESPEJADO,COMERCIAL,TRAMO RECTO,PLANA ,ASFALTADA,,,,,IMPRUDENCIA DEL CONDUCTOR,CONDUCIR EN ESTADO DE EBRIEDAD Y/O DROGADICCIÓN,4.0,0,2022.0,5.0,5.0,1,0,1,0,1.0,0.0,0.0,1.0,0,0,30.0,0.0,1,0,1,1.0,0.0,1
A-2022-05-257,2022-05-14,12:30,ATROPELLO,1,0,0,LIMA,LIMA,SANTIAGO DE SURCO,URBANA,AVENIDA,URBANO,NO CORRESPONDE,-12.1283137,-76.9951014,,,,,,,,,,EN PROCESO DE INVESTIGACIÓN,NO CUENTA CON CAUSA ESPECIFICA,12.0,0,2022.0,5.0,5.0,1,2,1,0,1.0,1.0,1.0,3.0,0,0,0.0,0.0,0,0,2,0.0,0.0,0
A-2022-05-72,2022-05-14,16:25,DESPISTE,9,18,1,ANCASH,SIHUAS,CASHAPAMPA,RURAL,CARRETERA,NACIONAL,PE-12A,-8.564146651819044,-77.63079332757098,NUBLADO,RURAL,TRAMO RECTO,INCLINADA,AFIRMADO,SI,REGULADORA (R),,SI,EN PROCESO DE INVESTIGACIÓN,NO CUENTA CON CAUSA ESPECIFICA,16.0,2,2022.0,5.0,5.0,1,2,1,0,0.0,1.0,1.0,2.0,0,0,39.25925925925926,17.954199407193748,0,1,27,0.0,0.037,0
A-2022-05-173,2022-05-14,18:00,CHOQUE,1,0,1,PUNO,AZANGARO,CAMINACA,RURAL,CARRETERA,DEPARTAMENTAL,PU-113,-15.366502281014483,-70.08432442339543,DESPEJADO,RURAL,TRAMO RECTO,PLANA ,ASFALTADA,,,,,IMPRUDENCIA DEL CONDUCTOR,EXCESO DE VELOCIDAD,18.0,0,2022.0,5.0,5.0,1,3,1,1,0.0,0.0,0.0,0.0,0,0,52.0,7.0710678118654755,0,2,2,0.0,1.0,1
A-2022-05-195,2022-05-14,19:00,ATROPELLO,1,0,1,PASCO,PASCO,HUAYLLAY,URBANA,CARRETERA,NACIONAL,PE-20A,-10.994750396287248,-76.35567281454678,DESPEJADO,COMERCIAL,TRAMO RECTO,PLANA ,ASFALTADA,SI,REGULADORA (R),,SI,IMPRUDENCIA DEL CONDUCTOR,OTRO (IMPRUDENCIA DEL CONDUCTOR),19.0,0,2022.0,5.0,5.0,1,3,1,1,0.0,0.0,0.0,0.0,0,0,57.5,12.020815280171307,0,1,2,0.0,0.5,1
A-2022-05-74,2022-05-14,21:30,CHOQUE,1,0,2,LA LIBERTAD,TRUJILLO,EL PORVENIR,URBANA,AVENIDA,URBANO,NO CORRESPONDE,-8.0694,-79.034274,DESPEJADO,RESIDENCIAL,INTERSECCIÓN,PLANA ,ASFALTADA,,,,,EN PROCESO DE INVESTIGACIÓN,NO CUENTA CON CAUSA ESPECIFICA,21.0,0,2022.0,5.0,5.0,1,3,1,0,1.0,0.0,0.0,1.0,0,0,34.0,15.556349186104045,0,1,2,0.0,0.5,1
A-2022-05-112,2022-05-15,03:15,CHOQUE,1,1,0,LAMBAYEQUE,LAMBAYEQUE,JAYANCA,RURAL,CARRETERA,PROVINCIAL,LA-559,-6.38934,-79.75543,DESPEJADO,RURAL,TRAMO RECTO,PLANA ,ASFALTADA,SI,PREVENTIVA (P),,NO,EN PROCESO DE INVESTIGACIÓN,NO CUENTA CON CAUSA ESPECIFICA,3.0,0,2022.0,5.0,6.0,1,0,1,0,0.0,0.0,0.0,0.0,0,1,19.5,2.1213203435596424,0,0,3,0.0,0.0,1
A-2022-05-113,2022-05-15,05:00,CHOQUE,1,0,0,LAMBAYEQUE,LAMBAYEQUE,LAMBAYEQUE,RURAL,CARRETERA,NACIONAL,PE-1N,-6.6910073,-79.9038109,DESPEJADO,RURAL,TRAMO RECTO,PLANA ,ASFALTADA,,,,,EN PROCESO DE INVESTIGACIÓN,NO CUENTA CON CAUSA ESPECIFICA,5.0,0,2022.0,5.0,6.0,1,0,1,0,0.0,0.0,0.0,0.0,0,0,30.0,19.79898987322333,0,1,2,0.0,0.5,1
A-2022-05-129,2022-05-15,10:30,CHOQUE,1,0,2,CUSCO,CALCA,YANATILE,RURAL,CARRETERA,DEPARTAMENTAL,CU-105,-12.678571,-72.285681,SOLEADO,RURAL,SINUOSA,PLANA ,ASFALTADA,,,,,IMPERICIA DEL CONDUCTOR,,10.0,0,2022.0,5.0,6.0,1,1,1,1,0.0,0.0,0.0,0.0,0,0,29.0,0.0,1,0,2,0.5,0.0,0
A-2022-05-193,2022-05-15,16:00,CHOQUE FUGA,1,1,1,HUANUCO,LEONCIO PRADO,JOSE CRESPO Y CASTILLO,RURAL,CARRETERA,NACIONAL,PE-5N,-8.905989,-76.093755,DESPEJADO,RURAL,TRAMO RECTO,PLANA ,ASFALTADA,,,,,EN PROCESO DE INVESTIGACIÓN,NO CUENTA CON CAUSA ESPECIFICA,16.0,0,2022.0,5.0,6.0,1,2,1,1,0.0,0.0,0.0,0.0,0,0,60.5,3.5355339059327378,0,0,3,0.0,0.0,0
A-2022-05-171,2022-05-15,18:30,CHOQUE,2,0,2,PUNO,SAN ANTONIO DE PUTINA,ANANEA,RURAL,CARRETERA,NACIONAL,PE-34H,-14.662329891518588,-69.57634081744473,DESPEJADO,RURAL,TRAMO RECTO,PLANA ,ASFALTADA,,,,,IMPRUDENCIA DEL CONDUCTOR,EXCESO DE VELOCIDAD,18.0,1,2022.0,5.0,6.0,1,3,1,1,0.0,0.0,0.0,0.0,0,0,23.666666666666668,7.234178138070235,0,1,3,0.0,0.333,1
A-2022-05-63,2022-05-15,19:45,VOLCADURA,1,0,1,ICA,ICA,ICA,URBANA,AVENIDA,URBANO,NO CORRESPONDE,-14.077721,-75.732901,DESPEJADO,RESIDENCIAL,TRAMO RECTO,PLANA ,ASFALTADA,NO,,,SI,EN PROCESO DE INVESTIGACIÓN,NO CUENTA CON CAUSA ESPECIFICA,19.0,0,2022.0,5.0,6.0,1,3,1,0,1.0,0.0,0.0,1.0,0,1,30.0,5.656854249492381,0,0,2,0.0,0.0,1
A-2022-05-236,2022-05-15,20:20,ATROPELLO FUGA,1,0,1,LIMA,HUARAL,CHANCAY,URBANA,CARRETERA,NACIONAL,PE-1N,-11.57892,-77.2619,DESPEJADO,RESIDENCIAL,TRAMO RECTO,PLANA ,ASFALTADA,SI,REGULADORA (R),,NO,IMPRUDENCIA DEL PEATÓN,ESTADO DE EBRIEDAD Y/O DROGADICCIÓN,20.0,0,2022.0,5.0,6.0,1,3,1,0,0.0,0.0,0.0,0.0,0,1,36.0,0.0,0,0,2,0.0,0.0,1
A-2022-05-258,2022-05-15,20:20,CHOQUE,1,1,0,LIMA,LIMA,CHORRILLOS,URBANA,AVENIDA,URBANO,NO CORRESPONDE,-12.160096,-77.018885,,,,,,,,,,EN PROCESO DE INVESTIGACIÓN,NO CUENTA CON CAUSA ESPECIFICA,20.0,0,2022.0,5.0,6.0,1,3,1,0,1.0,1.0,1.0,3.0,0,0,0.0,0.0,0,0,2,0.0,0.0,1
A-2022-05-61,2022-05-16,04:00,CHOQUE,2,0,2,ICA,ICA,SALAS,RURAL,CARRETERA,NACIONAL,PE-1S,-13.958563,-75.78566,DESPEJADO,RURAL,TRAMO RECTO,PLANA ,ASFALTADA,,,,,EN PROCESO DE INVESTIGACIÓN,NO CUENTA CON CAUSA ESPECIFICA,4.0,1,2022.0,5.0,0.0,0,0,1,0,0.0,0.0,0.0,0.0,0,0,31.666666666666668,9.60902353693305,0,2,3,0.0,0.667,1
A-2022-05-259,2022-05-16,10:20,CHOQUE,1,0,0,LIMA,LIMA,CARABAYLLO,URBANA,AVENIDA,URBANO,NO CORRESPONDE,-11.8436756,-77.0425209,,,,,,,,,,EN PROCESO DE INVESTIGACIÓN,NO CUENTA CON CAUSA ESPECIFICA,10.0,0,2022.0,5.0,0.0,0,1,1,0,1.0,1.0,1.0,3.0,0,0,0.0,0.0,0,0,2,0.0,0.0,0
A-2022-05-160,2022-05-16,10:30,CHOQUE,1,0,2,PIURA,PIURA,CATACAOS,RURAL,CARRETERA,NACIONAL,PE-1N,-5.295863,-80.617741,DESPEJADO,RURAL,PASE A DESNIVEL,INCLINADA,ADOQUINADO,,,,,IMPRUDENCIA DEL CONDUCTOR,INVASIÓN DE CARRIL,10.0,0,2022.0,5.0,0.0,0,1,1,0,0.0,1.0,1.0,2.0,0,0,38.0,15.556349186104045,0,2,2,0.0,1.0,0
A-2022-05-59,2022-05-16,10:30,ATROPELLO,1,0,0,TUMBES,CONTRALMIRANTE VILLAR,ZORRITOS,RURAL,CARRETERA,NACIONAL,PE-1N,-3.684780265894736,-80.68891524247249,SOLEADO,RURAL,TRAMO RECTO,PLANA ,ASFALTADA,,,,,IMPRUDENCIA DEL PEATÓN,CRUCE INDEBIDO POR LA CALZADA,10.0,0,2022.0,5.0,0.0,0,1,1,0,0.0,0.0,0.0,0.0,0,0,38.0,0.0,0,1,2,0.0,0.5,0
A-2022-05-244,2022-05-16,19:00,ATROPELLO,1,0,1,PIURA,SULLANA,SULLANA,RURAL,CARRETERA,NACIONAL,PE-1N,-5.016998967166749,-80.70028238695588,DESPEJADO,RURAL,TRAMO RECTO,PLANA ,ASFALTADA,,,,,IMPRUDENCIA DEL PEATÓN,ESTADO DE EBRIEDAD Y/O DROGADICCIÓN,19.0,0,2022.0,5.0,0.0,0,3,1,0,0.0,0.0,0.0,0.0,0,0,46.0,11.313708498984761,0,1,2,0.0,0.5,1
A-2022-05-114,2022-05-16,23:00,CHOQUE,1,0,2,LAMBAYEQUE,CHICLAYO,POMALCA,RURAL,CARRETERA,NACIONAL,PE-06A,-6.7522605,-79.725199,DESPEJADO,RURAL,TRAMO RECTO,PLANA ,ASFALTADA,NO,,,NO,EN PROCESO DE INVESTIGACIÓN,NO CUENTA CON CAUSA ESPECIFICA,23.0,0,2022.0,5.0,0.0,0,3,1,0,0.0,0.0,0.0,0.0,0,2,43.0,18.384776310850235,0,1,2,0.0,0.5,1
A-2022-05-196,2022-05-17,02:40,ESPECIAL,1,0,0,LIMA,LIMA,RIMAC,URBANA,ALAMEDA,URBANO,NO CORRESPONDE,-12.033891052582716,-77.0258339565766,DESPEJADO,RESIDENCIAL,TRAMO RECTO,PLANA ,ASFALTADA,,,,,EN PROCESO DE INVESTIGACIÓN,NO CUENTA CON CAUSA ESPECIFICA,2.0,0,2022.0,5.0,1.0,0,0,1,0,1.0,0.0,0.0,1.0,0,0,0.0,0.0,0,0,2,0.0,0.0,1