CODIGO_SINIESTRO,FECHA_SINIESTRO,HORA_SINIESTRO,CLASE_SINIESTRO,CANTIDAD_FALLECIDOS,CANTIDAD_LESIONADOS,CANTIDAD_VEHICULOS,DEPARTAMENTO,PROVINCIA,DISTRITO,ZONA,TIPO_VIA,RED_VIAL,COD_CARRETERA,LATITUD,LONGITUD,CONDICION_CLIMATICA,ZONIFICACION,CARACTERISTICAS_VIA,PERFIL_VIA,SUPERFICIE_CALZADA,EXISTE_SENIAL_VERTICAL,CLASIFICACION_SENIAL_VERTICAL_1,CLASIFICACION_SENIAL_VERTICAL_2,EXISTE_SENIAL_HORIZONTAL,CAUSA_FACTOR_PRINCIPAL,CAUSA_ESPECIFICA,HORA,severidad,ANIO,MES,DIA_SEMANA,FIN_SEMANA,FRANJA_HORARIA,TEMPORADA,MACROREGION,TIPO_VIA_SCORE,PERFIL_VIA_SCORE,SUPERFICIE_CALZADA_SCORE,RIESGO_INFRAESTRUCTURA,RIESGO_CLIMATICO,SENIALIZACION_DEFICIENTE,EDAD_PROMEDIO,EDAD_STD,TOTAL_ALCOHOL,TOTAL_LICENCIA,TOTAL_PERSONAS,PCT_ALCOHOL,PCT_LICENCIA,ES_NOCHE
A-2022-06-9,2022-06-05,17:20,DESPISTE,1,0,1,PUNO,PUNO,PICHACANI,RURAL,CARRETERA,NACIONAL,PE-36B,-16.187036391641616,-70.09894608608309,DESPEJADO,RURAL,CURVA,PLANA ,ASFALTADA,,,,,IMPRUDENCIA DEL CONDUCTOR,EXCESO DE VELOCIDAD,17.0,0,2022.0,6.0,6.0,1,2,2,1,0.0,0.0,0.0,0.0,0,0,19.0,0.0,0,0,1,0.0,0.0,0
A-2022-06-257,2022-06-05,17:40,CHOQUE,1,0,0,MADRE DE DIOS,TAMBOPATA,TAMBOPATA,RURAL,AVENIDA,URBANO,NO CORRESPONDE,-12.596425,-69.194638,,,,,,,,,,EN PROCESO DE INVESTIGACIÓN,NO CUENTA CON CAUSA ESPECIFICA,17.0,0,2022.0,6.0,6.0,1,2,2,2,1.0,1.0,1.0,3.0,0,0,42.5,19.091883092036785,0,0,2,0.0,0.0,0
A-2022-06-38,2022-06-05,18:20,ATROPELLO FUGA,1,1,1,AREQUIPA,AREQUIPA,JACOBO HUNTER,URBANA,CARRETERA,PROVINCIAL,AR-796,-16.460249,-71.556444,DESPEJADO,RESIDENCIAL,TRAMO RECTO,PLANA ,ASFALTADA,NO,,,SI,EN PROCESO DE INVESTIGACIÓN,NO CUENTA CON CAUSA ESPECIFICA,18.0,0,2022.0,6.0,6.0,1,3,2,0,0.0,0.0,0.0,0.0,0,1,57.0,9.899494936611665,0,0,3,0.0,0.0,1
A-2022-06-236,2022-06-05,19:30,DESPISTE,1,1,1,HUANCAVELICA,ACOBAMBA,ANDABAMBA,RURAL,CARRETERA,DEPARTAMENTAL,HV-106,-12.70278,-74.640874,DESPEJADO,RURAL,CURVA,PLANA ,TROCHA,,,,,NEGLIGENCIA DEL CONDUCTOR,CONDUCIR CON FALLAS DE FRENOS,19.0,0,2022.0,6.0,6.0,1,3,2,1,0.0,0.0,2.0,2.0,0,0,35.0,7.0710678118654755,0,1,2,0.0,0.5,1
A-2022-06-10,2022-06-05,22:18,CHOQUE,1,0,2,PUNO,EL COLLAO,ILAVE,RURAL,CARRETERA,NACIONAL,PE-3S,-16.07493851132279,-69.6652400814053,DESPEJADO,RURAL,TRAMO RECTO,PLANA ,ASFALTADA,,,,,IMPRUDENCIA DEL CONDUCTOR,INVASIÓN DE CARRIL,22.0,0,2022.0,6.0,6.0,1,3,2,1,0.0,0.0,0.0,0.0,0,0,48.0,11.313708498984761,0,1,2,0.0,0.5,1
A-2022-06-238,2022-06-06,06:30,CHOQUE,2,1,1,PIURA,PIURA,VEINTISEIS DE OCTUBRE,RURAL,CARRETERA,NACIONAL,PE-1N,-5.126459,-80.700992,DESPEJADO,RURAL,TRAMO RECTO,PLANA ,ASFALTADA,,,,,IMPRUDENCIA DEL CONDUCTOR,EXCESO DE VELOCIDAD,6.0,1,2022.0,6.0,0.0,0,1,2,0,0.0,0.0,0.0,0.0,0,0,52.5,19.122412679017955,0,2,4,0.0,0.5,0
A-2022-06-37,2022-06-06,06:45,CHOQUE,1,1,2,TUMBES,CONTRALMIRANTE VILLAR,CANOAS DE PUNTA SAL,RURAL,CARRETERA,NACIONAL,PE-1N,-4.1007025618874655,-81.02849897588948,DESPEJADO,RURAL,CURVA,INCLINADA,ASFALTADA,SI,PREVENTIVA (P),REGULADORA (R),NO,IMPRUDENCIA DEL CONDUCTOR,CONDUCIR EN SENTIDO CONTRARIO,6.0,0,2022.0,6.0,0.0,0,1,2,0,0.0,1.0,0.0,1.0,0,1,31.666666666666668,0.5773502691896263,0,2,3,0.0,0.667,0
A-2022-06-264,2022-06-06,09:15,ATROPELLO,1,0,0,LIMA,LIMA,SANTIAGO DE SURCO,URBANA,AVENIDA,URBANO,NO CORRESPONDE,-12.131478,-76.999405,,,,,,,,,,EN PROCESO DE INVESTIGACIÓN,NO CUENTA CON CAUSA ESPECIFICA,9.0,0,2022.0,6.0,0.0,0,1,2,0,1.0,1.0,1.0,3.0,0,0,0.0,0.0,0,0,2,0.0,0.0,0
A-2022-06-214,2022-06-06,09:45,ATROPELLO,1,0,0,LIMA,LIMA,SAN JUAN DE LURIGANCHO,RURAL,CARRETERA,PROVINCIAL,LM-711,-11.883623699527789,-76.95503377748341,DESPEJADO,RURAL,TRAMO RECTO,PLANA ,ASFALTADA,,,,,EN PROCESO DE INVESTIGACIÓN,NO CUENTA CON CAUSA ESPECIFICA,9.0,0,2022.0,6.0,0.0,0,1,2,0,0.0,0.0,0.0,0.0,0,0,61.0,25.45584412271571,0,1,2,0.0,0.5,0
A-2022-06-176,2022-06-06,09:51,VOLCADURA,2,0,0,APURIMAC,GRAU,MICAELA BASTIDAS,RURAL,CARRETERA,NACIONAL,PE-3SF,-14.082098401459197,-72.61768348431015,,,,,,,,,,EN PROCESO DE INVESTIGACIÓN,NO CUENTA CON CAUSA ESPECIFICA,9.0,1,2022.0,6.0,0.0,0,1,2,1,0.0,1.0,1.0,2.0,0,0,56.5,16.263455967290593,0,0,2,0.0,0.0,0
A-2022-06-223,2022-06-07,01:30,ATROPELLO FUGA,1,0,0,JUNIN,YAULI,LA OROYA,RURAL,CARRETERA,NACIONAL,PE-22,-11.58366,-75.95685,DESPEJADO,RURAL,TRAMO RECTO,PLANA ,ASFALTADA,,,,,EN PROCESO DE INVESTIGACIÓN,NO CUENTA CON CAUSA ESPECIFICA,1.0,0,2022.0,6.0,1.0,0,0,2,1,0.0,0.0,0.0,0.0,0,0,25.0,0.0,0,0,2,0.0,0.0,1
A-2022-06-17,2022-06-07,02:20,CHOQUE CON OBJETO FIJO,1,1,1,AREQUIPA,AREQUIPA,SACHACA,URBANA,CARRETERA,NACIONAL,PE-34C,-16.408497,-71.559893,DESPEJADO,COMERCIAL,TRAMO RECTO,PLANA ,ASFALTADA,SI,REGULADORA (R),PREVENTIVA (P),SI,EN PROCESO DE INVESTIGACIÓN,NO CUENTA CON CAUSA ESPECIFICA,2.0,0,2022.0,6.0,1.0,0,0,2,0,0.0,0.0,0.0,0.0,0,0,49.0,2.8284271247461903,0,0,2,0.0,0.0,1
A-2022-06-172,2022-06-07,03:45,CHOQUE,3,1,0,ANCASH,CASMA,CASMA,RURAL,CARRETERA,NACIONAL,PE-1N,-9.730268,-78.263684,DESPEJADO,RURAL,CURVA,PLANA ,ASFALTADA,NO,,,SI,EN PROCESO DE INVESTIGACIÓN,NO CUENTA CON CAUSA ESPECIFICA,3.0,2,2022.0,6.0,1.0,0,0,2,0,0.0,0.0,0.0,0.0,0,1,35.0,13.366625103842281,0,0,5,0.0,0.0,1
A-2022-06-18,2022-06-07,03:45,CHOQUE,1,1,2,LA LIBERTAD,TRUJILLO,TRUJILLO,URBANA,AVENIDA,URBANO,NO CORRESPONDE,-8.091642,-79.040555,DESPEJADO,INDUSTRIAL,INTERSECCIÓN,PLANA ,ASFALTADA,,,,,IMPRUDENCIA DEL CONDUCTOR,DESACATO DE SEÑAL DE TRÁNSITO,3.0,0,2022.0,6.0,1.0,0,0,2,0,1.0,0.0,0.0,1.0,0,0,47.333333333333336,2.516611478423584,0,0,3,0.0,0.0,1
A-2022-06-234,2022-06-07,06:30,CHOQUE,1,0,2,PIURA,PIURA,CATACAOS,URBANA,CARRETERA,PROVINCIAL,PI-1020,-5.231583522023898,-80.65791446240563,DESPEJADO,COMERCIAL,TRAMO RECTO,PLANA ,ASFALTADA,,,,,IMPRUDENCIA DEL CONDUCTOR,EXCESO DE VELOCIDAD,6.0,0,2022.0,6.0,1.0,0,1,2,0,0.0,0.0,0.0,0.0,0,0,40.0,15.874507866387544,0,2,3,0.0,0.667,0
A-2022-06-57,2022-06-07,13:41,CHOQUE,1,0,2,CUSCO,QUISPICANCHI,CAMANTI,RURAL,CARRETERA,NACIONAL,PE-30C,-13.2391075,-70.7698199155,DESPEJADO,COMERCIAL,TRAMO RECTO,PLANA ,ASFALTADA,SI,PREVENTIVA (P),,SI,IMPRUDENCIA DEL CONDUCTOR,CONDUCIR EN ESTADO DE EBRIEDAD Y/O DROGADICCIÓN,13.0,0,2022.0,6.0,1.0,0,2,2,1,0.0,0.0,0.0,0.0,0,0,28.0,4.242640687119285,1,2,2,0.5,1.0,0
A-2022-06-94,2022-06-07,17:30,ATROPELLO,1,0,1,CALLAO,CALLAO,CALLAO,URBANA,CARRETERA,NACIONAL,PE-20,-12.031659682711798,-77.12741864082965,DESPEJADO,INDUSTRIAL,TRAMO RECTO,PLANA ,ASFALTADA,SI,PREVENTIVA (P),REGULADORA (R),SI,IMPRUDENCIA DEL PEATÓN,CRUCE INDEBIDO POR LA CALZADA,17.0,0,2022.0,6.0,1.0,0,2,2,0,0.0,0.0,0.0,0.0,0,0,41.0,11.313708498984761,0,1,2,0.0,0.5,0
A-2022-06-11,2022-06-07,17:50,CHOQUE,1,0,0,PUNO,PUNO,PUNO,RURAL,CARRETERA,NACIONAL,PE-3S,-15.781644544278436,-70.03232718002589,DESPEJADO,RURAL,TRAMO RECTO,PLANA ,ASFALTADA,,,,,IMPRUDENCIA DEL CONDUCTOR,OTRO (IMPRUDENCIA DEL CONDUCTOR),17.0,0,2022.0,6.0,1.0,0,2,2,1,0.0,0.0,0.0,0.0,0,0,56.0,8.48528137423857,0,1,2,0.0,0.5,0
A-2022-06-213,2022-06-07,19:45,DESPISTE,1,1,0,LIMA,LIMA,CIENEGUILLA,URBANA,CARRETERA,DEPARTAMENTAL,LM-117,-12.100449208387404,-76.79225496039615,DESPEJADO,RURAL,TRAMO RECTO,PLANA ,ASFALTADA,,,,,EN PROCESO DE INVESTIGACIÓN,NO CUENTA CON CAUSA ESPECIFICA,19.0,0,2022.0,6.0,1.0,0,3,2,0,0.0,0.0,0.0,0.0,0,0,29.5,0.7071067811865476,0,0,2,0.0,0.0,1
A-2022-06-19,2022-06-08,08:00,ATROPELLO,1,0,1,LA LIBERTAD,TRUJILLO,TRUJILLO,URBANA,AVENIDA,URBANO,NO CORRESPONDE,-8.12523,-79.025426,DESPEJADO,COMERCIAL,INTERSECCIÓN,PLANA ,ASFALTADA,,,,,EN PROCESO DE INVESTIGACIÓN,NO CUENTA CON CAUSA ESPECIFICA,8.0,0,2022.0,6.0,2.0,0,1,2,0,1.0,0.0,0.0,1.0,0,0,63.0,18.384776310850235,0,1,2,0.0,0.5,0
A-2022-06-12,2022-06-08,14:00,VOLCADURA,1,0,1,PUNO,PUNO,PUNO,URBANA,AVENIDA,URBANO,NO CORRESPONDE,-15.8843,-69.972199,DESPEJADO,RURAL,PUENTE,INCLINADA,CASCAJO/RIPIO,,,,,IMPRUDENCIA DEL CONDUCTOR,EXCESO DE VELOCIDAD,14.0,0,2022.0,6.0,2.0,0,2,2,1,1.0,1.0,1.0,3.0,0,0,43.0,0.0,0,0,1,0.0,0.0,0
A-2022-06-20,2022-06-08,15:40,DESPISTE,1,0,1,LA LIBERTAD,ASCOPE,RAZURI,RURAL,CARRETERA,NACIONAL,PE-1N,-7.574973071313438,-79.3699211119346,DESPEJADO,RURAL,TRAMO RECTO,PLANA ,ASFALTADA,,,,,EN PROCESO DE INVESTIGACIÓN,NO CUENTA CON CAUSA ESPECIFICA,15.0,0,2022.0,6.0,2.0,0,2,2,0,0.0,0.0,0.0,0.0,0,0,51.0,0.0,0,0,1,0.0,0.0,0
A-2022-06-30,2022-06-08,18:20,DESPISTE,1,10,1,ANCASH,POMABAMBA,POMABAMBA,RURAL,CARRETERA,PROVINCIAL,AN-585,-8.706511334204723,-77.49953307562446,DESPEJADO,RURAL,SINUOSA,PLANA ,AFIRMADO,,,,,EN PROCESO DE INVESTIGACIÓN,NO CUENTA CON CAUSA ESPECIFICA,18.0,0,2022.0,6.0,2.0,0,3,2,0,0.0,0.0,1.0,1.0,0,0,18.444444444444443,8.61845564923193,0,1,11,0.0,0.091,1
A-2022-06-258,2022-06-08,19:30,ATROPELLO,1,0,1,LIMA,HUARAL,HUARAL,URBANA,CARRETERA,NACIONAL,PE-1NB,-11.503774232574075,-77.22944492817412,DESPEJADO,COMERCIAL,TRAMO RECTO,PLANA ,ASFALTADA,,,,,IMPRUDENCIA DEL PEATÓN,ESTADO DE EBRIEDAD Y/O DROGADICCIÓN,19.0,0,2022.0,6.0,2.0,0,3,2,0,0.0,0.0,0.0,0.0,0,0,21.0,0.0,0,1,2,0.0,0.5,1
A-2022-06-72,2022-06-08,20:00,ATROPELLO FUGA,1,0,0,CUSCO,ESPINAR,ESPINAR,RURAL,CARRETERA,NACIONAL,PE-34F,-14.772371,-71.390948,DESPEJADO,RURAL,TRAMO RECTO,PLANA ,ASFALTADA,,,,,IMPRUDENCIA DEL PEATÓN,ESTADO DE EBRIEDAD Y/O DROGADICCIÓN,20.0,0,2022.0,6.0,2.0,0,3,2,1,0.0,0.0,0.0,0.0,0,0,16.0,0.0,0,0,2,0.0,0.0,1
A-2022-06-62,2022-06-09,15:00,DESPISTE,1,1,1,CUSCO,CALCA,SAN SALVADOR,RURAL,CARRETERA,NACIONAL,PE-28B,-13.5019426,-71.771753315,DESPEJADO,RURAL,TRAMO RECTO,PLANA ,ASFALTADA,SI,PREVENTIVA (P),,SI,IMPRUDENCIA DEL CONDUCTOR,EXCESO DE VELOCIDAD,15.0,0,2022.0,6.0,3.0,0,2,2,1,0.0,0.0,0.0,0.0,0,0,20.5,2.1213203435596424,0,1,2,0.0,0.5,0
A-2022-06-212,2022-06-09,15:30,CHOQUE,1,1,0,LIMA,LIMA,LA VICTORIA,URBANA,AVENIDA,URBANO,NO CORRESPONDE,-12.065613373152544,-77.00441832552427,DESPEJADO,COMERCIAL,TRAMO RECTO,PLANA ,ASFALTADA,,,,,EN PROCESO DE INVESTIGACIÓN,NO CUENTA CON CAUSA ESPECIFICA,15.0,0,2022.0,6.0,3.0,0,2,2,0,1.0,0.0,0.0,1.0,0,0,37.0,10.44030650891055,0,1,3,0.0,0.333,0
A-2022-06-21,2022-06-09,17:20,ATROPELLO,1,0,1,LA LIBERTAD,VIRU,VIRU,RURAL,CARRETERA,NACIONAL,PE-1N,-8.382137,-78.856709,DESPEJADO,RURAL,TRAMO RECTO,PLANA ,ASFALTADA,,,,,IMPRUDENCIA DEL PEATÓN,USO DE DISPOSITIVOS MÓVILES Y/O ELECTRÓNICOS,17.0,0,2022.0,6.0,3.0,0,2,2,0,0.0,0.0,0.0,0.0,0,0,40.5,21.920310216782973,0,0,2,0.0,0.0,0
A-2022-06-164,2022-06-09,19:10,CHOQUE,1,1,1,HUANUCO,MARAÑON,LA MORADA,RURAL,CARRETERA,PROVINCIAL,HU-518,-8.753582,-76.264304,DESPEJADO,RURAL,TRAMO RECTO,PLANA ,AFIRMADO,,,,,IMPRUDENCIA DEL CONDUCTOR,EXCESO DE VELOCIDAD,19.0,0,2022.0,6.0,3.0,0,3,2,1,0.0,0.0,1.0,1.0,0,0,23.0,2.8284271247461903,0,1,2,0.0,0.5,1
A-2022-06-22,2022-06-10,01:20,CHOQUE,1,0,2,LA LIBERTAD,CHEPEN,PACANGA,RURAL,CARRETERA,NACIONAL,PE-1N,-7.183863,-79.43292,DESPEJADO,RURAL,TRAMO RECTO,PLANA ,ASFALTADA,,,,,IMPRUDENCIA DEL CONDUCTOR,INVASIÓN DE CARRIL,1.0,0,2022.0,6.0,4.0,0,0,2,0,0.0,0.0,0.0,0.0,0,0,36.0,2.8284271247461903,0,2,2,0.0,1.0,1
A-2022-06-23,2022-06-10,07:00,DESPISTE,1,0,0,HUANCAVELICA,HUAYTARA,HUAYTARA,URBANA,CARRETERA,NACIONAL,PE-28A,-13.562104,-75.242429,DESPEJADO,RURAL,TRAMO RECTO,PLANA ,ASFALTADA,,,,,EN PROCESO DE INVESTIGACIÓN,NO CUENTA CON CAUSA ESPECIFICA,7.0,0,2022.0,6.0,4.0,0,1,2,1,0.0,0.0,0.0,0.0,0,0,60.0,0.0,0,0,1,0.0,0.0,0
A-2022-06-242,2022-06-10,08:35,CHOQUE,1,0,2,PIURA,SULLANA,SULLANA,URBANA,CARRETERA,NACIONAL,PE-1NL,-4.913425684076633,-80.6722321698199,DESPEJADO,RURAL,TRAMO RECTO,PLANA ,ASFALTADA,,,,,IMPRUDENCIA DEL CONDUCTOR,OTRO (IMPRUDENCIA DEL CONDUCTOR),8.0,0,2022.0,6.0,4.0,0,1,2,0,0.0,0.0,0.0,0.0,0,0,27.5,2.1213203435596424,0,0,2,0.0,0.0,0
A-2022-06-115,2022-06-10,16:30,ATROPELLO FUGA,1,0,0,PUNO,HUANCANE,HUANCANE,RURAL,CARRETERA,DEPARTAMENTAL,PU-114,-15.174420260186656,-69.85716288307462,DESPEJADO,RURAL,TRAMO RECTO,PLANA ,ASFALTADA,,,,,EN PROCESO DE INVESTIGACIÓN,NO CUENTA CON CAUSA ESPECIFICA,16.0,0,2022.0,6.0,4.0,0,2,2,1,0.0,0.0,0.0,0.0,0,0,63.0,0.0,0,0,2,0.0,0.0,0
A-2022-06-66,2022-06-11,01:40,DESPISTE,1,0,1,CUSCO,ANTA,CHINCHAYPUJIO,RURAL,CARRETERA,NACIONAL,PE-3SF,-13.6897472,-72.3214502,DESPEJADO,RURAL,CURVA,INCLINADA,ASFALTADA,SI,PREVENTIVA (P),,NO,IMPRUDENCIA DEL CONDUCTOR,CONDUCIR EN ESTADO DE EBRIEDAD Y/O DROGADICCIÓN,1.0,0,2022.0,6.0,5.0,1,0,2,1,0.0,1.0,0.0,1.0,0,1,29.0,0.0,1,1,1,1.0,1.0,1
A-2022-06-116,2022-06-11,03:00,DESPISTE,1,3,1,PUNO,CARABAYA,OLLACHEA,RURAL,CARRETERA,NACIONAL,PE-34B,-13.7297195,-70.4624681,DESPEJADO,RURAL,TRAMO RECTO,PLANA ,ASFALTADA,,,,,INFRAESTRUCTURA Y ENTORNO VIAL,OTRO (INFRAESTRUCTURA Y ENTORNO VIAL),3.0,0,2022.0,6.0,5.0,1,0,2,1,0.0,0.0,0.0,0.0,0,0,21.8,13.572030061858838,0,1,5,0.0,0.2,1
A-2022-06-220,2022-06-11,15:30,CHOQUE,1,0,2,PASCO,PASCO,TINYAHUARCO,RURAL,CARRETERA,NACIONAL,PE-3N,-10.76784963356476,-76.25232065922202,DESPEJADO,RURAL,TRAMO RECTO,PLANA ,ASFALTADA,,,,,IMPRUDENCIA DEL CONDUCTOR,CONDUCIR EN SENTIDO CONTRARIO,15.0,0,2022.0,6.0,5.0,1,2,2,1,0.0,0.0,0.0,0.0,0,0,40.0,12.727922061357855,0,2,2,0.0,1.0,0
A-2022-06-14,2022-06-11,16:10,ATROPELLO,1,0,0,PUNO,EL COLLAO,ILAVE,RURAL,CARRETERA,NACIONAL,PE-38A,-16.098931,-69.637053,,,,,,,,,,EN PROCESO DE INVESTIGACIÓN,NO CUENTA CON CAUSA ESPECIFICA,16.0,0,2022.0,6.0,5.0,1,2,2,1,0.0,1.0,1.0,2.0,0,0,60.0,2.8284271247461903,0,0,2,0.0,0.0,0
A-2022-06-241,2022-06-11,18:25,ATROPELLO,1,0,1,ICA,CHINCHA,GROCIO PRADO,RURAL,CARRETERA,NACIONAL,PE-1S,-13.357459443530985,-76.21887442619116,DESPEJADO,RURAL,TRAMO RECTO,PLANA ,ASFALTADA,,,,,IMPRUDENCIA DEL PEATÓN,CRUCE INDEBIDO POR LA CALZADA,18.0,0,2022.0,6.0,5.0,1,3,2,0,0.0,0.0,0.0,0.0,0,0,40.5,21.920310216782973,0,1,2,0.0,0.5,1
A-2022-06-32,2022-06-11,21:30,DESPISTE,2,21,1,ANCASH,BOLOGNESI,CAJACAY,RURAL,CARRETERA,NACIONAL,PE-16,-10.155781401635291,-77.35437200219378,DESPEJADO,RURAL,SINUOSA,PLANA ,CONCRETO,,,,,EN PROCESO DE INVESTIGACIÓN,NO CUENTA CON CAUSA ESPECIFICA,21.0,1,2022.0,6.0,5.0,1,3,2,0,0.0,0.0,0.0,0.0,0,0,45.916666666666664,16.37844996293623,0,1,24,0.0,0.042,1
A-2022-06-44,2022-06-12,04:00,CHOQUE,3,9,2,AREQUIPA,CAYLLOMA,SAN ANTONIO DE CHUCA,RURAL,CARRETERA,NACIONAL,PE-34A,-15.9879738,-71.2530199,DESPEJADO,RURAL,TRAMO RECTO,PLANA ,ASFALTADA,NO,,,SI,EN PROCESO DE INVESTIGACIÓN,NO CUENTA CON CAUSA ESPECIFICA,4.0,2,2022.0,6.0,6.0,1,0,2,0,0.0,0.0,0.0,0.0,0,1,29.307692307692307,20.332177352596442,0,1,13,0.0,0.077,1
A-2022-06-45,2022-06-12,09:35,ATROPELLO,1,0,1,AREQUIPA,AREQUIPA,JOSE LUIS BUSTAMANTE Y RIVERO,URBANA,AVENIDA,URBANO,NO CORRESPONDE,-16.427276,-71.533219,SOLEADO,COMERCIAL,TRAMO RECTO,PLANA ,ASFALTADA,NO,,,SI,EN PROCESO DE INVESTIGACIÓN,NO CUENTA CON CAUSA ESPECIFICA,9.0,0,2022.0,6.0,6.0,1,1,2,0,1.0,0.0,0.0,1.0,0,1,52.0,32.526911934581186,0,1,2,0.0,0.5,0
A-2022-06-34,2022-06-12,16:30,CHOQUE,1,1,2,ICA,ICA,ICA,URBANA,CALLE,URBANO,NO CORRESPONDE,-14.064445388184582,-75.73683108491699,DESPEJADO,ESCOLAR,INTERSECCIÓN,PLANA ,ASFALTADA,,,,,EN PROCESO DE INVESTIGACIÓN,NO CUENTA CON CAUSA ESPECIFICA,16.0,0,2022.0,6.0,6.0,1,2,2,0,2.0,0.0,0.0,2.0,0,0,38.666666666666664,14.46835627614047,0,1,3,0.0,0.333,0
A-2022-06-69,2022-06-13,06:00,CHOQUE,1,0,2,LAMBAYEQUE,LAMBAYEQUE,MORROPE,RURAL,CARRETERA,NACIONAL,PE-1N,-6.5546024,-80.0044064,DESPEJADO,RURAL,TRAMO RECTO,PLANA ,ASFALTADA,,,,,EN PROCESO DE INVESTIGACIÓN,NO CUENTA CON CAUSA ESPECIFICA,6.0,0,2022.0,6.0,0.0,0,1,2,0,0.0,0.0,0.0,0.0,0,0,40.0,7.0710678118654755,0,1,2,0.0,0.5,0
A-2022-06-79,2022-06-13,12:10,ATROPELLO,1,1,0,LAMBAYEQUE,CHICLAYO,LA VICTORIA,URBANA,AVENIDA,URBANO,NO CORRESPONDE,-6.796333,-79.840322,SOLEADO,RESIDENCIAL,TRAMO RECTO,PLANA ,ASFALTADA,,,,,EN PROCESO DE INVESTIGACIÓN,NO CUENTA CON CAUSA ESPECIFICA,12.0,0,2022.0,6.0,0.0,0,2,2,0,1.0,0.0,0.0,1.0,0,0,46.0,39.59797974644666,0,0,2,0.0,0.0,0
A-2022-06-75,2022-06-13,15:58,ATROPELLO,1,0,1,LAMBAYEQUE,CHICLAYO,JOSE LEONARDO ORTIZ,URBANA,CARRETERA,DEPARTAMENTAL,LA-110,-6.745795,-79.837689,DESPEJADO,RESIDENCIAL,TRAMO RECTO,PLANA ,ASFALTADA,,,,,EN PROCESO DE INVESTIGACIÓN,NO CUENTA CON CAUSA ESPECIFICA,15.0,0,2022.0,6.0,0.0,0,2,2,0,0.0,0.0,0.0,0.0,0,0,52.0,31.11269837220809,0,0,2,0.0,0.0,0
A-2022-06-237,2022-06-13,20:00,ATROPELLO FUGA,1,0,1,PIURA,PIURA,VEINTISEIS DE OCTUBRE,RURAL,CARRETERA,NACIONAL,PE-1N,-5.154443,-80.694879,DESPEJADO,RURAL,TRAMO RECTO,PLANA ,ASFALTADA,,,,,IMPRUDENCIA DEL CONDUCTOR,EXCESO DE VELOCIDAD,20.0,0,2022.0,6.0,0.0,0,3,2,0,0.0,0.0,0.0,0.0,0,0,38.0,0.0,1,0,2,0.5,0.0,1
A-2022-06-50,2022-06-13,20:00,DESPISTE,1,0,1,CUSCO,URUBAMBA,MARAS,URBANA,CARRETERA,NACIONAL,PE-28B,-13.2808894,-72.2044021,DESPEJADO,RURAL,TRAMO RECTO,PLANA ,ASFALTADA,SI,PREVENTIVA (P),,SI,IMPRUDENCIA DEL CONDUCTOR,CONDUCIR EN ESTADO DE EBRIEDAD Y/O DROGADICCIÓN,20.0,0,2022.0,6.0,0.0,0,3,2,1,0.0,0.0,0.0,0.0,0,0,19.5,4.949747468305833,1,0,2,0.5,0.0,1
A-2022-06-145,2022-06-14,05:30,CHOQUE,1,0,0,PIURA,MORROPON,CHULUCANAS,RURAL,CARRETERA,NACIONAL,PE-1NS,-5.115703,-80.172681,,,,,,,,,,EN PROCESO DE INVESTIGACIÓN,NO CUENTA CON CAUSA ESPECIFICA,5.0,0,2022.0,6.0,1.0,0,0,2,0,0.0,1.0,1.0,2.0,0,0,60.5,14.849242404917497,0,0,2,0.0,0.0,1
A-2022-06-181,2022-06-14,14:00,ATROPELLO,1,0,0,UCAYALI,CORONEL PORTILLO,YARINACOCHA,RURAL,CARRETERA,DEPARTAMENTAL,UC-103,-8.25444,-74.659979,SOLEADO,RURAL,TRAMO RECTO,PLANA ,AFIRMADO,,,,,IMPRUDENCIA DEL PEATÓN,OTRO (IMPRUDENCIA DEL PEATÓN),14.0,0,2022.0,6.0,1.0,0,2,2,2,0.0,0.0,1.0,1.0,0,0,71.0,0.0,0,0,2,0.0,0.0,0
A-2022-06-252,2022-06-14,20:00,CHOQUE FUGA,2,1,0,MADRE DE DIOS,TAMBOPATA,LAS PIEDRAS,RURAL,CARRETERA,NACIONAL,PE-30C,-12.462089,-69.139226,DESPEJADO,RURAL,TRAMO RECTO,PLANA ,ASFALTADA,,,,,IMPRUDENCIA DEL CONDUCTOR,EXCESO DE VELOCIDAD,20.0,1,2022.0,6.0,1.0,0,3,2,2,0.0,0.0,0.0,0.0,0,0,36.5,15.416441439796236,0,2,4,0.0,0.5,1
A-2022-06-177,2022-06-15,09:45,CHOQUE,3,2,1,HUANUCO,AMBO,SAN RAFAEL,RURAL,CARRETERA,NACIONAL,PE-3N,-10.348741,-76.181179,SOLEADO,RURAL,CURVA,PLANA ,ASFALTADA,,,,,IMPRUDENCIA DEL CONDUCTOR,INVASIÓN DE CARRIL,9.0,2,2022.0,6.0,2.0,0,1,2,1,0.0,0.0,0.0,0.0,0,0,33.833333333333336,7.67897562612792,0,2,6,0.0,0.333,0
A-2022-06-117,2022-06-15,15:00,DESPISTE,1,1,1,CAJAMARCA,SANTA CRUZ,SAUCEPAMPA,RURAL,CARRETERA,PROVINCIAL,CA-875,-6.6888736,-78.91984762,DESPEJADO,RURAL,TRAMO RECTO,PLANA ,AFIRMADO,,,,,EN PROCESO DE INVESTIGACIÓN,NO CUENTA CON CAUSA ESPECIFICA,15.0,0,2022.0,6.0,2.0,0,2,2,1,0.0,0.0,1.0,1.0,0,0,34.5,21.920310216782973,0,0,2,0.0,0.0,0