CODIGO_SINIESTRO,FECHA_SINIESTRO,HORA_SINIESTRO,CLASE_SINIESTRO,CANTIDAD_FALLECIDOS,CANTIDAD_LESIONADOS,CANTIDAD_VEHICULOS,DEPARTAMENTO,PROVINCIA,DISTRITO,ZONA,TIPO_VIA,RED_VIAL,COD_CARRETERA,LATITUD,LONGITUD,CONDICION_CLIMATICA,ZONIFICACION,CARACTERISTICAS_VIA,PERFIL_VIA,SUPERFICIE_CALZADA,EXISTE_SENIAL_VERTICAL,CLASIFICACION_SENIAL_VERTICAL_1,CLASIFICACION_SENIAL_VERTICAL_2,EXISTE_SENIAL_HORIZONTAL,CAUSA_FACTOR_PRINCIPAL,CAUSA_ESPECIFICA,HORA,severidad,ANIO,MES,DIA_SEMANA,FIN_SEMANA,FRANJA_HORARIA,TEMPORADA,MACROREGION,TIPO_VIA_SCORE,PERFIL_VIA_SCORE,SUPERFICIE_CALZADA_SCORE,RIESGO_INFRAESTRUCTURA,RIESGO_CLIMATICO,SENIALIZACION_DEFICIENTE,EDAD_PROMEDIO,EDAD_STD,TOTAL_ALCOHOL,TOTAL_LICENCIA,TOTAL_PERSONAS,PCT_ALCOHOL,PCT_LICENCIA,ES_NOCHE
A-2022-06-259,2022-06-15,15:28,ATROPELLO,1,0,2,LIMA,HUARAL,CHANCAY,RURAL,CARRETERA,NACIONAL,PE-1N,-11.458679036780996,-77.31875178714486,DESPEJADO,RURAL,TRAMO RECTO,PLANA ,ASFALTADA,,,,,IMPRUDENCIA DEL PEATÓN,CRUCE INDEBIDO POR LA CALZADA,15.0,0,2022.0,6.0,2.0,0,2,2,0,0.0,0.0,0.0,0.0,0,0,38.0,11.532562594670797,0,2,3,0.0,0.667,0
A-2022-06-140,2022-06-15,18:45,CHOQUE,1,4,0,PIURA,SECHURA,SECHURA,RURAL,CARRETERA,NACIONAL,PE-1N,-5.78526,-80.544164,DESPEJADO,RURAL,TRAMO RECTO,PLANA ,ASFALTADA,,,,,EN PROCESO DE INVESTIGACIÓN,NO CUENTA CON CAUSA ESPECIFICA,18.0,0,2022.0,6.0,2.0,0,3,2,0,0.0,0.0,0.0,0.0,0,0,35.5,22.81885185542866,0,2,6,0.0,0.333,1
A-2022-06-49,2022-06-15,19:35,CAÍDA DE PASAJERO,1,0,1,LA LIBERTAD,TRUJILLO,LA ESPERANZA,URBANA,AVENIDA,URBANO,NO CORRESPONDE,-8.065278,-79.051389,DESPEJADO,RURAL,TRAMO RECTO,PLANA ,ASFALTADA,,,,,IMPRUDENCIA DEL CONDUCTOR,GIRAR IMPRUDENTEMENTE,19.0,0,2022.0,6.0,2.0,0,3,2,0,1.0,0.0,0.0,1.0,0,0,55.0,26.870057685088806,0,1,2,0.0,0.5,1
A-2022-06-211,2022-06-16,01:30,ATROPELLO,1,0,0,LIMA,LIMA,LIMA,URBANA,AVENIDA,URBANO,NO CORRESPONDE,-12.046333953794337,-77.03760797824974,DESPEJADO,COMERCIAL,INTERSECCIÓN,PLANA ,ASFALTADA,,,,,EN PROCESO DE INVESTIGACIÓN,NO CUENTA CON CAUSA ESPECIFICA,1.0,0,2022.0,6.0,3.0,0,0,2,0,1.0,0.0,0.0,1.0,0,0,39.0,0.0,0,1,2,0.0,0.5,1
A-2022-06-24,2022-06-16,06:00,ATROPELLO FUGA,1,0,0,PUNO,YUNGUYO,YUNGUYO,RURAL,CARRETERA,DEPARTAMENTAL,PU-130,-16.258400704092622,-69.08021143112062,,,,,,,,,,EN PROCESO DE INVESTIGACIÓN,NO CUENTA CON CAUSA ESPECIFICA,6.0,0,2022.0,6.0,3.0,0,1,2,1,0.0,1.0,1.0,2.0,0,0,71.0,0.0,0,0,2,0.0,0.0,0
A-2022-06-210,2022-06-16,09:00,ATROPELLO,1,0,0,LIMA,LIMA,VILLA EL SALVADOR,URBANA,AVENIDA,URBANO,NO CORRESPONDE,-12.21726631503372,-76.95483501942381,DESPEJADO,INDUSTRIAL,INTERSECCIÓN,PLANA ,ASFALTADA,,,,,EN PROCESO DE INVESTIGACIÓN,NO CUENTA CON CAUSA ESPECIFICA,9.0,0,2022.0,6.0,3.0,0,1,2,0,1.0,0.0,0.0,1.0,0,0,60.5,31.81980515339464,0,0,2,0.0,0.0,0
A-2022-06-231,2022-06-16,09:45,CAÍDA DE PASAJERO,1,0,0,JUNIN,SATIPO,PANGOA,RURAL,CARRETERA,NACIONAL,PE-28C,-11.42430245600796,-74.49028730392457,,,,,,,,,,EN PROCESO DE INVESTIGACIÓN,NO CUENTA CON CAUSA ESPECIFICA,9.0,0,2022.0,6.0,3.0,0,1,2,1,0.0,1.0,1.0,2.0,0,0,28.5,3.5355339059327378,0,1,2,0.0,0.5,0
A-2022-06-25,2022-06-16,11:30,ATROPELLO,1,0,0,PUNO,EL COLLAO,ILAVE,RURAL,CARRETERA,NACIONAL,PE-3S,-16.09321098083501,-69.62685221545878,DESPEJADO,RURAL,TRAMO RECTO,PLANA ,ASFALTADA,,,,,IMPRUDENCIA DEL PEATÓN,CRUCE INDEBIDO POR LA CALZADA,11.0,0,2022.0,6.0,3.0,0,1,2,1,0.0,0.0,0.0,0.0,0,0,60.0,41.012193308819754,0,1,2,0.0,0.5,0
A-2022-06-106,2022-06-16,16:00,CHOQUE,1,3,2,TACNA,TACNA,POCOLLAY,URBANA,AVENIDA,URBANO,NO CORRESPONDE,-18.002333674957978,-70.23126589798524,DESPEJADO,INDUSTRIAL,TRAMO RECTO,PLANA ,ASFALTADA,NO,,,SI,IMPRUDENCIA DEL CONDUCTOR,EXCESO DE VELOCIDAD,16.0,0,2022.0,6.0,3.0,0,2,2,0,1.0,0.0,0.0,1.0,0,1,25.5,20.15771151032114,0,1,4,0.0,0.25,0
A-2022-06-243,2022-06-16,22:00,DESPISTE,1,0,1,PIURA,SULLANA,MARCAVELICA,RURAL,CARRETERA,SIN CLASIFICAR,SIN CLASIFICAR,-4.848,-80.809,DESPEJADO,RURAL,TRAMO RECTO,PLANA ,AFIRMADO,,,,,EN PROCESO DE INVESTIGACIÓN,NO CUENTA CON CAUSA ESPECIFICA,22.0,0,2022.0,6.0,3.0,0,3,2,0,0.0,0.0,1.0,1.0,0,0,17.0,0.0,0,0,1,0.0,0.0,1
A-2022-06-46,2022-06-17,01:55,ATROPELLO FUGA,1,0,1,AREQUIPA,AREQUIPA,UCHUMAYO,URBANA,CARRETERA,NACIONAL,PE-34A,-16.4076046,-71.6069105,DESPEJADO,COMERCIAL,TRAMO RECTO,PLANA ,ASFALTADA,NO,,,SI,EN PROCESO DE INVESTIGACIÓN,NO CUENTA CON CAUSA ESPECIFICA,1.0,0,2022.0,6.0,4.0,0,0,2,0,0.0,0.0,0.0,0.0,0,1,34.0,0.0,0,0,2,0.0,0.0,1
A-2022-06-250,2022-06-17,02:15,ATROPELLO,1,0,0,JUNIN,JUNIN,JUNIN,URBANA,CARRETERA,NACIONAL,PE-3N,-11.15606437107398,-75.98931021088528,DESPEJADO,INDUSTRIAL,TRAMO RECTO,PLANA ,TROCHA,,,,,IMPRUDENCIA DEL CONDUCTOR,OTRO (IMPRUDENCIA DEL CONDUCTOR),2.0,0,2022.0,6.0,4.0,0,0,2,1,0.0,0.0,2.0,2.0,0,0,12.0,12.727922061357855,0,0,2,0.0,0.0,1
A-2022-06-209,2022-06-17,03:00,ATROPELLO,1,0,0,LIMA,LIMA,LA VICTORIA,URBANA,JIRÓN,URBANO,NO CORRESPONDE,-12.068372708633628,-77.00970762382875,DESPEJADO,COMERCIAL,TRAMO RECTO,PLANA ,ASFALTADA,,,,,EN PROCESO DE INVESTIGACIÓN,NO CUENTA CON CAUSA ESPECIFICA,3.0,0,2022.0,6.0,4.0,0,0,2,0,1.0,0.0,0.0,1.0,0,0,66.0,0.0,0,1,2,0.0,0.5,1
A-2022-06-78,2022-06-17,04:20,ATROPELLO,2,0,0,LAMBAYEQUE,LAMBAYEQUE,SALAS,RURAL,CARRETERA,DEPARTAMENTAL,LA-102,-6.2474882,-79.547554,NIEBLA,RURAL,OTRO,INCLINADA,AFIRMADO,,,,,EN PROCESO DE INVESTIGACIÓN,NO CUENTA CON CAUSA ESPECIFICA,4.0,1,2022.0,6.0,4.0,0,0,2,0,0.0,1.0,1.0,2.0,0,0,27.0,0.0,0,1,2,0.0,0.5,1
A-2022-06-51,2022-06-17,09:40,CHOQUE,1,0,2,LA LIBERTAD,TRUJILLO,LA ESPERANZA,URBANA,AVENIDA,URBANO,NO CORRESPONDE,-8.051105,-79.056524,DESPEJADO,INDUSTRIAL,INTERSECCIÓN,PLANA ,ASFALTADA,,,,,IMPRUDENCIA DEL CONDUCTOR,OTRO (IMPRUDENCIA DEL CONDUCTOR),9.0,0,2022.0,6.0,4.0,0,1,2,0,1.0,0.0,0.0,1.0,0,0,27.5,7.7781745930520225,0,1,2,0.0,0.5,0
A-2022-06-187,2022-06-17,14:15,ATROPELLO,1,0,0,AYACUCHO,HUAMANGA,VINCHOS,RURAL,CARRETERA,PROVINCIAL,AY-810,-13.245492,-74.357465,NUBLADO,RURAL,TRAMO RECTO,PLANA ,ASFALTADA,,,,,IMPRUDENCIA DEL CONDUCTOR,EXCESO DE VELOCIDAD,14.0,0,2022.0,6.0,4.0,0,2,2,1,0.0,0.0,0.0,0.0,0,0,16.5,14.849242404917497,0,1,2,0.0,0.5,0
A-2022-06-108,2022-06-17,17:50,CHOQUE,1,0,2,TACNA,TACNA,CIUDAD NUEVA,RURAL,CARRETERA,NACIONAL,PE-38,-17.85870663852436,-70.23456561578813,DESPEJADO,RURAL,TRAMO RECTO,PLANA ,ASFALTADA,,,,,IMPRUDENCIA DEL CONDUCTOR,CONDUCIR EN SENTIDO CONTRARIO,17.0,0,2022.0,6.0,4.0,0,2,2,0,0.0,0.0,0.0,0.0,0,0,51.5,0.7071067811865476,0,1,2,0.0,0.5,0
A-2022-06-70,2022-06-17,19:50,ATROPELLO FUGA,1,0,1,LAMBAYEQUE,CHICLAYO,PIMENTEL,URBANA,CARRETERA,DEPARTAMENTAL,LA-109,-6.769098,-79.905787,DESPEJADO,RURAL,TRAMO RECTO,PLANA ,ASFALTADA,,,,,EN PROCESO DE INVESTIGACIÓN,NO CUENTA CON CAUSA ESPECIFICA,19.0,0,2022.0,6.0,4.0,0,3,2,0,0.0,0.0,0.0,0.0,0,0,54.0,0.0,0,0,2,0.0,0.0,1
A-2022-06-107,2022-06-18,04:30,CHOQUE,1,0,0,TACNA,TACNA,TACNA,URBANA,AVENIDA,URBANO,NO CORRESPONDE,-17.99720725083975,-70.24022663662474,DESPEJADO,COMERCIAL,TRAMO RECTO,PLANA ,ASFALTADA,,,,,IMPRUDENCIA DEL CONDUCTOR,CONDUCIR EN ESTADO DE EBRIEDAD Y/O DROGADICCIÓN,4.0,0,2022.0,6.0,5.0,1,0,2,0,1.0,0.0,0.0,1.0,0,0,35.0,7.0710678118654755,0,2,2,0.0,1.0,1
A-2022-06-232,2022-06-18,05:20,CHOQUE,2,0,0,JUNIN,CHANCHAMAYO,PERENE,RURAL,CARRETERA,NACIONAL,PE-5S,-10.89247525,-74.9201046,,,,,,,,,,EN PROCESO DE INVESTIGACIÓN,NO CUENTA CON CAUSA ESPECIFICA,5.0,1,2022.0,6.0,5.0,1,0,2,1,0.0,1.0,1.0,2.0,0,0,35.0,5.0,0,1,3,0.0,0.333,1
A-2022-06-206,2022-06-18,06:15,CHOQUE,1,1,0,LIMA,LIMA,ANCON,URBANA,CARRETERA,NACIONAL,PE-1N,-11.783713693158605,-77.15584501205656,DESPEJADO,INDUSTRIAL,TRAMO RECTO,PLANA ,ASFALTADA,,,,,EN PROCESO DE INVESTIGACIÓN,NO CUENTA CON CAUSA ESPECIFICA,6.0,0,2022.0,6.0,5.0,1,1,2,0,0.0,0.0,0.0,0.0,0,0,32.666666666666664,10.016652800877814,0,2,3,0.0,0.667,0
A-2022-06-173,2022-06-18,06:45,CHOQUE,2,0,0,ANCASH,CASMA,CASMA,RURAL,CARRETERA,NACIONAL,PE-1N,-9.537932192874925,-78.27469914507645,DESPEJADO,RURAL,TRAMO RECTO,PLANA ,ASFALTADA,,,,,EN PROCESO DE INVESTIGACIÓN,NO CUENTA CON CAUSA ESPECIFICA,6.0,1,2022.0,6.0,5.0,1,1,2,0,0.0,0.0,0.0,0.0,0,0,37.0,5.5677643628300215,0,2,3,0.0,0.667,0
A-2022-06-28,2022-06-18,08:40,ATROPELLO,1,0,0,PUNO,EL COLLAO,ILAVE,RURAL,CARRETERA,NACIONAL,PE-38A,-16.2790519,-69.685407,DESPEJADO,RURAL,TRAMO RECTO,PLANA ,ASFALTADA,,,,,IMPRUDENCIA DEL PEATÓN,CRUCE INDEBIDO POR LA CALZADA,8.0,0,2022.0,6.0,5.0,1,1,2,1,0.0,0.0,0.0,0.0,0,0,47.0,8.48528137423857,0,1,2,0.0,0.5,0
A-2022-06-205,2022-06-18,09:00,ATROPELLO,1,0,0,LIMA,LIMA,SAN MARTIN DE PORRES,URBANA,AVENIDA,URBANO,NO CORRESPONDE,-12.024429804425798,-77.05142673371772,DESPEJADO,COMERCIAL,TRAMO RECTO,PLANA ,ASFALTADA,,,,,EN PROCESO DE INVESTIGACIÓN,NO CUENTA CON CAUSA ESPECIFICA,9.0,0,2022.0,6.0,5.0,1,1,2,0,1.0,0.0,0.0,1.0,0,0,67.0,22.627416997969522,0,1,2,0.0,0.5,0
A-2022-06-56,2022-06-18,09:00,ATROPELLO,1,0,0,CUSCO,CUSCO,SAN SEBASTIAN,URBANA,CALLE,URBANO,NO CORRESPONDE,-13.5356522,-71.91255119,SOLEADO,COMERCIAL,CURVA,INCLINADA,ASFALTADA,,,,,IMPRUDENCIA DEL PEATÓN,ESTADO DE EBRIEDAD Y/O DROGADICCIÓN,9.0,0,2022.0,6.0,5.0,1,1,2,1,2.0,1.0,0.0,3.0,0,0,44.5,19.091883092036785,1,1,2,0.5,0.5,0
A-2022-06-55,2022-06-18,12:30,CHOQUE,1,0,2,CUSCO,URUBAMBA,CHINCHERO,URBANA,AVENIDA,URBANO,NO CORRESPONDE,-13.3871105,-72.05405809,DESPEJADO,RURAL,TRAMO RECTO,PLANA ,ASFALTADA,,,,,IMPRUDENCIA DEL CONDUCTOR,GIRAR IMPRUDENTEMENTE,12.0,0,2022.0,6.0,5.0,1,2,2,1,1.0,0.0,0.0,1.0,0,0,57.0,5.656854249492381,0,2,2,0.0,1.0,0
A-2022-06-207,2022-06-18,20:20,ATROPELLO,1,0,0,LIMA,LIMA,SANTA ANITA,URBANA,AVENIDA,URBANO,NO CORRESPONDE,-12.036155960337483,-76.9605749077203,DESPEJADO,COMERCIAL,TRAMO RECTO,PLANA ,ASFALTADA,,,,,EN PROCESO DE INVESTIGACIÓN,NO CUENTA CON CAUSA ESPECIFICA,20.0,0,2022.0,6.0,5.0,1,3,2,0,1.0,0.0,0.0,1.0,0,0,58.5,20.506096654409877,0,1,2,0.0,0.5,1
A-2022-06-227,2022-06-18,20:30,ATROPELLO FUGA,1,0,0,JUNIN,JAUJA,PARCO,URBANA,CARRETERA,NACIONAL,PE-3S,-11.8000124,-75.543203,DESPEJADO,RURAL,TRAMO RECTO,PLANA ,CONCRETO,,,,,EN PROCESO DE INVESTIGACIÓN,NO CUENTA CON CAUSA ESPECIFICA,20.0,0,2022.0,6.0,5.0,1,3,2,1,0.0,0.0,0.0,0.0,0,0,65.0,0.0,0,0,2,0.0,0.0,1
A-2022-06-65,2022-06-18,22:00,DESPISTE,1,0,1,CUSCO,ANTA,CHINCHAYPUJIO,RURAL,CARRETERA,NACIONAL,PE-3SF,-13.6905237,-72.3205757,DESPEJADO,RURAL,CURVA,INCLINADA,ASFALTADA,SI,PREVENTIVA (P),,NO,IMPRUDENCIA DEL CONDUCTOR,FATIGA Y/O CANSANCIO,22.0,0,2022.0,6.0,5.0,1,3,2,1,0.0,1.0,0.0,1.0,0,1,53.0,0.0,0,1,1,0.0,1.0,1
A-2022-06-208,2022-06-18,23:00,ATROPELLO,1,0,0,LIMA,LIMA,SAN JUAN DE LURIGANCHO,URBANA,AVENIDA,URBANO,NO CORRESPONDE,-12.016034926909466,-76.96553167222483,DESPEJADO,COMERCIAL,INTERSECCIÓN,PLANA ,ASFALTADA,,,,,EN PROCESO DE INVESTIGACIÓN,NO CUENTA CON CAUSA ESPECIFICA,23.0,0,2022.0,6.0,5.0,1,3,2,0,1.0,0.0,0.0,1.0,0,0,28.0,0.0,0,1,2,0.0,0.5,1
A-2022-06-226,2022-06-18,23:00,ATROPELLO FUGA,1,0,0,JUNIN,CONCEPCION,CONCEPCION,URBANA,AVENIDA,URBANO,NO CORRESPONDE,-11.9036665389972,-75.3088812826849,DESPEJADO,RURAL,TRAMO RECTO,PLANA ,CONCRETO,,,,,EN PROCESO DE INVESTIGACIÓN,NO CUENTA CON CAUSA ESPECIFICA,23.0,0,2022.0,6.0,5.0,1,3,2,1,1.0,0.0,0.0,1.0,0,0,38.0,0.0,0,0,2,0.0,0.0,1
A-2022-06-71,2022-06-18,23:20,CHOQUE,1,0,2,LAMBAYEQUE,CHICLAYO,LAGUNAS,RURAL,CARRETERA,NACIONAL,PE-1N,-6.99424,-79.6189,DESPEJADO,INDUSTRIAL,TRAMO RECTO,PLANA ,ASFALTADA,,,,,EN PROCESO DE INVESTIGACIÓN,NO CUENTA CON CAUSA ESPECIFICA,23.0,0,2022.0,6.0,5.0,1,3,2,0,0.0,0.0,0.0,0.0,0,0,30.5,4.949747468305833,0,2,2,0.0,1.0,1
A-2022-06-246,2022-06-19,01:30,CHOQUE FUGA,1,0,1,PIURA,TALARA,PARIÑAS,RURAL,CARRETERA,NACIONAL,PE-1N,-4.58834299940658,-81.18214129984908,DESPEJADO,RURAL,TRAMO RECTO,PLANA ,AFIRMADO,,,,,EN PROCESO DE INVESTIGACIÓN,NO CUENTA CON CAUSA ESPECIFICA,1.0,0,2022.0,6.0,6.0,1,0,2,0,0.0,0.0,1.0,1.0,0,0,33.0,0.0,0,0,2,0.0,0.0,1
A-2022-06-204,2022-06-19,03:00,ATROPELLO FUGA,1,0,0,LIMA,LIMA,LURIGANCHO,URBANA,CARRETERA,NACIONAL,PE-22,-12.021297496382838,-76.92534142797355,DESPEJADO,COMERCIAL,CURVA,PLANA ,ASFALTADA,,,,,EN PROCESO DE INVESTIGACIÓN,NO CUENTA CON CAUSA ESPECIFICA,3.0,0,2022.0,6.0,6.0,1,0,2,0,0.0,0.0,0.0,0.0,0,0,0.0,0.0,0,0,2,0.0,0.0,1
A-2022-06-245,2022-06-19,03:00,DESPISTE,1,0,1,PIURA,SULLANA,MARCAVELICA,RURAL,CARRETERA,SIN CLASIFICAR,SIN CLASIFICAR,-4.858,-80.719,DESPEJADO,RURAL,TRAMO RECTO,PLANA ,AFIRMADO,,,,,EN PROCESO DE INVESTIGACIÓN,NO CUENTA CON CAUSA ESPECIFICA,3.0,0,2022.0,6.0,6.0,1,0,2,0,0.0,0.0,1.0,1.0,0,0,34.0,0.0,0,0,1,0.0,0.0,1
A-2022-06-47,2022-06-19,03:30,ATROPELLO FUGA,1,0,1,AREQUIPA,ISLAY,COCACHACRA,URBANA,CARRETERA,PROVINCIAL,AR-832,-17.09097401,-71.774955,DESPEJADO,RESIDENCIAL,TRAMO RECTO,PLANA ,ASFALTADA,NO,,,SI,EN PROCESO DE INVESTIGACIÓN,NO CUENTA CON CAUSA ESPECIFICA,3.0,0,2022.0,6.0,6.0,1,0,2,0,0.0,0.0,0.0,0.0,0,1,50.0,0.0,0,0,2,0.0,0.0,1
A-2022-06-52,2022-06-19,03:30,CHOQUE,1,0,2,LA LIBERTAD,VIRU,CHAO,RURAL,CARRETERA,NACIONAL,PE-1N,-8.500596,-78.69027,DESPEJADO,RURAL,TRAMO RECTO,PLANA ,ASFALTADA,,,,,EN PROCESO DE INVESTIGACIÓN,NO CUENTA CON CAUSA ESPECIFICA,3.0,0,2022.0,6.0,6.0,1,0,2,0,0.0,0.0,0.0,0.0,0,0,46.0,21.213203435596427,0,1,2,0.0,0.5,1
A-2022-06-109,2022-06-19,04:35,ATROPELLO FUGA,1,0,0,TACNA,TACNA,LA YARADA LOS PALOS,RURAL,CARRETERA,PROVINCIAL,TA-642,-18.21716226592353,-70.41215051585328,DESPEJADO,COMERCIAL,TRAMO RECTO,PLANA ,ASFALTADA,,,,,IMPRUDENCIA DEL PEATÓN,ESTADO DE EBRIEDAD Y/O DROGADICCIÓN,4.0,0,2022.0,6.0,6.0,1,0,2,0,0.0,0.0,0.0,0.0,0,0,50.0,0.0,0,0,2,0.0,0.0,1
A-2022-06-180,2022-06-19,05:30,DESPISTE,1,0,1,HUANUCO,PACHITEA,PANAO,RURAL,CARRETERA,NACIONAL,PE-18B,-9.904127,-76.005707,DESPEJADO,RURAL,CURVA,INCLINADA,TROCHA,,,,,IMPRUDENCIA DEL CONDUCTOR,EXCESO DE VELOCIDAD,5.0,0,2022.0,6.0,6.0,1,0,2,1,0.0,1.0,2.0,3.0,0,0,18.0,0.0,0,0,1,0.0,0.0,1
A-2022-06-203,2022-06-19,06:00,ATROPELLO FUGA,1,0,0,LIMA,LIMA,LA VICTORIA,URBANA,AVENIDA,URBANO,NO CORRESPONDE,-12.064422548495145,-77.02776426791546,DESPEJADO,COMERCIAL,INTERSECCIÓN,PLANA ,ASFALTADA,,,,,EN PROCESO DE INVESTIGACIÓN,NO CUENTA CON CAUSA ESPECIFICA,6.0,0,2022.0,6.0,6.0,1,1,2,0,1.0,0.0,0.0,1.0,0,0,65.0,0.0,0,0,2,0.0,0.0,0
A-2022-06-74,2022-06-19,06:45,CHOQUE,2,0,2,CUSCO,CANAS,KUNTURKANKI,RURAL,CARRETERA,PROVINCIAL,CU-1779,-14.5847989,-71.3796144,DESPEJADO,RURAL,SINUOSA,INCLINADA,ASFALTADA,SI,PREVENTIVA (P),,SI,IMPRUDENCIA DEL CONDUCTOR,INVASIÓN DE CARRIL,6.0,1,2022.0,6.0,6.0,1,1,2,1,0.0,1.0,0.0,1.0,0,0,35.333333333333336,13.79613472438325,0,2,3,0.0,0.667,0
A-2022-06-39,2022-06-19,07:20,CHOQUE,1,1,2,SAN MARTIN,RIOJA,ELIAS SOPLIN VARGAS,RURAL,CARRETERA,NACIONAL,PE-5N,-5.999937,-77.264614,DESPEJADO,RURAL,TRAMO RECTO,PLANA ,ASFALTADA,,,,,IMPRUDENCIA DEL CONDUCTOR,INVASIÓN DE CARRIL,7.0,0,2022.0,6.0,6.0,1,1,2,2,0.0,0.0,0.0,0.0,0,0,25.0,15.588457268119896,0,1,3,0.0,0.333,0
A-2022-06-141,2022-06-19,07:40,DESPISTE,2,2,1,LIMA,CAJATAMBO,CAJATAMBO,RURAL,CARRETERA,NACIONAL,PE-16A,-10.464184170789936,-77.07241705154529,DESPEJADO,RURAL,TRAMO RECTO,INCLINADA,ASFALTADA,,,,,EN PROCESO DE INVESTIGACIÓN,NO CUENTA CON CAUSA ESPECIFICA,7.0,1,2022.0,6.0,6.0,1,1,2,0,0.0,1.0,0.0,1.0,0,0,20.25,15.063753405664428,0,0,4,0.0,0.0,0
A-2022-06-63,2022-06-19,09:30,ATROPELLO,1,0,0,CUSCO,CUSCO,SAN JERONIMO,URBANA,OTRO,URBANO,NO CORRESPONDE,-13.549759,-71.870686564,DESPEJADO,RESIDENCIAL,INTERSECCIÓN,PLANA ,AFIRMADO,,,,,EN PROCESO DE INVESTIGACIÓN,NO CUENTA CON CAUSA ESPECIFICA,9.0,0,2022.0,6.0,6.0,1,1,2,1,2.0,0.0,1.0,3.0,0,0,44.5,4.949747468305833,1,1,2,0.5,0.5,0
A-2022-06-143,2022-06-19,20:30,CHOQUE,1,0,2,CUSCO,LA CONVENCION,ECHARATE,RURAL,CARRETERA,NACIONAL,PE-28B,-12.649021047920526,-73.0487232648291,DESPEJADO,RURAL,TRAMO RECTO,PLANA ,ASFALTADA,,,,,IMPRUDENCIA DEL CONDUCTOR,OTRO (IMPRUDENCIA DEL CONDUCTOR),20.0,0,2022.0,6.0,6.0,1,3,2,1,0.0,0.0,0.0,0.0,0,0,49.5,23.33452377915607,0,0,2,0.0,0.0,1
A-2022-06-53,2022-06-19,21:00,CHOQUE,1,0,2,LA LIBERTAD,PACASMAYO,GUADALUPE,RURAL,CARRETERA,NACIONAL,PE-1N,-7.250215,-79.479839,DESPEJADO,RURAL,TRAMO RECTO,PLANA ,ASFALTADA,,,,,IMPRUDENCIA DEL CONDUCTOR,CONDUCIR EN SENTIDO CONTRARIO,21.0,0,2022.0,6.0,6.0,1,3,2,0,0.0,0.0,0.0,0.0,0,0,38.0,9.899494936611665,0,1,2,0.0,0.5,1
A-2022-06-59,2022-06-19,21:20,ATROPELLO,1,1,1,SAN MARTIN,RIOJA,NUEVA CAJAMARCA,RURAL,CARRETERA,NACIONAL,PE-5N,-5.869872,-77.343031,DESPEJADO,RURAL,TRAMO RECTO,INCLINADA,ASFALTADA,,,,,IMPRUDENCIA DEL PEATÓN,OTRO (IMPRUDENCIA DEL PEATÓN),21.0,0,2022.0,6.0,6.0,1,3,2,2,0.0,1.0,0.0,1.0,0,0,37.5,21.920310216782973,0,1,2,0.0,0.5,1
A-2022-06-89,2022-06-19,21:45,DESPISTE,1,0,1,LA LIBERTAD,PACASMAYO,JEQUETEPEQUE,RURAL,CARRETERA,PROVINCIAL,LI-570,-7.341714166038781,-79.57497508175518,DESPEJADO,RURAL,TRAMO RECTO,PLANA ,ASFALTADA,,,,,EN PROCESO DE INVESTIGACIÓN,NO CUENTA CON CAUSA ESPECIFICA,21.0,0,2022.0,6.0,6.0,1,3,2,0,0.0,0.0,0.0,0.0,0,0,39.0,0.0,0,0,1,0.0,0.0,1
A-2022-06-202,2022-06-19,22:50,ATROPELLO FUGA,1,0,0,LIMA,LIMA,PUENTE PIEDRA,URBANA,CARRETERA,NACIONAL,PE-1N,-11.848859643195157,-77.09430987844938,DESPEJADO,COMERCIAL,TRAMO RECTO,PLANA ,ASFALTADA,,,,,EN PROCESO DE INVESTIGACIÓN,NO CUENTA CON CAUSA ESPECIFICA,22.0,0,2022.0,6.0,6.0,1,3,2,0,0.0,0.0,0.0,0.0,0,0,49.0,0.0,0,0,2,0.0,0.0,1
A-2022-06-91,2022-06-20,02:40,DESPISTE,1,0,1,LA LIBERTAD,TRUJILLO,HUANCHACO,RURAL,CARRETERA,PROVINCIAL,LI-725,-8.071428,-79.11348,DESPEJADO,RURAL,TRAMO RECTO,PLANA ,AFIRMADO,,,,,IMPRUDENCIA DEL CONDUCTOR,FATIGA Y/O CANSANCIO,2.0,0,2022.0,6.0,0.0,0,0,2,0,0.0,0.0,1.0,1.0,0,0,33.0,0.0,0,0,1,0.0,0.0,1
A-2022-06-254,2022-06-20,05:00,ATROPELLO FUGA,1,0,0,MADRE DE DIOS,TAMBOPATA,INAMBARI,URBANA,CARRETERA,NACIONAL,PE-30C,-12.884931,-70.024299,,,,,,,,,,EN PROCESO DE INVESTIGACIÓN,NO CUENTA CON CAUSA ESPECIFICA,5.0,0,2022.0,6.0,0.0,0,0,2,2,0.0,1.0,1.0,2.0,0,0,64.0,0.0,0,0,2,0.0,0.0,1
A-2022-06-88,2022-06-20,08:00,DESPISTE,1,0,1,LA LIBERTAD,TRUJILLO,SIMBAL,RURAL,CARRETERA,DEPARTAMENTAL,LI-105,-7.985533901139937,-78.81865653733371,DESPEJADO,RURAL,TRAMO RECTO,PLANA ,ASFALTADA,,,,,IMPRUDENCIA DEL CONDUCTOR,OTRO (IMPRUDENCIA DEL CONDUCTOR),8.0,0,2022.0,6.0,0.0,0,1,2,0,0.0,0.0,0.0,0.0,0,0,46.0,0.0,0,0,1,0.0,0.0,0