CODIGO_SINIESTRO,FECHA_SINIESTRO,HORA_SINIESTRO,CLASE_SINIESTRO,CANTIDAD_FALLECIDOS,CANTIDAD_LESIONADOS,CANTIDAD_VEHICULOS,DEPARTAMENTO,PROVINCIA,DISTRITO,ZONA,TIPO_VIA,RED_VIAL,COD_CARRETERA,LATITUD,LONGITUD,CONDICION_CLIMATICA,ZONIFICACION,CARACTERISTICAS_VIA,PERFIL_VIA,SUPERFICIE_CALZADA,EXISTE_SENIAL_VERTICAL,CLASIFICACION_SENIAL_VERTICAL_1,CLASIFICACION_SENIAL_VERTICAL_2,EXISTE_SENIAL_HORIZONTAL,CAUSA_FACTOR_PRINCIPAL,CAUSA_ESPECIFICA,HORA,severidad,ANIO,MES,DIA_SEMANA,FIN_SEMANA,FRANJA_HORARIA,TEMPORADA,MACROREGION,TIPO_VIA_SCORE,PERFIL_VIA_SCORE,SUPERFICIE_CALZADA_SCORE,RIESGO_INFRAESTRUCTURA,RIESGO_CLIMATICO,SENIALIZACION_DEFICIENTE,EDAD_PROMEDIO,EDAD_STD,TOTAL_ALCOHOL,TOTAL_LICENCIA,TOTAL_PERSONAS,PCT_ALCOHOL,PCT_LICENCIA,ES_NOCHE
A-2022-06-169,2022-06-20,12:40,DESPISTE,1,3,1,PUNO,LAMPA,PUCARA,RURAL,CARRETERA,PROVINCIAL,PU-727,-15.032705234222194,-70.38025257163025,DESPEJADO,RURAL,TRAMO RECTO,PLANA ,TROCHA,,,,,IMPERICIA DEL CONDUCTOR,,12.0,0,2022.0,6.0,0.0,0,2,2,1,0.0,0.0,2.0,2.0,0,0,20.0,16.69331203406522,0,0,4,0.0,0.0,0
A-2022-06-73,2022-06-20,16:00,ATROPELLO,1,0,1,CUSCO,ESPINAR,COPORAQUE,RURAL,CARRETERA,SIN CLASIFICAR,SIN CLASIFICAR,-14.7186887,-71.587381,DESPEJADO,RURAL,TRAMO RECTO,PLANA ,TROCHA,,,,,IMPERICIA DEL CONDUCTOR,,16.0,0,2022.0,6.0,0.0,0,2,2,1,0.0,0.0,2.0,2.0,0,0,38.5,28.991378028648448,0,0,2,0.0,0.0,0
A-2022-06-148,2022-06-20,20:00,DESPISTE,1,6,1,PIURA,HUANCABAMBA,HUARMACA,RURAL,CARRETERA,NACIONAL,PE-3N,-5.787842,-79.445615,DESPEJADO,RURAL,CURVA,INCLINADA,TROCHA,SI,PREVENTIVA (P),,NO,IMPRUDENCIA DEL CONDUCTOR,FATIGA Y/O CANSANCIO,20.0,0,2022.0,6.0,0.0,0,3,2,0,0.0,1.0,2.0,3.0,0,1,24.571428571428573,17.643290914274306,0,1,7,0.0,0.143,1
A-2022-06-35,2022-06-20,20:23,DESPISTE,1,0,1,ICA,ICA,ICA,URBANA,AVENIDA,URBANO,NO CORRESPONDE,-14.069268,-75.735427,DESPEJADO,RESIDENCIAL,TRAMO RECTO,PLANA ,ASFALTADA,,,,,EN PROCESO DE INVESTIGACIÓN,NO CUENTA CON CAUSA ESPECIFICA,20.0,0,2022.0,6.0,0.0,0,3,2,0,1.0,0.0,0.0,1.0,0,0,27.0,0.0,0,1,1,0.0,1.0,1
A-2022-06-199,2022-06-21,00:30,ATROPELLO FUGA,1,0,0,LIMA,LIMA,SAN JUAN DE MIRAFLORES,URBANA,CARRETERA,NACIONAL,PE-1S,-12.14478,-76.98172,DESPEJADO,INDUSTRIAL,TRAMO RECTO,PLANA ,ASFALTADA,,,,,EN PROCESO DE INVESTIGACIÓN,NO CUENTA CON CAUSA ESPECIFICA,0.0,0,2022.0,6.0,1.0,0,0,2,0,0.0,0.0,0.0,0.0,0,0,0.0,0.0,0,0,2,0.0,0.0,1
A-2022-06-90,2022-06-21,01:00,DESPISTE,1,0,1,LA LIBERTAD,TRUJILLO,LA ESPERANZA,URBANA,AVENIDA,URBANO,NO CORRESPONDE,-8.060037,-79.053188,DESPEJADO,COMERCIAL,TRAMO RECTO,PLANA ,ASFALTADA,,,,,EN PROCESO DE INVESTIGACIÓN,NO CUENTA CON CAUSA ESPECIFICA,1.0,0,2022.0,6.0,1.0,0,0,2,0,1.0,0.0,0.0,1.0,0,0,33.0,0.0,0,1,1,0.0,1.0,1
A-2022-06-200,2022-06-21,06:40,DESPISTE,1,0,0,LIMA,LIMA,LOS OLIVOS,URBANA,AVENIDA,URBANO,NO CORRESPONDE,-11.94995811643136,-77.0840424083373,DESPEJADO,COMERCIAL,TRAMO RECTO,PLANA ,ASFALTADA,,,,,EN PROCESO DE INVESTIGACIÓN,NO CUENTA CON CAUSA ESPECIFICA,6.0,0,2022.0,6.0,1.0,0,1,2,0,1.0,0.0,0.0,1.0,0,0,41.5,30.405591591021544,0,1,2,0.0,0.5,0
A-2022-06-144,2022-06-21,07:00,DESPISTE,1,0,1,PIURA,MORROPON,CHALACO,RURAL,CARRETERA,NACIONAL,PE-1NR,-5.021568,-79.734421,DESPEJADO,RURAL,TRAMO RECTO,INCLINADA,ASFALTADA,SI,REGULADORA (R),,NO,IMPRUDENCIA DEL CONDUCTOR,FATIGA Y/O CANSANCIO,7.0,0,2022.0,6.0,1.0,0,1,2,0,0.0,1.0,0.0,1.0,0,1,26.0,0.0,0,0,1,0.0,0.0,0
A-2022-06-118,2022-06-21,08:30,VOLCADURA,1,0,1,CAJAMARCA,CONTUMAZA,CHILETE,URBANA,CARRETERA,NACIONAL,PE-1NF,-7.226389,-78.838611,DESPEJADO,RURAL,TRAMO RECTO,INCLINADA,CONCRETO,,,,,EN PROCESO DE INVESTIGACIÓN,NO CUENTA CON CAUSA ESPECIFICA,8.0,0,2022.0,6.0,1.0,0,1,2,1,0.0,1.0,0.0,1.0,0,0,59.0,0.0,0,0,1,0.0,0.0,0
A-2022-06-120,2022-06-21,13:00,DESPISTE,4,0,1,CAJAMARCA,CHOTA,QUEROCOTO,RURAL,CARRETERA,PROVINCIAL,CA-827,-6.40471946,-79.04229594,DESPEJADO,RURAL,CURVA,INCLINADA,AFIRMADO,,,,,EN PROCESO DE INVESTIGACIÓN,NO CUENTA CON CAUSA ESPECIFICA,13.0,2,2022.0,6.0,1.0,0,2,2,1,0.0,1.0,1.0,2.0,0,0,31.0,2.943920288775949,0,0,5,0.0,0.0,0
A-2022-06-48,2022-06-21,14:00,CHOQUE,1,0,2,AREQUIPA,AREQUIPA,CERRO COLORADO,URBANA,AVENIDA,URBANO,NO CORRESPONDE,-16.393908,-71.570324,SOLEADO,RESIDENCIAL,INTERSECCIÓN,PLANA ,ASFALTADA,SI,REGULADORA (R),PREVENTIVA (P),NO,EN PROCESO DE INVESTIGACIÓN,NO CUENTA CON CAUSA ESPECIFICA,14.0,0,2022.0,6.0,1.0,0,2,2,0,1.0,0.0,0.0,1.0,0,1,32.5,13.435028842544403,0,1,2,0.0,0.5,0
A-2022-06-201,2022-06-21,15:50,CHOQUE,1,4,0,LIMA,LIMA,LOS OLIVOS,URBANA,AVENIDA,URBANO,NO CORRESPONDE,-11.962558666624766,-77.08060381638019,DESPEJADO,ESCOLAR,TRAMO RECTO,PLANA ,ASFALTADA,,,,,EN PROCESO DE INVESTIGACIÓN,NO CUENTA CON CAUSA ESPECIFICA,15.0,0,2022.0,6.0,1.0,0,2,2,0,1.0,0.0,0.0,1.0,0,0,30.666666666666668,13.50061726983869,0,1,7,0.0,0.143,0
A-2022-06-247,2022-06-21,19:20,ATROPELLO,1,1,1,LIMA,HUAURA,HUALMAY,URBANA,AVENIDA,URBANO,NO CORRESPONDE,-11.10017,-77.59648,DESPEJADO,RESIDENCIAL,TRAMO RECTO,PLANA ,ASFALTADA,,,,,IMPRUDENCIA DEL PEATÓN,CRUCE INDEBIDO POR LA CALZADA,19.0,0,2022.0,6.0,1.0,0,3,2,0,1.0,0.0,0.0,1.0,0,0,44.5,19.091883092036785,0,1,2,0.0,0.5,1
A-2022-06-100,2022-06-21,21:50,ATROPELLO,1,0,1,ICA,PISCO,TUPAC AMARU INCA,URBANA,CARRETERA,NACIONAL,PE-1S,-13.711096,-76.152763,DESPEJADO,RURAL,TRAMO RECTO,PLANA ,ASFALTADA,NO,,,NO,EN PROCESO DE INVESTIGACIÓN,NO CUENTA CON CAUSA ESPECIFICA,21.0,0,2022.0,6.0,1.0,0,3,2,0,0.0,0.0,0.0,0.0,0,2,40.5,27.577164466275352,0,1,2,0.0,0.5,1
A-2022-06-248,2022-06-22,05:30,VOLCADURA,1,0,1,JUNIN,CHANCHAMAYO,SAN RAMON,RURAL,CARRETERA,NACIONAL,PE-22B,-11.165122927351826,-75.42829321203547,DESPEJADO,RURAL,CURVA,PLANA ,ASFALTADA,,,,,IMPRUDENCIA DEL CONDUCTOR,FATIGA Y/O CANSANCIO,5.0,0,2022.0,6.0,2.0,0,0,2,1,0.0,0.0,0.0,0.0,0,0,46.0,0.0,0,1,1,0.0,1.0,1
A-2022-06-235,2022-06-22,19:00,ATROPELLO FUGA,1,0,1,PIURA,SECHURA,BERNAL,URBANA,CARRETERA,PROVINCIAL,PI-1040,-5.44840666,-80.739346,DESPEJADO,ESCOLAR,TRAMO RECTO,PLANA ,ASFALTADA,,,,,IMPRUDENCIA DEL CONDUCTOR,EXCESO DE VELOCIDAD,19.0,0,2022.0,6.0,2.0,0,3,2,0,0.0,0.0,0.0,0.0,0,0,42.5,20.506096654409877,0,1,2,0.0,0.5,1
A-2022-06-168,2022-06-22,21:29,CHOQUE,1,0,0,PIURA,SECHURA,SECHURA,URBANA,CARRETERA,PROVINCIAL,PI-1058,-5.56785432265989,-80.8144296580371,DESPEJADO,RURAL,INTERSECCIÓN,PLANA ,ASFALTADA,NO,,,SI,IMPRUDENCIA DEL CONDUCTOR,OTRO (IMPRUDENCIA DEL CONDUCTOR),21.0,0,2022.0,6.0,2.0,0,3,2,0,0.0,0.0,0.0,0.0,0,1,37.5,33.23401871576773,0,1,2,0.0,0.5,1
A-2022-06-102,2022-06-23,01:30,DESPISTE,1,1,0,ICA,PISCO,PISCO,URBANA,AVENIDA,URBANO,NO CORRESPONDE,-13.717682,-76.194882,DESPEJADO,COMERCIAL,CURVA,PLANA ,ASFALTADA,,,,,EN PROCESO DE INVESTIGACIÓN,NO CUENTA CON CAUSA ESPECIFICA,1.0,0,2022.0,6.0,3.0,0,0,2,0,1.0,0.0,0.0,1.0,0,0,34.5,7.7781745930520225,0,0,2,0.0,0.0,1
A-2022-06-41,2022-06-23,06:19,CHOQUE,1,0,0,PUNO,EL COLLAO,PILCUYO,RURAL,CARRETERA,DEPARTAMENTAL,PU-127,-16.098306,-69.547939,DESPEJADO,RURAL,TRAMO RECTO,PLANA ,ASFALTADA,,,,,IMPRUDENCIA DEL CONDUCTOR,CONDUCIR EN SENTIDO CONTRARIO,6.0,0,2022.0,6.0,3.0,0,1,2,1,0.0,0.0,0.0,0.0,0,0,20.0,0.0,0,0,2,0.0,0.0,0
A-2022-06-149,2022-06-23,06:30,DESPISTE,1,1,0,PIURA,PIURA,CURA MORI,RURAL,CARRETERA,NACIONAL,PE-1N,-5.39432110512937,-80.6138139425431,DESPEJADO,RURAL,TRAMO RECTO,PLANA ,AFIRMADO,,,,,EN PROCESO DE INVESTIGACIÓN,NO CUENTA CON CAUSA ESPECIFICA,6.0,0,2022.0,6.0,3.0,0,1,2,0,0.0,0.0,1.0,1.0,0,0,36.0,0.0,0,0,3,0.0,0.0,0
A-2022-06-150,2022-06-23,13:30,CHOQUE,1,0,0,PIURA,PIURA,PIURA,URBANA,CARRETERA,NACIONAL,PE-1N,-5.208412,-80.649925,DESPEJADO,COMERCIAL,TRAMO RECTO,PLANA ,ASFALTADA,,,,,EN PROCESO DE INVESTIGACIÓN,NO CUENTA CON CAUSA ESPECIFICA,13.0,0,2022.0,6.0,3.0,0,2,2,0,0.0,0.0,0.0,0.0,0,0,35.5,3.5355339059327378,1,1,2,0.5,0.5,0
A-2022-06-92,2022-06-23,21:20,ATROPELLO,1,0,1,LA LIBERTAD,TRUJILLO,TRUJILLO,URBANA,AVENIDA,URBANO,NO CORRESPONDE,-8.093435,-78.996373,DESPEJADO,COMERCIAL,INTERSECCIÓN,PLANA ,ASFALTADA,,,,,EN PROCESO DE INVESTIGACIÓN,NO CUENTA CON CAUSA ESPECIFICA,21.0,0,2022.0,6.0,3.0,0,3,2,0,1.0,0.0,0.0,1.0,0,0,55.5,2.1213203435596424,0,1,2,0.0,0.5,1
A-2022-06-101,2022-06-24,01:20,ATROPELLO FUGA,1,0,0,ICA,ICA,SALAS,URBANA,CARRETERA,NACIONAL,PE-1S,-13.971264,-75.77885,NIEBLA,RESIDENCIAL,TRAMO RECTO,PLANA ,ASFALTADA,,,,,EN PROCESO DE INVESTIGACIÓN,NO CUENTA CON CAUSA ESPECIFICA,1.0,0,2022.0,6.0,4.0,0,0,2,0,0.0,0.0,0.0,0.0,0,0,0.0,0.0,0,0,2,0.0,0.0,1
A-2022-06-151,2022-06-24,05:45,DESPISTE,1,1,1,PIURA,MORROPON,CHULUCANAS,RURAL,CARRETERA,SIN CLASIFICAR,SIN CLASIFICAR,-5.240558,-80.21436,DESPEJADO,RURAL,TRAMO RECTO,PLANA ,AFIRMADO,,,,,EN PROCESO DE INVESTIGACIÓN,NO CUENTA CON CAUSA ESPECIFICA,5.0,0,2022.0,6.0,4.0,0,0,2,0,0.0,0.0,1.0,1.0,0,0,35.0,25.45584412271571,0,1,2,0.0,0.5,1
A-2022-06-119,2022-06-24,06:00,ATROPELLO,1,0,0,CAJAMARCA,CAJAMARCA,CAJAMARCA,URBANA,CARRETERA,SIN CLASIFICAR,SIN CLASIFICAR,-7.21902332,-78.48628345,DESPEJADO,RURAL,CURVA,INCLINADA,AFIRMADO,,,,,EN PROCESO DE INVESTIGACIÓN,NO CUENTA CON CAUSA ESPECIFICA,6.0,0,2022.0,6.0,4.0,0,1,2,1,0.0,1.0,1.0,2.0,0,0,71.0,0.0,0,0,2,0.0,0.0,0
A-2022-06-99,2022-06-24,17:00,DESPISTE,1,0,1,APURIMAC,CHINCHEROS,OCOBAMBA,RURAL,CARRETERA,DEPARTAMENTAL,AP-102,-13.5485149,-73.4865364,SOLEADO,RURAL,TRAMO RECTO,INCLINADA,AFIRMADO,,,,,IMPRUDENCIA DEL CONDUCTOR,FATIGA Y/O CANSANCIO,17.0,0,2022.0,6.0,4.0,0,2,2,1,0.0,1.0,1.0,2.0,0,0,44.0,0.0,0,1,1,0.0,1.0,0
A-2022-06-183,2022-06-24,17:30,ATROPELLO,1,0,0,AYACUCHO,HUANTA,HUANTA,URBANA,JIRÓN,URBANO,NO CORRESPONDE,-12.93499336,-74.24935113,DESPEJADO,RESIDENCIAL,INTERSECCIÓN,INCLINADA,ASFALTADA,,,,,IMPRUDENCIA DEL CONDUCTOR,OTRO (IMPRUDENCIA DEL CONDUCTOR),17.0,0,2022.0,6.0,4.0,0,2,2,1,1.0,1.0,0.0,2.0,0,0,49.5,38.890872965260115,0,1,2,0.0,0.5,0
A-2022-06-76,2022-06-24,18:30,DESPISTE,1,0,1,LAMBAYEQUE,LAMBAYEQUE,MOTUPE,RURAL,CARRETERA,NACIONAL,PE-1NJ,-6.24051,-79.71961,DESPEJADO,RURAL,TRAMO RECTO,PLANA ,ASFALTADA,,,,,EN PROCESO DE INVESTIGACIÓN,NO CUENTA CON CAUSA ESPECIFICA,18.0,0,2022.0,6.0,4.0,0,3,2,0,0.0,0.0,0.0,0.0,0,0,29.0,11.313708498984761,0,0,2,0.0,0.0,1
A-2022-06-77,2022-06-24,19:00,VOLCADURA,1,1,1,LAMBAYEQUE,FERREÑAFE,PITIPO,RURAL,CARRETERA,SIN CLASIFICAR,SIN CLASIFICAR,-6.465464,-79.646114,LLUVIOSO,RURAL,TRAMO RECTO,PLANA ,AFIRMADO,,,,,EN PROCESO DE INVESTIGACIÓN,NO CUENTA CON CAUSA ESPECIFICA,19.0,0,2022.0,6.0,4.0,0,3,2,0,0.0,0.0,1.0,1.0,1,0,29.0,11.313708498984761,0,0,2,0.0,0.0,1
A-2022-06-174,2022-06-24,20:40,ATROPELLO,2,0,0,ANCASH,CASMA,CASMA,URBANA,CARRETERA,NACIONAL,PE-1N,-9.47635125904905,-78.30329085854329,DESPEJADO,COMERCIAL,INTERSECCIÓN,PLANA ,ASFALTADA,,,,,EN PROCESO DE INVESTIGACIÓN,NO CUENTA CON CAUSA ESPECIFICA,20.0,1,2022.0,6.0,4.0,0,3,2,0,0.0,0.0,0.0,0.0,0,0,18.5,23.33452377915607,0,1,2,0.0,0.5,1
A-2022-06-58,2022-06-25,04:20,DESPISTE,1,3,1,CUSCO,CUSCO,SAN JERONIMO,URBANA,AVENIDA,URBANO,NO CORRESPONDE,-13.5574245,-71.861211116,DESPEJADO,RESIDENCIAL,TRAMO RECTO,PLANA ,ASFALTADA,SI,PREVENTIVA (P),REGULADORA (R),SI,IMPRUDENCIA DEL CONDUCTOR,CONDUCIR EN ESTADO DE EBRIEDAD Y/O DROGADICCIÓN,4.0,0,2022.0,6.0,5.0,1,0,2,1,1.0,0.0,0.0,1.0,0,0,21.75,4.9916597106239795,1,1,4,0.25,0.25,1
A-2022-06-83,2022-06-25,08:05,DESPISTE,1,0,1,PUNO,YUNGUYO,CUTURAPI,RURAL,CARRETERA,DEPARTAMENTAL,PU-130,-16.270169,-69.193323,DESPEJADO,RURAL,TRAMO RECTO,PLANA ,AFIRMADO,,,,,IMPRUDENCIA DEL CONDUCTOR,EXCESO DE VELOCIDAD,8.0,0,2022.0,6.0,5.0,1,1,2,1,0.0,0.0,1.0,1.0,0,0,24.0,0.0,0,0,1,0.0,0.0,0
A-2022-06-228,2022-06-25,08:30,DESPISTE,1,0,1,JUNIN,YAULI,LA OROYA,RURAL,CARRETERA,NACIONAL,PE-3S,-11.737881,-75.743432,DESPEJADO,RURAL,TRAMO RECTO,PLANA ,ASFALTADA,,,,,IMPRUDENCIA DEL CONDUCTOR,CONDUCIR EN ESTADO DE EBRIEDAD Y/O DROGADICCIÓN,8.0,0,2022.0,6.0,5.0,1,1,2,1,0.0,0.0,0.0,0.0,0,0,26.0,0.0,0,1,1,0.0,1.0,0
A-2022-06-198,2022-06-25,12:00,ATROPELLO,1,0,0,LIMA,LIMA,ATE,URBANA,AVENIDA,URBANO,NO CORRESPONDE,-12.034891553811542,-76.93168221232975,DESPEJADO,COMERCIAL,TRAMO RECTO,PLANA ,ASFALTADA,,,,,EN PROCESO DE INVESTIGACIÓN,NO CUENTA CON CAUSA ESPECIFICA,12.0,0,2022.0,6.0,5.0,1,2,2,0,1.0,0.0,0.0,1.0,0,0,55.5,41.71930009000631,0,1,2,0.0,0.5,0
A-2022-06-86,2022-06-25,13:00,DESPISTE,2,32,1,ANCASH,MARISCAL LUZURIAGA,PISCOBAMBA,RURAL,CARRETERA,NACIONAL,PE-14C,-8.865947605991478,-77.35329340112088,DESPEJADO,RURAL,SINUOSA,INCLINADA,AFIRMADO,,,,,NEGLIGENCIA DEL CONDUCTOR,CONDUCIR CON FALLAS DE DIRECCIÓN,13.0,1,2022.0,6.0,5.0,1,2,2,0,0.0,1.0,1.0,2.0,0,0,49.44117647058823,15.872963818775524,0,1,34,0.0,0.029,0
A-2022-06-95,2022-06-25,16:00,CHOQUE,1,0,1,LA LIBERTAD,PACASMAYO,SAN PEDRO DE LLOC,RURAL,CARRETERA,NACIONAL,PE-1N,-7.460453,-79.451174,DESPEJADO,RURAL,TRAMO RECTO,PLANA ,ASFALTADA,,,,,IMPRUDENCIA DEL CONDUCTOR,OTRO (IMPRUDENCIA DEL CONDUCTOR),16.0,0,2022.0,6.0,5.0,1,2,2,0,0.0,0.0,0.0,0.0,0,0,45.333333333333336,5.773502691896258,0,2,3,0.0,0.667,0
A-2022-06-253,2022-06-25,16:20,CHOQUE,1,0,2,CAJAMARCA,CAJAMARCA,CAJAMARCA,RURAL,CARRETERA,NACIONAL,PE-3N,-6.98808840400377,-78.57384583881584,DESPEJADO,RURAL,CURVA,INCLINADA,ASFALTADA,NO,,,NO,IMPRUDENCIA DEL CONDUCTOR,EXCESO DE VELOCIDAD,16.0,0,2022.0,6.0,5.0,1,2,2,1,0.0,1.0,0.0,1.0,0,2,42.5,0.7071067811865476,0,1,2,0.0,0.5,0
A-2022-06-121,2022-06-25,18:00,DESPISTE,1,0,1,CAJAMARCA,CELENDIN,CELENDIN,RURAL,CARRETERA,NACIONAL,PE-08B,-6.88766667,-78.11678167,DESPEJADO,RURAL,TRAMO RECTO,INCLINADA,ASFALTADA,,,,,EN PROCESO DE INVESTIGACIÓN,NO CUENTA CON CAUSA ESPECIFICA,18.0,0,2022.0,6.0,5.0,1,3,2,1,0.0,1.0,0.0,1.0,0,0,38.0,0.0,0,0,1,0.0,0.0,1
A-2022-06-110,2022-06-25,18:20,CHOQUE,1,0,2,TACNA,TACNA,SAMA,RURAL,CARRETERA,NACIONAL,PE-1S,-17.838756623536323,-70.52637650366653,DESPEJADO,RURAL,INTERSECCIÓN,PLANA ,ASFALTADA,,,,,IMPRUDENCIA DEL CONDUCTOR,NO ESTABLECER EL DERECHO DE PASO,18.0,0,2022.0,6.0,5.0,1,3,2,0,0.0,0.0,0.0,0.0,0,0,58.0,21.213203435596427,0,1,2,0.0,0.5,1
A-2022-06-111,2022-06-25,19:56,CHOQUE,1,0,2,TACNA,TACNA,CORONEL GREGORIO ALBARRACIN LANCHIPA,URBANA,AVENIDA,URBANO,NO CORRESPONDE,-18.04112442669799,-70.26041407300062,NUBLADO,RESIDENCIAL,TRAMO RECTO,PLANA ,ASFALTADA,NO,,,SI,IMPRUDENCIA DEL CONDUCTOR,GIRAR IMPRUDENTEMENTE,19.0,0,2022.0,6.0,5.0,1,3,2,0,1.0,0.0,0.0,1.0,0,1,37.0,22.627416997969522,1,2,2,0.5,1.0,1
A-2022-06-103,2022-06-25,23:15,ATROPELLO FUGA,1,0,0,ICA,PISCO,INDEPENDENCIA,URBANA,CARRETERA,NACIONAL,PE-28A,-13.683217,-76.064119,DESPEJADO,ESCOLAR,TRAMO RECTO,PLANA ,ASFALTADA,,,,,EN PROCESO DE INVESTIGACIÓN,NO CUENTA CON CAUSA ESPECIFICA,23.0,0,2022.0,6.0,5.0,1,3,2,0,0.0,0.0,0.0,0.0,0,0,52.0,0.0,0,0,2,0.0,0.0,1
A-2022-06-182,2022-06-25,23:50,CHOQUE,1,0,2,UCAYALI,CORONEL PORTILLO,CALLERIA,RURAL,CARRETERA,NACIONAL,PE-18C,-8.40348,-74.625249,DESPEJADO,RURAL,TRAMO RECTO,PLANA ,ASFALTADA,,,,,IMPRUDENCIA DEL CONDUCTOR,CONDUCIR EN SENTIDO CONTRARIO,23.0,0,2022.0,6.0,5.0,1,3,2,2,0.0,0.0,0.0,0.0,0,0,41.0,26.870057685088806,0,1,2,0.0,0.5,1
A-2022-06-81,2022-06-26,05:38,ATROPELLO FUGA,1,0,0,LAMBAYEQUE,CHICLAYO,POMALCA,URBANA,CARRETERA,PROVINCIAL,LA-816,-6.770087,-79.778726,DESPEJADO,RURAL,TRAMO RECTO,PLANA ,ASFALTADA,,,,,EN PROCESO DE INVESTIGACIÓN,NO CUENTA CON CAUSA ESPECIFICA,5.0,0,2022.0,6.0,6.0,1,0,2,0,0.0,0.0,0.0,0.0,0,0,82.0,0.0,0,0,2,0.0,0.0,1
A-2022-06-96,2022-06-26,08:00,DESPISTE,2,0,1,LA LIBERTAD,PATAZ,PARCOY,RURAL,CARRETERA,SIN CLASIFICAR,SIN CLASIFICAR,-8.006153756652473,-77.4926367684348,DESPEJADO,RURAL,TRAMO RECTO,PLANA ,AFIRMADO,,,,,EN PROCESO DE INVESTIGACIÓN,NO CUENTA CON CAUSA ESPECIFICA,8.0,1,2022.0,6.0,6.0,1,1,2,0,0.0,0.0,1.0,1.0,0,0,21.333333333333332,2.886751345948129,0,0,3,0.0,0.0,0
A-2022-06-112,2022-06-26,09:45,CHOQUE,1,0,2,TACNA,TACNA,CORONEL GREGORIO ALBARRACIN LANCHIPA,URBANA,AVENIDA,URBANO,NO CORRESPONDE,-18.087743500251914,-70.27674053177542,DESPEJADO,RESIDENCIAL,TRAMO RECTO,PLANA ,ASFALTADA,NO,,,SI,IMPRUDENCIA DEL CONDUCTOR,GIRAR IMPRUDENTEMENTE,9.0,0,2022.0,6.0,6.0,1,1,2,0,1.0,0.0,0.0,1.0,0,1,34.5,10.606601717798213,0,2,2,0.0,1.0,0
A-2022-06-240,2022-06-26,10:00,CHOQUE,1,0,2,JUNIN,CHUPACA,SAN JUAN DE ISCOS,RURAL,CARRETERA,PROVINCIAL,JU-909,-12.103180975361571,-75.27531547056573,DESPEJADO,RURAL,TRAMO RECTO,PLANA ,ASFALTADA,,,,,IMPRUDENCIA DEL CONDUCTOR,EXCESO DE VELOCIDAD,10.0,0,2022.0,6.0,6.0,1,1,2,1,0.0,0.0,0.0,0.0,0,0,38.0,24.041630560342615,0,1,2,0.0,0.5,0
A-2022-06-256,2022-06-26,10:00,ATROPELLO,1,1,0,MADRE DE DIOS,TAMBOPATA,TAMBOPATA,URBANA,JIRÓN,URBANO,NO CORRESPONDE,-12.585664,-69.199273,,,,,,,,,,EN PROCESO DE INVESTIGACIÓN,NO CUENTA CON CAUSA ESPECIFICA,10.0,0,2022.0,6.0,6.0,1,1,2,2,1.0,1.0,1.0,3.0,0,0,35.5,16.263455967290593,0,0,2,0.0,0.0,0
A-2022-06-152,2022-06-26,17:00,ESPECIAL,1,0,0,PIURA,MORROPON,CHULUCANAS,RURAL,CARRETERA,SIN CLASIFICAR,SIN CLASIFICAR,-5.063142,-80.145299,DESPEJADO,RURAL,OTRO,INCLINADA,AFIRMADO,,,,,EN PROCESO DE INVESTIGACIÓN,NO CUENTA CON CAUSA ESPECIFICA,17.0,0,2022.0,6.0,6.0,1,2,2,0,0.0,1.0,1.0,2.0,0,0,18.0,0.0,0,0,2,0.0,0.0,0
A-2022-06-64,2022-06-26,18:30,DESPISTE,1,0,1,CUSCO,CANCHIS,MARANGANI,RURAL,CARRETERA,NACIONAL,PE-3S,-14.395139,-71.134351,DESPEJADO,RURAL,TRAMO RECTO,PLANA ,ASFALTADA,SI,PREVENTIVA (P),,SI,IMPRUDENCIA DEL CONDUCTOR,CONDUCIR EN ESTADO DE EBRIEDAD Y/O DROGADICCIÓN,18.0,0,2022.0,6.0,6.0,1,3,2,1,0.0,0.0,0.0,0.0,0,0,23.0,0.0,0,0,1,0.0,0.0,1
A-2022-06-196,2022-06-26,18:45,ATROPELLO,1,0,0,LIMA,LIMA,SAN JUAN DE MIRAFLORES,URBANA,CARRETERA,NACIONAL,PE-1S,-12.175225937648378,-76.97774592276338,DESPEJADO,COMERCIAL,TRAMO RECTO,PLANA ,ASFALTADA,,,,,EN PROCESO DE INVESTIGACIÓN,NO CUENTA CON CAUSA ESPECIFICA,18.0,0,2022.0,6.0,6.0,1,3,2,0,0.0,0.0,0.0,0.0,0,0,31.0,4.242640687119285,0,1,2,0.0,0.5,1
A-2022-06-142,2022-06-26,21:10,CHOQUE,1,0,2,LIMA,BARRANCA,PARAMONGA,RURAL,CARRETERA,NACIONAL,PE-16,-10.64214973136169,-77.80167817048151,DESPEJADO,RURAL,TRAMO RECTO,PLANA ,ASFALTADA,,,,,EN PROCESO DE INVESTIGACIÓN,NO CUENTA CON CAUSA ESPECIFICA,21.0,0,2022.0,6.0,6.0,1,3,2,0,0.0,0.0,0.0,0.0,0,0,41.5,0.7071067811865476,1,2,2,0.5,1.0,1
A-2022-06-255,2022-06-26,21:15,CHOQUE,1,0,0,MADRE DE DIOS,TAHUAMANU,TAHUAMANU,RURAL,CARRETERA,NACIONAL,PE-30C,-11.811876,-69.180757,,,,,,,,,,EN PROCESO DE INVESTIGACIÓN,NO CUENTA CON CAUSA ESPECIFICA,21.0,0,2022.0,6.0,6.0,1,3,2,2,0.0,1.0,1.0,2.0,0,0,42.0,8.48528137423857,0,0,2,0.0,0.0,1