CODIGO_SINIESTRO,FECHA_SINIESTRO,HORA_SINIESTRO,CLASE_SINIESTRO,CANTIDAD_FALLECIDOS,CANTIDAD_LESIONADOS,CANTIDAD_VEHICULOS,DEPARTAMENTO,PROVINCIA,DISTRITO,ZONA,TIPO_VIA,RED_VIAL,COD_CARRETERA,LATITUD,LONGITUD,CONDICION_CLIMATICA,ZONIFICACION,CARACTERISTICAS_VIA,PERFIL_VIA,SUPERFICIE_CALZADA,EXISTE_SENIAL_VERTICAL,CLASIFICACION_SENIAL_VERTICAL_1,CLASIFICACION_SENIAL_VERTICAL_2,EXISTE_SENIAL_HORIZONTAL,CAUSA_FACTOR_PRINCIPAL,CAUSA_ESPECIFICA,HORA,severidad,ANIO,MES,DIA_SEMANA,FIN_SEMANA,FRANJA_HORARIA,TEMPORADA,MACROREGION,TIPO_VIA_SCORE,PERFIL_VIA_SCORE,SUPERFICIE_CALZADA_SCORE,RIESGO_INFRAESTRUCTURA,RIESGO_CLIMATICO,SENIALIZACION_DEFICIENTE,EDAD_PROMEDIO,EDAD_STD,TOTAL_ALCOHOL,TOTAL_LICENCIA,TOTAL_PERSONAS,PCT_ALCOHOL,PCT_LICENCIA,ES_NOCHE
A-2022-06-97,2022-06-26,23:45,CHOQUE,1,0,2,LA LIBERTAD,CHEPEN,PACANGA,RURAL,CARRETERA,NACIONAL,PE-1N,-7.13939,-79.463869,DESPEJADO,RURAL,TRAMO RECTO,PLANA ,ASFALTADA,,,,,IMPRUDENCIA DEL CONDUCTOR,CONDUCIR EN ESTADO DE EBRIEDAD Y/O DROGADICCIÓN,23.0,0,2022.0,6.0,6.0,1,3,2,0,0.0,0.0,0.0,0.0,0,0,37.0,8.48528137423857,0,1,2,0.0,0.5,1
A-2022-06-193,2022-06-27,01:00,ATROPELLO FUGA,1,0,0,LIMA,LIMA,EL AGUSTINO,RURAL,CARRETERA,NACIONAL,PE-22,-12.03186857113612,-76.98848593151921,DESPEJADO,RURAL,TRAMO RECTO,PLANA ,ASFALTADA,,,,,EN PROCESO DE INVESTIGACIÓN,NO CUENTA CON CAUSA ESPECIFICA,1.0,0,2022.0,6.0,0.0,0,0,2,0,0.0,0.0,0.0,0.0,0,0,0.0,0.0,0,0,2,0.0,0.0,1
A-2022-06-194,2022-06-27,02:00,DESPISTE,1,0,0,LIMA,LIMA,CHACLACAYO,URBANA,CARRETERA,NACIONAL,PE-22,-11.978427911890416,-76.78207926382203,DESPEJADO,INDUSTRIAL,TRAMO RECTO,PLANA ,ASFALTADA,,,,,EN PROCESO DE INVESTIGACIÓN,NO CUENTA CON CAUSA ESPECIFICA,2.0,0,2022.0,6.0,0.0,0,0,2,0,0.0,0.0,0.0,0.0,0,0,26.0,0.0,0,1,1,0.0,1.0,1
A-2022-06-195,2022-06-27,03:40,DESPISTE,1,1,0,LIMA,LIMA,SAN BORJA,URBANA,AVENIDA,URBANO,NO CORRESPONDE,-12.111403465270996,-76.99590301513672,DESPEJADO,COMERCIAL,TRAMO RECTO,PLANA ,ASFALTADA,,,,,EN PROCESO DE INVESTIGACIÓN,NO CUENTA CON CAUSA ESPECIFICA,3.0,0,2022.0,6.0,0.0,0,0,2,0,1.0,0.0,0.0,1.0,0,0,31.0,4.242640687119285,0,0,2,0.0,0.0,1
A-2022-06-170,2022-06-27,04:30,DESPISTE,1,0,1,PUNO,LAMPA,SANTA LUCIA,RURAL,CARRETERA,NACIONAL,PE-34A,-15.6880311,-70.8102044,DESPEJADO,RURAL,CURVA,PLANA ,ASFALTADA,NO,,,SI,IMPRUDENCIA DEL CONDUCTOR,EXCESO DE VELOCIDAD,4.0,0,2022.0,6.0,0.0,0,0,2,1,0.0,0.0,0.0,0.0,0,1,21.0,0.0,0,1,1,0.0,1.0,1
A-2022-06-146,2022-06-27,06:50,DESPISTE,1,0,1,LAMBAYEQUE,LAMBAYEQUE,LAMBAYEQUE,RURAL,CARRETERA,NACIONAL,PE-1N,-6.648391,-79.942871,DESPEJADO,RURAL,TRAMO RECTO,PLANA ,ASFALTADA,,,,,EN PROCESO DE INVESTIGACIÓN,NO CUENTA CON CAUSA ESPECIFICA,6.0,0,2022.0,6.0,0.0,0,1,2,0,0.0,0.0,0.0,0.0,0,0,54.0,0.0,0,0,1,0.0,0.0,0
A-2022-06-265,2022-06-27,18:00,DESPISTE,1,2,1,AYACUCHO,HUANCA SANCOS,CARAPO,RURAL,CARRETERA,NACIONAL,PE-30D,-13.7773756952253,-74.3259621976569,DESPEJADO,RURAL,CURVA,INCLINADA,AFIRMADO,SI,PREVENTIVA (P),,NO,NEGLIGENCIA DEL CONDUCTOR,CONDUCIR CON FALLAS DE FRENOS,18.0,0,2022.0,6.0,0.0,0,3,2,1,0.0,1.0,1.0,2.0,0,1,54.333333333333336,3.214550253664319,1,1,3,0.333,0.333,1
A-2022-06-98,2022-06-27,18:00,CHOQUE,1,0,2,LA LIBERTAD,SANTIAGO DE CHUCO,QUIRUVILCA,RURAL,CARRETERA,NACIONAL,PE-3N,-7.998345,-78.307615,DESPEJADO,RURAL,TRAMO RECTO,PLANA ,ASFALTADA,,,,,EN PROCESO DE INVESTIGACIÓN,NO CUENTA CON CAUSA ESPECIFICA,18.0,0,2022.0,6.0,0.0,0,3,2,0,0.0,0.0,0.0,0.0,0,0,42.5,23.33452377915607,0,1,2,0.0,0.5,1
A-2022-06-230,2022-06-27,19:00,ATROPELLO,1,0,1,JUNIN,HUANCAYO,HUALHUAS,RURAL,CARRETERA,NACIONAL,PE-3S,-11.982411,-75.262406,DESPEJADO,RURAL,TRAMO RECTO,PLANA ,ASFALTADA,,,,,IMPRUDENCIA DEL PEATÓN,CRUCE INDEBIDO POR LA CALZADA,19.0,0,2022.0,6.0,0.0,0,3,2,1,0.0,0.0,0.0,0.0,0,0,41.0,8.48528137423857,0,1,2,0.0,0.5,1
A-2022-06-233,2022-06-28,00:40,CHOQUE,1,0,0,JUNIN,SATIPO,PANGOA,URBANA,CARRETERA,NACIONAL,PE-28C,-11.4430638434703,-74.4919174674897,,,,,,,,,,EN PROCESO DE INVESTIGACIÓN,NO CUENTA CON CAUSA ESPECIFICA,0.0,0,2022.0,6.0,1.0,0,0,2,1,0.0,1.0,1.0,2.0,0,0,29.5,16.263455967290593,0,0,2,0.0,0.0,1
A-2022-06-191,2022-06-28,05:48,ATROPELLO FUGA,1,0,0,LIMA,LIMA,LURIN,RURAL,CARRETERA,NACIONAL,PE-1S,-12.250331378864685,-76.93051276432485,DESPEJADO,INDUSTRIAL,TRAMO RECTO,PLANA ,ASFALTADA,,,,,EN PROCESO DE INVESTIGACIÓN,NO CUENTA CON CAUSA ESPECIFICA,5.0,0,2022.0,6.0,1.0,0,0,2,0,0.0,0.0,0.0,0.0,0,0,0.0,0.0,0,0,2,0.0,0.0,1
A-2022-06-192,2022-06-28,13:45,DESPISTE,2,2,0,LIMA,LIMA,VILLA EL SALVADOR,RURAL,CARRETERA,NACIONAL,PE-1N,-12.22223131897444,-76.97444197707152,DESPEJADO,INDUSTRIAL,INTERSECCIÓN,PLANA ,ASFALTADA,,,,,EN PROCESO DE INVESTIGACIÓN,NO CUENTA CON CAUSA ESPECIFICA,13.0,1,2022.0,6.0,1.0,0,2,2,0,0.0,0.0,0.0,0.0,0,0,39.0,22.60530911091463,0,2,6,0.0,0.333,0
A-2022-06-229,2022-06-28,15:00,CHOQUE,1,3,2,JUNIN,JAUJA,CURICACA,RURAL,CARRETERA,NACIONAL,PE-3S,-11.78715,-75.67505,DESPEJADO,RURAL,TRAMO RECTO,PLANA ,ASFALTADA,,,,,IMPRUDENCIA DEL CONDUCTOR,EXCESO DE VELOCIDAD,15.0,0,2022.0,6.0,1.0,0,2,2,1,0.0,0.0,0.0,0.0,0,0,31.4,6.188699378706319,0,2,5,0.0,0.4,0
A-2022-06-104,2022-06-28,19:23,DESPISTE,1,0,1,ICA,ICA,ICA,URBANA,AVENIDA,URBANO,NO CORRESPONDE,-14.08007,-75.721941,DESPEJADO,RESIDENCIAL,TRAMO RECTO,PLANA ,ASFALTADA,,,,,EN PROCESO DE INVESTIGACIÓN,NO CUENTA CON CAUSA ESPECIFICA,19.0,0,2022.0,6.0,1.0,0,3,2,0,1.0,0.0,0.0,1.0,0,0,24.0,0.0,0,0,1,0.0,0.0,1
A-2022-06-84,2022-06-29,01:29,DESPISTE,1,0,0,PUNO,EL COLLAO,ILAVE,RURAL,CARRETERA,NACIONAL,PE-3S,-16.12115082,-69.58969485,DESPEJADO,RURAL,TRAMO RECTO,PLANA ,ASFALTADA,,,,,IMPRUDENCIA DEL CONDUCTOR,CONDUCIR EN SENTIDO CONTRARIO,1.0,0,2022.0,6.0,2.0,0,0,2,1,0.0,0.0,0.0,0.0,0,0,18.0,0.0,0,0,1,0.0,0.0,1
A-2022-06-93,2022-06-29,05:20,CHOQUE,1,1,2,SAN MARTIN,RIOJA,RIOJA,RURAL,CARRETERA,NACIONAL,PE-5N,-6.029269,-77.210712,DESPEJADO,RURAL,TRAMO RECTO,PLANA ,ASFALTADA,,,,,IMPRUDENCIA DEL CONDUCTOR,OTRO (IMPRUDENCIA DEL CONDUCTOR),5.0,0,2022.0,6.0,2.0,0,0,2,2,0.0,0.0,0.0,0.0,0,0,45.666666666666664,13.428824718989127,0,2,3,0.0,0.667,1
A-2022-06-175,2022-06-29,17:00,DESPISTE,1,1,0,APURIMAC,AYMARAES,CHAPIMARCA,RURAL,CARRETERA,PROVINCIAL,AP-821,-13.996839359725826,-73.08757276189921,,,,,,,,,,EN PROCESO DE INVESTIGACIÓN,NO CUENTA CON CAUSA ESPECIFICA,17.0,0,2022.0,6.0,2.0,0,2,2,1,0.0,1.0,1.0,2.0,0,0,57.0,14.142135623730951,0,0,2,0.0,0.0,0
A-2022-06-239,2022-06-29,20:15,ATROPELLO FUGA,1,0,0,JUNIN,JAUJA,JAUJA,RURAL,CARRETERA,NACIONAL,PE-3SA,-11.77974511,-75.48229265,DESPEJADO,RURAL,TRAMO RECTO,PLANA ,ASFALTADA,,,,,EN PROCESO DE INVESTIGACIÓN,NO CUENTA CON CAUSA ESPECIFICA,20.0,0,2022.0,6.0,2.0,0,3,2,1,0.0,0.0,0.0,0.0,0,0,58.0,0.0,0,0,2,0.0,0.0,1
A-2022-06-244,2022-06-29,22:00,CHOQUE CON OBJETO FIJO,1,0,1,ICA,CHINCHA,CHINCHA BAJA,RURAL,CARRETERA,PROVINCIAL,IC-520,-13.540899886059233,-76.17728956323718,DESPEJADO,RURAL,TRAMO RECTO,PLANA ,ASFALTADA,,,,,NEGLIGENCIA DEL CONDUCTOR,OTRO (NEGLIGENCIA DEL CONDUCTOR),22.0,0,2022.0,6.0,2.0,0,3,2,0,0.0,0.0,0.0,0.0,0,0,49.0,0.0,0,0,1,0.0,0.0,1
A-2022-06-147,2022-06-29,23:20,CHOQUE,1,2,2,LAMBAYEQUE,LAMBAYEQUE,MOCHUMI,RURAL,CARRETERA,SIN CLASIFICAR,SIN CLASIFICAR,-6.542156,-79.870673,DESPEJADO,RURAL,CURVA,PLANA ,ASFALTADA,,,,,EN PROCESO DE INVESTIGACIÓN,NO CUENTA CON CAUSA ESPECIFICA,23.0,0,2022.0,6.0,2.0,0,3,2,0,0.0,0.0,0.0,0.0,0,0,17.0,1.632993161855452,0,0,4,0.0,0.0,1
A-2022-06-190,2022-06-30,00:50,ATROPELLO FUGA,1,0,0,LIMA,LIMA,MIRAFLORES,URBANA,OTRO,URBANO,NO CORRESPONDE,-12.12724475655441,-77.03710906091183,DESPEJADO,COMERCIAL,CURVA,PLANA ,ASFALTADA,,,,,EN PROCESO DE INVESTIGACIÓN,NO CUENTA CON CAUSA ESPECIFICA,0.0,0,2022.0,6.0,3.0,0,0,2,0,2.0,0.0,0.0,2.0,0,0,0.0,0.0,0,0,2,0.0,0.0,1
A-2022-06-189,2022-06-30,01:00,ATROPELLO FUGA,1,0,0,LIMA,LIMA,LURIN,URBANA,CARRETERA,NACIONAL,PE-1S,-12.254755,-76.924147,DESPEJADO,RURAL,TRAMO RECTO,PLANA ,ASFALTADA,,,,,EN PROCESO DE INVESTIGACIÓN,NO CUENTA CON CAUSA ESPECIFICA,1.0,0,2022.0,6.0,3.0,0,0,2,0,0.0,0.0,0.0,0.0,0,0,0.0,0.0,0,0,2,0.0,0.0,1
A-2022-06-249,2022-06-30,01:40,ATROPELLO FUGA,1,0,0,JUNIN,JUNIN,CARHUAMAYO,URBANA,CARRETERA,NACIONAL,PE-3N,-10.904987503772606,-76.07006557262896,DESPEJADO,COMERCIAL,TRAMO RECTO,PLANA ,ASFALTADA,NO,,,SI,EN PROCESO DE INVESTIGACIÓN,NO CUENTA CON CAUSA ESPECIFICA,1.0,0,2022.0,6.0,3.0,0,0,2,1,0.0,0.0,0.0,0.0,0,1,17.0,0.0,0,0,2,0.0,0.0,1
A-2022-06-113,2022-06-30,05:10,CHOQUE,1,0,2,TACNA,TACNA,LA YARADA LOS PALOS,RURAL,CARRETERA,NACIONAL,PE-1SD,-18.17592327950679,-70.50039473125472,NUBLADO,RURAL,TRAMO RECTO,PLANA ,ASFALTADA,NO,,,SI,IMPRUDENCIA DEL CONDUCTOR,EXCESO DE VELOCIDAD,5.0,0,2022.0,6.0,3.0,0,0,2,0,0.0,0.0,0.0,0.0,0,1,45.0,1.4142135623730951,0,1,2,0.0,0.5,1
A-2022-06-221,2022-06-30,05:30,CHOQUE,1,0,2,LIMA,HUAURA,SAYAN,RURAL,CARRETERA,PROVINCIAL,LM-665,-11.25009555354391,-77.35747213048693,DESPEJADO,RURAL,TRAMO RECTO,PLANA ,ASFALTADA,,,,,IMPRUDENCIA DEL CONDUCTOR,INVASIÓN DE CARRIL,5.0,0,2022.0,6.0,3.0,0,0,2,0,0.0,0.0,0.0,0.0,0,0,50.0,15.556349186104045,0,0,2,0.0,0.0,1
A-2022-06-188,2022-06-30,06:46,ATROPELLO FUGA,1,0,0,LIMA,LIMA,ANCON,URBANA,CARRETERA,NACIONAL,PE-1N,-11.770736277951563,-77.15902010039257,DESPEJADO,COMERCIAL,TRAMO RECTO,PLANA ,ASFALTADA,,,,,EN PROCESO DE INVESTIGACIÓN,NO CUENTA CON CAUSA ESPECIFICA,6.0,0,2022.0,6.0,3.0,0,1,2,0,0.0,0.0,0.0,0.0,0,0,0.0,0.0,0,0,2,0.0,0.0,0
A-2022-06-87,2022-06-30,16:40,VOLCADURA,1,1,1,AREQUIPA,ISLAY,ISLAY,URBANA,CALLE,URBANO,NO CORRESPONDE,-17.001495,-72.08726,DESPEJADO,RESIDENCIAL,TRAMO RECTO,INCLINADA,TROCHA,,,,,EN PROCESO DE INVESTIGACIÓN,NO CUENTA CON CAUSA ESPECIFICA,16.0,0,2022.0,6.0,3.0,0,2,2,0,2.0,1.0,2.0,5.0,0,0,30.5,12.020815280171307,0,1,2,0.0,0.5,0
A-2022-06-179,2022-06-30,17:10,CHOQUE,1,2,2,CAJAMARCA,SAN IGNACIO,SAN IGNACIO,RURAL,CARRETERA,NACIONAL,PE-5N,-5.100353,-79.0455366,DESPEJADO,RURAL,TRAMO RECTO,PLANA ,ASFALTADA,,,,,EN PROCESO DE INVESTIGACIÓN,NO CUENTA CON CAUSA ESPECIFICA,17.0,0,2022.0,6.0,3.0,0,2,2,1,0.0,0.0,0.0,0.0,0,0,52.333333333333336,7.0945988845975885,0,0,3,0.0,0.0,0
A-2022-07-7,2022-07-01,07:30,DESPISTE,1,1,1,CUSCO,CHUMBIVILCAS,SANTO TOMAS,URBANA,CARRETERA,NACIONAL,PE-3SG,-14.48217344,-72.09383814,DESPEJADO,RURAL,CURVA,INCLINADA,ASFALTADA,SI,REGULADORA (R),PREVENTIVA (P),SI,IMPRUDENCIA DEL CONDUCTOR,EXCESO DE VELOCIDAD,7.0,0,2022.0,7.0,4.0,0,1,2,1,0.0,1.0,0.0,1.0,0,0,35.0,1.4142135623730951,0,1,2,0.0,0.5,0
A-2022-07-13,2022-07-01,07:50,CHOQUE,1,0,0,CAJAMARCA,HUALGAYOC,BAMBAMARCA,,CARRETERA,NACIONAL,PE-3N,-6.691349,-78.541895,,,,,,,,,,EN PROCESO DE INVESTIGACIÓN,NO CUENTA CON CAUSA ESPECIFICA,7.0,0,2022.0,7.0,4.0,0,1,2,1,0.0,1.0,1.0,2.0,0,0,35.5,19.091883092036785,0,0,2,0.0,0.0,0
A-2022-07-92,2022-07-01,09:06,ATROPELLO,1,0,1,LAMBAYEQUE,LAMBAYEQUE,MOTUPE,RURAL,CARRETERA,NACIONAL,PE-1N,-6.14817101787074,-79.7156908860278,DESPEJADO,RURAL,TRAMO RECTO,PLANA ,ASFALTADA,,,,,EN PROCESO DE INVESTIGACIÓN,NO CUENTA CON CAUSA ESPECIFICA,9.0,0,2022.0,7.0,4.0,0,1,2,0,0.0,0.0,0.0,0.0,0,0,55.0,11.313708498984761,0,1,2,0.0,0.5,0
A-2022-07-87,2022-07-01,10:00,DESPISTE,1,0,1,CUSCO,CANAS,CHECCA,RURAL,CARRETERA,SIN CLASIFICAR,SIN CLASIFICAR,-14.494503,-71.46394,DESPEJADO,RURAL,TRAMO RECTO,INCLINADA,TROCHA,,,,,IMPERICIA DEL CONDUCTOR,,10.0,0,2022.0,7.0,4.0,0,1,2,1,0.0,1.0,2.0,3.0,0,0,38.0,0.0,0,0,1,0.0,0.0,0
A-2022-07-69,2022-07-01,12:05,DESPISTE,1,0,1,APURIMAC,CHINCHEROS,CHINCHEROS,URBANA,CARRETERA,NACIONAL,PE-3S,-13.499955,-73.808258,SOLEADO,RURAL,CURVA,PLANA ,ASFALTADA,SI,REGULADORA (R),PREVENTIVA (P),SI,IMPRUDENCIA DEL CONDUCTOR,CONDUCIR EN ESTADO DE EBRIEDAD Y/O DROGADICCIÓN,12.0,0,2022.0,7.0,4.0,0,2,2,1,0.0,0.0,0.0,0.0,0,0,28.0,0.0,0,0,1,0.0,0.0,0
A-2022-07-4,2022-07-01,18:55,ATROPELLO,1,1,1,SAN MARTIN,MOYOBAMBA,MOYOBAMBA,URBANA,CARRETERA,NACIONAL,PE-5N,-6.046127,-77.017082,DESPEJADO,RURAL,TRAMO RECTO,PLANA ,ASFALTADA,,,,,IMPRUDENCIA DEL PEATÓN,OTRO (IMPRUDENCIA DEL PEATÓN),18.0,0,2022.0,7.0,4.0,0,3,2,2,0.0,0.0,0.0,0.0,0,0,56.0,21.213203435596427,0,0,2,0.0,0.0,1
A-2022-07-200,2022-07-01,19:00,DESPISTE,1,0,0,ANCASH,SANTA,CHIMBOTE,RURAL,CARRETERA,NACIONAL,PE-12,-8.9076392268264,-78.56746390954739,DESPEJADO,RURAL,CURVA,INCLINADA,ASFALTADA,,,,,EN PROCESO DE INVESTIGACIÓN,NO CUENTA CON CAUSA ESPECIFICA,19.0,0,2022.0,7.0,4.0,0,3,2,0,0.0,1.0,0.0,1.0,0,0,35.0,0.0,0,0,1,0.0,0.0,1
A-2022-07-34,2022-07-01,22:00,CHOQUE,1,0,2,LA LIBERTAD,TRUJILLO,EL PORVENIR,URBANA,CALLE,URBANO,NO CORRESPONDE,-8.074545,-79.022619,DESPEJADO,COMERCIAL,INTERSECCIÓN,PLANA ,ASFALTADA,,,,,IMPRUDENCIA DEL CONDUCTOR,NO ESTABLECER EL DERECHO DE PASO,22.0,0,2022.0,7.0,4.0,0,3,2,0,2.0,0.0,0.0,2.0,0,0,21.5,10.606601717798213,0,0,2,0.0,0.0,1
A-2022-07-186,2022-07-02,01:30,ATROPELLO FUGA,1,0,0,LIMA,LIMA,LURIN,URBANA,AVENIDA,URBANO,NO CORRESPONDE,-12.243900000499872,-76.90951799846174,DESPEJADO,COMERCIAL,TRAMO RECTO,PLANA ,ASFALTADA,,,,,EN PROCESO DE INVESTIGACIÓN,NO CUENTA CON CAUSA ESPECIFICA,1.0,0,2022.0,7.0,5.0,1,0,2,0,1.0,0.0,0.0,1.0,0,0,0.0,0.0,0,0,2,0.0,0.0,1
A-2022-07-187,2022-07-02,02:50,ATROPELLO FUGA,1,0,0,LIMA,LIMA,PUEBLO LIBRE,URBANA,AVENIDA,URBANO,NO CORRESPONDE,-12.0781808,-77.0803376,DESPEJADO,COMERCIAL,TRAMO RECTO,PLANA ,ASFALTADA,,,,,EN PROCESO DE INVESTIGACIÓN,NO CUENTA CON CAUSA ESPECIFICA,2.0,0,2022.0,7.0,5.0,1,0,2,0,1.0,0.0,0.0,1.0,0,0,43.0,0.0,0,0,2,0.0,0.0,1
A-2022-07-252,2022-07-02,16:40,ATROPELLO,1,0,0,JUNIN,CONCEPCION,CHAMBARA,RURAL,CARRETERA,NACIONAL,PE-24,-12.025631,-75.420456,DESPEJADO,RURAL,TRAMO RECTO,PLANA ,ASFALTADA,,,,,IMPRUDENCIA DEL CONDUCTOR,EXCESO DE VELOCIDAD,16.0,0,2022.0,7.0,5.0,1,2,2,1,0.0,0.0,0.0,0.0,0,0,42.5,30.405591591021544,0,0,2,0.0,0.0,0
A-2022-07-97,2022-07-02,20:30,ATROPELLO FUGA,1,1,1,LAMBAYEQUE,CHICLAYO,REQUE,RURAL,CARRETERA,NACIONAL,PE-1N,-6.888183,-79.804553,DESPEJADO,RURAL,TRAMO RECTO,PLANA ,ASFALTADA,,,,,EN PROCESO DE INVESTIGACIÓN,NO CUENTA CON CAUSA ESPECIFICA,20.0,0,2022.0,7.0,5.0,1,3,2,0,0.0,0.0,0.0,0.0,0,0,28.0,0.0,0,0,3,0.0,0.0,1
A-2022-07-261,2022-07-03,07:30,CHOQUE,3,6,5,ICA,CHINCHA,GROCIO PRADO,RURAL,CARRETERA,NACIONAL,PE-1S,-13.38707444,-76.20203622,DESPEJADO,RURAL,TRAMO RECTO,PLANA ,ASFALTADA,,,,,IMPRUDENCIA DEL CONDUCTOR,FATIGA Y/O CANSANCIO,7.0,2,2022.0,7.0,6.0,1,1,2,0,0.0,0.0,0.0,0.0,0,0,38.416666666666664,15.825516411699482,0,5,12,0.0,0.417,0
A-2022-07-3,2022-07-03,10:30,ATROPELLO,1,0,0,CALLAO,CALLAO,CALLAO,URBANA,AVENIDA,URBANO,NO CORRESPONDE,-12.062088097143755,-77.14276654465186,DESPEJADO,COMERCIAL,TRAMO RECTO,PLANA ,ASFALTADA,NO,,,SI,IMPRUDENCIA DEL CONDUCTOR,OTRO (IMPRUDENCIA DEL CONDUCTOR),10.0,0,2022.0,7.0,6.0,1,1,2,0,1.0,0.0,0.0,1.0,0,1,52.0,15.556349186104045,0,1,2,0.0,0.5,0
A-2022-07-213,2022-07-03,14:30,VOLCADURA,2,1,0,APURIMAC,COTABAMBAS,MARA,RURAL,CARRETERA,SIN CLASIFICAR,SIN CLASIFICAR,-14.033949034102209,-72.14636488596634,,,,,,,,,,EN PROCESO DE INVESTIGACIÓN,NO CUENTA CON CAUSA ESPECIFICA,14.0,1,2022.0,7.0,6.0,1,2,2,1,0.0,1.0,1.0,2.0,0,0,47.666666666666664,18.823743871327334,0,0,3,0.0,0.0,0
A-2022-07-61,2022-07-03,16:00,DESPISTE,3,0,1,LA LIBERTAD,PATAZ,PATAZ,RURAL,CARRETERA,PROVINCIAL,LI-861,-7.788201,-77.595033,DESPEJADO,RURAL,TRAMO RECTO,PLANA ,AFIRMADO,,,,,IMPRUDENCIA DEL CONDUCTOR,OTRO (IMPRUDENCIA DEL CONDUCTOR),16.0,2,2022.0,7.0,6.0,1,2,2,0,0.0,0.0,1.0,1.0,0,0,27.0,2.6457513110645907,0,1,3,0.0,0.333,0
A-2022-07-36,2022-07-03,18:30,ATROPELLO,1,0,1,LA LIBERTAD,ASCOPE,CHICAMA,RURAL,CARRETERA,NACIONAL,PE-1N,-7.8757916009639155,-79.13215306921666,DESPEJADO,RURAL,TRAMO RECTO,PLANA ,ASFALTADA,,,,,IMPRUDENCIA DEL CONDUCTOR,ADELANTAR INDEBIDAMENTE,18.0,0,2022.0,7.0,6.0,1,3,2,0,0.0,0.0,0.0,0.0,0,0,52.5,9.192388155425117,0,1,2,0.0,0.5,1
A-2022-07-44,2022-07-03,20:10,DESPISTE,1,0,1,LIMA,BARRANCA,PATIVILCA,URBANA,CARRETERA,NACIONAL,PE-16A,-10.661403010346053,-77.77216329846316,NUBLADO,RURAL,TRAMO RECTO,PLANA ,ASFALTADA,,,,,EN PROCESO DE INVESTIGACIÓN,NO CUENTA CON CAUSA ESPECIFICA,20.0,0,2022.0,7.0,6.0,1,3,2,0,0.0,0.0,0.0,0.0,0,0,62.0,0.0,0,0,1,0.0,0.0,1
A-2022-07-62,2022-07-03,23:00,DESPISTE,2,2,1,LA LIBERTAD,PATAZ,ONGON,RURAL,CARRETERA,DEPARTAMENTAL,LI-129,-8.194369,-76.982986,DESPEJADO,RURAL,TRAMO RECTO,INCLINADA,AFIRMADO,,,,,IMPRUDENCIA DEL CONDUCTOR,EXCESO DE VELOCIDAD,23.0,1,2022.0,7.0,6.0,1,3,2,0,0.0,1.0,1.0,2.0,0,0,37.75,13.549292724468438,0,1,4,0.0,0.25,1
A-2022-07-246,2022-07-03,23:30,CHOQUE,1,0,0,JUNIN,SATIPO,RIO NEGRO,RURAL,CARRETERA,NACIONAL,PE-5S,-11.21196936009697,-74.65767326686544,,,,,,,,,,EN PROCESO DE INVESTIGACIÓN,NO CUENTA CON CAUSA ESPECIFICA,23.0,0,2022.0,7.0,6.0,1,3,2,1,0.0,1.0,1.0,2.0,0,0,35.5,12.020815280171307,0,1,2,0.0,0.5,1
A-2022-07-185,2022-07-04,03:50,CHOQUE CON OBJETO FIJO,1,0,1,LIMA,LIMA,BARRANCO,URBANA,OTRO,URBANO,NO CORRESPONDE,-12.1522147,-77.0244595,DESPEJADO,RESIDENCIAL,TRAMO RECTO,PLANA ,ASFALTADA,,,,,EN PROCESO DE INVESTIGACIÓN,NO CUENTA CON CAUSA ESPECIFICA,3.0,0,2022.0,7.0,0.0,0,0,2,0,2.0,0.0,0.0,2.0,0,0,39.0,0.0,0,0,1,0.0,0.0,1
A-2022-07-142,2022-07-04,14:40,DESPISTE,1,0,0,PIURA,PIURA,VEINTISEIS DE OCTUBRE,URBANA,AVENIDA,URBANO,NO CORRESPONDE,-5.183466,-80.664198,DESPEJADO,RURAL,TRAMO RECTO,PLANA ,ASFALTADA,,,,,EN PROCESO DE INVESTIGACIÓN,NO CUENTA CON CAUSA ESPECIFICA,14.0,0,2022.0,7.0,0.0,0,2,2,0,1.0,0.0,0.0,1.0,0,0,56.0,0.0,1,1,1,1.0,1.0,0
A-2022-07-35,2022-07-05,04:30,CHOQUE,2,3,2,AREQUIPA,ISLAY,MOLLENDO,RURAL,CARRETERA,NACIONAL,PE-1S,-16.867949,-71.851756,DESPEJADO,RURAL,TRAMO RECTO,PLANA ,ASFALTADA,SI,REGULADORA (R),,SI,EN PROCESO DE INVESTIGACIÓN,NO CUENTA CON CAUSA ESPECIFICA,4.0,1,2022.0,7.0,1.0,0,0,2,0,0.0,0.0,0.0,0.0,0,0,34.4,2.302172886644269,0,2,5,0.0,0.4,1
A-2022-07-93,2022-07-05,05:15,CHOQUE,1,3,2,LAMBAYEQUE,LAMBAYEQUE,LAMBAYEQUE,RURAL,CARRETERA,NACIONAL,PE-1N,-6.725805,-79.891082,DESPEJADO,RURAL,TRAMO RECTO,PLANA ,ASFALTADA,,,,,EN PROCESO DE INVESTIGACIÓN,NO CUENTA CON CAUSA ESPECIFICA,5.0,0,2022.0,7.0,1.0,0,0,2,0,0.0,0.0,0.0,0.0,0,0,33.4,8.96102672688794,0,1,5,0.0,0.2,1