CODIGO_SINIESTRO,FECHA_SINIESTRO,HORA_SINIESTRO,CLASE_SINIESTRO,CANTIDAD_FALLECIDOS,CANTIDAD_LESIONADOS,CANTIDAD_VEHICULOS,DEPARTAMENTO,PROVINCIA,DISTRITO,ZONA,TIPO_VIA,RED_VIAL,COD_CARRETERA,LATITUD,LONGITUD,CONDICION_CLIMATICA,ZONIFICACION,CARACTERISTICAS_VIA,PERFIL_VIA,SUPERFICIE_CALZADA,EXISTE_SENIAL_VERTICAL,CLASIFICACION_SENIAL_VERTICAL_1,CLASIFICACION_SENIAL_VERTICAL_2,EXISTE_SENIAL_HORIZONTAL,CAUSA_FACTOR_PRINCIPAL,CAUSA_ESPECIFICA,HORA,severidad,ANIO,MES,DIA_SEMANA,FIN_SEMANA,FRANJA_HORARIA,TEMPORADA,MACROREGION,TIPO_VIA_SCORE,PERFIL_VIA_SCORE,SUPERFICIE_CALZADA_SCORE,RIESGO_INFRAESTRUCTURA,RIESGO_CLIMATICO,SENIALIZACION_DEFICIENTE,EDAD_PROMEDIO,EDAD_STD,TOTAL_ALCOHOL,TOTAL_LICENCIA,TOTAL_PERSONAS,PCT_ALCOHOL,PCT_LICENCIA,ES_NOCHE
A-2022-07-217,2022-07-13,14:30,DESPISTE,1,5,0,CAJAMARCA,CAJAMARCA,ENCAÑADA,URBANA,CARRETERA,SIN CLASIFICAR,SIN CLASIFICAR,-6.82164882,-78.52600642,DESPEJADO,RURAL,TRAMO RECTO,PLANA ,AFIRMADO,,,,,EN PROCESO DE INVESTIGACIÓN,NO CUENTA CON CAUSA ESPECIFICA,14.0,0,2022.0,7.0,2.0,0,2,2,1,0.0,0.0,1.0,1.0,0,0,33.333333333333336,18.84321274800735,0,0,6,0.0,0.0,0
A-2022-07-175,2022-07-13,17:39,CHOQUE FUGA,1,0,2,LIMA,LIMA,CHORRILLOS,URBANA,AVENIDA,URBANO,NO CORRESPONDE,-12.18948712406167,-77.01445676943,DESPEJADO,COMERCIAL,TRAMO RECTO,PLANA ,ASFALTADA,,,,,EN PROCESO DE INVESTIGACIÓN,NO CUENTA CON CAUSA ESPECIFICA,17.0,0,2022.0,7.0,2.0,0,2,2,0,1.0,0.0,0.0,1.0,0,0,47.0,28.284271247461902,0,1,3,0.0,0.333,0
A-2022-07-155,2022-07-13,19:00,DESPISTE,3,0,1,PUNO,SAN ANTONIO DE PUTINA,QUILCAPUNCU,RURAL,CARRETERA,PROVINCIAL,PU-844,-14.915627743532644,-69.6893610980596,DESPEJADO,RURAL,CURVA,PLANA ,ASFALTADA,,,,,IMPRUDENCIA DEL CONDUCTOR,EXCESO DE VELOCIDAD,19.0,2,2022.0,7.0,2.0,0,3,2,1,0.0,0.0,0.0,0.0,0,0,49.333333333333336,22.854612955229264,0,0,3,0.0,0.0,1
A-2022-07-174,2022-07-14,17:00,DESPISTE,1,1,1,LIMA,CAÑETE,CHILCA,URBANA,CARRETERA,NACIONAL,PE-1S,-12.467895289616358,-76.75040776641067,DESPEJADO,RESIDENCIAL,CURVA,PLANA ,ASFALTADA,,,,,EN PROCESO DE INVESTIGACIÓN,NO CUENTA CON CAUSA ESPECIFICA,17.0,0,2022.0,7.0,3.0,0,2,2,0,0.0,0.0,0.0,0.0,0,0,22.666666666666668,19.55334583474995,0,1,3,0.0,0.333,0
A-2022-07-80,2022-07-14,19:30,CHOQUE,1,0,2,LA LIBERTAD,OTUZCO,USQUIL,RURAL,CARRETERA,PROVINCIAL,LI-787,-7.861107712087386,-78.47893183237632,DESPEJADO,RURAL,TRAMO RECTO,PLANA ,AFIRMADO,,,,,EN PROCESO DE INVESTIGACIÓN,NO CUENTA CON CAUSA ESPECIFICA,19.0,0,2022.0,7.0,3.0,0,3,2,0,0.0,0.0,1.0,1.0,0,0,21.5,9.192388155425117,0,1,2,0.0,0.5,1
A-2022-07-210,2022-07-15,06:00,CHOQUE,1,1,0,TACNA,JORGE BASADRE,LOCUMBA,RURAL,CARRETERA,PROVINCIAL,TA-573,-17.614852,-70.761441,,,,,,,,,,EN PROCESO DE INVESTIGACIÓN,NO CUENTA CON CAUSA ESPECIFICA,6.0,0,2022.0,7.0,4.0,0,1,2,0,0.0,1.0,1.0,2.0,0,0,35.5,3.5355339059327378,0,0,2,0.0,0.0,0
A-2022-07-18,2022-07-15,06:30,ATROPELLO FUGA,1,0,0,PUNO,CHUCUITO,JULI,RURAL,CARRETERA,NACIONAL,PE-3S,-16.236553,-69.376548,DESPEJADO,RURAL,TRAMO RECTO,PLANA ,ASFALTADA,,,,,IMPERICIA DEL CONDUCTOR,,6.0,0,2022.0,7.0,4.0,0,1,2,1,0.0,0.0,0.0,0.0,0,0,17.0,0.0,0,0,2,0.0,0.0,0
A-2022-07-40,2022-07-15,07:10,CHOQUE,1,1,2,SAN MARTIN,RIOJA,NUEVA CAJAMARCA,URBANA,CARRETERA,NACIONAL,PE-5N,-5.935687,-77.309991,DESPEJADO,RESIDENCIAL,TRAMO RECTO,PLANA ,ASFALTADA,,,,,IMPRUDENCIA DEL CONDUCTOR,OTRO (IMPRUDENCIA DEL CONDUCTOR),7.0,0,2022.0,7.0,4.0,0,1,2,2,0.0,0.0,0.0,0.0,0,0,24.666666666666668,16.441816606851365,0,1,3,0.0,0.333,0
A-2022-07-81,2022-07-15,09:30,DESPISTE,1,0,1,LA LIBERTAD,GRAN CHIMU,CASCAS,RURAL,CARRETERA,PROVINCIAL,LI-697,-7.489934525299659,-78.8151090444654,DESPEJADO,RURAL,CURVA,PLANA ,AFIRMADO,,,,,EN PROCESO DE INVESTIGACIÓN,NO CUENTA CON CAUSA ESPECIFICA,9.0,0,2022.0,7.0,4.0,0,1,2,0,0.0,0.0,1.0,1.0,0,0,72.0,0.0,0,0,1,0.0,0.0,0
A-2022-07-112,2022-07-15,14:30,DESPISTE,1,3,1,HUANCAVELICA,CASTROVIRREYNA,AURAHUA,RURAL,CARRETERA,DEPARTAMENTAL,HV-114,-13.033097,-75.57604,DESPEJADO,RURAL,CURVA,INCLINADA,AFIRMADO,,,,,EN PROCESO DE INVESTIGACIÓN,NO CUENTA CON CAUSA ESPECIFICA,14.0,0,2022.0,7.0,4.0,0,2,2,1,0.0,1.0,1.0,2.0,0,0,32.25,13.549292724468438,0,1,4,0.0,0.25,0
A-2022-07-205,2022-07-15,19:30,DESPISTE,1,0,0,ANCASH,HUARAZ,PAMPAS GRANDE,RURAL,CARRETERA,PROVINCIAL,AN-1136,-9.633327604746734,-77.81350822599504,DESPEJADO,RURAL,OTRO,INCLINADA,TROCHA,,,,,EN PROCESO DE INVESTIGACIÓN,NO CUENTA CON CAUSA ESPECIFICA,19.0,0,2022.0,7.0,4.0,0,3,2,0,0.0,1.0,2.0,3.0,0,0,28.0,0.0,0,0,1,0.0,0.0,1
A-2022-07-98,2022-07-15,19:50,CAÍDA DE PASAJERO,1,0,2,LA LIBERTAD,VIRU,VIRU,RURAL,CARRETERA,NACIONAL,PE-1N,-8.411636,-78.802653,DESPEJADO,RURAL,TRAMO RECTO,PLANA ,ASFALTADA,,,,,EN PROCESO DE INVESTIGACIÓN,NO CUENTA CON CAUSA ESPECIFICA,19.0,0,2022.0,7.0,4.0,0,3,2,0,0.0,0.0,0.0,0.0,0,0,24.0,13.076696830622021,0,1,3,0.0,0.333,1
A-2022-07-47,2022-07-15,20:10,ATROPELLO,1,1,1,AREQUIPA,ISLAY,COCACHACRA,RURAL,CARRETERA,NACIONAL,PE-1SJ,-17.065689,-71.720833,DESPEJADO,RURAL,TRAMO RECTO,PLANA ,ASFALTADA,NO,,,SI,EN PROCESO DE INVESTIGACIÓN,NO CUENTA CON CAUSA ESPECIFICA,20.0,0,2022.0,7.0,4.0,0,3,2,0,0.0,0.0,0.0,0.0,0,1,42.0,15.556349186104045,0,0,2,0.0,0.0,1
A-2022-07-206,2022-07-16,03:28,CHOQUE,1,0,0,ANCASH,CASMA,CASMA,RURAL,CARRETERA,NACIONAL,PE-1N,-9.451092,-78.345081,DESPEJADO,RURAL,CURVA,PLANA ,ASFALTADA,,,,,EN PROCESO DE INVESTIGACIÓN,NO CUENTA CON CAUSA ESPECIFICA,3.0,0,2022.0,7.0,5.0,1,0,2,0,0.0,0.0,0.0,0.0,0,0,41.5,10.606601717798213,0,1,2,0.0,0.5,1
A-2022-07-54,2022-07-16,04:00,DESPISTE,3,0,1,CUSCO,PAUCARTAMBO,CHALLABAMBA,RURAL,CARRETERA,DEPARTAMENTAL,CU-113,-13.2397707,-71.6174155,DESPEJADO,RURAL,CURVA,PLANA ,AFIRMADO,,,,,NEGLIGENCIA DEL CONDUCTOR,OTRO (NEGLIGENCIA DEL CONDUCTOR),4.0,2,2022.0,7.0,5.0,1,0,2,1,0.0,0.0,1.0,1.0,0,0,39.0,1.0,0,1,3,0.0,0.333,1
A-2022-07-31,2022-07-16,08:20,CHOQUE,1,0,1,PUNO,CHUCUITO,JULI,RURAL,CARRETERA,NACIONAL,PE-3S,-16.220431,-69.391403,DESPEJADO,RURAL,TRAMO RECTO,PLANA ,ASFALTADA,,,,,IMPRUDENCIA DEL CONDUCTOR,INVASIÓN DE CARRIL,8.0,0,2022.0,7.0,5.0,1,1,2,1,0.0,0.0,0.0,0.0,0,0,26.0,0.0,0,1,2,0.0,0.5,0
A-2022-07-43,2022-07-16,10:40,CHOQUE,2,0,2,SAN MARTIN,RIOJA,RIOJA,URBANA,CARRETERA,NACIONAL,PE-5N,-6.054252,-77.165076,DESPEJADO,COMERCIAL,CURVA,PLANA ,ASFALTADA,SI,PREVENTIVA (P),PREVENTIVA (P),NO,IMPRUDENCIA DEL CONDUCTOR,EXCESO DE VELOCIDAD,10.0,1,2022.0,7.0,5.0,1,1,2,2,0.0,0.0,0.0,0.0,0,1,31.0,27.784887978899608,0,2,3,0.0,0.667,0
A-2022-07-172,2022-07-16,14:30,ATROPELLO,1,0,0,LIMA,LIMA,INDEPENDENCIA,URBANA,CALLE,URBANO,NO CORRESPONDE,-11.974440618554572,-77.05580349036597,DESPEJADO,RESIDENCIAL,TRAMO RECTO,PLANA ,TROCHA,,,,,EN PROCESO DE INVESTIGACIÓN,NO CUENTA CON CAUSA ESPECIFICA,14.0,0,2022.0,7.0,5.0,1,2,2,0,2.0,0.0,2.0,4.0,0,0,22.5,30.405591591021544,0,1,2,0.0,0.5,0
A-2022-07-259,2022-07-16,23:55,DESPISTE,1,0,1,PIURA,SULLANA,SULLANA,RURAL,CARRETERA,PROVINCIAL,PI-986,-4.931,-80.631,DESPEJADO,RURAL,TRAMO RECTO,PLANA ,AFIRMADO,,,,,EN PROCESO DE INVESTIGACIÓN,NO CUENTA CON CAUSA ESPECIFICA,23.0,0,2022.0,7.0,5.0,1,3,2,0,0.0,0.0,1.0,1.0,0,0,19.0,0.0,0,0,1,0.0,0.0,1
A-2022-07-173,2022-07-17,00:00,ATROPELLO,1,0,0,LIMA,LIMA,RIMAC,URBANA,CARRETERA,NACIONAL,PE-1N,-12.0414462,-77.032747,DESPEJADO,COMERCIAL,TRAMO RECTO,PLANA ,ASFALTADA,,,,,EN PROCESO DE INVESTIGACIÓN,NO CUENTA CON CAUSA ESPECIFICA,0.0,0,2022.0,7.0,6.0,1,0,2,0,0.0,0.0,0.0,0.0,0,0,58.0,0.0,0,1,2,0.0,0.5,1
A-2022-07-220,2022-07-17,05:10,CHOQUE CON OBJETO FIJO,1,0,1,UCAYALI,CORONEL PORTILLO,CALLERIA,RURAL,CARRETERA,NACIONAL,PE-18C,-8.397753,-74.602609,DESPEJADO,RURAL,TRAMO RECTO,PLANA ,ASFALTADA,,,,,IMPRUDENCIA DEL CONDUCTOR,CONDUCIR EN ESTADO DE EBRIEDAD Y/O DROGADICCIÓN,5.0,0,2022.0,7.0,6.0,1,0,2,2,0.0,0.0,0.0,0.0,0,0,27.0,0.0,0,1,1,0.0,1.0,1
A-2022-07-94,2022-07-17,07:00,ATROPELLO FUGA,1,0,1,LAMBAYEQUE,LAMBAYEQUE,LAMBAYEQUE,URBANA,CARRETERA,NACIONAL,PE-1N,-6.689793,-79.903521,DESPEJADO,INDUSTRIAL,TRAMO RECTO,PLANA ,ASFALTADA,,,,,EN PROCESO DE INVESTIGACIÓN,NO CUENTA CON CAUSA ESPECIFICA,7.0,0,2022.0,7.0,6.0,1,1,2,0,0.0,0.0,0.0,0.0,0,0,30.0,0.0,0,0,2,0.0,0.0,0
A-2022-07-99,2022-07-17,10:30,DESPISTE,1,0,1,LA LIBERTAD,SANCHEZ CARRION,SARTIMBAMBA,RURAL,CARRETERA,SIN CLASIFICAR,SIN CLASIFICAR,-7.512883811985602,-77.8255790040034,DESPEJADO,RURAL,TRAMO RECTO,PLANA ,TROCHA,,,,,IMPRUDENCIA DEL CONDUCTOR,OTRO (IMPRUDENCIA DEL CONDUCTOR),10.0,0,2022.0,7.0,6.0,1,1,2,0,0.0,0.0,2.0,2.0,0,0,34.0,0.0,0,1,1,0.0,1.0,0
A-2022-07-218,2022-07-17,16:00,DESPISTE,1,0,1,CAJAMARCA,CAJAMARCA,COSPAN,URBANA,CARRETERA,SIN CLASIFICAR,SIN CLASIFICAR,-7.47553218,-78.48339357,DESPEJADO,RURAL,TRAMO RECTO,PLANA ,ASFALTADA,,,,,EN PROCESO DE INVESTIGACIÓN,NO CUENTA CON CAUSA ESPECIFICA,16.0,0,2022.0,7.0,6.0,1,2,2,1,0.0,0.0,0.0,0.0,0,0,22.5,0.7071067811865476,0,0,2,0.0,0.0,0
A-2022-07-253,2022-07-17,18:30,CHOQUE,2,2,4,JUNIN,HUANCAYO,PILCOMAYO,URBANA,AVENIDA,URBANO,NO CORRESPONDE,-12.05565008644459,-75.26356563031626,DESPEJADO,COMERCIAL,TRAMO RECTO,PLANA ,ASFALTADA,,,,,IMPRUDENCIA DEL CONDUCTOR,CONDUCIR EN ESTADO DE EBRIEDAD Y/O DROGADICCIÓN,18.0,1,2022.0,7.0,6.0,1,3,2,1,1.0,0.0,0.0,1.0,0,0,42.0,17.451974918943375,0,0,8,0.0,0.0,1
A-2022-07-32,2022-07-17,18:45,ATROPELLO,1,2,1,PUNO,PUNO,PUNO,URBANA,CARRETERA,PROVINCIAL,PU-1093,-15.827552011713063,-70.0399982042656,DESPEJADO,COMERCIAL,TRAMO RECTO,PLANA ,ASFALTADA,,,,,IMPRUDENCIA DEL PEATÓN,ESTADO DE EBRIEDAD Y/O DROGADICCIÓN,18.0,0,2022.0,7.0,6.0,1,3,2,1,0.0,0.0,0.0,0.0,0,0,41.333333333333336,15.01110699893027,0,0,3,0.0,0.0,1
A-2022-07-171,2022-07-18,04:30,ATROPELLO FUGA,1,0,0,LIMA,LIMA,VILLA EL SALVADOR,URBANA,CARRETERA,NACIONAL,PE-1S,-12.195246,-76.972876,DESPEJADO,COMERCIAL,TRAMO RECTO,PLANA ,ASFALTADA,,,,,EN PROCESO DE INVESTIGACIÓN,NO CUENTA CON CAUSA ESPECIFICA,4.0,0,2022.0,7.0,0.0,0,0,2,0,0.0,0.0,0.0,0.0,0,0,0.0,0.0,0,0,2,0.0,0.0,1
A-2022-07-50,2022-07-18,05:20,CHOQUE,1,0,2,SAN MARTIN,RIOJA,RIOJA,RURAL,CARRETERA,NACIONAL,PE-5N,-6.035245,-77.199399,NUBLADO,RURAL,TRAMO RECTO,PLANA ,ASFALTADA,,,,,IMPRUDENCIA DEL CONDUCTOR,OTRO (IMPRUDENCIA DEL CONDUCTOR),5.0,0,2022.0,7.0,0.0,0,0,2,2,0.0,0.0,0.0,0.0,0,0,37.0,0.0,0,1,2,0.0,0.5,1
A-2022-07-114,2022-07-18,08:10,DESPISTE,2,3,1,HUANCAVELICA,HUANCAVELICA,ACORIA,RURAL,CARRETERA,SIN CLASIFICAR,SIN CLASIFICAR,-12.602246,-74.89356,DESPEJADO,RURAL,CURVA,INCLINADA,AFIRMADO,,,,,EN PROCESO DE INVESTIGACIÓN,NO CUENTA CON CAUSA ESPECIFICA,8.0,1,2022.0,7.0,0.0,0,1,2,1,0.0,1.0,1.0,2.0,0,0,35.333333333333336,9.29157324317757,0,1,5,0.0,0.2,0
A-2022-07-113,2022-07-18,10:30,DESPISTE,1,2,1,HUANCAVELICA,ANGARAES,HUANCA-HUANCA,RURAL,CARRETERA,DEPARTAMENTAL,HV-108,-12.92037,-74.60971,DESPEJADO,RURAL,CURVA,INCLINADA,CASCAJO/RIPIO,,,,,EN PROCESO DE INVESTIGACIÓN,NO CUENTA CON CAUSA ESPECIFICA,10.0,0,2022.0,7.0,0.0,0,1,2,1,0.0,1.0,1.0,2.0,0,0,30.0,7.0,0,0,3,0.0,0.0,0
A-2022-07-48,2022-07-18,18:30,ATROPELLO,1,2,1,CUSCO,ANTA,ANCAHUASI,RURAL,CARRETERA,NACIONAL,PE-3S,-13.46253447,-72.28728973,DESPEJADO,RURAL,TRAMO RECTO,INCLINADA,ASFALTADA,SI,REGULADORA (R),,SI,IMPRUDENCIA DEL PEATÓN,ESTADO DE EBRIEDAD Y/O DROGADICCIÓN,18.0,0,2022.0,7.0,0.0,0,3,2,1,0.0,1.0,0.0,1.0,0,0,30.333333333333332,6.6583281184793925,1,0,3,0.333,0.0,1
A-2022-07-156,2022-07-18,20:05,ATROPELLO,1,0,1,PUNO,PUNO,PAUCARCOLLA,RURAL,CARRETERA,NACIONAL,PE-3S,-15.6436849,-70.0829097,SOLEADO,RURAL,TRAMO RECTO,PLANA ,ASFALTADA,,,,,IMPRUDENCIA DEL PEATÓN,CRUCE INDEBIDO POR LA CALZADA,20.0,0,2022.0,7.0,0.0,0,3,2,1,0.0,0.0,0.0,0.0,0,0,51.0,32.526911934581186,0,1,2,0.0,0.5,1
A-2022-07-38,2022-07-19,03:00,DESPISTE,1,0,1,PUNO,CHUCUITO,PISACOMA,RURAL,CARRETERA,DEPARTAMENTAL,PU-152,-16.84497,-69.320417,DESPEJADO,RURAL,TRAMO RECTO,PLANA ,ASFALTADA,,,,,IMPRUDENCIA DEL CONDUCTOR,EXCESO DE VELOCIDAD,3.0,0,2022.0,7.0,1.0,0,0,2,1,0.0,0.0,0.0,0.0,0,0,44.0,0.0,0,0,1,0.0,0.0,1
A-2022-07-100,2022-07-19,09:00,DESPISTE,2,2,1,LA LIBERTAD,SANCHEZ CARRION,CHUGAY,RURAL,CARRETERA,PROVINCIAL,LI-901,-7.894453,-77.737723,DESPEJADO,RURAL,TRAMO RECTO,PLANA ,TROCHA,,,,,IMPRUDENCIA DEL CONDUCTOR,OTRO (IMPRUDENCIA DEL CONDUCTOR),9.0,1,2022.0,7.0,1.0,0,1,2,0,0.0,0.0,2.0,2.0,0,0,39.75,10.719919153924002,0,1,4,0.0,0.25,0
A-2022-07-248,2022-07-19,09:00,ATROPELLO,1,0,0,JUNIN,CHANCHAMAYO,PICHANAQUI,URBANA,JIRÓN,URBANO,NO CORRESPONDE,-10.925326459463628,-74.86886498178698,,,,,,,,,,EN PROCESO DE INVESTIGACIÓN,NO CUENTA CON CAUSA ESPECIFICA,9.0,0,2022.0,7.0,1.0,0,1,2,1,1.0,1.0,1.0,3.0,0,0,23.0,31.11269837220809,0,1,2,0.0,0.5,0
A-2022-07-170,2022-07-19,20:00,ATROPELLO FUGA,1,0,0,LIMA,LIMA,SANTA ANITA,URBANA,AVENIDA,URBANO,NO CORRESPONDE,-12.042063440615488,-76.96575702002707,DESPEJADO,COMERCIAL,TRAMO RECTO,PLANA ,ASFALTADA,,,,,EN PROCESO DE INVESTIGACIÓN,NO CUENTA CON CAUSA ESPECIFICA,20.0,0,2022.0,7.0,1.0,0,3,2,0,1.0,0.0,0.0,1.0,0,0,0.0,0.0,0,0,2,0.0,0.0,1
A-2022-07-233,2022-07-20,05:30,CHOQUE,1,0,2,LIMA,HUAURA,HUACHO,URBANA,CARRETERA,NACIONAL,PE-1N,-11.120190190215116,-77.59397243294644,DESPEJADO,RESIDENCIAL,INTERSECCIÓN,PLANA ,ASFALTADA,SI,REGULADORA (R),PREVENTIVA (P),NO,IMPRUDENCIA DEL CONDUCTOR,NO ESTABLECER EL DERECHO DE PASO,5.0,0,2022.0,7.0,2.0,0,0,2,0,0.0,0.0,0.0,0.0,0,1,38.5,7.7781745930520225,0,2,2,0.0,1.0,1
A-2022-07-169,2022-07-20,11:30,ATROPELLO,1,0,1,LIMA,LIMA,SAN JUAN DE MIRAFLORES,URBANA,AVENIDA,URBANO,NO CORRESPONDE,-12.16751676734652,-76.97859942866633,DESPEJADO,COMERCIAL,TRAMO RECTO,PLANA ,ASFALTADA,SI,PREVENTIVA (P),,NO,EN PROCESO DE INVESTIGACIÓN,NO CUENTA CON CAUSA ESPECIFICA,11.0,0,2022.0,7.0,2.0,0,1,2,0,1.0,0.0,0.0,1.0,0,1,81.0,8.48528137423857,0,1,2,0.0,0.5,0
A-2022-07-254,2022-07-20,12:20,ATROPELLO,1,0,1,JUNIN,HUANCAYO,EL TAMBO,RURAL,CARRETERA,NACIONAL,PE-3S,-12.053836,-75.224944,DESPEJADO,COMERCIAL,TRAMO RECTO,PLANA ,ASFALTADA,,,,,IMPRUDENCIA DEL PEATÓN,CRUCE INDEBIDO POR LA CALZADA,12.0,0,2022.0,7.0,2.0,0,2,2,1,0.0,0.0,0.0,0.0,0,0,64.5,30.405591591021544,0,1,2,0.0,0.5,0
A-2022-07-52,2022-07-20,15:30,DESPISTE,1,0,1,CUSCO,LA CONVENCION,SANTA TERESA,RURAL,CARRETERA,DEPARTAMENTAL,CU-109,-13.2786957,-72.6506313,DESPEJADO,RURAL,CURVA,INCLINADA,AFIRMADO,,,,,IMPRUDENCIA DEL CONDUCTOR,OTRO (IMPRUDENCIA DEL CONDUCTOR),15.0,0,2022.0,7.0,2.0,0,2,2,1,0.0,1.0,1.0,2.0,0,0,57.0,0.0,0,1,1,0.0,1.0,0
A-2022-07-272,2022-07-20,16:03,CHOQUE,1,0,2,UCAYALI,CORONEL PORTILLO,CALLERIA,RURAL,CARRETERA,NACIONAL,PE-18C,-8.395968,-74.595744,DESPEJADO,RURAL,TRAMO RECTO,PLANA ,ASFALTADA,,,,,IMPRUDENCIA DEL CONDUCTOR,ADELANTAR INDEBIDAMENTE,16.0,0,2022.0,7.0,2.0,0,2,2,2,0.0,0.0,0.0,0.0,0,0,46.5,34.64823227814083,0,1,2,0.0,0.5,0
A-2022-07-70,2022-07-20,17:00,CHOQUE,1,1,2,ICA,PISCO,SAN CLEMENTE,RURAL,CARRETERA,NACIONAL,PE-1SE,-13.654171,-76.17378,DESPEJADO,RURAL,TRAMO RECTO,PLANA ,ASFALTADA,,,,,IMPRUDENCIA DEL CONDUCTOR,ADELANTAR INDEBIDAMENTE,17.0,0,2022.0,7.0,2.0,0,2,2,0,0.0,0.0,0.0,0.0,0,0,50.333333333333336,16.772994167212165,0,2,3,0.0,0.667,0
A-2022-07-121,2022-07-20,19:10,CHOQUE,1,0,2,CUSCO,ESPINAR,OCORURO,RURAL,CARRETERA,NACIONAL,PE-34J,-15.1313954,-71.1118835,DESPEJADO,RURAL,TRAMO RECTO,PLANA ,ASFALTADA,,,,,IMPRUDENCIA DEL CONDUCTOR,EXCESO DE VELOCIDAD,19.0,0,2022.0,7.0,2.0,0,3,2,1,0.0,0.0,0.0,0.0,0,0,53.5,16.263455967290593,0,1,2,0.0,0.5,1
A-2022-07-75,2022-07-20,20:00,CHOQUE,1,0,2,CUSCO,ESPINAR,ESPINAR,RURAL,CARRETERA,NACIONAL,PE-3SW,-14.821055,-71.44522,DESPEJADO,RURAL,TRAMO RECTO,PLANA ,ASFALTADA,,,,,IMPRUDENCIA DEL CONDUCTOR,INVASIÓN DE CARRIL,20.0,0,2022.0,7.0,2.0,0,3,2,1,0.0,0.0,0.0,0.0,0,0,49.0,24.041630560342615,0,1,2,0.0,0.5,1
A-2022-07-207,2022-07-20,22:10,CHOQUE,1,0,0,ANCASH,CASMA,CASMA,RURAL,CARRETERA,NACIONAL,PE-1N,-9.498109,-78.27814,DESPEJADO,RURAL,TRAMO RECTO,PLANA ,ASFALTADA,,,,,EN PROCESO DE INVESTIGACIÓN,NO CUENTA CON CAUSA ESPECIFICA,22.0,0,2022.0,7.0,2.0,0,3,2,0,0.0,0.0,0.0,0.0,0,0,32.0,1.4142135623730951,0,2,2,0.0,1.0,1
A-2022-07-188,2022-07-20,23:15,ATROPELLO,1,0,0,PIURA,PIURA,CATACAOS,RURAL,CARRETERA,NACIONAL,PE-1NK,-5.271768,-80.673933,DESPEJADO,RURAL,TRAMO RECTO,PLANA ,ASFALTADA,,,,,EN PROCESO DE INVESTIGACIÓN,NO CUENTA CON CAUSA ESPECIFICA,23.0,0,2022.0,7.0,2.0,0,3,2,0,0.0,0.0,0.0,0.0,0,0,34.0,12.727922061357855,0,1,2,0.0,0.5,1
A-2022-07-157,2022-07-20,23:30,CHOQUE,1,0,1,PUNO,HUANCANE,HUANCANE,RURAL,CARRETERA,NACIONAL,PE-34H,-15.1432686,-69.8198488,DESPEJADO,RURAL,TRAMO RECTO,PLANA ,ASFALTADA,,,,,IMPRUDENCIA DEL CONDUCTOR,EXCESO DE VELOCIDAD,23.0,0,2022.0,7.0,2.0,0,3,2,1,0.0,0.0,0.0,0.0,0,0,28.0,15.556349186104045,0,1,2,0.0,0.5,1
A-2022-07-71,2022-07-21,05:30,CHOQUE,1,1,2,ICA,PISCO,SAN ANDRES,URBANA,CARRETERA,NACIONAL,PE-1S,-13.721737021950393,-76.15562898657214,DESPEJADO,RURAL,TRAMO RECTO,PLANA ,ASFALTADA,,,,,IMPRUDENCIA DEL CONDUCTOR,ADELANTAR INDEBIDAMENTE,5.0,0,2022.0,7.0,3.0,0,0,2,0,0.0,0.0,0.0,0.0,0,0,31.0,18.35755975068582,0,2,3,0.0,0.667,1
A-2022-07-42,2022-07-21,08:30,CHOQUE,1,0,2,PUNO,CHUCUITO,HUACULLANI,RURAL,CARRETERA,NACIONAL,PE-36A,-16.593188,-69.377548,DESPEJADO,RURAL,TRAMO RECTO,PLANA ,ASFALTADA,,,,,IMPRUDENCIA DEL CONDUCTOR,FATIGA Y/O CANSANCIO,8.0,0,2022.0,7.0,3.0,0,1,2,1,0.0,0.0,0.0,0.0,0,0,32.0,4.242640687119285,0,1,2,0.0,0.5,0
A-2022-07-256,2022-07-21,15:10,CHOQUE,2,1,2,AYACUCHO,HUAMANGA,CARMEN ALTO,RURAL,CARRETERA,NACIONAL,PE-3S,-13.209896264100284,-74.22590733364764,DESPEJADO,RURAL,CURVA,INCLINADA,ASFALTADA,,,,,IMPRUDENCIA DEL CONDUCTOR,EXCESO DE VELOCIDAD,15.0,1,2022.0,7.0,3.0,0,2,2,1,0.0,1.0,0.0,1.0,0,0,27.25,0.9574271077563381,0,2,4,0.0,0.5,0
A-2022-07-158,2022-07-22,18:30,CHOQUE,1,0,3,PUNO,SAN ROMAN,JULIACA,RURAL,CARRETERA,DEPARTAMENTAL,PU-124,-15.4304877,-70.3009436,DESPEJADO,RURAL,TRAMO RECTO,PLANA ,ASFALTADA,,,,,IMPRUDENCIA DEL CONDUCTOR,CONDUCIR EN ESTADO DE EBRIEDAD Y/O DROGADICCIÓN,18.0,0,2022.0,7.0,4.0,0,3,2,1,0.0,0.0,0.0,0.0,0,0,36.0,16.3707055437449,1,2,3,0.333,0.667,1
A-2022-07-208,2022-07-22,20:00,ATROPELLO FUGA,1,0,0,ANCASH,SANTA,CHIMBOTE,URBANA,AVENIDA,URBANO,NO CORRESPONDE,-9.074447982735784,-78.57710554635807,DESPEJADO,COMERCIAL,TRAMO RECTO,PLANA ,ASFALTADA,,,,,EN PROCESO DE INVESTIGACIÓN,NO CUENTA CON CAUSA ESPECIFICA,20.0,0,2022.0,7.0,4.0,0,3,2,0,1.0,0.0,0.0,1.0,0,0,0.0,0.0,0,0,2,0.0,0.0,1