CODIGO_SINIESTRO,FECHA_SINIESTRO,HORA_SINIESTRO,CLASE_SINIESTRO,CANTIDAD_FALLECIDOS,CANTIDAD_LESIONADOS,CANTIDAD_VEHICULOS,DEPARTAMENTO,PROVINCIA,DISTRITO,ZONA,TIPO_VIA,RED_VIAL,COD_CARRETERA,LATITUD,LONGITUD,CONDICION_CLIMATICA,ZONIFICACION,CARACTERISTICAS_VIA,PERFIL_VIA,SUPERFICIE_CALZADA,EXISTE_SENIAL_VERTICAL,CLASIFICACION_SENIAL_VERTICAL_1,CLASIFICACION_SENIAL_VERTICAL_2,EXISTE_SENIAL_HORIZONTAL,CAUSA_FACTOR_PRINCIPAL,CAUSA_ESPECIFICA,HORA,severidad,ANIO,MES,DIA_SEMANA,FIN_SEMANA,FRANJA_HORARIA,TEMPORADA,MACROREGION,TIPO_VIA_SCORE,PERFIL_VIA_SCORE,SUPERFICIE_CALZADA_SCORE,RIESGO_INFRAESTRUCTURA,RIESGO_CLIMATICO,SENIALIZACION_DEFICIENTE,EDAD_PROMEDIO,EDAD_STD,TOTAL_ALCOHOL,TOTAL_LICENCIA,TOTAL_PERSONAS,PCT_ALCOHOL,PCT_LICENCIA,ES_NOCHE
A-2022-07-101,2022-07-22,20:20,ATROPELLO,1,0,1,LA LIBERTAD,TRUJILLO,VICTOR LARCO HERRERA,URBANA,CARRETERA,NACIONAL,PE-1N,-8.143138,-79.049077,DESPEJADO,RESIDENCIAL,TRAMO RECTO,PLANA ,ASFALTADA,,,,,NEGLIGENCIA DEL CONDUCTOR,OTRO (NEGLIGENCIA DEL CONDUCTOR),20.0,0,2022.0,7.0,4.0,0,3,2,0,0.0,0.0,0.0,0.0,0,0,39.5,2.1213203435596424,0,1,2,0.0,0.5,1
A-2022-07-168,2022-07-23,16:00,DESPISTE,1,0,1,LIMA,LIMA,CARABAYLLO,URBANA,AVENIDA,URBANO,NO CORRESPONDE,-11.856792824116663,-77.04370578717374,DESPEJADO,RESIDENCIAL,TRAMO RECTO,PLANA ,ASFALTADA,NO,,,SI,EN PROCESO DE INVESTIGACIÓN,NO CUENTA CON CAUSA ESPECIFICA,16.0,0,2022.0,7.0,5.0,1,2,2,0,1.0,0.0,0.0,1.0,0,1,21.0,0.0,0,0,1,0.0,0.0,0
A-2022-07-247,2022-07-23,17:25,DESPISTE,1,2,1,JUNIN,YAULI,LA OROYA,URBANA,CARRETERA,NACIONAL,PE-3S,-11.530042812309487,-75.89507774491513,DESPEJADO,COMERCIAL,TRAMO RECTO,PLANA ,ASFALTADA,NO,,,SI,IMPRUDENCIA DEL CONDUCTOR,EXCESO DE VELOCIDAD,17.0,0,2022.0,7.0,5.0,1,2,2,1,0.0,0.0,0.0,0.0,0,1,45.75,18.661457606521523,0,1,4,0.0,0.25,0
A-2022-07-96,2022-07-23,22:00,DESPISTE,1,0,1,LAMBAYEQUE,CHICLAYO,PIMENTEL,RURAL,CARRETERA,SIN CLASIFICAR,SIN CLASIFICAR,-6.826392,-79.936177,DESPEJADO,RURAL,TRAMO RECTO,PLANA ,TROCHA,,,,,EN PROCESO DE INVESTIGACIÓN,NO CUENTA CON CAUSA ESPECIFICA,22.0,0,2022.0,7.0,5.0,1,3,2,0,0.0,0.0,2.0,2.0,0,0,32.0,0.0,0,1,1,0.0,1.0,1
A-2022-07-102,2022-07-23,23:00,CHOQUE FUGA,1,1,2,LA LIBERTAD,VIRU,VIRU,RURAL,CARRETERA,NACIONAL,PE-1N,-8.405742,-78.826346,DESPEJADO,RURAL,TRAMO RECTO,PLANA ,ASFALTADA,,,,,IMPRUDENCIA DEL CONDUCTOR,OTRO (IMPRUDENCIA DEL CONDUCTOR),23.0,0,2022.0,7.0,5.0,1,3,2,0,0.0,0.0,0.0,0.0,0,0,39.0,2.0,0,1,4,0.0,0.25,1
A-2022-07-271,2022-07-23,23:00,ATROPELLO,1,0,0,MADRE DE DIOS,TAHUAMANU,IBERIA,URBANA,AVENIDA,URBANO,NO CORRESPONDE,-11.405563,-69.490785,,,,,,,,,,EN PROCESO DE INVESTIGACIÓN,NO CUENTA CON CAUSA ESPECIFICA,23.0,0,2022.0,7.0,5.0,1,3,2,2,1.0,1.0,1.0,3.0,0,0,40.0,15.556349186104045,0,0,2,0.0,0.0,1
A-2022-07-103,2022-07-24,02:00,CHOQUE,1,1,2,LA LIBERTAD,VIRU,VIRU,RURAL,CARRETERA,NACIONAL,PE-1N,-8.41160984395962,-78.8027982981897,DESPEJADO,RURAL,TRAMO RECTO,PLANA ,ASFALTADA,,,,,EN PROCESO DE INVESTIGACIÓN,NO CUENTA CON CAUSA ESPECIFICA,2.0,0,2022.0,7.0,6.0,1,0,2,0,0.0,0.0,0.0,0.0,0,0,26.0,18.193405398660254,0,1,3,0.0,0.333,1
A-2022-07-273,2022-07-24,02:00,DESPISTE,1,0,0,LORETO,LORETO,NAUTA,URBANA,CARRETERA,DEPARTAMENTAL,LO-103,-4.49912742815901,-73.5906953690642,DESPEJADO,RURAL,TRAMO RECTO,PLANA ,ASFALTADA,,,,,IMPRUDENCIA DEL CONDUCTOR,CONDUCIR EN ESTADO DE EBRIEDAD Y/O DROGADICCIÓN,2.0,0,2022.0,7.0,6.0,1,0,2,2,0.0,0.0,0.0,0.0,0,0,25.0,0.0,0,1,1,0.0,1.0,1
A-2022-07-122,2022-07-24,02:40,CHOQUE,2,0,2,CAJAMARCA,JAEN,JAEN,RURAL,CARRETERA,NACIONAL,PE-5N,-5.67933,-78.781723,DESPEJADO,RURAL,TRAMO RECTO,PLANA ,ASFALTADA,,,,,EN PROCESO DE INVESTIGACIÓN,NO CUENTA CON CAUSA ESPECIFICA,2.0,1,2022.0,7.0,6.0,1,0,2,1,0.0,0.0,0.0,0.0,0,0,29.0,6.0,0,1,3,0.0,0.333,1
A-2022-07-250,2022-07-24,04:40,ATROPELLO,1,0,0,JUNIN,CHANCHAMAYO,CHANCHAMAYO,RURAL,CARRETERA,NACIONAL,PE-22B,-11.05921439028324,-75.33461923908422,DESPEJADO,COMERCIAL,INTERSECCIÓN,PLANA ,ASFALTADA,,,,,IMPRUDENCIA DEL PEATÓN,CRUCE INDEBIDO POR LA CALZADA,4.0,0,2022.0,7.0,6.0,1,0,2,1,0.0,0.0,0.0,0.0,0,0,37.0,7.0710678118654755,0,1,2,0.0,0.5,1
A-2022-07-231,2022-07-24,06:00,DESPISTE,1,0,1,LIMA,HUAURA,SANTA MARIA,RURAL,CARRETERA,NACIONAL,PE-1N,-11.07249,-77.58434,DESPEJADO,RURAL,TRAMO RECTO,PLANA ,ASFALTADA,,,,,EN PROCESO DE INVESTIGACIÓN,NO CUENTA CON CAUSA ESPECIFICA,6.0,0,2022.0,7.0,6.0,1,1,2,0,0.0,0.0,0.0,0.0,0,0,34.0,0.0,0,0,1,0.0,0.0,0
A-2022-07-104,2022-07-24,09:02,ATROPELLO FUGA,1,0,1,LA LIBERTAD,TRUJILLO,TRUJILLO,URBANA,AVENIDA,URBANO,NO CORRESPONDE,-8.101958,-79.010376,DESPEJADO,COMERCIAL,TRAMO RECTO,PLANA ,ASFALTADA,,,,,IMPRUDENCIA DEL CONDUCTOR,ADELANTAR INDEBIDAMENTE,9.0,0,2022.0,7.0,6.0,1,1,2,0,1.0,0.0,0.0,1.0,0,0,46.0,31.11269837220809,0,1,2,0.0,0.5,0
A-2022-07-165,2022-07-24,17:00,DESPISTE,1,0,1,LIMA,LIMA,SANTA ROSA,URBANA,AVENIDA,URBANO,NO CORRESPONDE,-11.820243826335124,-77.16471071632888,DESPEJADO,RESIDENCIAL,TRAMO RECTO,INCLINADA,ASFALTADA,,,,,EN PROCESO DE INVESTIGACIÓN,NO CUENTA CON CAUSA ESPECIFICA,17.0,0,2022.0,7.0,6.0,1,2,2,0,1.0,1.0,0.0,2.0,0,0,52.0,0.0,0,1,1,0.0,1.0,0
A-2022-07-78,2022-07-24,17:30,ATROPELLO,1,0,0,LAMBAYEQUE,LAMBAYEQUE,MOTUPE,URBANA,CARRETERA,PROVINCIAL,LA-554,-6.31295,-79.76329,DESPEJADO,RESIDENCIAL,OTRO,PLANA ,AFIRMADO,,,,,EN PROCESO DE INVESTIGACIÓN,NO CUENTA CON CAUSA ESPECIFICA,17.0,0,2022.0,7.0,6.0,1,2,2,0,0.0,0.0,1.0,1.0,0,0,22.5,27.577164466275352,0,1,2,0.0,0.5,0
A-2022-07-53,2022-07-24,18:45,CHOQUE,1,0,2,CUSCO,LA CONVENCION,SANTA ANA,RURAL,CARRETERA,NACIONAL,PE-28B,-12.8943499,-72.685834,DESPEJADO,RURAL,CURVA,INCLINADA,ASFALTADA,SI,PREVENTIVA (P),,SI,IMPRUDENCIA DEL CONDUCTOR,INVASIÓN DE CARRIL,18.0,0,2022.0,7.0,6.0,1,3,2,1,0.0,1.0,0.0,1.0,0,0,34.5,16.263455967290593,0,1,2,0.0,0.5,1
A-2022-07-164,2022-07-24,20:00,ATROPELLO,1,0,0,LIMA,LIMA,VILLA EL SALVADOR,URBANA,AVENIDA,URBANO,NO CORRESPONDE,-12.213319275793808,-76.93667170357406,DESPEJADO,COMERCIAL,INTERSECCIÓN,PLANA ,ASFALTADA,,,,,EN PROCESO DE INVESTIGACIÓN,NO CUENTA CON CAUSA ESPECIFICA,20.0,0,2022.0,7.0,6.0,1,3,2,0,1.0,0.0,0.0,1.0,0,0,40.0,14.142135623730951,0,0,2,0.0,0.0,1
A-2022-07-245,2022-07-24,20:30,CHOQUE,1,0,2,PIURA,PIURA,PIURA,RURAL,CARRETERA,SIN CLASIFICAR,SIN CLASIFICAR,-5.15771,-80.62398,DESPEJADO,RURAL,TRAMO RECTO,PLANA ,ASFALTADA,,,,,IMPRUDENCIA DEL CONDUCTOR,EXCESO DE VELOCIDAD,20.0,0,2022.0,7.0,6.0,1,3,2,0,0.0,0.0,0.0,0.0,0,0,35.0,8.48528137423857,0,1,2,0.0,0.5,1
A-2022-07-244,2022-07-24,20:35,ATROPELLO FUGA,1,0,1,LIMA,HUAURA,HUAURA,RURAL,CARRETERA,NACIONAL,PE-1N,-11.06574,-77.58729,DESPEJADO,RURAL,TRAMO RECTO,PLANA ,ASFALTADA,,,,,IMPRUDENCIA DEL PEATÓN,ESTADO DE EBRIEDAD Y/O DROGADICCIÓN,20.0,0,2022.0,7.0,6.0,1,3,2,0,0.0,0.0,0.0,0.0,0,0,45.0,0.0,0,0,2,0.0,0.0,1
A-2022-07-72,2022-07-25,03:00,ATROPELLO,1,0,0,ICA,ICA,ICA,URBANA,AVENIDA,URBANO,NO CORRESPONDE,-14.064776916467514,-75.7333472156861,DESPEJADO,ESCOLAR,TRAMO RECTO,PLANA ,ASFALTADA,,,,,IMPRUDENCIA DEL PEATÓN,OTRO (IMPRUDENCIA DEL PEATÓN),3.0,0,2022.0,7.0,0.0,0,0,2,0,1.0,0.0,0.0,1.0,0,0,32.5,2.1213203435596424,0,1,2,0.0,0.5,1
A-2022-07-56,2022-07-25,05:00,CHOQUE,1,1,2,TUMBES,ZARUMILLA,ZARUMILLA,RURAL,CARRETERA,NACIONAL,PE-1NO,-3.5042908551342644,-80.28501209300856,DESPEJADO,RURAL,TRAMO RECTO,PLANA ,ASFALTADA,,,,,IMPRUDENCIA DEL CONDUCTOR,CONDUCIR EN SENTIDO CONTRARIO,5.0,0,2022.0,7.0,0.0,0,0,2,0,0.0,0.0,0.0,0.0,0,0,39.0,13.74772708486752,0,2,3,0.0,0.667,1
A-2022-07-195,2022-07-25,05:45,CHOQUE,1,0,0,PIURA,MORROPON,LA MATANZA,RURAL,CARRETERA,NACIONAL,PE-1NJ,-5.199792,-80.125745,DESPEJADO,RURAL,TRAMO RECTO,PLANA ,ASFALTADA,,,,,EN PROCESO DE INVESTIGACIÓN,NO CUENTA CON CAUSA ESPECIFICA,5.0,0,2022.0,7.0,0.0,0,0,2,0,0.0,0.0,0.0,0.0,0,0,44.5,2.1213203435596424,0,0,2,0.0,0.0,1
A-2022-07-88,2022-07-25,09:10,CHOQUE,1,1,2,CUSCO,ESPINAR,COPORAQUE,RURAL,CARRETERA,NACIONAL,PE-3SW,-14.798321,-71.523037,DESPEJADO,RURAL,TRAMO RECTO,INCLINADA,ASFALTADA,,,,,EN PROCESO DE INVESTIGACIÓN,NO CUENTA CON CAUSA ESPECIFICA,9.0,0,2022.0,7.0,0.0,0,1,2,1,0.0,1.0,0.0,1.0,0,0,44.0,10.583005244258363,0,2,3,0.0,0.667,0
A-2022-07-260,2022-07-25,10:00,CHOQUE,1,0,2,PIURA,TALARA,PARIÑAS,URBANA,AVENIDA,URBANO,NO CORRESPONDE,-4.577032524280168,-81.26445314319194,DESPEJADO,RURAL,TRAMO RECTO,PLANA ,ASFALTADA,,,,,IMPRUDENCIA DEL CONDUCTOR,OTRO (IMPRUDENCIA DEL CONDUCTOR),10.0,0,2022.0,7.0,0.0,0,1,2,0,1.0,0.0,0.0,1.0,0,0,36.5,0.7071067811865476,0,1,2,0.0,0.5,0
A-2022-07-196,2022-07-25,17:25,DESPISTE,1,0,0,PIURA,PIURA,VEINTISEIS DE OCTUBRE,URBANA,AVENIDA,URBANO,NO CORRESPONDE,-5.180676,-80.663611,DESPEJADO,ESCOLAR,TRAMO RECTO,PLANA ,ASFALTADA,SI,REGULADORA (R),,NO,EN PROCESO DE INVESTIGACIÓN,NO CUENTA CON CAUSA ESPECIFICA,17.0,0,2022.0,7.0,0.0,0,2,2,0,1.0,0.0,0.0,1.0,0,1,24.0,0.0,0,0,1,0.0,0.0,0
A-2022-07-58,2022-07-25,19:45,ATROPELLO,1,0,1,CUSCO,ANTA,CACHIMAYO,RURAL,CARRETERA,NACIONAL,PE-28F,-13.4868578,-72.05602,DESPEJADO,RURAL,TRAMO RECTO,INCLINADA,ASFALTADA,SI,REGULADORA (R),,SI,IMPRUDENCIA DEL PEATÓN,ESTADO DE EBRIEDAD Y/O DROGADICCIÓN,19.0,0,2022.0,7.0,0.0,0,3,2,1,0.0,1.0,0.0,1.0,0,0,51.0,21.213203435596427,1,0,2,0.5,0.0,1
A-2022-07-89,2022-07-25,19:50,ATROPELLO FUGA,1,0,0,CUSCO,CANCHIS,MARANGANI,RURAL,CARRETERA,NACIONAL,PE-3S,-14.402531,-71.133024,DESPEJADO,RURAL,TRAMO RECTO,PLANA ,ASFALTADA,,,,,EN PROCESO DE INVESTIGACIÓN,NO CUENTA CON CAUSA ESPECIFICA,19.0,0,2022.0,7.0,0.0,0,3,2,1,0.0,0.0,0.0,0.0,0,0,62.0,0.0,0,0,2,0.0,0.0,1
A-2022-07-79,2022-07-25,23:00,CHOQUE FUGA,1,0,2,TUMBES,ZARUMILLA,ZARUMILLA,RURAL,CARRETERA,NACIONAL,PE-1N,-3.5140786247308133,-80.25758482125407,DESPEJADO,RURAL,TRAMO RECTO,PLANA ,ASFALTADA,,,,,IMPRUDENCIA DEL CONDUCTOR,INVASIÓN DE CARRIL,23.0,0,2022.0,7.0,0.0,0,3,2,0,0.0,0.0,0.0,0.0,0,0,44.0,0.0,0,0,2,0.0,0.0,1
A-2022-07-237,2022-07-26,06:30,CHOQUE,1,3,0,AYACUCHO,HUANTA,LURICOCHA,RURAL,CARRETERA,NACIONAL,PE-3S,-12.90620418,-74.31250074,DESPEJADO,RURAL,SINUOSA,INCLINADA,ASFALTADA,SI,PREVENTIVA (P),,SI,IMPRUDENCIA DEL CONDUCTOR,EXCESO DE VELOCIDAD,6.0,0,2022.0,7.0,1.0,0,1,2,1,0.0,1.0,0.0,1.0,0,0,40.5,18.859126879754182,0,1,5,0.0,0.2,0
A-2022-07-262,2022-07-26,10:00,DESPISTE,1,0,1,PIURA,SULLANA,LANCONES,RURAL,CARRETERA,NACIONAL,PE-1NN,-4.512467200096413,-80.44880933132615,DESPEJADO,RURAL,TRAMO RECTO,PLANA ,ASFALTADA,,,,,EN PROCESO DE INVESTIGACIÓN,NO CUENTA CON CAUSA ESPECIFICA,10.0,0,2022.0,7.0,1.0,0,1,2,0,0.0,0.0,0.0,0.0,0,0,42.0,0.0,0,0,1,0.0,0.0,0
A-2022-07-161,2022-07-26,14:05,CHOQUE,1,0,2,LIMA,LIMA,SAN MARTIN DE PORRES,URBANA,AVENIDA,URBANO,NO CORRESPONDE,-11.963909184597515,-77.09262688356262,DESPEJADO,RESIDENCIAL,TRAMO RECTO,PLANA ,ASFALTADA,,,,,EN PROCESO DE INVESTIGACIÓN,NO CUENTA CON CAUSA ESPECIFICA,14.0,0,2022.0,7.0,1.0,0,2,2,0,1.0,0.0,0.0,1.0,0,0,47.0,33.94112549695428,0,1,2,0.0,0.5,0
A-2022-07-60,2022-07-26,19:20,ATROPELLO,1,0,0,CUSCO,CUSCO,CUSCO,URBANA,AVENIDA,URBANO,NO CORRESPONDE,-13.5106128,-71.9943181,DESPEJADO,COMERCIAL,TRAMO RECTO,INCLINADA,ASFALTADA,SI,INFORMATIVA (I),PREVENTIVA (P),SI,IMPRUDENCIA DEL PEATÓN,ESTADO DE EBRIEDAD Y/O DROGADICCIÓN,19.0,0,2022.0,7.0,1.0,0,3,2,1,1.0,1.0,0.0,2.0,0,0,36.0,2.8284271247461903,1,1,2,0.5,0.5,1
A-2022-07-105,2022-07-26,20:00,DESPISTE,1,0,1,LA LIBERTAD,TRUJILLO,MOCHE,URBANA,CARRETERA,NACIONAL,PE-1N,-8.150144,-79.011424,DESPEJADO,COMERCIAL,TRAMO RECTO,PLANA ,ASFALTADA,,,,,EN PROCESO DE INVESTIGACIÓN,NO CUENTA CON CAUSA ESPECIFICA,20.0,0,2022.0,7.0,1.0,0,3,2,0,0.0,0.0,0.0,0.0,0,0,29.0,0.0,0,0,1,0.0,0.0,1
A-2022-07-263,2022-07-26,20:20,CHOQUE FUGA,1,0,2,PIURA,PIURA,LAS LOMAS,RURAL,CARRETERA,NACIONAL,PE-1NL,-4.6702417344145415,-80.24634522162751,DESPEJADO,RURAL,TRAMO RECTO,PLANA ,ASFALTADA,,,,,EN PROCESO DE INVESTIGACIÓN,NO CUENTA CON CAUSA ESPECIFICA,20.0,0,2022.0,7.0,1.0,0,3,2,0,0.0,0.0,0.0,0.0,0,0,45.0,0.0,0,0,2,0.0,0.0,1
A-2022-07-83,2022-07-26,20:20,ATROPELLO FUGA,1,0,1,AREQUIPA,AREQUIPA,YURA,URBANA,CARRETERA,NACIONAL,PE-34A,-16.29761,-71.62601,DESPEJADO,COMERCIAL,TRAMO RECTO,PLANA ,ASFALTADA,NO,,,SI,EN PROCESO DE INVESTIGACIÓN,NO CUENTA CON CAUSA ESPECIFICA,20.0,0,2022.0,7.0,1.0,0,3,2,0,0.0,0.0,0.0,0.0,0,1,59.0,0.0,0,0,2,0.0,0.0,1
A-2022-07-106,2022-07-26,21:40,CHOQUE,1,0,2,LA LIBERTAD,TRUJILLO,LA ESPERANZA,URBANA,AVENIDA,URBANO,NO CORRESPONDE,-8.062323,-79.052442,DESPEJADO,COMERCIAL,INTERSECCIÓN,PLANA ,ASFALTADA,,,,,IMPRUDENCIA DEL CONDUCTOR,DESACATO DE SEÑAL DE TRÁNSITO,21.0,0,2022.0,7.0,1.0,0,3,2,0,1.0,0.0,0.0,1.0,0,0,31.5,16.263455967290593,0,1,2,0.0,0.5,1
A-2022-07-57,2022-07-26,23:00,ATROPELLO FUGA,1,0,0,PUNO,PUNO,PICHACANI,RURAL,CARRETERA,NACIONAL,PE-36B,-16.141077389881424,-70.05228815537463,DESPEJADO,RURAL,TRAMO RECTO,PLANA ,ASFALTADA,,,,,IMPRUDENCIA DEL PEATÓN,OTRO (IMPRUDENCIA DEL PEATÓN),23.0,0,2022.0,7.0,1.0,0,3,2,1,0.0,0.0,0.0,0.0,0,0,74.0,0.0,0,0,2,0.0,0.0,1
A-2022-07-73,2022-07-27,10:00,ATROPELLO,1,0,1,ICA,ICA,SALAS,RURAL,CARRETERA,NACIONAL,PE-1S,-13.928336672324372,-75.97409156267743,DESPEJADO,ESCOLAR,TRAMO RECTO,PLANA ,ASFALTADA,,,,,IMPRUDENCIA DEL PEATÓN,OTRO (IMPRUDENCIA DEL PEATÓN),10.0,0,2022.0,7.0,2.0,0,1,2,0,0.0,0.0,0.0,0.0,0,0,38.0,5.656854249492381,0,1,2,0.0,0.5,0
A-2022-07-275,2022-07-27,11:50,CHOQUE,1,0,0,LIMA,LIMA,LURIN,URBANA,CARRETERA,NACIONAL,PE-1S,-12.283256,-76.878624,DESPEJADO,INDUSTRIAL,TRAMO RECTO,PLANA ,ASFALTADA,,,,,IMPRUDENCIA DEL CONDUCTOR,OTRO (IMPRUDENCIA DEL CONDUCTOR),11.0,0,2022.0,7.0,2.0,0,1,2,0,0.0,0.0,0.0,0.0,0,0,34.5,2.1213203435596424,0,2,2,0.0,1.0,0
A-2022-07-107,2022-07-27,14:00,DESPISTE,1,1,1,LA LIBERTAD,PACASMAYO,SAN PEDRO DE LLOC,RURAL,CARRETERA,NACIONAL,PE-1N,-7.45568,-79.4791,DESPEJADO,RURAL,TRAMO RECTO,PLANA ,ASFALTADA,,,,,IMPRUDENCIA DEL CONDUCTOR,EXCESO DE VELOCIDAD,14.0,0,2022.0,7.0,2.0,0,2,2,0,0.0,0.0,0.0,0.0,0,0,33.0,9.899494936611665,0,0,2,0.0,0.0,0
A-2022-07-241,2022-07-27,15:30,CHOQUE,1,0,2,PASCO,PASCO,YANACANCHA,RURAL,CARRETERA,NACIONAL,PE-3N,-10.693986356239142,-76.2299305049702,DESPEJADO,RURAL,TRAMO RECTO,INCLINADA,ASFALTADA,,,,,IMPRUDENCIA DEL CONDUCTOR,EXCESO DE VELOCIDAD,15.0,0,2022.0,7.0,2.0,0,2,2,1,0.0,1.0,0.0,1.0,0,0,25.333333333333332,4.041451884327381,0,1,3,0.0,0.333,0
A-2022-07-59,2022-07-27,16:00,ATROPELLO FUGA,1,0,0,PUNO,PUNO,HUATA,RURAL,CARRETERA,DEPARTAMENTAL,PU-118,-15.643570582570842,-70.01571850426642,DESPEJADO,RURAL,TRAMO RECTO,PLANA ,ASFALTADA,,,,,EN PROCESO DE INVESTIGACIÓN,NO CUENTA CON CAUSA ESPECIFICA,16.0,0,2022.0,7.0,2.0,0,2,2,1,0.0,0.0,0.0,0.0,0,0,59.0,0.0,0,0,2,0.0,0.0,0
A-2022-07-269,2022-07-27,19:00,ATROPELLO,1,0,0,LORETO,MAYNAS,SAN JUAN BAUTISTA,URBANA,CARRETERA,DEPARTAMENTAL,LO-103,-4.16745693410258,-73.4740998807758,DESPEJADO,INDUSTRIAL,TRAMO RECTO,PLANA ,ASFALTADA,,,,,IMPRUDENCIA DEL PEATÓN,ESTADO DE EBRIEDAD Y/O DROGADICCIÓN,19.0,0,2022.0,7.0,2.0,0,3,2,2,0.0,0.0,0.0,0.0,0,0,59.0,1.4142135623730951,0,0,2,0.0,0.0,1
A-2022-07-124,2022-07-27,19:20,ATROPELLO FUGA,1,0,0,HUANUCO,LEONCIO PRADO,JOSE CRESPO Y CASTILLO,RURAL,CARRETERA,NACIONAL,PE-5N,-8.856348,-76.107646,DESPEJADO,RURAL,TRAMO RECTO,PLANA ,ASFALTADA,,,,,EN PROCESO DE INVESTIGACIÓN,NO CUENTA CON CAUSA ESPECIFICA,19.0,0,2022.0,7.0,2.0,0,3,2,1,0.0,0.0,0.0,0.0,0,0,79.0,0.0,0,0,2,0.0,0.0,1
A-2022-07-191,2022-07-27,20:00,DESPISTE,1,0,1,PUNO,SAN ROMAN,CARACOTO,RURAL,CARRETERA,PROVINCIAL,PU-949,-15.587530482560526,-70.06278629800428,DESPEJADO,RURAL,TRAMO RECTO,PLANA ,ASFALTADA,,,,,IMPRUDENCIA DEL CONDUCTOR,CONDUCIR EN ESTADO DE EBRIEDAD Y/O DROGADICCIÓN,20.0,0,2022.0,7.0,2.0,0,3,2,1,0.0,0.0,0.0,0.0,0,0,42.0,0.0,1,0,1,1.0,0.0,1
A-2022-07-162,2022-07-27,22:30,ATROPELLO,1,1,1,LIMA,LIMA,SAN MIGUEL,URBANA,OTRO,URBANO,NO CORRESPONDE,-12.089397281999029,-77.08955165915467,DESPEJADO,RESIDENCIAL,OTRO,INCLINADA,ASFALTADA,,,,,EN PROCESO DE INVESTIGACIÓN,NO CUENTA CON CAUSA ESPECIFICA,22.0,0,2022.0,7.0,2.0,0,3,2,0,2.0,1.0,0.0,3.0,0,0,44.0,7.0710678118654755,0,0,3,0.0,0.0,1
A-2022-07-209,2022-07-28,02:45,DESPISTE,4,2,0,ANCASH,PALLASCA,TAUCA,RURAL,CARRETERA,NACIONAL,PE-3N,-8.43632045818227,-78.0948132461431,DESPEJADO,RURAL,OTRO,INCLINADA,TROCHA,,,,,EN PROCESO DE INVESTIGACIÓN,NO CUENTA CON CAUSA ESPECIFICA,2.0,2,2022.0,7.0,3.0,0,0,2,0,0.0,1.0,2.0,3.0,0,0,57.75,15.348724159790395,0,1,6,0.0,0.167,1
A-2022-07-265,2022-07-28,04:15,DESPISTE,1,1,1,LIMA,HUAURA,HUACHO,RURAL,CARRETERA,NACIONAL,PE-1N,-11.39592,-77.39865,DESPEJADO,RURAL,TRAMO RECTO,INCLINADA,ASFALTADA,SI,REGULADORA (R),,NO,IMPRUDENCIA DEL CONDUCTOR,EXCESO DE VELOCIDAD,4.0,0,2022.0,7.0,3.0,0,0,2,0,0.0,1.0,0.0,1.0,0,1,59.666666666666664,4.04145188432738,0,1,3,0.0,0.333,1
A-2022-07-82,2022-07-28,07:00,DESPISTE,3,1,1,ANCASH,CARLOS FERMIN FITZCARRALD,SAN NICOLAS,RURAL,CARRETERA,PROVINCIAL,AN-625,-8.944728418495957,-77.25099293540882,SOLEADO,RURAL,SINUOSA,INCLINADA,AFIRMADO,,,,,IMPRUDENCIA DEL CONDUCTOR,FATIGA Y/O CANSANCIO,7.0,2,2022.0,7.0,3.0,0,1,2,0,0.0,1.0,1.0,2.0,0,0,51.5,14.730919862656235,0,1,4,0.0,0.25,0
A-2022-07-236,2022-07-28,09:30,DESPISTE,1,3,0,AYACUCHO,CANGALLO,PARAS,RURAL,CARRETERA,NACIONAL,PE-28A,-13.358444,-74.82262,DESPEJADO,RURAL,SINUOSA,PLANA ,ASFALTADA,SI,PREVENTIVA (P),,NO,IMPRUDENCIA DEL CONDUCTOR,EXCESO DE VELOCIDAD,9.0,0,2022.0,7.0,3.0,0,1,2,1,0.0,0.0,0.0,0.0,0,1,42.6,26.566896694947264,0,1,5,0.0,0.2,0
A-2022-07-251,2022-07-28,14:50,DESPISTE,3,0,0,JUNIN,CHANCHAMAYO,SAN RAMON,RURAL,CARRETERA,NACIONAL,PE-22B,-11.1777721,-75.4521144,DESPEJADO,RURAL,CURVA,INCLINADA,ASFALTADA,,,,,IMPRUDENCIA DEL CONDUCTOR,FATIGA Y/O CANSANCIO,14.0,2,2022.0,7.0,3.0,0,2,2,1,0.0,1.0,0.0,1.0,0,0,23.0,15.132745950421556,0,1,3,0.0,0.333,0
A-2022-07-95,2022-07-28,16:00,CHOQUE,2,1,2,LAMBAYEQUE,LAMBAYEQUE,OLMOS,RURAL,CARRETERA,PROVINCIAL,LA-517,-6.02938567788112,-79.806545691682,DESPEJADO,RURAL,TRAMO RECTO,PLANA ,TROCHA,,,,,EN PROCESO DE INVESTIGACIÓN,NO CUENTA CON CAUSA ESPECIFICA,16.0,1,2022.0,7.0,3.0,0,2,2,0,0.0,0.0,2.0,2.0,0,0,42.5,30.98924544633724,0,1,4,0.0,0.25,0