CODIGO_SINIESTRO,FECHA_SINIESTRO,HORA_SINIESTRO,CLASE_SINIESTRO,CANTIDAD_FALLECIDOS,CANTIDAD_LESIONADOS,CANTIDAD_VEHICULOS,DEPARTAMENTO,PROVINCIA,DISTRITO,ZONA,TIPO_VIA,RED_VIAL,COD_CARRETERA,LATITUD,LONGITUD,CONDICION_CLIMATICA,ZONIFICACION,CARACTERISTICAS_VIA,PERFIL_VIA,SUPERFICIE_CALZADA,EXISTE_SENIAL_VERTICAL,CLASIFICACION_SENIAL_VERTICAL_1,CLASIFICACION_SENIAL_VERTICAL_2,EXISTE_SENIAL_HORIZONTAL,CAUSA_FACTOR_PRINCIPAL,CAUSA_ESPECIFICA,HORA,severidad,ANIO,MES,DIA_SEMANA,FIN_SEMANA,FRANJA_HORARIA,TEMPORADA,MACROREGION,TIPO_VIA_SCORE,PERFIL_VIA_SCORE,SUPERFICIE_CALZADA_SCORE,RIESGO_INFRAESTRUCTURA,RIESGO_CLIMATICO,SENIALIZACION_DEFICIENTE,EDAD_PROMEDIO,EDAD_STD,TOTAL_ALCOHOL,TOTAL_LICENCIA,TOTAL_PERSONAS,PCT_ALCOHOL,PCT_LICENCIA,ES_NOCHE
A-2022-08-169,2022-08-05,18:50,CHOQUE,1,0,2,LIMA,LIMA,SANTA ANITA,URBANA,AVENIDA,URBANO,NO CORRESPONDE,-12.040577742625416,-76.9827142759373,DESPEJADO,COMERCIAL,INTERSECCIÓN,PLANA ,ASFALTADA,,,,,EN PROCESO DE INVESTIGACIÓN,NO CUENTA CON CAUSA ESPECIFICA,18.0,0,2022.0,8.0,4.0,0,3,2,0,1.0,0.0,0.0,1.0,0,0,56.0,2.8284271247461903,0,2,2,0.0,1.0,1
A-2022-08-41,2022-08-05,23:00,FERROVIARIO,1,0,0,CUSCO,CUSCO,CUSCO,URBANA,OTRO,URBANO,NO CORRESPONDE,-13.5060126,-72.0000045,DESPEJADO,RURAL,CURVA,INCLINADA,AFIRMADO,SI,PREVENTIVA (P),,NO,IMPRUDENCIA DEL PEATÓN,ESTADO DE EBRIEDAD Y/O DROGADICCIÓN,23.0,0,2022.0,8.0,4.0,0,3,2,1,2.0,1.0,1.0,4.0,0,1,46.0,25.45584412271571,1,1,2,0.5,0.5,1
A-2022-08-210,2022-08-06,02:00,DESPISTE,1,2,0,AYACUCHO,PAUCAR DEL SARA SARA,PAUSA,RURAL,CARRETERA,NACIONAL,PE-32C,-15.31144,-73.34788,DESPEJADO,RURAL,CURVA,PLANA ,TROCHA,,,,,IMPRUDENCIA DEL CONDUCTOR,CONDUCIR EN ESTADO DE EBRIEDAD Y/O DROGADICCIÓN,2.0,0,2022.0,8.0,5.0,1,0,2,1,0.0,0.0,2.0,2.0,0,0,47.0,1.0,0,0,3,0.0,0.0,1
A-2022-08-3,2022-08-06,02:11,CHOQUE,1,1,2,AREQUIPA,AREQUIPA,SAN JUAN DE TARUCANI,RURAL,CARRETERA,NACIONAL,PE-34A,-16.005391,-71.270422,DESPEJADO,RURAL,TRAMO RECTO,PLANA ,ASFALTADA,NO,,,SI,EN PROCESO DE INVESTIGACIÓN,NO CUENTA CON CAUSA ESPECIFICA,2.0,0,2022.0,8.0,5.0,1,0,2,0,0.0,0.0,0.0,0.0,0,1,44.0,19.165942015286735,0,2,4,0.0,0.5,1
A-2022-08-209,2022-08-06,07:20,DESPISTE,1,1,1,LIMA,HUAURA,HUAURA,URBANA,CARRETERA,DEPARTAMENTAL,LM-101,-11.06668,-77.59831,DESPEJADO,RESIDENCIAL,TRAMO RECTO,PLANA ,ASFALTADA,,,,,IMPRUDENCIA DEL CONDUCTOR,CONDUCIR EN ESTADO DE EBRIEDAD Y/O DROGADICCIÓN,7.0,0,2022.0,8.0,5.0,1,1,2,0,0.0,0.0,0.0,0.0,0,0,21.0,1.4142135623730951,0,0,2,0.0,0.0,0
A-2022-08-193,2022-08-06,09:00,ESPECIAL,1,0,1,CAJAMARCA,CAJAMARCA,CAJAMARCA,URBANA,AVENIDA,URBANO,NO CORRESPONDE,-7.16635332,-78.51165926,DESPEJADO,RESIDENCIAL,TRAMO RECTO,PLANA ,CONCRETO,,,,,EN PROCESO DE INVESTIGACIÓN,NO CUENTA CON CAUSA ESPECIFICA,9.0,0,2022.0,8.0,5.0,1,1,2,1,1.0,0.0,0.0,1.0,0,0,54.0,26.870057685088806,0,0,2,0.0,0.0,0
A-2022-08-242,2022-08-06,09:00,DESPISTE,1,1,0,MADRE DE DIOS,TAMBOPATA,LAS PIEDRAS,RURAL,CARRETERA,NACIONAL,PE-30C,-12.554492,-69.147944,DESPEJADO,RURAL,TRAMO RECTO,PLANA ,ASFALTADA,,,,,EN PROCESO DE INVESTIGACIÓN,NO CUENTA CON CAUSA ESPECIFICA,9.0,0,2022.0,8.0,5.0,1,1,2,2,0.0,0.0,0.0,0.0,0,0,41.5,19.091883092036785,0,1,2,0.0,0.5,0
A-2022-08-191,2022-08-06,09:36,DESPISTE,1,0,2,UCAYALI,CORONEL PORTILLO,YARINACOCHA,URBANA,JIRÓN,URBANO,NO CORRESPONDE,-8.357002,-74.577265,LLUVIOSO,COMERCIAL,INTERSECCIÓN,PLANA ,CONCRETO,SI,REGULADORA (R),,NO,IMPRUDENCIA DEL CONDUCTOR,OTRO (IMPRUDENCIA DEL CONDUCTOR),9.0,0,2022.0,8.0,5.0,1,1,2,2,1.0,0.0,0.0,1.0,1,1,56.0,1.4142135623730951,0,0,3,0.0,0.0,0
A-2022-08-4,2022-08-06,14:45,ATROPELLO,1,1,1,ICA,PISCO,PISCO,URBANA,AVENIDA,URBANO,NO CORRESPONDE,-13.717065319977856,-76.20600608829045,DESPEJADO,COMERCIAL,TRAMO RECTO,PLANA ,ASFALTADA,,,,,IMPRUDENCIA DEL CONDUCTOR,CONDUCIR EN ESTADO DE EBRIEDAD Y/O DROGADICCIÓN,14.0,0,2022.0,8.0,5.0,1,2,2,0,1.0,0.0,0.0,1.0,0,0,30.0,5.656854249492381,1,0,2,0.5,0.0,0
A-2022-08-79,2022-08-06,17:10,ATROPELLO FUGA,1,0,0,ANCASH,CARHUAZ,YUNGAR,URBANA,CARRETERA,NACIONAL,PE-3N,-9.3653672259614,-77.59391386761,DESPEJADO,RURAL,TRAMO RECTO,PLANA ,ASFALTADA,NO,,,SI,NEGLIGENCIA DEL CONDUCTOR,OTRO (NEGLIGENCIA DEL CONDUCTOR),17.0,0,2022.0,8.0,5.0,1,2,2,0,0.0,0.0,0.0,0.0,0,1,35.0,14.142135623730951,0,0,2,0.0,0.0,0
A-2022-08-7,2022-08-06,19:00,ATROPELLO,1,0,1,ICA,PISCO,PISCO,URBANA,AVENIDA,URBANO,NO CORRESPONDE,-13.713353,-76.209889,DESPEJADO,COMERCIAL,INTERSECCIÓN,PLANA ,ASFALTADA,,,,,IMPRUDENCIA DEL CONDUCTOR,NO DAR PASO PREFERENTE AL PEATÓN,19.0,0,2022.0,8.0,5.0,1,3,2,0,1.0,0.0,0.0,1.0,0,0,50.5,28.991378028648448,0,0,2,0.0,0.0,1
A-2022-08-69,2022-08-06,20:30,ATROPELLO FUGA,1,0,1,LAMBAYEQUE,LAMBAYEQUE,LAMBAYEQUE,RURAL,CARRETERA,NACIONAL,PE-1N,-6.6648402,-79.923696,NUBLADO,RURAL,TRAMO RECTO,PLANA ,ASFALTADA,,,,,EN PROCESO DE INVESTIGACIÓN,NO CUENTA CON CAUSA ESPECIFICA,20.0,0,2022.0,8.0,5.0,1,3,2,0,0.0,0.0,0.0,0.0,0,0,0.0,0.0,0,0,2,0.0,0.0,1
A-2022-08-245,2022-08-06,21:45,CHOQUE,1,0,2,PIURA,PIURA,TAMBO GRANDE,RURAL,CARRETERA,NACIONAL,PE-1NL,-4.890839580118923,-80.32858155992086,DESPEJADO,RURAL,TRAMO RECTO,PLANA ,ASFALTADA,,,,,EN PROCESO DE INVESTIGACIÓN,NO CUENTA CON CAUSA ESPECIFICA,21.0,0,2022.0,8.0,5.0,1,3,2,0,0.0,0.0,0.0,0.0,0,0,56.0,0.0,0,0,2,0.0,0.0,1
A-2022-08-174,2022-08-06,23:40,VOLCADURA,1,0,0,PIURA,PIURA,PIURA,URBANA,AVENIDA,URBANO,NO CORRESPONDE,-5.172145,-80.645,DESPEJADO,RURAL,TRAMO RECTO,PLANA ,ASFALTADA,SI,INFORMATIVA (I),,SI,IMPRUDENCIA DEL CONDUCTOR,EXCESO DE VELOCIDAD,23.0,0,2022.0,8.0,5.0,1,3,2,0,1.0,0.0,0.0,1.0,0,0,29.0,0.0,0,0,1,0.0,0.0,1
A-2022-08-8,2022-08-07,00:01,ATROPELLO FUGA,1,0,0,ICA,PISCO,PISCO,URBANA,CARRETERA,NACIONAL,PE-1SE,-13.69499103644271,-76.1640349012398,DESPEJADO,RESIDENCIAL,INTERSECCIÓN,PLANA ,ASFALTADA,,,,,EN PROCESO DE INVESTIGACIÓN,NO CUENTA CON CAUSA ESPECIFICA,0.0,0,2022.0,8.0,6.0,1,0,2,0,0.0,0.0,0.0,0.0,0,0,30.0,0.0,0,0,2,0.0,0.0,1
A-2022-08-77,2022-08-07,01:00,ATROPELLO FUGA,1,0,0,CUSCO,CANCHIS,SAN PABLO,RURAL,CARRETERA,NACIONAL,PE-3S,-14.2028068229023,-71.31008320786603,DESPEJADO,RURAL,TRAMO RECTO,PLANA ,ASFALTADA,SI,PREVENTIVA (P),,SI,IMPRUDENCIA DEL PEATÓN,ESTADO DE EBRIEDAD Y/O DROGADICCIÓN,1.0,0,2022.0,8.0,6.0,1,0,2,1,0.0,0.0,0.0,0.0,0,0,60.0,0.0,0,0,2,0.0,0.0,1
A-2022-08-194,2022-08-07,02:30,DESPISTE,6,7,1,CAJAMARCA,HUALGAYOC,CHUGUR,RURAL,CARRETERA,PROVINCIAL,CA-876,-6.67948333,-78.721445,DESPEJADO,RURAL,CURVA,PLANA ,AFIRMADO,,,,,EN PROCESO DE INVESTIGACIÓN,NO CUENTA CON CAUSA ESPECIFICA,2.0,2,2022.0,8.0,6.0,1,0,2,1,0.0,0.0,1.0,1.0,0,0,46.92307692307692,10.711843433489388,0,0,14,0.0,0.0,1
A-2022-08-5,2022-08-07,03:00,ATROPELLO FUGA,1,0,0,AREQUIPA,AREQUIPA,CERRO COLORADO,URBANA,CARRETERA,DEPARTAMENTAL,AR-123,-16.340633,-71.601875,NUBLADO,RURAL,TRAMO RECTO,PLANA ,ASFALTADA,,,,,EN PROCESO DE INVESTIGACIÓN,NO CUENTA CON CAUSA ESPECIFICA,3.0,0,2022.0,8.0,6.0,1,0,2,0,0.0,0.0,0.0,0.0,0,0,43.0,0.0,0,0,2,0.0,0.0,1
A-2022-08-187,2022-08-07,04:00,CHOQUE FUGA,1,1,1,HUANUCO,HUANUCO,HUANUCO,URBANA,CARRETERA,PROVINCIAL,HU-767,-9.934275,-76.243538,DESPEJADO,COMERCIAL,TRAMO RECTO,PLANA ,ASFALTADA,,,,,IMPRUDENCIA DEL CONDUCTOR,CONDUCIR EN ESTADO DE EBRIEDAD Y/O DROGADICCIÓN,4.0,0,2022.0,8.0,6.0,1,0,2,1,0.0,0.0,0.0,0.0,0,0,28.333333333333332,6.110100926607786,0,1,3,0.0,0.333,1
A-2022-08-256,2022-08-07,04:35,ATROPELLO FUGA,1,0,1,LIMA,HUAURA,HUACHO,RURAL,CARRETERA,NACIONAL,PE-1N,-11.178727170830298,-77.5801062075591,DESPEJADO,RURAL,TRAMO RECTO,PLANA ,ASFALTADA,,,,,EN PROCESO DE INVESTIGACIÓN,NO CUENTA CON CAUSA ESPECIFICA,4.0,0,2022.0,8.0,6.0,1,0,2,0,0.0,0.0,0.0,0.0,0,0,46.0,0.0,0,0,2,0.0,0.0,1
A-2022-08-26,2022-08-07,06:00,CHOQUE,1,0,2,LA LIBERTAD,CHEPEN,CHEPEN,RURAL,CARRETERA,NACIONAL,PE-1N,-7.222826,-79.438933,DESPEJADO,COMERCIAL,TRAMO RECTO,PLANA ,ASFALTADA,,,,,IMPRUDENCIA DEL CONDUCTOR,CONDUCIR EN ESTADO DE EBRIEDAD Y/O DROGADICCIÓN,6.0,0,2022.0,8.0,6.0,1,1,2,0,0.0,0.0,0.0,0.0,0,0,27.5,2.1213203435596424,0,1,2,0.0,0.5,0
A-2022-08-106,2022-08-07,07:10,DESPISTE,2,1,1,HUANUCO,HUAMALIES,MONZON,RURAL,CARRETERA,NACIONAL,PE-14A,-9.215974,-76.253808,LLUVIOSO,RURAL,CURVA,PLANA ,ASFALTADA,,,,,IMPRUDENCIA DEL CONDUCTOR,FATIGA Y/O CANSANCIO,7.0,1,2022.0,8.0,6.0,1,1,2,1,0.0,0.0,0.0,0.0,1,0,21.333333333333332,0.5773502691896255,0,0,3,0.0,0.0,0
A-2022-08-251,2022-08-07,09:00,DESPISTE,1,4,1,ICA,CHINCHA,GROCIO PRADO,RURAL,CARRETERA,NACIONAL,PE-1S,-13.352225,-76.222516,DESPEJADO,RURAL,TRAMO RECTO,PLANA ,ASFALTADA,,,,,EN PROCESO DE INVESTIGACIÓN,NO CUENTA CON CAUSA ESPECIFICA,9.0,0,2022.0,8.0,6.0,1,1,2,0,0.0,0.0,0.0,0.0,0,0,40.0,4.242640687119285,0,1,5,0.0,0.2,0
A-2022-08-229,2022-08-07,09:40,DESPISTE,1,5,1,PIURA,PIURA,VEINTISEIS DE OCTUBRE,RURAL,CARRETERA,NACIONAL,PE-1N,-5.149578,-80.696486,SOLEADO,RURAL,TRAMO RECTO,PLANA ,ASFALTADA,,,,,IMPRUDENCIA DEL CONDUCTOR,EXCESO DE VELOCIDAD,9.0,0,2022.0,8.0,6.0,1,1,2,0,0.0,0.0,0.0,0.0,0,0,24.142857142857142,20.358688328971258,0,1,7,0.0,0.143,0
A-2022-08-128,2022-08-07,20:30,CHOQUE,1,0,2,PUNO,SAN ROMAN,JULIACA,RURAL,CARRETERA,DEPARTAMENTAL,PU-120,-15.51290445,-70.0982892,DESPEJADO,RURAL,TRAMO RECTO,PLANA ,ASFALTADA,,,,,IMPRUDENCIA DEL CONDUCTOR,OTRO (IMPRUDENCIA DEL CONDUCTOR),20.0,0,2022.0,8.0,6.0,1,3,2,1,0.0,0.0,0.0,0.0,0,0,25.0,7.0710678118654755,0,0,2,0.0,0.0,1
A-2022-08-27,2022-08-07,22:30,ATROPELLO,1,0,1,LA LIBERTAD,PATAZ,PATAZ,RURAL,CARRETERA,PROVINCIAL,LI-857,-7.7185449794727266,-77.63424160830954,DESPEJADO,RURAL,CURVA,INCLINADA,AFIRMADO,,,,,EN PROCESO DE INVESTIGACIÓN,NO CUENTA CON CAUSA ESPECIFICA,22.0,0,2022.0,8.0,6.0,1,3,2,0,0.0,1.0,1.0,2.0,0,0,16.0,21.213203435596427,0,0,2,0.0,0.0,1
A-2022-08-243,2022-08-07,22:31,CHOQUE CON OBJETO FIJO,1,0,1,MADRE DE DIOS,TAHUAMANU,TAHUAMANU,RURAL,CARRETERA,NACIONAL,PE-30C,-11.859529,-69.147114,DESPEJADO,RURAL,TRAMO RECTO,PLANA ,ASFALTADA,,,,,EN PROCESO DE INVESTIGACIÓN,NO CUENTA CON CAUSA ESPECIFICA,22.0,0,2022.0,8.0,6.0,1,3,2,2,0.0,0.0,0.0,0.0,0,0,31.0,0.0,0,0,1,0.0,0.0,1
A-2022-08-168,2022-08-07,22:50,ATROPELLO,1,0,0,LIMA,LIMA,CHACLACAYO,URBANA,CARRETERA,NACIONAL,PE-22,-11.97372633877707,-76.76030960606235,DESPEJADO,COMERCIAL,TRAMO RECTO,PLANA ,ASFALTADA,,,,,EN PROCESO DE INVESTIGACIÓN,NO CUENTA CON CAUSA ESPECIFICA,22.0,0,2022.0,8.0,6.0,1,3,2,0,0.0,0.0,0.0,0.0,0,0,33.0,18.384776310850235,0,1,2,0.0,0.5,1
A-2022-08-70,2022-08-08,03:00,CHOQUE CON OBJETO FIJO,1,3,1,CUSCO,ESPINAR,ESPINAR,RURAL,CARRETERA,NACIONAL,PE-34F,-14.770705922541334,-71.38786726929791,DESPEJADO,RURAL,CURVA,INCLINADA,ASFALTADA,,,,,IMPRUDENCIA DEL CONDUCTOR,CONDUCIR EN ESTADO DE EBRIEDAD Y/O DROGADICCIÓN,3.0,0,2022.0,8.0,0.0,0,0,2,1,0.0,1.0,0.0,1.0,0,0,24.25,5.123475382979799,0,1,4,0.0,0.25,1
A-2022-08-253,2022-08-08,06:10,CHOQUE,1,0,2,ICA,CHINCHA,CHINCHA BAJA,RURAL,CARRETERA,NACIONAL,PE-1SE,-13.550856,-76.181042,DESPEJADO,RURAL,TRAMO RECTO,PLANA ,ASFALTADA,,,,,IMPRUDENCIA DEL CONDUCTOR,OTRO (IMPRUDENCIA DEL CONDUCTOR),6.0,0,2022.0,8.0,0.0,0,1,2,0,0.0,0.0,0.0,0.0,0,0,37.0,19.79898987322333,0,2,2,0.0,1.0,0
A-2022-08-167,2022-08-08,08:30,DESPISTE,1,0,1,LIMA,LIMA,ANCON,RURAL,CARRETERA,NACIONAL,PE-1N,-11.729107825290674,-77.16485530147563,DESPEJADO,RURAL,TRAMO RECTO,PLANA ,ASFALTADA,,,,,EN PROCESO DE INVESTIGACIÓN,NO CUENTA CON CAUSA ESPECIFICA,8.0,0,2022.0,8.0,0.0,0,1,2,0,0.0,0.0,0.0,0.0,0,0,54.5,34.64823227814083,0,1,2,0.0,0.5,0
A-2022-08-40,2022-08-08,12:00,ATROPELLO FUGA,1,0,0,CUSCO,PAUCARTAMBO,KOSÑIPATA,RURAL,CARRETERA,NACIONAL,PE-5S,-12.9650199,-71.4373363,SOLEADO,RURAL,TRAMO RECTO,PLANA ,AFIRMADO,,,,,EN PROCESO DE INVESTIGACIÓN,NO CUENTA CON CAUSA ESPECIFICA,12.0,0,2022.0,8.0,0.0,0,2,2,1,0.0,0.0,1.0,1.0,0,0,78.0,0.0,0,0,2,0.0,0.0,0
A-2022-08-43,2022-08-08,14:40,CHOQUE,4,0,2,CUSCO,QUISPICANCHI,QUIQUIJANA,RURAL,CARRETERA,NACIONAL,PE-3S,-13.838127,-71.536362,DESPEJADO,RURAL,CURVA,PLANA ,ASFALTADA,SI,PREVENTIVA (P),,SI,IMPRUDENCIA DEL CONDUCTOR,INVASIÓN DE CARRIL,14.0,2,2022.0,8.0,0.0,0,2,2,1,0.0,0.0,0.0,0.0,0,0,32.6,10.573551910309043,0,1,5,0.0,0.2,0
A-2022-08-9,2022-08-08,16:30,CAÍDA DE PASAJERO,1,0,0,ICA,ICA,PARCONA,URBANA,CARRETERA,NACIONAL,PE-1SC,-14.053411647010996,-75.70586567905632,DESPEJADO,COMERCIAL,TRAMO RECTO,PLANA ,ASFALTADA,,,,,EN PROCESO DE INVESTIGACIÓN,NO CUENTA CON CAUSA ESPECIFICA,16.0,0,2022.0,8.0,0.0,0,2,2,0,0.0,0.0,0.0,0.0,0,0,0.0,0.0,0,0,2,0.0,0.0,0
A-2022-08-190,2022-08-08,20:00,CHOQUE,1,3,2,UCAYALI,CORONEL PORTILLO,YARINACOCHA,URBANA,CARRETERA,DEPARTAMENTAL,UC-103,-8.364268,-74.566383,DESPEJADO,COMERCIAL,TRAMO RECTO,INCLINADA,CONCRETO,,,,,EN PROCESO DE INVESTIGACIÓN,NO CUENTA CON CAUSA ESPECIFICA,20.0,0,2022.0,8.0,0.0,0,3,2,2,0.0,1.0,0.0,1.0,0,0,37.75,12.41974234837422,0,1,4,0.0,0.25,1
A-2022-08-172,2022-08-08,21:30,DESPISTE,1,0,0,PIURA,PIURA,PIURA,URBANA,CARRETERA,PROVINCIAL,PI-993,-5.031625,-80.662164,DESPEJADO,RURAL,TRAMO RECTO,PLANA ,ASFALTADA,,,,,EN PROCESO DE INVESTIGACIÓN,NO CUENTA CON CAUSA ESPECIFICA,21.0,0,2022.0,8.0,0.0,0,3,2,0,0.0,0.0,0.0,0.0,0,0,40.0,0.0,0,0,1,0.0,0.0,1
A-2022-08-246,2022-08-08,23:00,DESPISTE,1,0,1,PIURA,SULLANA,SULLANA,RURAL,CARRETERA,NACIONAL,PE-1NL,-4.920598239780908,-80.63019672290905,DESPEJADO,RURAL,TRAMO RECTO,PLANA ,ASFALTADA,,,,,EN PROCESO DE INVESTIGACIÓN,NO CUENTA CON CAUSA ESPECIFICA,23.0,0,2022.0,8.0,0.0,0,3,2,0,0.0,0.0,0.0,0.0,0,0,42.0,0.0,0,0,1,0.0,0.0,1
A-2022-08-102,2022-08-09,06:15,ATROPELLO,1,0,0,CALLAO,CALLAO,CALLAO,URBANA,CARRETERA,NACIONAL,PE-20,-11.99537093592066,-77.12587874855186,DESPEJADO,INDUSTRIAL,TRAMO RECTO,PLANA ,ASFALTADA,SI,INFORMATIVA (I),,SI,EN PROCESO DE INVESTIGACIÓN,NO CUENTA CON CAUSA ESPECIFICA,6.0,0,2022.0,8.0,1.0,0,1,2,0,0.0,0.0,0.0,0.0,0,0,37.0,2.8284271247461903,0,1,2,0.0,0.5,0
A-2022-08-241,2022-08-09,09:10,CHOQUE,1,1,2,LORETO,MAYNAS,PUNCHANA,URBANA,CALLE,URBANO,NO CORRESPONDE,-3.72768577896552,-73.2484885167629,DESPEJADO,COMERCIAL,INTERSECCIÓN,PLANA ,ASFALTADA,,,,,IMPRUDENCIA DEL CONDUCTOR,INVASIÓN DE CARRIL,9.0,0,2022.0,8.0,1.0,0,1,2,2,2.0,0.0,0.0,2.0,0,0,25.0,9.643650760992955,0,1,3,0.0,0.333,0
A-2022-08-183,2022-08-09,12:10,DESPISTE,1,0,0,APURIMAC,AYMARAES,CHALHUANCA,RURAL,CARRETERA,PROVINCIAL,AP-767,-14.288665464113867,-73.27030864658343,,,,,,,,,,EN PROCESO DE INVESTIGACIÓN,NO CUENTA CON CAUSA ESPECIFICA,12.0,0,2022.0,8.0,1.0,0,2,2,1,0.0,1.0,1.0,2.0,0,0,30.0,0.0,0,0,1,0.0,0.0,0
A-2022-08-173,2022-08-09,14:30,DESPISTE,1,0,0,PIURA,AYABACA,FRIAS,RURAL,CARRETERA,PROVINCIAL,PI-780,-4.963296190950989,-80.0037082415946,DESPEJADO,RURAL,TRAMO RECTO,PLANA ,AFIRMADO,,,,,EN PROCESO DE INVESTIGACIÓN,NO CUENTA CON CAUSA ESPECIFICA,14.0,0,2022.0,8.0,1.0,0,2,2,0,0.0,0.0,1.0,1.0,0,0,27.5,2.1213203435596424,0,0,2,0.0,0.0,0
A-2022-08-195,2022-08-10,05:00,DESPISTE,1,0,1,CAJAMARCA,HUALGAYOC,BAMBAMARCA,RURAL,CARRETERA,DEPARTAMENTAL,CA-107,-6.63463311028729,-78.4898697755679,DESPEJADO,RURAL,CURVA,PLANA ,AFIRMADO,,,,,EN PROCESO DE INVESTIGACIÓN,NO CUENTA CON CAUSA ESPECIFICA,5.0,0,2022.0,8.0,2.0,0,0,2,1,0.0,0.0,1.0,1.0,0,0,42.5,0.7071067811865476,0,0,2,0.0,0.0,1
A-2022-08-13,2022-08-10,06:20,DESPISTE,1,1,1,AREQUIPA,AREQUIPA,CERRO COLORADO,URBANA,CARRETERA,DEPARTAMENTAL,AR-123,-16.359972,-71.617691,DESPEJADO,RURAL,TRAMO RECTO,PLANA ,ASFALTADA,SI,REGULADORA (R),,NO,EN PROCESO DE INVESTIGACIÓN,NO CUENTA CON CAUSA ESPECIFICA,6.0,0,2022.0,8.0,2.0,0,1,2,0,0.0,0.0,0.0,0.0,0,1,27.5,0.7071067811865476,0,0,2,0.0,0.0,0
A-2022-08-165,2022-08-10,06:45,ATROPELLO,1,0,0,LIMA,LIMA,SAN JUAN DE LURIGANCHO,URBANA,AVENIDA,URBANO,NO CORRESPONDE,-12.014406491609313,-77.0116826373535,DESPEJADO,COMERCIAL,TRAMO RECTO,PLANA ,ASFALTADA,,,,,EN PROCESO DE INVESTIGACIÓN,NO CUENTA CON CAUSA ESPECIFICA,6.0,0,2022.0,8.0,2.0,0,1,2,0,1.0,0.0,0.0,1.0,0,0,42.5,2.1213203435596424,0,1,2,0.0,0.5,0
A-2022-08-166,2022-08-10,07:30,CHOQUE,2,0,1,LIMA,LIMA,PUNTA HERMOSA,RURAL,AVENIDA,URBANO,NO CORRESPONDE,-12.330223780830693,-76.81520163341393,DESPEJADO,RURAL,TRAMO RECTO,PLANA ,TROCHA,,,,,IMPRUDENCIA DEL CONDUCTOR,CONDUCIR EN SENTIDO CONTRARIO,7.0,1,2022.0,8.0,2.0,0,1,2,0,1.0,0.0,2.0,3.0,0,0,32.75,13.59840676942217,0,1,4,0.0,0.25,0
A-2022-08-15,2022-08-10,12:00,CHOQUE,1,2,2,AREQUIPA,AREQUIPA,MIRAFLORES,URBANA,CALLE,URBANO,NO CORRESPONDE,-16.3861421,-71.5178437,DESPEJADO,ESCOLAR,TRAMO RECTO,INCLINADA,ASFALTADA,NO,,,SI,EN PROCESO DE INVESTIGACIÓN,NO CUENTA CON CAUSA ESPECIFICA,12.0,0,2022.0,8.0,2.0,0,2,2,0,2.0,1.0,0.0,3.0,0,1,40.75,16.859715300087366,0,1,4,0.0,0.25,0
A-2022-08-28,2022-08-10,15:00,CHOQUE,2,1,2,LA LIBERTAD,VIRU,CHAO,RURAL,CARRETERA,NACIONAL,PE-1N,-8.499772,-78.690465,DESPEJADO,RURAL,TRAMO RECTO,PLANA ,ASFALTADA,,,,,IMPRUDENCIA DEL CONDUCTOR,ADELANTAR INDEBIDAMENTE,15.0,1,2022.0,8.0,2.0,0,2,2,0,0.0,0.0,0.0,0.0,0,0,53.0,14.165686240583854,0,2,4,0.0,0.5,0
A-2022-08-207,2022-08-10,19:20,CHOQUE FUGA,1,0,1,LIMA,HUAURA,SAYAN,RURAL,CARRETERA,PROVINCIAL,LM-665,-11.24199,-77.36301,DESPEJADO,RURAL,TRAMO RECTO,PLANA ,ASFALTADA,,,,,EN PROCESO DE INVESTIGACIÓN,NO CUENTA CON CAUSA ESPECIFICA,19.0,0,2022.0,8.0,2.0,0,3,2,0,0.0,0.0,0.0,0.0,0,0,14.0,0.0,0,0,2,0.0,0.0,1
A-2022-08-30,2022-08-10,22:30,CHOQUE,2,0,2,LA LIBERTAD,ASCOPE,CHOCOPE,RURAL,CARRETERA,NACIONAL,PE-1N,-7.772321,-79.255668,DESPEJADO,RURAL,CURVA,PLANA ,ASFALTADA,,,,,IMPRUDENCIA DEL CONDUCTOR,ADELANTAR INDEBIDAMENTE,22.0,1,2022.0,8.0,2.0,0,3,2,0,0.0,0.0,0.0,0.0,0,0,31.0,10.392304845413264,0,1,3,0.0,0.333,1
A-2022-08-163,2022-08-11,00:05,ATROPELLO FUGA,1,0,0,LIMA,LIMA,LOS OLIVOS,URBANA,AVENIDA,URBANO,NO CORRESPONDE,-11.99509218082484,-77.07662298020652,DESPEJADO,COMERCIAL,TRAMO RECTO,PLANA ,ASFALTADA,,,,,EN PROCESO DE INVESTIGACIÓN,NO CUENTA CON CAUSA ESPECIFICA,0.0,0,2022.0,8.0,3.0,0,0,2,0,1.0,0.0,0.0,1.0,0,0,66.0,0.0,0,0,2,0.0,0.0,1
A-2022-08-164,2022-08-11,04:30,CHOQUE,1,1,2,LIMA,LIMA,CHORRILLOS,URBANA,AVENIDA,URBANO,NO CORRESPONDE,-12.1663247522129,-77.02679543852047,DESPEJADO,COMERCIAL,INTERSECCIÓN,PLANA ,ASFALTADA,,,,,EN PROCESO DE INVESTIGACIÓN,NO CUENTA CON CAUSA ESPECIFICA,4.0,0,2022.0,8.0,3.0,0,0,2,0,1.0,0.0,0.0,1.0,0,0,24.666666666666668,2.886751345948129,0,0,3,0.0,0.0,1