CODIGO_SINIESTRO,FECHA_SINIESTRO,HORA_SINIESTRO,CLASE_SINIESTRO,CANTIDAD_FALLECIDOS,CANTIDAD_LESIONADOS,CANTIDAD_VEHICULOS,DEPARTAMENTO,PROVINCIA,DISTRITO,ZONA,TIPO_VIA,RED_VIAL,COD_CARRETERA,LATITUD,LONGITUD,CONDICION_CLIMATICA,ZONIFICACION,CARACTERISTICAS_VIA,PERFIL_VIA,SUPERFICIE_CALZADA,EXISTE_SENIAL_VERTICAL,CLASIFICACION_SENIAL_VERTICAL_1,CLASIFICACION_SENIAL_VERTICAL_2,EXISTE_SENIAL_HORIZONTAL,CAUSA_FACTOR_PRINCIPAL,CAUSA_ESPECIFICA,HORA,severidad,ANIO,MES,DIA_SEMANA,FIN_SEMANA,FRANJA_HORARIA,TEMPORADA,MACROREGION,TIPO_VIA_SCORE,PERFIL_VIA_SCORE,SUPERFICIE_CALZADA_SCORE,RIESGO_INFRAESTRUCTURA,RIESGO_CLIMATICO,SENIALIZACION_DEFICIENTE,EDAD_PROMEDIO,EDAD_STD,TOTAL_ALCOHOL,TOTAL_LICENCIA,TOTAL_PERSONAS,PCT_ALCOHOL,PCT_LICENCIA,ES_NOCHE
A-2022-08-240,2022-08-11,13:30,CHOQUE,1,0,0,JUNIN,CONCEPCION,ORCOTUNA,URBANA,CARRETERA,NACIONAL,PE-3SB,-11.96316459265405,-75.30982355220488,DESPEJADO,RURAL,TRAMO RECTO,PLANA ,ASFALTADA,NO,,,SI,IMPRUDENCIA DEL CONDUCTOR,ADELANTAR INDEBIDAMENTE,13.0,0,2022.0,8.0,3.0,0,2,2,1,0.0,0.0,0.0,0.0,0,1,17.5,4.949747468305833,0,1,2,0.0,0.5,0
A-2022-08-262,2022-08-11,16:00,CHOQUE,1,3,0,MADRE DE DIOS,TAMBOPATA,INAMBARI,URBANA,CARRETERA,NACIONAL,PE-30C,-12.925405,-70.299655,,,,,,,,,,EN PROCESO DE INVESTIGACIÓN,NO CUENTA CON CAUSA ESPECIFICA,16.0,0,2022.0,8.0,3.0,0,2,2,2,0.0,1.0,1.0,2.0,0,0,36.25,4.856267428111155,0,0,4,0.0,0.0,0
A-2022-08-10,2022-08-11,19:00,ATROPELLO,1,1,1,ICA,PISCO,PISCO,URBANA,CARRETERA,NACIONAL,PE-1SG,-13.716623,-76.21358,DESPEJADO,COMERCIAL,TRAMO RECTO,PLANA ,ASFALTADA,,,,,IMPRUDENCIA DEL CONDUCTOR,NO DAR PASO PREFERENTE AL PEATÓN,19.0,0,2022.0,8.0,3.0,0,3,2,0,0.0,0.0,0.0,0.0,0,0,41.5,20.506096654409877,0,1,2,0.0,0.5,1
A-2022-08-196,2022-08-11,19:00,VOLCADURA,1,0,1,CAJAMARCA,CHOTA,CHIMBAN,RURAL,CARRETERA,DEPARTAMENTAL,CA-107,-6.288606,-78.478151,DESPEJADO,RURAL,SINUOSA,PLANA ,AFIRMADO,,,,,EN PROCESO DE INVESTIGACIÓN,NO CUENTA CON CAUSA ESPECIFICA,19.0,0,2022.0,8.0,3.0,0,3,2,1,0.0,0.0,1.0,1.0,0,0,66.0,0.0,0,0,1,0.0,0.0,1
A-2022-08-115,2022-08-11,21:00,ATROPELLO,1,0,1,LIMA,BARRANCA,PATIVILCA,RURAL,CARRETERA,DEPARTAMENTAL,LM-100,-10.703448102966442,-77.78075153837675,DESPEJADO,RURAL,TRAMO RECTO,PLANA ,ASFALTADA,,,,,EN PROCESO DE INVESTIGACIÓN,NO CUENTA CON CAUSA ESPECIFICA,21.0,0,2022.0,8.0,3.0,0,3,2,0,0.0,0.0,0.0,0.0,0,0,40.5,9.192388155425117,0,1,2,0.0,0.5,1
A-2022-08-31,2022-08-12,00:05,ATROPELLO FUGA,1,0,1,LA LIBERTAD,TRUJILLO,HUANCHACO,RURAL,CARRETERA,NACIONAL,PE-1N,-8.090622,-79.09733,DESPEJADO,RURAL,TRAMO RECTO,PLANA ,ASFALTADA,,,,,EN PROCESO DE INVESTIGACIÓN,NO CUENTA CON CAUSA ESPECIFICA,0.0,0,2022.0,8.0,4.0,0,0,2,0,0.0,0.0,0.0,0.0,0,0,47.0,0.0,0,0,2,0.0,0.0,1
A-2022-08-237,2022-08-12,02:15,DESPISTE,1,0,1,PIURA,PIURA,PIURA,URBANA,CARRETERA,NACIONAL,PE-1N,-5.1846409851612885,-80.6489166240722,DESPEJADO,RURAL,ÓVALO,PLANA ,ASFALTADA,,,,,EN PROCESO DE INVESTIGACIÓN,NO CUENTA CON CAUSA ESPECIFICA,2.0,0,2022.0,8.0,4.0,0,0,2,0,0.0,0.0,0.0,0.0,0,0,27.0,0.0,1,1,1,1.0,1.0,1
A-2022-08-22,2022-08-12,19:10,CHOQUE,1,1,1,SAN MARTIN,MOYOBAMBA,HABANA,RURAL,CARRETERA,NACIONAL,PE-08B,-6.0874,-77.085152,DESPEJADO,RURAL,TRAMO RECTO,PLANA ,ASFALTADA,,,,,IMPRUDENCIA DEL CONDUCTOR,OTRO (IMPRUDENCIA DEL CONDUCTOR),19.0,0,2022.0,8.0,4.0,0,3,2,2,0.0,0.0,0.0,0.0,0,0,39.0,19.078784028338912,0,1,3,0.0,0.333,1
A-2022-08-162,2022-08-12,19:20,CHOQUE FUGA,1,0,0,LIMA,LIMA,SAN JUAN DE LURIGANCHO,URBANA,JIRÓN,URBANO,NO CORRESPONDE,-12.022577011727268,-77.00174719298468,DESPEJADO,RESIDENCIAL,INTERSECCIÓN,PLANA ,ASFALTADA,,,,,EN PROCESO DE INVESTIGACIÓN,NO CUENTA CON CAUSA ESPECIFICA,19.0,0,2022.0,8.0,4.0,0,3,2,0,1.0,0.0,0.0,1.0,0,0,33.0,0.0,0,0,2,0.0,0.0,1
A-2022-08-214,2022-08-13,05:30,CHOQUE,1,0,4,LIMA,HUAURA,HUACHO,RURAL,CARRETERA,NACIONAL,PE-1N,-11.301694152040682,-77.49158262185176,LLUVIOSO,RURAL,TRAMO RECTO,INCLINADA,ASFALTADA,SI,REGULADORA (R),,NO,IMPRUDENCIA DEL CONDUCTOR,EXCESO DE VELOCIDAD,5.0,0,2022.0,8.0,5.0,1,0,2,0,0.0,1.0,0.0,1.0,1,1,46.8,19.43450539633052,0,4,5,0.0,0.8,1
A-2022-08-250,2022-08-13,15:00,DESPISTE,1,3,1,LIMA,HUAURA,CHECRAS,RURAL,CARRETERA,NACIONAL,PE-18,-10.86345689997128,-76.96466261213189,DESPEJADO,RURAL,TRAMO RECTO,INCLINADA,ASFALTADA,SI,REGULADORA (R),PREVENTIVA (P),NO,IMPRUDENCIA DEL CONDUCTOR,EXCESO DE VELOCIDAD,15.0,0,2022.0,8.0,5.0,1,2,2,0,0.0,1.0,0.0,1.0,0,1,33.25,14.500000000000002,0,1,4,0.0,0.25,0
A-2022-08-160,2022-08-13,17:15,ATROPELLO,1,0,0,LIMA,LIMA,SANTA ANITA,URBANA,CARRETERA,DEPARTAMENTAL,LM-117,-12.056117038423952,-76.96797027997064,DESPEJADO,COMERCIAL,INTERSECCIÓN,PLANA ,ASFALTADA,,,,,EN PROCESO DE INVESTIGACIÓN,NO CUENTA CON CAUSA ESPECIFICA,17.0,0,2022.0,8.0,5.0,1,2,2,0,0.0,0.0,0.0,0.0,0,0,51.0,29.698484809834994,0,1,2,0.0,0.5,0
A-2022-08-155,2022-08-13,18:00,CHOQUE,1,3,2,LIMA,LIMA,CARABAYLLO,URBANA,AVENIDA,URBANO,NO CORRESPONDE,-11.845475508105642,-77.00080274155242,DESPEJADO,RESIDENCIAL,TRAMO RECTO,PLANA ,ASFALTADA,,,,,EN PROCESO DE INVESTIGACIÓN,NO CUENTA CON CAUSA ESPECIFICA,18.0,0,2022.0,8.0,5.0,1,3,2,0,1.0,0.0,0.0,1.0,0,0,41.5,16.842406795546374,0,2,4,0.0,0.5,1
A-2022-08-90,2022-08-13,18:30,DESPISTE,1,1,1,APURIMAC,ANDAHUAYLAS,SAN JERONIMO,URBANA,JIRÓN,URBANO,NO CORRESPONDE,-13.652189,-73.357767,DESPEJADO,RURAL,OTRO,INCLINADA,TROCHA,,,,,IMPERICIA DEL CONDUCTOR,,18.0,0,2022.0,8.0,5.0,1,3,2,1,1.0,1.0,2.0,4.0,0,0,47.0,24.24871130596428,0,0,3,0.0,0.0,1
A-2022-08-208,2022-08-13,18:50,ATROPELLO FUGA,1,0,0,LIMA,HUAURA,VEGUETA,URBANA,CARRETERA,NACIONAL,PE-1N,-10.9432,-77.64738,DESPEJADO,COMERCIAL,TRAMO RECTO,PLANA ,ASFALTADA,SI,REGULADORA (R),PREVENTIVA (P),NO,IMPRUDENCIA DEL CONDUCTOR,CONDUCIR EN SENTIDO CONTRARIO,18.0,0,2022.0,8.0,5.0,1,3,2,0,0.0,0.0,0.0,0.0,0,1,25.0,0.0,0,0,2,0.0,0.0,1
A-2022-08-65,2022-08-13,19:04,CHOQUE,1,0,2,LAMBAYEQUE,LAMBAYEQUE,OLMOS,RURAL,CARRETERA,NACIONAL,PE-1NJ,-5.939578,-79.759518,DESPEJADO,RURAL,TRAMO RECTO,PLANA ,ASFALTADA,,,,,EN PROCESO DE INVESTIGACIÓN,NO CUENTA CON CAUSA ESPECIFICA,19.0,0,2022.0,8.0,5.0,1,3,2,0,0.0,0.0,0.0,0.0,0,0,35.5,0.7071067811865476,0,0,2,0.0,0.0,1
A-2022-08-129,2022-08-13,21:10,ATROPELLO,1,0,1,PUNO,SAN ROMAN,SAN MIGUEL,URBANA,CARRETERA,NACIONAL,PE-34H,-15.455654366486025,-70.10072345093727,DESPEJADO,RESIDENCIAL,TRAMO RECTO,PLANA ,ASFALTADA,,,,,IMPERICIA DEL CONDUCTOR,,21.0,0,2022.0,8.0,5.0,1,3,2,1,0.0,0.0,0.0,0.0,0,0,34.5,27.577164466275352,0,0,2,0.0,0.0,1
A-2022-08-138,2022-08-14,01:30,CHOQUE,1,2,0,PIURA,PIURA,VEINTISEIS DE OCTUBRE,URBANA,AVENIDA,URBANO,NO CORRESPONDE,-5.178871,-80.653755,DESPEJADO,INDUSTRIAL,TRAMO RECTO,PLANA ,ASFALTADA,,,,,EN PROCESO DE INVESTIGACIÓN,NO CUENTA CON CAUSA ESPECIFICA,1.0,0,2022.0,8.0,6.0,1,0,2,0,1.0,0.0,0.0,1.0,0,0,25.333333333333332,3.5118845842842457,1,1,3,0.333,0.333,1
A-2022-08-12,2022-08-14,04:30,DESPISTE,1,2,1,PUNO,CHUCUITO,JULI,RURAL,CARRETERA,NACIONAL,PE-3S,-16.2509416,-69.3587262,DESPEJADO,RURAL,TRAMO RECTO,PLANA ,ASFALTADA,,,,,IMPRUDENCIA DEL CONDUCTOR,EXCESO DE VELOCIDAD,4.0,0,2022.0,8.0,6.0,1,0,2,1,0.0,0.0,0.0,0.0,0,0,49.25,17.114808402861737,0,1,4,0.0,0.25,1
A-2022-08-161,2022-08-14,05:20,DESPISTE,1,1,2,LIMA,LIMA,CARABAYLLO,URBANA,AVENIDA,URBANO,NO CORRESPONDE,-11.893832816314674,-77.04070556329435,DESPEJADO,RESIDENCIAL,TRAMO RECTO,PLANA ,ASFALTADA,,,,,EN PROCESO DE INVESTIGACIÓN,NO CUENTA CON CAUSA ESPECIFICA,5.0,0,2022.0,8.0,6.0,1,0,2,0,1.0,0.0,0.0,1.0,0,0,37.666666666666664,15.30795000427338,0,1,4,0.0,0.25,1
A-2022-08-158,2022-08-14,05:30,ATROPELLO,1,0,0,LIMA,LIMA,VILLA EL SALVADOR,URBANA,CARRETERA,NACIONAL,PE-1S,-12.24078967457405,-76.94706750505482,DESPEJADO,INDUSTRIAL,TRAMO RECTO,PLANA ,ASFALTADA,,,,,EN PROCESO DE INVESTIGACIÓN,NO CUENTA CON CAUSA ESPECIFICA,5.0,0,2022.0,8.0,6.0,1,0,2,0,0.0,0.0,0.0,0.0,0,0,24.0,7.0710678118654755,0,1,2,0.0,0.5,1
A-2022-08-17,2022-08-14,06:00,CHOQUE FUGA,1,0,1,AREQUIPA,AREQUIPA,CERRO COLORADO,URBANA,CALLE,URBANO,NO CORRESPONDE,-16.4009968,-71.5818988,DESPEJADO,INDUSTRIAL,INTERSECCIÓN,INCLINADA,ASFALTADA,,,,,EN PROCESO DE INVESTIGACIÓN,NO CUENTA CON CAUSA ESPECIFICA,6.0,0,2022.0,8.0,6.0,1,1,2,0,2.0,1.0,0.0,3.0,0,0,43.0,0.0,0,0,2,0.0,0.0,0
A-2022-08-66,2022-08-14,06:00,CHOQUE,1,0,2,LAMBAYEQUE,CHICLAYO,CHICLAYO,URBANA,AVENIDA,URBANO,NO CORRESPONDE,-6.768678,-79.846529,DESPEJADO,RESIDENCIAL,TRAMO RECTO,PLANA ,ASFALTADA,,,,,EN PROCESO DE INVESTIGACIÓN,NO CUENTA CON CAUSA ESPECIFICA,6.0,0,2022.0,8.0,6.0,1,1,2,0,1.0,0.0,0.0,1.0,0,0,40.0,1.4142135623730951,0,1,2,0.0,0.5,0
A-2022-08-107,2022-08-14,06:30,CHOQUE CON OBJETO FIJO,1,0,1,HUANUCO,LEONCIO PRADO,JOSE CRESPO Y CASTILLO,URBANA,AVENIDA,URBANO,NO CORRESPONDE,-8.935285156922612,-76.1189889561985,DESPEJADO,COMERCIAL,TRAMO RECTO,PLANA ,AFIRMADO,,,,,IMPRUDENCIA DEL CONDUCTOR,CONDUCIR EN ESTADO DE EBRIEDAD Y/O DROGADICCIÓN,6.0,0,2022.0,8.0,6.0,1,1,2,1,1.0,0.0,1.0,2.0,0,0,40.0,0.0,0,0,1,0.0,0.0,0
A-2022-08-32,2022-08-14,06:30,DESPISTE,1,1,1,LA LIBERTAD,TRUJILLO,SALAVERRY,URBANA,CALLE,URBANO,NO CORRESPONDE,-8.186819,-78.985537,DESPEJADO,RESIDENCIAL,TRAMO RECTO,PLANA ,ASFALTADA,,,,,EN PROCESO DE INVESTIGACIÓN,NO CUENTA CON CAUSA ESPECIFICA,6.0,0,2022.0,8.0,6.0,1,1,2,0,2.0,0.0,0.0,2.0,0,0,19.0,1.4142135623730951,0,0,2,0.0,0.0,0
A-2022-08-11,2022-08-14,07:40,CHOQUE,1,0,2,ICA,ICA,SANTIAGO,RURAL,CARRETERA,NACIONAL,PE-1S,-14.390245,-75.601089,DESPEJADO,RURAL,TRAMO RECTO,PLANA ,ASFALTADA,,,,,IMPRUDENCIA DEL CONDUCTOR,FATIGA Y/O CANSANCIO,7.0,0,2022.0,8.0,6.0,1,1,2,0,0.0,0.0,0.0,0.0,0,0,30.5,2.1213203435596424,0,2,2,0.0,1.0,0
A-2022-08-157,2022-08-14,10:30,VOLCADURA,1,0,0,LIMA,LIMA,COMAS,URBANA,AVENIDA,URBANO,NO CORRESPONDE,-11.90580642356984,-77.04292197271546,DESPEJADO,COMERCIAL,TRAMO RECTO,PLANA ,ASFALTADA,,,,,EN PROCESO DE INVESTIGACIÓN,NO CUENTA CON CAUSA ESPECIFICA,10.0,0,2022.0,8.0,6.0,1,1,2,0,1.0,0.0,0.0,1.0,0,0,0.0,0.0,0,0,2,0.0,0.0,0
A-2022-08-52,2022-08-14,11:00,DESPISTE,1,0,1,CUSCO,QUISPICANCHI,MARCAPATA,RURAL,CARRETERA,NACIONAL,PE-30C,-13.5776715,-70.9256111,DESPEJADO,RURAL,CURVA,PLANA ,ASFALTADA,SI,PREVENTIVA (P),,SI,IMPRUDENCIA DEL CONDUCTOR,EXCESO DE VELOCIDAD,11.0,0,2022.0,8.0,6.0,1,1,2,1,0.0,0.0,0.0,0.0,0,0,65.0,0.0,0,1,1,0.0,1.0,0
A-2022-08-181,2022-08-14,12:40,CHOQUE,1,0,1,TACNA,TACNA,LA YARADA LOS PALOS,RURAL,CARRETERA,NACIONAL,PE-1SD,-18.149862,-70.443709,SOLEADO,RURAL,TRAMO RECTO,PLANA ,ASFALTADA,,,,,IMPRUDENCIA DEL CONDUCTOR,CONDUCIR EN ESTADO DE EBRIEDAD Y/O DROGADICCIÓN,12.0,0,2022.0,8.0,6.0,1,2,2,0,0.0,0.0,0.0,0.0,0,0,33.333333333333336,10.115993936995677,1,1,3,0.333,0.333,0
A-2022-08-197,2022-08-14,15:10,DESPISTE,1,1,1,CAJAMARCA,CELENDIN,JOSE GALVEZ,RURAL,CARRETERA,NACIONAL,PE-08B,-6.94201167,-78.190175,DESPEJADO,RURAL,CURVA,PLANA ,ASFALTADA,,,,,EN PROCESO DE INVESTIGACIÓN,NO CUENTA CON CAUSA ESPECIFICA,15.0,0,2022.0,8.0,6.0,1,2,2,1,0.0,0.0,0.0,0.0,0,0,15.333333333333334,14.189197769195175,0,0,3,0.0,0.0,0
A-2022-08-271,2022-08-14,17:00,ATROPELLO FUGA,1,0,0,LORETO,MAYNAS,SAN JUAN BAUTISTA,RURAL,CARRETERA,DEPARTAMENTAL,LO-103,-4.04589102816101,-73.4377390171781,DESPEJADO,RURAL,TRAMO RECTO,PLANA ,ASFALTADA,,,,,EN PROCESO DE INVESTIGACIÓN,NO CUENTA CON CAUSA ESPECIFICA,17.0,0,2022.0,8.0,6.0,1,2,2,2,0.0,0.0,0.0,0.0,0,0,19.0,0.0,0,0,2,0.0,0.0,0
A-2022-08-67,2022-08-14,19:00,DESPISTE,1,0,1,LAMBAYEQUE,CHICLAYO,REQUE,RURAL,CARRETERA,PROVINCIAL,LA-808,-6.840807,-79.790486,DESPEJADO,RURAL,TRAMO RECTO,PLANA ,ASFALTADA,SI,PREVENTIVA (P),,NO,EN PROCESO DE INVESTIGACIÓN,NO CUENTA CON CAUSA ESPECIFICA,19.0,0,2022.0,8.0,6.0,1,3,2,0,0.0,0.0,0.0,0.0,0,1,39.0,0.0,0,0,1,0.0,0.0,1
A-2022-08-220,2022-08-14,19:30,DESPISTE,1,0,1,PIURA,SECHURA,SECHURA,RURAL,CARRETERA,NACIONAL,PE-1NK,-5.598874,-80.835954,DESPEJADO,RURAL,TRAMO RECTO,PLANA ,ASFALTADA,,,,,EN PROCESO DE INVESTIGACIÓN,NO CUENTA CON CAUSA ESPECIFICA,19.0,0,2022.0,8.0,6.0,1,3,2,0,0.0,0.0,0.0,0.0,0,0,21.0,0.0,0,0,1,0.0,0.0,1
A-2022-08-188,2022-08-14,21:36,ATROPELLO,1,0,0,HUANUCO,HUANUCO,HUANUCO,URBANA,JIRÓN,URBANO,NO CORRESPONDE,-9.929372,-76.242904,DESPEJADO,COMERCIAL,TRAMO RECTO,PLANA ,ASFALTADA,,,,,IMPRUDENCIA DEL PEATÓN,ESTADO DE EBRIEDAD Y/O DROGADICCIÓN,21.0,0,2022.0,8.0,6.0,1,3,2,1,1.0,0.0,0.0,1.0,0,0,49.0,16.97056274847714,0,1,2,0.0,0.5,1
A-2022-08-159,2022-08-14,22:20,DESPISTE,1,0,0,LIMA,LIMA,VILLA MARIA DEL TRIUNFO,URBANA,AVENIDA,URBANO,NO CORRESPONDE,-12.169855851935914,-76.94984814454078,DESPEJADO,RESIDENCIAL,TRAMO RECTO,PLANA ,ASFALTADA,,,,,EN PROCESO DE INVESTIGACIÓN,NO CUENTA CON CAUSA ESPECIFICA,22.0,0,2022.0,8.0,6.0,1,3,2,0,1.0,0.0,0.0,1.0,0,0,29.0,0.0,0,1,1,0.0,1.0,1
A-2022-08-156,2022-08-15,00:20,DESPISTE,1,1,0,LIMA,LIMA,MAGDALENA DEL MAR,URBANA,OTRO,URBANO,NO CORRESPONDE,-12.103737753127517,-77.0640075684988,DESPEJADO,COMERCIAL,TRAMO RECTO,PLANA ,ASFALTADA,,,,,EN PROCESO DE INVESTIGACIÓN,NO CUENTA CON CAUSA ESPECIFICA,0.0,0,2022.0,8.0,0.0,0,0,2,0,2.0,0.0,0.0,2.0,0,0,0.0,0.0,0,0,2,0.0,0.0,1
A-2022-08-33,2022-08-15,05:30,ATROPELLO,1,0,1,LA LIBERTAD,TRUJILLO,LA ESPERANZA,URBANA,AVENIDA,URBANO,NO CORRESPONDE,-8.056401,-79.054344,DESPEJADO,COMERCIAL,TRAMO RECTO,PLANA ,ASFALTADA,,,,,EN PROCESO DE INVESTIGACIÓN,NO CUENTA CON CAUSA ESPECIFICA,5.0,0,2022.0,8.0,0.0,0,0,2,0,1.0,0.0,0.0,1.0,0,0,30.0,9.899494936611665,0,1,2,0.0,0.5,1
A-2022-08-198,2022-08-15,06:30,DESPISTE,1,1,1,CAJAMARCA,CAJABAMBA,SITACOCHA,RURAL,CARRETERA,DEPARTAMENTAL,CA-108,-7.48149378897081,-77.9672352015196,DESPEJADO,RURAL,CURVA,PLANA ,AFIRMADO,,,,,EN PROCESO DE INVESTIGACIÓN,NO CUENTA CON CAUSA ESPECIFICA,6.0,0,2022.0,8.0,0.0,0,1,2,1,0.0,0.0,1.0,1.0,0,0,31.0,1.4142135623730951,0,0,2,0.0,0.0,0
A-2022-08-14,2022-08-15,08:05,CHOQUE,1,0,2,PUNO,EL COLLAO,PILCUYO,RURAL,CARRETERA,DEPARTAMENTAL,PU-127,-16.070020894171176,-69.50630305875613,DESPEJADO,RURAL,TRAMO RECTO,PLANA ,ASFALTADA,,,,,IMPRUDENCIA DEL CONDUCTOR,GIRAR IMPRUDENTEMENTE,8.0,0,2022.0,8.0,0.0,0,1,2,1,0.0,0.0,0.0,0.0,0,0,23.5,13.435028842544403,0,1,2,0.0,0.5,0
A-2022-08-45,2022-08-15,15:20,CHOQUE,1,0,2,CUSCO,ANTA,LIMATAMBO,RURAL,CARRETERA,NACIONAL,PE-3S,-13.45163,-72.411301,DESPEJADO,RURAL,CURVA,INCLINADA,ASFALTADA,SI,PREVENTIVA (P),PREVENTIVA (P),SI,IMPRUDENCIA DEL CONDUCTOR,INVASIÓN DE CARRIL,15.0,0,2022.0,8.0,0.0,0,2,2,1,0.0,1.0,0.0,1.0,0,0,32.5,6.363961030678928,0,2,2,0.0,1.0,0
A-2022-08-113,2022-08-15,18:00,DESPISTE,1,1,0,MOQUEGUA,GENERAL SANCHEZ CERRO,OMATE,,CARRETERA,DEPARTAMENTAL,MO-108,-16.704679,-70.994454,,,,,,,,,,EN PROCESO DE INVESTIGACIÓN,NO CUENTA CON CAUSA ESPECIFICA,18.0,0,2022.0,8.0,0.0,0,3,2,0,0.0,1.0,1.0,2.0,0,0,48.333333333333336,12.50333288900737,0,0,3,0.0,0.0,1
A-2022-08-21,2022-08-15,18:10,DESPISTE,1,5,1,AREQUIPA,CAYLLOMA,LLUTA,RURAL,CARRETERA,PROVINCIAL,AR-704,-16.02862355675795,-72.02268715077274,DESPEJADO,RURAL,CURVA,PLANA ,TROCHA,,,,,EN PROCESO DE INVESTIGACIÓN,NO CUENTA CON CAUSA ESPECIFICA,18.0,0,2022.0,8.0,0.0,0,3,2,0,0.0,0.0,2.0,2.0,0,0,35.666666666666664,8.262364471909157,0,0,6,0.0,0.0,1
A-2022-08-68,2022-08-15,20:00,CHOQUE,1,0,2,LAMBAYEQUE,LAMBAYEQUE,MOCHUMI,URBANA,CARRETERA,NACIONAL,PE-1NJ,-6.541648,-79.864795,DESPEJADO,ESCOLAR,TRAMO RECTO,PLANA ,ASFALTADA,SI,REGULADORA (R),,SI,EN PROCESO DE INVESTIGACIÓN,NO CUENTA CON CAUSA ESPECIFICA,20.0,0,2022.0,8.0,0.0,0,3,2,0,0.0,0.0,0.0,0.0,0,0,51.5,33.23401871576773,1,1,2,0.5,0.5,1
A-2022-08-16,2022-08-15,21:30,CHOQUE,1,1,1,PUNO,CHUCUITO,JULI,RURAL,CARRETERA,NACIONAL,PE-3S,-16.216189,-69.499112,DESPEJADO,RURAL,TRAMO RECTO,PLANA ,ASFALTADA,,,,,IMPRUDENCIA DEL CONDUCTOR,CONDUCIR EN ESTADO DE EBRIEDAD Y/O DROGADICCIÓN,21.0,0,2022.0,8.0,0.0,0,3,2,1,0.0,0.0,0.0,0.0,0,0,29.5,3.5355339059327378,0,0,3,0.0,0.0,1
A-2022-08-222,2022-08-16,05:00,CHOQUE,1,0,2,PIURA,PIURA,CASTILLA,RURAL,CARRETERA,DEPARTAMENTAL,PI-126,-5.105398,-80.601467,DESPEJADO,RURAL,CURVA,PLANA ,ASFALTADA,,,,,EN PROCESO DE INVESTIGACIÓN,NO CUENTA CON CAUSA ESPECIFICA,5.0,0,2022.0,8.0,1.0,0,0,2,0,0.0,0.0,0.0,0.0,0,0,32.0,9.899494936611665,0,1,2,0.0,0.5,1
A-2022-08-178,2022-08-16,07:15,CHOQUE,1,1,0,ANCASH,CASMA,CASMA,RURAL,CARRETERA,NACIONAL,PE-1N,-9.438507,-78.355124,DESPEJADO,RURAL,TRAMO RECTO,PLANA ,ASFALTADA,,,,,EN PROCESO DE INVESTIGACIÓN,NO CUENTA CON CAUSA ESPECIFICA,7.0,0,2022.0,8.0,1.0,0,1,2,0,0.0,0.0,0.0,0.0,0,0,48.0,13.076696830622021,0,2,3,0.0,0.667,0
A-2022-08-232,2022-08-16,15:00,CHOQUE,1,1,2,LORETO,MAYNAS,SAN JUAN BAUTISTA,URBANA,CALLE,URBANO,NO CORRESPONDE,-3.7662436,-73.3045001,DESPEJADO,RURAL,TRAMO RECTO,PLANA ,ASFALTADA,,,,,IMPRUDENCIA DEL CONDUCTOR,EXCESO DE VELOCIDAD,15.0,0,2022.0,8.0,1.0,0,2,2,2,2.0,0.0,0.0,2.0,0,0,42.5,3.5355339059327378,0,0,2,0.0,0.0,0
A-2022-08-56,2022-08-16,17:50,CHOQUE,8,0,2,CUSCO,CANCHIS,MARANGANI,RURAL,CARRETERA,NACIONAL,PE-3S,-14.349936641726169,-71.1777858914201,DESPEJADO,RURAL,CURVA,PLANA ,ASFALTADA,SI,PREVENTIVA (P),,SI,IMPRUDENCIA DEL CONDUCTOR,INVASIÓN DE CARRIL,17.0,2,2022.0,8.0,1.0,0,2,2,1,0.0,0.0,0.0,0.0,0,0,32.55555555555556,23.995369923753575,0,2,9,0.0,0.222,0
A-2022-08-231,2022-08-16,19:20,DESPISTE,1,0,1,PIURA,MORROPON,SAN JUAN DE BIGOTE,RURAL,CARRETERA,PROVINCIAL,PI-883,-5.316975,-79.749455,DESPEJADO,RURAL,TRAMO RECTO,INCLINADA,TROCHA,,,,,EN PROCESO DE INVESTIGACIÓN,NO CUENTA CON CAUSA ESPECIFICA,19.0,0,2022.0,8.0,1.0,0,3,2,0,0.0,1.0,2.0,3.0,0,0,52.0,0.0,0,0,1,0.0,0.0,1
A-2022-08-24,2022-08-16,20:45,ATROPELLO,1,0,1,TUMBES,TUMBES,TUMBES,URBANA,CARRETERA,NACIONAL,PE-1N,-3.5561734269643166,-80.44382035685847,DESPEJADO,RESIDENCIAL,TRAMO RECTO,PLANA ,ASFALTADA,,,,,IMPRUDENCIA DEL PEATÓN,CRUCE INDEBIDO POR LA CALZADA,20.0,0,2022.0,8.0,1.0,0,3,2,0,0.0,0.0,0.0,0.0,0,0,55.0,26.870057685088806,0,1,2,0.0,0.5,1
A-2022-08-189,2022-08-16,21:00,ATROPELLO,1,0,1,HUANUCO,HUANUCO,QUISQUI (KICHKI),RURAL,CARRETERA,NACIONAL,PE-3N,-9.921653,-76.359124,DESPEJADO,RURAL,TRAMO RECTO,PLANA ,TROCHA,,,,,IMPRUDENCIA DEL PEATÓN,ESTADO DE EBRIEDAD Y/O DROGADICCIÓN,21.0,0,2022.0,8.0,1.0,0,3,2,1,0.0,0.0,2.0,2.0,0,0,47.5,14.849242404917497,0,1,2,0.0,0.5,1
A-2022-08-29,2022-08-17,04:40,CHOQUE,1,1,2,ICA,NASCA,NASCA,URBANA,CARRETERA,NACIONAL,PE-1S,-14.86775937553085,-74.98377710043235,DESPEJADO,COMERCIAL,TRAMO RECTO,PLANA ,ASFALTADA,,,,,EN PROCESO DE INVESTIGACIÓN,NO CUENTA CON CAUSA ESPECIFICA,4.0,0,2022.0,8.0,2.0,0,0,2,0,0.0,0.0,0.0,0.0,0,0,41.0,22.11334438749598,0,2,3,0.0,0.667,1