CODIGO_SINIESTRO,FECHA_SINIESTRO,HORA_SINIESTRO,CLASE_SINIESTRO,CANTIDAD_FALLECIDOS,CANTIDAD_LESIONADOS,CANTIDAD_VEHICULOS,DEPARTAMENTO,PROVINCIA,DISTRITO,ZONA,TIPO_VIA,RED_VIAL,COD_CARRETERA,LATITUD,LONGITUD,CONDICION_CLIMATICA,ZONIFICACION,CARACTERISTICAS_VIA,PERFIL_VIA,SUPERFICIE_CALZADA,EXISTE_SENIAL_VERTICAL,CLASIFICACION_SENIAL_VERTICAL_1,CLASIFICACION_SENIAL_VERTICAL_2,EXISTE_SENIAL_HORIZONTAL,CAUSA_FACTOR_PRINCIPAL,CAUSA_ESPECIFICA,HORA,severidad,ANIO,MES,DIA_SEMANA,FIN_SEMANA,FRANJA_HORARIA,TEMPORADA,MACROREGION,TIPO_VIA_SCORE,PERFIL_VIA_SCORE,SUPERFICIE_CALZADA_SCORE,RIESGO_INFRAESTRUCTURA,RIESGO_CLIMATICO,SENIALIZACION_DEFICIENTE,EDAD_PROMEDIO,EDAD_STD,TOTAL_ALCOHOL,TOTAL_LICENCIA,TOTAL_PERSONAS,PCT_ALCOHOL,PCT_LICENCIA,ES_NOCHE
A-2022-08-154,2022-08-17,06:40,CHOQUE,2,0,2,LIMA,LIMA,VILLA MARIA DEL TRIUNFO,URBANA,AVENIDA,URBANO,NO CORRESPONDE,-12.159876112195656,-76.93937276852698,DESPEJADO,COMERCIAL,INTERSECCIÓN,PLANA ,ASFALTADA,,,,,EN PROCESO DE INVESTIGACIÓN,NO CUENTA CON CAUSA ESPECIFICA,6.0,1,2022.0,8.0,2.0,0,1,2,0,1.0,0.0,0.0,1.0,0,0,31.5,9.192388155425117,0,2,3,0.0,0.667,0
A-2022-08-35,2022-08-17,11:45,DESPISTE,1,0,1,LA LIBERTAD,VIRU,CHAO,RURAL,CARRETERA,NACIONAL,PE-1N,-8.50491,-78.688881,DESPEJADO,RURAL,TRAMO RECTO,PLANA ,ASFALTADA,,,,,IMPRUDENCIA DEL CONDUCTOR,EXCESO DE VELOCIDAD,11.0,0,2022.0,8.0,2.0,0,1,2,0,0.0,0.0,0.0,0.0,0,0,29.0,14.142135623730951,0,1,2,0.0,0.5,0
A-2022-08-23,2022-08-17,16:30,DESPISTE,1,0,0,PUNO,CHUCUITO,JULI,RURAL,CARRETERA,DEPARTAMENTAL,PU-129,-16.379705,-69.458217,DESPEJADO,RURAL,TRAMO RECTO,PLANA ,ASFALTADA,,,,,IMPRUDENCIA DEL CONDUCTOR,OTRO (IMPRUDENCIA DEL CONDUCTOR),16.0,0,2022.0,8.0,2.0,0,2,2,1,0.0,0.0,0.0,0.0,0,0,56.0,0.0,0,0,1,0.0,0.0,0
A-2022-08-130,2022-08-17,17:50,CHOQUE,1,3,2,PUNO,SAN ROMAN,CABANILLAS,RURAL,CARRETERA,NACIONAL,PE-34A,-15.6790683,-70.4039444,DESPEJADO,RURAL,TRAMO RECTO,PLANA ,ASFALTADA,,,,,IMPRUDENCIA DEL CONDUCTOR,EXCESO DE VELOCIDAD,17.0,0,2022.0,8.0,2.0,0,2,2,1,0.0,0.0,0.0,0.0,0,0,30.333333333333332,16.82458518557491,0,1,6,0.0,0.167,0
A-2022-08-201,2022-08-17,20:30,DESPISTE,1,1,1,CAJAMARCA,CAJABAMBA,CACHACHI,RURAL,CARRETERA,DEPARTAMENTAL,CA-111,-7.67072728566203,-78.1956085437724,DESPEJADO,RURAL,CURVA,INCLINADA,AFIRMADO,,,,,EN PROCESO DE INVESTIGACIÓN,NO CUENTA CON CAUSA ESPECIFICA,20.0,0,2022.0,8.0,2.0,0,3,2,1,0.0,1.0,1.0,2.0,0,0,41.0,2.6457513110645907,0,0,3,0.0,0.0,1
A-2022-08-53,2022-08-17,22:20,DESPISTE,1,2,1,ICA,ICA,SALAS,URBANA,CARRETERA,NACIONAL,PE-1S,-13.934904228274034,-75.86539410116751,DESPEJADO,COMERCIAL,TRAMO RECTO,PLANA ,ASFALTADA,,,,,EN PROCESO DE INVESTIGACIÓN,NO CUENTA CON CAUSA ESPECIFICA,22.0,0,2022.0,8.0,2.0,0,3,2,0,0.0,0.0,0.0,0.0,0,0,49.0,22.869193252058544,0,0,3,0.0,0.0,1
A-2022-08-116,2022-08-18,03:20,ATROPELLO FUGA,1,0,0,LIMA,BARRANCA,SUPE PUERTO,RURAL,CARRETERA,DEPARTAMENTAL,LM-100,-10.788253249457956,-77.7418373172005,LLUVIOSO,RURAL,TRAMO RECTO,PLANA ,ASFALTADA,,,,,EN PROCESO DE INVESTIGACIÓN,NO CUENTA CON CAUSA ESPECIFICA,3.0,0,2022.0,8.0,3.0,0,0,2,0,0.0,0.0,0.0,0.0,1,0,60.0,0.0,0,0,2,0.0,0.0,1
A-2022-08-114,2022-08-18,09:50,CHOQUE,1,0,2,PASCO,PASCO,HUARIACA,URBANA,CARRETERA,NACIONAL,PE-3N,-10.43900461819994,-76.19083504719426,DESPEJADO,COMERCIAL,SINUOSA,INCLINADA,ASFALTADA,SI,INFORMATIVA (I),,SI,EN PROCESO DE INVESTIGACIÓN,NO CUENTA CON CAUSA ESPECIFICA,9.0,0,2022.0,8.0,3.0,0,1,2,1,0.0,1.0,0.0,1.0,0,0,52.0,26.057628441590765,0,2,3,0.0,0.667,0
A-2022-08-238,2022-08-18,13:30,DESPISTE,1,1,1,JUNIN,JAUJA,CURICACA,RURAL,CARRETERA,NACIONAL,PE-3S,-11.79082920119049,-75.6894009748328,DESPEJADO,RURAL,TRAMO RECTO,PLANA ,ASFALTADA,,,,,IMPRUDENCIA DEL CONDUCTOR,EXCESO DE VELOCIDAD,13.0,0,2022.0,8.0,3.0,0,2,2,1,0.0,0.0,0.0,0.0,0,0,74.0,18.384776310850235,0,1,2,0.0,0.5,0
A-2022-08-96,2022-08-18,15:20,DESPISTE,1,0,1,CUSCO,CUSCO,SANTIAGO,URBANA,CALLE,URBANO,NO CORRESPONDE,-13.5556578,-71.993234,DESPEJADO,RURAL,CURVA,PLANA ,AFIRMADO,,,,,IMPRUDENCIA DEL CONDUCTOR,CONDUCIR EN ESTADO DE EBRIEDAD Y/O DROGADICCIÓN,15.0,0,2022.0,8.0,3.0,0,2,2,1,2.0,0.0,1.0,3.0,0,0,47.0,0.0,1,0,1,1.0,0.0,0
A-2022-08-254,2022-08-18,17:15,VOLCADURA,1,0,2,JUNIN,SATIPO,SATIPO,URBANA,AVENIDA,URBANO,NO CORRESPONDE,-11.246691446130065,-74.63410193442701,DESPEJADO,COMERCIAL,INTERSECCIÓN,PLANA ,ASFALTADA,,,,,IMPRUDENCIA DEL CONDUCTOR,EXCESO DE VELOCIDAD,17.0,0,2022.0,8.0,3.0,0,2,2,1,1.0,0.0,0.0,1.0,0,0,46.0,7.0710678118654755,0,1,2,0.0,0.5,0
A-2022-08-202,2022-08-18,23:40,VOLCADURA,1,0,1,CAJAMARCA,CAJAMARCA,LOS BAÑOS DEL INCA,RURAL,CARRETERA,NACIONAL,PE-08B,-7.16498167,-78.475735,DESPEJADO,RURAL,TRAMO RECTO,PLANA ,ASFALTADA,,,,,EN PROCESO DE INVESTIGACIÓN,NO CUENTA CON CAUSA ESPECIFICA,23.0,0,2022.0,8.0,3.0,0,3,2,1,0.0,0.0,0.0,0.0,0,0,19.0,0.0,0,0,1,0.0,0.0,1
A-2022-08-153,2022-08-19,03:40,CHOQUE,1,0,2,LIMA,LIMA,LOS OLIVOS,URBANA,AVENIDA,URBANO,NO CORRESPONDE,-11.971734808491217,-77.07560017434432,DESPEJADO,COMERCIAL,TRAMO RECTO,PLANA ,ASFALTADA,,,,,EN PROCESO DE INVESTIGACIÓN,NO CUENTA CON CAUSA ESPECIFICA,3.0,0,2022.0,8.0,4.0,0,0,2,0,1.0,0.0,0.0,1.0,0,0,33.333333333333336,15.373136743466942,0,2,3,0.0,0.667,1
A-2022-08-58,2022-08-19,12:55,ATROPELLO,1,0,0,CUSCO,QUISPICANCHI,OCONGATE,RURAL,CARRETERA,PROVINCIAL,CU-1393,-13.6672,-71.3583,DESPEJADO,RURAL,TRAMO RECTO,PLANA ,TROCHA,,,,,EN PROCESO DE INVESTIGACIÓN,NO CUENTA CON CAUSA ESPECIFICA,12.0,0,2022.0,8.0,4.0,0,2,2,1,0.0,0.0,2.0,2.0,0,0,26.5,16.263455967290593,0,1,2,0.0,0.5,0
A-2022-08-150,2022-08-19,15:50,CAÍDA DE PASAJERO,1,0,0,LIMA,LIMA,ATE,URBANA,CALLE,URBANO,NO CORRESPONDE,-12.030552652994867,-76.9258725420437,DESPEJADO,COMERCIAL,TRAMO RECTO,PLANA ,ASFALTADA,,,,,EN PROCESO DE INVESTIGACIÓN,NO CUENTA CON CAUSA ESPECIFICA,15.0,0,2022.0,8.0,4.0,0,2,2,0,2.0,0.0,0.0,2.0,0,0,31.0,5.656854249492381,0,1,2,0.0,0.5,0
A-2022-08-132,2022-08-20,02:30,CHOQUE,2,0,2,PUNO,SAN ROMAN,SAN MIGUEL,RURAL,CARRETERA,NACIONAL,PE-3S,-15.4107567,-70.149596,DESPEJADO,RURAL,TRAMO RECTO,PLANA ,ASFALTADA,,,,,NEGLIGENCIA DEL CONDUCTOR,OTRO (NEGLIGENCIA DEL CONDUCTOR),2.0,1,2022.0,8.0,5.0,1,0,2,1,0.0,0.0,0.0,0.0,0,0,31.333333333333332,11.930353445448853,0,2,3,0.0,0.667,1
A-2022-08-131,2022-08-20,18:00,VOLCADURA,1,0,1,PUNO,SAN ROMAN,SAN MIGUEL,URBANA,CARRETERA,NACIONAL,PE-34H,-15.47996,-70.11978,DESPEJADO,COMERCIAL,INTERSECCIÓN,PLANA ,ASFALTADA,,,,,IMPRUDENCIA DEL CONDUCTOR,EXCESO DE VELOCIDAD,18.0,0,2022.0,8.0,5.0,1,3,2,1,0.0,0.0,0.0,0.0,0,0,64.0,0.0,0,0,1,0.0,0.0,1
A-2022-08-151,2022-08-20,18:20,DESPISTE,1,0,0,LIMA,LIMA,SAN JUAN DE LURIGANCHO,URBANA,AVENIDA,URBANO,NO CORRESPONDE,-11.962938955843736,-76.98168801296968,DESPEJADO,RESIDENCIAL,TRAMO RECTO,PLANA ,ASFALTADA,,,,,EN PROCESO DE INVESTIGACIÓN,NO CUENTA CON CAUSA ESPECIFICA,18.0,0,2022.0,8.0,5.0,1,3,2,0,1.0,0.0,0.0,1.0,0,0,32.0,0.0,0,1,1,0.0,1.0,1
A-2022-08-80,2022-08-20,18:30,DESPISTE,1,1,1,ANCASH,HUARI,HUANTAR,RURAL,CARRETERA,NACIONAL,PE-14A,-9.45038473266791,-77.17980723488128,DESPEJADO,RURAL,TRAMO RECTO,PLANA ,TROCHA,,,,,EN PROCESO DE INVESTIGACIÓN,NO CUENTA CON CAUSA ESPECIFICA,18.0,0,2022.0,8.0,5.0,1,3,2,0,0.0,0.0,2.0,2.0,0,0,31.5,0.7071067811865476,0,1,2,0.0,0.5,1
A-2022-08-36,2022-08-20,20:45,ATROPELLO,1,0,1,LA LIBERTAD,CHEPEN,PACANGA,RURAL,CARRETERA,NACIONAL,PE-1N,-7.080469,-79.543838,DESPEJADO,RURAL,TRAMO RECTO,PLANA ,ASFALTADA,,,,,EN PROCESO DE INVESTIGACIÓN,NO CUENTA CON CAUSA ESPECIFICA,20.0,0,2022.0,8.0,5.0,1,3,2,0,0.0,0.0,0.0,0.0,0,0,52.0,0.0,0,0,2,0.0,0.0,1
A-2022-08-133,2022-08-21,07:40,VOLCADURA,1,0,1,PUNO,AZANGARO,ARAPA,RURAL,CARRETERA,DEPARTAMENTAL,PU-113,-15.192898,-70.109596,DESPEJADO,RURAL,TRAMO RECTO,PLANA ,ASFALTADA,,,,,IMPRUDENCIA DEL CONDUCTOR,EXCESO DE VELOCIDAD,7.0,0,2022.0,8.0,6.0,1,1,2,1,0.0,0.0,0.0,0.0,0,0,34.0,0.0,0,0,1,0.0,0.0,0
A-2022-08-269,2022-08-21,12:00,CHOQUE,1,2,0,LORETO,MAYNAS,SAN JUAN BAUTISTA,RURAL,CARRETERA,PROVINCIAL,LO-528,-4.238342,-73.487453,DESPEJADO,RURAL,CURVA,PLANA ,ASFALTADA,,,,,IMPRUDENCIA DEL CONDUCTOR,CONDUCIR EN ESTADO DE EBRIEDAD Y/O DROGADICCIÓN,12.0,0,2022.0,8.0,6.0,1,2,2,2,0.0,0.0,0.0,0.0,0,0,42.0,9.899494936611665,0,0,3,0.0,0.0,0
A-2022-08-204,2022-08-21,16:50,CHOQUE,1,4,2,CAJAMARCA,CAJABAMBA,CACHACHI,RURAL,CARRETERA,DEPARTAMENTAL,CA-111,-7.66647,-78.189343,DESPEJADO,RURAL,TRAMO RECTO,PLANA ,ASFALTADA,,,,,EN PROCESO DE INVESTIGACIÓN,NO CUENTA CON CAUSA ESPECIFICA,16.0,0,2022.0,8.0,6.0,1,2,2,1,0.0,0.0,0.0,0.0,0,0,32.6,14.638989036132243,0,0,6,0.0,0.0,0
A-2022-08-152,2022-08-21,18:00,ATROPELLO FUGA,1,0,0,LIMA,LIMA,LOS OLIVOS,URBANA,AVENIDA,URBANO,NO CORRESPONDE,-11.966786844074283,-77.07867906365713,DESPEJADO,RESIDENCIAL,TRAMO RECTO,PLANA ,ASFALTADA,,,,,EN PROCESO DE INVESTIGACIÓN,NO CUENTA CON CAUSA ESPECIFICA,18.0,0,2022.0,8.0,6.0,1,3,2,0,1.0,0.0,0.0,1.0,0,0,81.0,0.0,0,0,2,0.0,0.0,1
A-2022-08-42,2022-08-21,18:10,DESPISTE,1,5,1,CUSCO,LA CONVENCION,MARANURA,RURAL,CARRETERA,DEPARTAMENTAL,CU-107,-13.00493,-72.62902,DESPEJADO,RURAL,TRAMO RECTO,INCLINADA,TROCHA,,,,,IMPRUDENCIA DEL CONDUCTOR,FATIGA Y/O CANSANCIO,18.0,0,2022.0,8.0,6.0,1,3,2,1,0.0,1.0,2.0,3.0,0,0,42.333333333333336,18.640457791231057,0,1,6,0.0,0.167,1
A-2022-08-199,2022-08-21,19:00,ATROPELLO,1,0,1,UCAYALI,CORONEL PORTILLO,CAMPOVERDE,RURAL,CARRETERA,NACIONAL,PE-18C,-8.462914202544406,-74.79043359000752,DESPEJADO,RURAL,TRAMO RECTO,PLANA ,ASFALTADA,,,,,IMPRUDENCIA DEL PEATÓN,ESTADO DE EBRIEDAD Y/O DROGADICCIÓN,19.0,0,2022.0,8.0,6.0,1,3,2,2,0.0,0.0,0.0,0.0,0,0,48.0,11.313708498984761,0,0,2,0.0,0.0,1
A-2022-08-78,2022-08-21,19:00,DESPISTE,4,17,1,CUSCO,LA CONVENCION,HUAYOPATA,RURAL,CARRETERA,NACIONAL,PE-28B,-13.134524372311049,-72.30551066918457,LLUVIOSO,RURAL,CURVA,INCLINADA,ASFALTADA,SI,PREVENTIVA (P),,SI,IMPRUDENCIA DEL CONDUCTOR,OTRO (IMPRUDENCIA DEL CONDUCTOR),19.0,2,2022.0,8.0,6.0,1,3,2,1,0.0,1.0,0.0,1.0,1,0,35.333333333333336,12.013880860626735,0,1,21,0.0,0.048,1
A-2022-08-54,2022-08-21,19:10,DESPISTE,1,0,1,ICA,ICA,PUEBLO NUEVO,URBANA,CARRETERA,NACIONAL,PE-1S,-14.123743,-75.716513,DESPEJADO,INDUSTRIAL,CURVA,PLANA ,ASFALTADA,,,,,EN PROCESO DE INVESTIGACIÓN,NO CUENTA CON CAUSA ESPECIFICA,19.0,0,2022.0,8.0,6.0,1,3,2,0,0.0,0.0,0.0,0.0,0,0,38.0,0.0,0,0,1,0.0,0.0,1
A-2022-08-99,2022-08-21,20:30,ATROPELLO FUGA,1,0,1,LA LIBERTAD,TRUJILLO,MOCHE,RURAL,CARRETERA,NACIONAL,PE-1N,-8.172859,-78.999754,DESPEJADO,RURAL,TRAMO RECTO,PLANA ,ASFALTADA,,,,,EN PROCESO DE INVESTIGACIÓN,NO CUENTA CON CAUSA ESPECIFICA,20.0,0,2022.0,8.0,6.0,1,3,2,0,0.0,0.0,0.0,0.0,0,0,29.0,0.0,0,0,2,0.0,0.0,1
A-2022-08-108,2022-08-21,21:30,ATROPELLO FUGA,1,0,0,HUANUCO,LEONCIO PRADO,LUYANDO,URBANA,CARRETERA,NACIONAL,PE-18A,-9.236276,-75.990074,DESPEJADO,COMERCIAL,TRAMO RECTO,PLANA ,ASFALTADA,,,,,EN PROCESO DE INVESTIGACIÓN,NO CUENTA CON CAUSA ESPECIFICA,21.0,0,2022.0,8.0,6.0,1,3,2,1,0.0,0.0,0.0,0.0,0,0,56.0,0.0,0,0,2,0.0,0.0,1
A-2022-08-38,2022-08-22,00:05,ATROPELLO FUGA,1,0,0,PUNO,PUNO,PLATERIA,RURAL,CARRETERA,NACIONAL,PE-3S,-15.941423923055954,-69.8608213651606,DESPEJADO,RURAL,TRAMO RECTO,PLANA ,ASFALTADA,,,,,IMPRUDENCIA DEL CONDUCTOR,OTRO (IMPRUDENCIA DEL CONDUCTOR),0.0,0,2022.0,8.0,0.0,0,0,2,1,0.0,0.0,0.0,0.0,0,0,51.0,0.0,0,0,2,0.0,0.0,1
A-2022-08-179,2022-08-22,06:00,CHOQUE,1,0,0,LA LIBERTAD,VIRU,GUADALUPITO,RURAL,CARRETERA,NACIONAL,PE-1N,-8.966218,-78.621979,DESPEJADO,RURAL,PUENTE,PLANA ,ASFALTADA,,,,,EN PROCESO DE INVESTIGACIÓN,NO CUENTA CON CAUSA ESPECIFICA,6.0,0,2022.0,8.0,0.0,0,1,2,0,0.0,0.0,0.0,0.0,0,0,35.5,10.606601717798213,0,1,2,0.0,0.5,0
A-2022-08-105,2022-08-22,11:00,DESPISTE,1,0,1,HUANCAVELICA,HUANCAVELICA,YAULI,RURAL,CARRETERA,DEPARTAMENTAL,HV-112,-12.783613,-74.878034,DESPEJADO,RURAL,CURVA,PLANA ,AFIRMADO,,,,,EN PROCESO DE INVESTIGACIÓN,NO CUENTA CON CAUSA ESPECIFICA,11.0,0,2022.0,8.0,0.0,0,1,2,1,0.0,0.0,1.0,1.0,0,0,35.0,0.0,0,1,1,0.0,1.0,0
A-2022-08-57,2022-08-22,12:30,DESPISTE,2,0,1,CUSCO,CHUMBIVILCAS,COLQUEMARCA,RURAL,CARRETERA,SIN CLASIFICAR,SIN CLASIFICAR,-14.17791178,-72.072791,DESPEJADO,RURAL,CURVA,INCLINADA,TROCHA,,,,,IMPRUDENCIA DEL CONDUCTOR,CONDUCIR EN ESTADO DE EBRIEDAD Y/O DROGADICCIÓN,12.0,1,2022.0,8.0,0.0,0,2,2,1,0.0,1.0,2.0,3.0,0,0,57.5,31.81980515339464,0,0,2,0.0,0.0,0
A-2022-08-49,2022-08-22,15:50,CHOQUE,1,1,2,LA LIBERTAD,VIRU,VIRU,RURAL,CARRETERA,NACIONAL,PE-1N,-8.364427,-78.870685,DESPEJADO,RURAL,TRAMO RECTO,PLANA ,ASFALTADA,,,,,IMPRUDENCIA DEL CONDUCTOR,INVASIÓN DE CARRIL,15.0,0,2022.0,8.0,0.0,0,2,2,0,0.0,0.0,0.0,0.0,0,0,63.333333333333336,11.239810200058244,0,2,3,0.0,0.667,0
A-2022-08-255,2022-08-22,17:45,CHOQUE,1,1,2,ICA,CHINCHA,ALTO LARAN,RURAL,CARRETERA,PROVINCIAL,IC-514,-13.453583,-76.086533,DESPEJADO,RURAL,CURVA,PLANA ,ASFALTADA,,,,,EN PROCESO DE INVESTIGACIÓN,NO CUENTA CON CAUSA ESPECIFICA,17.0,0,2022.0,8.0,0.0,0,2,2,0,0.0,0.0,0.0,0.0,0,0,27.333333333333332,9.291573243177568,0,2,3,0.0,0.667,0
A-2022-08-55,2022-08-22,19:00,CHOQUE,1,3,2,ICA,NASCA,MARCONA,URBANA,CARRETERA,NACIONAL,PE-30,-15.294279,-75.129566,DESPEJADO,RURAL,TRAMO RECTO,PLANA ,ASFALTADA,,,,,EN PROCESO DE INVESTIGACIÓN,NO CUENTA CON CAUSA ESPECIFICA,19.0,0,2022.0,8.0,0.0,0,3,2,0,0.0,0.0,0.0,0.0,0,0,54.8,14.652644812456213,0,2,5,0.0,0.4,1
A-2022-08-257,2022-08-22,20:35,CHOQUE,1,0,2,ICA,CHINCHA,PUEBLO NUEVO,URBANA,CARRETERA,DEPARTAMENTAL,IC-100,-13.401391490523103,-76.12882723875794,DESPEJADO,RESIDENCIAL,INTERSECCIÓN,PLANA ,ASFALTADA,,,,,IMPRUDENCIA DEL CONDUCTOR,OTRO (IMPRUDENCIA DEL CONDUCTOR),20.0,0,2022.0,8.0,0.0,0,3,2,0,0.0,0.0,0.0,0.0,0,0,25.0,8.48528137423857,0,2,2,0.0,1.0,1
A-2022-08-39,2022-08-22,21:40,CHOQUE,1,0,0,PUNO,CHUCUITO,DESAGUADERO,RURAL,CARRETERA,NACIONAL,PE-36A,-16.592826040394534,-69.07447273556632,DESPEJADO,RURAL,TRAMO RECTO,PLANA ,ASFALTADA,,,,,IMPRUDENCIA DEL CONDUCTOR,VEHÍCULO MAL ESTACIONADO,21.0,0,2022.0,8.0,0.0,0,3,2,1,0.0,0.0,0.0,0.0,0,0,45.0,12.727922061357855,0,1,2,0.0,0.5,1
A-2022-08-212,2022-08-23,08:00,VOLCADURA,1,0,1,CALLAO,CALLAO,VENTANILLA,URBANA,AVENIDA,URBANO,NO CORRESPONDE,-11.9198928,-77.132012817,DESPEJADO,INDUSTRIAL,TRAMO RECTO,PLANA ,ASFALTADA,SI,REGULADORA (R),INFORMATIVA (I),SI,IMPRUDENCIA DEL CONDUCTOR,EXCESO DE VELOCIDAD,8.0,0,2022.0,8.0,1.0,0,1,2,0,1.0,0.0,0.0,1.0,0,0,35.0,0.0,0,1,1,0.0,1.0,0
A-2022-08-60,2022-08-23,11:30,CHOQUE,3,3,4,AREQUIPA,AREQUIPA,UCHUMAYO,RURAL,CARRETERA,NACIONAL,PE-34A,-16.430772,-71.69295,SOLEADO,RURAL,TRAMO RECTO,PLANA ,ASFALTADA,NO,,,SI,EN PROCESO DE INVESTIGACIÓN,NO CUENTA CON CAUSA ESPECIFICA,11.0,2,2022.0,8.0,1.0,0,1,2,0,0.0,0.0,0.0,0.0,0,1,54.625,18.298614311315646,0,4,8,0.0,0.5,0
A-2022-08-134,2022-08-23,12:00,CHOQUE,1,0,2,PUNO,MELGAR,ORURILLO,URBANA,CARRETERA,PROVINCIAL,PU-647,-14.71019465391884,-70.53411479331245,DESPEJADO,RURAL,TRAMO RECTO,PLANA ,TROCHA,,,,,IMPRUDENCIA DEL CONDUCTOR,INVASIÓN DE CARRIL,12.0,0,2022.0,8.0,1.0,0,2,2,1,0.0,0.0,2.0,2.0,0,0,48.0,0.0,0,1,2,0.0,0.5,0
A-2022-08-149,2022-08-23,13:10,CHOQUE,1,0,1,LIMA,LIMA,EL AGUSTINO,URBANA,CARRETERA,NACIONAL,PE-1N,-12.03010121507606,-77.00158913661262,DESPEJADO,COMERCIAL,TRAMO RECTO,PLANA ,ASFALTADA,,,,,EN PROCESO DE INVESTIGACIÓN,NO CUENTA CON CAUSA ESPECIFICA,13.0,0,2022.0,8.0,1.0,0,2,2,0,0.0,0.0,0.0,0.0,0,0,20.0,0.0,0,0,2,0.0,0.0,0
A-2022-08-71,2022-08-23,18:40,CHOQUE,1,0,2,AREQUIPA,AREQUIPA,VITOR,RURAL,CARRETERA,NACIONAL,PE-1S,-16.481673,-71.902491,DESPEJADO,RURAL,TRAMO RECTO,PLANA ,ASFALTADA,SI,REGULADORA (R),,SI,EN PROCESO DE INVESTIGACIÓN,NO CUENTA CON CAUSA ESPECIFICA,18.0,0,2022.0,8.0,1.0,0,3,2,0,0.0,0.0,0.0,0.0,0,0,49.5,17.67766952966369,0,1,2,0.0,0.5,1
A-2022-08-50,2022-08-23,19:45,ATROPELLO,1,0,1,LA LIBERTAD,CHEPEN,PACANGA,RURAL,CARRETERA,NACIONAL,PE-1N,-7.153337,-79.447408,DESPEJADO,RURAL,TRAMO RECTO,PLANA ,ASFALTADA,,,,,IMPRUDENCIA DEL CONDUCTOR,OTRO (IMPRUDENCIA DEL CONDUCTOR),19.0,0,2022.0,8.0,1.0,0,3,2,0,0.0,0.0,0.0,0.0,0,0,42.5,9.192388155425117,0,1,2,0.0,0.5,1
A-2022-08-91,2022-08-24,06:40,CHOQUE,3,4,2,APURIMAC,CHINCHEROS,OCOBAMBA,RURAL,CARRETERA,DEPARTAMENTAL,AP-102,-13.53668,-73.505308,DESPEJADO,RURAL,CURVA,INCLINADA,AFIRMADO,,,,,IMPRUDENCIA DEL CONDUCTOR,EXCESO DE VELOCIDAD,6.0,2,2022.0,8.0,2.0,0,1,2,1,0.0,1.0,1.0,2.0,0,0,37.375,14.029942470098932,0,2,8,0.0,0.25,0
A-2022-08-259,2022-08-24,18:30,CHOQUE,2,0,2,JUNIN,SATIPO,SATIPO,RURAL,CARRETERA,NACIONAL,PE-5S,-11.236908688363789,-74.59163535621825,DESPEJADO,RURAL,TRAMO RECTO,PLANA ,ASFALTADA,,,,,IMPRUDENCIA DEL CONDUCTOR,EXCESO DE VELOCIDAD,18.0,1,2022.0,8.0,2.0,0,3,2,1,0.0,0.0,0.0,0.0,0,0,54.0,14.798648586948742,0,1,3,0.0,0.333,1
A-2022-08-223,2022-08-24,19:00,ATROPELLO,1,0,1,PIURA,MORROPON,BUENOS AIRES,RURAL,CARRETERA,NACIONAL,PE-02A,-5.244092,-79.983219,DESPEJADO,RURAL,TRAMO RECTO,PLANA ,ASFALTADA,,,,,EN PROCESO DE INVESTIGACIÓN,NO CUENTA CON CAUSA ESPECIFICA,19.0,0,2022.0,8.0,2.0,0,3,2,0,0.0,0.0,0.0,0.0,0,0,55.0,29.698484809834994,0,0,2,0.0,0.0,1
A-2022-08-81,2022-08-24,19:55,ATROPELLO,1,0,1,ANCASH,HUARAZ,HUARAZ,URBANA,CARRETERA,NACIONAL,PE-3N,-9.542900409793337,-77.53353210762585,DESPEJADO,COMERCIAL,TRAMO RECTO,PLANA ,ASFALTADA,,,,,EN PROCESO DE INVESTIGACIÓN,NO CUENTA CON CAUSA ESPECIFICA,19.0,0,2022.0,8.0,2.0,0,3,2,0,0.0,0.0,0.0,0.0,0,0,31.0,0.0,0,0,2,0.0,0.0,1
A-2022-08-122,2022-08-25,01:45,DESPISTE,1,0,1,LAMBAYEQUE,LAMBAYEQUE,OLMOS,RURAL,CARRETERA,NACIONAL,PE-1NJ,-5.982158,-79.743202,DESPEJADO,RURAL,TRAMO RECTO,PLANA ,ASFALTADA,,,,,EN PROCESO DE INVESTIGACIÓN,NO CUENTA CON CAUSA ESPECIFICA,1.0,0,2022.0,8.0,3.0,0,0,2,0,0.0,0.0,0.0,0.0,0,0,26.0,0.0,0,0,1,0.0,0.0,1
A-2022-08-249,2022-08-25,06:00,CHOQUE CON OBJETO FIJO,1,0,1,MADRE DE DIOS,TAMBOPATA,TAMBOPATA,URBANA,JIRÓN,URBANO,NO CORRESPONDE,-12.588639,-69.188366,DESPEJADO,COMERCIAL,TRAMO RECTO,PLANA ,CONCRETO,,,,,IMPRUDENCIA DEL CONDUCTOR,CONDUCIR EN ESTADO DE EBRIEDAD Y/O DROGADICCIÓN,6.0,0,2022.0,8.0,3.0,0,1,2,2,1.0,0.0,0.0,1.0,0,0,36.0,0.0,0,0,1,0.0,0.0,0