CODIGO_SINIESTRO,FECHA_SINIESTRO,HORA_SINIESTRO,CLASE_SINIESTRO,CANTIDAD_FALLECIDOS,CANTIDAD_LESIONADOS,CANTIDAD_VEHICULOS,DEPARTAMENTO,PROVINCIA,DISTRITO,ZONA,TIPO_VIA,RED_VIAL,COD_CARRETERA,LATITUD,LONGITUD,CONDICION_CLIMATICA,ZONIFICACION,CARACTERISTICAS_VIA,PERFIL_VIA,SUPERFICIE_CALZADA,EXISTE_SENIAL_VERTICAL,CLASIFICACION_SENIAL_VERTICAL_1,CLASIFICACION_SENIAL_VERTICAL_2,EXISTE_SENIAL_HORIZONTAL,CAUSA_FACTOR_PRINCIPAL,CAUSA_ESPECIFICA,HORA,severidad,ANIO,MES,DIA_SEMANA,FIN_SEMANA,FRANJA_HORARIA,TEMPORADA,MACROREGION,TIPO_VIA_SCORE,PERFIL_VIA_SCORE,SUPERFICIE_CALZADA_SCORE,RIESGO_INFRAESTRUCTURA,RIESGO_CLIMATICO,SENIALIZACION_DEFICIENTE,EDAD_PROMEDIO,EDAD_STD,TOTAL_ALCOHOL,TOTAL_LICENCIA,TOTAL_PERSONAS,PCT_ALCOHOL,PCT_LICENCIA,ES_NOCHE
A-2022-08-180,2022-08-25,08:10,CHOQUE,1,3,2,LAMBAYEQUE,CHICLAYO,LA VICTORIA,URBANA,CALLE,URBANO,NO CORRESPONDE,-6.798853,-79.83346,DESPEJADO,RESIDENCIAL,INTERSECCIÓN,PLANA ,ASFALTADA,,,,,EN PROCESO DE INVESTIGACIÓN,NO CUENTA CON CAUSA ESPECIFICA,8.0,0,2022.0,8.0,3.0,0,1,2,0,2.0,0.0,0.0,2.0,0,0,17.6,13.221195104830729,0,2,5,0.0,0.4,0
A-2022-08-148,2022-08-25,09:45,ATROPELLO,1,0,0,LIMA,LIMA,ATE,URBANA,CARRETERA,NACIONAL,PE-22,-12.01224672467052,-76.8780904627646,DESPEJADO,COMERCIAL,TRAMO RECTO,PLANA ,ASFALTADA,,,,,EN PROCESO DE INVESTIGACIÓN,NO CUENTA CON CAUSA ESPECIFICA,9.0,0,2022.0,8.0,3.0,0,1,2,0,0.0,0.0,0.0,0.0,0,0,49.5,14.849242404917497,0,1,2,0.0,0.5,0
A-2022-08-59,2022-08-25,10:00,CHOQUE,1,0,2,PUNO,PUNO,HUATA,RURAL,CARRETERA,DEPARTAMENTAL,PU-118,-15.614025766263527,-69.98175674185632,DESPEJADO,RURAL,TRAMO RECTO,PLANA ,ASFALTADA,,,,,IMPRUDENCIA DEL CONDUCTOR,GIRAR IMPRUDENTEMENTE,10.0,0,2022.0,8.0,3.0,0,1,2,1,0.0,0.0,0.0,0.0,0,0,55.0,15.556349186104045,0,1,2,0.0,0.5,0
A-2022-08-135,2022-08-25,18:45,CHOQUE,2,0,2,PUNO,SAN ROMAN,CARACOTO,RURAL,CARRETERA,NACIONAL,PE-3S,-15.5541218,-70.106811,DESPEJADO,RURAL,TRAMO RECTO,PLANA ,ASFALTADA,,,,,IMPRUDENCIA DEL CONDUCTOR,OTRO (IMPRUDENCIA DEL CONDUCTOR),18.0,1,2022.0,8.0,3.0,0,3,2,1,0.0,0.0,0.0,0.0,0,0,22.666666666666668,3.785938897200183,0,1,3,0.0,0.333,1
A-2022-08-239,2022-08-25,20:50,CHOQUE,1,0,0,JUNIN,JUNIN,CARHUAMAYO,URBANA,CARRETERA,NACIONAL,PE-3N,-10.920776904776764,-76.06148025523774,DESPEJADO,RURAL,TRAMO RECTO,PLANA ,ASFALTADA,NO,,,SI,IMPRUDENCIA DEL CONDUCTOR,CONDUCIR EN ESTADO DE EBRIEDAD Y/O DROGADICCIÓN,20.0,0,2022.0,8.0,3.0,0,3,2,1,0.0,0.0,0.0,0.0,0,1,35.5,21.920310216782973,0,0,2,0.0,0.0,1
A-2022-08-258,2022-08-25,23:50,CAÍDA DE PASAJERO,1,0,0,ICA,CHINCHA,TAMBO DE MORA,RURAL,CARRETERA,NACIONAL,PE-1SE,-13.417491,-76.189702,DESPEJADO,RURAL,TRAMO RECTO,PLANA ,ASFALTADA,,,,,EN PROCESO DE INVESTIGACIÓN,NO CUENTA CON CAUSA ESPECIFICA,23.0,0,2022.0,8.0,3.0,0,3,2,0,0.0,0.0,0.0,0.0,0,0,47.0,21.213203435596427,0,1,2,0.0,0.5,1
A-2022-08-274,2022-08-26,04:25,CHOQUE,1,0,0,LIMA,LIMA,SAN MARTIN DE PORRES,URBANA,AVENIDA,URBANO,NO CORRESPONDE,-12.02945217,-77.06436898,DESPEJADO,COMERCIAL,CURVA,PLANA ,ASFALTADA,,,,,IMPRUDENCIA DEL CONDUCTOR,OTRO (IMPRUDENCIA DEL CONDUCTOR),4.0,0,2022.0,8.0,4.0,0,0,2,0,1.0,0.0,0.0,1.0,0,0,40.5,12.020815280171307,0,1,2,0.0,0.5,1
A-2022-08-89,2022-08-26,10:30,DESPISTE,1,0,1,CUSCO,CANCHIS,CHECACUPE,RURAL,CARRETERA,PROVINCIAL,CU-1454,-14.0305661,-71.3410491,DESPEJADO,RURAL,TRAMO RECTO,INCLINADA,TROCHA,,,,,EN PROCESO DE INVESTIGACIÓN,NO CUENTA CON CAUSA ESPECIFICA,10.0,0,2022.0,8.0,4.0,0,1,2,1,0.0,1.0,2.0,3.0,0,0,49.0,0.0,0,0,1,0.0,0.0,0
A-2022-08-82,2022-08-26,15:00,CHOQUE,1,2,2,ICA,PISCO,SAN ANDRES,URBANA,CARRETERA,NACIONAL,PE-1SG,-13.75241922372558,-76.23002256284606,DESPEJADO,INDUSTRIAL,TRAMO RECTO,PLANA ,ASFALTADA,,,,,IMPRUDENCIA DEL CONDUCTOR,GIRAR IMPRUDENTEMENTE,15.0,0,2022.0,8.0,4.0,0,2,2,0,0.0,0.0,0.0,0.0,0,0,48.333333333333336,7.505553499465134,1,1,3,0.333,0.333,0
A-2022-08-137,2022-08-26,17:15,CHOQUE,1,0,2,PUNO,MELGAR,SANTA ROSA,RURAL,CARRETERA,NACIONAL,PE-3S,-14.511090871386196,-70.92338917480916,DESPEJADO,RURAL,TRAMO RECTO,PLANA ,ASFALTADA,,,,,IMPRUDENCIA DEL CONDUCTOR,INVASIÓN DE CARRIL,17.0,0,2022.0,8.0,4.0,0,2,2,1,0.0,0.0,0.0,0.0,0,0,57.5,2.1213203435596424,0,1,2,0.0,0.5,0
A-2022-08-147,2022-08-26,18:40,ATROPELLO FUGA,1,0,1,LIMA,LIMA,ANCON,URBANA,CARRETERA,NACIONAL,PE-1N,-11.773241,-77.159443,DESPEJADO,COMERCIAL,TRAMO RECTO,PLANA ,ASFALTADA,,,,,EN PROCESO DE INVESTIGACIÓN,NO CUENTA CON CAUSA ESPECIFICA,18.0,0,2022.0,8.0,4.0,0,3,2,0,0.0,0.0,0.0,0.0,0,0,72.5,12.020815280171307,0,1,2,0.0,0.5,1
A-2022-08-182,2022-08-26,20:00,ATROPELLO,1,0,1,TACNA,TACNA,CORONEL GREGORIO ALBARRACIN LANCHIPA,URBANA,CARRETERA,PROVINCIAL,TA-634,-18.046278,-70.249627,DESPEJADO,COMERCIAL,INTERSECCIÓN,INCLINADA,ASFALTADA,,,,,IMPRUDENCIA DEL CONDUCTOR,EXCESO DE VELOCIDAD,20.0,0,2022.0,8.0,4.0,0,3,2,0,0.0,1.0,0.0,1.0,0,0,26.5,9.192388155425117,0,1,2,0.0,0.5,1
A-2022-08-84,2022-08-26,20:30,CHOQUE,1,0,2,LAMBAYEQUE,CHICLAYO,LAGUNAS,URBANA,CARRETERA,NACIONAL,PE-1N,-6.9788991,-79.6453884,DESPEJADO,RURAL,CURVA,PLANA ,ASFALTADA,SI,INFORMATIVA (I),,NO,EN PROCESO DE INVESTIGACIÓN,NO CUENTA CON CAUSA ESPECIFICA,20.0,0,2022.0,8.0,4.0,0,3,2,0,0.0,0.0,0.0,0.0,0,1,30.333333333333332,18.009256878986797,0,1,3,0.0,0.333,1
A-2022-08-146,2022-08-26,21:20,ATROPELLO,1,0,1,LIMA,LIMA,VILLA EL SALVADOR,URBANA,AVENIDA,URBANO,NO CORRESPONDE,-12.218494,-76.921427,DESPEJADO,COMERCIAL,TRAMO RECTO,PLANA ,ASFALTADA,,,,,EN PROCESO DE INVESTIGACIÓN,NO CUENTA CON CAUSA ESPECIFICA,21.0,0,2022.0,8.0,4.0,0,3,2,0,1.0,0.0,0.0,1.0,0,0,43.0,0.0,0,1,2,0.0,0.5,1
A-2022-08-74,2022-08-26,23:30,CHOQUE,1,0,2,ICA,ICA,SANTIAGO,URBANA,CARRETERA,NACIONAL,PE-1S,-14.136837733086454,-75.71752216110073,DESPEJADO,RURAL,CURVA,PLANA ,ASFALTADA,,,,,IMPRUDENCIA DEL CONDUCTOR,INVASIÓN DE CARRIL,23.0,0,2022.0,8.0,4.0,0,3,2,0,0.0,0.0,0.0,0.0,0,0,34.5,17.67766952966369,0,0,2,0.0,0.0,1
A-2022-08-85,2022-08-27,05:10,CHOQUE,1,1,2,CUSCO,CUSCO,CUSCO,RURAL,CARRETERA,NACIONAL,PE-28G,-13.498365288326452,-71.97271225515456,DESPEJADO,RURAL,TRAMO RECTO,PLANA ,ASFALTADA,SI,REGULADORA (R),,SI,IMPRUDENCIA DEL CONDUCTOR,NO ESTABLECER EL DERECHO DE PASO,5.0,0,2022.0,8.0,5.0,1,0,2,1,0.0,0.0,0.0,0.0,0,0,57.333333333333336,23.62907813126304,0,1,3,0.0,0.333,1
A-2022-08-145,2022-08-27,06:30,ATROPELLO FUGA,1,0,0,LIMA,LIMA,COMAS,URBANA,AVENIDA,URBANO,NO CORRESPONDE,-11.936865,-77.049057,DESPEJADO,COMERCIAL,TRAMO RECTO,PLANA ,ASFALTADA,,,,,EN PROCESO DE INVESTIGACIÓN,NO CUENTA CON CAUSA ESPECIFICA,6.0,0,2022.0,8.0,5.0,1,1,2,0,1.0,0.0,0.0,1.0,0,0,45.0,0.0,0,0,2,0.0,0.0,0
A-2022-08-144,2022-08-27,07:45,CHOQUE,1,0,4,LIMA,LIMA,SANTIAGO DE SURCO,URBANA,CARRETERA,NACIONAL,PE-1S,-12.1119264,-76.9778515,DESPEJADO,COMERCIAL,TRAMO RECTO,PLANA ,ASFALTADA,,,,,EN PROCESO DE INVESTIGACIÓN,NO CUENTA CON CAUSA ESPECIFICA,7.0,0,2022.0,8.0,5.0,1,1,2,0,0.0,0.0,0.0,0.0,0,0,33.5,10.082988974836116,0,3,4,0.0,0.75,0
A-2022-08-72,2022-08-27,17:30,ATROPELLO FUGA,1,0,0,CUSCO,QUISPICANCHI,URCOS,URBANA,CARRETERA,SIN CLASIFICAR,SIN CLASIFICAR,-13.6886423,-71.5757572,DESPEJADO,RESIDENCIAL,CURVA,INCLINADA,ASFALTADA,SI,PREVENTIVA (P),,SI,EN PROCESO DE INVESTIGACIÓN,NO CUENTA CON CAUSA ESPECIFICA,17.0,0,2022.0,8.0,5.0,1,2,2,1,0.0,1.0,0.0,1.0,0,0,67.0,0.0,0,0,2,0.0,0.0,0
A-2022-08-184,2022-08-27,18:35,ATROPELLO,1,0,0,APURIMAC,COTABAMBAS,CHALLHUAHUACHO,URBANA,CALLE,URBANO,NO CORRESPONDE,-14.121556111527545,-72.25297294659477,,,,,,,,,,EN PROCESO DE INVESTIGACIÓN,NO CUENTA CON CAUSA ESPECIFICA,18.0,0,2022.0,8.0,5.0,1,3,2,1,2.0,1.0,1.0,4.0,0,0,36.0,9.899494936611665,0,0,2,0.0,0.0,1
A-2022-08-247,2022-08-27,21:00,ATROPELLO,1,0,1,PIURA,SULLANA,SULLANA,URBANA,CARRETERA,NACIONAL,PE-1NL,-4.919471520306107,-80.63773288648704,DESPEJADO,RURAL,TRAMO RECTO,PLANA ,ASFALTADA,,,,,EN PROCESO DE INVESTIGACIÓN,NO CUENTA CON CAUSA ESPECIFICA,21.0,0,2022.0,8.0,5.0,1,3,2,0,0.0,0.0,0.0,0.0,0,0,0.0,0.0,0,0,2,0.0,0.0,1
A-2022-08-233,2022-08-28,03:00,CHOQUE,1,0,2,PIURA,PIURA,PIURA,URBANA,AVENIDA,URBANO,NO CORRESPONDE,-5.166641,-80.639669,DESPEJADO,COMERCIAL,TRAMO RECTO,PLANA ,ASFALTADA,,,,,EN PROCESO DE INVESTIGACIÓN,NO CUENTA CON CAUSA ESPECIFICA,3.0,0,2022.0,8.0,6.0,1,0,2,0,1.0,0.0,0.0,1.0,0,0,0.0,0.0,0,0,2,0.0,0.0,1
A-2022-08-263,2022-08-28,04:00,CHOQUE,1,0,0,MADRE DE DIOS,TAMBOPATA,LABERINTO,URBANA,CARRETERA,PROVINCIAL,MD-529,-12.721218,-69.584426,,,,,,,,,,EN PROCESO DE INVESTIGACIÓN,NO CUENTA CON CAUSA ESPECIFICA,4.0,0,2022.0,8.0,6.0,1,0,2,2,0.0,1.0,1.0,2.0,0,0,17.0,0.0,0,0,2,0.0,0.0,1
A-2022-08-136,2022-08-28,05:30,VOLCADURA,1,0,1,PUNO,AZANGARO,ARAPA,RURAL,CARRETERA,DEPARTAMENTAL,PU-113,-15.126648,-70.133416,DESPEJADO,RURAL,TRAMO RECTO,PLANA ,ASFALTADA,,,,,IMPRUDENCIA DEL CONDUCTOR,EXCESO DE VELOCIDAD,5.0,0,2022.0,8.0,6.0,1,0,2,1,0.0,0.0,0.0,0.0,0,0,25.5,3.5355339059327378,0,1,2,0.0,0.5,1
A-2022-08-86,2022-08-28,05:40,ATROPELLO FUGA,1,0,1,LAMBAYEQUE,CHICLAYO,LA VICTORIA,URBANA,CARRETERA,NACIONAL,PE-1N,-6.8018,-79.8415,NUBLADO,COMERCIAL,TRAMO RECTO,PLANA ,ASFALTADA,,,,,EN PROCESO DE INVESTIGACIÓN,NO CUENTA CON CAUSA ESPECIFICA,5.0,0,2022.0,8.0,6.0,1,0,2,0,0.0,0.0,0.0,0.0,0,0,67.0,0.0,0,0,2,0.0,0.0,1
A-2022-08-143,2022-08-28,06:20,CHOQUE,1,0,2,LIMA,LIMA,LURIN,URBANA,CARRETERA,PROVINCIAL,LM-797,-12.273785235748852,-76.87277089205438,DESPEJADO,COMERCIAL,TRAMO RECTO,PLANA ,ASFALTADA,,,,,EN PROCESO DE INVESTIGACIÓN,NO CUENTA CON CAUSA ESPECIFICA,6.0,0,2022.0,8.0,6.0,1,1,2,0,0.0,0.0,0.0,0.0,0,0,43.0,5.656854249492381,0,1,2,0.0,0.5,0
A-2022-08-97,2022-08-28,13:30,ATROPELLO,1,0,1,CUSCO,ANTA,ANTA,URBANA,CARRETERA,NACIONAL,PE-3S,-13.495006009696889,-72.17907058881109,DESPEJADO,RURAL,TRAMO RECTO,PLANA ,ASFALTADA,SI,INFORMATIVA (I),INFORMATIVA (I),SI,IMPRUDENCIA DEL PEATÓN,CRUCE INDEBIDO POR LA CALZADA,13.0,0,2022.0,8.0,6.0,1,2,2,1,0.0,0.0,0.0,0.0,0,0,26.0,19.79898987322333,0,1,2,0.0,0.5,0
A-2022-08-95,2022-08-28,17:30,CHOQUE,1,0,2,AREQUIPA,ISLAY,MOLLENDO,RURAL,CARRETERA,NACIONAL,PE-1SD,-17.054827,-71.963093,DESPEJADO,RURAL,TRAMO RECTO,PLANA ,ASFALTADA,NO,,,SI,EN PROCESO DE INVESTIGACIÓN,NO CUENTA CON CAUSA ESPECIFICA,17.0,0,2022.0,8.0,6.0,1,2,2,0,0.0,0.0,0.0,0.0,0,1,33.0,22.627416997969522,0,1,2,0.0,0.5,0
A-2022-08-260,2022-08-28,20:45,ATROPELLO,1,0,0,JUNIN,SATIPO,SATIPO,URBANA,CARRETERA,NACIONAL,PE-24A,-11.247901566201907,-74.6372883987367,DESPEJADO,COMERCIAL,TRAMO RECTO,PLANA ,ASFALTADA,,,,,IMPRUDENCIA DEL PEATÓN,CRUCE INDEBIDO POR LA CALZADA,20.0,0,2022.0,8.0,6.0,1,3,2,1,0.0,0.0,0.0,0.0,0,0,42.5,19.091883092036785,0,0,2,0.0,0.0,1
A-2022-08-205,2022-08-28,20:55,CHOQUE FUGA,1,1,1,UCAYALI,CORONEL PORTILLO,YARINACOCHA,RURAL,AVENIDA,URBANO,NO CORRESPONDE,-8.373012,-74.599707,DESPEJADO,RURAL,INTERSECCIÓN,PLANA ,AFIRMADO,,,,,IMPRUDENCIA DEL CONDUCTOR,CONDUCIR EN ESTADO DE EBRIEDAD Y/O DROGADICCIÓN,20.0,0,2022.0,8.0,6.0,1,3,2,2,1.0,0.0,1.0,2.0,0,0,44.5,4.949747468305833,0,0,3,0.0,0.0,1
A-2022-08-200,2022-08-29,00:45,DESPISTE,1,1,0,AYACUCHO,HUAMANGA,CARMEN ALTO,URBANA,AVENIDA,URBANO,NO CORRESPONDE,-13.17011311,-74.2267116,DESPEJADO,RESIDENCIAL,CURVA,INCLINADA,ASFALTADA,,,,,IMPRUDENCIA DEL CONDUCTOR,EXCESO DE VELOCIDAD,0.0,0,2022.0,8.0,0.0,0,0,2,1,1.0,1.0,0.0,2.0,0,0,22.0,0.0,0,0,2,0.0,0.0,1
A-2022-08-141,2022-08-29,05:20,ATROPELLO,1,0,1,LIMA,LIMA,PUENTE PIEDRA,URBANA,CARRETERA,NACIONAL,PE-1N,-11.8293549,-77.1187043,DESPEJADO,COMERCIAL,TRAMO RECTO,PLANA ,ASFALTADA,,,,,EN PROCESO DE INVESTIGACIÓN,NO CUENTA CON CAUSA ESPECIFICA,5.0,0,2022.0,8.0,0.0,0,0,2,0,0.0,0.0,0.0,0.0,0,0,35.0,8.48528137423857,0,1,2,0.0,0.5,1
A-2022-08-142,2022-08-29,15:40,ATROPELLO,1,0,0,LIMA,LIMA,SAN JUAN DE LURIGANCHO,URBANA,AVENIDA,URBANO,NO CORRESPONDE,-12.0264267,-76.9887615,DESPEJADO,RESIDENCIAL,TRAMO RECTO,PLANA ,ASFALTADA,,,,,EN PROCESO DE INVESTIGACIÓN,NO CUENTA CON CAUSA ESPECIFICA,15.0,0,2022.0,8.0,0.0,0,2,2,0,1.0,0.0,0.0,1.0,0,0,53.5,14.849242404917497,0,1,2,0.0,0.5,0
A-2022-08-121,2022-08-29,17:50,ATROPELLO,1,0,0,LAMBAYEQUE,FERREÑAFE,PITIPO,URBANA,CALLE,URBANO,NO CORRESPONDE,-6.481992,-79.650751,DESPEJADO,RESIDENCIAL,TRAMO RECTO,PLANA ,TROCHA,,,,,EN PROCESO DE INVESTIGACIÓN,NO CUENTA CON CAUSA ESPECIFICA,17.0,0,2022.0,8.0,0.0,0,2,2,0,2.0,0.0,2.0,4.0,0,0,11.0,14.142135623730951,0,1,2,0.0,0.5,0
A-2022-08-98,2022-08-30,02:00,CHOQUE CON OBJETO FIJO,1,0,1,AREQUIPA,AREQUIPA,JOSE LUIS BUSTAMANTE Y RIVERO,URBANA,CARRETERA,NACIONAL,PE-34C,-16.425451,-71.5318611,DESPEJADO,COMERCIAL,TRAMO RECTO,INCLINADA,ASFALTADA,,,,,EN PROCESO DE INVESTIGACIÓN,NO CUENTA CON CAUSA ESPECIFICA,2.0,0,2022.0,8.0,1.0,0,0,2,0,0.0,1.0,0.0,1.0,0,0,30.0,0.0,0,1,1,0.0,1.0,1
A-2022-09-187,2022-08-30,02:30,CHOQUE CON OBJETO FIJO,1,0,1,CAJAMARCA,CUTERVO,CUTERVO,URBANA,CARRETERA,PROVINCIAL,CA-835,-6.37541312,-78.81702385,SOLEADO,RESIDENCIAL,TRAMO RECTO,PLANA ,ASFALTADA,,,,,EN PROCESO DE INVESTIGACIÓN,NO CUENTA CON CAUSA ESPECIFICA,2.0,0,2022.0,8.0,1.0,0,0,2,1,0.0,0.0,0.0,0.0,0,0,25.0,0.0,0,0,1,0.0,0.0,1
A-2022-08-101,2022-08-30,05:50,ATROPELLO,1,0,1,LAMBAYEQUE,LAMBAYEQUE,OLMOS,RURAL,CARRETERA,NACIONAL,PE-1NJ,-5.989715,-79.706363,DESPEJADO,RURAL,TRAMO RECTO,PLANA ,ASFALTADA,,,,,EN PROCESO DE INVESTIGACIÓN,NO CUENTA CON CAUSA ESPECIFICA,5.0,0,2022.0,8.0,1.0,0,0,2,0,0.0,0.0,0.0,0.0,0,0,40.0,18.384776310850235,0,1,2,0.0,0.5,1
A-2022-08-236,2022-08-30,18:40,ATROPELLO FUGA,1,0,1,JUNIN,HUANCAYO,SAN AGUSTIN,URBANA,CARRETERA,NACIONAL,PE-3S,-12.015720113908449,-75.24374119704983,DESPEJADO,INDUSTRIAL,TRAMO RECTO,PLANA ,ASFALTADA,NO,,,SI,IMPRUDENCIA DEL CONDUCTOR,EXCESO DE VELOCIDAD,18.0,0,2022.0,8.0,1.0,0,3,2,1,0.0,0.0,0.0,0.0,0,1,56.0,19.79898987322333,0,0,2,0.0,0.0,1
A-2022-08-235,2022-08-30,20:30,ATROPELLO,1,0,0,JUNIN,HUANCAYO,SAN AGUSTIN,URBANA,CARRETERA,PROVINCIAL,JU-1072,-11.993778,-75.251304,DESPEJADO,RURAL,INTERSECCIÓN,PLANA ,ASFALTADA,,,,,IMPRUDENCIA DEL PEATÓN,ESTADO DE EBRIEDAD Y/O DROGADICCIÓN,20.0,0,2022.0,8.0,1.0,0,3,2,1,0.0,0.0,0.0,0.0,0,0,69.0,2.8284271247461903,0,1,2,0.0,0.5,1
A-2022-08-109,2022-08-30,20:40,DESPISTE,1,0,1,HUANUCO,HUAMALIES,MONZON,RURAL,CARRETERA,NACIONAL,PE-14A,-9.209676,-76.151048,DESPEJADO,RURAL,CURVA,PLANA ,ASFALTADA,SI,PREVENTIVA (P),,NO,IMPRUDENCIA DEL CONDUCTOR,OTRO (IMPRUDENCIA DEL CONDUCTOR),20.0,0,2022.0,8.0,1.0,0,3,2,1,0.0,0.0,0.0,0.0,0,1,20.0,16.97056274847714,0,0,2,0.0,0.0,1
A-2022-08-248,2022-08-30,21:00,CHOQUE,1,0,2,PIURA,TALARA,PARIÑAS,RURAL,CARRETERA,DEPARTAMENTAL,PI-100,-4.576846371005182,-81.25023705032099,DESPEJADO,RURAL,CURVA,PLANA ,ASFALTADA,,,,,IMPRUDENCIA DEL CONDUCTOR,INVASIÓN DE CARRIL,21.0,0,2022.0,8.0,1.0,0,3,2,0,0.0,0.0,0.0,0.0,0,0,57.0,18.384776310850235,0,2,2,0.0,1.0,1
A-2022-08-139,2022-08-30,21:30,ATROPELLO,1,0,1,LIMA,LIMA,LOS OLIVOS,URBANA,CARRETERA,NACIONAL,PE-20J,-11.9770516,-77.08195513,DESPEJADO,COMERCIAL,TRAMO RECTO,PLANA ,ASFALTADA,,,,,EN PROCESO DE INVESTIGACIÓN,NO CUENTA CON CAUSA ESPECIFICA,21.0,0,2022.0,8.0,1.0,0,3,2,0,0.0,0.0,0.0,0.0,0,0,35.5,12.020815280171307,0,0,2,0.0,0.0,1
A-2022-08-140,2022-08-30,23:40,ATROPELLO,1,0,1,LIMA,LIMA,PUENTE PIEDRA,URBANA,CARRETERA,NACIONAL,PE-1N,-11.872988,-77.06937683,DESPEJADO,COMERCIAL,SINUOSA,PLANA ,ASFALTADA,,,,,EN PROCESO DE INVESTIGACIÓN,NO CUENTA CON CAUSA ESPECIFICA,23.0,0,2022.0,8.0,1.0,0,3,2,0,0.0,0.0,0.0,0.0,0,0,42.0,0.0,0,0,2,0.0,0.0,1
A-2022-08-264,2022-08-31,00:00,CHOQUE,1,0,2,TACNA,TARATA,TARUCACHI,RURAL,CARRETERA,PROVINCIAL,TA-566,-17.5249037678873,-70.0333284095395,DESPEJADO,RURAL,CURVA,INCLINADA,AFIRMADO,,,,,IMPRUDENCIA DEL CONDUCTOR,EXCESO DE VELOCIDAD,0.0,0,2022.0,8.0,2.0,0,0,2,0,0.0,1.0,1.0,2.0,0,0,44.5,4.949747468305833,1,0,2,0.5,0.0,1
A-2022-08-83,2022-08-31,04:00,DESPISTE,1,0,1,ICA,ICA,ICA,URBANA,CALLE,URBANO,NO CORRESPONDE,-14.080969,-75.731989,DESPEJADO,COMERCIAL,TRAMO RECTO,PLANA ,ASFALTADA,,,,,EN PROCESO DE INVESTIGACIÓN,NO CUENTA CON CAUSA ESPECIFICA,4.0,0,2022.0,8.0,2.0,0,0,2,0,2.0,0.0,0.0,2.0,0,0,24.0,0.0,0,0,1,0.0,0.0,1
A-2022-08-100,2022-08-31,14:20,VOLCADURA,1,1,1,TUMBES,TUMBES,CORRALES,RURAL,CARRETERA,SIN CLASIFICAR,SIN CLASIFICAR,-3.575346218738514,-80.48382811665789,DESPEJADO,RURAL,TRAMO RECTO,PLANA ,TROCHA,,,,,IMPRUDENCIA DEL CONDUCTOR,CONDUCIR EN ESTADO DE EBRIEDAD Y/O DROGADICCIÓN,14.0,0,2022.0,8.0,2.0,0,2,2,0,0.0,0.0,2.0,2.0,0,0,26.5,0.7071067811865476,1,0,2,0.5,0.0,0
A-2022-08-92,2022-08-31,18:25,CHOQUE,1,0,2,ICA,ICA,SAN JUAN BAUTISTA,URBANA,CARRETERA,PROVINCIAL,IC-620,-14.005,-75.753,DESPEJADO,COMERCIAL,TRAMO RECTO,PLANA ,ASFALTADA,,,,,EN PROCESO DE INVESTIGACIÓN,NO CUENTA CON CAUSA ESPECIFICA,18.0,0,2022.0,8.0,2.0,0,3,2,0,0.0,0.0,0.0,0.0,0,0,70.0,7.0710678118654755,0,1,2,0.0,0.5,1
A-2022-08-117,2022-08-31,20:54,CHOQUE,1,0,2,LIMA,BARRANCA,BARRANCA,RURAL,CARRETERA,DEPARTAMENTAL,LM-100,-10.738293246489183,-77.77122931616893,DESPEJADO,RURAL,TRAMO RECTO,PLANA ,ASFALTADA,,,,,EN PROCESO DE INVESTIGACIÓN,NO CUENTA CON CAUSA ESPECIFICA,20.0,0,2022.0,8.0,2.0,0,3,2,0,0.0,0.0,0.0,0.0,0,0,36.5,2.1213203435596424,1,0,2,0.5,0.0,1
A-2022-09-222,2022-09-01,03:30,DESPISTE,2,0,1,HUANUCO,LAURICOCHA,SAN FRANCISCO DE ASIS,RURAL,CARRETERA,DEPARTAMENTAL,HU-110,-9.9785672,-76.6737712,DESPEJADO,RURAL,CURVA,INCLINADA,TROCHA,,,,,IMPRUDENCIA DEL CONDUCTOR,CONDUCIR EN ESTADO DE EBRIEDAD Y/O DROGADICCIÓN,3.0,1,2022.0,9.0,3.0,0,0,3,1,0.0,1.0,2.0,3.0,0,0,43.5,0.7071067811865476,0,1,2,0.0,0.5,1
A-2022-09-237,2022-09-01,10:48,CHOQUE,1,2,2,MADRE DE DIOS,TAMBOPATA,TAMBOPATA,URBANA,CARRETERA,PROVINCIAL,MD-566,-12.599686,-69.197185,DESPEJADO,COMERCIAL,INTERSECCIÓN,PLANA ,CONCRETO,NO,,,NO,IMPRUDENCIA DEL CONDUCTOR,OTRO (IMPRUDENCIA DEL CONDUCTOR),10.0,0,2022.0,9.0,3.0,0,1,3,2,0.0,0.0,0.0,0.0,0,2,42.0,14.177446878757825,0,0,3,0.0,0.0,0
A-2022-09-158,2022-09-02,01:45,DESPISTE,1,0,0,LIMA,LIMA,LIMA,URBANA,JIRÓN,URBANO,NO CORRESPONDE,-12.051548714378525,-77.03661018722241,DESPEJADO,COMERCIAL,TRAMO RECTO,PLANA ,ASFALTADA,,,,,EN PROCESO DE INVESTIGACIÓN,NO CUENTA CON CAUSA ESPECIFICA,1.0,0,2022.0,9.0,4.0,0,0,3,0,1.0,0.0,0.0,1.0,0,0,35.0,0.0,0,1,1,0.0,1.0,1
A-2022-09-67,2022-09-02,11:40,DESPISTE,2,0,1,CUSCO,CALCA,YANATILE,RURAL,CARRETERA,DEPARTAMENTAL,CU-105,-12.6453608,-72.3582205,DESPEJADO,RURAL,CURVA,PLANA ,ASFALTADA,,,,,IMPRUDENCIA DEL CONDUCTOR,FATIGA Y/O CANSANCIO,11.0,1,2022.0,9.0,4.0,0,1,3,1,0.0,0.0,0.0,0.0,0,0,43.5,24.748737341529164,0,1,2,0.0,0.5,0