CODIGO_SINIESTRO,FECHA_SINIESTRO,HORA_SINIESTRO,CLASE_SINIESTRO,CANTIDAD_FALLECIDOS,CANTIDAD_LESIONADOS,CANTIDAD_VEHICULOS,DEPARTAMENTO,PROVINCIA,DISTRITO,ZONA,TIPO_VIA,RED_VIAL,COD_CARRETERA,LATITUD,LONGITUD,CONDICION_CLIMATICA,ZONIFICACION,CARACTERISTICAS_VIA,PERFIL_VIA,SUPERFICIE_CALZADA,EXISTE_SENIAL_VERTICAL,CLASIFICACION_SENIAL_VERTICAL_1,CLASIFICACION_SENIAL_VERTICAL_2,EXISTE_SENIAL_HORIZONTAL,CAUSA_FACTOR_PRINCIPAL,CAUSA_ESPECIFICA,HORA,severidad,ANIO,MES,DIA_SEMANA,FIN_SEMANA,FRANJA_HORARIA,TEMPORADA,MACROREGION,TIPO_VIA_SCORE,PERFIL_VIA_SCORE,SUPERFICIE_CALZADA_SCORE,RIESGO_INFRAESTRUCTURA,RIESGO_CLIMATICO,SENIALIZACION_DEFICIENTE,EDAD_PROMEDIO,EDAD_STD,TOTAL_ALCOHOL,TOTAL_LICENCIA,TOTAL_PERSONAS,PCT_ALCOHOL,PCT_LICENCIA,ES_NOCHE
A-2022-09-33,2022-09-02,13:30,CHOQUE FUGA,1,2,2,LA LIBERTAD,TRUJILLO,HUANCHACO,RURAL,CARRETERA,DEPARTAMENTAL,LI-104,-8.052723,-79.13698,DESPEJADO,RURAL,TRAMO RECTO,PLANA ,ASFALTADA,,,,,IMPRUDENCIA DEL CONDUCTOR,EXCESO DE VELOCIDAD,13.0,0,2022.0,9.0,4.0,0,2,3,0,0.0,0.0,0.0,0.0,0,0,37.666666666666664,12.220201853215572,0,0,4,0.0,0.0,0
A-2022-09-140,2022-09-02,18:30,DESPISTE,1,0,1,PUNO,MELGAR,SANTA ROSA,RURAL,CARRETERA,NACIONAL,PE-3S,-14.6000202,-70.8358466,DESPEJADO,RURAL,TRAMO RECTO,PLANA ,ASFALTADA,,,,,IMPRUDENCIA DEL CONDUCTOR,CONDUCIR EN ESTADO DE EBRIEDAD Y/O DROGADICCIÓN,18.0,0,2022.0,9.0,4.0,0,3,3,1,0.0,0.0,0.0,0.0,0,0,57.0,0.0,0,0,1,0.0,0.0,1
A-2022-09-28,2022-09-03,06:00,CHOQUE FUGA,1,1,1,ICA,PISCO,SAN CLEMENTE,RURAL,CARRETERA,NACIONAL,PE-1S,-13.593712926364402,-76.1450036305988,NUBLADO,RURAL,TRAMO RECTO,PLANA ,ASFALTADA,,,,,EN PROCESO DE INVESTIGACIÓN,NO CUENTA CON CAUSA ESPECIFICA,6.0,0,2022.0,9.0,5.0,1,1,3,0,0.0,0.0,0.0,0.0,0,0,39.5,12.020815280171307,0,1,3,0.0,0.333,0
A-2022-09-27,2022-09-03,11:00,CHOQUE,2,2,2,AREQUIPA,AREQUIPA,SAN JUAN DE TARUCANI,RURAL,CARRETERA,NACIONAL,PE-34A,-16.0537867,-71.3401677,DESPEJADO,RURAL,CURVA,INCLINADA,ASFALTADA,NO,,,SI,EN PROCESO DE INVESTIGACIÓN,NO CUENTA CON CAUSA ESPECIFICA,11.0,1,2022.0,9.0,5.0,1,1,3,0,0.0,1.0,0.0,1.0,0,1,49.75,6.291528696058959,0,2,4,0.0,0.5,0
A-2022-09-157,2022-09-03,16:30,CHOQUE,1,1,2,LIMA,LIMA,LA VICTORIA,URBANA,VIA EXPRESA,URBANO,NO CORRESPONDE,-12.05826931745082,-77.02332743744901,DESPEJADO,COMERCIAL,TRAMO RECTO,PLANA ,ASFALTADA,,,,,INFRAESTRUCTURA Y ENTORNO VIAL,OTRO (INFRAESTRUCTURA Y ENTORNO VIAL),16.0,0,2022.0,9.0,5.0,1,2,3,0,1.0,0.0,0.0,1.0,0,0,35.0,9.539392014169456,0,0,3,0.0,0.0,0
A-2022-09-20,2022-09-03,19:20,DESPISTE,2,2,1,CUSCO,QUISPICANCHI,HUARO,RURAL,CARRETERA,PROVINCIAL,CU-1326,-13.713765,-71.668069,DESPEJADO,RURAL,PUENTE,PLANA ,TROCHA,SI,PREVENTIVA (P),INFORMATIVA (I),NO,NEGLIGENCIA DEL CONDUCTOR,OTRO (NEGLIGENCIA DEL CONDUCTOR),19.0,1,2022.0,9.0,5.0,1,3,3,1,0.0,0.0,2.0,2.0,0,1,44.0,8.48528137423857,0,0,4,0.0,0.0,1
A-2022-09-169,2022-09-03,19:30,CHOQUE,1,6,2,HUANUCO,HUANUCO,QUISQUI (KICHKI),RURAL,CARRETERA,NACIONAL,PE-3N,-9.892991,-76.449561,DESPEJADO,RURAL,TRAMO RECTO,PLANA ,ASFALTADA,,,,,IMPRUDENCIA DEL CONDUCTOR,EXCESO DE VELOCIDAD,19.0,0,2022.0,9.0,5.0,1,3,3,1,0.0,0.0,0.0,0.0,0,0,27.875,8.790213714288017,0,2,8,0.0,0.25,1
A-2022-09-88,2022-09-04,01:30,DESPISTE,1,4,1,CUSCO,ESPINAR,CONDOROMA,RURAL,CARRETERA,NACIONAL,PE-34J,-15.245361,-71.151901,DESPEJADO,RURAL,CURVA,INCLINADA,ASFALTADA,SI,PREVENTIVA (P),PREVENTIVA (P),SI,IMPRUDENCIA DEL CONDUCTOR,EXCESO DE VELOCIDAD,1.0,0,2022.0,9.0,6.0,1,0,3,1,0.0,1.0,0.0,1.0,0,0,30.8,9.959919678390985,0,1,5,0.0,0.2,1
A-2022-09-155,2022-09-04,02:00,CHOQUE,1,0,0,LIMA,LIMA,LA VICTORIA,URBANA,AVENIDA,URBANO,NO CORRESPONDE,-12.05921,-77.029814,DESPEJADO,COMERCIAL,INTERSECCIÓN,PLANA ,ASFALTADA,,,,,EN PROCESO DE INVESTIGACIÓN,NO CUENTA CON CAUSA ESPECIFICA,2.0,0,2022.0,9.0,6.0,1,0,3,0,1.0,0.0,0.0,1.0,0,0,50.0,0.0,0,1,2,0.0,0.5,1
A-2022-09-156,2022-09-04,02:10,ATROPELLO FUGA,1,0,0,LIMA,LIMA,PUNTA HERMOSA,RURAL,CARRETERA,PROVINCIAL,LM-801,-12.29404855540356,-76.77507500176101,DESPEJADO,RURAL,TRAMO RECTO,PLANA ,TROCHA,,,,,EN PROCESO DE INVESTIGACIÓN,NO CUENTA CON CAUSA ESPECIFICA,2.0,0,2022.0,9.0,6.0,1,0,3,0,0.0,0.0,2.0,2.0,0,0,0.0,0.0,0,0,2,0.0,0.0,1
A-2022-09-273,2022-09-04,05:20,CHOQUE,1,0,0,LORETO,MAYNAS,SAN JUAN BAUTISTA,URBANA,AVENIDA,URBANO,NO CORRESPONDE,-3.7865519,-73.291107,,,,,,,,,,EN PROCESO DE INVESTIGACIÓN,NO CUENTA CON CAUSA ESPECIFICA,5.0,0,2022.0,9.0,6.0,1,0,3,2,1.0,1.0,1.0,3.0,0,0,45.5,6.363961030678928,0,0,2,0.0,0.0,1
A-2022-09-65,2022-09-04,05:37,DESPISTE,2,2,1,CUSCO,CANAS,YANAOCA,RURAL,CARRETERA,PROVINCIAL,CU-1609,-14.216644,-71.438229,DESPEJADO,RURAL,CURVA,INCLINADA,ASFALTADA,,,,,IMPRUDENCIA DEL CONDUCTOR,EXCESO DE VELOCIDAD,5.0,1,2022.0,9.0,6.0,1,0,3,1,0.0,1.0,0.0,1.0,0,0,40.25,13.841363131329707,0,0,4,0.0,0.0,1
A-2022-09-31,2022-09-04,05:50,CHOQUE,1,0,2,AREQUIPA,ISLAY,PUNTA DE BOMBON,URBANA,CARRETERA,PROVINCIAL,AR-826,-17.175206,-71.791538,DESPEJADO,RESIDENCIAL,TRAMO RECTO,PLANA ,ASFALTADA,,,,,EN PROCESO DE INVESTIGACIÓN,NO CUENTA CON CAUSA ESPECIFICA,5.0,0,2022.0,9.0,6.0,1,0,3,0,0.0,0.0,0.0,0.0,0,0,35.0,9.899494936611665,0,1,2,0.0,0.5,1
A-2022-09-231,2022-09-04,06:00,ATROPELLO FUGA,1,0,0,JUNIN,JAUJA,SINCOS,URBANA,CARRETERA,NACIONAL,PE-3SB,-11.881666616868475,-75.39622566016249,DESPEJADO,RURAL,TRAMO RECTO,PLANA ,ASFALTADA,NO,,,SI,IMPRUDENCIA DEL CONDUCTOR,EXCESO DE VELOCIDAD,6.0,0,2022.0,9.0,6.0,1,1,3,1,0.0,0.0,0.0,0.0,0,1,81.0,0.0,0,0,2,0.0,0.0,0
A-2022-09-141,2022-09-04,10:00,CHOQUE,1,0,2,PUNO,LAMPA,SANTA LUCIA,RURAL,CARRETERA,NACIONAL,PE-34A,-15.6534716,-70.6776218,DESPEJADO,RURAL,TRAMO RECTO,PLANA ,ASFALTADA,,,,,IMPRUDENCIA DEL CONDUCTOR,INVASIÓN DE CARRIL,10.0,0,2022.0,9.0,6.0,1,1,3,1,0.0,0.0,0.0,0.0,0,0,36.5,24.748737341529164,0,0,2,0.0,0.0,0
A-2022-09-51,2022-09-04,11:30,CHOQUE,1,1,2,HUANUCO,LEONCIO PRADO,PUEBLO NUEVO,RURAL,CARRETERA,NACIONAL,PE-5N,-9.079752,-76.063805,SOLEADO,RURAL,TRAMO RECTO,PLANA ,ASFALTADA,SI,PREVENTIVA (P),PREVENTIVA (P),NO,IMPRUDENCIA DEL CONDUCTOR,EXCESO DE VELOCIDAD,11.0,0,2022.0,9.0,6.0,1,1,3,1,0.0,0.0,0.0,0.0,0,1,22.333333333333332,1.5275252316519463,0,1,3,0.0,0.333,0
A-2022-09-136,2022-09-04,14:35,DESPISTE,1,0,1,CUSCO,QUISPICANCHI,CAMANTI,RURAL,CARRETERA,NACIONAL,PE-30C,-13.21818,-70.727843,DESPEJADO,RURAL,CURVA,PLANA ,ASFALTADA,,,,,IMPRUDENCIA DEL CONDUCTOR,EXCESO DE VELOCIDAD,14.0,0,2022.0,9.0,6.0,1,2,3,1,0.0,0.0,0.0,0.0,0,0,25.0,8.48528137423857,0,1,2,0.0,0.5,0
A-2022-09-163,2022-09-04,18:35,ATROPELLO FUGA,1,0,0,TACNA,TACNA,LA YARADA LOS PALOS,RURAL,CARRETERA,NACIONAL,PE-1SD,-18.160299,-70.466707,DESPEJADO,RURAL,TRAMO RECTO,PLANA ,ASFALTADA,,,,,IMPRUDENCIA DEL PEATÓN,ESTADO DE EBRIEDAD Y/O DROGADICCIÓN,18.0,0,2022.0,9.0,6.0,1,3,3,0,0.0,0.0,0.0,0.0,0,0,66.0,0.0,0,0,2,0.0,0.0,1
A-2022-09-171,2022-09-04,18:40,CHOQUE,3,0,2,AMAZONAS,UTCUBAMBA,JAMALCA,RURAL,CARRETERA,NACIONAL,PE-5N,-5.819257,-78.2851812,DESPEJADO,RURAL,TRAMO RECTO,PLANA ,ASFALTADA,,,,,EN PROCESO DE INVESTIGACIÓN,NO CUENTA CON CAUSA ESPECIFICA,18.0,2,2022.0,9.0,6.0,1,3,3,2,0.0,0.0,0.0,0.0,0,0,51.666666666666664,22.03028218914441,0,1,3,0.0,0.333,1
A-2022-09-252,2022-09-04,19:00,DESPISTE,1,1,1,ICA,CHINCHA,CHINCHA BAJA,RURAL,CARRETERA,NACIONAL,PE-1SE,-13.516056,-76.183805,DESPEJADO,RURAL,TRAMO RECTO,PLANA ,ASFALTADA,,,,,IMPRUDENCIA DEL CONDUCTOR,EXCESO DE VELOCIDAD,19.0,0,2022.0,9.0,6.0,1,3,3,0,0.0,0.0,0.0,0.0,0,0,23.0,1.4142135623730951,0,1,2,0.0,0.5,1
A-2022-09-34,2022-09-04,20:00,CHOQUE,1,0,2,LA LIBERTAD,PACASMAYO,SAN PEDRO DE LLOC,RURAL,CARRETERA,NACIONAL,PE-1N,-7.418508,-79.503362,DESPEJADO,RURAL,INTERSECCIÓN,PLANA ,ASFALTADA,,,,,EN PROCESO DE INVESTIGACIÓN,NO CUENTA CON CAUSA ESPECIFICA,20.0,0,2022.0,9.0,6.0,1,3,3,0,0.0,0.0,0.0,0.0,0,0,42.0,11.313708498984761,0,1,2,0.0,0.5,1
A-2022-09-46,2022-09-04,20:20,ATROPELLO,1,0,1,ANCASH,CARHUAZ,ANTA,URBANA,CARRETERA,NACIONAL,PE-3N,-9.362727629586129,-77.5948208322117,DESPEJADO,RURAL,TRAMO RECTO,PLANA ,ASFALTADA,,,,,IMPRUDENCIA DEL PEATÓN,ESTADO DE EBRIEDAD Y/O DROGADICCIÓN,20.0,0,2022.0,9.0,6.0,1,3,3,0,0.0,0.0,0.0,0.0,0,0,30.5,4.949747468305833,0,1,2,0.0,0.5,1
A-2022-09-35,2022-09-04,23:30,DESPISTE,1,0,1,LA LIBERTAD,TRUJILLO,LAREDO,URBANA,CALLE,URBANO,NO CORRESPONDE,-8.061977475218953,-78.97489307159272,DESPEJADO,ESCOLAR,INTERSECCIÓN,PLANA ,ASFALTADA,,,,,EN PROCESO DE INVESTIGACIÓN,NO CUENTA CON CAUSA ESPECIFICA,23.0,0,2022.0,9.0,6.0,1,3,3,0,2.0,0.0,0.0,2.0,0,0,30.0,0.0,0,1,1,0.0,1.0,1
A-2022-09-21,2022-09-05,06:36,CHOQUE,1,1,2,CUSCO,CHUMBIVILCAS,CHAMACA,RURAL,CARRETERA,PROVINCIAL,CU-1916,-14.419722,-72.013707,DESPEJADO,RURAL,CURVA,INCLINADA,AFIRMADO,SI,PREVENTIVA (P),PREVENTIVA (P),NO,NEGLIGENCIA DEL CONDUCTOR,OTRO (NEGLIGENCIA DEL CONDUCTOR),6.0,0,2022.0,9.0,0.0,0,1,3,1,0.0,1.0,1.0,2.0,0,1,26.666666666666668,24.542480178933285,0,1,3,0.0,0.333,0
A-2022-09-154,2022-09-05,11:00,DESPISTE,1,0,1,LIMA,LIMA,COMAS,URBANA,AVENIDA,URBANO,NO CORRESPONDE,-11.926374,-77.04708,DESPEJADO,RESIDENCIAL,TRAMO RECTO,PLANA ,ASFALTADA,,,,,EN PROCESO DE INVESTIGACIÓN,NO CUENTA CON CAUSA ESPECIFICA,11.0,0,2022.0,9.0,0.0,0,1,3,0,1.0,0.0,0.0,1.0,0,0,32.0,0.0,0,0,1,0.0,0.0,0
A-2022-09-164,2022-09-05,11:15,DESPISTE,1,1,0,TACNA,TACNA,PALCA,RURAL,CARRETERA,NACIONAL,PE-40,-17.720346,-69.85268,DESPEJADO,RURAL,CURVA,INCLINADA,ASFALTADA,,,,,IMPRUDENCIA DEL CONDUCTOR,CONDUCIR EN ESTADO DE EBRIEDAD Y/O DROGADICCIÓN,11.0,0,2022.0,9.0,0.0,0,1,3,0,0.0,1.0,0.0,1.0,0,0,43.5,19.091883092036785,0,0,2,0.0,0.0,0
A-2022-09-36,2022-09-05,12:45,DESPISTE,1,2,1,LA LIBERTAD,ASCOPE,ASCOPE,RURAL,CARRETERA,DEPARTAMENTAL,LI-101,-7.739665,-79.11756,DESPEJADO,RURAL,TRAMO RECTO,PLANA ,ASFALTADA,,,,,EN PROCESO DE INVESTIGACIÓN,NO CUENTA CON CAUSA ESPECIFICA,12.0,0,2022.0,9.0,0.0,0,2,3,0,0.0,0.0,0.0,0.0,0,0,39.0,16.522711641858304,0,0,4,0.0,0.0,0
A-2022-09-224,2022-09-05,15:30,CHOQUE,1,1,0,PIURA,PIURA,CATACAOS,RURAL,CARRETERA,NACIONAL,PE-1NK,-5.291043,-80.694731,DESPEJADO,RURAL,TRAMO RECTO,PLANA ,ASFALTADA,,,,,EN PROCESO DE INVESTIGACIÓN,NO CUENTA CON CAUSA ESPECIFICA,15.0,0,2022.0,9.0,0.0,0,2,3,0,0.0,0.0,0.0,0.0,0,0,43.5,21.920310216782973,0,0,2,0.0,0.0,0
A-2022-09-243,2022-09-05,22:00,CHOQUE,1,0,2,PIURA,PIURA,LAS LOMAS,RURAL,CARRETERA,NACIONAL,PE-1NL,-4.635888944321333,-80.21608463004686,DESPEJADO,RURAL,TRAMO RECTO,PLANA ,ASFALTADA,,,,,IMPRUDENCIA DEL CONDUCTOR,OTRO (IMPRUDENCIA DEL CONDUCTOR),22.0,0,2022.0,9.0,0.0,0,3,3,0,0.0,0.0,0.0,0.0,0,0,39.5,20.506096654409877,0,1,2,0.0,0.5,1
A-2022-09-29,2022-09-05,22:50,ATROPELLO FUGA,1,0,0,ICA,PISCO,SAN ANDRES,URBANA,CARRETERA,NACIONAL,PE-1SB,-13.712419582998914,-76.16259411098763,DESPEJADO,COMERCIAL,TRAMO RECTO,PLANA ,ASFALTADA,,,,,EN PROCESO DE INVESTIGACIÓN,NO CUENTA CON CAUSA ESPECIFICA,22.0,0,2022.0,9.0,0.0,0,3,3,0,0.0,0.0,0.0,0.0,0,0,57.0,0.0,0,0,2,0.0,0.0,1
A-2022-09-234,2022-09-06,04:00,ATROPELLO FUGA,1,0,0,CUSCO,ANTA,ANCAHUASI,RURAL,CARRETERA,NACIONAL,PE-3S,-13.461588,-72.289324,DESPEJADO,RURAL,TRAMO RECTO,PLANA ,ASFALTADA,NO,,,SI,EN PROCESO DE INVESTIGACIÓN,NO CUENTA CON CAUSA ESPECIFICA,4.0,0,2022.0,9.0,1.0,0,0,3,1,0.0,0.0,0.0,0.0,0,1,0.0,0.0,0,0,2,0.0,0.0,1
A-2022-09-37,2022-09-06,05:15,CHOQUE,1,5,2,LA LIBERTAD,SANCHEZ CARRION,HUAMACHUCO,RURAL,CARRETERA,NACIONAL,PE-3N,-7.797149,-77.979515,DESPEJADO,RURAL,TRAMO RECTO,PLANA ,ASFALTADA,,,,,IMPRUDENCIA DEL CONDUCTOR,GIRAR IMPRUDENTEMENTE,5.0,0,2022.0,9.0,1.0,0,0,3,0,0.0,0.0,0.0,0.0,0,0,28.375,8.484229066753375,0,2,8,0.0,0.25,1
A-2022-09-245,2022-09-06,07:29,CHOQUE,1,0,2,PIURA,PAITA,COLAN,RURAL,CARRETERA,DEPARTAMENTAL,PI-101,-4.8803047272721045,-81.02488877386406,DESPEJADO,RURAL,CURVA,PLANA ,ASFALTADA,,,,,EN PROCESO DE INVESTIGACIÓN,NO CUENTA CON CAUSA ESPECIFICA,7.0,0,2022.0,9.0,1.0,0,1,3,0,0.0,0.0,0.0,0.0,0,0,29.0,14.142135623730951,0,0,2,0.0,0.0,0
A-2022-09-38,2022-09-06,11:00,CHOQUE,1,0,2,AREQUIPA,AREQUIPA,UCHUMAYO,RURAL,CARRETERA,NACIONAL,PE-34A,-16.4480264906928,-71.6963396678696,DESPEJADO,RURAL,TRAMO RECTO,PLANA ,ASFALTADA,NO,,,SI,EN PROCESO DE INVESTIGACIÓN,NO CUENTA CON CAUSA ESPECIFICA,11.0,0,2022.0,9.0,1.0,0,1,3,0,0.0,0.0,0.0,0.0,0,1,38.0,0.0,0,0,2,0.0,0.0,0
A-2022-09-30,2022-09-06,17:00,CHOQUE,1,0,2,ICA,ICA,SALAS,URBANA,CARRETERA,NACIONAL,PE-1S,-13.932476501803674,-75.90137908551644,DESPEJADO,RURAL,TRAMO RECTO,PLANA ,ASFALTADA,SI,INFORMATIVA (I),,NO,EN PROCESO DE INVESTIGACIÓN,NO CUENTA CON CAUSA ESPECIFICA,17.0,0,2022.0,9.0,1.0,0,2,3,0,0.0,0.0,0.0,0.0,0,1,47.0,26.870057685088806,0,2,2,0.0,1.0,0
A-2022-09-11,2022-09-06,18:30,ATROPELLO,1,0,0,PUNO,CHUCUITO,ZEPITA,RURAL,CARRETERA,NACIONAL,PE-3S,-16.420344386832223,-69.17697611976979,DESPEJADO,RURAL,TRAMO RECTO,PLANA ,ASFALTADA,,,,,IMPRUDENCIA DEL PEATÓN,CRUCE INDEBIDO POR LA CALZADA,18.0,0,2022.0,9.0,1.0,0,3,3,1,0.0,0.0,0.0,0.0,0,0,31.0,15.556349186104045,0,1,2,0.0,0.5,1
A-2022-09-90,2022-09-06,19:25,ATROPELLO,1,0,1,LAMBAYEQUE,CHICLAYO,CHICLAYO,URBANA,CARRETERA,PROVINCIAL,LA-816,-6.774435,-79.827557,DESPEJADO,RURAL,TRAMO RECTO,PLANA ,ASFALTADA,,,,,EN PROCESO DE INVESTIGACIÓN,NO CUENTA CON CAUSA ESPECIFICA,19.0,0,2022.0,9.0,1.0,0,3,3,0,0.0,0.0,0.0,0.0,0,0,23.0,0.0,0,0,2,0.0,0.0,1
A-2022-09-192,2022-09-07,12:10,DESPISTE,3,4,1,CAJAMARCA,HUALGAYOC,BAMBAMARCA,URBANA,CARRETERA,NACIONAL,PE-3NB,-6.81184833,-78.52093,DESPEJADO,RESIDENCIAL,TRAMO RECTO,PLANA ,AFIRMADO,,,,,EN PROCESO DE INVESTIGACIÓN,NO CUENTA CON CAUSA ESPECIFICA,12.0,2,2022.0,9.0,2.0,0,2,3,1,0.0,0.0,1.0,1.0,0,0,42.285714285714285,11.071198154284321,0,0,7,0.0,0.0,0
A-2022-09-254,2022-09-07,12:30,ATROPELLO,1,0,1,ICA,CHINCHA,CHINCHA BAJA,URBANA,CARRETERA,NACIONAL,PE-1SE,-13.52451224,-76.18294515,DESPEJADO,RESIDENCIAL,TRAMO RECTO,PLANA ,ASFALTADA,,,,,IMPRUDENCIA DEL CONDUCTOR,OTRO (IMPRUDENCIA DEL CONDUCTOR),12.0,0,2022.0,9.0,2.0,0,2,3,0,0.0,0.0,0.0,0.0,0,0,77.0,0.0,0,0,2,0.0,0.0,0
A-2022-09-253,2022-09-07,15:15,DESPISTE,1,6,2,ICA,CHINCHA,GROCIO PRADO,RURAL,CARRETERA,NACIONAL,PE-1S,-13.37090848,-76.21061733,DESPEJADO,RURAL,TRAMO RECTO,PLANA ,ASFALTADA,,,,,IMPRUDENCIA DEL CONDUCTOR,INVASIÓN DE CARRIL,15.0,0,2022.0,9.0,2.0,0,2,3,0,0.0,0.0,0.0,0.0,0,0,27.833333333333332,11.267948645013725,0,2,8,0.0,0.25,0
A-2022-09-244,2022-09-07,18:00,ATROPELLO,1,0,1,PIURA,PIURA,TAMBO GRANDE,RURAL,CARRETERA,NACIONAL,PE-1NU,-4.937904985516145,-80.34658990521181,DESPEJADO,RURAL,TRAMO RECTO,PLANA ,ASFALTADA,,,,,EN PROCESO DE INVESTIGACIÓN,NO CUENTA CON CAUSA ESPECIFICA,18.0,0,2022.0,9.0,2.0,0,3,3,0,0.0,0.0,0.0,0.0,0,0,47.0,0.0,0,0,2,0.0,0.0,1
A-2022-09-94,2022-09-07,19:20,ATROPELLO,1,0,1,LAMBAYEQUE,LAMBAYEQUE,MOTUPE,RURAL,CARRETERA,NACIONAL,PE-1NJ,-6.1622747,-79.6995453,DESPEJADO,RURAL,TRAMO RECTO,PLANA ,ASFALTADA,,,,,EN PROCESO DE INVESTIGACIÓN,NO CUENTA CON CAUSA ESPECIFICA,19.0,0,2022.0,9.0,2.0,0,3,3,0,0.0,0.0,0.0,0.0,0,0,46.0,8.48528137423857,0,0,2,0.0,0.0,1
A-2022-09-91,2022-09-08,04:50,ATROPELLO FUGA,1,0,0,LAMBAYEQUE,CHICLAYO,MONSEFU,URBANA,CARRETERA,NACIONAL,PE-1N,-6.8525446,-79.826536,DESPEJADO,RESIDENCIAL,TRAMO RECTO,PLANA ,ASFALTADA,SI,PREVENTIVA (P),PREVENTIVA (P),NO,EN PROCESO DE INVESTIGACIÓN,NO CUENTA CON CAUSA ESPECIFICA,4.0,0,2022.0,9.0,3.0,0,0,3,0,0.0,0.0,0.0,0.0,0,1,0.0,0.0,0,0,2,0.0,0.0,1
A-2022-09-153,2022-09-08,05:00,CHOQUE CON OBJETO FIJO,1,0,0,LIMA,LIMA,SANTIAGO DE SURCO,URBANA,CARRETERA,NACIONAL,PE-1S,-12.14513265714188,-76.98188781738283,DESPEJADO,COMERCIAL,TRAMO RECTO,PLANA ,ASFALTADA,,,,,EN PROCESO DE INVESTIGACIÓN,NO CUENTA CON CAUSA ESPECIFICA,5.0,0,2022.0,9.0,3.0,0,0,3,0,0.0,0.0,0.0,0.0,0,0,26.0,0.0,0,0,1,0.0,0.0,1
A-2022-10-212,2022-09-08,06:00,CHOQUE,1,0,0,LORETO,MAYNAS,SAN JUAN BAUTISTA,RURAL,CARRETERA,DEPARTAMENTAL,LO-103,-4.24693489640324,-73.4936109331865,DESPEJADO,RURAL,TRAMO RECTO,PLANA ,ASFALTADA,,,,,EN PROCESO DE INVESTIGACIÓN,NO CUENTA CON CAUSA ESPECIFICA,6.0,0,2022.0,9.0,3.0,0,1,3,2,0.0,0.0,0.0,0.0,0,0,46.5,4.949747468305833,0,0,2,0.0,0.0,0
A-2022-09-152,2022-09-08,08:30,CAÍDA DE PASAJERO,1,0,0,LIMA,LIMA,VILLA EL SALVADOR,URBANA,AVENIDA,URBANO,NO CORRESPONDE,-12.220176056972232,-76.93040657050007,DESPEJADO,COMERCIAL,TRAMO RECTO,PLANA ,ASFALTADA,,,,,EN PROCESO DE INVESTIGACIÓN,NO CUENTA CON CAUSA ESPECIFICA,8.0,0,2022.0,9.0,3.0,0,1,3,0,1.0,0.0,0.0,1.0,0,0,41.5,6.363961030678928,0,1,2,0.0,0.5,0
A-2022-09-42,2022-09-08,11:40,CHOQUE,1,1,2,LA LIBERTAD,PACASMAYO,GUADALUPE,URBANA,CARRETERA,PROVINCIAL,LI-508,-7.23794,-79.468746,DESPEJADO,COMERCIAL,TRAMO RECTO,PLANA ,ASFALTADA,,,,,EN PROCESO DE INVESTIGACIÓN,NO CUENTA CON CAUSA ESPECIFICA,11.0,0,2022.0,9.0,3.0,0,1,3,0,0.0,0.0,0.0,0.0,0,0,31.666666666666668,11.590225767142472,0,1,3,0.0,0.333,0
A-2022-09-13,2022-09-08,19:30,ATROPELLO FUGA,1,0,0,PUNO,PUNO,PUNO,URBANA,AVENIDA,URBANO,NO CORRESPONDE,-15.852219,-70.015328,DESPEJADO,RURAL,TRAMO RECTO,PLANA ,ASFALTADA,,,,,IMPRUDENCIA DEL CONDUCTOR,OTRO (IMPRUDENCIA DEL CONDUCTOR),19.0,0,2022.0,9.0,3.0,0,3,3,1,1.0,0.0,0.0,1.0,0,0,68.0,0.0,0,0,2,0.0,0.0,1
A-2022-09-44,2022-09-08,20:20,ATROPELLO,1,0,1,LA LIBERTAD,VIRU,VIRU,RURAL,CARRETERA,NACIONAL,PE-1N,-8.361588718090237,-78.87269059512508,DESPEJADO,RURAL,TRAMO RECTO,PLANA ,ASFALTADA,,,,,EN PROCESO DE INVESTIGACIÓN,NO CUENTA CON CAUSA ESPECIFICA,20.0,0,2022.0,9.0,3.0,0,3,3,0,0.0,0.0,0.0,0.0,0,0,48.0,0.0,0,1,2,0.0,0.5,1
A-2022-09-45,2022-09-08,22:30,CHOQUE,1,0,2,LA LIBERTAD,TRUJILLO,TRUJILLO,URBANA,JIRÓN,URBANO,NO CORRESPONDE,-8.112046,-79.031226,DESPEJADO,COMERCIAL,INTERSECCIÓN,PLANA ,ASFALTADA,,,,,EN PROCESO DE INVESTIGACIÓN,NO CUENTA CON CAUSA ESPECIFICA,22.0,0,2022.0,9.0,3.0,0,3,3,0,1.0,0.0,0.0,1.0,0,0,38.0,20.784609690826528,0,2,3,0.0,0.667,1
A-2022-09-18,2022-09-09,01:20,CHOQUE,1,0,1,TUMBES,TUMBES,TUMBES,RURAL,CARRETERA,NACIONAL,PE-1N,-3.546450350732249,-80.39683026628057,DESPEJADO,RURAL,TRAMO RECTO,PLANA ,ASFALTADA,SI,PREVENTIVA (P),,NO,IMPRUDENCIA DEL CONDUCTOR,EXCESO DE VELOCIDAD,1.0,0,2022.0,9.0,4.0,0,0,3,0,0.0,0.0,0.0,0.0,0,1,39.0,0.0,0,0,1,0.0,0.0,1