CODIGO_SINIESTRO,FECHA_SINIESTRO,HORA_SINIESTRO,CLASE_SINIESTRO,CANTIDAD_FALLECIDOS,CANTIDAD_LESIONADOS,CANTIDAD_VEHICULOS,DEPARTAMENTO,PROVINCIA,DISTRITO,ZONA,TIPO_VIA,RED_VIAL,COD_CARRETERA,LATITUD,LONGITUD,CONDICION_CLIMATICA,ZONIFICACION,CARACTERISTICAS_VIA,PERFIL_VIA,SUPERFICIE_CALZADA,EXISTE_SENIAL_VERTICAL,CLASIFICACION_SENIAL_VERTICAL_1,CLASIFICACION_SENIAL_VERTICAL_2,EXISTE_SENIAL_HORIZONTAL,CAUSA_FACTOR_PRINCIPAL,CAUSA_ESPECIFICA,HORA,severidad,ANIO,MES,DIA_SEMANA,FIN_SEMANA,FRANJA_HORARIA,TEMPORADA,MACROREGION,TIPO_VIA_SCORE,PERFIL_VIA_SCORE,SUPERFICIE_CALZADA_SCORE,RIESGO_INFRAESTRUCTURA,RIESGO_CLIMATICO,SENIALIZACION_DEFICIENTE,EDAD_PROMEDIO,EDAD_STD,TOTAL_ALCOHOL,TOTAL_LICENCIA,TOTAL_PERSONAS,PCT_ALCOHOL,PCT_LICENCIA,ES_NOCHE
A-2022-09-151,2022-09-09,04:20,ATROPELLO,1,0,0,LIMA,LIMA,VILLA EL SALVADOR,URBANA,AVENIDA,URBANO,NO CORRESPONDE,-12.233369129098184,-76.94168413314078,DESPEJADO,COMERCIAL,INTERSECCIÓN,PLANA ,ASFALTADA,,,,,EN PROCESO DE INVESTIGACIÓN,NO CUENTA CON CAUSA ESPECIFICA,4.0,0,2022.0,9.0,4.0,0,0,3,0,1.0,0.0,0.0,1.0,0,0,52.5,6.363961030678928,0,1,2,0.0,0.5,1
A-2022-09-39,2022-09-09,06:15,DESPISTE,1,0,1,AREQUIPA,AREQUIPA,UCHUMAYO,RURAL,CARRETERA,NACIONAL,PE-34A,-16.4473730886001,-71.6987912068164,DESPEJADO,RURAL,CURVA,INCLINADA,ASFALTADA,NO,,,SI,EN PROCESO DE INVESTIGACIÓN,NO CUENTA CON CAUSA ESPECIFICA,6.0,0,2022.0,9.0,4.0,0,1,3,0,0.0,1.0,0.0,1.0,0,1,30.0,0.0,0,1,1,0.0,1.0,0
A-2022-09-100,2022-09-09,06:40,DESPISTE,1,4,1,CUSCO,CHUMBIVILCAS,COLQUEMARCA,RURAL,CARRETERA,PROVINCIAL,CU-1535,-14.19716441,-72.0473002,DESPEJADO,RURAL,TRAMO RECTO,PLANA ,TROCHA,,,,,IMPRUDENCIA DEL CONDUCTOR,EXCESO DE VELOCIDAD,6.0,0,2022.0,9.0,4.0,0,1,3,1,0.0,0.0,2.0,2.0,0,0,43.4,12.361229712289955,0,0,5,0.0,0.0,0
A-2022-09-186,2022-09-09,08:00,DESPISTE,3,0,0,LIMA,CAJATAMBO,HUANCAPON,RURAL,CARRETERA,NACIONAL,PE-16A,-10.463511,-77.098645,DESPEJADO,RURAL,SINUOSA,INCLINADA,TROCHA,,,,,EN PROCESO DE INVESTIGACIÓN,NO CUENTA CON CAUSA ESPECIFICA,8.0,2,2022.0,9.0,4.0,0,1,3,0,0.0,1.0,2.0,3.0,0,0,53.5,10.606601717798213,0,1,3,0.0,0.333,0
A-2022-09-219,2022-09-09,08:40,ATROPELLO,1,0,0,CAJAMARCA,CAJAMARCA,CAJAMARCA,RURAL,CARRETERA,NACIONAL,PE-3N,-7.1889496,-78.472057,,,,,,,,,,EN PROCESO DE INVESTIGACIÓN,NO CUENTA CON CAUSA ESPECIFICA,8.0,0,2022.0,9.0,4.0,0,1,3,1,0.0,1.0,1.0,2.0,0,0,39.0,21.213203435596427,0,0,2,0.0,0.0,0
A-2022-09-40,2022-09-09,08:50,ATROPELLO,1,0,1,AREQUIPA,AREQUIPA,LA JOYA,RURAL,CARRETERA,NACIONAL,PE-1S,-16.643654,-71.8715585,DESPEJADO,RURAL,OTRO,PLANA ,TROCHA,,,,,EN PROCESO DE INVESTIGACIÓN,NO CUENTA CON CAUSA ESPECIFICA,8.0,0,2022.0,9.0,4.0,0,1,3,0,0.0,0.0,2.0,2.0,0,0,26.0,35.35533905932738,0,1,2,0.0,0.5,0
A-2022-09-92,2022-09-09,18:50,ATROPELLO,1,1,1,LAMBAYEQUE,CHICLAYO,CHICLAYO,URBANA,CARRETERA,NACIONAL,PE-1N,-6.767848,-79.872157,DESPEJADO,RESIDENCIAL,TRAMO RECTO,PLANA ,ASFALTADA,,,,,EN PROCESO DE INVESTIGACIÓN,NO CUENTA CON CAUSA ESPECIFICA,18.0,0,2022.0,9.0,4.0,0,3,3,0,0.0,0.0,0.0,0.0,0,0,23.5,12.020815280171307,0,1,3,0.0,0.333,1
A-2022-09-217,2022-09-09,22:00,CHOQUE,2,0,0,AMAZONAS,LUYA,SAN JERONIMO,RURAL,CARRETERA,NACIONAL,PE-5N,-5.9214044,-78.1221324,SOLEADO,RURAL,TRAMO RECTO,PLANA ,ASFALTADA,,,,,EN PROCESO DE INVESTIGACIÓN,NO CUENTA CON CAUSA ESPECIFICA,22.0,1,2022.0,9.0,4.0,0,3,3,2,0.0,0.0,0.0,0.0,0,0,50.0,21.283796653792763,0,0,3,0.0,0.0,1
A-2022-09-49,2022-09-09,22:30,CHOQUE,1,0,2,TUMBES,TUMBES,TUMBES,RURAL,CARRETERA,DEPARTAMENTAL,TU-103,-3.533107725106181,-80.3779871480488,DESPEJADO,RURAL,TRAMO RECTO,PLANA ,ASFALTADA,,,,,IMPRUDENCIA DEL CONDUCTOR,CONDUCIR EN ESTADO DE EBRIEDAD Y/O DROGADICCIÓN,22.0,0,2022.0,9.0,4.0,0,3,3,0,0.0,0.0,0.0,0.0,0,0,31.0,4.242640687119285,0,1,2,0.0,0.5,1
A-2022-09-274,2022-09-10,01:20,CHOQUE,1,0,0,LIMA,LIMA,CARABAYLLO,URBANA,AVENIDA,URBANO,NO CORRESPONDE,-11.88510591,-77.02328814,DESPEJADO,COMERCIAL,SINUOSA,INCLINADA,ASFALTADA,,,,,EN PROCESO DE INVESTIGACIÓN,NO CUENTA CON CAUSA ESPECIFICA,1.0,0,2022.0,9.0,5.0,1,0,3,0,1.0,1.0,0.0,2.0,0,0,43.5,28.991378028648448,0,2,2,0.0,1.0,1
A-2022-09-174,2022-09-10,05:30,CHOQUE,1,0,1,CAJAMARCA,CAJAMARCA,CAJAMARCA,URBANA,CARRETERA,NACIONAL,PE-3N,-7.18324759955135,-78.480325900348,DESPEJADO,RESIDENCIAL,TRAMO RECTO,PLANA ,ASFALTADA,,,,,EN PROCESO DE INVESTIGACIÓN,NO CUENTA CON CAUSA ESPECIFICA,5.0,0,2022.0,9.0,5.0,1,0,3,1,0.0,0.0,0.0,0.0,0,0,53.5,23.33452377915607,0,0,2,0.0,0.0,1
A-2022-09-175,2022-09-10,06:00,DESPISTE,1,3,1,CAJAMARCA,CELENDIN,JOSE GALVEZ,RURAL,CARRETERA,NACIONAL,PE-08B,-6.941962,-78.190139,DESPEJADO,RURAL,CURVA,PLANA ,ASFALTADA,,,,,EN PROCESO DE INVESTIGACIÓN,NO CUENTA CON CAUSA ESPECIFICA,6.0,0,2022.0,9.0,5.0,1,1,3,1,0.0,0.0,0.0,0.0,0,0,24.6,11.92895636675732,0,0,5,0.0,0.0,0
A-2022-09-232,2022-09-10,07:35,CHOQUE,1,2,0,JUNIN,TARMA,LA UNION,RURAL,CARRETERA,NACIONAL,PE-3N,-11.37485093259026,-75.88154385098277,DESPEJADO,RURAL,TRAMO RECTO,PLANA ,ASFALTADA,NO,,,SI,IMPRUDENCIA DEL CONDUCTOR,GIRAR IMPRUDENTEMENTE,7.0,0,2022.0,9.0,5.0,1,1,3,1,0.0,0.0,0.0,0.0,0,1,42.2,15.658863304850707,0,2,5,0.0,0.4,0
A-2022-09-221,2022-09-10,16:00,ATROPELLO,1,0,1,HUANUCO,HUANUCO,CHURUBAMBA,RURAL,CARRETERA,NACIONAL,PE-18A,-9.8394522753849,-76.1236411880271,DESPEJADO,RURAL,PASE A DESNIVEL,INCLINADA,ASFALTADA,,,,,IMPRUDENCIA DEL PEATÓN,CRUCE INDEBIDO POR LA CALZADA,16.0,0,2022.0,9.0,5.0,1,2,3,1,0.0,1.0,0.0,1.0,0,0,50.0,35.35533905932738,0,1,2,0.0,0.5,0
A-2022-09-172,2022-09-10,17:15,CHOQUE,1,2,2,LAMBAYEQUE,LAMBAYEQUE,OLMOS,RURAL,CARRETERA,NACIONAL,PE-1N,-6.3143388,-80.2453331,DESPEJADO,RURAL,TRAMO RECTO,PLANA ,ASFALTADA,,,,,EN PROCESO DE INVESTIGACIÓN,NO CUENTA CON CAUSA ESPECIFICA,17.0,0,2022.0,9.0,5.0,1,2,3,0,0.0,0.0,0.0,0.0,0,0,37.666666666666664,7.767453465154028,0,1,4,0.0,0.25,0
A-2022-09-82,2022-09-10,17:56,CHOQUE,5,0,2,CUSCO,PAUCARTAMBO,COLQUEPATA,RURAL,CARRETERA,DEPARTAMENTAL,CU-113,-13.4165393,-71.6327733,DESPEJADO,RURAL,TRAMO RECTO,PLANA ,ASFALTADA,,,,,IMPRUDENCIA DEL CONDUCTOR,FATIGA Y/O CANSANCIO,17.0,2,2022.0,9.0,5.0,1,2,3,1,0.0,0.0,0.0,0.0,0,0,39.833333333333336,8.773064838850027,0,1,6,0.0,0.167,0
A-2022-09-210,2022-09-10,18:00,ATROPELLO,1,1,1,PIURA,MORROPON,SALITRAL,RURAL,CARRETERA,NACIONAL,PE-02A,-5.435089,-79.767511,DESPEJADO,RURAL,TRAMO RECTO,PLANA ,ASFALTADA,,,,,EN PROCESO DE INVESTIGACIÓN,NO CUENTA CON CAUSA ESPECIFICA,18.0,0,2022.0,9.0,5.0,1,3,3,0,0.0,0.0,0.0,0.0,0,0,43.5,36.062445840513924,0,0,2,0.0,0.0,1
A-2022-09-185,2022-09-10,18:45,CHOQUE FUGA,1,0,2,UCAYALI,CORONEL PORTILLO,YARINACOCHA,RURAL,JIRÓN,URBANO,NO CORRESPONDE,-8.353281,-74.583656,DESPEJADO,RURAL,CURVA,INCLINADA,CONCRETO,SI,PREVENTIVA (P),REGULADORA (R),NO,EN PROCESO DE INVESTIGACIÓN,NO CUENTA CON CAUSA ESPECIFICA,18.0,0,2022.0,9.0,5.0,1,3,3,2,1.0,1.0,0.0,2.0,0,1,48.0,0.0,0,1,3,0.0,0.333,1
A-2022-09-255,2022-09-10,20:30,ATROPELLO,2,0,1,ICA,CHINCHA,EL CARMEN,RURAL,CARRETERA,NACIONAL,PE-1SE,-13.57847387,-76.17195543,DESPEJADO,RURAL,TRAMO RECTO,PLANA ,ASFALTADA,,,,,EN PROCESO DE INVESTIGACIÓN,NO CUENTA CON CAUSA ESPECIFICA,20.0,1,2022.0,9.0,5.0,1,3,3,0,0.0,0.0,0.0,0.0,0,0,19.0,2.8284271247461903,0,0,2,0.0,0.0,1
A-2022-09-176,2022-09-11,00:35,CHOQUE CON OBJETO FIJO,1,0,1,CAJAMARCA,CAJABAMBA,CAJABAMBA,URBANA,CARRETERA,NACIONAL,PE-3N,-7.61436643,-78.05144613,DESPEJADO,RESIDENCIAL,TRAMO RECTO,PLANA ,ASFALTADA,,,,,EN PROCESO DE INVESTIGACIÓN,NO CUENTA CON CAUSA ESPECIFICA,0.0,0,2022.0,9.0,6.0,1,0,3,1,0.0,0.0,0.0,0.0,0,0,22.0,0.0,0,0,1,0.0,0.0,1
A-2022-09-209,2022-09-11,01:30,CAÍDA DE PASAJERO,1,0,0,PIURA,PIURA,PIURA,RURAL,CARRETERA,PROVINCIAL,PI-984,-5.05968220593445,-80.6306377877767,DESPEJADO,RURAL,TRAMO RECTO,PLANA ,ASFALTADA,,,,,EN PROCESO DE INVESTIGACIÓN,NO CUENTA CON CAUSA ESPECIFICA,1.0,0,2022.0,9.0,6.0,1,0,3,0,0.0,0.0,0.0,0.0,0,0,42.0,0.0,1,0,2,0.5,0.0,1
A-2022-09-258,2022-09-11,05:45,CHOQUE,1,0,2,ICA,CHINCHA,EL CARMEN,RURAL,CARRETERA,NACIONAL,PE-1SE,-13.59524097,-76.1658727273,DESPEJADO,RURAL,TRAMO RECTO,PLANA ,ASFALTADA,,,,,IMPRUDENCIA DEL CONDUCTOR,INVASIÓN DE CARRIL,5.0,0,2022.0,9.0,6.0,1,0,3,0,0.0,0.0,0.0,0.0,0,0,48.5,7.7781745930520225,0,1,2,0.0,0.5,1
A-2022-09-41,2022-09-11,06:50,CHOQUE,5,7,2,AREQUIPA,CAYLLOMA,SAN ANTONIO DE CHUCA,RURAL,CARRETERA,NACIONAL,PE-34J,-15.7111933,-71.0532133,DESPEJADO,RURAL,CURVA,PLANA ,ASFALTADA,,,,,EN PROCESO DE INVESTIGACIÓN,NO CUENTA CON CAUSA ESPECIFICA,6.0,2,2022.0,9.0,6.0,1,1,3,0,0.0,0.0,0.0,0.0,0,0,34.0,14.770978917519928,0,2,12,0.0,0.167,0
A-2022-09-240,2022-09-11,09:20,DESPISTE,1,1,1,HUANCAVELICA,HUANCAVELICA,ACORIA,RURAL,CARRETERA,PROVINCIAL,HV-764,-12.615141,-74.706235,SOLEADO,RURAL,TRAMO RECTO,PLANA ,TROCHA,,,,,IMPRUDENCIA DEL CONDUCTOR,FATIGA Y/O CANSANCIO,9.0,0,2022.0,9.0,6.0,1,1,3,1,0.0,0.0,2.0,2.0,0,0,68.0,1.4142135623730951,0,1,2,0.0,0.5,0
A-2022-09-241,2022-09-11,15:40,DESPISTE,2,3,1,HUANCAVELICA,CASTROVIRREYNA,SAN JUAN,RURAL,CARRETERA,NACIONAL,PE-26,-13.239866,-75.6172,DESPEJADO,RURAL,TRAMO RECTO,PLANA ,TROCHA,,,,,IMPRUDENCIA DEL CONDUCTOR,FATIGA Y/O CANSANCIO,15.0,1,2022.0,9.0,6.0,1,2,3,1,0.0,0.0,2.0,2.0,0,0,44.0,17.363755354185336,0,0,5,0.0,0.0,0
A-2022-09-165,2022-09-11,19:35,ATROPELLO FUGA,2,0,0,TACNA,TACNA,TACNA,URBANA,AVENIDA,URBANO,NO CORRESPONDE,-18.029989,-70.270627,DESPEJADO,ESCOLAR,TRAMO RECTO,PLANA ,ASFALTADA,,,,,EN PROCESO DE INVESTIGACIÓN,NO CUENTA CON CAUSA ESPECIFICA,19.0,1,2022.0,9.0,6.0,1,3,3,0,1.0,0.0,0.0,1.0,0,0,54.0,15.556349186104045,0,0,3,0.0,0.0,1
A-2022-09-66,2022-09-11,23:34,CHOQUE,1,0,0,CUSCO,CANAS,KUNTURKANKI,RURAL,CARRETERA,NACIONAL,PE-34F,-14.547866,-71.297084,,,,,,,,,,EN PROCESO DE INVESTIGACIÓN,NO CUENTA CON CAUSA ESPECIFICA,23.0,0,2022.0,9.0,6.0,1,3,3,1,0.0,1.0,1.0,2.0,0,0,35.5,7.7781745930520225,0,2,2,0.0,1.0,1
A-2022-09-150,2022-09-12,03:40,DESPISTE,1,1,1,LIMA,LIMA,LURIGANCHO,URBANA,CARRETERA,PROVINCIAL,LM-711,-11.955,-76.936241,DESPEJADO,RURAL,CURVA,INCLINADA,TROCHA,,,,,EN PROCESO DE INVESTIGACIÓN,NO CUENTA CON CAUSA ESPECIFICA,3.0,0,2022.0,9.0,0.0,0,0,3,0,0.0,1.0,2.0,3.0,0,0,59.0,12.727922061357855,0,1,2,0.0,0.5,1
A-2022-09-107,2022-09-12,08:45,ATROPELLO,1,0,0,LAMBAYEQUE,CHICLAYO,PIMENTEL,URBANA,CARRETERA,NACIONAL,PE-1N,-6.770169,-79.875999,DESPEJADO,RESIDENCIAL,TRAMO RECTO,PLANA ,ASFALTADA,,,,,EN PROCESO DE INVESTIGACIÓN,NO CUENTA CON CAUSA ESPECIFICA,8.0,0,2022.0,9.0,0.0,0,1,3,0,0.0,0.0,0.0,0.0,0,0,40.0,0.0,0,1,2,0.0,0.5,0
A-2022-09-53,2022-09-12,11:30,ATROPELLO FUGA,1,0,0,AREQUIPA,AREQUIPA,AREQUIPA,URBANA,CALLE,URBANO,NO CORRESPONDE,-16.406090488618368,-71.52999839264429,DESPEJADO,RESIDENCIAL,TRAMO RECTO,PLANA ,ASFALTADA,NO,,,SI,EN PROCESO DE INVESTIGACIÓN,NO CUENTA CON CAUSA ESPECIFICA,11.0,0,2022.0,9.0,0.0,0,1,3,0,2.0,0.0,0.0,2.0,0,1,65.0,8.48528137423857,0,1,2,0.0,0.5,0
A-2022-09-106,2022-09-12,12:00,ESPECIAL,1,0,0,LAMBAYEQUE,CHICLAYO,SAÑA,RURAL,CARRETERA,PROVINCIAL,LA-817,-6.95035,-79.577458,DESPEJADO,RURAL,TRAMO RECTO,PLANA ,TROCHA,,,,,EN PROCESO DE INVESTIGACIÓN,NO CUENTA CON CAUSA ESPECIFICA,12.0,0,2022.0,9.0,0.0,0,2,3,0,0.0,0.0,2.0,2.0,0,0,40.0,16.97056274847714,0,0,2,0.0,0.0,0
A-2022-09-184,2022-09-12,17:00,CHOQUE,1,0,0,AYACUCHO,HUANTA,SIVIA,URBANA,CARRETERA,NACIONAL,PE-28H,-12.51206576,-73.85891497,DESPEJADO,RURAL,TRAMO RECTO,PLANA ,ASFALTADA,,,,,IMPRUDENCIA DEL CONDUCTOR,OTRO (IMPRUDENCIA DEL CONDUCTOR),17.0,0,2022.0,9.0,0.0,0,2,3,1,0.0,0.0,0.0,0.0,0,0,24.0,20.42057785666214,0,2,3,0.0,0.667,0
A-2022-09-47,2022-09-12,20:20,ATROPELLO,1,0,1,LA LIBERTAD,TRUJILLO,HUANCHACO,RURAL,CARRETERA,NACIONAL,PE-1N,-7.987828,-79.076388,DESPEJADO,INDUSTRIAL,TRAMO RECTO,PLANA ,ASFALTADA,,,,,EN PROCESO DE INVESTIGACIÓN,NO CUENTA CON CAUSA ESPECIFICA,20.0,0,2022.0,9.0,0.0,0,3,3,0,0.0,0.0,0.0,0.0,0,0,37.0,0.0,0,1,2,0.0,0.5,1
A-2022-09-86,2022-09-13,13:24,CHOQUE,1,0,2,CUSCO,ESPINAR,PALLPATA,RURAL,CARRETERA,NACIONAL,PE-3SG,-14.880277,-71.216049,SOLEADO,RURAL,CURVA,PLANA ,ASFALTADA,,,,,IMPRUDENCIA DEL CONDUCTOR,EXCESO DE VELOCIDAD,13.0,0,2022.0,9.0,1.0,0,2,3,1,0.0,0.0,0.0,0.0,0,0,41.0,16.97056274847714,0,0,2,0.0,0.0,0
A-2022-09-180,2022-09-13,15:10,ATROPELLO,1,0,1,LIMA,LIMA,LIMA,URBANA,AVENIDA,URBANO,NO CORRESPONDE,-12.0354463,-77.0640444,DESPEJADO,COMERCIAL,TRAMO RECTO,PLANA ,ASFALTADA,,,,,IMPRUDENCIA DEL CONDUCTOR,OTRO (IMPRUDENCIA DEL CONDUCTOR),15.0,0,2022.0,9.0,1.0,0,2,3,0,1.0,0.0,0.0,1.0,0,0,54.5,40.30508652763321,0,1,2,0.0,0.5,0
A-2022-09-76,2022-09-13,18:30,CHOQUE,1,2,2,ANCASH,CARHUAZ,TINCO,RURAL,CARRETERA,NACIONAL,PE-3N,-9.272423427454903,-77.65352364408837,DESPEJADO,RURAL,CURVA,INCLINADA,ASFALTADA,,,,,IMPRUDENCIA DEL CONDUCTOR,ADELANTAR INDEBIDAMENTE,18.0,0,2022.0,9.0,1.0,0,3,3,0,0.0,1.0,0.0,1.0,0,0,31.0,18.34847859269718,0,0,4,0.0,0.0,1
A-2022-09-207,2022-09-13,21:40,DESPISTE,1,1,0,LIMA,LIMA,VILLA EL SALVADOR,URBANA,AVENIDA,URBANO,NO CORRESPONDE,-12.210523826851905,-76.9609990769496,DESPEJADO,COMERCIAL,TRAMO RECTO,PLANA ,ASFALTADA,,,,,EN PROCESO DE INVESTIGACIÓN,NO CUENTA CON CAUSA ESPECIFICA,21.0,0,2022.0,9.0,1.0,0,3,3,0,1.0,0.0,0.0,1.0,0,0,21.5,0.7071067811865476,0,0,2,0.0,0.0,1
A-2022-09-159,2022-09-14,01:00,DESPISTE,2,1,0,ANCASH,SANTA,MORO,RURAL,CARRETERA,DEPARTAMENTAL,AN-104,-9.10332433757847,-78.06845025203265,DESPEJADO,RURAL,SINUOSA,INCLINADA,TROCHA,,,,,EN PROCESO DE INVESTIGACIÓN,NO CUENTA CON CAUSA ESPECIFICA,1.0,1,2022.0,9.0,2.0,0,0,3,0,0.0,1.0,2.0,3.0,0,0,52.0,13.892443989449804,0,1,3,0.0,0.333,1
A-2022-09-43,2022-09-14,05:38,ATROPELLO,1,0,1,SAN MARTIN,MOYOBAMBA,JEPELACIO,RURAL,CARRETERA,NACIONAL,PE-5N,-6.166125,-76.835254,DESPEJADO,RURAL,TRAMO RECTO,PLANA ,CONCRETO,,,,,IMPRUDENCIA DEL PEATÓN,OTRO (IMPRUDENCIA DEL PEATÓN),5.0,0,2022.0,9.0,2.0,0,0,3,2,0.0,0.0,0.0,0.0,0,0,55.0,14.142135623730951,0,1,2,0.0,0.5,1
A-2022-09-56,2022-09-14,08:00,CHOQUE CON OBJETO FIJO,1,0,0,AREQUIPA,AREQUIPA,LA JOYA,URBANA,OTRO,URBANO,NO CORRESPONDE,-16.430721,-71.831583,DESPEJADO,RURAL,OTRO,INCLINADA,CONCRETO,,,,,EN PROCESO DE INVESTIGACIÓN,NO CUENTA CON CAUSA ESPECIFICA,8.0,0,2022.0,9.0,2.0,0,1,3,0,2.0,1.0,0.0,3.0,0,0,29.0,0.0,0,0,1,0.0,0.0,0
A-2022-09-146,2022-09-14,12:00,DESPISTE,2,0,1,LIMA,OYON,OYON,RURAL,CARRETERA,NACIONAL,PE-18,-10.688409322162904,-76.73704985468738,DESPEJADO,RURAL,CURVA,INCLINADA,CONCRETO,,,,,IMPERICIA DEL CONDUCTOR,,12.0,1,2022.0,9.0,2.0,0,2,3,0,0.0,1.0,0.0,1.0,0,0,42.5,3.5355339059327378,0,0,2,0.0,0.0,0
A-2022-09-78,2022-09-14,17:20,ATROPELLO,1,0,1,CUSCO,ANTA,ANTA,RURAL,CARRETERA,NACIONAL,PE-3S,-13.4853890121181,-72.1671185752288,DESPEJADO,RURAL,TRAMO RECTO,PLANA ,ASFALTADA,NO,,,NO,IMPRUDENCIA DEL CONDUCTOR,EXCESO DE VELOCIDAD,17.0,0,2022.0,9.0,2.0,0,2,3,1,0.0,0.0,0.0,0.0,0,2,42.0,8.48528137423857,0,1,2,0.0,0.5,0
A-2022-09-250,2022-09-14,18:46,DESPISTE,1,0,0,LORETO,MAYNAS,IQUITOS,URBANA,AVENIDA,URBANO,NO CORRESPONDE,-3.75501297744197,-73.2501939514765,DESPEJADO,COMERCIAL,INTERSECCIÓN,PLANA ,ASFALTADA,,,,,IMPRUDENCIA DEL CONDUCTOR,EXCESO DE VELOCIDAD,18.0,0,2022.0,9.0,2.0,0,3,3,2,1.0,0.0,0.0,1.0,0,0,29.0,0.0,0,0,1,0.0,0.0,1
A-2022-09-48,2022-09-15,00:20,DESPISTE,1,0,1,LA LIBERTAD,TRUJILLO,HUANCHACO,URBANA,CARRETERA,NACIONAL,PE-1N,-8.081512,-79.094993,DESPEJADO,COMERCIAL,TRAMO RECTO,PLANA ,ASFALTADA,,,,,IMPRUDENCIA DEL CONDUCTOR,DESACATO DE SEÑAL DE TRÁNSITO,0.0,0,2022.0,9.0,3.0,0,0,3,0,0.0,0.0,0.0,0.0,0,0,34.0,0.0,0,1,1,0.0,1.0,1
A-2022-09-105,2022-09-15,19:10,CHOQUE,1,0,2,LAMBAYEQUE,LAMBAYEQUE,MOTUPE,RURAL,CARRETERA,NACIONAL,PE-1NJ,-6.092057,-79.702956,DESPEJADO,RURAL,TRAMO RECTO,PLANA ,ASFALTADA,,,,,EN PROCESO DE INVESTIGACIÓN,NO CUENTA CON CAUSA ESPECIFICA,19.0,0,2022.0,9.0,3.0,0,3,3,0,0.0,0.0,0.0,0.0,0,0,48.5,26.16295090390226,0,0,2,0.0,0.0,1
A-2022-09-179,2022-09-16,03:40,ATROPELLO,1,0,0,CAJAMARCA,JAEN,JAEN,URBANA,CARRETERA,NACIONAL,PE-5N,-5.69136,-78.796985,DESPEJADO,RESIDENCIAL,TRAMO RECTO,PLANA ,ASFALTADA,,,,,EN PROCESO DE INVESTIGACIÓN,NO CUENTA CON CAUSA ESPECIFICA,3.0,0,2022.0,9.0,4.0,0,0,3,1,0.0,0.0,0.0,0.0,0,0,37.0,0.0,0,0,2,0.0,0.0,1
A-2022-09-62,2022-09-16,10:00,DESPISTE,6,0,1,LA LIBERTAD,PATAZ,PATAZ,RURAL,CARRETERA,SIN CLASIFICAR,SIN CLASIFICAR,-7.741712,-77.61664,DESPEJADO,RURAL,TRAMO RECTO,PLANA ,TROCHA,,,,,INFRAESTRUCTURA Y ENTORNO VIAL,FACTOR AMBIENTAL,10.0,2,2022.0,9.0,4.0,0,1,3,0,0.0,0.0,2.0,2.0,0,0,30.333333333333332,15.357951252255836,0,1,6,0.0,0.167,0
A-2022-09-58,2022-09-16,12:50,CHOQUE,1,0,2,LA LIBERTAD,CHEPEN,CHEPEN,RURAL,CARRETERA,NACIONAL,PE-08,-7.28922,-79.318503,DESPEJADO,RURAL,TRAMO RECTO,PLANA ,ASFALTADA,,,,,IMPRUDENCIA DEL CONDUCTOR,NO ESTABLECER EL DERECHO DE PASO,12.0,0,2022.0,9.0,4.0,0,2,3,0,0.0,0.0,0.0,0.0,0,0,57.5,14.849242404917497,0,1,2,0.0,0.5,0
A-2022-09-61,2022-09-16,19:10,ATROPELLO,1,0,1,CUSCO,URUBAMBA,URUBAMBA,URBANA,CARRETERA,NACIONAL,PE-28B,-13.31146,-72.10569,DESPEJADO,RESIDENCIAL,TRAMO RECTO,PLANA ,ASFALTADA,,,,,IMPRUDENCIA DEL CONDUCTOR,CONDUCIR EN ESTADO DE EBRIEDAD Y/O DROGADICCIÓN,19.0,0,2022.0,9.0,4.0,0,3,3,1,0.0,0.0,0.0,0.0,0,0,54.0,33.94112549695428,1,0,2,0.5,0.0,1
A-2022-09-166,2022-09-16,23:00,CHOQUE,1,0,1,TACNA,TACNA,TACNA,RURAL,CARRETERA,NACIONAL,PE-1S,-18.093488,-70.308857,DESPEJADO,RURAL,TRAMO RECTO,PLANA ,ASFALTADA,,,,,IMPRUDENCIA DEL CONDUCTOR,CONDUCIR EN ESTADO DE EBRIEDAD Y/O DROGADICCIÓN,23.0,0,2022.0,9.0,4.0,0,3,3,0,0.0,0.0,0.0,0.0,0,0,58.0,7.0710678118654755,0,1,2,0.0,0.5,1
A-2022-09-89,2022-09-17,01:30,DESPISTE,1,1,1,CUSCO,CHUMBIVILCAS,VELILLE,RURAL,CARRETERA,NACIONAL,PE-3SW,-14.647346650448808,-71.74718137447346,DESPEJADO,RURAL,CURVA,INCLINADA,ASFALTADA,SI,PREVENTIVA (P),PREVENTIVA (P),NO,IMPERICIA DEL CONDUCTOR,,1.0,0,2022.0,9.0,5.0,1,0,3,1,0.0,1.0,0.0,1.0,0,1,34.666666666666664,26.08320021265284,0,1,3,0.0,0.333,1
A-2022-09-181,2022-09-17,03:20,CHOQUE,1,0,1,CALLAO,CALLAO,CALLAO,URBANA,CARRETERA,NACIONAL,PE-20,-11.959308,-77.128291,DESPEJADO,INDUSTRIAL,TRAMO RECTO,PLANA ,ASFALTADA,SI,REGULADORA (R),,SI,IMPRUDENCIA DEL CONDUCTOR,CONDUCIR EN ESTADO DE EBRIEDAD Y/O DROGADICCIÓN,3.0,0,2022.0,9.0,5.0,1,0,3,0,0.0,0.0,0.0,0.0,0,0,35.0,0.0,0,1,3,0.0,0.333,1