CODIGO_SINIESTRO,FECHA_SINIESTRO,HORA_SINIESTRO,CLASE_SINIESTRO,CANTIDAD_FALLECIDOS,CANTIDAD_LESIONADOS,CANTIDAD_VEHICULOS,DEPARTAMENTO,PROVINCIA,DISTRITO,ZONA,TIPO_VIA,RED_VIAL,COD_CARRETERA,LATITUD,LONGITUD,CONDICION_CLIMATICA,ZONIFICACION,CARACTERISTICAS_VIA,PERFIL_VIA,SUPERFICIE_CALZADA,EXISTE_SENIAL_VERTICAL,CLASIFICACION_SENIAL_VERTICAL_1,CLASIFICACION_SENIAL_VERTICAL_2,EXISTE_SENIAL_HORIZONTAL,CAUSA_FACTOR_PRINCIPAL,CAUSA_ESPECIFICA,HORA,severidad,ANIO,MES,DIA_SEMANA,FIN_SEMANA,FRANJA_HORARIA,TEMPORADA,MACROREGION,TIPO_VIA_SCORE,PERFIL_VIA_SCORE,SUPERFICIE_CALZADA_SCORE,RIESGO_INFRAESTRUCTURA,RIESGO_CLIMATICO,SENIALIZACION_DEFICIENTE,EDAD_PROMEDIO,EDAD_STD,TOTAL_ALCOHOL,TOTAL_LICENCIA,TOTAL_PERSONAS,PCT_ALCOHOL,PCT_LICENCIA,ES_NOCHE
A-2022-09-142,2022-09-17,03:43,ATROPELLO FUGA,1,0,0,PUNO,SAN ROMAN,SAN MIGUEL,URBANA,CARRETERA,NACIONAL,PE-34H,-15.4741577,-70.1138208,DESPEJADO,COMERCIAL,TRAMO RECTO,PLANA ,ASFALTADA,,,,,IMPRUDENCIA DEL CONDUCTOR,EXCESO DE VELOCIDAD,3.0,0,2022.0,9.0,5.0,1,0,3,1,0.0,0.0,0.0,0.0,0,0,22.0,0.0,0,0,2,0.0,0.0,1
A-2022-09-193,2022-09-17,04:30,CHOQUE,1,0,2,CAJAMARCA,SAN IGNACIO,CHIRINOS,RURAL,CARRETERA,NACIONAL,PE-5N,-5.256299,-78.823819,DESPEJADO,RURAL,CURVA,INCLINADA,ASFALTADA,NO,,,SI,EN PROCESO DE INVESTIGACIÓN,NO CUENTA CON CAUSA ESPECIFICA,4.0,0,2022.0,9.0,5.0,1,0,3,1,0.0,1.0,0.0,1.0,0,1,34.5,10.606601717798213,0,0,2,0.0,0.0,1
A-2022-09-119,2022-09-17,07:00,ATROPELLO FUGA,1,0,0,ANCASH,YUNGAY,YUNGAY,URBANA,CARRETERA,NACIONAL,PE-3N,-9.141556235369022,-77.74627407668684,DESPEJADO,RURAL,TRAMO RECTO,PLANA ,ASFALTADA,,,,,EN PROCESO DE INVESTIGACIÓN,NO CUENTA CON CAUSA ESPECIFICA,7.0,0,2022.0,9.0,5.0,1,1,3,0,0.0,0.0,0.0,0.0,0,0,39.0,0.0,0,0,2,0.0,0.0,0
A-2022-09-242,2022-09-17,11:30,DESPISTE,2,5,1,HUANCAVELICA,HUAYTARA,PILPICHACA,RURAL,CARRETERA,NACIONAL,PE-28E,-13.324067,-75.007877,DESPEJADO,RURAL,TRAMO RECTO,PLANA ,TROCHA,,,,,IMPRUDENCIA DEL CONDUCTOR,FATIGA Y/O CANSANCIO,11.0,1,2022.0,9.0,5.0,1,1,3,1,0.0,0.0,2.0,2.0,0,0,36.333333333333336,11.015141094572204,0,1,7,0.0,0.143,0
A-2022-09-177,2022-09-17,18:40,CHOQUE,1,2,2,CAJAMARCA,HUALGAYOC,BAMBAMARCA,URBANA,CARRETERA,NACIONAL,PE-3N,-6.65279051917876,-78.5430953793554,DESPEJADO,RESIDENCIAL,TRAMO RECTO,PLANA ,ASFALTADA,,,,,EN PROCESO DE INVESTIGACIÓN,NO CUENTA CON CAUSA ESPECIFICA,18.0,0,2022.0,9.0,5.0,1,3,3,1,0.0,0.0,0.0,0.0,0,0,30.666666666666668,9.71253485622231,0,0,3,0.0,0.0,1
A-2022-09-256,2022-09-17,18:50,ATROPELLO,1,0,0,JUNIN,SATIPO,SATIPO,URBANA,CARRETERA,NACIONAL,PE-24A,-11.2436331,-74.6357376,DESPEJADO,COMERCIAL,INTERSECCIÓN,PLANA ,ASFALTADA,,,,,IMPRUDENCIA DEL PEATÓN,CRUCE INDEBIDO POR LA CALZADA,18.0,0,2022.0,9.0,5.0,1,3,3,1,0.0,0.0,0.0,0.0,0,0,42.0,7.0710678118654755,0,1,2,0.0,0.5,1
A-2022-09-167,2022-09-17,21:49,ATROPELLO FUGA,1,0,1,TACNA,TACNA,CORONEL GREGORIO ALBARRACIN LANCHIPA,URBANA,AVENIDA,URBANO,NO CORRESPONDE,-18.047503,-70.256461,DESPEJADO,COMERCIAL,INTERSECCIÓN,PLANA ,ASFALTADA,,,,,EN PROCESO DE INVESTIGACIÓN,NO CUENTA CON CAUSA ESPECIFICA,21.0,0,2022.0,9.0,5.0,1,3,3,0,1.0,0.0,0.0,1.0,0,0,70.0,0.0,0,0,2,0.0,0.0,1
A-2022-09-64,2022-09-17,22:00,DESPISTE,1,3,1,LA LIBERTAD,OTUZCO,OTUZCO,RURAL,CARRETERA,DEPARTAMENTAL,LI-114,-7.897976195900697,-78.55427114356121,DESPEJADO,RURAL,TRAMO RECTO,PLANA ,ASFALTADA,,,,,EN PROCESO DE INVESTIGACIÓN,NO CUENTA CON CAUSA ESPECIFICA,22.0,0,2022.0,9.0,5.0,1,3,3,0,0.0,0.0,0.0,0.0,0,0,41.5,27.294688127912362,0,0,4,0.0,0.0,1
A-2022-09-75,2022-09-17,23:30,CHOQUE,1,0,2,SAN MARTIN,RIOJA,RIOJA,URBANA,CARRETERA,NACIONAL,PE-5N,-6.053877,-77.163105,DESPEJADO,COMERCIAL,TRAMO RECTO,PLANA ,ASFALTADA,,,,,IMPRUDENCIA DEL CONDUCTOR,OTRO (IMPRUDENCIA DEL CONDUCTOR),23.0,0,2022.0,9.0,5.0,1,3,3,2,0.0,0.0,0.0,0.0,0,0,35.0,16.97056274847714,0,1,2,0.0,0.5,1
A-2022-09-178,2022-09-18,05:00,CAÍDA DE PASAJERO,1,0,1,CAJAMARCA,SAN MARCOS,PEDRO GALVEZ,RURAL,CARRETERA,NACIONAL,PE-3N,-7.29905,-78.198676,DESPEJADO,RURAL,TRAMO RECTO,PLANA ,ASFALTADA,,,,,EN PROCESO DE INVESTIGACIÓN,NO CUENTA CON CAUSA ESPECIFICA,5.0,0,2022.0,9.0,6.0,1,0,3,1,0.0,0.0,0.0,0.0,0,0,54.0,0.0,0,0,2,0.0,0.0,1
A-2022-09-228,2022-09-18,05:20,CHOQUE,1,0,1,PIURA,SECHURA,VICE,RURAL,CARRETERA,NACIONAL,PE-1NK,-5.469913,-80.82344,DESPEJADO,RURAL,TRAMO RECTO,PLANA ,ASFALTADA,,,,,IMPRUDENCIA DEL CONDUCTOR,CONDUCIR EN ESTADO DE EBRIEDAD Y/O DROGADICCIÓN,5.0,0,2022.0,9.0,6.0,1,0,3,0,0.0,0.0,0.0,0.0,0,0,33.0,15.556349186104045,1,1,2,0.5,0.5,1
A-2022-09-63,2022-09-18,06:20,DESPISTE,1,0,1,HUANUCO,LEONCIO PRADO,CASTILLO GRANDE,URBANA,CARRETERA,PROVINCIAL,HU-556,-9.297458,-76.007617,DESPEJADO,RESIDENCIAL,CURVA,PLANA ,CONCRETO,,,,,EN PROCESO DE INVESTIGACIÓN,NO CUENTA CON CAUSA ESPECIFICA,6.0,0,2022.0,9.0,6.0,1,1,3,1,0.0,0.0,0.0,0.0,0,0,27.0,0.0,0,1,1,0.0,1.0,0
A-2022-09-55,2022-09-18,06:40,CHOQUE,2,0,2,PUNO,EL COLLAO,PILCUYO,RURAL,CARRETERA,NACIONAL,PE-3S,-16.160358801219843,-69.54606419761319,DESPEJADO,RURAL,TRAMO RECTO,PLANA ,ASFALTADA,,,,,IMPRUDENCIA DEL CONDUCTOR,OTRO (IMPRUDENCIA DEL CONDUCTOR),6.0,1,2022.0,9.0,6.0,1,1,3,1,0.0,0.0,0.0,0.0,0,0,47.666666666666664,21.1266025033211,0,2,3,0.0,0.667,0
A-2022-09-267,2022-09-18,08:00,ATROPELLO,1,0,0,TACNA,TARATA,TARATA,RURAL,CARRETERA,PROVINCIAL,TA-561,-17.284072339226906,-69.71149416272321,DESPEJADO,RURAL,TRAMO RECTO,PLANA ,AFIRMADO,,,,,IMPRUDENCIA DEL PEATÓN,CRUCE INDEBIDO POR LA CALZADA,8.0,0,2022.0,9.0,6.0,1,1,3,0,0.0,0.0,1.0,1.0,0,0,21.0,26.870057685088806,1,1,2,0.5,0.5,0
A-2022-09-87,2022-09-18,09:30,DESPISTE,1,0,1,CUSCO,CANCHIS,MARANGANI,RURAL,CARRETERA,NACIONAL,PE-3S,-14.349923,-71.177755,DESPEJADO,RURAL,CURVA,PLANA ,ASFALTADA,NO,,,NO,IMPRUDENCIA DEL CONDUCTOR,CONDUCIR EN ESTADO DE EBRIEDAD Y/O DROGADICCIÓN,9.0,0,2022.0,9.0,6.0,1,1,3,1,0.0,0.0,0.0,0.0,0,2,22.0,0.0,0,0,1,0.0,0.0,0
A-2022-09-148,2022-09-18,11:25,VOLCADURA,1,0,1,PUNO,SAN ROMAN,JULIACA,URBANA,AVENIDA,URBANO,NO CORRESPONDE,-15.496434659016922,-70.11551909267008,DESPEJADO,RESIDENCIAL,INTERSECCIÓN,PLANA ,ASFALTADA,,,,,IMPRUDENCIA DEL CONDUCTOR,EXCESO DE VELOCIDAD,11.0,0,2022.0,9.0,6.0,1,1,3,1,1.0,0.0,0.0,1.0,0,0,23.0,0.0,0,0,1,0.0,0.0,0
A-2022-09-143,2022-09-18,18:40,CHOQUE,1,0,2,PUNO,SAN ANTONIO DE PUTINA,QUILCAPUNCU,RURAL,CARRETERA,NACIONAL,PE-34H,-14.840342,-69.658276,DESPEJADO,RURAL,TRAMO RECTO,PLANA ,ASFALTADA,,,,,IMPRUDENCIA DEL CONDUCTOR,EXCESO DE VELOCIDAD,18.0,0,2022.0,9.0,6.0,1,3,3,1,0.0,0.0,0.0,0.0,0,0,30.5,14.849242404917497,0,0,2,0.0,0.0,1
A-2022-09-147,2022-09-18,18:50,CHOQUE,2,0,3,PUNO,LAMPA,CALAPUJA,RURAL,CARRETERA,NACIONAL,PE-3S,-15.3039903,-70.2346426,DESPEJADO,RURAL,CURVA,PLANA ,ASFALTADA,,,,,IMPRUDENCIA DEL CONDUCTOR,EXCESO DE VELOCIDAD,18.0,1,2022.0,9.0,6.0,1,3,3,1,0.0,0.0,0.0,0.0,0,0,48.8,18.308467986153293,0,3,5,0.0,0.6,1
A-2022-09-206,2022-09-18,18:50,ATROPELLO FUGA,1,0,0,LIMA,LIMA,ATE,URBANA,AVENIDA,URBANO,NO CORRESPONDE,-12.060423,-76.966538,DESPEJADO,RESIDENCIAL,TRAMO RECTO,PLANA ,ASFALTADA,,,,,EN PROCESO DE INVESTIGACIÓN,NO CUENTA CON CAUSA ESPECIFICA,18.0,0,2022.0,9.0,6.0,1,3,3,0,1.0,0.0,0.0,1.0,0,0,39.0,0.0,0,0,2,0.0,0.0,1
A-2022-09-96,2022-09-18,21:00,CHOQUE,1,0,2,LAMBAYEQUE,CHICLAYO,CAYALTI,RURAL,CARRETERA,NACIONAL,PE-1NI,-6.909578,-79.5756,DESPEJADO,RURAL,TRAMO RECTO,PLANA ,ASFALTADA,,,,,EN PROCESO DE INVESTIGACIÓN,NO CUENTA CON CAUSA ESPECIFICA,21.0,0,2022.0,9.0,6.0,1,3,3,0,0.0,0.0,0.0,0.0,0,0,24.0,0.0,0,0,2,0.0,0.0,1
A-2022-09-225,2022-09-18,21:30,CHOQUE,1,1,2,HUANUCO,PACHITEA,MOLINO,RURAL,CARRETERA,DEPARTAMENTAL,HU-112,-9.94383691980763,-76.0343116257224,DESPEJADO,RURAL,CURVA,INCLINADA,AFIRMADO,,,,,IMPRUDENCIA DEL CONDUCTOR,EXCESO DE VELOCIDAD,21.0,0,2022.0,9.0,6.0,1,3,3,1,0.0,1.0,1.0,2.0,0,0,21.0,3.605551275463989,0,1,3,0.0,0.333,1
A-2022-09-182,2022-09-19,04:35,ATROPELLO FUGA,1,0,0,CALLAO,CALLAO,CALLAO,URBANA,AVENIDA,URBANO,NO CORRESPONDE,-12.0257457,-77.142149113,DESPEJADO,INDUSTRIAL,TRAMO RECTO,PLANA ,ASFALTADA,NO,,,SI,EN PROCESO DE INVESTIGACIÓN,NO CUENTA CON CAUSA ESPECIFICA,4.0,0,2022.0,9.0,0.0,0,0,3,0,1.0,0.0,0.0,1.0,0,1,34.0,0.0,0,0,2,0.0,0.0,1
A-2022-09-205,2022-09-19,06:50,CHOQUE,1,0,0,LIMA,LIMA,CARABAYLLO,URBANA,AVENIDA,URBANO,NO CORRESPONDE,-11.838112443364022,-76.99880721250705,DESPEJADO,INDUSTRIAL,TRAMO RECTO,PLANA ,ASFALTADA,,,,,EN PROCESO DE INVESTIGACIÓN,NO CUENTA CON CAUSA ESPECIFICA,6.0,0,2022.0,9.0,0.0,0,1,3,0,1.0,0.0,0.0,1.0,0,0,35.0,12.727922061357855,0,1,2,0.0,0.5,0
A-2022-09-144,2022-09-19,10:00,CHOQUE,2,7,4,PUNO,SAN ROMAN,JULIACA,URBANA,CARRETERA,NACIONAL,PE-34A,-15.5248121,-70.1823854,DESPEJADO,RURAL,TRAMO RECTO,PLANA ,ASFALTADA,,,,,IMPRUDENCIA DEL CONDUCTOR,EXCESO DE VELOCIDAD,10.0,1,2022.0,9.0,0.0,0,1,3,1,0.0,0.0,0.0,0.0,0,0,35.5,10.855106325289187,0,3,11,0.0,0.273,0
A-2022-09-73,2022-09-19,18:00,DESPISTE,3,1,1,LA LIBERTAD,SANTIAGO DE CHUCO,SANTIAGO DE CHUCO,RURAL,CARRETERA,SIN CLASIFICAR,SIN CLASIFICAR,-8.387733,-78.30864,DESPEJADO,RURAL,TRAMO RECTO,PLANA ,AFIRMADO,,,,,IMPRUDENCIA DEL CONDUCTOR,OTRO (IMPRUDENCIA DEL CONDUCTOR),18.0,2,2022.0,9.0,0.0,0,3,3,0,0.0,0.0,1.0,1.0,0,0,35.0,13.316656236958787,0,1,4,0.0,0.25,1
A-2022-09-124,2022-09-19,19:50,DESPISTE,1,1,1,CUSCO,CUSCO,CUSCO,RURAL,CARRETERA,NACIONAL,PE-3S,-13.5039,-72.03,DESPEJADO,RURAL,CURVA,PLANA ,ASFALTADA,,,,,EN PROCESO DE INVESTIGACIÓN,NO CUENTA CON CAUSA ESPECIFICA,19.0,0,2022.0,9.0,0.0,0,3,3,1,0.0,0.0,0.0,0.0,0,0,65.0,7.0710678118654755,0,1,2,0.0,0.5,1
A-2022-09-247,2022-09-19,20:00,CHOQUE,1,0,2,PIURA,PIURA,TAMBO GRANDE,URBANA,CARRETERA,NACIONAL,PE-1NU,-4.930085923710307,-80.34309258528504,DESPEJADO,RURAL,INTERSECCIÓN,PLANA ,ASFALTADA,SI,REGULADORA (R),,NO,EN PROCESO DE INVESTIGACIÓN,NO CUENTA CON CAUSA ESPECIFICA,20.0,0,2022.0,9.0,0.0,0,3,3,0,0.0,0.0,0.0,0.0,0,1,27.5,7.7781745930520225,0,1,2,0.0,0.5,1
A-2022-09-218,2022-09-19,20:40,VOLCADURA,1,0,0,CAJAMARCA,CELENDIN,CELENDIN,URBANA,JIRÓN,URBANO,NO CORRESPONDE,-6.8650818,-78.1441646,DESPEJADO,RESIDENCIAL,TRAMO RECTO,PLANA ,CONCRETO,SI,REGULADORA (R),,SI,EN PROCESO DE INVESTIGACIÓN,NO CUENTA CON CAUSA ESPECIFICA,20.0,0,2022.0,9.0,0.0,0,3,3,1,1.0,0.0,0.0,1.0,0,0,18.0,0.0,0,0,2,0.0,0.0,1
A-2022-09-239,2022-09-19,21:30,ATROPELLO FUGA,1,0,0,JUNIN,HUANCAYO,HUAYUCACHI,URBANA,JIRÓN,URBANO,NO CORRESPONDE,-12.134915250942027,-75.22172819227636,DESPEJADO,RURAL,TRAMO RECTO,PLANA ,ASFALTADA,,,,,IMPRUDENCIA DEL CONDUCTOR,OTRO (IMPRUDENCIA DEL CONDUCTOR),21.0,0,2022.0,9.0,0.0,0,3,3,1,1.0,0.0,0.0,1.0,0,0,50.0,0.0,0,0,2,0.0,0.0,1
A-2022-09-257,2022-09-20,00:02,DESPISTE,1,1,0,PASCO,OXAPAMPA,VILLA RICA,RURAL,CARRETERA,NACIONAL,PE-5N,-10.743858820997618,-75.28328704496644,DESPEJADO,RURAL,CURVA,INCLINADA,TROCHA,,,,,IMPRUDENCIA DEL CONDUCTOR,FATIGA Y/O CANSANCIO,0.0,0,2022.0,9.0,1.0,0,0,3,1,0.0,1.0,2.0,3.0,0,0,42.0,5.656854249492381,0,1,2,0.0,0.5,1
A-2022-09-161,2022-09-20,05:20,CHOQUE FUGA,1,0,0,ANCASH,SANTA,SANTA,RURAL,CARRETERA,NACIONAL,PE-1N,-8.971967,-78.619423,DESPEJADO,RURAL,TRAMO RECTO,PLANA ,ASFALTADA,,,,,EN PROCESO DE INVESTIGACIÓN,NO CUENTA CON CAUSA ESPECIFICA,5.0,0,2022.0,9.0,1.0,0,0,3,0,0.0,0.0,0.0,0.0,0,0,63.0,0.0,0,0,2,0.0,0.0,1
A-2022-09-160,2022-09-20,06:00,CHOQUE,1,1,0,ANCASH,HUARAZ,PIRA,RURAL,CARRETERA,NACIONAL,PE-14,-9.557842959279954,-77.71577080634562,DESPEJADO,RURAL,SINUOSA,INCLINADA,ASFALTADA,,,,,EN PROCESO DE INVESTIGACIÓN,NO CUENTA CON CAUSA ESPECIFICA,6.0,0,2022.0,9.0,1.0,0,1,3,0,0.0,1.0,0.0,1.0,0,0,36.0,14.798648586948742,0,1,3,0.0,0.333,0
A-2022-09-74,2022-09-20,09:00,DESPISTE,1,0,1,LA LIBERTAD,OTUZCO,USQUIL,RURAL,CARRETERA,DEPARTAMENTAL,LI-111,-7.796801,-78.379682,DESPEJADO,RURAL,CURVA,PLANA ,AFIRMADO,,,,,IMPRUDENCIA DEL CONDUCTOR,OTRO (IMPRUDENCIA DEL CONDUCTOR),9.0,0,2022.0,9.0,1.0,0,1,3,0,0.0,0.0,1.0,1.0,0,0,44.0,0.0,0,0,1,0.0,0.0,0
A-2022-09-208,2022-09-20,11:30,ATROPELLO,1,0,0,LIMA,LIMA,PACHACAMAC,URBANA,CARRETERA,PROVINCIAL,LM-796,-12.142874495771924,-76.87138038467987,DESPEJADO,ESCOLAR,TRAMO RECTO,PLANA ,ASFALTADA,,,,,EN PROCESO DE INVESTIGACIÓN,NO CUENTA CON CAUSA ESPECIFICA,11.0,0,2022.0,9.0,1.0,0,1,3,0,0.0,0.0,0.0,0.0,0,0,71.0,4.242640687119285,0,1,2,0.0,0.5,0
A-2022-09-204,2022-09-20,12:10,CHOQUE,1,3,0,LIMA,LIMA,INDEPENDENCIA,URBANA,AVENIDA,URBANO,NO CORRESPONDE,-11.96756513628016,-77.03924948691724,DESPEJADO,ESCOLAR,TRAMO RECTO,PLANA ,ASFALTADA,,,,,EN PROCESO DE INVESTIGACIÓN,NO CUENTA CON CAUSA ESPECIFICA,12.0,0,2022.0,9.0,1.0,0,2,3,0,1.0,0.0,0.0,1.0,0,0,37.4,10.08959860450355,0,1,5,0.0,0.2,0
A-2022-09-261,2022-09-20,15:00,CHOQUE,1,0,0,MADRE DE DIOS,TAMBOPATA,TAMBOPATA,URBANA,AVENIDA,URBANO,NO CORRESPONDE,-12.587775,-69.19433,,,,,,,,,,EN PROCESO DE INVESTIGACIÓN,NO CUENTA CON CAUSA ESPECIFICA,15.0,0,2022.0,9.0,1.0,0,2,3,2,1.0,1.0,1.0,3.0,0,0,65.0,8.48528137423857,0,0,2,0.0,0.0,0
A-2022-09-137,2022-09-20,15:40,ATROPELLO,1,0,1,CUSCO,QUISPICANCHI,CAMANTI,RURAL,CARRETERA,NACIONAL,PE-30C,-13.18870558,-70.56733807,SOLEADO,RURAL,PUENTE,INCLINADA,ASFALTADA,SI,PREVENTIVA (P),PREVENTIVA (P),NO,IMPRUDENCIA DEL CONDUCTOR,EXCESO DE VELOCIDAD,15.0,0,2022.0,9.0,1.0,0,2,3,1,0.0,1.0,0.0,1.0,0,1,46.0,8.48528137423857,0,1,2,0.0,0.5,0
A-2022-09-188,2022-09-21,13:30,VOLCADURA,1,2,1,CAJAMARCA,CAJAMARCA,LOS BAÑOS DEL INCA,RURAL,CARRETERA,NACIONAL,PE-08B,-7.14746,-78.410655,DESPEJADO,RURAL,CURVA,PLANA ,ASFALTADA,,,,,EN PROCESO DE INVESTIGACIÓN,NO CUENTA CON CAUSA ESPECIFICA,13.0,0,2022.0,9.0,2.0,0,2,3,1,0.0,0.0,0.0,0.0,0,0,59.333333333333336,14.46835627614047,0,0,3,0.0,0.0,0
A-2022-09-203,2022-09-21,20:00,ATROPELLO,1,0,0,LIMA,LIMA,ATE,URBANA,JIRÓN,URBANO,NO CORRESPONDE,-12.059811331753638,-76.995577766236,DESPEJADO,COMERCIAL,INTERSECCIÓN,PLANA ,ASFALTADA,,,,,EN PROCESO DE INVESTIGACIÓN,NO CUENTA CON CAUSA ESPECIFICA,20.0,0,2022.0,9.0,2.0,0,3,3,0,1.0,0.0,0.0,1.0,0,0,65.5,28.991378028648448,0,1,2,0.0,0.5,1
A-2022-09-202,2022-09-21,22:30,CHOQUE,1,0,0,LIMA,LIMA,LINCE,URBANA,AVENIDA,URBANO,NO CORRESPONDE,-12.085903792138437,-77.03538711893427,DESPEJADO,COMERCIAL,INTERSECCIÓN,PLANA ,ASFALTADA,,,,,EN PROCESO DE INVESTIGACIÓN,NO CUENTA CON CAUSA ESPECIFICA,22.0,0,2022.0,9.0,2.0,0,3,3,0,1.0,0.0,0.0,1.0,0,0,37.0,7.0710678118654755,0,2,2,0.0,1.0,1
A-2022-09-223,2022-09-22,01:40,DESPISTE,1,0,0,PIURA,PIURA,PIURA,URBANA,AVENIDA,URBANO,NO CORRESPONDE,-5.178591,-80.644672,DESPEJADO,RURAL,TRAMO RECTO,PLANA ,ASFALTADA,,,,,EN PROCESO DE INVESTIGACIÓN,NO CUENTA CON CAUSA ESPECIFICA,1.0,0,2022.0,9.0,3.0,0,0,3,0,1.0,0.0,0.0,1.0,0,0,33.0,0.0,1,0,1,1.0,0.0,1
A-2022-09-109,2022-09-22,01:45,DESPISTE,1,0,0,LAMBAYEQUE,CHICLAYO,PICSI,URBANA,CARRETERA,DEPARTAMENTAL,LA-111,-6.714112,-79.771723,DESPEJADO,RESIDENCIAL,TRAMO RECTO,PLANA ,ASFALTADA,,,,,EN PROCESO DE INVESTIGACIÓN,NO CUENTA CON CAUSA ESPECIFICA,1.0,0,2022.0,9.0,3.0,0,0,3,0,0.0,0.0,0.0,0.0,0,0,41.0,0.0,0,1,1,0.0,1.0,1
A-2022-09-145,2022-09-22,03:40,CHOQUE,1,0,2,PUNO,AZANGARO,ARAPA,RURAL,CARRETERA,DEPARTAMENTAL,PU-113,-15.1471139689651,-70.11956861573015,DESPEJADO,RURAL,TRAMO RECTO,PLANA ,ASFALTADA,,,,,IMPRUDENCIA DEL CONDUCTOR,INVASIÓN DE CARRIL,3.0,0,2022.0,9.0,3.0,0,0,3,1,0.0,0.0,0.0,0.0,0,0,44.5,21.920310216782973,0,2,2,0.0,1.0,1
A-2022-09-259,2022-09-22,08:00,CHOQUE,1,3,0,JUNIN,CHANCHAMAYO,CHANCHAMAYO,RURAL,CARRETERA,NACIONAL,PE-22B,-11.009900151796131,-75.3148358568203,DESPEJADO,RURAL,TRAMO RECTO,PLANA ,ASFALTADA,,,,,IMPRUDENCIA DEL CONDUCTOR,EXCESO DE VELOCIDAD,8.0,0,2022.0,9.0,3.0,0,1,3,1,0.0,0.0,0.0,0.0,0,0,19.6,17.586926962946084,0,1,5,0.0,0.2,0
A-2022-09-130,2022-09-22,20:50,CHOQUE,1,1,2,LA LIBERTAD,PACASMAYO,SAN PEDRO DE LLOC,RURAL,CARRETERA,NACIONAL,PE-1N,-7.452841,-79.491639,DESPEJADO,RURAL,TRAMO RECTO,PLANA ,ASFALTADA,,,,,IMPRUDENCIA DEL CONDUCTOR,OTRO (IMPRUDENCIA DEL CONDUCTOR),20.0,0,2022.0,9.0,3.0,0,3,3,0,0.0,0.0,0.0,0.0,0,0,41.666666666666664,17.009801096230763,0,2,3,0.0,0.667,1
A-2022-09-81,2022-09-22,23:00,CAÍDA DE PASAJERO,1,0,0,PUNO,CHUCUITO,POMATA,RURAL,CARRETERA,NACIONAL,PE-3S,-16.3188653,-69.2619712,DESPEJADO,RURAL,TRAMO RECTO,PLANA ,ASFALTADA,,,,,NEGLIGENCIA DEL CONDUCTOR,OTRO (NEGLIGENCIA DEL CONDUCTOR),23.0,0,2022.0,9.0,3.0,0,3,3,1,0.0,0.0,0.0,0.0,0,0,38.0,4.242640687119285,0,0,2,0.0,0.0,1
A-2022-09-213,2022-09-23,06:00,VOLCADURA,1,0,0,CAJAMARCA,JAEN,BELLAVISTA,URBANA,CARRETERA,NACIONAL,PE-02B,-5.4699993,-78.8695289,DESPEJADO,RESIDENCIAL,TRAMO RECTO,INCLINADA,ASFALTADA,,,,,EN PROCESO DE INVESTIGACIÓN,NO CUENTA CON CAUSA ESPECIFICA,6.0,0,2022.0,9.0,4.0,0,1,3,1,0.0,1.0,0.0,1.0,0,0,41.0,0.0,0,0,1,0.0,0.0,0
A-2022-09-133,2022-09-23,08:00,CHOQUE,1,0,2,LA LIBERTAD,SANTIAGO DE CHUCO,QUIRUVILCA,RURAL,CARRETERA,NACIONAL,PE-3N,-7.99038,-78.289765,DESPEJADO,RURAL,TRAMO RECTO,PLANA ,ASFALTADA,,,,,EN PROCESO DE INVESTIGACIÓN,NO CUENTA CON CAUSA ESPECIFICA,8.0,0,2022.0,9.0,4.0,0,1,3,0,0.0,0.0,0.0,0.0,0,0,35.5,19.091883092036785,0,2,2,0.0,1.0,0
A-2022-09-95,2022-09-23,09:15,CHOQUE,1,1,2,AREQUIPA,AREQUIPA,YURA,RURAL,CARRETERA,NACIONAL,PE-34A,-16.0749634,-71.3894822,DESPEJADO,RURAL,CURVA,INCLINADA,ASFALTADA,NO,,,SI,EN PROCESO DE INVESTIGACIÓN,NO CUENTA CON CAUSA ESPECIFICA,9.0,0,2022.0,9.0,4.0,0,1,3,0,0.0,1.0,0.0,1.0,0,1,37.0,3.605551275463989,0,2,3,0.0,0.667,0
A-2022-09-201,2022-09-23,20:10,CHOQUE,2,0,0,LIMA,CAÑETE,SAN VICENTE DE CAÑETE,RURAL,CARRETERA,NACIONAL,PE-1S,-13.115001207152378,-76.40609300723047,DESPEJADO,RURAL,TRAMO RECTO,PLANA ,ASFALTADA,,,,,EN PROCESO DE INVESTIGACIÓN,NO CUENTA CON CAUSA ESPECIFICA,20.0,1,2022.0,9.0,4.0,0,3,3,0,0.0,0.0,0.0,0.0,0,0,49.0,18.681541692269406,0,2,3,0.0,0.667,1
A-2022-09-93,2022-09-23,21:30,CHOQUE,1,5,4,AREQUIPA,AREQUIPA,LA JOYA,URBANA,CARRETERA,NACIONAL,PE-1S,-16.516848,-71.801721,DESPEJADO,RURAL,INTERSECCIÓN,PLANA ,ASFALTADA,NO,,,SI,EN PROCESO DE INVESTIGACIÓN,NO CUENTA CON CAUSA ESPECIFICA,21.0,0,2022.0,9.0,4.0,0,3,3,0,0.0,0.0,0.0,0.0,0,1,38.22222222222222,7.726217990999506,0,4,9,0.0,0.444,1
A-2022-09-229,2022-09-24,00:00,ATROPELLO,1,2,1,PIURA,PIURA,VEINTISEIS DE OCTUBRE,URBANA,CARRETERA,NACIONAL,PE-1N,-5.176789842275441,-80.67205087888206,DESPEJADO,COMERCIAL,TRAMO RECTO,PLANA ,ASFALTADA,,,,,IMPRUDENCIA DEL CONDUCTOR,ADELANTAR INDEBIDAMENTE,0.0,0,2022.0,9.0,5.0,1,0,3,0,0.0,0.0,0.0,0.0,0,0,29.0,18.24828759089466,1,0,3,0.333,0.0,1