CODIGO_SINIESTRO,FECHA_SINIESTRO,HORA_SINIESTRO,CLASE_SINIESTRO,CANTIDAD_FALLECIDOS,CANTIDAD_LESIONADOS,CANTIDAD_VEHICULOS,DEPARTAMENTO,PROVINCIA,DISTRITO,ZONA,TIPO_VIA,RED_VIAL,COD_CARRETERA,LATITUD,LONGITUD,CONDICION_CLIMATICA,ZONIFICACION,CARACTERISTICAS_VIA,PERFIL_VIA,SUPERFICIE_CALZADA,EXISTE_SENIAL_VERTICAL,CLASIFICACION_SENIAL_VERTICAL_1,CLASIFICACION_SENIAL_VERTICAL_2,EXISTE_SENIAL_HORIZONTAL,CAUSA_FACTOR_PRINCIPAL,CAUSA_ESPECIFICA,HORA,severidad,ANIO,MES,DIA_SEMANA,FIN_SEMANA,FRANJA_HORARIA,TEMPORADA,MACROREGION,TIPO_VIA_SCORE,PERFIL_VIA_SCORE,SUPERFICIE_CALZADA_SCORE,RIESGO_INFRAESTRUCTURA,RIESGO_CLIMATICO,SENIALIZACION_DEFICIENTE,EDAD_PROMEDIO,EDAD_STD,TOTAL_ALCOHOL,TOTAL_LICENCIA,TOTAL_PERSONAS,PCT_ALCOHOL,PCT_LICENCIA,ES_NOCHE
A-2022-09-101,2022-09-24,10:30,DESPISTE,1,0,1,ICA,ICA,ICA,URBANA,CARRETERA,NACIONAL,PE-1S,-14.080545190958231,-75.7364876418671,SOLEADO,COMERCIAL,CURVA,PLANA ,ASFALTADA,,,,,EN PROCESO DE INVESTIGACIÓN,NO CUENTA CON CAUSA ESPECIFICA,10.0,0,2022.0,9.0,5.0,1,1,3,0,0.0,0.0,0.0,0.0,0,0,23.5,26.16295090390226,0,1,2,0.0,0.5,0
A-2022-09-238,2022-09-24,11:30,ATROPELLO,1,0,0,JUNIN,HUANCAYO,CHILCA,URBANA,PASAJE,URBANO,NO CORRESPONDE,-12.08098112961666,-75.19010455229498,DESPEJADO,COMERCIAL,PASE A DESNIVEL,INCLINADA,TROCHA,,,,,EN PROCESO DE INVESTIGACIÓN,NO CUENTA CON CAUSA ESPECIFICA,11.0,0,2022.0,9.0,5.0,1,1,3,1,1.0,1.0,2.0,4.0,0,0,14.5,19.091883092036785,0,1,2,0.0,0.5,0
A-2022-09-230,2022-09-24,16:30,DESPISTE,2,1,1,JUNIN,YAULI,LA OROYA,RURAL,CARRETERA,NACIONAL,PE-3S,-11.542940888342654,-75.88567921078274,DESPEJADO,RURAL,CURVA,PLANA ,ASFALTADA,NO,,,SI,IMPRUDENCIA DEL CONDUCTOR,OTRO (IMPRUDENCIA DEL CONDUCTOR),16.0,1,2022.0,9.0,5.0,1,2,3,1,0.0,0.0,0.0,0.0,0,1,39.5,9.678154093971985,0,1,4,0.0,0.25,0
A-2022-09-110,2022-09-24,16:50,DESPISTE,5,34,1,CAJAMARCA,CHOTA,LLAMA,RURAL,CARRETERA,NACIONAL,PE-06A,-6.6197644,-79.2930539,DESPEJADO,RURAL,CURVA,PLANA ,ASFALTADA,,,,,EN PROCESO DE INVESTIGACIÓN,NO CUENTA CON CAUSA ESPECIFICA,16.0,2,2022.0,9.0,5.0,1,2,3,1,0.0,0.0,0.0,0.0,0,0,39.78378378378378,24.13519230309772,0,1,40,0.0,0.025,0
A-2022-09-102,2022-09-24,19:20,CHOQUE,1,0,2,LAMBAYEQUE,FERREÑAFE,PITIPO,RURAL,CARRETERA,DEPARTAMENTAL,LA-103,-6.479146,-79.685124,DESPEJADO,RURAL,TRAMO RECTO,PLANA ,ASFALTADA,,,,,EN PROCESO DE INVESTIGACIÓN,NO CUENTA CON CAUSA ESPECIFICA,19.0,0,2022.0,9.0,5.0,1,3,3,0,0.0,0.0,0.0,0.0,0,0,25.0,11.313708498984761,0,1,2,0.0,0.5,1
A-2022-09-85,2022-09-24,19:20,CHOQUE,1,1,2,PUNO,EL COLLAO,ILAVE,RURAL,CARRETERA,NACIONAL,PE-3S,-16.1,-69.614,DESPEJADO,RURAL,TRAMO RECTO,PLANA ,ASFALTADA,,,,,IMPRUDENCIA DEL CONDUCTOR,INVASIÓN DE CARRIL,19.0,0,2022.0,9.0,5.0,1,3,3,1,0.0,0.0,0.0,0.0,0,0,44.0,10.0,0,1,3,0.0,0.333,1
A-2022-09-226,2022-09-24,21:30,DESPISTE,3,0,0,HUANUCO,HUANUCO,CHURUBAMBA,RURAL,CARRETERA,PROVINCIAL,HU-780,-9.759239069455564,-76.21615077111132,DESPEJADO,RURAL,CURVA,INCLINADA,AFIRMADO,,,,,IMPRUDENCIA DEL CONDUCTOR,EXCESO DE VELOCIDAD,21.0,2,2022.0,9.0,5.0,1,3,3,1,0.0,1.0,1.0,2.0,0,0,22.0,5.0,0,1,3,0.0,0.333,1
A-2022-09-263,2022-09-24,22:30,VOLCADURA,1,0,0,JUNIN,SATIPO,RIO NEGRO,RURAL,CARRETERA,SIN CLASIFICAR,SIN CLASIFICAR,-11.20771760395443,-74.65547376935845,LLUVIOSO,RURAL,TRAMO RECTO,PLANA ,TROCHA,,,,,IMPRUDENCIA DEL CONDUCTOR,OTRO (IMPRUDENCIA DEL CONDUCTOR),22.0,0,2022.0,9.0,5.0,1,3,3,1,0.0,0.0,2.0,2.0,1,0,0.0,0.0,0,0,2,0.0,0.0,1
A-2022-09-211,2022-09-24,23:30,CHOQUE FUGA,1,0,0,PIURA,PIURA,CATACAOS,RURAL,CARRETERA,NACIONAL,PE-1N,-5.235008,-80.643725,,,,,,,,,,EN PROCESO DE INVESTIGACIÓN,NO CUENTA CON CAUSA ESPECIFICA,23.0,0,2022.0,9.0,5.0,1,3,3,0,0.0,1.0,1.0,2.0,0,0,31.0,0.0,0,0,1,0.0,0.0,1
A-2022-09-200,2022-09-24,23:40,ATROPELLO,1,0,0,LIMA,LIMA,SAN JUAN DE MIRAFLORES,URBANA,CARRETERA,NACIONAL,PE-1S,-12.161989629466984,-76.98187166679622,DESPEJADO,COMERCIAL,TRAMO RECTO,PLANA ,CONCRETO,,,,,EN PROCESO DE INVESTIGACIÓN,NO CUENTA CON CAUSA ESPECIFICA,23.0,0,2022.0,9.0,5.0,1,3,3,0,0.0,0.0,0.0,0.0,0,0,53.0,0.0,0,1,2,0.0,0.5,1
A-2022-09-103,2022-09-25,00:00,DESPISTE,1,0,1,ICA,ICA,SUBTANJALLA,URBANA,CARRETERA,NACIONAL,PE-1S,-14.007825733795688,-75.76587204272653,DESPEJADO,COMERCIAL,TRAMO RECTO,PLANA ,ASFALTADA,,,,,EN PROCESO DE INVESTIGACIÓN,NO CUENTA CON CAUSA ESPECIFICA,0.0,0,2022.0,9.0,6.0,1,0,3,0,0.0,0.0,0.0,0.0,0,0,33.0,0.0,1,0,1,1.0,0.0,1
A-2022-09-198,2022-09-25,00:00,ATROPELLO,1,0,0,LIMA,LIMA,LURIGANCHO,RURAL,CARRETERA,NACIONAL,PE-22,-12.02054195933565,-76.92034182449075,DESPEJADO,INDUSTRIAL,CURVA,PLANA ,ASFALTADA,,,,,EN PROCESO DE INVESTIGACIÓN,NO CUENTA CON CAUSA ESPECIFICA,0.0,0,2022.0,9.0,6.0,1,0,3,0,0.0,0.0,0.0,0.0,0,0,45.5,0.7071067811865476,0,1,2,0.0,0.5,1
A-2022-09-97,2022-09-25,03:07,ATROPELLO,1,0,1,AREQUIPA,AREQUIPA,CERRO COLORADO,URBANA,CARRETERA,NACIONAL,PE-34A,-16.340941,-71.587464,DESPEJADO,RESIDENCIAL,INTERSECCIÓN,PLANA ,ASFALTADA,NO,,,SI,EN PROCESO DE INVESTIGACIÓN,NO CUENTA CON CAUSA ESPECIFICA,3.0,0,2022.0,9.0,6.0,1,0,3,0,0.0,0.0,0.0,0.0,0,1,43.5,26.16295090390226,0,1,2,0.0,0.5,1
A-2022-09-104,2022-09-25,03:10,ATROPELLO FUGA,1,0,1,LAMBAYEQUE,LAMBAYEQUE,MOTUPE,URBANA,CARRETERA,NACIONAL,PE-1NJ,-6.264661,-79.734632,DESPEJADO,RURAL,TRAMO RECTO,PLANA ,ASFALTADA,,,,,EN PROCESO DE INVESTIGACIÓN,NO CUENTA CON CAUSA ESPECIFICA,3.0,0,2022.0,9.0,6.0,1,0,3,0,0.0,0.0,0.0,0.0,0,0,32.5,4.949747468305833,1,1,2,0.5,0.5,1
A-2022-09-134,2022-09-25,05:20,ATROPELLO FUGA,1,0,1,LA LIBERTAD,VIRU,VIRU,RURAL,CARRETERA,NACIONAL,PE-1N,-8.439653,-78.756004,DESPEJADO,RURAL,TRAMO RECTO,PLANA ,ASFALTADA,,,,,EN PROCESO DE INVESTIGACIÓN,NO CUENTA CON CAUSA ESPECIFICA,5.0,0,2022.0,9.0,6.0,1,0,3,0,0.0,0.0,0.0,0.0,0,0,0.0,0.0,0,0,2,0.0,0.0,1
A-2022-09-183,2022-09-25,07:30,DESPISTE,4,1,0,AYACUCHO,HUANTA,CHACA,RURAL,CARRETERA,DEPARTAMENTAL,AY-100,-12.801767339137706,-74.24660320779432,DESPEJADO,RURAL,SINUOSA,INCLINADA,TROCHA,,,,,IMPRUDENCIA DEL CONDUCTOR,FATIGA Y/O CANSANCIO,7.0,2,2022.0,9.0,6.0,1,1,3,1,0.0,1.0,2.0,3.0,0,0,25.6,17.938784797192923,0,1,5,0.0,0.2,0
A-2022-09-236,2022-09-25,07:30,CHOQUE,4,1,2,CUSCO,ESPINAR,OCORURO,RURAL,CARRETERA,NACIONAL,PE-34J,-15.134830209200096,-71.11232130724382,DESPEJADO,RURAL,CURVA,INCLINADA,ASFALTADA,SI,PREVENTIVA (P),,SI,IMPRUDENCIA DEL CONDUCTOR,INVASIÓN DE CARRIL,7.0,2,2022.0,9.0,6.0,1,1,3,1,0.0,1.0,0.0,1.0,0,0,38.0,14.142135623730951,0,2,6,0.0,0.333,0
A-2022-09-189,2022-09-25,08:30,DESPISTE,5,11,1,CAJAMARCA,CAJAMARCA,JESUS,RURAL,CARRETERA,PROVINCIAL,CA-1482,-7.297293,-78.332581,DESPEJADO,RURAL,CURVA,INCLINADA,AFIRMADO,,,,,EN PROCESO DE INVESTIGACIÓN,NO CUENTA CON CAUSA ESPECIFICA,8.0,2,2022.0,9.0,6.0,1,1,3,1,0.0,1.0,1.0,2.0,0,0,25.5625,15.662987156563293,0,0,16,0.0,0.0,0
A-2022-09-120,2022-09-25,10:40,DESPISTE,4,0,1,ANCASH,SIHUAS,QUICHES,RURAL,OTRO,URBANO,NO CORRESPONDE,-8.395739861175327,-77.49095499538745,NUBLADO,RURAL,CURVA,INCLINADA,TROCHA,,,,,IMPRUDENCIA DEL CONDUCTOR,CONDUCIR EN ESTADO DE EBRIEDAD Y/O DROGADICCIÓN,10.0,2,2022.0,9.0,6.0,1,1,3,0,2.0,1.0,2.0,5.0,0,0,28.5,5.686240703077327,0,1,4,0.0,0.25,0
A-2022-09-233,2022-09-25,18:25,CHOQUE,1,1,0,LORETO,MAYNAS,SAN JUAN BAUTISTA,URBANA,CALLE,URBANO,NO CORRESPONDE,-3.78787421518962,-73.2990271409315,DESPEJADO,RURAL,TRAMO RECTO,PLANA ,ASFALTADA,,,,,IMPRUDENCIA DEL CONDUCTOR,INVASIÓN DE CARRIL,18.0,0,2022.0,9.0,6.0,1,3,3,2,2.0,0.0,0.0,2.0,0,0,48.0,26.870057685088806,0,0,2,0.0,0.0,1
A-2022-09-135,2022-09-25,20:00,CHOQUE,1,0,2,LA LIBERTAD,CHEPEN,CHEPEN,RURAL,CARRETERA,NACIONAL,PE-1N,-7.225261,-79.441864,DESPEJADO,RURAL,TRAMO RECTO,PLANA ,ASFALTADA,,,,,EN PROCESO DE INVESTIGACIÓN,NO CUENTA CON CAUSA ESPECIFICA,20.0,0,2022.0,9.0,6.0,1,3,3,0,0.0,0.0,0.0,0.0,0,0,35.0,9.899494936611665,0,1,2,0.0,0.5,1
A-2022-09-199,2022-09-25,20:30,ATROPELLO,1,0,0,LIMA,LIMA,CARABAYLLO,URBANA,AVENIDA,URBANO,NO CORRESPONDE,-11.890279917189588,-77.02667528780582,DESPEJADO,COMERCIAL,TRAMO RECTO,PLANA ,ASFALTADA,,,,,EN PROCESO DE INVESTIGACIÓN,NO CUENTA CON CAUSA ESPECIFICA,20.0,0,2022.0,9.0,6.0,1,3,3,0,1.0,0.0,0.0,1.0,0,0,69.0,0.0,1,1,2,0.5,0.5,1
A-2022-09-149,2022-09-25,21:00,ATROPELLO,1,0,1,PUNO,AZANGARO,SAMAN,RURAL,CARRETERA,NACIONAL,PE-34H,-15.2986737,-70.0041685,DESPEJADO,RURAL,CURVA,PLANA ,ASFALTADA,,,,,IMPRUDENCIA DEL PEATÓN,CRUCE INDEBIDO POR LA CALZADA,21.0,0,2022.0,9.0,6.0,1,3,3,1,0.0,0.0,0.0,0.0,0,0,29.0,8.48528137423857,0,1,2,0.0,0.5,1
A-2022-09-197,2022-09-25,23:20,ATROPELLO FUGA,1,0,0,LIMA,LIMA,SAN MARTIN DE PORRES,URBANA,CARRETERA,NACIONAL,PE-1N,-12.03096,-77.056493,DESPEJADO,COMERCIAL,TRAMO RECTO,PLANA ,ASFALTADA,,,,,EN PROCESO DE INVESTIGACIÓN,NO CUENTA CON CAUSA ESPECIFICA,23.0,0,2022.0,9.0,6.0,1,3,3,0,0.0,0.0,0.0,0.0,0,0,0.0,0.0,0,0,2,0.0,0.0,1
A-2022-09-123,2022-09-25,23:30,ATROPELLO FUGA,1,0,0,CUSCO,ANTA,ANCAHUASI,RURAL,CARRETERA,NACIONAL,PE-3S,-13.443094,-72.3258691,DESPEJADO,RURAL,TRAMO RECTO,PLANA ,ASFALTADA,NO,,,NO,IMPRUDENCIA DEL CONDUCTOR,OTRO (IMPRUDENCIA DEL CONDUCTOR),23.0,0,2022.0,9.0,6.0,1,3,3,1,0.0,0.0,0.0,0.0,0,2,46.0,0.0,0,0,2,0.0,0.0,1
A-2022-09-235,2022-09-25,23:30,CHOQUE,1,0,2,CUSCO,CHUMBIVILCAS,COLQUEMARCA,RURAL,CARRETERA,DEPARTAMENTAL,CU-119,-14.309519670541135,-72.03555956055767,DESPEJADO,RURAL,TRAMO RECTO,INCLINADA,ASFALTADA,SI,PREVENTIVA (P),,SI,IMPRUDENCIA DEL CONDUCTOR,CONDUCIR EN ESTADO DE EBRIEDAD Y/O DROGADICCIÓN,23.0,0,2022.0,9.0,6.0,1,3,3,1,0.0,1.0,0.0,1.0,0,0,0.0,0.0,0,1,2,0.0,0.5,1
A-2022-09-212,2022-09-25,23:40,CHOQUE,1,0,2,PIURA,PIURA,CATACAOS,RURAL,CARRETERA,NACIONAL,PE-1N,-5.230762,-80.649735,DESPEJADO,RURAL,TRAMO RECTO,PLANA ,ASFALTADA,,,,,EN PROCESO DE INVESTIGACIÓN,NO CUENTA CON CAUSA ESPECIFICA,23.0,0,2022.0,9.0,6.0,1,3,3,0,0.0,0.0,0.0,0.0,0,0,34.0,7.0710678118654755,2,0,2,1.0,0.0,1
A-2022-09-196,2022-09-26,02:45,CHOQUE,1,2,0,LIMA,LIMA,LOS OLIVOS,URBANA,AVENIDA,URBANO,NO CORRESPONDE,-11.991499397351816,-77.07698281958683,,,,,,,,,,EN PROCESO DE INVESTIGACIÓN,NO CUENTA CON CAUSA ESPECIFICA,2.0,0,2022.0,9.0,0.0,0,0,3,0,1.0,1.0,1.0,3.0,0,0,0.0,0.0,0,0,3,0.0,0.0,1
A-2022-09-128,2022-09-26,18:10,ATROPELLO,1,0,1,CUSCO,CUSCO,SAN JERONIMO,URBANA,CARRETERA,PROVINCIAL,CU-1297,-13.55073574501743,-71.89623168881086,DESPEJADO,INDUSTRIAL,CURVA,PLANA ,TROCHA,,,,,EN PROCESO DE INVESTIGACIÓN,NO CUENTA CON CAUSA ESPECIFICA,18.0,0,2022.0,9.0,0.0,0,3,3,1,0.0,0.0,2.0,2.0,0,0,33.5,41.71930009000631,0,1,2,0.0,0.5,1
A-2022-09-195,2022-09-26,18:30,ATROPELLO,1,0,0,LIMA,LIMA,LOS OLIVOS,URBANA,CARRETERA,NACIONAL,PE-1N,-11.937325489263406,-77.07183834107147,DESPEJADO,COMERCIAL,TRAMO RECTO,PLANA ,ASFALTADA,,,,,EN PROCESO DE INVESTIGACIÓN,NO CUENTA CON CAUSA ESPECIFICA,18.0,0,2022.0,9.0,0.0,0,3,3,0,0.0,0.0,0.0,0.0,0,0,57.0,0.0,0,1,2,0.0,0.5,1
A-2022-09-214,2022-09-26,18:30,DESPISTE,1,0,0,CAJAMARCA,CUTERVO,SOCOTA,RURAL,CARRETERA,PROVINCIAL,CA-807,-6.309768,-78.731268,SOLEADO,RURAL,TRAMO RECTO,INCLINADA,AFIRMADO,,,,,EN PROCESO DE INVESTIGACIÓN,NO CUENTA CON CAUSA ESPECIFICA,18.0,0,2022.0,9.0,0.0,0,3,3,1,0.0,1.0,1.0,2.0,0,0,32.0,0.0,0,0,1,0.0,0.0,1
A-2022-09-264,2022-09-26,19:05,ATROPELLO,1,0,0,JUNIN,CHANCHAMAYO,CHANCHAMAYO,URBANA,CARRETERA,NACIONAL,PE-22B,-11.05513940839344,-75.32507095194653,SOLEADO,COMERCIAL,INTERSECCIÓN,PLANA ,ASFALTADA,,,,,IMPRUDENCIA DEL CONDUCTOR,EXCESO DE VELOCIDAD,19.0,0,2022.0,9.0,0.0,0,3,3,1,0.0,0.0,0.0,0.0,0,0,48.0,32.526911934581186,0,0,2,0.0,0.0,1
A-2022-09-111,2022-09-26,20:20,CHOQUE CON OBJETO FIJO,1,3,1,PUNO,EL COLLAO,ILAVE,RURAL,CARRETERA,PROVINCIAL,PU-1161,-16.023256,-69.46735,DESPEJADO,RURAL,CURVA,PLANA ,ASFALTADA,,,,,IMPRUDENCIA DEL CONDUCTOR,CONDUCIR EN ESTADO DE EBRIEDAD Y/O DROGADICCIÓN,20.0,0,2022.0,9.0,0.0,0,3,3,1,0.0,0.0,0.0,0.0,0,0,68.75,6.849574196011505,0,0,4,0.0,0.0,1
A-2022-09-268,2022-09-27,07:00,CHOQUE,1,1,2,TACNA,TARATA,TARATA,RURAL,CARRETERA,NACIONAL,PE-38,-17.486377064836503,-70.03535122740591,DESPEJADO,RURAL,CURVA,INCLINADA,ASFALTADA,,,,,IMPRUDENCIA DEL CONDUCTOR,EXCESO DE VELOCIDAD,7.0,0,2022.0,9.0,1.0,0,1,3,0,0.0,1.0,0.0,1.0,0,0,42.666666666666664,2.5166114784235836,0,1,3,0.0,0.333,0
A-2022-09-121,2022-09-27,08:25,DESPISTE,2,2,1,ANCASH,SIHUAS,SIHUAS,RURAL,CARRETERA,NACIONAL,PE-12A,-8.554169556512898,-77.63231125198146,DESPEJADO,RURAL,CURVA,PLANA ,ASFALTADA,,,,,EN PROCESO DE INVESTIGACIÓN,NO CUENTA CON CAUSA ESPECIFICA,8.0,1,2022.0,9.0,1.0,0,1,3,0,0.0,0.0,0.0,0.0,0,0,44.25,20.91849261618373,0,1,4,0.0,0.25,0
A-2022-09-122,2022-09-27,19:00,DESPISTE,3,10,1,CUSCO,CALCA,LARES,RURAL,CARRETERA,PROVINCIAL,CU-709,-13.022108,-72.021209,DESPEJADO,RURAL,CURVA,PLANA ,TROCHA,,,,,NEGLIGENCIA DEL CONDUCTOR,CONDUCIR CON FALLAS DE FRENOS,19.0,2,2022.0,9.0,1.0,0,3,3,1,0.0,0.0,2.0,2.0,0,0,48.714285714285715,19.487386734968897,0,1,14,0.0,0.071,1
A-2022-09-170,2022-09-27,21:15,CHOQUE,1,1,2,AMAZONAS,BAGUA,BAGUA,URBANA,AVENIDA,URBANO,NO CORRESPONDE,-5.6423699,-78.5289435,DESPEJADO,RESIDENCIAL,TRAMO RECTO,PLANA ,ASFALTADA,,,,,EN PROCESO DE INVESTIGACIÓN,NO CUENTA CON CAUSA ESPECIFICA,21.0,0,2022.0,9.0,1.0,0,3,3,2,1.0,0.0,0.0,1.0,0,0,43.0,16.09347693943108,0,0,3,0.0,0.0,1
A-2022-09-270,2022-09-28,02:00,DESPISTE,3,0,1,LIMA,CAJATAMBO,CAJATAMBO,RURAL,CARRETERA,NACIONAL,PE-16A,-10.539394113562087,-76.9222783487711,DESPEJADO,RURAL,CURVA,PLANA ,AFIRMADO,,,,,IMPRUDENCIA DEL CONDUCTOR,FATIGA Y/O CANSANCIO,2.0,2,2022.0,9.0,2.0,0,0,3,0,0.0,0.0,1.0,1.0,0,0,24.666666666666668,3.214550253664318,0,1,3,0.0,0.333,1
A-2022-09-108,2022-09-28,08:20,ATROPELLO,1,2,1,LAMBAYEQUE,CHICLAYO,LA VICTORIA,URBANA,CARRETERA,NACIONAL,PE-1N,-6.800802,-79.85263,DESPEJADO,RESIDENCIAL,TRAMO RECTO,PLANA ,ASFALTADA,,,,,EN PROCESO DE INVESTIGACIÓN,NO CUENTA CON CAUSA ESPECIFICA,8.0,0,2022.0,9.0,2.0,0,1,3,0,0.0,0.0,0.0,0.0,0,0,37.666666666666664,31.46956201368766,0,1,3,0.0,0.333,0
A-2022-09-125,2022-09-28,12:15,DESPISTE,1,2,1,CUSCO,PAUCARTAMBO,COLQUEPATA,RURAL,CARRETERA,PROVINCIAL,CU-1051,-13.384018988587554,-71.67242819947957,DESPEJADO,RURAL,CURVA,INCLINADA,TROCHA,,,,,IMPRUDENCIA DEL CONDUCTOR,EXCESO DE VELOCIDAD,12.0,0,2022.0,9.0,2.0,0,2,3,1,0.0,1.0,2.0,3.0,0,0,36.75,15.239750654128171,0,1,4,0.0,0.25,0
A-2022-09-162,2022-09-28,12:40,CHOQUE,1,0,0,ANCASH,SANTA,NUEVO CHIMBOTE,URBANA,AVENIDA,URBANO,NO CORRESPONDE,-9.116871945416634,-78.53996729874962,DESPEJADO,COMERCIAL,INTERSECCIÓN,PLANA ,ASFALTADA,,,,,IMPRUDENCIA DEL CONDUCTOR,EXCESO DE VELOCIDAD,12.0,0,2022.0,9.0,2.0,0,2,3,0,1.0,0.0,0.0,1.0,0,0,36.0,7.0710678118654755,0,0,2,0.0,0.0,0
A-2022-09-126,2022-09-28,13:30,DESPISTE,1,2,1,ANCASH,HUARI,HUARI,RURAL,CARRETERA,SIN CLASIFICAR,SIN CLASIFICAR,-9.350030592725403,-77.18241985849733,NUBLADO,RURAL,TRAMO RECTO,INCLINADA,CONCRETO,,,,,EN PROCESO DE INVESTIGACIÓN,NO CUENTA CON CAUSA ESPECIFICA,13.0,0,2022.0,9.0,2.0,0,2,3,0,0.0,1.0,0.0,1.0,0,0,35.666666666666664,15.567059238447492,0,1,3,0.0,0.333,0
A-2022-09-265,2022-09-28,14:20,CHOQUE,1,2,0,PASCO,OXAPAMPA,CHONTABAMBA,RURAL,CARRETERA,DEPARTAMENTAL,PA-106,-10.603233521241323,-75.41952227157061,SOLEADO,RURAL,CURVA,PLANA ,ASFALTADA,NO,,,SI,IMPRUDENCIA DEL CONDUCTOR,OTRO (IMPRUDENCIA DEL CONDUCTOR),14.0,0,2022.0,9.0,2.0,0,2,3,1,0.0,0.0,0.0,0.0,0,1,25.0,18.636880997992485,0,1,4,0.0,0.25,0
A-2022-09-112,2022-09-28,18:30,CHOQUE FUGA,1,0,2,PUNO,EL COLLAO,ILAVE,RURAL,CARRETERA,NACIONAL,PE-3S,-16.0746542,-69.6659172,DESPEJADO,RURAL,TRAMO RECTO,PLANA ,ASFALTADA,,,,,IMPRUDENCIA DEL CONDUCTOR,EXCESO DE VELOCIDAD,18.0,0,2022.0,9.0,2.0,0,3,3,1,0.0,0.0,0.0,0.0,0,0,62.0,0.0,0,0,2,0.0,0.0,1
A-2022-09-227,2022-09-28,19:30,DESPISTE,1,0,1,HUANUCO,HUANUCO,SANTA MARIA DEL VALLE,RURAL,CARRETERA,NACIONAL,PE-18A,-9.880419524313712,-76.19139227887348,DESPEJADO,RURAL,TRAMO RECTO,PLANA ,AFIRMADO,,,,,IMPRUDENCIA DEL CONDUCTOR,EXCESO DE VELOCIDAD,19.0,0,2022.0,9.0,2.0,0,3,3,1,0.0,0.0,1.0,1.0,0,0,19.0,0.0,0,0,1,0.0,0.0,1
A-2022-09-260,2022-09-28,20:40,CHOQUE,1,1,0,LORETO,MAYNAS,SAN JUAN BAUTISTA,URBANA,CARRETERA,DEPARTAMENTAL,LO-103,-3.7779235,-73.2921401,DESPEJADO,COMERCIAL,TRAMO RECTO,PLANA ,ASFALTADA,,,,,IMPRUDENCIA DEL CONDUCTOR,ADELANTAR INDEBIDAMENTE,20.0,0,2022.0,9.0,2.0,0,3,3,2,0.0,0.0,0.0,0.0,0,0,26.0,9.899494936611665,0,0,2,0.0,0.0,1
A-2022-09-191,2022-09-29,03:10,DESPISTE,1,3,1,CAJAMARCA,CAJAMARCA,CAJAMARCA,URBANA,CARRETERA,NACIONAL,PE-08,-7.145457,-78.517004,DESPEJADO,RESIDENCIAL,CURVA,PLANA ,ASFALTADA,SI,PREVENTIVA (P),REGULADORA (R),SI,EN PROCESO DE INVESTIGACIÓN,NO CUENTA CON CAUSA ESPECIFICA,3.0,0,2022.0,9.0,3.0,0,0,3,1,0.0,0.0,0.0,0.0,0,0,12.5,10.598742063723096,0,0,4,0.0,0.0,1
A-2022-09-118,2022-09-29,05:29,VOLCADURA,4,15,1,CUSCO,QUISPICANCHI,QUIQUIJANA,RURAL,CARRETERA,NACIONAL,PE-3S,-13.779691,-71.5721246,DESPEJADO,RURAL,CURVA,PLANA ,ASFALTADA,,,,,IMPRUDENCIA DEL CONDUCTOR,EXCESO DE VELOCIDAD,5.0,2,2022.0,9.0,3.0,0,0,3,1,0.0,0.0,0.0,0.0,0,0,43.1,13.946891749550659,0,1,20,0.0,0.05,1
A-2022-09-127,2022-09-29,12:30,DESPISTE,5,12,1,CUSCO,QUISPICANCHI,URCOS,RURAL,CARRETERA,NACIONAL,PE-30C,-13.682981,-71.601747,DESPEJADO,RURAL,CURVA,INCLINADA,ASFALTADA,SI,PREVENTIVA (P),PREVENTIVA (P),NO,IMPRUDENCIA DEL CONDUCTOR,EXCESO DE VELOCIDAD,12.0,2,2022.0,9.0,3.0,0,2,3,1,0.0,1.0,0.0,1.0,0,1,40.35294117647059,11.461572625901889,0,0,17,0.0,0.0,0
A-2022-09-269,2022-09-30,00:45,CHOQUE,1,0,2,TACNA,JORGE BASADRE,ITE,RURAL,CARRETERA,NACIONAL,PE-1SD,-17.89004252231127,-70.97987672251102,DESPEJADO,RURAL,TRAMO RECTO,PLANA ,ASFALTADA,,,,,IMPRUDENCIA DEL CONDUCTOR,EXCESO DE VELOCIDAD,0.0,0,2022.0,9.0,4.0,0,0,3,0,0.0,0.0,0.0,0.0,0,0,42.0,14.142135623730951,1,2,2,0.5,1.0,1
A-2022-09-266,2022-09-30,02:00,DESPISTE,1,0,1,TACNA,TACNA,TACNA,URBANA,AVENIDA,URBANO,NO CORRESPONDE,-18.01749141925637,-70.25418869431164,DESPEJADO,COMERCIAL,TRAMO RECTO,PLANA ,ASFALTADA,,,,,IMPRUDENCIA DEL CONDUCTOR,CONDUCIR EN ESTADO DE EBRIEDAD Y/O DROGADICCIÓN,2.0,0,2022.0,9.0,4.0,0,0,3,0,1.0,0.0,0.0,1.0,0,0,35.0,0.0,1,1,1,1.0,1.0,1