CODIGO_SINIESTRO,FECHA_SINIESTRO,HORA_SINIESTRO,CLASE_SINIESTRO,CANTIDAD_FALLECIDOS,CANTIDAD_LESIONADOS,CANTIDAD_VEHICULOS,DEPARTAMENTO,PROVINCIA,DISTRITO,ZONA,TIPO_VIA,RED_VIAL,COD_CARRETERA,LATITUD,LONGITUD,CONDICION_CLIMATICA,ZONIFICACION,CARACTERISTICAS_VIA,PERFIL_VIA,SUPERFICIE_CALZADA,EXISTE_SENIAL_VERTICAL,CLASIFICACION_SENIAL_VERTICAL_1,CLASIFICACION_SENIAL_VERTICAL_2,EXISTE_SENIAL_HORIZONTAL,CAUSA_FACTOR_PRINCIPAL,CAUSA_ESPECIFICA,HORA,severidad,ANIO,MES,DIA_SEMANA,FIN_SEMANA,FRANJA_HORARIA,TEMPORADA,MACROREGION,TIPO_VIA_SCORE,PERFIL_VIA_SCORE,SUPERFICIE_CALZADA_SCORE,RIESGO_INFRAESTRUCTURA,RIESGO_CLIMATICO,SENIALIZACION_DEFICIENTE,EDAD_PROMEDIO,EDAD_STD,TOTAL_ALCOHOL,TOTAL_LICENCIA,TOTAL_PERSONAS,PCT_ALCOHOL,PCT_LICENCIA,ES_NOCHE
A-2022-09-194,2022-09-30,05:25,CHOQUE,3,0,2,CAJAMARCA,JAEN,POMAHUACA,RURAL,CARRETERA,NACIONAL,PE-3N,-5.927889,-79.301348,DESPEJADO,RURAL,CURVA,INCLINADA,ASFALTADA,NO,,,SI,EN PROCESO DE INVESTIGACIÓN,NO CUENTA CON CAUSA ESPECIFICA,5.0,2,2022.0,9.0,4.0,0,0,3,1,0.0,1.0,0.0,1.0,0,1,38.5,20.37154878746336,0,0,4,0.0,0.0,1
A-2022-09-262,2022-09-30,18:50,ATROPELLO,1,0,1,ICA,CHINCHA,CHINCHA BAJA,RURAL,CARRETERA,NACIONAL,PE-1SE,-13.4971638773255,-76.1402541059521,DESPEJADO,RURAL,TRAMO RECTO,PLANA ,ASFALTADA,,,,,EN PROCESO DE INVESTIGACIÓN,NO CUENTA CON CAUSA ESPECIFICA,18.0,0,2022.0,9.0,4.0,0,3,3,0,0.0,0.0,0.0,0.0,0,0,50.0,39.59797974644666,0,1,2,0.0,0.5,1
A-2022-10-146,2022-10-01,04:30,CHOQUE,1,1,0,LIMA,LIMA,CIENEGUILLA,RURAL,AVENIDA,URBANO,NO CORRESPONDE,-12.12782265661004,-76.82059050697266,SOLEADO,RURAL,TRAMO RECTO,PLANA ,ASFALTADA,,,,,EN PROCESO DE INVESTIGACIÓN,NO CUENTA CON CAUSA ESPECIFICA,4.0,0,2022.0,10.0,5.0,1,0,3,0,1.0,0.0,0.0,1.0,0,0,42.0,2.8284271247461903,0,0,3,0.0,0.0,1
A-2022-10-175,2022-10-01,04:30,ATROPELLO FUGA,1,0,1,PIURA,SECHURA,VICE,RURAL,CARRETERA,NACIONAL,PE-1NK,-5.487949563690543,-80.82341722911619,DESPEJADO,RURAL,TRAMO RECTO,PLANA ,ASFALTADA,,,,,IMPRUDENCIA DEL PEATÓN,ESTADO DE EBRIEDAD Y/O DROGADICCIÓN,4.0,0,2022.0,10.0,5.0,1,0,3,0,0.0,0.0,0.0,0.0,0,0,39.0,19.79898987322333,1,0,2,0.5,0.0,1
A-2022-10-124,2022-10-01,05:00,CHOQUE,1,1,0,LIMA,BARRANCA,PATIVILCA,RURAL,CARRETERA,NACIONAL,PE-16A,-10.66644,-77.736418,DESPEJADO,RURAL,TRAMO RECTO,PLANA ,ASFALTADA,,,,,EN PROCESO DE INVESTIGACIÓN,NO CUENTA CON CAUSA ESPECIFICA,5.0,0,2022.0,10.0,5.0,1,0,3,0,0.0,0.0,0.0,0.0,0,0,21.5,6.363961030678928,0,0,2,0.0,0.0,1
A-2022-10-200,2022-10-01,11:00,CHOQUE,1,7,2,JUNIN,CHANCHAMAYO,PICHANAQUI,RURAL,CARRETERA,NACIONAL,PE-5S,-10.93326927284781,-74.86730365543939,DESPEJADO,RURAL,TRAMO RECTO,PLANA ,ASFALTADA,,,,,IMPRUDENCIA DEL CONDUCTOR,EXCESO DE VELOCIDAD,11.0,0,2022.0,10.0,5.0,1,1,3,1,0.0,0.0,0.0,0.0,0,0,33.2,14.905629063470544,0,2,10,0.0,0.2,0
A-2022-10-3,2022-10-01,11:20,ATROPELLO,1,0,1,ICA,ICA,SALAS,URBANA,CARRETERA,NACIONAL,PE-1S,-14.000404,-75.76811,SOLEADO,RESIDENCIAL,TRAMO RECTO,PLANA ,ASFALTADA,,,,,EN PROCESO DE INVESTIGACIÓN,NO CUENTA CON CAUSA ESPECIFICA,11.0,0,2022.0,10.0,5.0,1,1,3,0,0.0,0.0,0.0,0.0,0,0,61.0,26.870057685088806,0,1,2,0.0,0.5,0
A-2022-10-198,2022-10-01,11:40,DESPISTE,3,2,1,ICA,CHINCHA,TAMBO DE MORA,RURAL,CARRETERA,NACIONAL,PE-1SE,-13.42019236,-76.18764161,DESPEJADO,RURAL,TRAMO RECTO,PLANA ,ASFALTADA,,,,,IMPRUDENCIA DEL CONDUCTOR,FATIGA Y/O CANSANCIO,11.0,2,2022.0,10.0,5.0,1,1,3,0,0.0,0.0,0.0,0.0,0,0,35.2,19.84187491140895,0,0,5,0.0,0.0,0
A-2022-10-202,2022-10-01,11:40,CHOQUE,1,0,0,JUNIN,SATIPO,SATIPO,RURAL,CARRETERA,NACIONAL,PE-24A,-11.261780753678371,-74.6378720284313,DESPEJADO,RURAL,TRAMO RECTO,PLANA ,CONCRETO,,,,,IMPRUDENCIA DEL CONDUCTOR,INVASIÓN DE CARRIL,11.0,0,2022.0,10.0,5.0,1,1,3,1,0.0,0.0,0.0,0.0,0,0,44.5,3.5355339059327378,0,1,2,0.0,0.5,0
A-2022-10-13,2022-10-01,21:09,ATROPELLO,1,0,1,AREQUIPA,AREQUIPA,MIRAFLORES,URBANA,CALLE,URBANO,NO CORRESPONDE,-16.398576,-71.519627,DESPEJADO,COMERCIAL,TRAMO RECTO,PLANA ,ASFALTADA,,,,,EN PROCESO DE INVESTIGACIÓN,NO CUENTA CON CAUSA ESPECIFICA,21.0,0,2022.0,10.0,5.0,1,3,3,0,2.0,0.0,0.0,2.0,0,0,54.0,4.242640687119285,0,0,2,0.0,0.0,1
A-2022-10-158,2022-10-02,09:30,ATROPELLO,1,0,1,PIURA,PIURA,PIURA,URBANA,AVENIDA,URBANO,NO CORRESPONDE,-5.18377,-80.631468,DESPEJADO,COMERCIAL,TRAMO RECTO,PLANA ,ASFALTADA,,,,,IMPRUDENCIA DEL PEATÓN,OTRO (IMPRUDENCIA DEL PEATÓN),9.0,0,2022.0,10.0,6.0,1,1,3,0,1.0,0.0,0.0,1.0,0,0,52.0,11.313708498984761,0,1,2,0.0,0.5,0
A-2022-10-61,2022-10-02,09:50,ATROPELLO,1,0,1,LA LIBERTAD,ASCOPE,CHICAMA,RURAL,CARRETERA,NACIONAL,PE-1NF,-7.832513,-79.149217,DESPEJADO,RURAL,TRAMO RECTO,PLANA ,AFIRMADO,,,,,EN PROCESO DE INVESTIGACIÓN,NO CUENTA CON CAUSA ESPECIFICA,9.0,0,2022.0,10.0,6.0,1,1,3,0,0.0,0.0,1.0,1.0,0,0,46.0,11.313708498984761,0,1,2,0.0,0.5,0
A-2022-10-4,2022-10-02,14:00,CHOQUE,1,0,2,ICA,NASCA,NASCA,URBANA,CARRETERA,NACIONAL,PE-1S,-14.987139011804674,-74.99568299838792,SOLEADO,COMERCIAL,CURVA,PLANA ,ASFALTADA,,,,,EN PROCESO DE INVESTIGACIÓN,NO CUENTA CON CAUSA ESPECIFICA,14.0,0,2022.0,10.0,6.0,1,2,3,0,0.0,0.0,0.0,0.0,0,0,42.0,8.48528137423857,0,2,2,0.0,1.0,0
A-2022-10-176,2022-10-02,15:45,VOLCADURA,1,1,0,JUNIN,HUANCAYO,CULLHUAS,RURAL,CARRETERA,NACIONAL,PE-3S,-12.2073,-75.173784,DESPEJADO,RURAL,CURVA,INCLINADA,ASFALTADA,NO,,,SI,IMPRUDENCIA DEL CONDUCTOR,OTRO (IMPRUDENCIA DEL CONDUCTOR),15.0,0,2022.0,10.0,6.0,1,2,3,1,0.0,1.0,0.0,1.0,0,1,25.0,1.0,0,2,3,0.0,0.667,0
A-2022-10-219,2022-10-02,18:00,DESPISTE,1,4,1,HUANCAVELICA,CHURCAMPA,LOCROJA,RURAL,CARRETERA,PROVINCIAL,HV-730,-12.703873,-74.436193,DESPEJADO,RURAL,CURVA,INCLINADA,AFIRMADO,SI,PREVENTIVA (P),REGULADORA (R),NO,IMPRUDENCIA DEL CONDUCTOR,EXCESO DE VELOCIDAD,18.0,0,2022.0,10.0,6.0,1,3,3,1,0.0,1.0,1.0,2.0,0,1,32.4,6.841052550594828,0,1,5,0.0,0.2,1
A-2022-10-100,2022-10-02,19:00,DESPISTE,1,0,1,LAMBAYEQUE,CHICLAYO,PICSI,RURAL,CARRETERA,NACIONAL,PE-06A,-6.7411976,-79.7161823,DESPEJADO,RURAL,CURVA,PLANA ,ASFALTADA,,,,,EN PROCESO DE INVESTIGACIÓN,NO CUENTA CON CAUSA ESPECIFICA,19.0,0,2022.0,10.0,6.0,1,3,3,0,0.0,0.0,0.0,0.0,0,0,22.0,0.0,0,0,1,0.0,0.0,1
A-2022-10-62,2022-10-02,19:30,CHOQUE,1,33,2,LA LIBERTAD,ASCOPE,CHICAMA,RURAL,CARRETERA,NACIONAL,PE-1NF,-7.832145,-79.149068,DESPEJADO,RURAL,TRAMO RECTO,PLANA ,ASFALTADA,,,,,IMPRUDENCIA DEL CONDUCTOR,NO ESTABLECER EL DERECHO DE PASO,19.0,0,2022.0,10.0,6.0,1,3,3,0,0.0,0.0,0.0,0.0,0,0,30.444444444444443,17.241883298599944,0,2,36,0.0,0.056,1
A-2022-10-16,2022-10-02,21:30,ATROPELLO,1,0,0,CUSCO,LA CONVENCION,MARANURA,RURAL,CARRETERA,NACIONAL,PE-28B,-12.9563698,-72.6736112,DESPEJADO,RURAL,TRAMO RECTO,PLANA ,ASFALTADA,,,,,IMPRUDENCIA DEL CONDUCTOR,EXCESO DE VELOCIDAD,21.0,0,2022.0,10.0,6.0,1,3,3,1,0.0,0.0,0.0,0.0,0,0,51.5,6.363961030678928,1,0,2,0.5,0.0,1
A-2022-10-144,2022-10-03,07:30,ATROPELLO,1,0,0,LIMA,LIMA,CHORRILLOS,URBANA,AVENIDA,URBANO,NO CORRESPONDE,-12.182793437982792,-76.99984942508037,DESPEJADO,COMERCIAL,TRAMO RECTO,PLANA ,ASFALTADA,,,,,EN PROCESO DE INVESTIGACIÓN,NO CUENTA CON CAUSA ESPECIFICA,7.0,0,2022.0,10.0,0.0,0,1,3,0,1.0,0.0,0.0,1.0,0,0,51.0,32.526911934581186,0,1,2,0.0,0.5,0
A-2022-10-68,2022-10-03,12:00,ATROPELLO,1,0,1,LA LIBERTAD,TRUJILLO,TRUJILLO,URBANA,AVENIDA,URBANO,NO CORRESPONDE,-8.129605,-79.021337,DESPEJADO,COMERCIAL,TRAMO RECTO,PLANA ,ASFALTADA,,,,,IMPRUDENCIA DEL PEATÓN,ESTADO DE EBRIEDAD Y/O DROGADICCIÓN,12.0,0,2022.0,10.0,0.0,0,2,3,0,1.0,0.0,0.0,1.0,0,0,35.0,1.4142135623730951,0,1,2,0.0,0.5,0
A-2022-10-41,2022-10-03,15:00,CHOQUE,1,1,2,PASCO,PASCO,YANACANCHA,URBANA,CARRETERA,NACIONAL,PE-3N,-10.542373862227407,-76.18979912470938,DESPEJADO,RURAL,TRAMO RECTO,PLANA ,ASFALTADA,,,,,EN PROCESO DE INVESTIGACIÓN,NO CUENTA CON CAUSA ESPECIFICA,15.0,0,2022.0,10.0,0.0,0,2,3,1,0.0,0.0,0.0,0.0,0,0,34.666666666666664,8.386497083606082,0,2,3,0.0,0.667,0
A-2022-10-7,2022-10-03,15:40,ATROPELLO FUGA,1,0,1,TUMBES,ZARUMILLA,MATAPALO,RURAL,CARRETERA,DEPARTAMENTAL,TU-101,-3.678658379346804,-80.19644125789904,DESPEJADO,RURAL,CURVA,INCLINADA,ASFALTADA,,,,,EN PROCESO DE INVESTIGACIÓN,NO CUENTA CON CAUSA ESPECIFICA,15.0,0,2022.0,10.0,0.0,0,2,3,0,0.0,1.0,0.0,1.0,0,0,36.0,0.0,0,0,2,0.0,0.0,0
A-2022-10-143,2022-10-03,16:00,DESPISTE,1,0,0,LIMA,LIMA,PUNTA HERMOSA,URBANA,CARRETERA,NACIONAL,PE-1S,-12.33177112,-76.82107797,,,,,,,,,,EN PROCESO DE INVESTIGACIÓN,NO CUENTA CON CAUSA ESPECIFICA,16.0,0,2022.0,10.0,0.0,0,2,3,0,0.0,1.0,1.0,2.0,0,0,33.0,0.0,0,0,1,0.0,0.0,0
A-2022-10-14,2022-10-03,16:08,DESPISTE,1,0,1,AREQUIPA,CAYLLOMA,CALLALLI,URBANA,AVENIDA,URBANO,NO CORRESPONDE,-15.504957,-71.436949,DESPEJADO,RESIDENCIAL,CURVA,INCLINADA,EMPEDRADO,,,,,EN PROCESO DE INVESTIGACIÓN,NO CUENTA CON CAUSA ESPECIFICA,16.0,0,2022.0,10.0,0.0,0,2,3,0,1.0,1.0,1.0,3.0,0,0,66.0,0.0,0,0,1,0.0,0.0,0
A-2022-10-5,2022-10-03,19:20,CHOQUE,3,4,4,ICA,PISCO,HUMAY,RURAL,CARRETERA,NACIONAL,PE-28A,-13.728955,-75.910783,DESPEJADO,RURAL,TRAMO RECTO,PLANA ,ASFALTADA,,,,,EN PROCESO DE INVESTIGACIÓN,NO CUENTA CON CAUSA ESPECIFICA,19.0,2,2022.0,10.0,0.0,0,3,3,0,0.0,0.0,0.0,0.0,0,0,50.857142857142854,7.668736780560654,0,3,8,0.0,0.375,1
A-2022-10-8,2022-10-03,21:40,CHOQUE,1,0,2,TUMBES,TUMBES,CORRALES,RURAL,CARRETERA,NACIONAL,PE-1N,-3.609503953880128,-80.50651960329908,DESPEJADO,RURAL,TRAMO RECTO,PLANA ,ASFALTADA,,,,,IMPRUDENCIA DEL CONDUCTOR,CONDUCIR EN ESTADO DE EBRIEDAD Y/O DROGADICCIÓN,21.0,0,2022.0,10.0,0.0,0,3,3,0,0.0,0.0,0.0,0.0,0,0,42.5,16.263455967290593,0,1,2,0.0,0.5,1
A-2022-10-142,2022-10-04,17:30,ATROPELLO,1,0,0,LIMA,LIMA,LA MOLINA,URBANA,CARRETERA,DEPARTAMENTAL,LM-117,-12.085930019709732,-76.89798830105987,DESPEJADO,RESIDENCIAL,TRAMO RECTO,PLANA ,ASFALTADA,,,,,EN PROCESO DE INVESTIGACIÓN,NO CUENTA CON CAUSA ESPECIFICA,17.0,0,2022.0,10.0,1.0,0,2,3,0,0.0,0.0,0.0,0.0,0,0,55.5,13.435028842544403,0,1,2,0.0,0.5,0
A-2022-10-197,2022-10-04,19:00,CHOQUE,1,2,0,MADRE DE DIOS,TAMBOPATA,TAMBOPATA,URBANA,AVENIDA,URBANO,NO CORRESPONDE,-12.584593,-69.191509,,,,,,,,,,EN PROCESO DE INVESTIGACIÓN,NO CUENTA CON CAUSA ESPECIFICA,19.0,0,2022.0,10.0,1.0,0,3,3,2,1.0,1.0,1.0,3.0,0,0,38.666666666666664,17.7857620959388,0,0,3,0.0,0.0,1
A-2022-10-6,2022-10-04,20:30,CHOQUE,1,0,1,SAN MARTIN,RIOJA,RIOJA,RURAL,CARRETERA,NACIONAL,PE-5N,-6.050985,-77.151191,DESPEJADO,RURAL,TRAMO RECTO,PLANA ,ASFALTADA,,,,,NEGLIGENCIA DEL CONDUCTOR,OTRO (NEGLIGENCIA DEL CONDUCTOR),20.0,0,2022.0,10.0,1.0,0,3,3,2,0.0,0.0,0.0,0.0,0,0,49.0,0.0,0,1,3,0.0,0.333,1
A-2022-10-2,2022-10-04,22:20,ATROPELLO FUGA,1,0,0,PUNO,CHUCUITO,ZEPITA,RURAL,CARRETERA,NACIONAL,PE-36A,-16.56978768425826,-69.25715261508257,DESPEJADO,RURAL,TRAMO RECTO,PLANA ,ASFALTADA,,,,,EN PROCESO DE INVESTIGACIÓN,NO CUENTA CON CAUSA ESPECIFICA,22.0,0,2022.0,10.0,1.0,0,3,3,1,0.0,0.0,0.0,0.0,0,0,45.0,0.0,0,0,2,0.0,0.0,1
A-2022-10-182,2022-10-05,10:00,CHOQUE,1,0,2,PIURA,SULLANA,MARCAVELICA,URBANA,CARRETERA,PROVINCIAL,PI-535,-4.877,-80.8,DESPEJADO,RURAL,OTRO,INCLINADA,AFIRMADO,,,,,IMPRUDENCIA DEL CONDUCTOR,OTRO (IMPRUDENCIA DEL CONDUCTOR),10.0,0,2022.0,10.0,2.0,0,1,3,0,0.0,1.0,1.0,2.0,0,0,19.0,0.0,0,1,2,0.0,0.5,0
A-2022-10-11,2022-10-06,18:10,CHOQUE,1,1,2,SAN MARTIN,RIOJA,ELIAS SOPLIN VARGAS,URBANA,CARRETERA,NACIONAL,PE-5N,-5.990655,-77.281353,DESPEJADO,ESCOLAR,TRAMO RECTO,PLANA ,ASFALTADA,,,,,IMPRUDENCIA DEL CONDUCTOR,OTRO (IMPRUDENCIA DEL CONDUCTOR),18.0,0,2022.0,10.0,3.0,0,3,3,2,0.0,0.0,0.0,0.0,0,0,24.0,7.0710678118654755,0,1,2,0.0,0.5,1
A-2022-10-12,2022-10-06,18:45,CHOQUE,1,2,2,PUNO,PUNO,PAUCARCOLLA,RURAL,CARRETERA,NACIONAL,PE-3S,-15.7377667,-70.0565938,DESPEJADO,RURAL,TRAMO RECTO,PLANA ,ASFALTADA,,,,,IMPRUDENCIA DEL CONDUCTOR,OTRO (IMPRUDENCIA DEL CONDUCTOR),18.0,0,2022.0,10.0,3.0,0,3,3,1,0.0,0.0,0.0,0.0,0,0,29.75,6.994045086119096,0,1,4,0.0,0.25,1
A-2022-10-208,2022-10-06,21:15,CHOQUE,1,0,0,UCAYALI,CORONEL PORTILLO,CAMPOVERDE,RURAL,CARRETERA,NACIONAL,PE-18C,-8.458604,-74.784945,DESPEJADO,RURAL,TRAMO RECTO,PLANA ,ASFALTADA,,,,,IMPRUDENCIA DEL CONDUCTOR,CONDUCIR EN ESTADO DE EBRIEDAD Y/O DROGADICCIÓN,21.0,0,2022.0,10.0,3.0,0,3,3,2,0.0,0.0,0.0,0.0,0,0,56.5,4.949747468305833,0,1,2,0.0,0.5,1
A-2022-10-17,2022-10-07,06:30,DESPISTE,1,0,1,AREQUIPA,AREQUIPA,SANTA ISABEL DE SIGUAS,URBANA,CARRETERA,PROVINCIAL,AR-730,-16.342576,-72.12579,DESPEJADO,RESIDENCIAL,TRAMO RECTO,PLANA ,AFIRMADO,,,,,EN PROCESO DE INVESTIGACIÓN,NO CUENTA CON CAUSA ESPECIFICA,6.0,0,2022.0,10.0,4.0,0,1,3,0,0.0,0.0,1.0,1.0,0,0,28.0,0.0,0,0,1,0.0,0.0,0
A-2022-10-216,2022-10-07,08:35,CHOQUE,1,0,0,PIURA,PIURA,CASTILLA,RURAL,CARRETERA,DEPARTAMENTAL,PI-126,-5.100632,-80.596911,DESPEJADO,RURAL,TRAMO RECTO,PLANA ,AFIRMADO,,,,,EN PROCESO DE INVESTIGACIÓN,NO CUENTA CON CAUSA ESPECIFICA,8.0,0,2022.0,10.0,4.0,0,1,3,0,0.0,0.0,1.0,1.0,0,0,27.5,12.020815280171307,0,2,2,0.0,1.0,0
A-2022-10-43,2022-10-07,16:10,DESPISTE,1,4,1,PUNO,HUANCANE,HUANCANE,RURAL,CARRETERA,NACIONAL,PE-34H,-15.1974972,-69.8337977,DESPEJADO,RURAL,TRAMO RECTO,PLANA ,ASFALTADA,,,,,IMPRUDENCIA DEL CONDUCTOR,ADELANTAR INDEBIDAMENTE,16.0,0,2022.0,10.0,4.0,0,2,3,1,0.0,0.0,0.0,0.0,0,0,26.333333333333332,21.63022576550385,0,1,6,0.0,0.167,0
A-2022-10-106,2022-10-07,18:00,ATROPELLO,1,0,0,APURIMAC,ANDAHUAYLAS,SANTA MARIA DE CHICMO,URBANA,AVENIDA,URBANO,NO CORRESPONDE,-13.64757,-73.500326,DESPEJADO,RESIDENCIAL,TRAMO RECTO,INCLINADA,AFIRMADO,,,,,IMPERICIA DEL CONDUCTOR,,18.0,0,2022.0,10.0,4.0,0,3,3,1,1.0,1.0,1.0,3.0,0,0,50.0,45.254833995939045,0,0,2,0.0,0.0,1
A-2022-10-42,2022-10-07,20:00,CHOQUE,3,8,2,PUNO,SAN ROMAN,CABANA,RURAL,CARRETERA,NACIONAL,PE-34A,-15.5734434,-70.2555246,DESPEJADO,RURAL,TRAMO RECTO,PLANA ,ASFALTADA,,,,,IMPRUDENCIA DEL CONDUCTOR,EXCESO DE VELOCIDAD,20.0,2,2022.0,10.0,4.0,0,3,3,1,0.0,0.0,0.0,0.0,0,0,36.69230769230769,10.387369055609602,0,2,13,0.0,0.154,1
A-2022-10-94,2022-10-08,06:30,DESPISTE,1,0,1,TACNA,TARATA,ESTIQUE,RURAL,CARRETERA,NACIONAL,PE-38,-17.624558,-70.063216,DESPEJADO,RURAL,CURVA,INCLINADA,ASFALTADA,,,,,IMPRUDENCIA DEL CONDUCTOR,OTRO (IMPRUDENCIA DEL CONDUCTOR),6.0,0,2022.0,10.0,5.0,1,1,3,0,0.0,1.0,0.0,1.0,0,0,47.0,1.4142135623730951,0,1,2,0.0,0.5,0
A-2022-10-39,2022-10-08,15:00,CHOQUE,3,0,2,PASCO,PASCO,YANACANCHA,URBANA,CARRETERA,NACIONAL,PE-3N,-10.62567909407184,-76.1754491504982,DESPEJADO,COMERCIAL,CURVA,INCLINADA,ASFALTADA,SI,REGULADORA (R),,SI,IMPRUDENCIA DEL CONDUCTOR,EXCESO DE VELOCIDAD,15.0,2,2022.0,10.0,5.0,1,2,3,1,0.0,1.0,0.0,1.0,0,0,37.5,7.5938571665963455,0,2,4,0.0,0.5,0
A-2022-10-171,2022-10-08,19:30,ATROPELLO,1,0,0,LORETO,MAYNAS,SAN JUAN BAUTISTA,URBANA,CARRETERA,DEPARTAMENTAL,LO-103,-4.0918754,-73.4548257,DESPEJADO,RURAL,TRAMO RECTO,PLANA ,ASFALTADA,,,,,IMPRUDENCIA DEL PEATÓN,ESTADO DE EBRIEDAD Y/O DROGADICCIÓN,19.0,0,2022.0,10.0,5.0,1,3,3,2,0.0,0.0,0.0,0.0,0,0,58.0,16.97056274847714,0,1,2,0.0,0.5,1
A-2022-10-9,2022-10-08,20:00,ATROPELLO,1,0,0,PUNO,PUNO,ACORA,RURAL,CARRETERA,NACIONAL,PE-3S,-15.97023,-69.799618,DESPEJADO,RURAL,TRAMO RECTO,PLANA ,ASFALTADA,,,,,IMPRUDENCIA DEL PEATÓN,CRUCE INDEBIDO POR LA CALZADA,20.0,0,2022.0,10.0,5.0,1,3,3,1,0.0,0.0,0.0,0.0,0,0,58.5,20.506096654409877,0,1,2,0.0,0.5,1
A-2022-10-139,2022-10-09,03:00,ATROPELLO,1,0,0,LIMA,LIMA,SAN JUAN DE MIRAFLORES,URBANA,CARRETERA,NACIONAL,PE-1S,-12.18412895251892,-76.9750320403075,DESPEJADO,COMERCIAL,TRAMO RECTO,PLANA ,ASFALTADA,,,,,EN PROCESO DE INVESTIGACIÓN,NO CUENTA CON CAUSA ESPECIFICA,3.0,0,2022.0,10.0,6.0,1,0,3,0,0.0,0.0,0.0,0.0,0,0,39.0,0.0,0,0,2,0.0,0.0,1
A-2022-10-63,2022-10-09,05:00,ATROPELLO FUGA,2,0,0,ANCASH,SANTA,SANTA,URBANA,CARRETERA,NACIONAL,PE-1N,-8.98506,-78.617104,DESPEJADO,RESIDENCIAL,TRAMO RECTO,PLANA ,ASFALTADA,,,,,EN PROCESO DE INVESTIGACIÓN,NO CUENTA CON CAUSA ESPECIFICA,5.0,1,2022.0,10.0,6.0,1,0,3,0,0.0,0.0,0.0,0.0,0,0,27.0,1.4142135623730951,2,0,3,0.667,0.0,1
A-2022-10-69,2022-10-09,07:10,DESPISTE,1,1,1,LA LIBERTAD,SANCHEZ CARRION,CHUGAY,RURAL,CARRETERA,NACIONAL,PE-10C,-7.819402,-77.883862,DESPEJADO,RURAL,CURVA,PLANA ,TROCHA,,,,,EN PROCESO DE INVESTIGACIÓN,NO CUENTA CON CAUSA ESPECIFICA,7.0,0,2022.0,10.0,6.0,1,1,3,0,0.0,0.0,2.0,2.0,0,0,35.5,3.5355339059327378,0,1,2,0.0,0.5,0
A-2022-10-194,2022-10-09,12:30,CHOQUE FUGA,1,0,0,MADRE DE DIOS,TAMBOPATA,INAMBARI,,CARRETERA,NACIONAL,PE-30C,-12.908503,-69.917314,,,,,,,,,,EN PROCESO DE INVESTIGACIÓN,NO CUENTA CON CAUSA ESPECIFICA,12.0,0,2022.0,10.0,6.0,1,2,3,2,0.0,1.0,1.0,2.0,0,0,35.0,0.0,0,0,2,0.0,0.0,0
A-2022-10-174,2022-10-09,15:50,VOLCADURA,1,0,0,JUNIN,HUANCAYO,PUCARA,RURAL,CARRETERA,NACIONAL,PE-3SC,-12.18702,-75.137475363,DESPEJADO,RURAL,CURVA,INCLINADA,ASFALTADA,,,,,IMPRUDENCIA DEL CONDUCTOR,CONDUCIR EN ESTADO DE EBRIEDAD Y/O DROGADICCIÓN,15.0,0,2022.0,10.0,6.0,1,2,3,1,0.0,1.0,0.0,1.0,0,0,25.5,7.7781745930520225,0,0,2,0.0,0.0,0
A-2022-10-38,2022-10-09,17:30,DESPISTE,1,0,1,CUSCO,LA CONVENCION,ECHARATE,RURAL,CARRETERA,SIN CLASIFICAR,SIN CLASIFICAR,-12.648293445410893,-72.56421178579332,DESPEJADO,RURAL,OTRO,PLANA ,TROCHA,,,,,IMPRUDENCIA DEL CONDUCTOR,CONDUCIR EN ESTADO DE EBRIEDAD Y/O DROGADICCIÓN,17.0,0,2022.0,10.0,6.0,1,2,3,1,0.0,0.0,2.0,2.0,0,0,45.0,0.0,1,0,1,1.0,0.0,0
A-2022-10-10,2022-10-09,18:32,CHOQUE FUGA,1,0,0,PUNO,YUNGUYO,YUNGUYO,URBANA,CARRETERA,DEPARTAMENTAL,PU-130,-16.2489088,-69.1005303,DESPEJADO,RURAL,TRAMO RECTO,PLANA ,ASFALTADA,,,,,EN PROCESO DE INVESTIGACIÓN,NO CUENTA CON CAUSA ESPECIFICA,18.0,0,2022.0,10.0,6.0,1,3,3,1,0.0,0.0,0.0,0.0,0,0,71.0,0.0,0,0,2,0.0,0.0,1
A-2022-10-119,2022-10-09,19:10,ATROPELLO,1,0,1,LIMA,HUAURA,VEGUETA,URBANA,CARRETERA,NACIONAL,PE-1N,-10.94224418532031,-77.64774076130703,DESPEJADO,COMERCIAL,TRAMO RECTO,PLANA ,ASFALTADA,SI,REGULADORA (R),PREVENTIVA (P),NO,EN PROCESO DE INVESTIGACIÓN,NO CUENTA CON CAUSA ESPECIFICA,19.0,0,2022.0,10.0,6.0,1,3,3,0,0.0,0.0,0.0,0.0,0,1,46.5,23.33452377915607,0,1,2,0.0,0.5,1
A-2022-10-217,2022-10-09,20:19,ATROPELLO FUGA,1,0,0,LIMA,LIMA,SAN JUAN DE LURIGANCHO,URBANA,CARRETERA,NACIONAL,PE-22,-12.022451784997166,-76.95885835454386,DESPEJADO,RESIDENCIAL,TRAMO RECTO,PLANA ,ASFALTADA,,,,,EN PROCESO DE INVESTIGACIÓN,NO CUENTA CON CAUSA ESPECIFICA,20.0,0,2022.0,10.0,6.0,1,3,3,0,0.0,0.0,0.0,0.0,0,0,33.0,0.0,0,0,2,0.0,0.0,1