CODIGO_SINIESTRO,FECHA_SINIESTRO,HORA_SINIESTRO,CLASE_SINIESTRO,CANTIDAD_FALLECIDOS,CANTIDAD_LESIONADOS,CANTIDAD_VEHICULOS,DEPARTAMENTO,PROVINCIA,DISTRITO,ZONA,TIPO_VIA,RED_VIAL,COD_CARRETERA,LATITUD,LONGITUD,CONDICION_CLIMATICA,ZONIFICACION,CARACTERISTICAS_VIA,PERFIL_VIA,SUPERFICIE_CALZADA,EXISTE_SENIAL_VERTICAL,CLASIFICACION_SENIAL_VERTICAL_1,CLASIFICACION_SENIAL_VERTICAL_2,EXISTE_SENIAL_HORIZONTAL,CAUSA_FACTOR_PRINCIPAL,CAUSA_ESPECIFICA,HORA,severidad,ANIO,MES,DIA_SEMANA,FIN_SEMANA,FRANJA_HORARIA,TEMPORADA,MACROREGION,TIPO_VIA_SCORE,PERFIL_VIA_SCORE,SUPERFICIE_CALZADA_SCORE,RIESGO_INFRAESTRUCTURA,RIESGO_CLIMATICO,SENIALIZACION_DEFICIENTE,EDAD_PROMEDIO,EDAD_STD,TOTAL_ALCOHOL,TOTAL_LICENCIA,TOTAL_PERSONAS,PCT_ALCOHOL,PCT_LICENCIA,ES_NOCHE
A-2022-10-103,2022-10-10,00:00,CHOQUE,1,4,2,LAMBAYEQUE,CHICLAYO,CHONGOYAPE,RURAL,CARRETERA,NACIONAL,PE-06A,-6.6899555,-79.4646875,DESPEJADO,RURAL,TRAMO RECTO,PLANA ,ASFALTADA,,,,,EN PROCESO DE INVESTIGACIÓN,NO CUENTA CON CAUSA ESPECIFICA,0.0,0,2022.0,10.0,0.0,0,0,3,0,0.0,0.0,0.0,0.0,0,0,35.75,19.06786126793808,0,1,6,0.0,0.167,1
A-2022-10-111,2022-10-10,02:00,CHOQUE,1,0,1,CAJAMARCA,JAEN,JAEN,URBANA,CARRETERA,NACIONAL,PE-5N,-5.7047076,-78.8041574,DESPEJADO,RESIDENCIAL,TRAMO RECTO,PLANA ,ASFALTADA,,,,,EN PROCESO DE INVESTIGACIÓN,NO CUENTA CON CAUSA ESPECIFICA,2.0,0,2022.0,10.0,0.0,0,0,3,1,0.0,0.0,0.0,0.0,0,0,35.0,0.0,0,0,2,0.0,0.0,1
A-2022-10-137,2022-10-10,08:00,ATROPELLO,1,0,0,LIMA,LIMA,LURIGANCHO,RURAL,AVENIDA,URBANO,NO CORRESPONDE,-11.996909369233885,-76.91709093354606,SOLEADO,RURAL,INTERSECCIÓN,PLANA ,TROCHA,,,,,EN PROCESO DE INVESTIGACIÓN,NO CUENTA CON CAUSA ESPECIFICA,8.0,0,2022.0,10.0,0.0,0,1,3,0,1.0,0.0,2.0,3.0,0,0,13.5,6.363961030678928,0,1,2,0.0,0.5,0
A-2022-10-136,2022-10-10,10:20,ATROPELLO,1,0,0,LIMA,LIMA,MIRAFLORES,URBANA,AVENIDA,URBANO,NO CORRESPONDE,-12.130523658979168,-77.01954063132389,DESPEJADO,RESIDENCIAL,TRAMO RECTO,PLANA ,ASFALTADA,,,,,EN PROCESO DE INVESTIGACIÓN,NO CUENTA CON CAUSA ESPECIFICA,10.0,0,2022.0,10.0,0.0,0,1,3,0,1.0,0.0,0.0,1.0,0,0,66.5,7.7781745930520225,0,1,2,0.0,0.5,0
A-2022-10-138,2022-10-10,13:40,ATROPELLO,1,0,0,LIMA,LIMA,LOS OLIVOS,URBANA,AVENIDA,URBANO,NO CORRESPONDE,-11.94860933473234,-77.08060378550886,DESPEJADO,COMERCIAL,INTERSECCIÓN,PLANA ,ASFALTADA,,,,,EN PROCESO DE INVESTIGACIÓN,NO CUENTA CON CAUSA ESPECIFICA,13.0,0,2022.0,10.0,0.0,0,2,3,0,1.0,0.0,0.0,1.0,0,0,54.5,6.363961030678928,0,1,2,0.0,0.5,0
A-2022-10-177,2022-10-10,14:00,ATROPELLO,1,0,0,JUNIN,HUANCAYO,EL TAMBO,URBANA,CARRETERA,NACIONAL,PE-3S,-12.056469,-75.223212,DESPEJADO,COMERCIAL,TRAMO RECTO,PLANA ,ASFALTADA,,,,,IMPRUDENCIA DEL PEATÓN,OTRO (IMPRUDENCIA DEL PEATÓN),14.0,0,2022.0,10.0,0.0,0,2,3,1,0.0,0.0,0.0,0.0,0,0,67.0,35.35533905932738,0,1,2,0.0,0.5,0
A-2022-10-112,2022-10-10,14:20,ATROPELLO,1,0,0,AYACUCHO,HUAMANGA,AYACUCHO,URBANA,AVENIDA,URBANO,NO CORRESPONDE,-13.15671563,-74.23178522,DESPEJADO,RESIDENCIAL,TRAMO RECTO,PLANA ,ASFALTADA,,,,,IMPRUDENCIA DEL CONDUCTOR,NO DAR PASO PREFERENTE AL PEATÓN,14.0,0,2022.0,10.0,0.0,0,2,3,1,1.0,0.0,0.0,1.0,0,0,43.5,36.062445840513924,0,0,2,0.0,0.0,0
A-2022-10-108,2022-10-10,17:35,DESPISTE,1,1,1,LAMBAYEQUE,LAMBAYEQUE,MOCHUMI,RURAL,CARRETERA,PROVINCIAL,LA-610,-6.5340993,-79.8511198,DESPEJADO,RURAL,TRAMO RECTO,PLANA ,TROCHA,,,,,EN PROCESO DE INVESTIGACIÓN,NO CUENTA CON CAUSA ESPECIFICA,17.0,0,2022.0,10.0,0.0,0,2,3,0,0.0,0.0,2.0,2.0,0,0,54.0,8.48528137423857,0,0,2,0.0,0.0,0
A-2022-10-95,2022-10-10,18:50,ATROPELLO,1,0,1,TACNA,TACNA,ALTO DE LA ALIANZA,URBANA,CARRETERA,NACIONAL,PE-38,-17.988221,-70.249818,DESPEJADO,COMERCIAL,TRAMO RECTO,PLANA ,ASFALTADA,,,,,IMPRUDENCIA DEL CONDUCTOR,OTRO (IMPRUDENCIA DEL CONDUCTOR),18.0,0,2022.0,10.0,0.0,0,3,3,0,0.0,0.0,0.0,0.0,0,0,28.0,0.0,0,1,2,0.0,0.5,1
A-2022-10-64,2022-10-11,01:00,ATROPELLO FUGA,1,0,0,ANCASH,CASMA,COMANDANTE NOEL,RURAL,CARRETERA,NACIONAL,PE-1N,-9.42186241971136,-78.36607663519267,DESPEJADO,RURAL,TRAMO RECTO,PLANA ,ASFALTADA,,,,,EN PROCESO DE INVESTIGACIÓN,NO CUENTA CON CAUSA ESPECIFICA,1.0,0,2022.0,10.0,1.0,0,0,3,0,0.0,0.0,0.0,0.0,0,0,0.0,0.0,0,0,2,0.0,0.0,1
A-2022-10-70,2022-10-11,06:20,DESPISTE,1,0,1,LA LIBERTAD,VIRU,GUADALUPITO,RURAL,CARRETERA,NACIONAL,PE-1N,-8.92813500059261,-78.63566665364824,DESPEJADO,RURAL,TRAMO RECTO,PLANA ,ASFALTADA,,,,,IMPRUDENCIA DEL CONDUCTOR,EXCESO DE VELOCIDAD,6.0,0,2022.0,10.0,1.0,0,1,3,0,0.0,0.0,0.0,0.0,0,0,43.0,9.899494936611665,0,1,2,0.0,0.5,0
A-2022-10-91,2022-10-11,07:00,CHOQUE,1,0,1,TACNA,TACNA,INCLAN,RURAL,CARRETERA,PROVINCIAL,TA-604,-17.7910127,-70.517441,DESPEJADO,RURAL,TRAMO RECTO,PLANA ,ASFALTADA,,,,,IMPRUDENCIA DEL CONDUCTOR,OTRO (IMPRUDENCIA DEL CONDUCTOR),7.0,0,2022.0,10.0,1.0,0,1,3,0,0.0,0.0,0.0,0.0,0,0,67.0,9.899494936611665,0,1,2,0.0,0.5,0
A-2022-10-167,2022-10-11,11:00,CHOQUE,2,1,2,JUNIN,JAUJA,CURICACA,RURAL,CARRETERA,NACIONAL,PE-3S,-11.764219,-75.711394,DESPEJADO,RURAL,CURVA,INCLINADA,ASFALTADA,SI,REGULADORA (R),,SI,IMPRUDENCIA DEL CONDUCTOR,ADELANTAR INDEBIDAMENTE,11.0,1,2022.0,10.0,1.0,0,1,3,1,0.0,1.0,0.0,1.0,0,0,33.2,22.939049675171812,0,2,5,0.0,0.4,0
A-2022-10-44,2022-10-11,14:12,CHOQUE,2,1,2,PUNO,SAN ROMAN,CARACOTO,RURAL,CARRETERA,NACIONAL,PE-3S,-15.545403800470606,-70.11054538351236,DESPEJADO,RURAL,TRAMO RECTO,PLANA ,ASFALTADA,,,,,IMPRUDENCIA DEL CONDUCTOR,GIRAR IMPRUDENTEMENTE,14.0,1,2022.0,10.0,1.0,0,2,3,1,0.0,0.0,0.0,0.0,0,0,18.8,15.482247898803326,0,0,5,0.0,0.0,0
A-2022-10-180,2022-10-11,22:00,CHOQUE,1,0,2,PIURA,PIURA,TAMBO GRANDE,RURAL,CARRETERA,NACIONAL,PE-1NL,-4.836175209450524,-80.29283881953421,DESPEJADO,RURAL,TRAMO RECTO,PLANA ,ASFALTADA,,,,,IMPRUDENCIA DEL CONDUCTOR,INVASIÓN DE CARRIL,22.0,0,2022.0,10.0,1.0,0,3,3,0,0.0,0.0,0.0,0.0,0,0,51.5,10.606601717798213,0,2,2,0.0,1.0,1
A-2022-10-195,2022-10-12,04:00,CHOQUE,1,0,2,MADRE DE DIOS,TAMBOPATA,TAMBOPATA,URBANA,CARRETERA,PROVINCIAL,MD-560,-12.567469,-69.199298,DESPEJADO,RESIDENCIAL,TRAMO RECTO,PLANA ,TROCHA,,,,,EN PROCESO DE INVESTIGACIÓN,NO CUENTA CON CAUSA ESPECIFICA,4.0,0,2022.0,10.0,2.0,0,0,3,2,0.0,0.0,2.0,2.0,0,0,29.0,0.0,0,0,2,0.0,0.0,1
A-2022-10-121,2022-10-12,14:00,ATROPELLO,1,0,0,CALLAO,CALLAO,CALLAO,URBANA,CARRETERA,NACIONAL,PE-20,-12.0564581,-77.144569917,DESPEJADO,RESIDENCIAL,TRAMO RECTO,PLANA ,CONCRETO,NO,,,SI,IMPRUDENCIA DEL PEATÓN,CRUCE INDEBIDO POR LA CALZADA,14.0,0,2022.0,10.0,2.0,0,2,3,0,0.0,0.0,0.0,0.0,0,1,72.5,21.920310216782973,0,1,2,0.0,0.5,0
A-2022-10-135,2022-10-12,15:20,CHOQUE,1,2,0,LIMA,LIMA,VILLA MARIA DEL TRIUNFO,URBANA,AVENIDA,URBANO,NO CORRESPONDE,-12.1451181041005,-76.95310168313546,DESPEJADO,COMERCIAL,INTERSECCIÓN,PLANA ,ASFALTADA,,,,,EN PROCESO DE INVESTIGACIÓN,NO CUENTA CON CAUSA ESPECIFICA,15.0,0,2022.0,10.0,2.0,0,2,3,0,1.0,0.0,0.0,1.0,0,0,18.333333333333332,14.364307617610164,0,0,3,0.0,0.0,0
A-2022-10-153,2022-10-12,18:40,ATROPELLO,1,1,0,PIURA,PIURA,CASTILLA,URBANA,AVENIDA,URBANO,NO CORRESPONDE,-5.191115,-80.618108,DESPEJADO,RURAL,TRAMO RECTO,PLANA ,AFIRMADO,,,,,EN PROCESO DE INVESTIGACIÓN,NO CUENTA CON CAUSA ESPECIFICA,18.0,0,2022.0,10.0,2.0,0,3,3,0,1.0,0.0,1.0,2.0,0,0,54.0,25.45584412271571,0,0,2,0.0,0.0,1
A-2022-10-109,2022-10-13,19:50,CHOQUE,1,0,3,LAMBAYEQUE,LAMBAYEQUE,LAMBAYEQUE,URBANA,CARRETERA,NACIONAL,PE-1N,-6.702838872057488,-79.9027044106271,DESPEJADO,RESIDENCIAL,INTERSECCIÓN,PLANA ,ASFALTADA,,,,,EN PROCESO DE INVESTIGACIÓN,NO CUENTA CON CAUSA ESPECIFICA,19.0,0,2022.0,10.0,3.0,0,3,3,0,0.0,0.0,0.0,0.0,0,0,37.666666666666664,14.977761292440647,0,1,3,0.0,0.333,1
A-2022-10-149,2022-10-13,20:00,CHOQUE,1,1,2,PIURA,PIURA,PIURA,URBANA,AVENIDA,URBANO,NO CORRESPONDE,-5.2005395,-80.6319879,DESPEJADO,RURAL,TRAMO RECTO,PLANA ,ASFALTADA,,,,,EN PROCESO DE INVESTIGACIÓN,NO CUENTA CON CAUSA ESPECIFICA,20.0,0,2022.0,10.0,3.0,0,3,3,0,1.0,0.0,0.0,1.0,0,0,24.5,3.5355339059327378,0,0,3,0.0,0.0,1
A-2022-10-203,2022-10-13,21:00,VOLCADURA,1,0,0,JUNIN,SATIPO,MAZAMARI,RURAL,CARRETERA,NACIONAL,PE-5S,-11.334264671255134,-74.5111546913697,DESPEJADO,RURAL,CURVA,INCLINADA,TROCHA,,,,,IMPRUDENCIA DEL CONDUCTOR,FATIGA Y/O CANSANCIO,21.0,0,2022.0,10.0,3.0,0,3,3,1,0.0,1.0,2.0,3.0,0,0,33.0,0.0,0,1,1,0.0,1.0,1
A-2022-10-154,2022-10-13,23:00,DESPISTE,1,0,0,PIURA,PIURA,PIURA,URBANA,AVENIDA,URBANO,NO CORRESPONDE,-5.180545,-80.631048,DESPEJADO,RURAL,TRAMO RECTO,PLANA ,AFIRMADO,,,,,EN PROCESO DE INVESTIGACIÓN,NO CUENTA CON CAUSA ESPECIFICA,23.0,0,2022.0,10.0,3.0,0,3,3,0,1.0,0.0,1.0,2.0,0,0,38.0,0.0,1,0,1,1.0,0.0,1
A-2022-10-165,2022-10-14,04:00,DESPISTE,3,2,1,JUNIN,JAUJA,JANJAILLO,RURAL,CARRETERA,PROVINCIAL,JU-690,-11.755389,-75.605817,DESPEJADO,RURAL,CURVA,INCLINADA,TROCHA,,,,,IMPRUDENCIA DEL CONDUCTOR,EXCESO DE VELOCIDAD,4.0,2,2022.0,10.0,4.0,0,0,3,1,0.0,1.0,2.0,3.0,0,0,33.0,13.397761006974262,0,1,5,0.0,0.2,1
A-2022-10-173,2022-10-14,04:40,CHOQUE,2,0,2,JUNIN,HUANCAYO,SAN AGUSTIN,URBANA,CARRETERA,NACIONAL,PE-3S,-12.016419,-75.243433,DESPEJADO,INDUSTRIAL,TRAMO RECTO,INCLINADA,ASFALTADA,,,,,IMPRUDENCIA DEL CONDUCTOR,CONDUCIR EN ESTADO DE EBRIEDAD Y/O DROGADICCIÓN,4.0,1,2022.0,10.0,4.0,0,0,3,1,0.0,1.0,0.0,1.0,0,0,40.0,23.811761799581316,1,1,3,0.333,0.333,1
A-2022-10-71,2022-10-14,05:20,DESPISTE,5,1,1,LA LIBERTAD,SANCHEZ CARRION,SARTIMBAMBA,RURAL,CARRETERA,PROVINCIAL,LI-852,-7.585258,-77.778588,DESPEJADO,RURAL,TRAMO RECTO,PLANA ,TROCHA,,,,,EN PROCESO DE INVESTIGACIÓN,NO CUENTA CON CAUSA ESPECIFICA,5.0,2,2022.0,10.0,4.0,0,0,3,0,0.0,0.0,2.0,2.0,0,0,32.42857142857143,12.59440540950813,0,1,7,0.0,0.143,1
A-2022-10-107,2022-10-14,10:45,DESPISTE,1,0,1,APURIMAC,CHINCHEROS,HUACCANA,URBANA,CARRETERA,NACIONAL,PE-3S,-13.489784,-73.813201,DESPEJADO,RESIDENCIAL,CURVA,PLANA ,ASFALTADA,SI,REGULADORA (R),PREVENTIVA (P),SI,IMPRUDENCIA DEL CONDUCTOR,FATIGA Y/O CANSANCIO,10.0,0,2022.0,10.0,4.0,0,1,3,1,0.0,0.0,0.0,0.0,0,0,38.0,31.11269837220809,0,1,2,0.0,0.5,0
A-2022-10-181,2022-10-14,18:50,DESPISTE,1,0,1,PIURA,SULLANA,IGNACIO ESCUDERO,RURAL,CARRETERA,NACIONAL,PE-1N,-4.796714912300754,-80.9405978393252,SOLEADO,RURAL,TRAMO RECTO,PLANA ,ASFALTADA,,,,,INFRAESTRUCTURA Y ENTORNO VIAL,ABANDONO DE OBJETOS EN LA VÍA,18.0,0,2022.0,10.0,4.0,0,3,3,0,0.0,0.0,0.0,0.0,0,0,65.0,0.0,0,1,1,0.0,1.0,1
A-2022-10-104,2022-10-14,19:30,CHOQUE,1,7,2,LAMBAYEQUE,LAMBAYEQUE,MORROPE,RURAL,CARRETERA,NACIONAL,PE-1N,-6.4314563,-80.1601104,DESPEJADO,RURAL,TRAMO RECTO,PLANA ,ASFALTADA,,,,,EN PROCESO DE INVESTIGACIÓN,NO CUENTA CON CAUSA ESPECIFICA,19.0,0,2022.0,10.0,4.0,0,3,3,0,0.0,0.0,0.0,0.0,0,0,40.55555555555556,15.09230856356236,0,2,9,0.0,0.222,1
A-2022-10-92,2022-10-15,07:00,CHOQUE,3,1,3,TACNA,TACNA,POCOLLAY,URBANA,CARRETERA,NACIONAL,PE-40,-17.995516,-70.221094,SOLEADO,RESIDENCIAL,INTERSECCIÓN,INCLINADA,ASFALTADA,NO,,,SI,IMPRUDENCIA DEL CONDUCTOR,OTRO (IMPRUDENCIA DEL CONDUCTOR),7.0,2,2022.0,10.0,5.0,1,1,3,0,0.0,1.0,0.0,1.0,0,1,36.6,14.876155417311288,0,2,5,0.0,0.4,0
A-2022-10-209,2022-10-15,07:30,CHOQUE,1,0,2,UCAYALI,PADRE ABAD,NESHUYA,RURAL,CARRETERA,DEPARTAMENTAL,UC-102,-8.606224,-74.99472,DESPEJADO,RURAL,TRAMO RECTO,INCLINADA,ASFALTADA,,,,,IMPRUDENCIA DEL CONDUCTOR,OTRO (IMPRUDENCIA DEL CONDUCTOR),7.0,0,2022.0,10.0,5.0,1,1,3,2,0.0,1.0,0.0,1.0,0,0,28.5,17.67766952966369,0,1,2,0.0,0.5,0
A-2022-10-159,2022-10-15,18:00,CHOQUE,1,0,1,PIURA,MORROPON,CHULUCANAS,RURAL,CARRETERA,NACIONAL,PE-1NR,-5.129888,-80.120564,DESPEJADO,RURAL,TRAMO RECTO,PLANA ,ASFALTADA,,,,,IMPRUDENCIA DEL CONDUCTOR,GIRAR IMPRUDENTEMENTE,18.0,0,2022.0,10.0,5.0,1,3,3,0,0.0,0.0,0.0,0.0,0,0,36.0,0.0,1,1,2,0.5,0.5,1
A-2022-10-54,2022-10-15,19:50,ATROPELLO FUGA,1,0,0,PUNO,PUNO,PUNO,URBANA,AVENIDA,URBANO,NO CORRESPONDE,-15.8470735,-70.0177107,DESPEJADO,ESCOLAR,TRAMO RECTO,PLANA ,ASFALTADA,NO,,,SI,IMPRUDENCIA DEL CONDUCTOR,OTRO (IMPRUDENCIA DEL CONDUCTOR),19.0,0,2022.0,10.0,5.0,1,3,3,1,1.0,0.0,0.0,1.0,0,1,53.0,0.0,0,0,2,0.0,0.0,1
A-2022-10-134,2022-10-15,22:30,ATROPELLO,1,0,0,LIMA,LIMA,PUNTA HERMOSA,URBANA,AVENIDA,URBANO,NO CORRESPONDE,-12.33011711643208,-76.82310101724002,DESPEJADO,INDUSTRIAL,TRAMO RECTO,PLANA ,ASFALTADA,,,,,EN PROCESO DE INVESTIGACIÓN,NO CUENTA CON CAUSA ESPECIFICA,22.0,0,2022.0,10.0,5.0,1,3,3,0,1.0,0.0,0.0,1.0,0,0,36.0,16.97056274847714,0,1,2,0.0,0.5,1
A-2022-10-204,2022-10-16,01:00,CHOQUE,1,1,0,JUNIN,CHANCHAMAYO,CHANCHAMAYO,URBANA,CARRETERA,NACIONAL,PE-22B,-11.067801149852883,-75.33676024143207,DESPEJADO,COMERCIAL,TRAMO RECTO,PLANA ,ASFALTADA,,,,,IMPRUDENCIA DEL CONDUCTOR,OTRO (IMPRUDENCIA DEL CONDUCTOR),1.0,0,2022.0,10.0,6.0,1,0,3,1,0.0,0.0,0.0,0.0,0,0,37.333333333333336,9.237604307034012,0,1,3,0.0,0.333,1
A-2022-10-72,2022-10-16,04:00,DESPISTE,1,0,1,LA LIBERTAD,ASCOPE,SANTIAGO DE CAO,RURAL,CARRETERA,PROVINCIAL,LI-667,-7.96199573041572,-79.21728982673376,DESPEJADO,RURAL,TRAMO RECTO,PLANA ,ASFALTADA,,,,,EN PROCESO DE INVESTIGACIÓN,NO CUENTA CON CAUSA ESPECIFICA,4.0,0,2022.0,10.0,6.0,1,0,3,0,0.0,0.0,0.0,0.0,0,0,25.0,0.0,0,1,1,0.0,1.0,1
A-2022-10-18,2022-10-16,04:30,CHOQUE,1,1,2,CUSCO,QUISPICANCHI,URCOS,RURAL,CARRETERA,NACIONAL,PE-3S,-13.731879285753203,-71.60063693181013,DESPEJADO,RURAL,CURVA,PLANA ,ASFALTADA,SI,PREVENTIVA (P),,SI,IMPRUDENCIA DEL CONDUCTOR,CONDUCIR EN ESTADO DE EBRIEDAD Y/O DROGADICCIÓN,4.0,0,2022.0,10.0,6.0,1,0,3,1,0.0,0.0,0.0,0.0,0,0,28.333333333333332,2.081665999466133,1,2,3,0.333,0.667,1
A-2022-10-24,2022-10-16,06:15,CHOQUE,1,1,2,SAN MARTIN,RIOJA,RIOJA,RURAL,CARRETERA,NACIONAL,PE-5N,-6.040358,-77.190356,DESPEJADO,RURAL,TRAMO RECTO,PLANA ,ASFALTADA,,,,,IMPRUDENCIA DEL CONDUCTOR,OTRO (IMPRUDENCIA DEL CONDUCTOR),6.0,0,2022.0,10.0,6.0,1,1,3,2,0.0,0.0,0.0,0.0,0,0,37.5,7.7781745930520225,0,2,2,0.0,1.0,0
A-2022-10-65,2022-10-16,07:00,DESPISTE,3,2,0,ANCASH,CASMA,CASMA,RURAL,CARRETERA,NACIONAL,PE-1N,-9.770923,-78.234891,DESPEJADO,RURAL,TRAMO RECTO,PLANA ,ASFALTADA,SI,REGULADORA (R),,NO,EN PROCESO DE INVESTIGACIÓN,NO CUENTA CON CAUSA ESPECIFICA,7.0,2,2022.0,10.0,6.0,1,1,3,0,0.0,0.0,0.0,0.0,0,1,24.666666666666668,12.096831541082704,0,1,6,0.0,0.167,0
A-2022-10-172,2022-10-16,09:20,DESPISTE,1,2,0,JUNIN,YAULI,MOROCOCHA,RURAL,CARRETERA,NACIONAL,PE-22,-11.599837,-76.173188,DESPEJADO,RURAL,TRAMO RECTO,PLANA ,ASFALTADA,NO,,,SI,IMPRUDENCIA DEL CONDUCTOR,OTRO (IMPRUDENCIA DEL CONDUCTOR),9.0,0,2022.0,10.0,6.0,1,1,3,1,0.0,0.0,0.0,0.0,0,1,45.0,19.44222209522358,0,1,4,0.0,0.25,0
A-2022-10-30,2022-10-16,11:40,CHOQUE,1,1,2,CUSCO,CHUMBIVILCAS,COLQUEMARCA,RURAL,CARRETERA,DEPARTAMENTAL,CU-119,-14.284698,-72.038057,DESPEJADO,RURAL,TRAMO RECTO,PLANA ,ASFALTADA,,,,,IMPRUDENCIA DEL CONDUCTOR,INVASIÓN DE CARRIL,11.0,0,2022.0,10.0,6.0,1,1,3,1,0.0,0.0,0.0,0.0,0,0,33.0,17.349351572897472,0,2,3,0.0,0.667,0
A-2022-10-97,2022-10-16,15:30,DESPISTE,1,0,0,APURIMAC,AYMARAES,COTARUSE,RURAL,CARRETERA,NACIONAL,PE-30A,-14.5016662,-73.25616799,,,,,,,,,,EN PROCESO DE INVESTIGACIÓN,NO CUENTA CON CAUSA ESPECIFICA,15.0,0,2022.0,10.0,6.0,1,2,3,1,0.0,1.0,1.0,2.0,0,0,48.0,4.242640687119285,0,0,2,0.0,0.0,0
A-2022-10-78,2022-10-16,16:00,VOLCADURA,1,5,1,LA LIBERTAD,VIRU,CHAO,RURAL,CARRETERA,DEPARTAMENTAL,LI-122,-8.48203893350164,-78.41339012786472,DESPEJADO,RURAL,TRAMO RECTO,PLANA ,AFIRMADO,,,,,EN PROCESO DE INVESTIGACIÓN,NO CUENTA CON CAUSA ESPECIFICA,16.0,0,2022.0,10.0,6.0,1,2,3,0,0.0,0.0,1.0,1.0,0,0,49.0,26.236107434856518,0,1,7,0.0,0.143,0
A-2022-10-20,2022-10-16,16:07,CHOQUE,1,1,2,AREQUIPA,CAYLLOMA,MAJES,RURAL,CARRETERA,NACIONAL,PE-1S,-16.426715,-72.260806,DESPEJADO,RURAL,TRAMO RECTO,PLANA ,ASFALTADA,NO,,,SI,EN PROCESO DE INVESTIGACIÓN,NO CUENTA CON CAUSA ESPECIFICA,16.0,0,2022.0,10.0,6.0,1,2,3,0,0.0,0.0,0.0,0.0,0,1,28.666666666666668,14.189197769195175,0,1,3,0.0,0.333,0
A-2022-10-74,2022-10-16,19:25,ATROPELLO,1,0,1,LA LIBERTAD,VIRU,CHAO,RURAL,CARRETERA,NACIONAL,PE-1N,-8.508694,-78.687557,DESPEJADO,RURAL,TRAMO RECTO,PLANA ,ASFALTADA,,,,,IMPRUDENCIA DEL PEATÓN,CRUCE INDEBIDO POR LA CALZADA,19.0,0,2022.0,10.0,6.0,1,3,3,0,0.0,0.0,0.0,0.0,0,0,40.0,0.0,0,1,2,0.0,0.5,1
A-2022-10-73,2022-10-16,22:30,DESPISTE,1,0,1,LA LIBERTAD,TRUJILLO,LAREDO,RURAL,CARRETERA,NACIONAL,PE-10A,-8.105556921897492,-78.99334986361261,DESPEJADO,RURAL,TRAMO RECTO,PLANA ,ASFALTADA,,,,,IMPRUDENCIA DEL CONDUCTOR,DESACATO DE SEÑAL DE TRÁNSITO,22.0,0,2022.0,10.0,6.0,1,3,3,0,0.0,0.0,0.0,0.0,0,0,26.0,0.0,0,0,1,0.0,0.0,1
A-2022-10-21,2022-10-16,22:40,CHOQUE,1,0,1,CUSCO,PAUCARTAMBO,COLQUEPATA,RURAL,CARRETERA,PROVINCIAL,CU-1049,-13.38813221163884,-71.61808936915784,DESPEJADO,RURAL,TRAMO RECTO,INCLINADA,AFIRMADO,,,,,NEGLIGENCIA DEL CONDUCTOR,OTRO (NEGLIGENCIA DEL CONDUCTOR),22.0,0,2022.0,10.0,6.0,1,3,3,1,0.0,1.0,1.0,2.0,0,0,34.0,14.142135623730951,0,1,2,0.0,0.5,1
A-2022-10-75,2022-10-16,23:30,DESPISTE,1,0,1,LA LIBERTAD,OTUZCO,MACHE,URBANA,CARRETERA,DEPARTAMENTAL,LI-119,-8.033388,-78.535377,DESPEJADO,COMERCIAL,TRAMO RECTO,PLANA ,ASFALTADA,,,,,EN PROCESO DE INVESTIGACIÓN,NO CUENTA CON CAUSA ESPECIFICA,23.0,0,2022.0,10.0,6.0,1,3,3,0,0.0,0.0,0.0,0.0,0,0,55.0,0.0,0,0,1,0.0,0.0,1
A-2022-10-110,2022-10-17,03:30,CHOQUE FUGA,1,3,1,LAMBAYEQUE,LAMBAYEQUE,MOCHUMI,RURAL,CARRETERA,NACIONAL,PE-1NJ,-6.5785914,-79.8746824,DESPEJADO,RURAL,TRAMO RECTO,PLANA ,ASFALTADA,,,,,EN PROCESO DE INVESTIGACIÓN,NO CUENTA CON CAUSA ESPECIFICA,3.0,0,2022.0,10.0,0.0,0,0,3,0,0.0,0.0,0.0,0.0,0,0,42.0,18.384776310850235,0,0,5,0.0,0.0,1
A-2022-10-29,2022-10-17,06:30,ATROPELLO,1,1,1,CUSCO,ANTA,ZURITE,RURAL,CARRETERA,NACIONAL,PE-3S,-13.489434883491962,-72.24052265359757,DESPEJADO,RURAL,TRAMO RECTO,PLANA ,ASFALTADA,SI,REGULADORA (R),PREVENTIVA (P),SI,IMPRUDENCIA DEL CONDUCTOR,EXCESO DE VELOCIDAD,6.0,0,2022.0,10.0,0.0,0,1,3,1,0.0,0.0,0.0,0.0,0,0,45.5,28.991378028648448,0,1,2,0.0,0.5,0
A-2022-10-45,2022-10-17,11:30,DESPISTE,1,0,1,ANCASH,HUARI,HUANTAR,RURAL,CARRETERA,DEPARTAMENTAL,AN-110,-9.473790857008252,-77.14136172349451,DESPEJADO,RURAL,CURVA,INCLINADA,ASFALTADA,,,,,IMPERICIA DEL CONDUCTOR,,11.0,0,2022.0,10.0,0.0,0,1,3,0,0.0,1.0,0.0,1.0,0,0,47.0,0.0,0,1,1,0.0,1.0,0
A-2022-10-117,2022-10-18,02:30,CAÍDA DE PASAJERO,1,0,0,CALLAO,CALLAO,VENTANILLA,URBANA,AVENIDA,URBANO,NO CORRESPONDE,-11.9182403,-77.13930413,LLUVIOSO,COMERCIAL,TRAMO RECTO,PLANA ,ASFALTADA,,,,,IMPRUDENCIA DEL CONDUCTOR,EXCESO DE VELOCIDAD,2.0,0,2022.0,10.0,1.0,0,0,3,0,1.0,0.0,0.0,1.0,1,0,46.0,5.656854249492381,0,1,2,0.0,0.5,1