CODIGO_SINIESTRO,FECHA_SINIESTRO,HORA_SINIESTRO,CLASE_SINIESTRO,CANTIDAD_FALLECIDOS,CANTIDAD_LESIONADOS,CANTIDAD_VEHICULOS,DEPARTAMENTO,PROVINCIA,DISTRITO,ZONA,TIPO_VIA,RED_VIAL,COD_CARRETERA,LATITUD,LONGITUD,CONDICION_CLIMATICA,ZONIFICACION,CARACTERISTICAS_VIA,PERFIL_VIA,SUPERFICIE_CALZADA,EXISTE_SENIAL_VERTICAL,CLASIFICACION_SENIAL_VERTICAL_1,CLASIFICACION_SENIAL_VERTICAL_2,EXISTE_SENIAL_HORIZONTAL,CAUSA_FACTOR_PRINCIPAL,CAUSA_ESPECIFICA,HORA,severidad,ANIO,MES,DIA_SEMANA,FIN_SEMANA,FRANJA_HORARIA,TEMPORADA,MACROREGION,TIPO_VIA_SCORE,PERFIL_VIA_SCORE,SUPERFICIE_CALZADA_SCORE,RIESGO_INFRAESTRUCTURA,RIESGO_CLIMATICO,SENIALIZACION_DEFICIENTE,EDAD_PROMEDIO,EDAD_STD,TOTAL_ALCOHOL,TOTAL_LICENCIA,TOTAL_PERSONAS,PCT_ALCOHOL,PCT_LICENCIA,ES_NOCHE
A-2022-10-79,2022-10-18,05:20,DESPISTE,2,1,1,LA LIBERTAD,SANCHEZ CARRION,COCHORCO,RURAL,CARRETERA,NACIONAL,PE-10C,-7.778838,-77.76138,DESPEJADO,RURAL,TRAMO RECTO,PLANA ,TROCHA,,,,,IMPRUDENCIA DEL CONDUCTOR,INVASIÓN DE CARRIL,5.0,1,2022.0,10.0,1.0,0,0,3,0,0.0,0.0,2.0,2.0,0,0,37.0,14.89966442575134,0,1,4,0.0,0.25,1
A-2022-10-210,2022-10-18,11:00,ATROPELLO,1,0,0,UCAYALI,CORONEL PORTILLO,CALLERIA,URBANA,CARRETERA,NACIONAL,PE-18C,-8.384031,-74.54604,DESPEJADO,COMERCIAL,TRAMO RECTO,PLANA ,EMPEDRADO,,,,,IMPRUDENCIA DEL PEATÓN,OTRO (IMPRUDENCIA DEL PEATÓN),11.0,0,2022.0,10.0,1.0,0,1,3,2,0.0,0.0,1.0,1.0,0,0,46.5,33.23401871576773,0,0,2,0.0,0.0,0
A-2022-10-55,2022-10-18,15:10,ATROPELLO,1,0,1,PUNO,PUNO,ACORA,RURAL,CARRETERA,NACIONAL,PE-3S,-15.96115275585092,-69.81569065508157,DESPEJADO,RURAL,TRAMO RECTO,PLANA ,ASFALTADA,,,,,IMPRUDENCIA DEL PEATÓN,CRUCE INDEBIDO POR LA CALZADA,15.0,0,2022.0,10.0,1.0,0,2,3,1,0.0,0.0,0.0,0.0,0,0,54.0,14.142135623730951,0,1,2,0.0,0.5,0
A-2022-10-133,2022-10-18,19:45,DESPISTE,1,0,0,LIMA,LIMA,SAN MARTIN DE PORRES,URBANA,AVENIDA,URBANO,NO CORRESPONDE,-12.00789,-77.082345,,,,,,,,,,EN PROCESO DE INVESTIGACIÓN,NO CUENTA CON CAUSA ESPECIFICA,19.0,0,2022.0,10.0,1.0,0,3,3,0,1.0,1.0,1.0,3.0,0,0,51.0,0.0,0,0,1,0.0,0.0,1
A-2022-10-188,2022-10-19,19:10,DESPISTE,1,4,1,ICA,ICA,SALAS,RURAL,CARRETERA,NACIONAL,PE-1S,-14.00055522161072,-75.76813952987881,DESPEJADO,RURAL,TRAMO RECTO,PLANA ,ASFALTADA,,,,,EN PROCESO DE INVESTIGACIÓN,NO CUENTA CON CAUSA ESPECIFICA,19.0,0,2022.0,10.0,2.0,0,3,3,0,0.0,0.0,0.0,0.0,0,0,18.6,1.3416407864998738,0,1,5,0.0,0.2,1
A-2022-10-156,2022-10-19,22:28,CHOQUE CON OBJETO FIJO,1,2,1,MOQUEGUA,MARISCAL NIETO,TORATA,RURAL,CARRETERA,PROVINCIAL,MO-579,-17.079439816526428,-70.84838394365939,DESPEJADO,RURAL,TRAMO RECTO,INCLINADA,ASFALTADA,SI,PREVENTIVA (P),,NO,IMPRUDENCIA DEL CONDUCTOR,EXCESO DE VELOCIDAD,22.0,0,2022.0,10.0,2.0,0,3,3,0,0.0,1.0,0.0,1.0,0,1,31.0,4.58257569495584,1,1,3,0.333,0.333,1
A-2022-10-80,2022-10-20,03:00,DESPISTE,1,0,1,LA LIBERTAD,TRUJILLO,LA ESPERANZA,URBANA,AVENIDA,URBANO,NO CORRESPONDE,-8.084082903826076,-79.04408476444254,DESPEJADO,COMERCIAL,TRAMO RECTO,PLANA ,ASFALTADA,,,,,IMPRUDENCIA DEL CONDUCTOR,OTRO (IMPRUDENCIA DEL CONDUCTOR),3.0,0,2022.0,10.0,3.0,0,0,3,0,1.0,0.0,0.0,1.0,0,0,31.0,0.0,0,1,1,0.0,1.0,1
A-2022-10-196,2022-10-20,14:42,CHOQUE,1,1,0,LORETO,MAYNAS,IQUITOS,URBANA,CARRETERA,NACIONAL,PE-5NI,-3.7437743,-73.2424293,DESPEJADO,COMERCIAL,TRAMO RECTO,PLANA ,ASFALTADA,,,,,IMPRUDENCIA DEL CONDUCTOR,INVASIÓN DE CARRIL,14.0,0,2022.0,10.0,3.0,0,2,3,2,0.0,0.0,0.0,0.0,0,0,31.5,2.1213203435596424,0,0,3,0.0,0.0,0
A-2022-10-205,2022-10-20,16:50,CHOQUE,1,0,0,JUNIN,SATIPO,RIO NEGRO,RURAL,CARRETERA,NACIONAL,PE-5S,-11.19766679326466,-74.66462006310384,DESPEJADO,RURAL,TRAMO RECTO,PLANA ,ASFALTADA,,,,,IMPRUDENCIA DEL CONDUCTOR,INVASIÓN DE CARRIL,16.0,0,2022.0,10.0,3.0,0,2,3,1,0.0,0.0,0.0,0.0,0,0,32.0,4.242640687119285,0,2,2,0.0,1.0,0
A-2022-10-168,2022-10-20,18:50,CHOQUE,1,0,0,JUNIN,CHUPACA,CHUPACA,URBANA,CARRETERA,PROVINCIAL,JU-891,-12.05742,-75.272283,DESPEJADO,RURAL,TRAMO RECTO,PLANA ,ASFALTADA,NO,,,SI,IMPRUDENCIA DEL CONDUCTOR,ADELANTAR INDEBIDAMENTE,18.0,0,2022.0,10.0,3.0,0,3,3,1,0.0,0.0,0.0,0.0,0,1,16.333333333333332,14.224392195567914,0,1,3,0.0,0.333,1
A-2022-10-163,2022-10-20,20:00,ATROPELLO,1,0,1,LORETO,MAYNAS,IQUITOS,URBANA,CALLE,URBANO,NO CORRESPONDE,-3.7403536,-73.2517471,DESPEJADO,RURAL,TRAMO RECTO,PLANA ,ASFALTADA,,,,,IMPRUDENCIA DEL CONDUCTOR,EXCESO DE VELOCIDAD,20.0,0,2022.0,10.0,3.0,0,3,3,2,2.0,0.0,0.0,2.0,0,0,47.5,38.890872965260115,0,0,2,0.0,0.0,1
A-2022-10-40,2022-10-21,03:00,CHOQUE,1,0,2,PASCO,PASCO,CHAUPIMARCA,URBANA,CARRETERA,NACIONAL,PE-3N,-10.7163567172497,-76.24258502249458,DESPEJADO,COMERCIAL,TRAMO RECTO,INCLINADA,ASFALTADA,,,,,EN PROCESO DE INVESTIGACIÓN,NO CUENTA CON CAUSA ESPECIFICA,3.0,0,2022.0,10.0,4.0,0,0,3,1,0.0,1.0,0.0,1.0,0,0,25.0,0.0,0,0,3,0.0,0.0,1
A-2022-10-132,2022-10-21,03:50,CHOQUE,7,3,0,LIMA,LIMA,PUNTA HERMOSA,URBANA,CARRETERA,NACIONAL,PE-1S,-12.332332547463732,-76.82065955391347,DESPEJADO,RURAL,TRAMO RECTO,PLANA ,ASFALTADA,,,,,EN PROCESO DE INVESTIGACIÓN,NO CUENTA CON CAUSA ESPECIFICA,3.0,2,2022.0,10.0,4.0,0,0,3,0,0.0,0.0,0.0,0.0,0,0,39.25,21.552262062252307,0,2,11,0.0,0.182,1
A-2022-10-199,2022-10-21,05:30,CHOQUE,1,0,2,ICA,CHINCHA,ALTO LARAN,RURAL,CARRETERA,PROVINCIAL,IC-514,-13.45315334,-76.09587616,DESPEJADO,RURAL,TRAMO RECTO,PLANA ,ASFALTADA,,,,,IMPRUDENCIA DEL CONDUCTOR,INVASIÓN DE CARRIL,5.0,0,2022.0,10.0,4.0,0,0,3,0,0.0,0.0,0.0,0.0,0,0,50.5,28.991378028648448,0,2,2,0.0,1.0,1
A-2022-10-123,2022-10-21,16:50,ATROPELLO,1,0,0,CALLAO,CALLAO,CALLAO,URBANA,CARRETERA,NACIONAL,PE-20,-11.9571297,-77.128831317,DESPEJADO,INDUSTRIAL,TRAMO RECTO,PLANA ,ASFALTADA,SI,REGULADORA (R),,NO,IMPRUDENCIA DEL CONDUCTOR,OTRO (IMPRUDENCIA DEL CONDUCTOR),16.0,0,2022.0,10.0,4.0,0,2,3,0,0.0,0.0,0.0,0.0,0,1,53.5,36.062445840513924,0,1,2,0.0,0.5,0
A-2022-10-81,2022-10-21,19:45,CHOQUE,1,0,2,LA LIBERTAD,ASCOPE,CHICAMA,RURAL,CARRETERA,NACIONAL,PE-1NF,-7.634195853020548,-78.93936596008311,DESPEJADO,RURAL,TRAMO RECTO,PLANA ,ASFALTADA,,,,,IMPRUDENCIA DEL CONDUCTOR,OTRO (IMPRUDENCIA DEL CONDUCTOR),19.0,0,2022.0,10.0,4.0,0,3,3,0,0.0,0.0,0.0,0.0,0,0,56.0,11.313708498984761,0,1,2,0.0,0.5,1
A-2022-10-66,2022-10-21,19:50,ATROPELLO,2,0,0,ANCASH,HUARMEY,HUARMEY,RURAL,CARRETERA,NACIONAL,PE-1N,-10.180887,-78.070966,DESPEJADO,RURAL,TRAMO RECTO,PLANA ,ASFALTADA,,,,,EN PROCESO DE INVESTIGACIÓN,NO CUENTA CON CAUSA ESPECIFICA,19.0,1,2022.0,10.0,4.0,0,3,3,0,0.0,0.0,0.0,0.0,0,0,46.5,12.020815280171307,0,1,3,0.0,0.333,1
A-2022-10-102,2022-10-21,20:00,DESPISTE,1,2,1,LAMBAYEQUE,LAMBAYEQUE,LAMBAYEQUE,URBANA,CALLE,URBANO,NO CORRESPONDE,-6.70663,-79.913605,DESPEJADO,RESIDENCIAL,TRAMO RECTO,PLANA ,ASFALTADA,,,,,EN PROCESO DE INVESTIGACIÓN,NO CUENTA CON CAUSA ESPECIFICA,20.0,0,2022.0,10.0,4.0,0,3,3,0,2.0,0.0,0.0,2.0,0,0,20.0,1.4142135623730951,0,0,3,0.0,0.0,1
A-2022-10-189,2022-10-22,03:20,CHOQUE,1,0,2,ICA,PISCO,SAN ANDRES,URBANA,CARRETERA,NACIONAL,PE-1SG,-13.724683,-76.222012,DESPEJADO,COMERCIAL,TRAMO RECTO,PLANA ,ASFALTADA,,,,,EN PROCESO DE INVESTIGACIÓN,NO CUENTA CON CAUSA ESPECIFICA,3.0,0,2022.0,10.0,5.0,1,0,3,0,0.0,0.0,0.0,0.0,0,0,48.5,7.7781745930520225,0,2,2,0.0,1.0,1
A-2022-10-150,2022-10-22,05:30,CHOQUE,1,2,4,PIURA,SECHURA,CRISTO NOS VALGA,RURAL,CARRETERA,NACIONAL,PE-1N,-5.5478073,-80.5849894,DESPEJADO,RURAL,TRAMO RECTO,PLANA ,ASFALTADA,,,,,EN PROCESO DE INVESTIGACIÓN,NO CUENTA CON CAUSA ESPECIFICA,5.0,0,2022.0,10.0,5.0,1,0,3,0,0.0,0.0,0.0,0.0,0,0,40.25,9.322910847297997,0,3,4,0.0,0.75,1
A-2022-10-27,2022-10-22,06:00,DESPISTE,5,0,1,AREQUIPA,CAYLLOMA,MAJES,RURAL,CARRETERA,DEPARTAMENTAL,AR-105,-16.4297463,-72.3623792,DESPEJADO,RURAL,TRAMO RECTO,PLANA ,ASFALTADA,,,,,EN PROCESO DE INVESTIGACIÓN,NO CUENTA CON CAUSA ESPECIFICA,6.0,2,2022.0,10.0,5.0,1,1,3,0,0.0,0.0,0.0,0.0,0,0,56.0,18.027756377319946,0,1,5,0.0,0.2,0
A-2022-10-67,2022-10-22,07:30,CHOQUE,1,0,0,ANCASH,SANTA,NUEVO CHIMBOTE,URBANA,CARRETERA,NACIONAL,PE-1N,-9.146313,-78.511861,DESPEJADO,RESIDENCIAL,TRAMO RECTO,PLANA ,ASFALTADA,,,,,EN PROCESO DE INVESTIGACIÓN,NO CUENTA CON CAUSA ESPECIFICA,7.0,0,2022.0,10.0,5.0,1,1,3,0,0.0,0.0,0.0,0.0,0,0,42.0,19.79898987322333,2,1,2,1.0,0.5,0
A-2022-10-101,2022-10-22,11:10,DESPISTE,1,1,1,AMAZONAS,RODRIGUEZ DE MENDOZA,OMIA,RURAL,CARRETERA,SIN CLASIFICAR,SIN CLASIFICAR,-6.4135619,-77.360909,DESPEJADO,RURAL,TRAMO RECTO,PLANA ,ASFALTADA,,,,,EN PROCESO DE INVESTIGACIÓN,NO CUENTA CON CAUSA ESPECIFICA,11.0,0,2022.0,10.0,5.0,1,1,3,2,0.0,0.0,0.0,0.0,0,0,24.5,0.7071067811865476,0,0,2,0.0,0.0,0
A-2022-10-82,2022-10-22,16:15,ATROPELLO,1,0,1,LA LIBERTAD,TRUJILLO,EL PORVENIR,URBANA,CALLE,URBANO,NO CORRESPONDE,-8.085705739843602,-79.01043913015172,DESPEJADO,COMERCIAL,TRAMO RECTO,PLANA ,ASFALTADA,,,,,IMPRUDENCIA DEL CONDUCTOR,CONDUCIR EN ESTADO DE EBRIEDAD Y/O DROGADICCIÓN,16.0,0,2022.0,10.0,5.0,1,2,3,0,2.0,0.0,0.0,2.0,0,0,55.0,21.213203435596427,0,0,2,0.0,0.0,0
A-2022-10-190,2022-10-22,16:40,CHOQUE,1,0,2,ICA,PISCO,SAN ANDRES,URBANA,CARRETERA,NACIONAL,PE-1SB,-13.7125937403694,-76.1615861223051,DESPEJADO,COMERCIAL,TRAMO RECTO,PLANA ,ASFALTADA,,,,,EN PROCESO DE INVESTIGACIÓN,NO CUENTA CON CAUSA ESPECIFICA,16.0,0,2022.0,10.0,5.0,1,2,3,0,0.0,0.0,0.0,0.0,0,0,55.0,11.313708498984761,0,0,2,0.0,0.0,0
A-2022-10-34,2022-10-22,18:26,ATROPELLO,1,0,0,CUSCO,CUSCO,WANCHAQ,URBANA,CARRETERA,NACIONAL,PE-3S,-13.5330045,-71.9584463,DESPEJADO,RESIDENCIAL,TRAMO RECTO,PLANA ,ASFALTADA,SI,PREVENTIVA (P),,NO,IMPRUDENCIA DEL PEATÓN,CRUCE INDEBIDO POR LA CALZADA,18.0,0,2022.0,10.0,5.0,1,3,3,1,0.0,0.0,0.0,0.0,0,1,42.0,2.8284271247461903,0,1,2,0.0,0.5,1
A-2022-10-19,2022-10-22,19:40,DESPISTE,1,0,1,CUSCO,ESPINAR,ESPINAR,URBANA,CARRETERA,NACIONAL,PE-3SK,-14.81369644941654,-71.39221523941819,DESPEJADO,RURAL,TRAMO RECTO,PLANA ,ASFALTADA,,,,,NEGLIGENCIA DEL CONDUCTOR,OTRO (NEGLIGENCIA DEL CONDUCTOR),19.0,0,2022.0,10.0,5.0,1,3,3,1,0.0,0.0,0.0,0.0,0,0,47.0,0.0,0,0,1,0.0,0.0,1
A-2022-10-122,2022-10-22,21:00,ATROPELLO,1,0,1,CALLAO,CALLAO,CALLAO,URBANA,AVENIDA,URBANO,NO CORRESPONDE,-11.9761301,-77.127638817,DESPEJADO,INDUSTRIAL,TRAMO RECTO,PLANA ,ASFALTADA,NO,,,SI,IMPRUDENCIA DEL PEATÓN,ESTADO DE EBRIEDAD Y/O DROGADICCIÓN,21.0,0,2022.0,10.0,5.0,1,3,3,0,1.0,0.0,0.0,1.0,0,1,35.5,21.920310216782973,0,1,2,0.0,0.5,1
A-2022-10-161,2022-10-22,22:30,DESPISTE,1,0,1,LAMBAYEQUE,LAMBAYEQUE,OLMOS,RURAL,CARRETERA,PROVINCIAL,PI-938,-5.857127,-79.651379,DESPEJADO,RURAL,TRAMO RECTO,INCLINADA,CASCAJO/RIPIO,,,,,IMPRUDENCIA DEL CONDUCTOR,EXCESO DE VELOCIDAD,22.0,0,2022.0,10.0,5.0,1,3,3,0,0.0,1.0,1.0,2.0,0,0,43.0,0.0,0,1,2,0.0,0.5,1
A-2022-10-206,2022-10-23,01:00,VOLCADURA,1,1,1,JUNIN,CHANCHAMAYO,SAN RAMON,RURAL,CARRETERA,DEPARTAMENTAL,JU-104,-11.13618087138012,-75.35505343335127,DESPEJADO,COMERCIAL,INTERSECCIÓN,PLANA ,ASFALTADA,,,,,EN PROCESO DE INVESTIGACIÓN,NO CUENTA CON CAUSA ESPECIFICA,1.0,0,2022.0,10.0,6.0,1,0,3,1,0.0,0.0,0.0,0.0,0,0,30.0,5.196152422706632,0,0,3,0.0,0.0,1
A-2022-10-26,2022-10-23,02:45,DESPISTE,1,0,1,SAN MARTIN,MOYOBAMBA,CALZADA,URBANA,CARRETERA,NACIONAL,PE-5N,-6.041973,-77.132429,DESPEJADO,RURAL,CURVA,PLANA ,ASFALTADA,,,,,IMPERICIA DEL CONDUCTOR,,2.0,0,2022.0,10.0,6.0,1,0,3,2,0.0,0.0,0.0,0.0,0,0,31.0,0.0,0,0,1,0.0,0.0,1
A-2022-10-125,2022-10-23,03:00,ESPECIAL,1,0,0,LIMA,BARRANCA,SUPE,URBANA,CALLE,URBANO,NO CORRESPONDE,-10.77089488,-77.66253708,DESPEJADO,RESIDENCIAL,OTRO,PLANA ,AFIRMADO,,,,,EN PROCESO DE INVESTIGACIÓN,NO CUENTA CON CAUSA ESPECIFICA,3.0,0,2022.0,10.0,6.0,1,0,3,0,2.0,0.0,1.0,3.0,0,0,41.0,4.242640687119285,0,0,2,0.0,0.0,1
A-2022-10-166,2022-10-23,05:30,CHOQUE,1,1,2,JUNIN,JAUJA,PARCO,RURAL,CARRETERA,NACIONAL,PE-3S,-11.802236,-75.528333,DESPEJADO,RURAL,CURVA,PLANA ,ASFALTADA,,,,,IMPRUDENCIA DEL CONDUCTOR,EXCESO DE VELOCIDAD,5.0,0,2022.0,10.0,6.0,1,0,3,1,0.0,0.0,0.0,0.0,0,0,43.5,19.841034919244173,0,2,4,0.0,0.5,1
A-2022-10-76,2022-10-23,12:00,CHOQUE,1,0,2,PUNO,AZANGARO,CAMINACA,RURAL,CARRETERA,DEPARTAMENTAL,PU-113,-15.2809077,-70.0833549,DESPEJADO,RURAL,TRAMO RECTO,PLANA ,ASFALTADA,,,,,IMPRUDENCIA DEL CONDUCTOR,EXCESO DE VELOCIDAD,12.0,0,2022.0,10.0,6.0,1,2,3,1,0.0,0.0,0.0,0.0,0,0,19.0,9.899494936611665,0,1,2,0.0,0.5,0
A-2022-10-83,2022-10-23,15:40,DESPISTE,3,8,1,LA LIBERTAD,VIRU,GUADALUPITO,RURAL,CARRETERA,NACIONAL,PE-1N,-8.787714,-78.640269,DESPEJADO,RURAL,TRAMO RECTO,PLANA ,ASFALTADA,,,,,NEGLIGENCIA DEL CONDUCTOR,CONDUCIR CON FALLAS DE NEUMÁTICOS,15.0,2,2022.0,10.0,6.0,1,2,3,0,0.0,0.0,0.0,0.0,0,0,34.25,11.144709303276844,0,1,12,0.0,0.083,0
A-2022-10-46,2022-10-23,20:00,CHOQUE,2,2,3,ANCASH,YUNGAY,YUNGAY,RURAL,CALLE,URBANO,NO CORRESPONDE,-9.142371862121076,-77.74714557515162,DESPEJADO,RURAL,TRAMO RECTO,PLANA ,ASFALTADA,SI,PREVENTIVA (P),PREVENTIVA (P),SI,IMPRUDENCIA DEL CONDUCTOR,INVASIÓN DE CARRIL,20.0,1,2022.0,10.0,6.0,1,3,3,0,2.0,0.0,0.0,2.0,0,0,29.6,10.261578825892242,0,2,5,0.0,0.4,1
A-2022-10-184,2022-10-23,21:00,DESPISTE,1,0,0,PIURA,AYABACA,PAIMAS,RURAL,CARRETERA,NACIONAL,PE-1NT,-4.670343319942845,-79.89076984122505,DESPEJADO,RURAL,CURVA,INCLINADA,AFIRMADO,,,,,IMPRUDENCIA DEL CONDUCTOR,OTRO (IMPRUDENCIA DEL CONDUCTOR),21.0,0,2022.0,10.0,6.0,1,3,3,0,0.0,1.0,1.0,2.0,0,0,49.5,14.849242404917497,0,1,2,0.0,0.5,1
A-2022-10-90,2022-10-23,23:10,ATROPELLO,1,0,1,LAMBAYEQUE,LAMBAYEQUE,MORROPE,RURAL,CARRETERA,NACIONAL,PE-1N,-6.5912381,-79.9794219,DESPEJADO,RURAL,TRAMO RECTO,PLANA ,ASFALTADA,,,,,EN PROCESO DE INVESTIGACIÓN,NO CUENTA CON CAUSA ESPECIFICA,23.0,0,2022.0,10.0,6.0,1,3,3,0,0.0,0.0,0.0,0.0,0,0,56.5,4.949747468305833,0,1,2,0.0,0.5,1
A-2022-10-28,2022-10-24,02:00,ATROPELLO,1,0,1,AREQUIPA,AREQUIPA,CERRO COLORADO,URBANA,CARRETERA,NACIONAL,PE-34A,-16.4072297,-71.6049182,DESPEJADO,INDUSTRIAL,TRAMO RECTO,PLANA ,ASFALTADA,NO,,,SI,EN PROCESO DE INVESTIGACIÓN,NO CUENTA CON CAUSA ESPECIFICA,2.0,0,2022.0,10.0,0.0,0,0,3,0,0.0,0.0,0.0,0.0,0,1,38.0,5.656854249492381,0,1,2,0.0,0.5,1
A-2022-10-155,2022-10-24,02:30,DESPISTE,1,0,0,PIURA,PIURA,PIURA,RURAL,CARRETERA,NACIONAL,PE-1N,-5.048571,-80.702771,DESPEJADO,RURAL,TRAMO RECTO,PLANA ,ASFALTADA,,,,,EN PROCESO DE INVESTIGACIÓN,NO CUENTA CON CAUSA ESPECIFICA,2.0,0,2022.0,10.0,0.0,0,0,3,0,0.0,0.0,0.0,0.0,0,0,32.0,0.0,0,0,1,0.0,0.0,1
A-2022-10-33,2022-10-24,03:00,DESPISTE,1,0,1,SAN MARTIN,RIOJA,NUEVA CAJAMARCA,URBANA,CARRETERA,DEPARTAMENTAL,SM-113,-5.946134,-77.288765,LLUVIOSO,RURAL,TRAMO RECTO,PLANA ,ASFALTADA,,,,,NEGLIGENCIA DEL CONDUCTOR,OTRO (NEGLIGENCIA DEL CONDUCTOR),3.0,0,2022.0,10.0,0.0,0,0,3,2,0.0,0.0,0.0,0.0,1,0,39.0,0.0,0,0,1,0.0,0.0,1
A-2022-10-99,2022-10-24,04:10,CHOQUE CON OBJETO FIJO,1,0,1,TUMBES,TUMBES,TUMBES,URBANA,CARRETERA,NACIONAL,PE-1N,-3.5550008808020586,-80.43687968382321,DESPEJADO,RESIDENCIAL,TRAMO RECTO,PLANA ,ASFALTADA,,,,,IMPRUDENCIA DEL CONDUCTOR,CONDUCIR EN ESTADO DE EBRIEDAD Y/O DROGADICCIÓN,4.0,0,2022.0,10.0,0.0,0,0,3,0,0.0,0.0,0.0,0.0,0,0,35.0,0.0,0,1,1,0.0,1.0,1
A-2022-10-178,2022-10-24,05:00,DESPISTE,2,2,1,HUANCAVELICA,HUANCAVELICA,HUANCAVELICA,RURAL,CARRETERA,PROVINCIAL,HV-896,-12.92452108045251,-74.92311524477275,DESPEJADO,RURAL,CURVA,PLANA ,AFIRMADO,,,,,NEGLIGENCIA DEL CONDUCTOR,CONDUCIR CON FALLAS DE NEUMÁTICOS,5.0,1,2022.0,10.0,0.0,0,0,3,1,0.0,0.0,1.0,1.0,0,0,34.0,11.313708498984761,0,1,4,0.0,0.25,1
A-2022-10-84,2022-10-24,05:30,ATROPELLO FUGA,1,0,1,LA LIBERTAD,ASCOPE,CASA GRANDE,RURAL,CARRETERA,SIN CLASIFICAR,SIN CLASIFICAR,-7.772012,-79.16684,DESPEJADO,RURAL,TRAMO RECTO,PLANA ,TROCHA,,,,,EN PROCESO DE INVESTIGACIÓN,NO CUENTA CON CAUSA ESPECIFICA,5.0,0,2022.0,10.0,0.0,0,0,3,0,0.0,0.0,2.0,2.0,0,0,49.0,0.0,0,0,2,0.0,0.0,1
A-2022-10-85,2022-10-24,05:30,CHOQUE,1,0,2,LA LIBERTAD,CHEPEN,CHEPEN,RURAL,CARRETERA,NACIONAL,PE-1N,-7.1905379225024655,-79.43022090778861,DESPEJADO,RURAL,TRAMO RECTO,PLANA ,ASFALTADA,,,,,EN PROCESO DE INVESTIGACIÓN,NO CUENTA CON CAUSA ESPECIFICA,5.0,0,2022.0,10.0,0.0,0,0,3,0,0.0,0.0,0.0,0.0,0,0,40.666666666666664,12.096831541082702,0,2,3,0.0,0.667,1
A-2022-10-148,2022-10-24,08:50,CHOQUE,1,0,0,LIMA,LIMA,COMAS,URBANA,AVENIDA,URBANO,NO CORRESPONDE,-11.923537566881812,-77.05427522669308,DESPEJADO,RESIDENCIAL,TRAMO RECTO,PLANA ,ASFALTADA,,,,,EN PROCESO DE INVESTIGACIÓN,NO CUENTA CON CAUSA ESPECIFICA,8.0,0,2022.0,10.0,0.0,0,1,3,0,1.0,0.0,0.0,1.0,0,0,43.666666666666664,16.258331197676263,0,1,3,0.0,0.333,0
A-2022-10-96,2022-10-24,13:50,DESPISTE,3,0,1,TACNA,TACNA,ALTO DE LA ALIANZA,URBANA,CARRETERA,PROVINCIAL,TA-619,-17.984444,-70.244534,DESPEJADO,RESIDENCIAL,TRAMO RECTO,INCLINADA,ASFALTADA,,,,,IMPRUDENCIA DEL CONDUCTOR,CONDUCIR EN ESTADO DE EBRIEDAD Y/O DROGADICCIÓN,13.0,2,2022.0,10.0,0.0,0,2,3,0,0.0,1.0,0.0,1.0,0,0,45.0,5.291502622129181,0,0,3,0.0,0.0,0
A-2022-10-191,2022-10-24,15:00,ATROPELLO,1,0,1,ICA,PALPA,SANTA CRUZ,RURAL,CARRETERA,NACIONAL,PE-1S,-14.4954663,-75.2725431,DESPEJADO,RURAL,TRAMO RECTO,PLANA ,ASFALTADA,,,,,EN PROCESO DE INVESTIGACIÓN,NO CUENTA CON CAUSA ESPECIFICA,15.0,0,2022.0,10.0,0.0,0,2,3,0,0.0,0.0,0.0,0.0,0,0,55.5,30.405591591021544,0,1,2,0.0,0.5,0
A-2022-10-31,2022-10-24,22:50,CHOQUE,1,0,2,CUSCO,ESPINAR,ESPINAR,RURAL,CARRETERA,NACIONAL,PE-3SG,-14.8601,-71.275891,DESPEJADO,RURAL,TRAMO RECTO,PLANA ,ASFALTADA,,,,,EN PROCESO DE INVESTIGACIÓN,NO CUENTA CON CAUSA ESPECIFICA,22.0,0,2022.0,10.0,0.0,0,3,3,1,0.0,0.0,0.0,0.0,0,0,29.5,2.1213203435596424,0,1,2,0.0,0.5,1
A-2022-10-98,2022-10-25,22:40,DESPISTE,1,1,0,APURIMAC,ABANCAY,SAN PEDRO DE CACHORA,RURAL,CARRETERA,SIN CLASIFICAR,SIN CLASIFICAR,-13.501698438871037,-72.80350696107206,,,,,,,,,,EN PROCESO DE INVESTIGACIÓN,NO CUENTA CON CAUSA ESPECIFICA,22.0,0,2022.0,10.0,1.0,0,3,3,1,0.0,1.0,1.0,2.0,0,0,28.0,7.0710678118654755,0,0,2,0.0,0.0,1
A-2022-10-88,2022-10-26,00:10,CHOQUE,1,13,2,LAMBAYEQUE,LAMBAYEQUE,LAMBAYEQUE,RURAL,CARRETERA,NACIONAL,PE-1N,-6.673352,-79.9135,DESPEJADO,RURAL,TRAMO RECTO,PLANA ,ASFALTADA,,,,,EN PROCESO DE INVESTIGACIÓN,NO CUENTA CON CAUSA ESPECIFICA,0.0,0,2022.0,10.0,2.0,0,0,3,0,0.0,0.0,0.0,0.0,0,0,39.3,13.840761058072879,0,1,14,0.0,0.071,1