CODIGO_SINIESTRO,FECHA_SINIESTRO,HORA_SINIESTRO,CLASE_SINIESTRO,CANTIDAD_FALLECIDOS,CANTIDAD_LESIONADOS,CANTIDAD_VEHICULOS,DEPARTAMENTO,PROVINCIA,DISTRITO,ZONA,TIPO_VIA,RED_VIAL,COD_CARRETERA,LATITUD,LONGITUD,CONDICION_CLIMATICA,ZONIFICACION,CARACTERISTICAS_VIA,PERFIL_VIA,SUPERFICIE_CALZADA,EXISTE_SENIAL_VERTICAL,CLASIFICACION_SENIAL_VERTICAL_1,CLASIFICACION_SENIAL_VERTICAL_2,EXISTE_SENIAL_HORIZONTAL,CAUSA_FACTOR_PRINCIPAL,CAUSA_ESPECIFICA,HORA,severidad,ANIO,MES,DIA_SEMANA,FIN_SEMANA,FRANJA_HORARIA,TEMPORADA,MACROREGION,TIPO_VIA_SCORE,PERFIL_VIA_SCORE,SUPERFICIE_CALZADA_SCORE,RIESGO_INFRAESTRUCTURA,RIESGO_CLIMATICO,SENIALIZACION_DEFICIENTE,EDAD_PROMEDIO,EDAD_STD,TOTAL_ALCOHOL,TOTAL_LICENCIA,TOTAL_PERSONAS,PCT_ALCOHOL,PCT_LICENCIA,ES_NOCHE
A-2022-10-211,2022-10-26,09:10,CHOQUE,1,0,0,UCAYALI,CORONEL PORTILLO,CAMPOVERDE,RURAL,CARRETERA,NACIONAL,PE-18C,-8.524143,-74.865134,DESPEJADO,RURAL,TRAMO RECTO,INCLINADA,ASFALTADA,SI,REGULADORA (R),PREVENTIVA (P),SI,IMPRUDENCIA DEL CONDUCTOR,OTRO (IMPRUDENCIA DEL CONDUCTOR),9.0,0,2022.0,10.0,2.0,0,1,3,2,0.0,1.0,0.0,1.0,0,0,62.0,1.4142135623730951,0,0,2,0.0,0.0,0
A-2022-10-131,2022-10-26,11:27,ATROPELLO,1,0,0,CAJAMARCA,CHOTA,CHOTA,URBANA,AVENIDA,URBANO,NO CORRESPONDE,-6.55942397954099,-78.6460065699737,DESPEJADO,RESIDENCIAL,INTERSECCIÓN,INCLINADA,CONCRETO,SI,REGULADORA (R),,NO,EN PROCESO DE INVESTIGACIÓN,NO CUENTA CON CAUSA ESPECIFICA,11.0,0,2022.0,10.0,2.0,0,1,3,1,1.0,1.0,0.0,2.0,0,1,54.5,23.33452377915607,0,0,2,0.0,0.0,0
A-2022-10-50,2022-10-26,11:30,DESPISTE,1,0,1,ANCASH,HUARAZ,LA LIBERTAD,RURAL,CARRETERA,SIN CLASIFICAR,SIN CLASIFICAR,-9.585754482605962,-77.74972501555617,NUBLADO,RURAL,OTRO,INCLINADA,TROCHA,,,,,EN PROCESO DE INVESTIGACIÓN,NO CUENTA CON CAUSA ESPECIFICA,11.0,0,2022.0,10.0,2.0,0,1,3,0,0.0,1.0,2.0,3.0,0,0,33.0,0.0,0,1,1,0.0,1.0,0
A-2022-10-22,2022-10-26,22:00,CHOQUE FUGA,1,0,1,CUSCO,CANCHIS,SICUANI,URBANA,CARRETERA,NACIONAL,PE-3S,-14.267190471484216,-71.23508063147825,DESPEJADO,RESIDENCIAL,TRAMO RECTO,PLANA ,ASFALTADA,,,,,IMPRUDENCIA DEL CONDUCTOR,EXCESO DE VELOCIDAD,22.0,0,2022.0,10.0,2.0,0,3,3,1,0.0,0.0,0.0,0.0,0,0,23.0,0.0,0,0,2,0.0,0.0,1
A-2022-10-192,2022-10-26,23:50,ATROPELLO,1,0,1,ICA,NASCA,VISTA ALEGRE,URBANA,CARRETERA,NACIONAL,PE-1S,-14.852785,-74.960668,DESPEJADO,COMERCIAL,TRAMO RECTO,PLANA ,ASFALTADA,,,,,EN PROCESO DE INVESTIGACIÓN,NO CUENTA CON CAUSA ESPECIFICA,23.0,0,2022.0,10.0,2.0,0,3,3,0,0.0,0.0,0.0,0.0,0,0,33.5,7.7781745930520225,0,1,2,0.0,0.5,1
A-2022-10-147,2022-10-27,08:10,ATROPELLO,1,0,0,LIMA,LIMA,CHORRILLOS,URBANA,AVENIDA,URBANO,NO CORRESPONDE,-12.198134,-76.99227,DESPEJADO,COMERCIAL,INTERSECCIÓN,PLANA ,ASFALTADA,,,,,EN PROCESO DE INVESTIGACIÓN,NO CUENTA CON CAUSA ESPECIFICA,8.0,0,2022.0,10.0,3.0,0,1,3,0,1.0,0.0,0.0,1.0,0,0,22.0,9.899494936611665,0,1,2,0.0,0.5,0
A-2022-10-207,2022-10-27,17:10,ESPECIAL,1,0,0,JUNIN,CHANCHAMAYO,SAN RAMON,RURAL,CARRETERA,NACIONAL,PE-22B,-11.211064288533125,-75.48924918672195,DESPEJADO,RURAL,TÚNEL,PLANA ,ASFALTADA,,,,,IMPRUDENCIA DEL CONDUCTOR,FATIGA Y/O CANSANCIO,17.0,0,2022.0,10.0,3.0,0,2,3,1,0.0,0.0,0.0,0.0,0,0,46.0,0.0,0,1,1,0.0,1.0,0
A-2022-10-48,2022-10-27,17:30,DESPISTE,1,4,1,CUSCO,LA CONVENCION,INKAWASI,RURAL,CARRETERA,PROVINCIAL,CU-871,-13.302176913616588,-73.26411812450871,DESPEJADO,RURAL,CURVA,INCLINADA,TROCHA,,,,,IMPRUDENCIA DEL CONDUCTOR,EXCESO DE VELOCIDAD,17.0,0,2022.0,10.0,3.0,0,2,3,1,0.0,1.0,2.0,3.0,0,0,34.166666666666664,15.917495615412202,0,1,6,0.0,0.167,0
A-2022-10-36,2022-10-27,18:20,CHOQUE,1,0,2,SAN MARTIN,MOYOBAMBA,CALZADA,RURAL,CARRETERA,NACIONAL,PE-5N,-6.037927,-77.105069,DESPEJADO,RURAL,TRAMO RECTO,PLANA ,ASFALTADA,,,,,IMPRUDENCIA DEL CONDUCTOR,OTRO (IMPRUDENCIA DEL CONDUCTOR),18.0,0,2022.0,10.0,3.0,0,3,3,2,0.0,0.0,0.0,0.0,0,0,60.0,15.556349186104045,0,0,2,0.0,0.0,1
A-2022-10-49,2022-10-27,19:20,CHOQUE,1,0,2,CUSCO,ESPINAR,ESPINAR,URBANA,AVENIDA,URBANO,NO CORRESPONDE,-14.786014017864233,-71.40338392635606,DESPEJADO,RESIDENCIAL,TRAMO RECTO,PLANA ,ASFALTADA,SI,REGULADORA (R),,NO,IMPRUDENCIA DEL CONDUCTOR,EXCESO DE VELOCIDAD,19.0,0,2022.0,10.0,3.0,0,3,3,1,1.0,0.0,0.0,1.0,0,1,19.5,2.1213203435596424,1,0,3,0.333,0.0,1
A-2022-10-160,2022-10-27,19:30,CHOQUE,1,1,3,PIURA,PIURA,VEINTISEIS DE OCTUBRE,RURAL,CARRETERA,NACIONAL,PE-02,-5.168052397024789,-80.69619479673428,DESPEJADO,RURAL,TRAMO RECTO,PLANA ,ASFALTADA,,,,,IMPRUDENCIA DEL CONDUCTOR,CONDUCIR EN ESTADO DE EBRIEDAD Y/O DROGADICCIÓN,19.0,0,2022.0,10.0,3.0,0,3,3,0,0.0,0.0,0.0,0.0,0,0,41.333333333333336,8.082903768654761,1,2,3,0.333,0.667,1
A-2022-10-57,2022-10-27,20:30,CHOQUE,1,0,2,PUNO,EL COLLAO,ILAVE,RURAL,CARRETERA,PROVINCIAL,PU-1149,-16.0187692,-69.6207661,DESPEJADO,RURAL,TRAMO RECTO,PLANA ,ASFALTADA,,,,,IMPRUDENCIA DEL CONDUCTOR,INVASIÓN DE CARRIL,20.0,0,2022.0,10.0,3.0,0,3,3,1,0.0,0.0,0.0,0.0,0,0,32.5,0.7071067811865476,0,1,2,0.0,0.5,1
A-2022-10-58,2022-10-28,13:20,DESPISTE,1,0,1,PUNO,CHUCUITO,DESAGUADERO,RURAL,CARRETERA,DEPARTAMENTAL,PU-152,-16.6335463,-69.1100662,DESPEJADO,RURAL,TRAMO RECTO,PLANA ,ASFALTADA,,,,,IMPRUDENCIA DEL CONDUCTOR,FATIGA Y/O CANSANCIO,13.0,0,2022.0,10.0,4.0,0,2,3,1,0.0,0.0,0.0,0.0,0,0,60.0,0.0,0,0,1,0.0,0.0,0
A-2022-10-169,2022-10-28,16:00,DESPISTE,1,1,1,PIURA,PIURA,LA ARENA,RURAL,CARRETERA,SIN CLASIFICAR,SIN CLASIFICAR,-5.33114555578513,-80.7309745498571,DESPEJADO,RURAL,TRAMO RECTO,PLANA ,ASFALTADA,,,,,IMPRUDENCIA DEL CONDUCTOR,CONDUCIR EN ESTADO DE EBRIEDAD Y/O DROGADICCIÓN,16.0,0,2022.0,10.0,4.0,0,2,3,0,0.0,0.0,0.0,0.0,0,0,20.5,2.1213203435596424,1,0,2,0.5,0.0,0
A-2022-10-120,2022-10-28,18:00,DESPISTE,1,0,0,AYACUCHO,HUAMANGA,CHIARA,RURAL,CARRETERA,PROVINCIAL,AY-765,-13.27988823210462,-74.20784530052758,DESPEJADO,RURAL,TRAMO RECTO,INCLINADA,ASFALTADA,SI,PREVENTIVA (P),REGULADORA (R),SI,IMPRUDENCIA DEL CONDUCTOR,FATIGA Y/O CANSANCIO,18.0,0,2022.0,10.0,4.0,0,3,3,1,0.0,1.0,0.0,1.0,0,0,24.0,0.0,0,0,1,0.0,0.0,1
A-2022-10-170,2022-10-28,18:00,DESPISTE,1,0,1,PIURA,SECHURA,VICE,RURAL,CARRETERA,PROVINCIAL,PI-1067,-5.436585,-80.782746,DESPEJADO,RURAL,TRAMO RECTO,PLANA ,ASFALTADA,,,,,IMPRUDENCIA DEL CONDUCTOR,CONDUCIR EN ESTADO DE EBRIEDAD Y/O DROGADICCIÓN,18.0,0,2022.0,10.0,4.0,0,3,3,0,0.0,0.0,0.0,0.0,0,0,33.0,0.0,1,0,1,1.0,0.0,1
A-2022-10-89,2022-10-28,18:40,CHOQUE,1,0,2,LAMBAYEQUE,LAMBAYEQUE,JAYANCA,URBANA,CARRETERA,NACIONAL,PE-1NJ,-6.366941,-79.789168,DESPEJADO,RURAL,TRAMO RECTO,PLANA ,ASFALTADA,,,,,EN PROCESO DE INVESTIGACIÓN,NO CUENTA CON CAUSA ESPECIFICA,18.0,0,2022.0,10.0,4.0,0,3,3,0,0.0,0.0,0.0,0.0,0,0,40.0,0.0,0,0,2,0.0,0.0,1
A-2022-10-77,2022-10-28,19:30,DESPISTE,1,0,1,PUNO,SANDIA,LIMBANI,RURAL,CARRETERA,DEPARTAMENTAL,PU-106,-14.163988,-69.691694,DESPEJADO,RURAL,CURVA,PLANA ,TROCHA,,,,,IMPRUDENCIA DEL CONDUCTOR,EXCESO DE VELOCIDAD,19.0,0,2022.0,10.0,4.0,0,3,3,1,0.0,0.0,2.0,2.0,0,0,39.0,0.0,0,0,1,0.0,0.0,1
A-2022-10-193,2022-10-28,21:30,DESPISTE,1,1,1,ICA,NASCA,VISTA ALEGRE,URBANA,CARRETERA,NACIONAL,PE-1S,-14.8514547,-74.9574237,DESPEJADO,COMERCIAL,TRAMO RECTO,PLANA ,ASFALTADA,,,,,EN PROCESO DE INVESTIGACIÓN,NO CUENTA CON CAUSA ESPECIFICA,21.0,0,2022.0,10.0,4.0,0,3,3,0,0.0,0.0,0.0,0.0,0,0,46.5,7.7781745930520225,0,1,2,0.0,0.5,1
A-2022-10-59,2022-10-29,09:00,DESPISTE,2,6,1,PUNO,EL COLLAO,SANTA ROSA,RURAL,CARRETERA,NACIONAL,PE-36A,-16.7533892,-69.8371142,DESPEJADO,RURAL,TRAMO RECTO,PLANA ,ASFALTADA,,,,,IMPRUDENCIA DEL CONDUCTOR,EXCESO DE VELOCIDAD,9.0,1,2022.0,10.0,5.0,1,1,3,1,0.0,0.0,0.0,0.0,0,0,30.0,1.4142135623730951,0,0,8,0.0,0.0,0
A-2022-10-86,2022-10-29,18:30,ATROPELLO FUGA,1,0,1,LA LIBERTAD,VIRU,CHAO,RURAL,CARRETERA,PROVINCIAL,LI-1193,-8.493315829620448,-78.61949106563041,DESPEJADO,RURAL,TRAMO RECTO,PLANA ,AFIRMADO,,,,,EN PROCESO DE INVESTIGACIÓN,NO CUENTA CON CAUSA ESPECIFICA,18.0,0,2022.0,10.0,5.0,1,3,3,0,0.0,0.0,1.0,1.0,0,0,4.0,0.0,0,0,2,0.0,0.0,1
A-2022-10-35,2022-10-29,19:50,CHOQUE,2,1,3,AREQUIPA,AREQUIPA,VITOR,RURAL,CARRETERA,NACIONAL,PE-1S,-16.466434,-71.927508,DESPEJADO,RURAL,TRAMO RECTO,PLANA ,ASFALTADA,,,,,EN PROCESO DE INVESTIGACIÓN,NO CUENTA CON CAUSA ESPECIFICA,19.0,1,2022.0,10.0,5.0,1,3,3,0,0.0,0.0,0.0,0.0,0,0,58.0,21.213203435596427,0,2,4,0.0,0.5,1
A-2022-10-87,2022-10-29,22:15,CHOQUE,1,0,2,LA LIBERTAD,VIRU,VIRU,RURAL,CARRETERA,NACIONAL,PE-1N,-8.424366,-78.781794,DESPEJADO,RURAL,TRAMO RECTO,PLANA ,ASFALTADA,,,,,EN PROCESO DE INVESTIGACIÓN,NO CUENTA CON CAUSA ESPECIFICA,22.0,0,2022.0,10.0,5.0,1,3,3,0,0.0,0.0,0.0,0.0,0,0,31.333333333333332,8.386497083606082,0,2,3,0.0,0.667,1
A-2022-10-32,2022-10-30,00:30,DESPISTE,1,1,1,CUSCO,QUISPICANCHI,OROPESA,URBANA,CARRETERA,NACIONAL,PE-3S,-13.6024625,-71.7601825,DESPEJADO,COMERCIAL,TRAMO RECTO,PLANA ,ASFALTADA,,,,,IMPRUDENCIA DEL CONDUCTOR,EXCESO DE VELOCIDAD,0.0,0,2022.0,10.0,6.0,1,0,3,1,0.0,0.0,0.0,0.0,0,0,43.0,19.79898987322333,0,0,2,0.0,0.0,1
A-2022-10-93,2022-10-30,06:30,DESPISTE,1,0,1,TACNA,TACNA,LA YARADA LOS PALOS,RURAL,CARRETERA,NACIONAL,PE-1SD,-18.1706661,-70.4890929,DESPEJADO,RURAL,TRAMO RECTO,PLANA ,ASFALTADA,,,,,NEGLIGENCIA DEL CONDUCTOR,CONDUCIR CON FALLAS DE NEUMÁTICOS,6.0,0,2022.0,10.0,6.0,1,1,3,0,0.0,0.0,0.0,0.0,0,0,30.0,5.656854249492381,0,1,2,0.0,0.5,0
A-2022-10-130,2022-10-30,07:40,CHOQUE,1,0,0,LIMA,LIMA,ANCON,RURAL,CARRETERA,NACIONAL,PE-1N,-11.745722,-77.141868,DESPEJADO,RURAL,TRAMO RECTO,PLANA ,ASFALTADA,,,,,EN PROCESO DE INVESTIGACIÓN,NO CUENTA CON CAUSA ESPECIFICA,7.0,0,2022.0,10.0,6.0,1,1,3,0,0.0,0.0,0.0,0.0,0,0,52.5,28.991378028648448,0,0,2,0.0,0.0,0
A-2022-10-129,2022-10-30,16:30,CHOQUE FUGA,1,1,0,LIMA,LIMA,LOS OLIVOS,URBANA,JIRÓN,URBANO,NO CORRESPONDE,-12.009299,-77.073535,DESPEJADO,COMERCIAL,INTERSECCIÓN,PLANA ,ASFALTADA,,,,,EN PROCESO DE INVESTIGACIÓN,NO CUENTA CON CAUSA ESPECIFICA,16.0,0,2022.0,10.0,6.0,1,2,3,0,1.0,0.0,0.0,1.0,0,0,17.0,13.856406460551018,0,1,4,0.0,0.25,0
A-2022-10-128,2022-10-30,21:30,CHOQUE,1,1,0,LIMA,LIMA,VILLA MARIA DEL TRIUNFO,URBANA,AVENIDA,URBANO,NO CORRESPONDE,-12.194665,-76.934638,DESPEJADO,COMERCIAL,INTERSECCIÓN,PLANA ,ASFALTADA,,,,,EN PROCESO DE INVESTIGACIÓN,NO CUENTA CON CAUSA ESPECIFICA,21.0,0,2022.0,10.0,6.0,1,3,3,0,1.0,0.0,0.0,1.0,0,0,39.666666666666664,13.503086067019394,0,2,3,0.0,0.667,1
A-2022-10-185,2022-10-30,22:00,DESPISTE,1,0,1,PIURA,SULLANA,SULLANA,URBANA,CARRETERA,NACIONAL,PE-1NL,-4.919,-80.65,DESPEJADO,RURAL,TRAMO RECTO,PLANA ,ASFALTADA,,,,,EN PROCESO DE INVESTIGACIÓN,NO CUENTA CON CAUSA ESPECIFICA,22.0,0,2022.0,10.0,6.0,1,3,3,0,0.0,0.0,0.0,0.0,0,0,31.0,0.0,0,0,1,0.0,0.0,1
A-2022-10-116,2022-10-30,22:30,ESPECIAL,1,0,0,AYACUCHO,HUAMANGA,VINCHOS,RURAL,CARRETERA,NACIONAL,PE-28A,-13.34596,-74.395226,DESPEJADO,RURAL,TRAMO RECTO,PLANA ,ASFALTADA,SI,PREVENTIVA (P),,NO,IMPRUDENCIA DEL CONDUCTOR,OTRO (IMPRUDENCIA DEL CONDUCTOR),22.0,0,2022.0,10.0,6.0,1,3,3,1,0.0,0.0,0.0,0.0,0,1,45.5,6.363961030678928,0,1,2,0.0,0.5,1
A-2022-10-60,2022-10-31,01:20,DESPISTE,1,0,0,PUNO,PUNO,PUNO,URBANA,AVENIDA,URBANO,NO CORRESPONDE,-15.854201846484708,-70.01163659856242,DESPEJADO,COMERCIAL,TRAMO RECTO,PLANA ,ASFALTADA,,,,,IMPRUDENCIA DEL CONDUCTOR,CONDUCIR EN ESTADO DE EBRIEDAD Y/O DROGADICCIÓN,1.0,0,2022.0,10.0,0.0,0,0,3,1,1.0,0.0,0.0,1.0,0,0,30.0,0.0,0,0,1,0.0,0.0,1
A-2022-10-157,2022-10-31,06:40,DESPISTE,1,0,1,HUANUCO,PACHITEA,UMARI,RURAL,CARRETERA,NACIONAL,PE-18B,-9.841272291178845,-76.04664984568397,DESPEJADO,RURAL,CURVA,INCLINADA,AFIRMADO,,,,,IMPRUDENCIA DEL CONDUCTOR,EXCESO DE VELOCIDAD,6.0,0,2022.0,10.0,0.0,0,1,3,1,0.0,1.0,1.0,2.0,0,0,45.0,0.0,0,1,1,0.0,1.0,0
A-2022-10-37,2022-10-31,16:00,DESPISTE,1,1,1,CUSCO,CANAS,LAYO,RURAL,CARRETERA,PROVINCIAL,CU-1741,-14.472769542100366,-71.065877179817,DESPEJADO,RURAL,CURVA,INCLINADA,TROCHA,SI,PREVENTIVA (P),,NO,IMPRUDENCIA DEL CONDUCTOR,OTRO (IMPRUDENCIA DEL CONDUCTOR),16.0,0,2022.0,10.0,0.0,0,2,3,1,0.0,1.0,2.0,3.0,0,1,38.5,2.1213203435596424,0,1,3,0.0,0.333,0
A-2022-10-126,2022-10-31,18:00,VOLCADURA,1,0,0,LIMA,LIMA,LA MOLINA,RURAL,CARRETERA,NACIONAL,PE-1NA,-12.069432,-76.972235,DESPEJADO,RURAL,TRAMO RECTO,PLANA ,ASFALTADA,,,,,EN PROCESO DE INVESTIGACIÓN,NO CUENTA CON CAUSA ESPECIFICA,18.0,0,2022.0,10.0,0.0,0,3,3,0,0.0,0.0,0.0,0.0,0,0,24.0,2.8284271247461903,0,0,2,0.0,0.0,1
A-2022-10-127,2022-10-31,22:30,CHOQUE FUGA,1,0,0,LIMA,CAÑETE,MALA,RURAL,CARRETERA,NACIONAL,PE-1S,-12.698218,-76.641776,DESPEJADO,RURAL,TRAMO RECTO,PLANA ,ASFALTADA,,,,,EN PROCESO DE INVESTIGACIÓN,NO CUENTA CON CAUSA ESPECIFICA,22.0,0,2022.0,10.0,0.0,0,3,3,0,0.0,0.0,0.0,0.0,0,0,39.0,0.0,0,0,2,0.0,0.0,1
A-2022-11-73,2022-11-01,04:12,ATROPELLO FUGA,1,0,0,TACNA,TACNA,CIUDAD NUEVA,URBANA,AVENIDA,URBANO,NO CORRESPONDE,-17.983423,-70.240262,DESPEJADO,COMERCIAL,TRAMO RECTO,INCLINADA,ASFALTADA,,,,,EN PROCESO DE INVESTIGACIÓN,NO CUENTA CON CAUSA ESPECIFICA,4.0,0,2022.0,11.0,1.0,0,0,3,0,1.0,1.0,0.0,2.0,0,0,55.0,0.0,0,0,2,0.0,0.0,1
A-2022-11-2,2022-11-01,06:50,DESPISTE,1,0,1,SAN MARTIN,RIOJA,RIOJA,RURAL,CARRETERA,NACIONAL,PE-5N,-6.022477,-77.223255,DESPEJADO,RURAL,TRAMO RECTO,PLANA ,ASFALTADA,,,,,IMPRUDENCIA DEL CONDUCTOR,OTRO (IMPRUDENCIA DEL CONDUCTOR),6.0,0,2022.0,11.0,1.0,0,1,3,2,0.0,0.0,0.0,0.0,0,0,46.0,0.0,0,1,1,0.0,1.0,0
A-2022-11-155,2022-11-01,06:55,DESPISTE,1,3,0,LIMA,LIMA,PUCUSANA,URBANA,CARRETERA,NACIONAL,PE-1S,-12.459259897902475,-76.75292140903727,DESPEJADO,INDUSTRIAL,TRAMO RECTO,PLANA ,ASFALTADA,,,,,EN PROCESO DE INVESTIGACIÓN,NO CUENTA CON CAUSA ESPECIFICA,6.0,0,2022.0,11.0,1.0,0,1,3,0,0.0,0.0,0.0,0.0,0,0,35.5,19.846914117816905,0,3,6,0.0,0.5,0
A-2022-11-156,2022-11-01,07:35,ATROPELLO,1,0,0,LIMA,LIMA,SAN MARTIN DE PORRES,URBANA,AVENIDA,URBANO,NO CORRESPONDE,-11.983233492095652,-77.09830779960501,DESPEJADO,COMERCIAL,TRAMO RECTO,PLANA ,ASFALTADA,,,,,EN PROCESO DE INVESTIGACIÓN,NO CUENTA CON CAUSA ESPECIFICA,7.0,0,2022.0,11.0,1.0,0,1,3,0,1.0,0.0,0.0,1.0,0,0,35.0,1.4142135623730951,0,1,2,0.0,0.5,0
A-2022-11-193,2022-11-01,11:20,CHOQUE,1,0,0,JUNIN,SATIPO,SATIPO,RURAL,CARRETERA,NACIONAL,PE-5S,-11.232148562319404,-74.63073844269753,DESPEJADO,RURAL,TRAMO RECTO,PLANA ,ASFALTADA,,,,,IMPRUDENCIA DEL CONDUCTOR,DESACATO DE SEÑAL DE TRÁNSITO,11.0,0,2022.0,11.0,1.0,0,1,3,1,0.0,0.0,0.0,0.0,0,0,46.0,12.727922061357855,0,1,2,0.0,0.5,0
A-2022-11-198,2022-11-01,12:41,CHOQUE,1,4,0,LORETO,MAYNAS,SAN JUAN BAUTISTA,URBANA,AVENIDA,URBANO,NO CORRESPONDE,-3.77498,-73.2909048,DESPEJADO,COMERCIAL,TRAMO RECTO,PLANA ,ASFALTADA,,,,,IMPRUDENCIA DEL CONDUCTOR,CONDUCIR EN ESTADO DE EBRIEDAD Y/O DROGADICCIÓN,12.0,0,2022.0,11.0,1.0,0,2,3,2,1.0,0.0,0.0,1.0,0,0,32.833333333333336,23.16390870873624,0,1,6,0.0,0.167,0
A-2022-11-172,2022-11-01,15:45,ESPECIAL,1,1,0,JUNIN,CHUPACA,HUACHAC,URBANA,CARRETERA,PROVINCIAL,JU-874,-12.040495,-75.325979,LLUVIOSO,RURAL,TRAMO RECTO,PLANA ,EMPEDRADO,,,,,EN PROCESO DE INVESTIGACIÓN,NO CUENTA CON CAUSA ESPECIFICA,15.0,0,2022.0,11.0,1.0,0,2,3,1,0.0,0.0,1.0,1.0,1,0,46.0,5.656854249492381,0,1,2,0.0,0.5,0
A-2022-11-32,2022-11-01,18:00,DESPISTE,1,1,1,CUSCO,QUISPICANCHI,ANDAHUAYLILLAS,RURAL,CARRETERA,PROVINCIAL,CU-1325,-13.68048750869352,-71.69185818637231,DESPEJADO,RURAL,TRAMO RECTO,INCLINADA,AFIRMADO,,,,,IMPRUDENCIA DEL CONDUCTOR,CONDUCIR EN ESTADO DE EBRIEDAD Y/O DROGADICCIÓN,18.0,0,2022.0,11.0,1.0,0,3,3,1,0.0,1.0,1.0,2.0,0,0,23.0,0.0,1,0,2,0.5,0.0,1
A-2022-11-100,2022-11-01,22:30,DESPISTE,5,0,1,ANCASH,HUAYLAS,PAMPAROMAS,RURAL,CARRETERA,DEPARTAMENTAL,AN-104,-9.080981735119206,-77.98471795211343,DESPEJADO,RURAL,CURVA,INCLINADA,TROCHA,,,,,EN PROCESO DE INVESTIGACIÓN,NO CUENTA CON CAUSA ESPECIFICA,22.0,2,2022.0,11.0,1.0,0,3,3,0,0.0,1.0,2.0,3.0,0,0,35.6,19.39845354661036,0,1,5,0.0,0.2,1
A-2022-11-38,2022-11-02,10:55,CHOQUE,4,0,2,CUSCO,CANCHIS,SICUANI,RURAL,CARRETERA,NACIONAL,PE-3S,-14.309054081565096,-71.20804508980757,DESPEJADO,RURAL,TRAMO RECTO,PLANA ,ASFALTADA,,,,,IMPRUDENCIA DEL CONDUCTOR,EXCESO DE VELOCIDAD,10.0,2,2022.0,11.0,2.0,0,1,3,1,0.0,0.0,0.0,0.0,0,0,38.0,16.431676725154986,0,2,5,0.0,0.4,0
A-2022-11-34,2022-11-02,14:36,ATROPELLO,1,0,1,CUSCO,CUSCO,SAN SEBASTIAN,URBANA,AVENIDA,URBANO,NO CORRESPONDE,-13.529292663739293,-71.93610288078885,DESPEJADO,COMERCIAL,TRAMO RECTO,PLANA ,ASFALTADA,NO,,,SI,IMPRUDENCIA DEL CONDUCTOR,EXCESO DE VELOCIDAD,14.0,0,2022.0,11.0,2.0,0,2,3,1,1.0,0.0,0.0,1.0,0,1,45.5,20.506096654409877,1,1,2,0.5,0.5,0
A-2022-11-43,2022-11-02,19:00,ATROPELLO,1,1,1,ANCASH,CARHUAZ,CARHUAZ,RURAL,CARRETERA,DEPARTAMENTAL,AN-107,-9.282806434339811,-77.64802974004212,LLUVIOSO,RURAL,CURVA,INCLINADA,TROCHA,SI,PREVENTIVA (P),,NO,EN PROCESO DE INVESTIGACIÓN,NO CUENTA CON CAUSA ESPECIFICA,19.0,0,2022.0,11.0,2.0,0,3,3,0,0.0,1.0,2.0,3.0,1,1,32.0,21.213203435596427,0,0,2,0.0,0.0,1
A-2022-11-134,2022-11-03,00:30,CHOQUE CON OBJETO FIJO,1,1,0,LIMA,LIMA,SAN MIGUEL,URBANA,OTRO,URBANO,NO CORRESPONDE,-12.086806019114182,-77.09402020708224,DESPEJADO,COMERCIAL,TRAMO RECTO,PLANA ,ASFALTADA,SI,PREVENTIVA (P),,SI,EN PROCESO DE INVESTIGACIÓN,NO CUENTA CON CAUSA ESPECIFICA,0.0,0,2022.0,11.0,3.0,0,0,3,0,2.0,0.0,0.0,2.0,0,0,30.0,2.8284271247461903,0,1,2,0.0,0.5,1
A-2022-11-180,2022-11-03,05:30,DESPISTE,2,3,0,JUNIN,CONCEPCION,COMAS,RURAL,CARRETERA,NACIONAL,PE-24A,-11.766582,-75.225867,LLUVIOSO,RURAL,TRAMO RECTO,INCLINADA,CASCAJO/RIPIO,,,,,IMPRUDENCIA DEL CONDUCTOR,OTRO (IMPRUDENCIA DEL CONDUCTOR),5.0,1,2022.0,11.0,3.0,0,0,3,1,0.0,1.0,1.0,2.0,1,0,32.833333333333336,12.205190152827061,0,1,6,0.0,0.167,1
A-2022-11-20,2022-11-03,16:00,DESPISTE,2,1,1,CUSCO,CHUMBIVILCAS,VELILLE,RURAL,CARRETERA,NACIONAL,PE-3SG,-14.565905801608682,-71.92223637130661,DESPEJADO,RURAL,CURVA,PLANA ,ASFALTADA,SI,PREVENTIVA (P),,SI,IMPRUDENCIA DEL CONDUCTOR,EXCESO DE VELOCIDAD,16.0,1,2022.0,11.0,3.0,0,2,3,1,0.0,0.0,0.0,0.0,0,0,20.333333333333332,4.041451884327381,0,0,3,0.0,0.0,0
A-2022-11-88,2022-11-04,12:50,ATROPELLO,1,0,1,TUMBES,TUMBES,TUMBES,RURAL,CARRETERA,NACIONAL,PE-1N,-3.5349228046492853,-80.37709149983799,SOLEADO,RURAL,TRAMO RECTO,PLANA ,ASFALTADA,,,,,IMPRUDENCIA DEL CONDUCTOR,NO DAR PASO PREFERENTE AL PEATÓN,12.0,0,2022.0,11.0,4.0,0,2,3,0,0.0,0.0,0.0,0.0,0,0,52.5,6.363961030678928,0,0,2,0.0,0.0,0