CODIGO_SINIESTRO,FECHA_SINIESTRO,HORA_SINIESTRO,CLASE_SINIESTRO,CANTIDAD_FALLECIDOS,CANTIDAD_LESIONADOS,CANTIDAD_VEHICULOS,DEPARTAMENTO,PROVINCIA,DISTRITO,ZONA,TIPO_VIA,RED_VIAL,COD_CARRETERA,LATITUD,LONGITUD,CONDICION_CLIMATICA,ZONIFICACION,CARACTERISTICAS_VIA,PERFIL_VIA,SUPERFICIE_CALZADA,EXISTE_SENIAL_VERTICAL,CLASIFICACION_SENIAL_VERTICAL_1,CLASIFICACION_SENIAL_VERTICAL_2,EXISTE_SENIAL_HORIZONTAL,CAUSA_FACTOR_PRINCIPAL,CAUSA_ESPECIFICA,HORA,severidad,ANIO,MES,DIA_SEMANA,FIN_SEMANA,FRANJA_HORARIA,TEMPORADA,MACROREGION,TIPO_VIA_SCORE,PERFIL_VIA_SCORE,SUPERFICIE_CALZADA_SCORE,RIESGO_INFRAESTRUCTURA,RIESGO_CLIMATICO,SENIALIZACION_DEFICIENTE,EDAD_PROMEDIO,EDAD_STD,TOTAL_ALCOHOL,TOTAL_LICENCIA,TOTAL_PERSONAS,PCT_ALCOHOL,PCT_LICENCIA,ES_NOCHE
A-2022-11-48,2022-11-04,13:30,CHOQUE,1,26,2,PUNO,PUNO,CHUCUITO,RURAL,CARRETERA,NACIONAL,PE-3S,-15.886,-69.902,DESPEJADO,RURAL,CURVA,PLANA ,ASFALTADA,,,,,IMPRUDENCIA DEL CONDUCTOR,GIRAR IMPRUDENTEMENTE,13.0,0,2022.0,11.0,4.0,0,2,3,1,0.0,0.0,0.0,0.0,0,0,33.0,1.4142135623730951,0,2,28,0.0,0.071,0
A-2022-11-71,2022-11-04,20:00,CHOQUE,1,1,2,HUANUCO,LEONCIO PRADO,SANTO DOMINGO DE ANDA,URBANA,CARRETERA,NACIONAL,PE-5N,-9.062008,-76.075449,DESPEJADO,RESIDENCIAL,CURVA,PLANA ,ASFALTADA,SI,INFORMATIVA (I),,SI,IMPRUDENCIA DEL CONDUCTOR,CONDUCIR EN ESTADO DE EBRIEDAD Y/O DROGADICCIÓN,20.0,0,2022.0,11.0,4.0,0,3,3,1,0.0,0.0,0.0,0.0,0,0,52.0,18.520259177452136,0,0,3,0.0,0.0,1
A-2022-11-179,2022-11-05,08:00,ATROPELLO,1,0,0,JUNIN,JAUJA,MUQUIYAUYO,RURAL,CARRETERA,NACIONAL,PE-3SB,-11.820896,-75.451566,DESPEJADO,RURAL,TRAMO RECTO,PLANA ,ASFALTADA,SI,REGULADORA (R),,SI,IMPRUDENCIA DEL CONDUCTOR,OTRO (IMPRUDENCIA DEL CONDUCTOR),8.0,0,2022.0,11.0,5.0,1,1,3,1,0.0,0.0,0.0,0.0,0,0,17.5,7.7781745930520225,0,1,2,0.0,0.5,0
A-2022-11-3,2022-11-05,10:50,CHOQUE,1,0,2,ICA,ICA,SANTIAGO,URBANA,CARRETERA,NACIONAL,PE-1S,-14.184147,-75.714582,SOLEADO,ESCOLAR,TRAMO RECTO,PLANA ,ASFALTADA,,,,,EN PROCESO DE INVESTIGACIÓN,NO CUENTA CON CAUSA ESPECIFICA,10.0,0,2022.0,11.0,5.0,1,1,3,0,0.0,0.0,0.0,0.0,0,0,49.0,8.18535277187245,0,2,3,0.0,0.667,0
A-2022-11-18,2022-11-05,16:45,ATROPELLO,1,0,0,CUSCO,ESPINAR,ESPINAR,URBANA,AVENIDA,URBANO,NO CORRESPONDE,-14.786886338089769,-71.40646845800093,DESPEJADO,COMERCIAL,TRAMO RECTO,PLANA ,ASFALTADA,,,,,IMPRUDENCIA DEL PEATÓN,CRUCE INDEBIDO POR LA CALZADA,16.0,0,2022.0,11.0,5.0,1,2,3,1,1.0,0.0,0.0,1.0,0,0,19.5,21.920310216782973,0,1,2,0.0,0.5,0
A-2022-11-185,2022-11-05,17:30,DESPISTE,2,1,1,AYACUCHO,VILCAS HUAMAN,VILCAS HUAMAN,RURAL,CARRETERA,PROVINCIAL,AY-957,-13.636582391764655,-73.84532099784538,DESPEJADO,RURAL,TRAMO RECTO,INCLINADA,TROCHA,SI,PREVENTIVA (P),,NO,NEGLIGENCIA DEL CONDUCTOR,CONDUCIR CON FALLAS DE FRENOS,17.0,1,2022.0,11.0,5.0,1,2,3,1,0.0,1.0,2.0,3.0,0,1,69.0,21.93171219946131,0,1,3,0.0,0.333,0
A-2022-11-135,2022-11-05,22:30,ATROPELLO,1,0,0,LIMA,LIMA,PUENTE PIEDRA,URBANA,CARRETERA,NACIONAL,PE-1N,-11.8662825,-77.0735316127,DESPEJADO,COMERCIAL,TRAMO RECTO,PLANA ,ASFALTADA,,,,,EN PROCESO DE INVESTIGACIÓN,NO CUENTA CON CAUSA ESPECIFICA,22.0,0,2022.0,11.0,5.0,1,3,3,0,0.0,0.0,0.0,0.0,0,0,18.0,0.0,0,1,2,0.0,0.5,1
A-2022-11-178,2022-11-06,00:45,CHOQUE,1,0,0,JUNIN,HUANCAYO,SAN AGUSTIN,URBANA,CARRETERA,NACIONAL,PE-3S,-12.0198684,-75.2418035,DESPEJADO,RURAL,TRAMO RECTO,INCLINADA,ASFALTADA,NO,,,SI,IMPRUDENCIA DEL CONDUCTOR,OTRO (IMPRUDENCIA DEL CONDUCTOR),0.0,0,2022.0,11.0,6.0,1,0,3,1,0.0,1.0,0.0,1.0,0,1,0.0,0.0,0,0,2,0.0,0.0,1
A-2022-11-235,2022-11-06,01:30,ATROPELLO FUGA,1,0,0,LIMA,LIMA,LURIN,URBANA,CARRETERA,NACIONAL,PE-1S,-12.257543,-76.919539,DESPEJADO,COMERCIAL,TRAMO RECTO,PLANA ,ASFALTADA,,,,,EN PROCESO DE INVESTIGACIÓN,NO CUENTA CON CAUSA ESPECIFICA,1.0,0,2022.0,11.0,6.0,1,0,3,0,0.0,0.0,0.0,0.0,0,0,45.0,0.0,0,0,2,0.0,0.0,1
A-2022-11-159,2022-11-06,03:50,CHOQUE,1,1,2,HUANUCO,HUANUCO,HUANUCO,URBANA,JIRÓN,URBANO,NO CORRESPONDE,-9.939625,-76.248523,DESPEJADO,COMERCIAL,TRAMO RECTO,PLANA ,ASFALTADA,,,,,IMPRUDENCIA DEL CONDUCTOR,EXCESO DE VELOCIDAD,3.0,0,2022.0,11.0,6.0,1,0,3,1,1.0,0.0,0.0,1.0,0,0,19.333333333333332,5.507570547286102,0,1,3,0.0,0.333,1
A-2022-11-239,2022-11-06,05:30,ATROPELLO FUGA,1,0,0,LIMA,LIMA,LURIN,RURAL,CARRETERA,NACIONAL,PE-1S,-12.2833156,-76.87833662,DESPEJADO,INDUSTRIAL,TRAMO RECTO,PLANA ,ASFALTADA,SI,PREVENTIVA (P),,NO,EN PROCESO DE INVESTIGACIÓN,NO CUENTA CON CAUSA ESPECIFICA,5.0,0,2022.0,11.0,6.0,1,0,3,0,0.0,0.0,0.0,0.0,0,1,72.0,0.0,0,0,2,0.0,0.0,1
A-2022-11-74,2022-11-06,06:30,DESPISTE,1,0,1,TACNA,TARATA,ESTIQUE,RURAL,CARRETERA,NACIONAL,PE-38,-17.636026,-70.067803,DESPEJADO,RURAL,TRAMO RECTO,INCLINADA,ASFALTADA,,,,,IMPRUDENCIA DEL CONDUCTOR,OTRO (IMPRUDENCIA DEL CONDUCTOR),6.0,0,2022.0,11.0,6.0,1,1,3,0,0.0,1.0,0.0,1.0,0,0,31.0,4.242640687119285,0,1,2,0.0,0.5,0
A-2022-11-165,2022-11-06,14:00,DESPISTE,1,10,1,PIURA,HUANCABAMBA,HUARMACA,RURAL,CARRETERA,PROVINCIAL,PI-954,-5.681699,-79.657792,DESPEJADO,RURAL,CURVA,PLANA ,AFIRMADO,,,,,IMPRUDENCIA DEL CONDUCTOR,EXCESO DE VELOCIDAD,14.0,0,2022.0,11.0,6.0,1,2,3,0,0.0,0.0,1.0,1.0,0,0,44.75,23.010373154889788,0,1,12,0.0,0.083,0
A-2022-11-124,2022-11-06,15:30,CHOQUE,1,12,2,CAJAMARCA,JAEN,JAEN,URBANA,CARRETERA,NACIONAL,PE-04C,-5.84315,-78.76675,DESPEJADO,RESIDENCIAL,CURVA,PLANA ,ASFALTADA,SI,PREVENTIVA (P),PREVENTIVA (P),NO,EN PROCESO DE INVESTIGACIÓN,NO CUENTA CON CAUSA ESPECIFICA,15.0,0,2022.0,11.0,6.0,1,2,3,1,0.0,0.0,0.0,0.0,0,1,25.0,17.445152144172702,0,0,13,0.0,0.0,0
A-2022-11-13,2022-11-06,16:45,CHOQUE,1,0,2,AREQUIPA,ISLAY,DEAN VALDIVIA,URBANA,CARRETERA,NACIONAL,PE-1SJ,-17.1277704,-71.8043096,DESPEJADO,RESIDENCIAL,TRAMO RECTO,PLANA ,ASFALTADA,,,,,EN PROCESO DE INVESTIGACIÓN,NO CUENTA CON CAUSA ESPECIFICA,16.0,0,2022.0,11.0,6.0,1,2,3,0,0.0,0.0,0.0,0.0,0,0,44.0,4.242640687119285,0,2,2,0.0,1.0,0
A-2022-11-238,2022-11-06,19:30,ATROPELLO FUGA,1,0,0,LIMA,LIMA,VILLA MARIA DEL TRIUNFO,URBANA,AVENIDA,URBANO,NO CORRESPONDE,-12.22315198,-76.90811696,DESPEJADO,COMERCIAL,TRAMO RECTO,PLANA ,ASFALTADA,,,,,IMPRUDENCIA DEL PEATÓN,OTRO (IMPRUDENCIA DEL PEATÓN),19.0,0,2022.0,11.0,6.0,1,3,3,0,1.0,0.0,0.0,1.0,0,0,44.0,0.0,0,0,2,0.0,0.0,1
A-2022-11-79,2022-11-06,20:55,ATROPELLO FUGA,1,0,0,LA LIBERTAD,TRUJILLO,VICTOR LARCO HERRERA,URBANA,CARRETERA,NACIONAL,PE-1N,-8.149811,-79.041772,DESPEJADO,COMERCIAL,TRAMO RECTO,PLANA ,ASFALTADA,,,,,EN PROCESO DE INVESTIGACIÓN,NO CUENTA CON CAUSA ESPECIFICA,20.0,0,2022.0,11.0,6.0,1,3,3,0,0.0,0.0,0.0,0.0,0,0,0.0,0.0,0,0,2,0.0,0.0,1
A-2022-11-12,2022-11-06,21:15,CHOQUE,1,0,2,AREQUIPA,CAYLLOMA,SAN ANTONIO DE CHUCA,RURAL,CARRETERA,NACIONAL,PE-34A,-15.782378,-71.03263,DESPEJADO,RURAL,TRAMO RECTO,PLANA ,ASFALTADA,,,,,EN PROCESO DE INVESTIGACIÓN,NO CUENTA CON CAUSA ESPECIFICA,21.0,0,2022.0,11.0,6.0,1,3,3,0,0.0,0.0,0.0,0.0,0,0,44.5,7.7781745930520225,0,1,2,0.0,0.5,1
A-2022-11-157,2022-11-07,05:30,CHOQUE,1,3,0,LIMA,LIMA,PACHACAMAC,URBANA,JIRÓN,URBANO,NO CORRESPONDE,-12.2306358913437,-76.86010973710609,DESPEJADO,RESIDENCIAL,TRAMO RECTO,PLANA ,ASFALTADA,,,,,EN PROCESO DE INVESTIGACIÓN,NO CUENTA CON CAUSA ESPECIFICA,5.0,0,2022.0,11.0,0.0,0,0,3,0,1.0,0.0,0.0,1.0,0,0,31.833333333333332,17.57744767213564,0,1,6,0.0,0.167,1
A-2022-11-136,2022-11-07,05:45,DESPISTE,1,0,0,LIMA,LIMA,SAN MARTIN DE PORRES,URBANA,CARRETERA,NACIONAL,PE-1N,-12.0333318,-77.0534675,DESPEJADO,COMERCIAL,TRAMO RECTO,PLANA ,ASFALTADA,,,,,EN PROCESO DE INVESTIGACIÓN,NO CUENTA CON CAUSA ESPECIFICA,5.0,0,2022.0,11.0,0.0,0,0,3,0,0.0,0.0,0.0,0.0,0,0,24.0,0.0,0,1,1,0.0,1.0,1
A-2022-11-21,2022-11-07,06:30,CHOQUE,1,1,2,CUSCO,CHUMBIVILCAS,COLQUEMARCA,URBANA,CARRETERA,DEPARTAMENTAL,CU-119,-14.293708349379804,-72.03822521959923,DESPEJADO,RESIDENCIAL,TRAMO RECTO,INCLINADA,ASFALTADA,SI,PREVENTIVA (P),,NO,IMPRUDENCIA DEL CONDUCTOR,EXCESO DE VELOCIDAD,6.0,0,2022.0,11.0,0.0,0,1,3,1,0.0,1.0,0.0,1.0,0,1,35.333333333333336,6.429100507328636,0,1,3,0.0,0.333,0
A-2022-11-49,2022-11-07,10:40,CHOQUE,1,0,2,PUNO,EL COLLAO,ILAVE,RURAL,CARRETERA,NACIONAL,PE-38A,-16.15599462706685,-69.64763955560258,DESPEJADO,RURAL,TRAMO RECTO,PLANA ,ASFALTADA,,,,,IMPRUDENCIA DEL CONDUCTOR,GIRAR IMPRUDENTEMENTE,10.0,0,2022.0,11.0,0.0,0,1,3,1,0.0,0.0,0.0,0.0,0,0,58.0,31.11269837220809,0,1,2,0.0,0.5,0
A-2022-11-189,2022-11-07,12:10,CHOQUE FUGA,1,0,0,AMAZONAS,BAGUA,IMAZA,RURAL,CARRETERA,NACIONAL,PE-5NC,-4.978891167603997,-78.22605997323991,DESPEJADO,RURAL,TRAMO RECTO,PLANA ,ASFALTADA,,,,,EN PROCESO DE INVESTIGACIÓN,NO CUENTA CON CAUSA ESPECIFICA,12.0,0,2022.0,11.0,0.0,0,2,3,2,0.0,0.0,0.0,0.0,0,0,56.0,21.213203435596427,0,0,2,0.0,0.0,0
A-2022-11-14,2022-11-07,12:30,ATROPELLO FUGA,1,0,1,AREQUIPA,CAYLLOMA,MAJES,URBANA,AVENIDA,URBANO,NO CORRESPONDE,-16.362741,-72.189565,DESPEJADO,COMERCIAL,INTERSECCIÓN,PLANA ,ASFALTADA,NO,,,SI,EN PROCESO DE INVESTIGACIÓN,NO CUENTA CON CAUSA ESPECIFICA,12.0,0,2022.0,11.0,0.0,0,2,3,0,1.0,0.0,0.0,1.0,0,1,39.0,0.0,0,0,2,0.0,0.0,0
A-2022-11-36,2022-11-07,12:40,ATROPELLO,1,0,1,CUSCO,CANCHIS,SAN PABLO,RURAL,CARRETERA,NACIONAL,PE-3S,-14.2069359,-71.3050337,DESPEJADO,RURAL,TRAMO RECTO,PLANA ,ASFALTADA,NO,,,SI,IMPRUDENCIA DEL CONDUCTOR,EXCESO DE VELOCIDAD,12.0,0,2022.0,11.0,0.0,0,2,3,1,0.0,0.0,0.0,0.0,0,1,61.5,27.577164466275352,0,1,2,0.0,0.5,0
A-2022-11-61,2022-11-07,14:30,ATROPELLO,2,0,1,PUNO,AZANGARO,SAN ANTON,RURAL,CARRETERA,NACIONAL,PE-34B,-14.47164,-70.2516024,DESPEJADO,RURAL,TRAMO RECTO,PLANA ,ASFALTADA,,,,,IMPRUDENCIA DEL CONDUCTOR,EXCESO DE VELOCIDAD,14.0,1,2022.0,11.0,0.0,0,2,3,1,0.0,0.0,0.0,0.0,0,0,24.333333333333332,19.553345834749955,0,1,3,0.0,0.333,0
A-2022-11-37,2022-11-07,14:40,CHOQUE,1,1,1,CUSCO,QUISPICANCHI,QUIQUIJANA,RURAL,CARRETERA,NACIONAL,PE-3S,-13.775057681298277,-71.57359153206748,DESPEJADO,RURAL,TRAMO RECTO,PLANA ,ASFALTADA,SI,PREVENTIVA (P),,SI,IMPRUDENCIA DEL CONDUCTOR,EXCESO DE VELOCIDAD,14.0,0,2022.0,11.0,0.0,0,2,3,1,0.0,0.0,0.0,0.0,0,0,22.0,21.213203435596427,1,0,3,0.333,0.0,0
A-2022-11-183,2022-11-07,20:00,CHOQUE,1,1,0,LORETO,MAYNAS,SAN JUAN BAUTISTA,URBANA,CARRETERA,DEPARTAMENTAL,LO-103,-4.02704394576634,-73.4341585537898,DESPEJADO,RURAL,TRAMO RECTO,PLANA ,ASFALTADA,,,,,IMPRUDENCIA DEL CONDUCTOR,CONDUCIR EN ESTADO DE EBRIEDAD Y/O DROGADICCIÓN,20.0,0,2022.0,11.0,0.0,0,3,3,2,0.0,0.0,0.0,0.0,0,0,17.5,3.5355339059327378,0,0,3,0.0,0.0,1
A-2022-11-231,2022-11-07,21:50,ATROPELLO,1,0,0,LIMA,LIMA,CARABAYLLO,URBANA,AVENIDA,URBANO,NO CORRESPONDE,-11.87439302,-77.01407097,DESPEJADO,COMERCIAL,TRAMO RECTO,PLANA ,ASFALTADA,,,,,EN PROCESO DE INVESTIGACIÓN,NO CUENTA CON CAUSA ESPECIFICA,21.0,0,2022.0,11.0,0.0,0,3,3,0,1.0,0.0,0.0,1.0,0,0,42.5,34.64823227814083,0,1,2,0.0,0.5,1
A-2022-11-137,2022-11-07,22:00,ATROPELLO FUGA,1,0,0,LIMA,LIMA,LA VICTORIA,URBANA,VIA EXPRESA,URBANO,NO CORRESPONDE,-12.070423831237946,-77.0312295190279,DESPEJADO,COMERCIAL,TRAMO RECTO,PLANA ,ASFALTADA,,,,,EN PROCESO DE INVESTIGACIÓN,NO CUENTA CON CAUSA ESPECIFICA,22.0,0,2022.0,11.0,0.0,0,3,3,0,1.0,0.0,0.0,1.0,0,0,72.0,0.0,0,0,2,0.0,0.0,1
A-2022-11-90,2022-11-07,23:59,DESPISTE,1,1,0,APURIMAC,GRAU,GAMARRA,RURAL,CARRETERA,PROVINCIAL,AP-907,-13.840667678559251,-72.57725216737086,,,,,,,,,,EN PROCESO DE INVESTIGACIÓN,NO CUENTA CON CAUSA ESPECIFICA,23.0,0,2022.0,11.0,0.0,0,3,3,1,0.0,1.0,1.0,2.0,0,0,37.0,14.142135623730951,0,0,2,0.0,0.0,1
A-2022-11-133,2022-11-08,08:30,ATROPELLO,1,0,0,CALLAO,CALLAO,CALLAO,URBANA,CARRETERA,NACIONAL,PE-20,-11.9421195,-77.131295821,DESPEJADO,INDUSTRIAL,TRAMO RECTO,PLANA ,ASFALTADA,NO,,,SI,EN PROCESO DE INVESTIGACIÓN,NO CUENTA CON CAUSA ESPECIFICA,8.0,0,2022.0,11.0,1.0,0,1,3,0,0.0,0.0,0.0,0.0,0,1,66.5,30.405591591021544,0,1,2,0.0,0.5,0
A-2022-11-119,2022-11-08,16:00,CHOQUE,1,0,0,CALLAO,CALLAO,CALLAO,URBANA,CARRETERA,NACIONAL,PE-20,-11.989341,-77.1259525195,DESPEJADO,COMERCIAL,TRAMO RECTO,PLANA ,ASFALTADA,SI,INFORMATIVA (I),PREVENTIVA (P),NO,EN PROCESO DE INVESTIGACIÓN,NO CUENTA CON CAUSA ESPECIFICA,16.0,0,2022.0,11.0,1.0,0,2,3,0,0.0,0.0,0.0,0.0,0,1,37.0,21.213203435596427,0,2,2,0.0,1.0,0
A-2022-11-138,2022-11-08,16:00,CHOQUE,1,0,0,LIMA,LIMA,LURIGANCHO,URBANA,AVENIDA,URBANO,NO CORRESPONDE,-12.007566328955926,-76.88740436673737,DESPEJADO,INDUSTRIAL,INTERSECCIÓN,PLANA ,ASFALTADA,,,,,EN PROCESO DE INVESTIGACIÓN,NO CUENTA CON CAUSA ESPECIFICA,16.0,0,2022.0,11.0,1.0,0,2,3,0,1.0,0.0,0.0,1.0,0,0,21.0,0.0,0,0,2,0.0,0.0,0
A-2022-11-199,2022-11-08,22:00,CHOQUE,1,0,0,PIURA,AYABACA,SUYO,RURAL,CARRETERA,NACIONAL,PE-1NL,-4.482080425046179,-79.98689501037242,DESPEJADO,RURAL,TRAMO RECTO,PLANA ,ASFALTADA,,,,,IMPRUDENCIA DEL CONDUCTOR,INVASIÓN DE CARRIL,22.0,0,2022.0,11.0,1.0,0,3,3,0,0.0,0.0,0.0,0.0,0,0,50.0,22.627416997969522,0,1,2,0.0,0.5,1
A-2022-11-59,2022-11-09,00:30,DESPISTE,1,3,1,ANCASH,HUARAZ,HUARAZ,RURAL,CARRETERA,NACIONAL,PE-3N,-9.542851144952715,-77.53317436122363,DESPEJADO,RURAL,TRAMO RECTO,INCLINADA,ASFALTADA,SI,INFORMATIVA (I),,NO,IMPRUDENCIA DEL CONDUCTOR,EXCESO DE VELOCIDAD,0.0,0,2022.0,11.0,2.0,0,0,3,0,0.0,1.0,0.0,1.0,0,1,35.5,5.32290647422377,0,1,4,0.0,0.25,1
A-2022-11-169,2022-11-09,15:00,ESPECIAL,1,0,1,PASCO,PASCO,CHAUPIMARCA,RURAL,CARRETERA,NACIONAL,PE-3N,-10.723588252502376,-76.25115200296258,DESPEJADO,RURAL,OTRO,PLANA ,TROCHA,,,,,IMPRUDENCIA DEL CONDUCTOR,VEHÍCULO MAL ESTACIONADO,15.0,0,2022.0,11.0,2.0,0,2,3,1,0.0,0.0,2.0,2.0,0,0,69.0,0.0,0,1,1,0.0,1.0,0
A-2022-11-75,2022-11-09,20:10,ATROPELLO FUGA,1,0,0,TACNA,TACNA,CIUDAD NUEVA,URBANA,AVENIDA,URBANO,NO CORRESPONDE,-17.986016,-70.233182,DESPEJADO,COMERCIAL,INTERSECCIÓN,PLANA ,ASFALTADA,,,,,EN PROCESO DE INVESTIGACIÓN,NO CUENTA CON CAUSA ESPECIFICA,20.0,0,2022.0,11.0,2.0,0,3,3,0,1.0,0.0,0.0,1.0,0,0,26.0,0.0,0,0,2,0.0,0.0,1
A-2022-11-4,2022-11-10,02:15,CHOQUE,3,1,2,ICA,ICA,SUBTANJALLA,URBANA,CARRETERA,NACIONAL,PE-1S,-14.033763480341069,-75.75632772796854,DESPEJADO,COMERCIAL,TRAMO RECTO,PLANA ,ASFALTADA,,,,,EN PROCESO DE INVESTIGACIÓN,NO CUENTA CON CAUSA ESPECIFICA,2.0,2,2022.0,11.0,3.0,0,0,3,0,0.0,0.0,0.0,0.0,0,0,26.8,8.613942186943213,0,2,5,0.0,0.4,1
A-2022-11-50,2022-11-10,04:30,DESPISTE,1,4,1,PUNO,CHUCUITO,JULI,RURAL,CARRETERA,NACIONAL,PE-3S,-16.21074849595897,-69.44360923499507,DESPEJADO,RURAL,CURVA,PLANA ,ASFALTADA,,,,,IMPRUDENCIA DEL CONDUCTOR,EXCESO DE VELOCIDAD,4.0,0,2022.0,11.0,3.0,0,0,3,1,0.0,0.0,0.0,0.0,0,0,39.0,0.0,0,1,5,0.0,0.2,1
A-2022-11-158,2022-11-10,07:20,ATROPELLO,1,1,0,LIMA,LIMA,SAN JUAN DE LURIGANCHO,URBANA,AVENIDA,URBANO,NO CORRESPONDE,-11.968520605348148,-76.99352112113033,DESPEJADO,COMERCIAL,TRAMO RECTO,PLANA ,ASFALTADA,SI,PREVENTIVA (P),,SI,EN PROCESO DE INVESTIGACIÓN,NO CUENTA CON CAUSA ESPECIFICA,7.0,0,2022.0,11.0,3.0,0,1,3,0,1.0,0.0,0.0,1.0,0,0,47.333333333333336,36.69241520169166,0,1,3,0.0,0.333,0
A-2022-11-63,2022-11-10,12:10,ATROPELLO,1,0,1,PUNO,SAN ROMAN,JULIACA,URBANA,JIRÓN,URBANO,NO CORRESPONDE,-15.472323144676528,-70.11054039442485,DESPEJADO,RESIDENCIAL,TRAMO RECTO,PLANA ,TROCHA,,,,,IMPRUDENCIA DEL PEATÓN,CRUCE INDEBIDO POR LA CALZADA,12.0,0,2022.0,11.0,3.0,0,2,3,1,1.0,0.0,2.0,3.0,0,0,72.0,31.11269837220809,0,1,2,0.0,0.5,0
A-2022-11-62,2022-11-10,14:30,CHOQUE,1,0,2,PUNO,AZANGARO,TIRAPATA,RURAL,CARRETERA,DEPARTAMENTAL,PU-102,-14.88385825669214,-70.42597586154052,DESPEJADO,RURAL,TRAMO RECTO,PLANA ,ASFALTADA,,,,,IMPRUDENCIA DEL CONDUCTOR,CONDUCIR EN ESTADO DE EBRIEDAD Y/O DROGADICCIÓN,14.0,0,2022.0,11.0,3.0,0,2,3,1,0.0,0.0,0.0,0.0,0,0,53.5,6.363961030678928,0,1,2,0.0,0.5,0
A-2022-11-47,2022-11-10,18:50,DESPISTE,1,1,1,ANCASH,AIJA,CORIS,RURAL,CARRETERA,SIN CLASIFICAR,SIN CLASIFICAR,-9.820680407562312,-77.72040312285344,DESPEJADO,RURAL,CURVA,INCLINADA,TROCHA,,,,,EN PROCESO DE INVESTIGACIÓN,NO CUENTA CON CAUSA ESPECIFICA,18.0,0,2022.0,11.0,3.0,0,3,3,0,0.0,1.0,2.0,3.0,0,0,47.5,4.949747468305833,0,1,2,0.0,0.5,1
A-2022-11-80,2022-11-10,19:00,CHOQUE,1,0,2,LA LIBERTAD,PACASMAYO,SAN PEDRO DE LLOC,RURAL,CARRETERA,PROVINCIAL,LI-589,-7.370709591832695,-79.46864077007683,DESPEJADO,RURAL,TRAMO RECTO,PLANA ,AFIRMADO,,,,,IMPRUDENCIA DEL CONDUCTOR,ADELANTAR INDEBIDAMENTE,19.0,0,2022.0,11.0,3.0,0,3,3,0,0.0,0.0,1.0,1.0,0,0,51.0,26.870057685088806,0,1,2,0.0,0.5,1
A-2022-11-104,2022-11-10,19:05,DESPISTE,1,0,1,LAMBAYEQUE,CHICLAYO,TUMAN,RURAL,CARRETERA,PROVINCIAL,LA-758,-6.800794,-79.685664,DESPEJADO,RURAL,TRAMO RECTO,PLANA ,ASFALTADA,,,,,EN PROCESO DE INVESTIGACIÓN,NO CUENTA CON CAUSA ESPECIFICA,19.0,0,2022.0,11.0,3.0,0,3,3,0,0.0,0.0,0.0,0.0,0,0,56.0,0.0,0,0,1,0.0,0.0,1
A-2022-11-140,2022-11-10,19:30,ATROPELLO FUGA,1,0,0,LIMA,LIMA,LIMA,URBANA,JIRÓN,URBANO,NO CORRESPONDE,-12.061313795338776,-77.01557143153546,DESPEJADO,COMERCIAL,INTERSECCIÓN,PLANA ,ASFALTADA,,,,,EN PROCESO DE INVESTIGACIÓN,NO CUENTA CON CAUSA ESPECIFICA,19.0,0,2022.0,11.0,3.0,0,3,3,0,1.0,0.0,0.0,1.0,0,0,57.0,0.0,0,0,2,0.0,0.0,1
A-2022-11-40,2022-11-11,01:30,ATROPELLO,1,0,0,ANCASH,CARHUAZ,TINCO,RURAL,CARRETERA,NACIONAL,PE-3N,-9.270052555325533,-77.67497629401554,DESPEJADO,RURAL,CURVA,INCLINADA,ASFALTADA,SI,PREVENTIVA (P),,NO,EN PROCESO DE INVESTIGACIÓN,NO CUENTA CON CAUSA ESPECIFICA,1.0,0,2022.0,11.0,4.0,0,0,3,0,0.0,1.0,0.0,1.0,0,1,46.0,16.97056274847714,0,1,2,0.0,0.5,1
A-2022-11-81,2022-11-11,07:00,CHOQUE,1,0,2,LA LIBERTAD,TRUJILLO,LA ESPERANZA,URBANA,AVENIDA,URBANO,NO CORRESPONDE,-8.074238,-79.047902,DESPEJADO,COMERCIAL,INTERSECCIÓN,PLANA ,ASFALTADA,,,,,IMPRUDENCIA DEL CONDUCTOR,NO ESTABLECER EL DERECHO DE PASO,7.0,0,2022.0,11.0,4.0,0,1,3,0,1.0,0.0,0.0,1.0,0,0,32.5,16.263455967290593,0,2,2,0.0,1.0,0
A-2022-11-51,2022-11-11,08:40,ATROPELLO,1,0,1,PUNO,CHUCUITO,PISACOMA,RURAL,CARRETERA,DEPARTAMENTAL,PU-131,-16.937467874493013,-69.38600035749663,DESPEJADO,RURAL,CURVA,PLANA ,ASFALTADA,,,,,IMPRUDENCIA DEL CONDUCTOR,INVASIÓN DE CARRIL,8.0,0,2022.0,11.0,4.0,0,1,3,1,0.0,0.0,0.0,0.0,0,0,67.0,15.556349186104045,0,0,2,0.0,0.0,0
A-2022-11-125,2022-11-11,12:45,CHOQUE,1,0,2,CAJAMARCA,CONTUMAZA,TANTARICA,RURAL,CARRETERA,NACIONAL,PE-08,-7.20511167,-78.93261833,DESPEJADO,RESIDENCIAL,CURVA,INCLINADA,ASFALTADA,NO,,,SI,IMPRUDENCIA DEL CONDUCTOR,CONDUCIR EN ESTADO DE EBRIEDAD Y/O DROGADICCIÓN,12.0,0,2022.0,11.0,4.0,0,2,3,1,0.0,1.0,0.0,1.0,0,1,33.0,1.4142135623730951,0,0,2,0.0,0.0,0