CODIGO_SINIESTRO,FECHA_SINIESTRO,HORA_SINIESTRO,CLASE_SINIESTRO,CANTIDAD_FALLECIDOS,CANTIDAD_LESIONADOS,CANTIDAD_VEHICULOS,DEPARTAMENTO,PROVINCIA,DISTRITO,ZONA,TIPO_VIA,RED_VIAL,COD_CARRETERA,LATITUD,LONGITUD,CONDICION_CLIMATICA,ZONIFICACION,CARACTERISTICAS_VIA,PERFIL_VIA,SUPERFICIE_CALZADA,EXISTE_SENIAL_VERTICAL,CLASIFICACION_SENIAL_VERTICAL_1,CLASIFICACION_SENIAL_VERTICAL_2,EXISTE_SENIAL_HORIZONTAL,CAUSA_FACTOR_PRINCIPAL,CAUSA_ESPECIFICA,HORA,severidad,ANIO,MES,DIA_SEMANA,FIN_SEMANA,FRANJA_HORARIA,TEMPORADA,MACROREGION,TIPO_VIA_SCORE,PERFIL_VIA_SCORE,SUPERFICIE_CALZADA_SCORE,RIESGO_INFRAESTRUCTURA,RIESGO_CLIMATICO,SENIALIZACION_DEFICIENTE,EDAD_PROMEDIO,EDAD_STD,TOTAL_ALCOHOL,TOTAL_LICENCIA,TOTAL_PERSONAS,PCT_ALCOHOL,PCT_LICENCIA,ES_NOCHE
A-2022-11-115,2022-11-11,14:30,CHOQUE,1,0,2,CAJAMARCA,JAEN,JAEN,RURAL,CARRETERA,NACIONAL,PE-5N,-5.7514041,-78.790566,DESPEJADO,RURAL,TRAMO RECTO,PLANA ,ASFALTADA,,,,,EN PROCESO DE INVESTIGACIÓN,NO CUENTA CON CAUSA ESPECIFICA,14.0,0,2022.0,11.0,4.0,0,2,3,1,0.0,0.0,0.0,0.0,0,0,41.0,31.11269837220809,0,1,2,0.0,0.5,0
A-2022-11-161,2022-11-11,14:40,ATROPELLO,1,0,0,LIMA,LIMA,VILLA EL SALVADOR,URBANA,AVENIDA,URBANO,NO CORRESPONDE,-12.21868577027267,-76.94013918025463,DESPEJADO,RESIDENCIAL,INTERSECCIÓN,INCLINADA,ASFALTADA,,,,,EN PROCESO DE INVESTIGACIÓN,NO CUENTA CON CAUSA ESPECIFICA,14.0,0,2022.0,11.0,4.0,0,2,3,0,1.0,1.0,0.0,2.0,0,0,83.0,1.4142135623730951,0,0,2,0.0,0.0,0
A-2022-11-171,2022-11-11,14:45,DESPISTE,1,1,1,PIURA,SECHURA,SECHURA,RURAL,CARRETERA,NACIONAL,PE-1NK,-5.840359,-80.850268,DESPEJADO,RURAL,TRAMO RECTO,PLANA ,ASFALTADA,,,,,IMPRUDENCIA DEL CONDUCTOR,EXCESO DE VELOCIDAD,14.0,0,2022.0,11.0,4.0,0,2,3,0,0.0,0.0,0.0,0.0,0,0,59.0,0.0,0,1,2,0.0,0.5,0
A-2022-11-77,2022-11-11,15:23,ATROPELLO,1,0,0,TACNA,TACNA,TACNA,URBANA,AVENIDA,URBANO,NO CORRESPONDE,-18.003813,-70.258094,DESPEJADO,COMERCIAL,TRAMO RECTO,INCLINADA,ASFALTADA,SI,PREVENTIVA (P),,NO,IMPRUDENCIA DEL CONDUCTOR,OTRO (IMPRUDENCIA DEL CONDUCTOR),15.0,0,2022.0,11.0,4.0,0,2,3,0,1.0,1.0,0.0,2.0,0,1,58.5,6.363961030678928,0,1,2,0.0,0.5,0
A-2022-11-160,2022-11-11,17:20,DESPISTE,1,3,0,LIMA,LIMA,LURIN,URBANA,CARRETERA,NACIONAL,PE-1S,-12.275870433639133,-76.89007762093257,DESPEJADO,INDUSTRIAL,TRAMO RECTO,PLANA ,ASFALTADA,,,,,EN PROCESO DE INVESTIGACIÓN,NO CUENTA CON CAUSA ESPECIFICA,17.0,0,2022.0,11.0,4.0,0,2,3,0,0.0,0.0,0.0,0.0,0,0,31.333333333333332,3.785938897200182,0,0,4,0.0,0.0,0
A-2022-11-76,2022-11-11,18:30,CHOQUE,1,0,2,TACNA,TACNA,SAMA,RURAL,CARRETERA,PROVINCIAL,TA-610,-17.858745,-70.555653,DESPEJADO,RURAL,TRAMO RECTO,PLANA ,ASFALTADA,,,,,IMPRUDENCIA DEL CONDUCTOR,CONDUCIR EN ESTADO DE EBRIEDAD Y/O DROGADICCIÓN,18.0,0,2022.0,11.0,4.0,0,3,3,0,0.0,0.0,0.0,0.0,0,0,38.0,14.142135623730951,0,1,2,0.0,0.5,1
A-2022-11-175,2022-11-11,23:40,ATROPELLO FUGA,1,0,0,JUNIN,HUANCAYO,SICAYA,RURAL,CARRETERA,NACIONAL,PE-3SB,-12.032325,-75.264093,DESPEJADO,RURAL,TRAMO RECTO,PLANA ,ASFALTADA,NO,,,SI,IMPRUDENCIA DEL CONDUCTOR,OTRO (IMPRUDENCIA DEL CONDUCTOR),23.0,0,2022.0,11.0,4.0,0,3,3,1,0.0,0.0,0.0,0.0,0,1,65.0,0.0,0,0,2,0.0,0.0,1
A-2022-11-139,2022-11-12,05:30,CHOQUE,1,0,0,LIMA,LIMA,SAN MIGUEL,URBANA,AVENIDA,URBANO,NO CORRESPONDE,-12.0770287,-77.0938125,DESPEJADO,COMERCIAL,TRAMO RECTO,PLANA ,ASFALTADA,SI,REGULADORA (R),REGULADORA (R),NO,EN PROCESO DE INVESTIGACIÓN,NO CUENTA CON CAUSA ESPECIFICA,5.0,0,2022.0,11.0,5.0,1,0,3,0,1.0,0.0,0.0,1.0,0,1,45.5,12.020815280171307,0,0,2,0.0,0.0,1
A-2022-11-5,2022-11-12,17:40,ATROPELLO,1,0,1,ICA,ICA,SANTIAGO,URBANA,CARRETERA,NACIONAL,PE-1S,-14.20654449242348,-75.71407415451067,SOLEADO,COMERCIAL,TRAMO RECTO,PLANA ,ASFALTADA,,,,,EN PROCESO DE INVESTIGACIÓN,NO CUENTA CON CAUSA ESPECIFICA,17.0,0,2022.0,11.0,5.0,1,2,3,0,0.0,0.0,0.0,0.0,0,0,33.0,18.384776310850235,0,1,2,0.0,0.5,0
A-2022-11-15,2022-11-12,19:00,ATROPELLO,1,0,1,AREQUIPA,ISLAY,PUNTA DE BOMBON,RURAL,CARRETERA,NACIONAL,PE-1SD,-17.221262,-71.649945,DESPEJADO,RURAL,TRAMO RECTO,PLANA ,ASFALTADA,NO,,,SI,EN PROCESO DE INVESTIGACIÓN,NO CUENTA CON CAUSA ESPECIFICA,19.0,0,2022.0,11.0,5.0,1,3,3,0,0.0,0.0,0.0,0.0,0,1,39.0,4.242640687119285,0,1,2,0.0,0.5,1
A-2022-11-200,2022-11-12,20:00,CHOQUE,1,0,1,PIURA,SULLANA,LANCONES,RURAL,CARRETERA,NACIONAL,PE-1NN,-4.6199069751643655,-80.53929613734319,DESPEJADO,RURAL,TRAMO RECTO,PLANA ,ASFALTADA,,,,,EN PROCESO DE INVESTIGACIÓN,NO CUENTA CON CAUSA ESPECIFICA,20.0,0,2022.0,11.0,5.0,1,3,3,0,0.0,0.0,0.0,0.0,0,0,42.0,0.0,0,0,2,0.0,0.0,1
A-2022-11-141,2022-11-12,20:10,CHOQUE,1,1,0,LIMA,LIMA,LURIGANCHO,URBANA,CARRETERA,NACIONAL,PE-22,-12.020841026337164,-76.92263775270905,DESPEJADO,INDUSTRIAL,TRAMO RECTO,PLANA ,ASFALTADA,,,,,EN PROCESO DE INVESTIGACIÓN,NO CUENTA CON CAUSA ESPECIFICA,20.0,0,2022.0,11.0,5.0,1,3,3,0,0.0,0.0,0.0,0.0,0,0,45.5,12.020815280171307,0,1,3,0.0,0.333,1
A-2022-11-72,2022-11-12,20:20,ATROPELLO FUGA,1,0,0,HUANUCO,LEONCIO PRADO,LUYANDO,RURAL,CARRETERA,NACIONAL,PE-18A,-9.212693095456332,-75.98727095164786,DESPEJADO,RESIDENCIAL,TRAMO RECTO,PLANA ,ASFALTADA,,,,,EN PROCESO DE INVESTIGACIÓN,NO CUENTA CON CAUSA ESPECIFICA,20.0,0,2022.0,11.0,5.0,1,3,3,1,0.0,0.0,0.0,0.0,0,0,69.0,0.0,0,0,2,0.0,0.0,1
A-2022-11-6,2022-11-13,03:00,ATROPELLO,1,0,1,ICA,PISCO,PARACAS,RURAL,CARRETERA,NACIONAL,PE-1S,-13.874253,-76.125205,DESPEJADO,RURAL,CURVA,PLANA ,ASFALTADA,,,,,EN PROCESO DE INVESTIGACIÓN,NO CUENTA CON CAUSA ESPECIFICA,3.0,0,2022.0,11.0,6.0,1,0,3,0,0.0,0.0,0.0,0.0,0,0,37.0,25.45584412271571,0,1,2,0.0,0.5,1
A-2022-11-83,2022-11-13,03:00,DESPISTE,1,1,1,LA LIBERTAD,PATAZ,PATAZ,RURAL,CARRETERA,DEPARTAMENTAL,LI-125,-7.778377,-77.592619,DESPEJADO,RURAL,TRAMO RECTO,PLANA ,AFIRMADO,,,,,IMPRUDENCIA DEL CONDUCTOR,OTRO (IMPRUDENCIA DEL CONDUCTOR),3.0,0,2022.0,11.0,6.0,1,0,3,0,0.0,0.0,1.0,1.0,0,0,28.5,7.7781745930520225,0,1,2,0.0,0.5,1
A-2022-11-82,2022-11-13,04:30,CHOQUE,2,0,2,LA LIBERTAD,TRUJILLO,HUANCHACO,URBANA,CARRETERA,NACIONAL,PE-1N,-8.088236,-79.096604,DESPEJADO,COMERCIAL,TRAMO RECTO,PLANA ,ASFALTADA,,,,,IMPRUDENCIA DEL CONDUCTOR,CONDUCIR EN ESTADO DE EBRIEDAD Y/O DROGADICCIÓN,4.0,1,2022.0,11.0,6.0,1,0,3,0,0.0,0.0,0.0,0.0,0,0,43.0,7.0,0,2,3,0.0,0.667,1
A-2022-11-19,2022-11-13,04:40,ATROPELLO FUGA,1,0,1,AREQUIPA,CAYLLOMA,MAJES,URBANA,CARRETERA,DEPARTAMENTAL,AR-108,-16.3472,-72.188856,DESPEJADO,COMERCIAL,TRAMO RECTO,PLANA ,ASFALTADA,,,,,EN PROCESO DE INVESTIGACIÓN,NO CUENTA CON CAUSA ESPECIFICA,4.0,0,2022.0,11.0,6.0,1,0,3,0,0.0,0.0,0.0,0.0,0,0,48.0,0.0,0,0,2,0.0,0.0,1
A-2022-11-191,2022-11-13,07:35,CHOQUE,1,1,0,MADRE DE DIOS,TAMBOPATA,TAMBOPATA,URBANA,AVENIDA,URBANO,NO CORRESPONDE,-12.596005,-69.180265,,,,,,,,,,EN PROCESO DE INVESTIGACIÓN,NO CUENTA CON CAUSA ESPECIFICA,7.0,0,2022.0,11.0,6.0,1,1,3,2,1.0,1.0,1.0,3.0,0,0,44.333333333333336,24.37895267096873,0,0,3,0.0,0.0,0
A-2022-11-16,2022-11-13,17:00,VOLCADURA,1,0,1,AREQUIPA,AREQUIPA,LA JOYA,URBANA,CALLE,URBANO,NO CORRESPONDE,-16.498478,-71.846176,DESPEJADO,RESIDENCIAL,INTERSECCIÓN,PLANA ,ASFALTADA,,,,,EN PROCESO DE INVESTIGACIÓN,NO CUENTA CON CAUSA ESPECIFICA,17.0,0,2022.0,11.0,6.0,1,2,3,0,2.0,0.0,0.0,2.0,0,0,33.0,0.0,0,0,1,0.0,0.0,0
A-2022-11-233,2022-11-13,18:50,CHOQUE,1,0,0,LIMA,LIMA,SAN MARTIN DE PORRES,URBANA,AVENIDA,URBANO,NO CORRESPONDE,-11.990969413669056,-77.08949531896536,DESPEJADO,RESIDENCIAL,TRAMO RECTO,PLANA ,ASFALTADA,,,,,IMPRUDENCIA DEL CONDUCTOR,EXCESO DE VELOCIDAD,18.0,0,2022.0,11.0,6.0,1,3,3,0,1.0,0.0,0.0,1.0,0,0,35.5,17.67766952966369,0,2,2,0.0,1.0,1
A-2022-11-52,2022-11-13,20:00,DESPISTE,2,1,1,PUNO,PUNO,CAPACHICA,RURAL,CARRETERA,PROVINCIAL,PU-926,-15.653018444546808,-69.84491587173731,DESPEJADO,RURAL,CURVA,PLANA ,ASFALTADA,,,,,IMPRUDENCIA DEL CONDUCTOR,CONDUCIR EN ESTADO DE EBRIEDAD Y/O DROGADICCIÓN,20.0,1,2022.0,11.0,6.0,1,3,3,1,0.0,0.0,0.0,0.0,0,0,42.666666666666664,3.511884584284245,0,1,3,0.0,0.333,1
A-2022-11-45,2022-11-13,22:05,CHOQUE,1,2,1,ANCASH,CARHUAZ,MARCARA,RURAL,CARRETERA,PROVINCIAL,AN-784,-9.322360093966331,-77.60572180915618,DESPEJADO,RURAL,TRAMO RECTO,INCLINADA,ASFALTADA,NO,,,SI,IMPRUDENCIA DEL CONDUCTOR,INVASIÓN DE CARRIL,22.0,0,2022.0,11.0,6.0,1,3,3,0,0.0,1.0,0.0,1.0,0,1,39.666666666666664,18.58314648635514,0,1,3,0.0,0.333,1
A-2022-11-142,2022-11-13,23:15,DESPISTE,1,0,0,LIMA,LIMA,LOS OLIVOS,URBANA,AVENIDA,URBANO,NO CORRESPONDE,-11.9632331,-77.07862223,DESPEJADO,RESIDENCIAL,TRAMO RECTO,PLANA ,ASFALTADA,,,,,EN PROCESO DE INVESTIGACIÓN,NO CUENTA CON CAUSA ESPECIFICA,23.0,0,2022.0,11.0,6.0,1,3,3,0,1.0,0.0,0.0,1.0,0,0,26.0,0.0,0,0,1,0.0,0.0,1
A-2022-11-162,2022-11-14,00:30,ATROPELLO FUGA,1,0,0,LIMA,LIMA,LURIGANCHO,URBANA,CALLE,URBANO,NO CORRESPONDE,-11.938774046417786,-76.71391904540896,DESPEJADO,RESIDENCIAL,INTERSECCIÓN,INCLINADA,ASFALTADA,,,,,EN PROCESO DE INVESTIGACIÓN,NO CUENTA CON CAUSA ESPECIFICA,0.0,0,2022.0,11.0,0.0,0,0,3,0,2.0,1.0,0.0,3.0,0,0,27.0,0.0,0,0,2,0.0,0.0,1
A-2022-11-101,2022-11-14,15:40,CHOQUE,1,0,0,ANCASH,SANTA,NUEVO CHIMBOTE,URBANA,CARRETERA,NACIONAL,PE-1N,-9.154906856773838,-78.50250768004118,DESPEJADO,INDUSTRIAL,TRAMO RECTO,PLANA ,ASFALTADA,,,,,EN PROCESO DE INVESTIGACIÓN,NO CUENTA CON CAUSA ESPECIFICA,15.0,0,2022.0,11.0,0.0,0,2,3,0,0.0,0.0,0.0,0.0,0,0,37.5,9.192388155425117,0,2,2,0.0,1.0,0
A-2022-11-168,2022-11-14,16:30,DESPISTE,2,5,1,JUNIN,JAUJA,CURICACA,URBANA,CARRETERA,NACIONAL,PE-3S,-11.763505,-75.713138,DESPEJADO,RURAL,CURVA,PLANA ,ASFALTADA,,,,,IMPRUDENCIA DEL CONDUCTOR,FATIGA Y/O CANSANCIO,16.0,1,2022.0,11.0,0.0,0,2,3,1,0.0,0.0,0.0,0.0,0,0,46.125,10.815828348173007,0,1,8,0.0,0.125,0
A-2022-11-187,2022-11-14,16:30,CHOQUE,1,0,0,MADRE DE DIOS,TAMBOPATA,LABERINTO,RURAL,CARRETERA,NACIONAL,PE-30C,-12.753833,-69.554536,,,,,,,,,,EN PROCESO DE INVESTIGACIÓN,NO CUENTA CON CAUSA ESPECIFICA,16.0,0,2022.0,11.0,0.0,0,2,3,2,0.0,1.0,1.0,2.0,0,0,35.5,2.1213203435596424,0,0,2,0.0,0.0,0
A-2022-11-89,2022-11-14,19:20,DESPISTE,1,0,0,APURIMAC,ABANCAY,TAMBURCO,RURAL,CARRETERA,SIN CLASIFICAR,SIN CLASIFICAR,-13.593276620363026,-72.85784924896922,,,,,,,,,,EN PROCESO DE INVESTIGACIÓN,NO CUENTA CON CAUSA ESPECIFICA,19.0,0,2022.0,11.0,0.0,0,3,3,1,0.0,1.0,1.0,2.0,0,0,50.0,0.0,0,0,1,0.0,0.0,1
A-2022-11-23,2022-11-15,06:00,VOLCADURA,1,0,1,AREQUIPA,CAYLLOMA,MAJES,URBANA,CARRETERA,DEPARTAMENTAL,AR-109,-16.309005,-72.173148,DESPEJADO,COMERCIAL,TRAMO RECTO,PLANA ,TROCHA,,,,,EN PROCESO DE INVESTIGACIÓN,NO CUENTA CON CAUSA ESPECIFICA,6.0,0,2022.0,11.0,1.0,0,1,3,0,0.0,0.0,2.0,2.0,0,0,36.0,0.0,0,0,1,0.0,0.0,0
A-2022-11-143,2022-11-15,12:30,ATROPELLO,1,0,0,LIMA,LIMA,ANCON,URBANA,CARRETERA,NACIONAL,PE-1N,-11.813834,-77.128701,DESPEJADO,COMERCIAL,TRAMO RECTO,PLANA ,ASFALTADA,,,,,EN PROCESO DE INVESTIGACIÓN,NO CUENTA CON CAUSA ESPECIFICA,12.0,0,2022.0,11.0,1.0,0,2,3,0,0.0,0.0,0.0,0.0,0,0,34.0,0.0,0,1,2,0.0,0.5,0
A-2022-11-53,2022-11-15,21:31,CHOQUE,1,0,1,PUNO,CHUCUITO,JULI,URBANA,AVENIDA,URBANO,NO CORRESPONDE,-16.2195585,-69.4758524,DESPEJADO,COMERCIAL,TRAMO RECTO,PLANA ,ASFALTADA,,,,,IMPRUDENCIA DEL CONDUCTOR,OTRO (IMPRUDENCIA DEL CONDUCTOR),21.0,0,2022.0,11.0,1.0,0,3,3,1,1.0,0.0,0.0,1.0,0,0,30.0,0.0,0,0,2,0.0,0.0,1
A-2022-11-144,2022-11-15,23:00,ATROPELLO,1,0,0,LIMA,LIMA,SAN MARTIN DE PORRES,URBANA,CARRETERA,NACIONAL,PE-1N,-12.00976,-77.060729,DESPEJADO,COMERCIAL,TRAMO RECTO,PLANA ,ASFALTADA,,,,,EN PROCESO DE INVESTIGACIÓN,NO CUENTA CON CAUSA ESPECIFICA,23.0,0,2022.0,11.0,1.0,0,3,3,0,0.0,0.0,0.0,0.0,0,0,29.0,0.0,0,1,2,0.0,0.5,1
A-2022-11-145,2022-11-16,05:30,CHOQUE,1,1,0,LIMA,LIMA,LOS OLIVOS,URBANA,CARRETERA,NACIONAL,PE-1N,-11.974377,-77.066469,DESPEJADO,COMERCIAL,TRAMO RECTO,PLANA ,ASFALTADA,,,,,EN PROCESO DE INVESTIGACIÓN,NO CUENTA CON CAUSA ESPECIFICA,5.0,0,2022.0,11.0,2.0,0,0,3,0,0.0,0.0,0.0,0.0,0,0,34.5,13.435028842544403,0,2,3,0.0,0.667,1
A-2022-11-84,2022-11-16,05:30,ATROPELLO FUGA,1,0,0,LA LIBERTAD,CHEPEN,PACANGA,RURAL,CARRETERA,NACIONAL,PE-1N,-7.15281476530781,-79.44806478639671,DESPEJADO,RURAL,TRAMO RECTO,PLANA ,ASFALTADA,,,,,IMPRUDENCIA DEL PEATÓN,CRUCE INDEBIDO POR LA CALZADA,5.0,0,2022.0,11.0,2.0,0,0,3,0,0.0,0.0,0.0,0.0,0,0,31.0,0.0,0,0,2,0.0,0.0,1
A-2022-11-123,2022-11-16,05:40,DESPISTE,1,0,0,LIMA,BARRANCA,BARRANCA,URBANA,JIRÓN,URBANO,NO CORRESPONDE,-10.74845161,-77.75889143,DESPEJADO,RESIDENCIAL,TRAMO RECTO,PLANA ,ASFALTADA,,,,,EN PROCESO DE INVESTIGACIÓN,NO CUENTA CON CAUSA ESPECIFICA,5.0,0,2022.0,11.0,2.0,0,0,3,0,1.0,0.0,0.0,1.0,0,0,28.0,0.0,0,0,1,0.0,0.0,1
A-2022-11-126,2022-11-16,07:40,VOLCADURA,1,6,1,CAJAMARCA,CAJABAMBA,CACHACHI,RURAL,CARRETERA,DEPARTAMENTAL,CA-111,-7.666417,-78.189319,SOLEADO,RURAL,CURVA,INCLINADA,ASFALTADA,NO,,,SI,IMPRUDENCIA DEL CONDUCTOR,EXCESO DE VELOCIDAD,7.0,0,2022.0,11.0,2.0,0,1,3,1,0.0,1.0,0.0,1.0,0,1,43.57142857142857,9.571783930858846,0,0,7,0.0,0.0,0
A-2022-11-44,2022-11-16,13:00,DESPISTE,2,0,1,ANCASH,BOLOGNESI,HUALLANCA,RURAL,CARRETERA,NACIONAL,PE-3N,-9.89893811844632,-76.94136645151447,DESPEJADO,RURAL,CURVA,INCLINADA,ASFALTADA,,,,,EN PROCESO DE INVESTIGACIÓN,NO CUENTA CON CAUSA ESPECIFICA,13.0,1,2022.0,11.0,2.0,0,2,3,0,0.0,1.0,0.0,1.0,0,0,56.5,3.5355339059327378,0,1,2,0.0,0.5,0
A-2022-11-166,2022-11-16,18:15,DESPISTE,1,0,1,PUNO,LAMPA,SANTA LUCIA,RURAL,CARRETERA,NACIONAL,PE-34A,-15.6931733,-70.8136945,DESPEJADO,RURAL,TRAMO RECTO,PLANA ,ASFALTADA,,,,,IMPRUDENCIA DEL CONDUCTOR,EXCESO DE VELOCIDAD,18.0,0,2022.0,11.0,2.0,0,3,3,1,0.0,0.0,0.0,0.0,0,0,38.0,0.0,0,1,1,0.0,1.0,1
A-2022-11-146,2022-11-16,20:15,ATROPELLO,1,1,0,LIMA,LIMA,BREÑA,URBANA,AVENIDA,URBANO,NO CORRESPONDE,-12.06794779380365,-77.04804799852288,DESPEJADO,COMERCIAL,TRAMO RECTO,PLANA ,ASFALTADA,,,,,EN PROCESO DE INVESTIGACIÓN,NO CUENTA CON CAUSA ESPECIFICA,20.0,0,2022.0,11.0,2.0,0,3,3,0,1.0,0.0,0.0,1.0,0,0,27.333333333333332,10.115993936995679,0,1,3,0.0,0.333,1
A-2022-11-188,2022-11-16,20:35,DESPISTE,1,0,0,AMAZONAS,UTCUBAMBA,CAJARURO,RURAL,CARRETERA,SIN CLASIFICAR,SIN CLASIFICAR,-5.76693263012645,-78.1896960691936,DESPEJADO,RURAL,CURVA,INCLINADA,TROCHA,,,,,EN PROCESO DE INVESTIGACIÓN,NO CUENTA CON CAUSA ESPECIFICA,20.0,0,2022.0,11.0,2.0,0,3,3,2,0.0,1.0,2.0,3.0,0,0,37.0,1.4142135623730951,0,0,2,0.0,0.0,1
A-2022-11-7,2022-11-17,05:00,ATROPELLO FUGA,1,0,0,ICA,PISCO,TUPAC AMARU INCA,RURAL,CARRETERA,NACIONAL,PE-1S,-13.692376,-76.15555,DESPEJADO,RURAL,TRAMO RECTO,PLANA ,ASFALTADA,,,,,EN PROCESO DE INVESTIGACIÓN,NO CUENTA CON CAUSA ESPECIFICA,5.0,0,2022.0,11.0,3.0,0,0,3,0,0.0,0.0,0.0,0.0,0,0,39.0,0.0,0,0,2,0.0,0.0,1
A-2022-11-31,2022-11-17,05:50,ATROPELLO,1,0,1,CUSCO,URUBAMBA,YUCAY,URBANA,CARRETERA,NACIONAL,PE-28B,-13.323544391560455,-72.08126416001991,DESPEJADO,RESIDENCIAL,INTERSECCIÓN,PLANA ,ASFALTADA,NO,,,SI,IMPRUDENCIA DEL CONDUCTOR,EXCESO DE VELOCIDAD,5.0,0,2022.0,11.0,3.0,0,0,3,1,0.0,0.0,0.0,0.0,0,1,64.0,28.284271247461902,0,1,2,0.0,0.5,1
A-2022-11-54,2022-11-17,18:30,CHOQUE,2,0,2,PUNO,EL COLLAO,PILCUYO,RURAL,CARRETERA,PROVINCIAL,PU-1180,-16.060408,-69.481173,DESPEJADO,RURAL,TRAMO RECTO,PLANA ,ASFALTADA,,,,,IMPRUDENCIA DEL CONDUCTOR,GIRAR IMPRUDENTEMENTE,18.0,1,2022.0,11.0,3.0,0,3,3,1,0.0,0.0,0.0,0.0,0,0,64.33333333333333,2.516611478423583,0,0,3,0.0,0.0,1
A-2022-12-226,2022-11-18,01:25,DESPISTE,1,0,0,LORETO,MAYNAS,SAN JUAN BAUTISTA,URBANA,CARRETERA,DEPARTAMENTAL,LO-103,-3.78496327320028,-73.2997994964073,DESPEJADO,RURAL,TRAMO RECTO,PLANA ,ASFALTADA,,,,,IMPRUDENCIA DEL CONDUCTOR,CONDUCIR EN ESTADO DE EBRIEDAD Y/O DROGADICCIÓN,1.0,0,2022.0,11.0,4.0,0,0,3,2,0.0,0.0,0.0,0.0,0,0,55.0,0.0,0,0,1,0.0,0.0,1
A-2022-11-242,2022-11-18,06:00,CHOQUE,1,2,2,AYACUCHO,HUAMANGA,CHIARA,RURAL,CARRETERA,NACIONAL,PE-3S,-13.30830702,-74.22658492,DESPEJADO,RURAL,TRAMO RECTO,INCLINADA,ASFALTADA,SI,PREVENTIVA (P),,NO,IMPRUDENCIA DEL CONDUCTOR,INVASIÓN DE CARRIL,6.0,0,2022.0,11.0,4.0,0,1,3,1,0.0,1.0,0.0,1.0,0,1,42.333333333333336,1.1547005383792526,0,2,3,0.0,0.667,0
A-2022-11-92,2022-11-18,06:30,CHOQUE,1,0,2,LA LIBERTAD,TRUJILLO,TRUJILLO,URBANA,AVENIDA,URBANO,NO CORRESPONDE,-8.091836,-79.034714,DESPEJADO,RESIDENCIAL,CURVA,INCLINADA,ASFALTADA,,,,,IMPRUDENCIA DEL CONDUCTOR,INVASIÓN DE CARRIL,6.0,0,2022.0,11.0,4.0,0,1,3,0,1.0,1.0,0.0,2.0,0,0,33.5,9.192388155425117,0,1,2,0.0,0.5,0
A-2022-11-102,2022-11-18,06:50,DESPISTE,1,0,0,ANCASH,CASMA,CASMA,RURAL,CARRETERA,NACIONAL,PE-1N,-9.634016830211207,-78.25794921682309,DESPEJADO,RURAL,TRAMO RECTO,PLANA ,ASFALTADA,,,,,EN PROCESO DE INVESTIGACIÓN,NO CUENTA CON CAUSA ESPECIFICA,6.0,0,2022.0,11.0,4.0,0,1,3,0,0.0,0.0,0.0,0.0,0,0,37.0,0.0,0,1,2,0.0,0.5,0
A-2022-11-85,2022-11-18,09:10,DESPISTE,11,16,1,LA LIBERTAD,PACASMAYO,SAN PEDRO DE LLOC,RURAL,CARRETERA,NACIONAL,PE-1N,-7.453194,-79.490454,DESPEJADO,RURAL,ÓVALO,INCLINADA,ASFALTADA,,,,,IMPRUDENCIA DEL CONDUCTOR,FATIGA Y/O CANSANCIO,9.0,2,2022.0,11.0,4.0,0,1,3,0,0.0,1.0,0.0,1.0,0,0,44.17857142857143,17.849273398280413,0,1,28,0.0,0.036,0
A-2022-11-147,2022-11-18,18:00,ATROPELLO,1,0,0,LIMA,LIMA,LOS OLIVOS,URBANA,AVENIDA,URBANO,NO CORRESPONDE,-11.989731500526345,-77.06459178954998,DESPEJADO,COMERCIAL,ÓVALO,PLANA ,ASFALTADA,SI,PREVENTIVA (P),,NO,EN PROCESO DE INVESTIGACIÓN,NO CUENTA CON CAUSA ESPECIFICA,18.0,0,2022.0,11.0,4.0,0,3,3,0,1.0,0.0,0.0,1.0,0,1,29.5,16.263455967290593,0,1,2,0.0,0.5,1
A-2022-11-22,2022-11-19,02:30,ATROPELLO FUGA,1,0,0,CUSCO,ANTA,ANTA,RURAL,CARRETERA,NACIONAL,PE-3S,-13.4744457142765,-72.15729923800652,DESPEJADO,RURAL,TRAMO RECTO,PLANA ,ASFALTADA,,,,,EN PROCESO DE INVESTIGACIÓN,NO CUENTA CON CAUSA ESPECIFICA,2.0,0,2022.0,11.0,5.0,1,0,3,1,0.0,0.0,0.0,0.0,0,0,42.0,0.0,0,0,2,0.0,0.0,1
A-2022-11-46,2022-11-19,04:00,DESPISTE,1,0,1,ANCASH,HUARI,PONTO,RURAL,CARRETERA,SIN CLASIFICAR,SIN CLASIFICAR,-9.327396358110548,-77.00286239987815,DESPEJADO,RURAL,TRAMO RECTO,PLANA ,TROCHA,,,,,EN PROCESO DE INVESTIGACIÓN,NO CUENTA CON CAUSA ESPECIFICA,4.0,0,2022.0,11.0,5.0,1,0,3,0,0.0,0.0,2.0,2.0,0,0,54.0,0.0,0,0,1,0.0,0.0,1