CODIGO_SINIESTRO,FECHA_SINIESTRO,HORA_SINIESTRO,CLASE_SINIESTRO,CANTIDAD_FALLECIDOS,CANTIDAD_LESIONADOS,CANTIDAD_VEHICULOS,DEPARTAMENTO,PROVINCIA,DISTRITO,ZONA,TIPO_VIA,RED_VIAL,COD_CARRETERA,LATITUD,LONGITUD,CONDICION_CLIMATICA,ZONIFICACION,CARACTERISTICAS_VIA,PERFIL_VIA,SUPERFICIE_CALZADA,EXISTE_SENIAL_VERTICAL,CLASIFICACION_SENIAL_VERTICAL_1,CLASIFICACION_SENIAL_VERTICAL_2,EXISTE_SENIAL_HORIZONTAL,CAUSA_FACTOR_PRINCIPAL,CAUSA_ESPECIFICA,HORA,severidad,ANIO,MES,DIA_SEMANA,FIN_SEMANA,FRANJA_HORARIA,TEMPORADA,MACROREGION,TIPO_VIA_SCORE,PERFIL_VIA_SCORE,SUPERFICIE_CALZADA_SCORE,RIESGO_INFRAESTRUCTURA,RIESGO_CLIMATICO,SENIALIZACION_DEFICIENTE,EDAD_PROMEDIO,EDAD_STD,TOTAL_ALCOHOL,TOTAL_LICENCIA,TOTAL_PERSONAS,PCT_ALCOHOL,PCT_LICENCIA,ES_NOCHE
A-2022-11-148,2022-11-19,05:40,CHOQUE,1,0,0,LIMA,LIMA,ATE,URBANA,CARRETERA,NACIONAL,PE-22,-12.006904216614387,-76.85291753105753,DESPEJADO,INDUSTRIAL,TRAMO RECTO,PLANA ,ASFALTADA,,,,,EN PROCESO DE INVESTIGACIÓN,NO CUENTA CON CAUSA ESPECIFICA,5.0,0,2022.0,11.0,5.0,1,0,3,0,0.0,0.0,0.0,0.0,0,0,39.666666666666664,6.027713773341709,0,1,3,0.0,0.333,1
A-2022-11-8,2022-11-19,07:30,CHOQUE,1,0,2,ICA,ICA,SALAS,RURAL,CARRETERA,NACIONAL,PE-1S,-13.9049924,-76.0526704,DESPEJADO,RURAL,TRAMO RECTO,PLANA ,ASFALTADA,,,,,EN PROCESO DE INVESTIGACIÓN,NO CUENTA CON CAUSA ESPECIFICA,7.0,0,2022.0,11.0,5.0,1,1,3,0,0.0,0.0,0.0,0.0,0,0,52.0,5.656854249492381,0,1,2,0.0,0.5,0
A-2022-11-241,2022-11-19,17:00,CHOQUE,1,0,0,LIMA,LIMA,PUEBLO LIBRE,URBANA,AVENIDA,URBANO,NO CORRESPONDE,-12.08011166,-77.05790207,DESPEJADO,RESIDENCIAL,TRAMO RECTO,PLANA ,ASFALTADA,,,,,EN PROCESO DE INVESTIGACIÓN,NO CUENTA CON CAUSA ESPECIFICA,17.0,0,2022.0,11.0,5.0,1,2,3,0,1.0,0.0,0.0,1.0,0,0,48.0,0.0,0,1,2,0.0,0.5,0
A-2022-11-167,2022-11-19,18:15,DESPISTE,1,0,1,PASCO,PASCO,YANACANCHA,RURAL,CARRETERA,NACIONAL,PE-34A,-10.693849303700125,-76.23033818124274,DESPEJADO,RURAL,TRAMO RECTO,PLANA ,ASFALTADA,,,,,IMPRUDENCIA DEL CONDUCTOR,EXCESO DE VELOCIDAD,18.0,0,2022.0,11.0,5.0,1,3,3,1,0.0,0.0,0.0,0.0,0,0,36.0,0.0,0,1,1,0.0,1.0,1
A-2022-11-86,2022-11-19,19:30,CHOQUE,2,0,2,LA LIBERTAD,TRUJILLO,SALAVERRY,URBANA,CARRETERA,NACIONAL,PE-10,-8.187631489027199,-78.99450323406467,DESPEJADO,RURAL,TRAMO RECTO,PLANA ,ASFALTADA,,,,,IMPRUDENCIA DEL CONDUCTOR,NO ESTABLECER EL DERECHO DE PASO,19.0,1,2022.0,11.0,5.0,1,3,3,0,0.0,0.0,0.0,0.0,0,0,35.0,15.524174696260024,0,1,3,0.0,0.333,1
A-2022-11-10,2022-11-19,20:15,ATROPELLO,1,0,1,ICA,PISCO,TUPAC AMARU INCA,URBANA,CARRETERA,NACIONAL,PE-1S,-13.715865607530723,-76.15407544571597,DESPEJADO,COMERCIAL,TRAMO RECTO,PLANA ,ASFALTADA,,,,,EN PROCESO DE INVESTIGACIÓN,NO CUENTA CON CAUSA ESPECIFICA,20.0,0,2022.0,11.0,5.0,1,3,3,0,0.0,0.0,0.0,0.0,0,0,27.5,0.7071067811865476,0,1,2,0.0,0.5,1
A-2022-11-91,2022-11-19,21:30,DESPISTE,2,1,0,APURIMAC,ABANCAY,CURAHUASI,RURAL,CARRETERA,DEPARTAMENTAL,AP-112,-13.64173297587941,-72.59979738921055,,,,,,,,,,EN PROCESO DE INVESTIGACIÓN,NO CUENTA CON CAUSA ESPECIFICA,21.0,1,2022.0,11.0,5.0,1,3,3,1,0.0,1.0,1.0,2.0,0,0,42.333333333333336,11.015141094572202,0,0,3,0.0,0.0,1
A-2022-11-11,2022-11-19,21:45,CHOQUE,1,7,2,ICA,PISCO,PARACAS,RURAL,CARRETERA,NACIONAL,PE-1S,-13.788802275390925,-76.16369918469702,DESPEJADO,INDUSTRIAL,TRAMO RECTO,PLANA ,ASFALTADA,,,,,EN PROCESO DE INVESTIGACIÓN,NO CUENTA CON CAUSA ESPECIFICA,21.0,0,2022.0,11.0,5.0,1,3,3,0,0.0,0.0,0.0,0.0,0,0,29.666666666666668,15.620499351813308,0,2,9,0.0,0.222,1
A-2022-11-87,2022-11-19,21:50,CHOQUE,1,0,2,LA LIBERTAD,TRUJILLO,VICTOR LARCO HERRERA,URBANA,CARRETERA,NACIONAL,PE-1N,-8.152316034586216,-79.0352888893091,DESPEJADO,RURAL,TRAMO RECTO,PLANA ,ASFALTADA,,,,,IMPRUDENCIA DEL CONDUCTOR,ADELANTAR INDEBIDAMENTE,21.0,0,2022.0,11.0,5.0,1,3,3,0,0.0,0.0,0.0,0.0,0,0,28.5,6.363961030678928,0,1,2,0.0,0.5,1
A-2022-11-55,2022-11-20,02:20,DESPISTE,1,0,0,PUNO,CHUCUITO,JULI,URBANA,CARRETERA,NACIONAL,PE-3S,-16.210565,-69.443086,DESPEJADO,RURAL,INTERSECCIÓN,PLANA ,ASFALTADA,,,,,IMPRUDENCIA DEL CONDUCTOR,OTRO (IMPRUDENCIA DEL CONDUCTOR),2.0,0,2022.0,11.0,6.0,1,0,3,1,0.0,0.0,0.0,0.0,0,0,22.0,0.0,0,0,1,0.0,0.0,1
A-2022-11-9,2022-11-20,04:05,ATROPELLO FUGA,1,0,0,ICA,ICA,SALAS,RURAL,CARRETERA,NACIONAL,PE-1S,-13.930394538485976,-75.94484165252497,DESPEJADO,RURAL,TRAMO RECTO,PLANA ,ASFALTADA,,,,,EN PROCESO DE INVESTIGACIÓN,NO CUENTA CON CAUSA ESPECIFICA,4.0,0,2022.0,11.0,6.0,1,0,3,0,0.0,0.0,0.0,0.0,0,0,0.0,0.0,0,0,2,0.0,0.0,1
A-2022-11-24,2022-11-20,06:20,CHOQUE,1,0,3,AREQUIPA,ISLAY,MOLLENDO,RURAL,CARRETERA,NACIONAL,PE-34,-16.853712,-72.019081,DESPEJADO,RURAL,TRAMO RECTO,INCLINADA,ASFALTADA,NO,,,SI,EN PROCESO DE INVESTIGACIÓN,NO CUENTA CON CAUSA ESPECIFICA,6.0,0,2022.0,11.0,6.0,1,1,3,0,0.0,1.0,0.0,1.0,0,1,45.0,12.165525060596439,0,3,3,0.0,1.0,0
A-2022-11-181,2022-11-20,07:00,DESPISTE,1,0,1,PIURA,PIURA,CASTILLA,RURAL,CARRETERA,DEPARTAMENTAL,PI-126,-5.173202652593066,-80.61267076251592,DESPEJADO,RURAL,INTERSECCIÓN,PLANA ,ASFALTADA,,,,,IMPRUDENCIA DEL CONDUCTOR,OTRO (IMPRUDENCIA DEL CONDUCTOR),7.0,0,2022.0,11.0,6.0,1,1,3,0,0.0,0.0,0.0,0.0,0,0,19.0,0.0,0,1,1,0.0,1.0,0
A-2022-11-64,2022-11-20,07:40,ATROPELLO,1,0,0,PUNO,MELGAR,SANTA ROSA,URBANA,CARRETERA,PROVINCIAL,PU-674,-14.614610390367012,-70.78769618987438,DESPEJADO,RESIDENCIAL,OTRO,PLANA ,CONCRETO,,,,,IMPRUDENCIA DEL PEATÓN,OTRO (IMPRUDENCIA DEL PEATÓN),7.0,0,2022.0,11.0,6.0,1,1,3,1,0.0,0.0,0.0,0.0,0,0,63.0,25.45584412271571,0,1,2,0.0,0.5,0
A-2022-11-127,2022-11-20,11:30,DESPISTE,1,0,1,CAJAMARCA,JAEN,POMAHUACA,RURAL,CARRETERA,NACIONAL,PE-3N,-5.94338333,-79.24861833,DESPEJADO,RESIDENCIAL,TRAMO RECTO,INCLINADA,ASFALTADA,SI,PREVENTIVA (P),PREVENTIVA (P),NO,IMPRUDENCIA DEL CONDUCTOR,EXCESO DE VELOCIDAD,11.0,0,2022.0,11.0,6.0,1,1,3,1,0.0,1.0,0.0,1.0,0,1,37.0,7.0710678118654755,0,0,2,0.0,0.0,0
A-2022-11-243,2022-11-20,13:30,CHOQUE,1,1,2,AYACUCHO,HUAMANGA,VINCHOS,RURAL,CARRETERA,NACIONAL,PE-28A,-13.340947792469663,-74.4440927122932,DESPEJADO,RURAL,CURVA,INCLINADA,ASFALTADA,,,,,IMPRUDENCIA DEL CONDUCTOR,INVASIÓN DE CARRIL,13.0,0,2022.0,11.0,6.0,1,2,3,1,0.0,1.0,0.0,1.0,0,0,58.0,24.06241883103193,0,0,4,0.0,0.0,0
A-2022-11-128,2022-11-20,21:30,DESPISTE,1,0,1,CAJAMARCA,HUALGAYOC,BAMBAMARCA,URBANA,CARRETERA,PROVINCIAL,CA-1066,-6.7583544486143,-78.4879594833264,DESPEJADO,RESIDENCIAL,CURVA,INCLINADA,AFIRMADO,,,,,EN PROCESO DE INVESTIGACIÓN,NO CUENTA CON CAUSA ESPECIFICA,21.0,0,2022.0,11.0,6.0,1,3,3,1,0.0,1.0,1.0,2.0,0,0,39.0,0.0,0,0,1,0.0,0.0,1
A-2022-11-176,2022-11-20,22:00,ATROPELLO FUGA,1,0,0,JUNIN,HUANCAYO,SAN JERONIMO DE TUNAN,URBANA,CARRETERA,NACIONAL,PE-3S,-11.945276,-75.293872,DESPEJADO,COMERCIAL,TRAMO RECTO,PLANA ,ASFALTADA,NO,,,SI,EN PROCESO DE INVESTIGACIÓN,NO CUENTA CON CAUSA ESPECIFICA,22.0,0,2022.0,11.0,6.0,1,3,3,1,0.0,0.0,0.0,0.0,0,1,39.0,0.0,0,0,2,0.0,0.0,1
A-2022-11-149,2022-11-21,04:00,DESPISTE,1,0,0,LIMA,LIMA,EL AGUSTINO,URBANA,AVENIDA,URBANO,NO CORRESPONDE,-12.035437190552424,-76.99949913423981,DESPEJADO,RESIDENCIAL,TRAMO RECTO,PLANA ,ASFALTADA,,,,,EN PROCESO DE INVESTIGACIÓN,NO CUENTA CON CAUSA ESPECIFICA,4.0,0,2022.0,11.0,0.0,0,0,3,0,1.0,0.0,0.0,1.0,0,0,29.0,0.0,0,1,1,0.0,1.0,1
A-2022-11-129,2022-11-21,04:09,CHOQUE CON OBJETO FIJO,1,0,1,CAJAMARCA,CAJABAMBA,CONDEBAMBA,RURAL,CARRETERA,NACIONAL,PE-3N,-7.534292,-78.150196,DESPEJADO,RURAL,CURVA,INCLINADA,ASFALTADA,SI,PREVENTIVA (P),REGULADORA (R),SI,EN PROCESO DE INVESTIGACIÓN,NO CUENTA CON CAUSA ESPECIFICA,4.0,0,2022.0,11.0,0.0,0,0,3,1,0.0,1.0,0.0,1.0,0,0,16.0,0.0,0,0,1,0.0,0.0,1
A-2022-11-182,2022-11-21,05:20,CHOQUE,1,0,1,PIURA,PIURA,PIURA,URBANA,AVENIDA,URBANO,NO CORRESPONDE,-5.203584964085301,-80.6281659176734,DESPEJADO,ESCOLAR,CURVA,PLANA ,ASFALTADA,,,,,IMPRUDENCIA DEL CONDUCTOR,EXCESO DE VELOCIDAD,5.0,0,2022.0,11.0,0.0,0,0,3,0,1.0,0.0,0.0,1.0,0,0,35.0,0.0,0,0,2,0.0,0.0,1
A-2022-11-190,2022-11-21,05:20,CHOQUE,1,2,2,AMAZONAS,BAGUA,BAGUA,RURAL,CARRETERA,NACIONAL,PE-5NC,-5.595394874665108,-78.55226755142213,DESPEJADO,RURAL,TRAMO RECTO,PLANA ,ASFALTADA,SI,PREVENTIVA (P),,SI,EN PROCESO DE INVESTIGACIÓN,NO CUENTA CON CAUSA ESPECIFICA,5.0,0,2022.0,11.0,0.0,0,0,3,2,0.0,0.0,0.0,0.0,0,0,40.666666666666664,18.77054430040145,0,1,3,0.0,0.333,1
A-2022-11-25,2022-11-21,19:00,DESPISTE,1,0,1,AREQUIPA,AREQUIPA,SANTA RITA DE SIGUAS,URBANA,CARRETERA,PROVINCIAL,AR-728,-16.484106,-72.109608,DESPEJADO,COMERCIAL,TRAMO RECTO,PLANA ,CONCRETO,,,,,EN PROCESO DE INVESTIGACIÓN,NO CUENTA CON CAUSA ESPECIFICA,19.0,0,2022.0,11.0,0.0,0,3,3,0,0.0,0.0,0.0,0.0,0,0,49.0,0.0,0,0,1,0.0,0.0,1
A-2022-11-98,2022-11-21,21:20,ATROPELLO FUGA,1,0,1,TUMBES,TUMBES,CORRALES,RURAL,CARRETERA,NACIONAL,PE-1N,-3.613267651050405,-80.5126616962128,DESPEJADO,RURAL,TRAMO RECTO,PLANA ,ASFALTADA,,,,,IMPRUDENCIA DEL CONDUCTOR,NO DAR PASO PREFERENTE AL PEATÓN,21.0,0,2022.0,11.0,0.0,0,3,3,0,0.0,0.0,0.0,0.0,0,0,43.5,12.020815280171307,0,1,2,0.0,0.5,1
A-2022-11-65,2022-11-22,03:10,DESPISTE,2,1,1,PUNO,LAMPA,SANTA LUCIA,RURAL,CARRETERA,NACIONAL,PE-34A,-15.6652879,-70.6545816,DESPEJADO,RURAL,CURVA,PLANA ,ASFALTADA,,,,,IMPRUDENCIA DEL CONDUCTOR,INVASIÓN DE CARRIL,3.0,1,2022.0,11.0,1.0,0,0,3,1,0.0,0.0,0.0,0.0,0,0,41.333333333333336,0.5773502691896263,0,0,3,0.0,0.0,1
A-2022-11-17,2022-11-22,17:00,ATROPELLO FUGA,1,0,0,ICA,ICA,PARCONA,URBANA,AVENIDA,URBANO,NO CORRESPONDE,-14.063521,-75.72083,DESPEJADO,COMERCIAL,TRAMO RECTO,PLANA ,ASFALTADA,,,,,EN PROCESO DE INVESTIGACIÓN,NO CUENTA CON CAUSA ESPECIFICA,17.0,0,2022.0,11.0,1.0,0,2,3,0,1.0,0.0,0.0,1.0,0,0,69.0,0.0,1,0,2,0.5,0.0,0
A-2022-11-93,2022-11-22,18:20,ATROPELLO,1,0,1,LA LIBERTAD,TRUJILLO,LA ESPERANZA,URBANA,AVENIDA,URBANO,NO CORRESPONDE,-8.083166,-79.042984,DESPEJADO,COMERCIAL,TRAMO RECTO,PLANA ,ASFALTADA,,,,,IMPRUDENCIA DEL CONDUCTOR,NO DAR PASO PREFERENTE AL PEATÓN,18.0,0,2022.0,11.0,1.0,0,3,3,0,1.0,0.0,0.0,1.0,0,0,70.5,13.435028842544403,0,1,2,0.0,0.5,1
A-2022-11-236,2022-11-22,19:45,ATROPELLO,1,0,0,LIMA,LIMA,VILLA EL SALVADOR,URBANA,AVENIDA,URBANO,NO CORRESPONDE,-12.21334091,-76.93672424,DESPEJADO,RESIDENCIAL,INTERSECCIÓN,PLANA ,ASFALTADA,,,,,IMPRUDENCIA DEL CONDUCTOR,OTRO (IMPRUDENCIA DEL CONDUCTOR),19.0,0,2022.0,11.0,1.0,0,3,3,0,1.0,0.0,0.0,1.0,0,0,55.0,29.698484809834994,0,1,2,0.0,0.5,1
A-2022-11-56,2022-11-22,22:11,DESPISTE,1,0,1,PUNO,CHUCUITO,POMATA,RURAL,CARRETERA,NACIONAL,PE-3S,-16.258607033241013,-69.31235783197457,DESPEJADO,RURAL,CURVA,PLANA ,ASFALTADA,,,,,IMPRUDENCIA DEL CONDUCTOR,EXCESO DE VELOCIDAD,22.0,0,2022.0,11.0,1.0,0,3,3,1,0.0,0.0,0.0,0.0,0,0,48.0,0.0,0,1,1,0.0,1.0,1
A-2022-11-170,2022-11-23,06:45,CHOQUE,1,1,2,PIURA,PIURA,LA UNION,RURAL,CARRETERA,PROVINCIAL,PI-1034,-5.406607763671497,-80.72459931546086,DESPEJADO,RURAL,TRAMO RECTO,PLANA ,ASFALTADA,,,,,IMPRUDENCIA DEL CONDUCTOR,EXCESO DE VELOCIDAD,6.0,0,2022.0,11.0,2.0,0,1,3,0,0.0,0.0,0.0,0.0,0,0,44.333333333333336,33.08070938376826,0,1,3,0.0,0.333,0
A-2022-11-57,2022-11-23,08:00,ATROPELLO FUGA,1,0,0,PUNO,EL COLLAO,PILCUYO,RURAL,CARRETERA,PROVINCIAL,PU-1180,-16.060226535558993,-69.48100453574796,DESPEJADO,RURAL,TRAMO RECTO,PLANA ,TROCHA,,,,,EN PROCESO DE INVESTIGACIÓN,NO CUENTA CON CAUSA ESPECIFICA,8.0,0,2022.0,11.0,2.0,0,1,3,1,0.0,0.0,2.0,2.0,0,0,70.0,0.0,0,0,2,0.0,0.0,0
A-2022-11-150,2022-11-23,18:50,ATROPELLO,1,0,0,LIMA,LIMA,PUENTE PIEDRA,URBANA,CARRETERA,NACIONAL,PE-1N,-11.836296,-77.110072,DESPEJADO,COMERCIAL,INTERSECCIÓN,PLANA ,ASFALTADA,,,,,EN PROCESO DE INVESTIGACIÓN,NO CUENTA CON CAUSA ESPECIFICA,18.0,0,2022.0,11.0,2.0,0,3,3,0,0.0,0.0,0.0,0.0,0,0,37.5,14.849242404917497,0,1,2,0.0,0.5,1
A-2022-11-201,2022-11-23,20:00,CHOQUE FUGA,1,0,1,PIURA,SULLANA,SULLANA,URBANA,CARRETERA,DEPARTAMENTAL,PI-102,-4.905532509981757,-80.72164338951703,DESPEJADO,RURAL,TRAMO RECTO,PLANA ,ASFALTADA,,,,,EN PROCESO DE INVESTIGACIÓN,NO CUENTA CON CAUSA ESPECIFICA,20.0,0,2022.0,11.0,2.0,0,3,3,0,0.0,0.0,0.0,0.0,0,0,22.0,0.0,0,0,2,0.0,0.0,1
A-2022-11-103,2022-11-24,02:30,DESPISTE,3,0,0,ANCASH,CASMA,CASMA,RURAL,CARRETERA,NACIONAL,PE-1N,-9.464706714278517,-78.32151757369546,DESPEJADO,RURAL,TRAMO RECTO,PLANA ,ASFALTADA,,,,,EN PROCESO DE INVESTIGACIÓN,NO CUENTA CON CAUSA ESPECIFICA,2.0,2,2022.0,11.0,3.0,0,0,3,0,0.0,0.0,0.0,0.0,0,0,27.333333333333332,17.616280348965084,0,1,3,0.0,0.333,1
A-2022-11-39,2022-11-24,13:30,DESPISTE,1,7,1,ANCASH,SIHUAS,SIHUAS,RURAL,CARRETERA,PROVINCIAL,AN-550,-8.55413630366958,-77.6367799003079,DESPEJADO,RURAL,CURVA,INCLINADA,ASFALTADA,SI,INFORMATIVA (I),,NO,IMPRUDENCIA DEL CONDUCTOR,EXCESO DE VELOCIDAD,13.0,0,2022.0,11.0,3.0,0,2,3,0,0.0,1.0,0.0,1.0,0,1,38.375,8.227783940492637,0,1,8,0.0,0.125,0
A-2022-11-95,2022-11-24,14:09,ATROPELLO,1,1,1,LA LIBERTAD,TRUJILLO,TRUJILLO,URBANA,JIRÓN,URBANO,NO CORRESPONDE,-8.10851,-79.026671,DESPEJADO,COMERCIAL,INTERSECCIÓN,PLANA ,ASFALTADA,,,,,IMPRUDENCIA DEL CONDUCTOR,GIRAR IMPRUDENTEMENTE,14.0,0,2022.0,11.0,3.0,0,2,3,0,1.0,0.0,0.0,1.0,0,0,64.0,11.532562594670797,0,1,3,0.0,0.333,0
A-2022-11-108,2022-11-24,14:30,DESPISTE,1,0,1,APURIMAC,ANDAHUAYLAS,HUANCARAY,RURAL,CARRETERA,PROVINCIAL,AP-719,-13.744167,-73.526402,DESPEJADO,RURAL,OTRO,INCLINADA,TROCHA,SI,PREVENTIVA (P),,NO,IMPERICIA DEL CONDUCTOR,,14.0,0,2022.0,11.0,3.0,0,2,3,1,0.0,1.0,2.0,3.0,0,1,49.0,0.0,0,0,1,0.0,0.0,0
A-2022-11-67,2022-11-24,16:30,CHOQUE,1,0,2,LAMBAYEQUE,FERREÑAFE,FERREÑAFE,RURAL,CARRETERA,DEPARTAMENTAL,LA-111,-6.59833,-79.78725,DESPEJADO,RURAL,CURVA,PLANA ,ASFALTADA,SI,PREVENTIVA (P),,NO,EN PROCESO DE INVESTIGACIÓN,NO CUENTA CON CAUSA ESPECIFICA,16.0,0,2022.0,11.0,3.0,0,2,3,0,0.0,0.0,0.0,0.0,0,1,61.5,0.7071067811865476,0,1,2,0.0,0.5,0
A-2022-11-177,2022-11-24,17:45,CHOQUE CON OBJETO FIJO,1,1,0,JUNIN,CONCEPCION,MANZANARES,URBANA,CARRETERA,PROVINCIAL,JU-848,-12.007957,-75.351871,DESPEJADO,RURAL,CURVA,PLANA ,ASFALTADA,,,,,IMPRUDENCIA DEL CONDUCTOR,OTRO (IMPRUDENCIA DEL CONDUCTOR),17.0,0,2022.0,11.0,3.0,0,2,3,1,0.0,0.0,0.0,0.0,0,0,38.5,3.5355339059327378,0,0,2,0.0,0.0,0
A-2022-11-94,2022-11-24,19:00,CHOQUE,1,2,2,LA LIBERTAD,VIRU,VIRU,RURAL,CARRETERA,PROVINCIAL,LI-1122,-8.466761,-78.859104,DESPEJADO,RURAL,TRAMO RECTO,PLANA ,TROCHA,,,,,EN PROCESO DE INVESTIGACIÓN,NO CUENTA CON CAUSA ESPECIFICA,19.0,0,2022.0,11.0,3.0,0,3,3,0,0.0,0.0,2.0,2.0,0,0,35.666666666666664,15.502687938977981,0,0,3,0.0,0.0,1
A-2022-11-112,2022-11-24,19:20,CHOQUE FUGA,1,0,1,PUNO,AZANGARO,ACHAYA,RURAL,CARRETERA,NACIONAL,PE-34B,-15.2347754,-70.2225144,DESPEJADO,RURAL,TRAMO RECTO,PLANA ,ASFALTADA,,,,,IMPRUDENCIA DEL CONDUCTOR,OTRO (IMPRUDENCIA DEL CONDUCTOR),19.0,0,2022.0,11.0,3.0,0,3,3,1,0.0,0.0,0.0,0.0,0,0,62.0,0.0,0,0,2,0.0,0.0,1
A-2022-11-232,2022-11-24,19:40,ATROPELLO,1,0,0,LIMA,LIMA,RIMAC,URBANA,JIRÓN,URBANO,NO CORRESPONDE,-12.04188508,-77.02257282,DESPEJADO,COMERCIAL,TRAMO RECTO,PLANA ,ASFALTADA,SI,PREVENTIVA (P),PREVENTIVA (P),NO,IMPRUDENCIA DEL PASAJERO/OCUPANTE,OTRO (IMPRUDENCIA DEL PASAJERO/OCUPANTE),19.0,0,2022.0,11.0,3.0,0,3,3,0,1.0,0.0,0.0,1.0,0,1,49.5,30.405591591021544,0,1,2,0.0,0.5,1
A-2022-11-202,2022-11-24,23:00,DESPISTE,1,0,0,PIURA,TALARA,LA BREA,RURAL,CARRETERA,NACIONAL,PE-1N,-4.745630167960368,-80.99869404834216,DESPEJADO,RURAL,TRAMO RECTO,PLANA ,ASFALTADA,,,,,EN PROCESO DE INVESTIGACIÓN,NO CUENTA CON CAUSA ESPECIFICA,23.0,0,2022.0,11.0,3.0,0,3,3,0,0.0,0.0,0.0,0.0,0,0,0.0,0.0,0,0,1,0.0,0.0,1
A-2022-11-151,2022-11-25,11:45,CAÍDA DE PASAJERO,1,0,0,LIMA,LIMA,COMAS,URBANA,AVENIDA,URBANO,NO CORRESPONDE,-11.905014,-77.041267,DESPEJADO,RESIDENCIAL,CURVA,PLANA ,ASFALTADA,,,,,EN PROCESO DE INVESTIGACIÓN,NO CUENTA CON CAUSA ESPECIFICA,11.0,0,2022.0,11.0,4.0,0,1,3,0,1.0,0.0,0.0,1.0,0,0,0.0,0.0,0,0,2,0.0,0.0,0
A-2022-11-163,2022-11-25,15:50,ATROPELLO,1,0,0,LIMA,LIMA,VILLA MARIA DEL TRIUNFO,URBANA,CALLE,URBANO,NO CORRESPONDE,-12.150951212958748,-76.95079139854161,DESPEJADO,RESIDENCIAL,INTERSECCIÓN,INCLINADA,ASFALTADA,,,,,EN PROCESO DE INVESTIGACIÓN,NO CUENTA CON CAUSA ESPECIFICA,15.0,0,2022.0,11.0,4.0,0,2,3,0,2.0,1.0,0.0,3.0,0,0,53.5,41.71930009000631,0,1,2,0.0,0.5,0
A-2022-11-26,2022-11-25,16:00,CHOQUE,1,0,2,AREQUIPA,AREQUIPA,YURA,RURAL,CARRETERA,NACIONAL,PE-34A,-16.06676,-71.367636,NUBLADO,RURAL,CURVA,INCLINADA,ASFALTADA,NO,,,SI,EN PROCESO DE INVESTIGACIÓN,NO CUENTA CON CAUSA ESPECIFICA,16.0,0,2022.0,11.0,4.0,0,2,3,0,0.0,1.0,0.0,1.0,0,1,55.666666666666664,12.662279942148388,0,2,3,0.0,0.667,0
A-2022-11-99,2022-11-25,20:00,VOLCADURA,1,0,1,TUMBES,CONTRALMIRANTE VILLAR,CASITAS,RURAL,CARRETERA,DEPARTAMENTAL,TU-105,-3.915713659991666,-80.62706879064115,DESPEJADO,RURAL,TRAMO RECTO,PLANA ,ASFALTADA,SI,PREVENTIVA (P),REGULADORA (R),NO,IMPRUDENCIA DEL CONDUCTOR,OTRO (IMPRUDENCIA DEL CONDUCTOR),20.0,0,2022.0,11.0,4.0,0,3,3,0,0.0,0.0,0.0,0.0,0,1,54.0,0.0,0,0,1,0.0,0.0,1
A-2022-11-234,2022-11-26,07:50,DESPISTE,1,0,0,LIMA,LIMA,LOS OLIVOS,URBANA,AVENIDA,URBANO,NO CORRESPONDE,-11.961897427853344,-77.06334927825871,DESPEJADO,RESIDENCIAL,INTERSECCIÓN,PLANA ,ASFALTADA,,,,,IMPRUDENCIA DEL CONDUCTOR,OTRO (IMPRUDENCIA DEL CONDUCTOR),7.0,0,2022.0,11.0,5.0,1,1,3,0,1.0,0.0,0.0,1.0,0,0,26.0,0.0,0,1,1,0.0,1.0,0
A-2022-11-96,2022-11-26,11:40,CHOQUE,1,1,2,LA LIBERTAD,TRUJILLO,LAREDO,RURAL,CARRETERA,NACIONAL,PE-10A,-8.098803,-78.95821,DESPEJADO,RURAL,TRAMO RECTO,PLANA ,ASFALTADA,,,,,EN PROCESO DE INVESTIGACIÓN,NO CUENTA CON CAUSA ESPECIFICA,11.0,0,2022.0,11.0,5.0,1,1,3,0,0.0,0.0,0.0,0.0,0,0,67.25,20.661961830055407,0,1,4,0.0,0.25,0
A-2022-11-27,2022-11-26,15:20,DESPISTE,1,0,1,AREQUIPA,AREQUIPA,CAYMA,URBANA,CALLE,URBANO,NO CORRESPONDE,-16.3328122,-71.5518908,DESPEJADO,RURAL,TRAMO RECTO,INCLINADA,ASFALTADA,,,,,EN PROCESO DE INVESTIGACIÓN,NO CUENTA CON CAUSA ESPECIFICA,15.0,0,2022.0,11.0,5.0,1,2,3,0,2.0,1.0,0.0,3.0,0,0,33.0,0.0,0,1,1,0.0,1.0,0
A-2022-11-130,2022-11-26,16:00,ATROPELLO,1,0,1,CAJAMARCA,CUTERVO,CUTERVO,URBANA,CARRETERA,PROVINCIAL,CA-825,-6.382676,-78.835499,DESPEJADO,RESIDENCIAL,TRAMO RECTO,PLANA ,AFIRMADO,,,,,IMPRUDENCIA DEL CONDUCTOR,EXCESO DE VELOCIDAD,16.0,0,2022.0,11.0,5.0,1,2,3,1,0.0,0.0,1.0,1.0,0,0,53.0,46.66904755831214,0,0,2,0.0,0.0,0