CODIGO_SINIESTRO,FECHA_SINIESTRO,HORA_SINIESTRO,CLASE_SINIESTRO,CANTIDAD_FALLECIDOS,CANTIDAD_LESIONADOS,CANTIDAD_VEHICULOS,DEPARTAMENTO,PROVINCIA,DISTRITO,ZONA,TIPO_VIA,RED_VIAL,COD_CARRETERA,LATITUD,LONGITUD,CONDICION_CLIMATICA,ZONIFICACION,CARACTERISTICAS_VIA,PERFIL_VIA,SUPERFICIE_CALZADA,EXISTE_SENIAL_VERTICAL,CLASIFICACION_SENIAL_VERTICAL_1,CLASIFICACION_SENIAL_VERTICAL_2,EXISTE_SENIAL_HORIZONTAL,CAUSA_FACTOR_PRINCIPAL,CAUSA_ESPECIFICA,HORA,severidad,ANIO,MES,DIA_SEMANA,FIN_SEMANA,FRANJA_HORARIA,TEMPORADA,MACROREGION,TIPO_VIA_SCORE,PERFIL_VIA_SCORE,SUPERFICIE_CALZADA_SCORE,RIESGO_INFRAESTRUCTURA,RIESGO_CLIMATICO,SENIALIZACION_DEFICIENTE,EDAD_PROMEDIO,EDAD_STD,TOTAL_ALCOHOL,TOTAL_LICENCIA,TOTAL_PERSONAS,PCT_ALCOHOL,PCT_LICENCIA,ES_NOCHE
A-2022-11-35,2022-11-26,19:20,ATROPELLO,1,0,1,CUSCO,CALCA,PISAC,RURAL,CARRETERA,DEPARTAMENTAL,CU-112,-13.407341710437828,-71.83019314248222,DESPEJADO,RURAL,CURVA,INCLINADA,ASFALTADA,SI,PREVENTIVA (P),REGULADORA (R),SI,IMPRUDENCIA DEL PEATÓN,ESTADO DE EBRIEDAD Y/O DROGADICCIÓN,19.0,0,2022.0,11.0,5.0,1,3,3,1,0.0,1.0,0.0,1.0,0,0,37.5,19.091883092036785,0,1,2,0.0,0.5,1
A-2022-11-78,2022-11-26,19:35,ATROPELLO FUGA,1,0,0,TACNA,TACNA,TACNA,RURAL,CARRETERA,NACIONAL,PE-1S,-18.292291,-70.316267,DESPEJADO,RURAL,TRAMO RECTO,PLANA ,ASFALTADA,,,,,IMPRUDENCIA DEL CONDUCTOR,EXCESO DE VELOCIDAD,19.0,0,2022.0,11.0,5.0,1,3,3,0,0.0,0.0,0.0,0.0,0,0,62.0,0.0,0,0,2,0.0,0.0,1
A-2022-11-110,2022-11-26,22:00,CHOQUE,1,3,1,PUNO,SAN ROMAN,JULIACA,RURAL,CARRETERA,NACIONAL,PE-34A,-15.5057408,-70.1625425,NUBLADO,RURAL,TRAMO RECTO,PLANA ,ASFALTADA,,,,,IMPRUDENCIA DEL CONDUCTOR,EXCESO DE VELOCIDAD,22.0,0,2022.0,11.0,5.0,1,3,3,1,0.0,0.0,0.0,0.0,0,0,38.2,6.797058187186572,0,2,5,0.0,0.4,1
A-2022-11-109,2022-11-27,03:14,ATROPELLO FUGA,1,0,1,APURIMAC,ANDAHUAYLAS,ANDAHUAYLAS,URBANA,CARRETERA,PROVINCIAL,AP-560,-13.659486,-73.397883,DESPEJADO,RESIDENCIAL,CURVA,PLANA ,ASFALTADA,NO,,,SI,IMPRUDENCIA DEL CONDUCTOR,CONDUCIR EN ESTADO DE EBRIEDAD Y/O DROGADICCIÓN,3.0,0,2022.0,11.0,6.0,1,0,3,1,0.0,0.0,0.0,0.0,0,1,32.5,6.363961030678928,0,0,2,0.0,0.0,1
A-2022-11-192,2022-11-27,04:30,CHOQUE CON OBJETO FIJO,1,0,1,ICA,CHINCHA,CHINCHA ALTA,URBANA,CARRETERA,DEPARTAMENTAL,IC-100,-13.4119542,-76.13161634,DESPEJADO,RESIDENCIAL,TRAMO RECTO,PLANA ,ASFALTADA,,,,,IMPRUDENCIA DEL CONDUCTOR,FATIGA Y/O CANSANCIO,4.0,0,2022.0,11.0,6.0,1,0,3,0,0.0,0.0,0.0,0.0,0,0,42.0,0.0,0,1,1,0.0,1.0,1
A-2022-11-194,2022-11-27,04:50,DESPISTE,1,0,0,JUNIN,SATIPO,PANGOA,RURAL,CARRETERA,NACIONAL,PE-28C,-11.335421824341116,-74.52830982076205,DESPEJADO,RURAL,TRAMO RECTO,PLANA ,ASFALTADA,,,,,IMPRUDENCIA DEL CONDUCTOR,EXCESO DE VELOCIDAD,4.0,0,2022.0,11.0,6.0,1,0,3,1,0.0,0.0,0.0,0.0,0,0,18.0,0.0,0,0,1,0.0,0.0,1
A-2022-11-173,2022-11-27,05:00,DESPISTE,1,0,1,PIURA,MORROPON,CHULUCANAS,RURAL,CARRETERA,PROVINCIAL,PI-778,-5.003433088854921,-80.14457688802644,DESPEJADO,RURAL,CURVA,PLANA ,AFIRMADO,,,,,IMPRUDENCIA DEL CONDUCTOR,CONDUCIR EN ESTADO DE EBRIEDAD Y/O DROGADICCIÓN,5.0,0,2022.0,11.0,6.0,1,0,3,0,0.0,0.0,1.0,1.0,0,0,14.0,0.0,1,0,1,1.0,0.0,1
A-2022-11-97,2022-11-27,05:25,CHOQUE,1,2,2,LA LIBERTAD,TRUJILLO,LAREDO,RURAL,CARRETERA,NACIONAL,PE-10A,-8.088592,-78.914284,DESPEJADO,RURAL,TRAMO RECTO,PLANA ,ASFALTADA,,,,,IMPRUDENCIA DEL CONDUCTOR,CONDUCIR EN ESTADO DE EBRIEDAD Y/O DROGADICCIÓN,5.0,0,2022.0,11.0,6.0,1,0,3,0,0.0,0.0,0.0,0.0,0,0,34.5,10.472185381603339,0,1,4,0.0,0.25,1
A-2022-11-153,2022-11-27,05:52,DESPISTE,1,0,0,LIMA,LIMA,ANCON,URBANA,CALLE,URBANO,NO CORRESPONDE,-11.765667,-77.153833,DESPEJADO,RESIDENCIAL,INTERSECCIÓN,PLANA ,AFIRMADO,,,,,EN PROCESO DE INVESTIGACIÓN,NO CUENTA CON CAUSA ESPECIFICA,5.0,0,2022.0,11.0,6.0,1,0,3,0,2.0,0.0,1.0,3.0,0,0,33.0,0.0,0,0,1,0.0,0.0,1
A-2022-11-174,2022-11-27,06:10,ATROPELLO,1,1,2,PIURA,PIURA,CASTILLA,URBANA,AVENIDA,URBANO,NO CORRESPONDE,-5.207741403829932,-80.62243398708206,DESPEJADO,COMERCIAL,INTERSECCIÓN,PLANA ,ASFALTADA,,,,,IMPRUDENCIA DEL CONDUCTOR,CONDUCIR EN ESTADO DE EBRIEDAD Y/O DROGADICCIÓN,6.0,0,2022.0,11.0,6.0,1,1,3,0,1.0,0.0,0.0,1.0,0,0,44.75,12.284814474246922,1,1,4,0.25,0.25,0
A-2022-11-28,2022-11-27,08:00,CHOQUE,1,0,2,AREQUIPA,AREQUIPA,CAYMA,URBANA,CARRETERA,DEPARTAMENTAL,AR-116,-16.321264,-71.531346,DESPEJADO,RESIDENCIAL,TRAMO RECTO,INCLINADA,ASFALTADA,NO,,,SI,EN PROCESO DE INVESTIGACIÓN,NO CUENTA CON CAUSA ESPECIFICA,8.0,0,2022.0,11.0,6.0,1,1,3,0,0.0,1.0,0.0,1.0,0,1,34.5,13.435028842544403,0,2,2,0.0,1.0,0
A-2022-11-122,2022-11-27,10:10,ATROPELLO,1,1,0,CALLAO,CALLAO,VENTANILLA,URBANA,CALLE,URBANO,NO CORRESPONDE,-11.8613885,-77.150159717,DESPEJADO,RURAL,OTRO,PLANA ,AFIRMADO,,,,,IMPRUDENCIA DEL CONDUCTOR,OTRO (IMPRUDENCIA DEL CONDUCTOR),10.0,0,2022.0,11.0,6.0,1,1,3,0,2.0,0.0,1.0,3.0,0,0,33.666666666666664,24.027761721253466,0,0,3,0.0,0.0,0
A-2022-11-131,2022-11-27,11:00,DESPISTE,2,0,1,CAJAMARCA,CHOTA,CHOTA,RURAL,CARRETERA,SIN CLASIFICAR,SIN CLASIFICAR,-6.562401,-78.589006,SOLEADO,RURAL,CURVA,PLANA ,AFIRMADO,,,,,EN PROCESO DE INVESTIGACIÓN,NO CUENTA CON CAUSA ESPECIFICA,11.0,1,2022.0,11.0,6.0,1,1,3,1,0.0,0.0,1.0,1.0,0,0,44.5,58.68986283848344,0,0,3,0.0,0.0,0
A-2022-11-152,2022-11-27,15:00,DESPISTE,1,0,0,LIMA,LIMA,SAN BORJA,URBANA,AVENIDA,URBANO,NO CORRESPONDE,-12.112008645848649,-77.00674996368099,DESPEJADO,COMERCIAL,TRAMO RECTO,PLANA ,ASFALTADA,,,,,EN PROCESO DE INVESTIGACIÓN,NO CUENTA CON CAUSA ESPECIFICA,15.0,0,2022.0,11.0,6.0,1,2,3,0,1.0,0.0,0.0,1.0,0,0,51.0,0.0,0,1,1,0.0,1.0,0
A-2022-11-113,2022-11-27,15:30,CHOQUE,1,0,1,PUNO,SAN ROMAN,JULIACA,URBANA,CARRETERA,NACIONAL,PE-3S,-15.4846997748164,-70.12472922649498,DESPEJADO,COMERCIAL,TRAMO RECTO,PLANA ,ASFALTADA,,,,,IMPRUDENCIA DEL CONDUCTOR,EXCESO DE VELOCIDAD,15.0,0,2022.0,11.0,6.0,1,2,3,1,0.0,0.0,0.0,0.0,0,0,60.0,0.0,0,1,2,0.0,0.5,0
A-2022-11-58,2022-11-27,19:30,ATROPELLO FUGA,1,1,0,PUNO,YUNGUYO,COPANI,RURAL,CARRETERA,DEPARTAMENTAL,PU-130,-16.402753,-69.044535,DESPEJADO,RURAL,TRAMO RECTO,PLANA ,TROCHA,,,,,EN PROCESO DE INVESTIGACIÓN,NO CUENTA CON CAUSA ESPECIFICA,19.0,0,2022.0,11.0,6.0,1,3,3,1,0.0,0.0,2.0,2.0,0,0,52.0,4.242640687119285,0,0,3,0.0,0.0,1
A-2022-11-66,2022-11-27,23:50,ATROPELLO,1,0,0,LAMBAYEQUE,LAMBAYEQUE,MORROPE,RURAL,CARRETERA,NACIONAL,PE-1N,-6.59945,-79.9742,DESPEJADO,RURAL,TRAMO RECTO,PLANA ,ASFALTADA,SI,REGULADORA (R),,NO,EN PROCESO DE INVESTIGACIÓN,NO CUENTA CON CAUSA ESPECIFICA,23.0,0,2022.0,11.0,6.0,1,3,3,0,0.0,0.0,0.0,0.0,0,1,29.0,15.556349186104045,0,1,2,0.0,0.5,1
A-2022-11-154,2022-11-28,05:30,DESPISTE,1,0,0,LIMA,LIMA,SAN MARTIN DE PORRES,URBANA,CARRETERA,NACIONAL,PE-1N,-12.015476,-77.060042,DESPEJADO,COMERCIAL,TRAMO RECTO,PLANA ,ASFALTADA,,,,,EN PROCESO DE INVESTIGACIÓN,NO CUENTA CON CAUSA ESPECIFICA,5.0,0,2022.0,11.0,0.0,0,0,3,0,0.0,0.0,0.0,0.0,0,0,34.0,0.0,0,0,1,0.0,0.0,1
A-2022-11-240,2022-11-28,17:00,DESPISTE,1,1,1,AYACUCHO,VICTOR FAJARDO,ALCAMENCA,RURAL,CARRETERA,PROVINCIAL,AY-1099,-13.6518741920166,-74.1347276771314,DESPEJADO,RURAL,CURVA,INCLINADA,AFIRMADO,,,,,IMPRUDENCIA DEL CONDUCTOR,CONDUCIR EN ESTADO DE EBRIEDAD Y/O DROGADICCIÓN,17.0,0,2022.0,11.0,0.0,0,2,3,1,0.0,1.0,1.0,2.0,0,0,21.0,0.0,1,0,2,0.5,0.0,0
A-2022-11-68,2022-11-28,19:00,CHOQUE,1,1,3,LAMBAYEQUE,LAMBAYEQUE,MOCHUMI,RURAL,CARRETERA,NACIONAL,PE-1NJ,-6.557046,-79.868481,DESPEJADO,RURAL,TRAMO RECTO,PLANA ,ASFALTADA,,,,,EN PROCESO DE INVESTIGACIÓN,NO CUENTA CON CAUSA ESPECIFICA,19.0,0,2022.0,11.0,0.0,0,3,3,0,0.0,0.0,0.0,0.0,0,0,28.0,10.14889156509222,0,2,3,0.0,0.667,1
A-2022-11-111,2022-11-29,02:00,DESPISTE,1,1,1,PUNO,SAN ROMAN,JULIACA,RURAL,CARRETERA,DEPARTAMENTAL,PU-124,-15.4414788,-70.198891,DESPEJADO,RURAL,CURVA,PLANA ,ASFALTADA,,,,,IMPRUDENCIA DEL CONDUCTOR,EXCESO DE VELOCIDAD,2.0,0,2022.0,11.0,1.0,0,0,3,1,0.0,0.0,0.0,0.0,0,0,20.0,2.8284271247461903,0,0,2,0.0,0.0,1
A-2022-11-60,2022-11-29,11:20,CHOQUE,1,1,2,PUNO,PUNO,PUNO,RURAL,CARRETERA,NACIONAL,PE-3S,-15.79571107077108,-70.03609831460312,DESPEJADO,RURAL,CURVA,PLANA ,ASFALTADA,,,,,IMPRUDENCIA DEL CONDUCTOR,INVASIÓN DE CARRIL,11.0,0,2022.0,11.0,1.0,0,1,3,1,0.0,0.0,0.0,0.0,0,0,33.666666666666664,15.011106998930272,0,2,3,0.0,0.667,0
A-2022-11-237,2022-11-30,03:30,DESPISTE,1,0,0,LIMA,LIMA,SANTIAGO DE SURCO,URBANA,CARRETERA,NACIONAL,PE-1S,-12.09583,-76.980239,DESPEJADO,COMERCIAL,TRAMO RECTO,INCLINADA,ASFALTADA,SI,REGULADORA (R),,SI,IMPRUDENCIA DEL CONDUCTOR,OTRO (IMPRUDENCIA DEL CONDUCTOR),3.0,0,2022.0,11.0,2.0,0,0,3,0,0.0,1.0,0.0,1.0,0,0,38.5,13.435028842544403,0,2,2,0.0,1.0,1
A-2022-11-114,2022-11-30,07:00,CAÍDA DE PASAJERO,1,0,0,LAMBAYEQUE,LAMBAYEQUE,LAMBAYEQUE,RURAL,CARRETERA,PROVINCIAL,LA-691,-6.6893309,-79.9004973,DESPEJADO,RURAL,TRAMO RECTO,PLANA ,TROCHA,,,,,EN PROCESO DE INVESTIGACIÓN,NO CUENTA CON CAUSA ESPECIFICA,7.0,0,2022.0,11.0,2.0,0,1,3,0,0.0,0.0,2.0,2.0,0,0,72.0,1.4142135623730951,0,0,2,0.0,0.0,0
A-2022-11-196,2022-11-30,08:30,CHOQUE,1,4,2,JUNIN,SATIPO,SATIPO,RURAL,CARRETERA,NACIONAL,PE-24A,-11.244718413375502,-74.6359741146946,DESPEJADO,COMERCIAL,TRAMO RECTO,PLANA ,ASFALTADA,,,,,IMPRUDENCIA DEL CONDUCTOR,FATIGA Y/O CANSANCIO,8.0,0,2022.0,11.0,2.0,0,1,3,1,0.0,0.0,0.0,0.0,0,0,40.0,13.769531582446804,0,2,6,0.0,0.333,0
A-2022-11-41,2022-11-30,10:00,ATROPELLO,1,0,0,CUSCO,ANTA,ZURITE,URBANA,CALLE,URBANO,NO CORRESPONDE,-13.45579555624085,-72.25418596413121,SOLEADO,RURAL,TRAMO RECTO,PLANA ,CASCAJO/RIPIO,,,,,IMPRUDENCIA DEL CONDUCTOR,OTRO (IMPRUDENCIA DEL CONDUCTOR),10.0,0,2022.0,11.0,2.0,0,1,3,1,2.0,0.0,1.0,3.0,0,0,73.5,17.67766952966369,0,1,2,0.0,0.5,0
A-2022-11-197,2022-11-30,13:15,VOLCADURA,1,0,0,LORETO,MAYNAS,IQUITOS,URBANA,AVENIDA,URBANO,NO CORRESPONDE,-3.7494781,-73.2569224,DESPEJADO,INDUSTRIAL,TRAMO RECTO,PLANA ,ASFALTADA,,,,,IMPRUDENCIA DEL CONDUCTOR,INVASIÓN DE CARRIL,13.0,0,2022.0,11.0,2.0,0,2,3,2,1.0,0.0,0.0,1.0,0,0,48.5,12.020815280171307,0,0,2,0.0,0.0,0
A-2022-11-69,2022-11-30,18:20,ATROPELLO FUGA,1,0,1,CUSCO,ANTA,ANTA,URBANA,CARRETERA,NACIONAL,PE-3S,-13.4730593,-72.1321214,DESPEJADO,RESIDENCIAL,TRAMO RECTO,PLANA ,ASFALTADA,SI,PREVENTIVA (P),,SI,IMPRUDENCIA DEL CONDUCTOR,EXCESO DE VELOCIDAD,18.0,0,2022.0,11.0,2.0,0,3,3,1,0.0,0.0,0.0,0.0,0,0,36.5,17.67766952966369,1,1,2,0.5,0.5,1
A-2022-11-184,2022-11-30,22:00,CHOQUE FUGA,2,1,1,JUNIN,JUNIN,JUNIN,RURAL,CARRETERA,NACIONAL,PE-3N,-10.98545057789502,-76.03603285812332,DESPEJADO,RURAL,TRAMO RECTO,PLANA ,ASFALTADA,NO,,,SI,IMPRUDENCIA DEL CONDUCTOR,EXCESO DE VELOCIDAD,22.0,1,2022.0,11.0,2.0,0,3,3,1,0.0,0.0,0.0,0.0,0,1,39.25,11.4418821295566,0,1,5,0.0,0.2,1
A-2022-12-59,2022-12-01,01:20,DESPISTE,1,4,1,LA LIBERTAD,SANCHEZ CARRION,SARTIMBAMBA,RURAL,CARRETERA,NACIONAL,PE-10B,-7.522421,-77.730014,DESPEJADO,RURAL,TRAMO RECTO,PLANA ,TROCHA,,,,,EN PROCESO DE INVESTIGACIÓN,NO CUENTA CON CAUSA ESPECIFICA,1.0,0,2022.0,12.0,3.0,0,0,0,0,0.0,0.0,2.0,2.0,0,0,32.0,10.977249200050075,0,0,5,0.0,0.0,1
A-2022-12-55,2022-12-01,06:20,DESPISTE,1,1,1,HUANUCO,LEONCIO PRADO,HERMILIO VALDIZAN,URBANA,CARRETERA,NACIONAL,PE-5N,-9.168768,-75.965217,DESPEJADO,RESIDENCIAL,TRAMO RECTO,PLANA ,ASFALTADA,,,,,IMPRUDENCIA DEL CONDUCTOR,EXCESO DE VELOCIDAD,6.0,0,2022.0,12.0,3.0,0,1,0,1,0.0,0.0,0.0,0.0,0,0,14.333333333333334,13.316656236958785,0,0,3,0.0,0.0,0
A-2022-12-218,2022-12-01,09:50,CHOQUE,1,0,0,JUNIN,CHANCHAMAYO,PICHANAQUI,RURAL,CARRETERA,NACIONAL,PE-5S,-10.924733571008897,-74.87667399210798,LLUVIOSO,RURAL,TRAMO RECTO,PLANA ,ASFALTADA,,,,,EN PROCESO DE INVESTIGACIÓN,NO CUENTA CON CAUSA ESPECIFICA,9.0,0,2022.0,12.0,3.0,0,1,0,1,0.0,0.0,0.0,0.0,1,0,40.5,9.192388155425117,0,2,2,0.0,1.0,0
A-2022-12-197,2022-12-01,20:30,CHOQUE,1,1,2,PIURA,MORROPON,LA MATANZA,RURAL,CARRETERA,NACIONAL,PE-02A,-5.230776,-80.049811,DESPEJADO,RURAL,TRAMO RECTO,PLANA ,ASFALTADA,,,,,IMPRUDENCIA DEL CONDUCTOR,CONDUCIR EN ESTADO DE EBRIEDAD Y/O DROGADICCIÓN,20.0,0,2022.0,12.0,3.0,0,3,0,0,0.0,0.0,0.0,0.0,0,0,33.5,14.849242404917497,1,1,2,0.5,0.5,1
A-2022-12-97,2022-12-02,02:15,DESPISTE,1,1,1,HUANCAVELICA,HUANCAVELICA,HUACHOCOLPA,RURAL,CARRETERA,DEPARTAMENTAL,HV-115,-13.032612,-74.957484,DESPEJADO,RURAL,CURVA,INCLINADA,CASCAJO/RIPIO,SI,PREVENTIVA (P),PREVENTIVA (P),NO,EN PROCESO DE INVESTIGACIÓN,NO CUENTA CON CAUSA ESPECIFICA,2.0,0,2022.0,12.0,4.0,0,0,0,1,0.0,1.0,1.0,2.0,0,1,0.0,0.0,0,0,2,0.0,0.0,1
A-2022-12-89,2022-12-02,05:45,ATROPELLO,1,0,1,LAMBAYEQUE,LAMBAYEQUE,JAYANCA,RURAL,CARRETERA,NACIONAL,PE-1NJ,-6.337246,-79.765726,DESPEJADO,RURAL,TRAMO RECTO,PLANA ,ASFALTADA,,,,,EN PROCESO DE INVESTIGACIÓN,NO CUENTA CON CAUSA ESPECIFICA,5.0,0,2022.0,12.0,4.0,0,0,0,0,0.0,0.0,0.0,0.0,0,0,36.0,12.727922061357855,0,0,2,0.0,0.0,1
A-2022-12-101,2022-12-02,07:40,CHOQUE,1,3,1,PUNO,LAMPA,SANTA LUCIA,RURAL,CARRETERA,NACIONAL,PE-34A,-15.681142490713002,-70.5560874746419,DESPEJADO,RURAL,CURVA,PLANA ,ASFALTADA,,,,,IMPRUDENCIA DEL CONDUCTOR,EXCESO DE VELOCIDAD,7.0,0,2022.0,12.0,4.0,0,1,0,1,0.0,0.0,0.0,0.0,0,0,42.6,17.21336689901194,0,2,5,0.0,0.4,0
A-2022-12-147,2022-12-02,08:30,CHOQUE,1,1,0,LIMA,LIMA,ATE,URBANA,CARRETERA,NACIONAL,PE-22,-12.01503277091015,-76.90017695554093,DESPEJADO,COMERCIAL,TRAMO RECTO,PLANA ,ASFALTADA,,,,,EN PROCESO DE INVESTIGACIÓN,NO CUENTA CON CAUSA ESPECIFICA,8.0,0,2022.0,12.0,4.0,0,1,0,0,0.0,0.0,0.0,0.0,0,0,29.333333333333332,11.930353445448855,0,1,3,0.0,0.333,0
A-2022-12-11,2022-12-02,10:00,DESPISTE,1,1,1,ANCASH,YUNGAY,YUNGAY,RURAL,CARRETERA,SIN CLASIFICAR,SIN CLASIFICAR,-9.142778615478662,-77.74702647393447,DESPEJADO,RURAL,CURVA,INCLINADA,AFIRMADO,,,,,IMPRUDENCIA DEL CONDUCTOR,FATIGA Y/O CANSANCIO,10.0,0,2022.0,12.0,4.0,0,1,0,0,0.0,1.0,1.0,2.0,0,0,35.5,14.849242404917497,0,0,2,0.0,0.0,0
A-2022-12-4,2022-12-02,16:00,DESPISTE,1,0,0,PUNO,PUNO,MAÑAZO,RURAL,CARRETERA,PROVINCIAL,PU-1077,-15.80226651273694,-70.36272155974484,DESPEJADO,RURAL,TRAMO RECTO,PLANA ,TROCHA,,,,,IMPRUDENCIA DEL CONDUCTOR,INVASIÓN DE CARRIL,16.0,0,2022.0,12.0,4.0,0,2,0,1,0.0,0.0,2.0,2.0,0,0,33.0,4.242640687119285,0,0,2,0.0,0.0,0
A-2022-12-81,2022-12-02,17:57,CHOQUE,1,0,0,ANCASH,SANTA,SANTA,RURAL,CARRETERA,NACIONAL,PE-1N,-9.00736985783495,-78.61861512295174,DESPEJADO,RURAL,TRAMO RECTO,PLANA ,ASFALTADA,,,,,IMPRUDENCIA DEL CONDUCTOR,CONDUCIR EN ESTADO DE EBRIEDAD Y/O DROGADICCIÓN,17.0,0,2022.0,12.0,4.0,0,2,0,0,0.0,0.0,0.0,0.0,0,0,37.0,16.97056274847714,0,1,2,0.0,0.5,0
A-2022-12-106,2022-12-02,19:20,CHOQUE,1,1,2,LAMBAYEQUE,FERREÑAFE,PITIPO,RURAL,CARRETERA,DEPARTAMENTAL,LA-103,-6.4737448,-79.6349695,DESPEJADO,RURAL,TRAMO RECTO,PLANA ,TROCHA,,,,,EN PROCESO DE INVESTIGACIÓN,NO CUENTA CON CAUSA ESPECIFICA,19.0,0,2022.0,12.0,4.0,0,3,0,0,0.0,0.0,2.0,2.0,0,0,48.666666666666664,12.096831541082704,0,0,3,0.0,0.0,1
A-2022-12-17,2022-12-02,21:15,ATROPELLO FUGA,1,0,1,AREQUIPA,AREQUIPA,MARIANO MELGAR,URBANA,AVENIDA,URBANO,NO CORRESPONDE,-16.402719829329364,-71.5083360504874,DESPEJADO,RESIDENCIAL,TRAMO RECTO,INCLINADA,ASFALTADA,NO,,,SI,EN PROCESO DE INVESTIGACIÓN,NO CUENTA CON CAUSA ESPECIFICA,21.0,0,2022.0,12.0,4.0,0,3,0,0,1.0,1.0,0.0,2.0,0,1,79.0,0.0,0,0,2,0.0,0.0,1
A-2022-12-135,2022-12-02,22:55,DESPISTE,1,0,0,LIMA,LIMA,LURIGANCHO,URBANA,CARRETERA,NACIONAL,PE-22,-11.944786203706464,-76.7097334987167,DESPEJADO,COMERCIAL,CURVA,PLANA ,ASFALTADA,SI,PREVENTIVA (P),,NO,EN PROCESO DE INVESTIGACIÓN,NO CUENTA CON CAUSA ESPECIFICA,22.0,0,2022.0,12.0,4.0,0,3,0,0,0.0,0.0,0.0,0.0,0,1,22.0,0.0,0,1,1,0.0,1.0,1
A-2022-12-5,2022-12-03,00:12,VOLCADURA,1,0,1,PUNO,CHUCUITO,DESAGUADERO,RURAL,CARRETERA,NACIONAL,PE-3S,-16.557421618333436,-69.04112213057007,DESPEJADO,RURAL,CURVA,PLANA ,ASFALTADA,,,,,IMPRUDENCIA DEL CONDUCTOR,CONDUCIR EN ESTADO DE EBRIEDAD Y/O DROGADICCIÓN,0.0,0,2022.0,12.0,5.0,1,0,0,1,0.0,0.0,0.0,0.0,0,0,28.0,0.0,0,0,1,0.0,0.0,1
A-2022-12-136,2022-12-03,07:00,ATROPELLO,1,0,0,LIMA,LIMA,CARABAYLLO,URBANA,AVENIDA,URBANO,NO CORRESPONDE,-11.87342,-77.01557,DESPEJADO,COMERCIAL,INTERSECCIÓN,PLANA ,ASFALTADA,,,,,EN PROCESO DE INVESTIGACIÓN,NO CUENTA CON CAUSA ESPECIFICA,7.0,0,2022.0,12.0,5.0,1,1,0,0,1.0,0.0,0.0,1.0,0,0,52.0,26.870057685088806,0,1,2,0.0,0.5,0
A-2022-12-60,2022-12-03,09:50,CHOQUE,1,0,2,LA LIBERTAD,TRUJILLO,HUANCHACO,URBANA,AVENIDA,URBANO,NO CORRESPONDE,-8.04052662881612,-79.05930692022208,DESPEJADO,INDUSTRIAL,INTERSECCIÓN,PLANA ,ASFALTADA,,,,,IMPRUDENCIA DEL CONDUCTOR,GIRAR IMPRUDENTEMENTE,9.0,0,2022.0,12.0,5.0,1,1,0,0,1.0,0.0,0.0,1.0,0,0,28.0,2.8284271247461903,0,2,2,0.0,1.0,0
A-2022-12-117,2022-12-03,10:00,CHOQUE CON OBJETO FIJO,1,0,0,CAJAMARCA,HUALGAYOC,BAMBAMARCA,URBANA,JIRÓN,URBANO,NO CORRESPONDE,-6.69322524739075,-78.5324613771701,SOLEADO,RESIDENCIAL,INTERSECCIÓN,INCLINADA,CONCRETO,,,,,IMPRUDENCIA DEL PEATÓN,OTRO (IMPRUDENCIA DEL PEATÓN),10.0,0,2022.0,12.0,5.0,1,1,0,1,1.0,1.0,0.0,2.0,0,0,47.5,37.476659402887016,0,0,2,0.0,0.0,0
A-2022-12-25,2022-12-03,10:30,CAÍDA DE PASAJERO,1,0,0,CUSCO,ACOMAYO,ACOPIA,RURAL,CARRETERA,PROVINCIAL,CU-1637,-14.062627600159036,-71.48901467400691,DESPEJADO,RURAL,CURVA,INCLINADA,TROCHA,SI,PREVENTIVA (P),,NO,IMPRUDENCIA DEL PASAJERO/OCUPANTE,OTRO (IMPRUDENCIA DEL PASAJERO/OCUPANTE),10.0,0,2022.0,12.0,5.0,1,1,0,1,0.0,1.0,2.0,3.0,0,1,40.5,12.020815280171307,0,1,2,0.0,0.5,0
A-2022-12-137,2022-12-03,12:00,ATROPELLO,1,0,0,LIMA,LIMA,LURIN,URBANA,AVENIDA,URBANO,NO CORRESPONDE,-12.25298748930224,-76.89355283461006,DESPEJADO,COMERCIAL,TRAMO RECTO,PLANA ,ASFALTADA,,,,,EN PROCESO DE INVESTIGACIÓN,NO CUENTA CON CAUSA ESPECIFICA,12.0,0,2022.0,12.0,5.0,1,2,0,0,1.0,0.0,0.0,1.0,0,0,56.5,27.577164466275352,0,1,2,0.0,0.5,0
A-2022-12-177,2022-12-03,14:30,CHOQUE,1,0,3,PASCO,PASCO,YANACANCHA,RURAL,CARRETERA,NACIONAL,PE-3N,-10.695710050194045,-76.23564348831137,DESPEJADO,RURAL,CURVA,INCLINADA,ASFALTADA,SI,PREVENTIVA (P),PREVENTIVA (P),NO,IMPRUDENCIA DEL CONDUCTOR,EXCESO DE VELOCIDAD,14.0,0,2022.0,12.0,5.0,1,2,0,1,0.0,1.0,0.0,1.0,0,1,53.75,27.219784471348532,0,3,4,0.0,0.75,0
A-2022-12-107,2022-12-03,16:40,CHOQUE,1,1,2,LAMBAYEQUE,LAMBAYEQUE,PACORA,RURAL,CARRETERA,NACIONAL,PE-1NJ,-6.4390482,-79.8487323,DESPEJADO,RURAL,TRAMO RECTO,PLANA ,ASFALTADA,,,,,EN PROCESO DE INVESTIGACIÓN,NO CUENTA CON CAUSA ESPECIFICA,16.0,0,2022.0,12.0,5.0,1,2,0,0,0.0,0.0,0.0,0.0,0,0,44.666666666666664,15.88500340992514,0,2,4,0.0,0.5,0