CODIGO_SINIESTRO,FECHA_SINIESTRO,HORA_SINIESTRO,CLASE_SINIESTRO,CANTIDAD_FALLECIDOS,CANTIDAD_LESIONADOS,CANTIDAD_VEHICULOS,DEPARTAMENTO,PROVINCIA,DISTRITO,ZONA,TIPO_VIA,RED_VIAL,COD_CARRETERA,LATITUD,LONGITUD,CONDICION_CLIMATICA,ZONIFICACION,CARACTERISTICAS_VIA,PERFIL_VIA,SUPERFICIE_CALZADA,EXISTE_SENIAL_VERTICAL,CLASIFICACION_SENIAL_VERTICAL_1,CLASIFICACION_SENIAL_VERTICAL_2,EXISTE_SENIAL_HORIZONTAL,CAUSA_FACTOR_PRINCIPAL,CAUSA_ESPECIFICA,HORA,severidad,ANIO,MES,DIA_SEMANA,FIN_SEMANA,FRANJA_HORARIA,TEMPORADA,MACROREGION,TIPO_VIA_SCORE,PERFIL_VIA_SCORE,SUPERFICIE_CALZADA_SCORE,RIESGO_INFRAESTRUCTURA,RIESGO_CLIMATICO,SENIALIZACION_DEFICIENTE,EDAD_PROMEDIO,EDAD_STD,TOTAL_ALCOHOL,TOTAL_LICENCIA,TOTAL_PERSONAS,PCT_ALCOHOL,PCT_LICENCIA,ES_NOCHE
A-2022-12-19,2022-12-03,19:30,ATROPELLO FUGA,1,0,1,CUSCO,ANTA,HUAROCONDO,URBANA,CARRETERA,DEPARTAMENTAL,CU-110,-13.410079835634498,-72.2072404863384,DESPEJADO,RURAL,TRAMO RECTO,PLANA ,ASFALTADA,,,,,IMPRUDENCIA DEL CONDUCTOR,EXCESO DE VELOCIDAD,19.0,0,2022.0,12.0,5.0,1,3,0,1,0.0,0.0,0.0,0.0,0,0,39.5,13.435028842544403,1,1,2,0.5,0.5,1
A-2022-12-24,2022-12-03,19:31,DESPISTE,1,0,1,CUSCO,CANCHIS,COMBAPATA,RURAL,CARRETERA,NACIONAL,PE-3S,-14.096407674043547,-71.43777373554188,SOLEADO,RURAL,TRAMO RECTO,PLANA ,ASFALTADA,SI,REGULADORA (R),,SI,IMPRUDENCIA DEL CONDUCTOR,CONDUCIR EN ESTADO DE EBRIEDAD Y/O DROGADICCIÓN,19.0,0,2022.0,12.0,5.0,1,3,0,1,0.0,0.0,0.0,0.0,0,0,31.0,0.0,0,1,1,0.0,1.0,1
A-2022-12-62,2022-12-03,20:00,ATROPELLO,1,0,1,LA LIBERTAD,TRUJILLO,EL PORVENIR,URBANA,CALLE,URBANO,NO CORRESPONDE,-8.049076,-78.989966,DESPEJADO,COMERCIAL,TRAMO RECTO,PLANA ,ASFALTADA,,,,,EN PROCESO DE INVESTIGACIÓN,NO CUENTA CON CAUSA ESPECIFICA,20.0,0,2022.0,12.0,5.0,1,3,0,0,2.0,0.0,0.0,2.0,0,0,18.0,24.041630560342615,0,1,2,0.0,0.5,1
A-2022-12-148,2022-12-04,02:10,DESPISTE,1,1,0,LIMA,LIMA,MIRAFLORES,URBANA,OTRO,URBANO,NO CORRESPONDE,-12.124826741634587,-77.03950830798374,DESPEJADO,COMERCIAL,TRAMO RECTO,PLANA ,ASFALTADA,SI,PREVENTIVA (P),,SI,EN PROCESO DE INVESTIGACIÓN,NO CUENTA CON CAUSA ESPECIFICA,2.0,0,2022.0,12.0,6.0,1,0,0,0,2.0,0.0,0.0,2.0,0,0,27.5,0.7071067811865476,0,0,2,0.0,0.0,1
A-2022-12-18,2022-12-04,06:00,DESPISTE,1,0,1,AREQUIPA,AREQUIPA,SAN JUAN DE SIGUAS,RURAL,CARRETERA,NACIONAL,PE-1S,-16.370604,-72.137765,DESPEJADO,RURAL,CURVA,PLANA ,ASFALTADA,NO,,,SI,EN PROCESO DE INVESTIGACIÓN,NO CUENTA CON CAUSA ESPECIFICA,6.0,0,2022.0,12.0,6.0,1,1,0,0,0.0,0.0,0.0,0.0,0,1,29.0,0.0,0,1,1,0.0,1.0,0
A-2022-12-233,2022-12-04,13:00,DESPISTE,1,0,1,AYACUCHO,HUAMANGA,VINCHOS,RURAL,CARRETERA,DEPARTAMENTAL,AY-106,-13.372259859606,-74.3378963266827,DESPEJADO,RURAL,CURVA,INCLINADA,AFIRMADO,SI,PREVENTIVA (P),,NO,IMPRUDENCIA DEL CONDUCTOR,FATIGA Y/O CANSANCIO,13.0,0,2022.0,12.0,6.0,1,2,0,1,0.0,1.0,1.0,2.0,0,1,43.0,0.0,0,1,1,0.0,1.0,0
A-2022-12-78,2022-12-04,13:08,ESPECIAL,1,0,0,TUMBES,ZARUMILLA,AGUAS VERDES,RURAL,CARRETERA,PROVINCIAL,TU-513,-3.527121685414673,-80.21257093344128,DESPEJADO,RURAL,TRAMO RECTO,PLANA ,TROCHA,,,,,EN PROCESO DE INVESTIGACIÓN,NO CUENTA CON CAUSA ESPECIFICA,13.0,0,2022.0,12.0,6.0,1,2,0,0,0.0,0.0,2.0,2.0,0,0,28.0,0.0,0,0,1,0.0,0.0,0
A-2022-12-82,2022-12-04,13:40,CHOQUE,1,2,0,ANCASH,SANTA,SAMANCO,RURAL,CARRETERA,PROVINCIAL,AN-930,-9.195805105652852,-78.47421644463167,DESPEJADO,RURAL,TRAMO RECTO,PLANA ,ASFALTADA,,,,,IMPRUDENCIA DEL CONDUCTOR,INVASIÓN DE CARRIL,13.0,0,2022.0,12.0,6.0,1,2,0,0,0.0,0.0,0.0,0.0,0,0,39.25,7.632168761236874,0,1,4,0.0,0.25,0
A-2022-12-110,2022-12-04,19:45,ATROPELLO,1,0,0,CALLAO,CALLAO,CALLAO,URBANA,AVENIDA,URBANO,NO CORRESPONDE,-12.0414112,-77.101385617,DESPEJADO,RESIDENCIAL,TRAMO RECTO,PLANA ,ASFALTADA,NO,,,SI,IMPRUDENCIA DEL CONDUCTOR,CONDUCIR EN ESTADO DE EBRIEDAD Y/O DROGADICCIÓN,19.0,0,2022.0,12.0,6.0,1,3,0,0,1.0,0.0,0.0,1.0,0,1,66.5,9.192388155425117,1,1,2,0.5,0.5,1
A-2022-12-6,2022-12-04,23:20,DESPISTE,1,0,1,PUNO,YUNGUYO,CUTURAPI,RURAL,CARRETERA,DEPARTAMENTAL,PU-130,-16.27029692020428,-69.19996259369469,DESPEJADO,RURAL,TRAMO RECTO,PLANA ,ASFALTADA,,,,,IMPRUDENCIA DEL CONDUCTOR,EXCESO DE VELOCIDAD,23.0,0,2022.0,12.0,6.0,1,3,0,1,0.0,0.0,0.0,0.0,0,0,54.0,0.0,0,0,1,0.0,0.0,1
A-2022-12-104,2022-12-04,23:30,ATROPELLO FUGA,1,0,0,PUNO,AZANGARO,SANTIAGO DE PUPUJA,RURAL,CARRETERA,NACIONAL,PE-34B,-15.130574637961988,-70.21605306603558,DESPEJADO,RURAL,TRAMO RECTO,PLANA ,ASFALTADA,,,,,INFRAESTRUCTURA Y ENTORNO VIAL,FACTOR AMBIENTAL,23.0,0,2022.0,12.0,6.0,1,3,0,1,0.0,0.0,0.0,0.0,0,0,53.0,0.0,0,0,2,0.0,0.0,1
A-2022-12-63,2022-12-05,01:15,CHOQUE,1,0,2,LA LIBERTAD,PACASMAYO,GUADALUPE,RURAL,CARRETERA,NACIONAL,PE-1N,-7.248407,-79.476552,DESPEJADO,RURAL,TRAMO RECTO,PLANA ,ASFALTADA,,,,,IMPRUDENCIA DEL CONDUCTOR,CONDUCIR EN ESTADO DE EBRIEDAD Y/O DROGADICCIÓN,1.0,0,2022.0,12.0,0.0,0,0,0,0,0.0,0.0,0.0,0.0,0,0,39.5,10.606601717798213,0,1,2,0.0,0.5,1
A-2022-12-129,2022-12-05,08:30,DESPISTE,1,1,0,CAJAMARCA,CAJAMARCA,CAJAMARCA,URBANA,JIRÓN,URBANO,NO CORRESPONDE,-7.157707303527157,-78.50901717978292,SOLEADO,RESIDENCIAL,INTERSECCIÓN,INCLINADA,CONCRETO,NO,,,SI,EN PROCESO DE INVESTIGACIÓN,NO CUENTA CON CAUSA ESPECIFICA,8.0,0,2022.0,12.0,0.0,0,1,0,1,1.0,1.0,0.0,2.0,0,1,37.0,1.4142135623730951,0,0,3,0.0,0.0,0
A-2022-12-8,2022-12-05,12:20,DESPISTE,1,0,1,PUNO,CHUCUITO,JULI,RURAL,CARRETERA,NACIONAL,PE-3S,-16.254420133597243,-69.34710849877888,DESPEJADO,RURAL,TRAMO RECTO,PLANA ,ASFALTADA,,,,,IMPERICIA DEL CONDUCTOR,,12.0,0,2022.0,12.0,0.0,0,2,0,1,0.0,0.0,0.0,0.0,0,0,68.0,0.0,0,1,1,0.0,1.0,0
A-2022-12-202,2022-12-05,12:30,CHOQUE,1,0,0,MADRE DE DIOS,TAMBOPATA,TAMBOPATA,RURAL,CARRETERA,NACIONAL,PE-30C,-12.644865,-69.277755,SOLEADO,RURAL,TRAMO RECTO,PLANA ,ASFALTADA,,,,,IMPRUDENCIA DEL CONDUCTOR,OTRO (IMPRUDENCIA DEL CONDUCTOR),12.0,0,2022.0,12.0,0.0,0,2,0,2,0.0,0.0,0.0,0.0,0,0,43.666666666666664,11.71893055416463,0,0,3,0.0,0.0,0
A-2022-12-50,2022-12-05,12:30,DESPISTE,3,0,1,ANCASH,BOLOGNESI,CAJACAY,RURAL,CARRETERA,PROVINCIAL,AN-1242,-10.15626290485088,-77.43815053603346,DESPEJADO,RURAL,CURVA,INCLINADA,TROCHA,,,,,EN PROCESO DE INVESTIGACIÓN,NO CUENTA CON CAUSA ESPECIFICA,12.0,2,2022.0,12.0,0.0,0,2,0,0,0.0,1.0,2.0,3.0,0,0,31.0,3.605551275463989,0,1,3,0.0,0.333,0
A-2022-12-98,2022-12-05,15:00,DESPISTE,1,0,1,HUANCAVELICA,HUANCAVELICA,VILCA,RURAL,CARRETERA,PROVINCIAL,HV-936,-12.556023,-75.205258,DESPEJADO,RURAL,CURVA,INCLINADA,AFIRMADO,,,,,EN PROCESO DE INVESTIGACIÓN,NO CUENTA CON CAUSA ESPECIFICA,15.0,0,2022.0,12.0,0.0,0,2,0,1,0.0,1.0,1.0,2.0,0,0,0.0,0.0,0,0,1,0.0,0.0,0
A-2022-12-22,2022-12-05,15:30,DESPISTE,1,0,1,CUSCO,CANAS,KUNTURKANKI,RURAL,CARRETERA,NACIONAL,PE-34F,-14.61397281432543,-71.28630941514878,NUBLADO,RURAL,TRAMO RECTO,PLANA ,ASFALTADA,,,,,IMPRUDENCIA DEL CONDUCTOR,FATIGA Y/O CANSANCIO,15.0,0,2022.0,12.0,0.0,0,2,0,1,0.0,0.0,0.0,0.0,0,0,46.0,0.0,0,1,1,0.0,1.0,0
A-2022-12-116,2022-12-05,17:12,CHOQUE,1,1,3,LIMA,HUAURA,VEGUETA,RURAL,CARRETERA,NACIONAL,PE-1N,-10.98525573145307,-77.64325434119341,DESPEJADO,COMERCIAL,TRAMO RECTO,PLANA ,ASFALTADA,,,,,IMPRUDENCIA DEL CONDUCTOR,OTRO (IMPRUDENCIA DEL CONDUCTOR),17.0,0,2022.0,12.0,0.0,0,2,0,0,0.0,0.0,0.0,0.0,0,0,49.5,18.303005217723125,0,3,4,0.0,0.75,0
A-2022-12-138,2022-12-05,18:00,DESPISTE,1,0,0,LIMA,LIMA,LURIGANCHO,URBANA,AVENIDA,URBANO,NO CORRESPONDE,-11.97631213196792,-76.78678259760014,DESPEJADO,RESIDENCIAL,TRAMO RECTO,PLANA ,AFIRMADO,,,,,EN PROCESO DE INVESTIGACIÓN,NO CUENTA CON CAUSA ESPECIFICA,18.0,0,2022.0,12.0,0.0,0,3,0,0,1.0,0.0,1.0,2.0,0,0,18.0,22.627416997969522,0,0,2,0.0,0.0,1
A-2022-12-149,2022-12-05,20:30,ATROPELLO,1,0,0,LIMA,LIMA,PACHACAMAC,URBANA,CARRETERA,PROVINCIAL,LM-796,-12.149398443350512,-76.87106961727629,DESPEJADO,RESIDENCIAL,INTERSECCIÓN,PLANA ,ASFALTADA,,,,,EN PROCESO DE INVESTIGACIÓN,NO CUENTA CON CAUSA ESPECIFICA,20.0,0,2022.0,12.0,0.0,0,3,0,0,0.0,0.0,0.0,0.0,0,0,52.5,30.405591591021544,0,1,2,0.0,0.5,1
A-2022-12-139,2022-12-05,23:30,DESPISTE,1,0,0,LIMA,LIMA,SAN MARTIN DE PORRES,URBANA,AVENIDA,URBANO,NO CORRESPONDE,-11.985932,-77.086157,DESPEJADO,RESIDENCIAL,TRAMO RECTO,PLANA ,ASFALTADA,,,,,EN PROCESO DE INVESTIGACIÓN,NO CUENTA CON CAUSA ESPECIFICA,23.0,0,2022.0,12.0,0.0,0,3,0,0,1.0,0.0,0.0,1.0,0,0,42.0,0.0,0,0,1,0.0,0.0,1
A-2022-12-103,2022-12-06,04:00,ATROPELLO FUGA,1,0,0,APURIMAC,CHINCHEROS,CHINCHEROS,RURAL,CARRETERA,NACIONAL,PE-3S,-13.500488,-73.808641,DESPEJADO,RURAL,TRAMO RECTO,PLANA ,ASFALTADA,SI,PREVENTIVA (P),,SI,IMPRUDENCIA DEL CONDUCTOR,OTRO (IMPRUDENCIA DEL CONDUCTOR),4.0,0,2022.0,12.0,1.0,0,0,0,1,0.0,0.0,0.0,0.0,0,0,63.0,0.0,0,0,2,0.0,0.0,1
A-2022-12-109,2022-12-06,06:50,CHOQUE,1,3,2,LAMBAYEQUE,CHICLAYO,MONSEFU,RURAL,CARRETERA,NACIONAL,PE-1N,-6.8444147,-79.8293059,DESPEJADO,RURAL,TRAMO RECTO,PLANA ,ASFALTADA,,,,,EN PROCESO DE INVESTIGACIÓN,NO CUENTA CON CAUSA ESPECIFICA,6.0,0,2022.0,12.0,1.0,0,1,0,0,0.0,0.0,0.0,0.0,0,0,42.8,12.02913130695646,0,1,5,0.0,0.2,0
A-2022-12-211,2022-12-06,07:05,CHOQUE,1,1,2,ICA,CHINCHA,CHINCHA BAJA,RURAL,CARRETERA,NACIONAL,PE-1SE,-13.50844825,-76.18486274,DESPEJADO,RURAL,TRAMO RECTO,PLANA ,ASFALTADA,,,,,IMPRUDENCIA DEL CONDUCTOR,OTRO (IMPRUDENCIA DEL CONDUCTOR),7.0,0,2022.0,12.0,1.0,0,1,0,0,0.0,0.0,0.0,0.0,0,0,51.0,7.0710678118654755,0,2,2,0.0,1.0,0
A-2022-12-173,2022-12-06,08:20,DESPISTE,1,0,1,HUANUCO,PACHITEA,PANAO,RURAL,CARRETERA,NACIONAL,PE-18B,-9.89185574757498,-75.97310896254768,DESPEJADO,RURAL,CURVA,INCLINADA,ASFALTADA,SI,REGULADORA (R),,NO,IMPRUDENCIA DEL CONDUCTOR,FATIGA Y/O CANSANCIO,8.0,0,2022.0,12.0,1.0,0,1,0,1,0.0,1.0,0.0,1.0,0,1,37.0,0.0,0,0,1,0.0,0.0,0
A-2022-12-140,2022-12-06,10:00,DESPISTE,1,0,0,LIMA,LIMA,MIRAFLORES,URBANA,OTRO,URBANO,NO CORRESPONDE,-12.124395043907858,-77.04037845797377,DESPEJADO,COMERCIAL,TRAMO RECTO,PLANA ,ASFALTADA,SI,REGULADORA (R),,SI,EN PROCESO DE INVESTIGACIÓN,NO CUENTA CON CAUSA ESPECIFICA,10.0,0,2022.0,12.0,1.0,0,1,0,0,2.0,0.0,0.0,2.0,0,0,39.0,0.0,0,1,1,0.0,1.0,0
A-2022-12-150,2022-12-06,11:20,ATROPELLO,1,0,0,LIMA,LIMA,SAN ISIDRO,URBANA,AVENIDA,URBANO,NO CORRESPONDE,-12.091149255233129,-77.00845235698405,DESPEJADO,COMERCIAL,TRAMO RECTO,PLANA ,ASFALTADA,,,,,EN PROCESO DE INVESTIGACIÓN,NO CUENTA CON CAUSA ESPECIFICA,11.0,0,2022.0,12.0,1.0,0,1,0,0,1.0,0.0,0.0,1.0,0,0,33.0,5.196152422706632,0,3,4,0.0,0.75,0
A-2022-12-26,2022-12-06,16:40,CHOQUE,1,3,3,CUSCO,QUISPICANCHI,OROPESA,RURAL,CARRETERA,NACIONAL,PE-3S,-13.595739065519709,-71.78046881939404,DESPEJADO,RURAL,TRAMO RECTO,PLANA ,ASFALTADA,SI,REGULADORA (R),,SI,IMPRUDENCIA DEL CONDUCTOR,OTRO (IMPRUDENCIA DEL CONDUCTOR),16.0,0,2022.0,12.0,1.0,0,2,0,1,0.0,0.0,0.0,0.0,0,0,43.0,12.165525060596439,0,3,7,0.0,0.429,0
A-2022-12-83,2022-12-06,16:40,CHOQUE,1,0,0,ANCASH,SANTA,NUEVO CHIMBOTE,URBANA,AVENIDA,URBANO,NO CORRESPONDE,-9.118276868,-78.52968191,DESPEJADO,COMERCIAL,INTERSECCIÓN,PLANA ,ASFALTADA,,,,,EN PROCESO DE INVESTIGACIÓN,NO CUENTA CON CAUSA ESPECIFICA,16.0,0,2022.0,12.0,1.0,0,2,0,0,1.0,0.0,0.0,1.0,0,0,58.5,2.1213203435596424,0,2,2,0.0,1.0,0
A-2022-12-20,2022-12-06,19:20,CHOQUE,1,0,2,CUSCO,ESPINAR,ESPINAR,URBANA,CARRETERA,DEPARTAMENTAL,CU-130,-14.783971,-71.4111533,NUBLADO,RESIDENCIAL,TRAMO RECTO,PLANA ,ASFALTADA,SI,INFORMATIVA (I),,SI,IMPRUDENCIA DEL CONDUCTOR,EXCESO DE VELOCIDAD,19.0,0,2022.0,12.0,1.0,0,3,0,1,0.0,0.0,0.0,0.0,0,0,33.0,5.291502622129181,0,1,3,0.0,0.333,1
A-2022-12-146,2022-12-06,20:40,ATROPELLO,1,0,0,MOQUEGUA,MARISCAL NIETO,MOQUEGUA,URBANA,CARRETERA,NACIONAL,PE-36A,-17.193508550840217,-70.91759698233433,,,,,,,,,,EN PROCESO DE INVESTIGACIÓN,NO CUENTA CON CAUSA ESPECIFICA,20.0,0,2022.0,12.0,1.0,0,3,0,0,0.0,1.0,1.0,2.0,0,0,53.0,21.213203435596427,0,0,2,0.0,0.0,1
A-2022-12-7,2022-12-07,05:00,CHOQUE,1,0,2,ICA,ICA,PARCONA,URBANA,CARRETERA,PROVINCIAL,IC-653,-14.067722,-75.683214,DESPEJADO,RESIDENCIAL,TRAMO RECTO,PLANA ,ASFALTADA,,,,,EN PROCESO DE INVESTIGACIÓN,NO CUENTA CON CAUSA ESPECIFICA,5.0,0,2022.0,12.0,2.0,0,0,0,0,0.0,0.0,0.0,0.0,0,0,56.0,45.254833995939045,0,1,2,0.0,0.5,1
A-2022-12-64,2022-12-07,08:10,DESPISTE,1,0,1,LA LIBERTAD,OTUZCO,OTUZCO,RURAL,CARRETERA,NACIONAL,PE-10A,-7.961210168746557,-78.636891555716,DESPEJADO,RURAL,TRAMO RECTO,PLANA ,ASFALTADA,,,,,NEGLIGENCIA DEL CONDUCTOR,CONDUCIR CON FALLAS DE FRENOS,8.0,0,2022.0,12.0,2.0,0,1,0,0,0.0,0.0,0.0,0.0,0,0,32.0,19.79898987322333,0,1,2,0.0,0.5,0
A-2022-12-94,2022-12-07,13:35,CHOQUE,2,0,5,PIURA,SECHURA,SECHURA,RURAL,CARRETERA,NACIONAL,PE-1N,-6.0892981,-80.5001784,DESPEJADO,RURAL,TRAMO RECTO,PLANA ,ASFALTADA,,,,,EN PROCESO DE INVESTIGACIÓN,NO CUENTA CON CAUSA ESPECIFICA,13.0,1,2022.0,12.0,2.0,0,2,0,0,0.0,0.0,0.0,0.0,0,0,49.2,11.734564329364767,0,5,5,0.0,1.0,0
A-2022-12-35,2022-12-07,15:33,VOLCADURA,1,2,1,ANCASH,HUARAZ,INDEPENDENCIA,RURAL,CARRETERA,NACIONAL,PE-14,-9.528202970424427,-77.54444130242483,DESPEJADO,RURAL,SINUOSA,INCLINADA,ASFALTADA,,,,,EN PROCESO DE INVESTIGACIÓN,NO CUENTA CON CAUSA ESPECIFICA,15.0,0,2022.0,12.0,2.0,0,2,0,0,0.0,1.0,0.0,1.0,0,0,15.333333333333334,9.865765724632494,0,1,3,0.0,0.333,0
A-2022-12-9,2022-12-07,19:00,DESPISTE,1,0,1,PUNO,CHUCUITO,KELLUYO,RURAL,CARRETERA,SIN CLASIFICAR,SIN CLASIFICAR,-16.758,-69.325,DESPEJADO,RURAL,CURVA,PLANA ,TROCHA,,,,,IMPRUDENCIA DEL CONDUCTOR,EXCESO DE VELOCIDAD,19.0,0,2022.0,12.0,2.0,0,3,0,1,0.0,0.0,2.0,2.0,0,0,42.0,0.0,0,0,1,0.0,0.0,1
A-2022-12-100,2022-12-07,20:30,ATROPELLO,1,0,1,AMAZONAS,UTCUBAMBA,JAMALCA,RURAL,CARRETERA,NACIONAL,PE-5N,-5.883872401994309,-78.20081233978273,DESPEJADO,RURAL,SINUOSA,PLANA ,ASFALTADA,,,,,EN PROCESO DE INVESTIGACIÓN,NO CUENTA CON CAUSA ESPECIFICA,20.0,0,2022.0,12.0,2.0,0,3,0,2,0.0,0.0,0.0,0.0,0,0,34.0,15.556349186104045,0,1,2,0.0,0.5,1
A-2022-12-120,2022-12-08,01:30,DESPISTE,1,6,1,CAJAMARCA,CHOTA,COCHABAMBA,RURAL,CARRETERA,PROVINCIAL,CA-844,-6.49356833,-78.87548333,DESPEJADO,RURAL,CURVA,INCLINADA,AFIRMADO,,,,,NEGLIGENCIA DEL CONDUCTOR,OTRO (NEGLIGENCIA DEL CONDUCTOR),1.0,0,2022.0,12.0,3.0,0,0,0,1,0.0,1.0,1.0,2.0,0,0,44.625,10.729631866937467,0,0,8,0.0,0.0,1
A-2022-12-141,2022-12-08,04:50,DESPISTE,1,0,0,LIMA,LIMA,CHORRILLOS,URBANA,AVENIDA,URBANO,NO CORRESPONDE,-12.1961847637265,-77.00054599573585,DESPEJADO,COMERCIAL,TRAMO RECTO,PLANA ,ASFALTADA,,,,,EN PROCESO DE INVESTIGACIÓN,NO CUENTA CON CAUSA ESPECIFICA,4.0,0,2022.0,12.0,3.0,0,0,0,0,1.0,0.0,0.0,1.0,0,0,49.0,0.0,0,0,1,0.0,0.0,1
A-2022-12-234,2022-12-08,09:30,ESPECIAL,1,0,1,AYACUCHO,LUCANAS,PUQUIO,RURAL,CARRETERA,NACIONAL,PE-30A,-14.64194,-74.047936,DESPEJADO,RURAL,CURVA,INCLINADA,ASFALTADA,SI,PREVENTIVA (P),REGULADORA (R),NO,INFRAESTRUCTURA Y ENTORNO VIAL,OTRO (INFRAESTRUCTURA Y ENTORNO VIAL),9.0,0,2022.0,12.0,3.0,0,1,0,1,0.0,1.0,0.0,1.0,0,1,36.0,11.313708498984761,0,1,2,0.0,0.5,0
A-2022-12-42,2022-12-08,13:00,VOLCADURA,2,2,1,CUSCO,LA CONVENCION,HUAYOPATA,RURAL,CARRETERA,NACIONAL,PE-28B,-13.124599798851245,-72.33221523548895,DESPEJADO,RURAL,CURVA,INCLINADA,ASFALTADA,SI,PREVENTIVA (P),,SI,EN PROCESO DE INVESTIGACIÓN,NO CUENTA CON CAUSA ESPECIFICA,13.0,1,2022.0,12.0,3.0,0,2,0,1,0.0,1.0,0.0,1.0,0,0,28.0,1.7320508075688772,0,1,4,0.0,0.25,0
A-2022-12-119,2022-12-08,14:00,DESPISTE,1,1,0,CAJAMARCA,CHOTA,COCHABAMBA,RURAL,CARRETERA,NACIONAL,PE-3N,-6.49894333,-78.82061,DESPEJADO,RURAL,CURVA,PLANA ,ASFALTADA,SI,PREVENTIVA (P),REGULADORA (R),SI,EN PROCESO DE INVESTIGACIÓN,NO CUENTA CON CAUSA ESPECIFICA,14.0,0,2022.0,12.0,3.0,0,2,0,1,0.0,0.0,0.0,0.0,0,0,54.5,3.5355339059327378,0,0,2,0.0,0.0,0
A-2022-12-13,2022-12-08,22:40,CHOQUE,3,6,2,PUNO,PUNO,PICHACANI,RURAL,CARRETERA,PROVINCIAL,PU-1097,-16.19722114894739,-70.13273287750263,LLUVIOSO,RURAL,TRAMO RECTO,PLANA ,ASFALTADA,,,,,IMPRUDENCIA DEL CONDUCTOR,VEHÍCULO MAL ESTACIONADO,22.0,2,2022.0,12.0,3.0,0,3,0,1,0.0,0.0,0.0,0.0,1,0,54.0,8.396427811873332,0,2,11,0.0,0.182,1
A-2022-12-102,2022-12-08,23:20,DESPISTE,1,0,1,PUNO,HUANCANE,TARACO,RURAL,CARRETERA,NACIONAL,PE-34H,-15.299009076997503,-69.98580957023911,DESPEJADO,RURAL,TRAMO RECTO,PLANA ,ASFALTADA,,,,,IMPRUDENCIA DEL CONDUCTOR,EXCESO DE VELOCIDAD,23.0,0,2022.0,12.0,3.0,0,3,0,1,0.0,0.0,0.0,0.0,0,0,30.0,0.0,0,0,1,0.0,0.0,1
A-2022-12-31,2022-12-09,01:00,DESPISTE,1,0,1,ICA,ICA,SALAS,RURAL,CARRETERA,NACIONAL,PE-1S,-13.931783,-75.914188,DESPEJADO,RURAL,TRAMO RECTO,PLANA ,ASFALTADA,,,,,EN PROCESO DE INVESTIGACIÓN,NO CUENTA CON CAUSA ESPECIFICA,1.0,0,2022.0,12.0,4.0,0,0,0,0,0.0,0.0,0.0,0.0,0,0,30.0,0.0,0,0,1,0.0,0.0,1
A-2022-12-28,2022-12-09,16:00,DESPISTE,1,1,1,CUSCO,CHUMBIVILCAS,QUIÑOTA,RURAL,CARRETERA,PROVINCIAL,CU-1904,-14.346908513778695,-72.16547963483764,DESPEJADO,RURAL,TRAMO RECTO,INCLINADA,AFIRMADO,,,,,IMPRUDENCIA DEL CONDUCTOR,FATIGA Y/O CANSANCIO,16.0,0,2022.0,12.0,4.0,0,2,0,1,0.0,1.0,1.0,2.0,0,0,45.5,13.435028842544403,0,1,2,0.0,0.5,0
A-2022-12-14,2022-12-09,20:10,ATROPELLO,1,0,0,PUNO,CHUCUITO,ZEPITA,RURAL,CARRETERA,NACIONAL,PE-36A,-16.5830728,-69.2295886,DESPEJADO,RURAL,TRAMO RECTO,PLANA ,ASFALTADA,,,,,IMPRUDENCIA DEL PEATÓN,CRUCE INDEBIDO POR LA CALZADA,20.0,0,2022.0,12.0,4.0,0,3,0,1,0.0,0.0,0.0,0.0,0,0,58.0,39.59797974644666,0,1,2,0.0,0.5,1
A-2022-12-15,2022-12-09,20:20,ATROPELLO FUGA,1,0,0,SAN MARTIN,RIOJA,NUEVA CAJAMARCA,URBANA,CARRETERA,NACIONAL,PE-5N,-5.80581,-77.39851,DESPEJADO,RURAL,TRAMO RECTO,PLANA ,ASFALTADA,,,,,EN PROCESO DE INVESTIGACIÓN,NO CUENTA CON CAUSA ESPECIFICA,20.0,0,2022.0,12.0,4.0,0,3,0,2,0.0,0.0,0.0,0.0,0,0,61.0,0.0,0,0,2,0.0,0.0,1
A-2022-12-16,2022-12-10,01:00,CHOQUE CON OBJETO FIJO,1,0,1,SAN MARTIN,MOYOBAMBA,HABANA,RURAL,CARRETERA,NACIONAL,PE-08B,-6.115332,-77.094342,DESPEJADO,RURAL,TRAMO RECTO,PLANA ,ASFALTADA,,,,,EN PROCESO DE INVESTIGACIÓN,NO CUENTA CON CAUSA ESPECIFICA,1.0,0,2022.0,12.0,5.0,1,0,0,2,0.0,0.0,0.0,0.0,0,0,29.0,0.0,0,0,1,0.0,0.0,1
A-2022-12-206,2022-12-10,03:40,CHOQUE,2,1,2,JUNIN,JAUJA,CURICACA,RURAL,CARRETERA,NACIONAL,PE-3S,-11.788858,-75.668149,DESPEJADO,RURAL,CURVA,INCLINADA,ASFALTADA,,,,,IMPRUDENCIA DEL CONDUCTOR,INVASIÓN DE CARRIL,3.0,1,2022.0,12.0,5.0,1,0,0,1,0.0,1.0,0.0,1.0,0,0,35.25,9.844626283748239,0,0,4,0.0,0.0,1