CODIGO_SINIESTRO,FECHA_SINIESTRO,HORA_SINIESTRO,CLASE_SINIESTRO,CANTIDAD_FALLECIDOS,CANTIDAD_LESIONADOS,CANTIDAD_VEHICULOS,DEPARTAMENTO,PROVINCIA,DISTRITO,ZONA,TIPO_VIA,RED_VIAL,COD_CARRETERA,LATITUD,LONGITUD,CONDICION_CLIMATICA,ZONIFICACION,CARACTERISTICAS_VIA,PERFIL_VIA,SUPERFICIE_CALZADA,EXISTE_SENIAL_VERTICAL,CLASIFICACION_SENIAL_VERTICAL_1,CLASIFICACION_SENIAL_VERTICAL_2,EXISTE_SENIAL_HORIZONTAL,CAUSA_FACTOR_PRINCIPAL,CAUSA_ESPECIFICA,HORA,severidad,ANIO,MES,DIA_SEMANA,FIN_SEMANA,FRANJA_HORARIA,TEMPORADA,MACROREGION,TIPO_VIA_SCORE,PERFIL_VIA_SCORE,SUPERFICIE_CALZADA_SCORE,RIESGO_INFRAESTRUCTURA,RIESGO_CLIMATICO,SENIALIZACION_DEFICIENTE,EDAD_PROMEDIO,EDAD_STD,TOTAL_ALCOHOL,TOTAL_LICENCIA,TOTAL_PERSONAS,PCT_ALCOHOL,PCT_LICENCIA,ES_NOCHE
A-2022-12-185,2022-12-25,22:30,ATROPELLO,1,0,1,PIURA,PIURA,VEINTISEIS DE OCTUBRE,URBANA,OTRO,URBANO,NO CORRESPONDE,-5.182306321297527,-80.65152538203908,DESPEJADO,COMERCIAL,OTRO,PLANA ,ASFALTADA,,,,,IMPRUDENCIA DEL PEATÓN,ESTADO DE EBRIEDAD Y/O DROGADICCIÓN,22.0,0,2022.0,12.0,6.0,1,3,0,0,2.0,0.0,0.0,2.0,0,0,56.0,9.899494936611665,1,1,2,0.5,0.5,1
A-2022-12-45,2022-12-25,23:37,DESPISTE,1,0,1,AREQUIPA,CAYLLOMA,MAJES,RURAL,CARRETERA,PROVINCIAL,AR-733,-16.353223,-72.149276,DESPEJADO,RURAL,TRAMO RECTO,PLANA ,TROCHA,,,,,EN PROCESO DE INVESTIGACIÓN,NO CUENTA CON CAUSA ESPECIFICA,23.0,0,2022.0,12.0,6.0,1,3,0,0,0.0,0.0,2.0,2.0,0,0,39.0,0.0,0,0,1,0.0,0.0,1
A-2022-12-171,2022-12-26,14:30,ATROPELLO,1,0,0,LIMA,LIMA,SAN JUAN DE LURIGANCHO,URBANA,AVENIDA,URBANO,NO CORRESPONDE,-12.029394015701405,-77.01166679892997,DESPEJADO,COMERCIAL,TRAMO RECTO,PLANA ,ASFALTADA,,,,,EN PROCESO DE INVESTIGACIÓN,NO CUENTA CON CAUSA ESPECIFICA,14.0,0,2022.0,12.0,0.0,0,2,0,0,1.0,0.0,0.0,1.0,0,0,38.0,22.627416997969522,0,0,2,0.0,0.0,0
A-2022-12-131,2022-12-26,15:56,CHOQUE,1,0,0,CALLAO,CALLAO,CALLAO,URBANA,CARRETERA,NACIONAL,PE-20,-11.9439428,-77.1315501,DESPEJADO,COMERCIAL,TRAMO RECTO,PLANA ,ASFALTADA,NO,,,SI,EN PROCESO DE INVESTIGACIÓN,NO CUENTA CON CAUSA ESPECIFICA,15.0,0,2022.0,12.0,0.0,0,2,0,0,0.0,0.0,0.0,0.0,0,1,41.0,11.313708498984761,0,1,2,0.0,0.5,0
A-2022-12-41,2022-12-26,22:00,CHOQUE,1,1,3,AREQUIPA,AREQUIPA,LA JOYA,RURAL,CARRETERA,NACIONAL,PE-1S,-16.5619253,-71.8240875,DESPEJADO,RURAL,TRAMO RECTO,PLANA ,ASFALTADA,,,,,EN PROCESO DE INVESTIGACIÓN,NO CUENTA CON CAUSA ESPECIFICA,22.0,0,2022.0,12.0,0.0,0,3,0,0,0.0,0.0,0.0,0.0,0,0,41.25,6.551081335677848,0,2,4,0.0,0.5,1
A-2022-12-186,2022-12-27,04:00,CHOQUE,2,4,0,JUNIN,JAUJA,PACCHA,URBANA,CARRETERA,NACIONAL,PE-3S,-11.825113,-75.499218,DESPEJADO,RURAL,CURVA,PLANA ,ASFALTADA,NO,,,SI,IMPRUDENCIA DEL CONDUCTOR,INVASIÓN DE CARRIL,4.0,1,2022.0,12.0,1.0,0,0,0,1,0.0,0.0,0.0,0.0,0,1,45.0,10.875923606099587,0,2,8,0.0,0.25,1
A-2022-12-210,2022-12-27,04:40,DESPISTE,1,1,0,MADRE DE DIOS,TAMBOPATA,LAS PIEDRAS,RURAL,CARRETERA,NACIONAL,PE-30C,-12.175021,-69.114092,,,,,,,,,,EN PROCESO DE INVESTIGACIÓN,NO CUENTA CON CAUSA ESPECIFICA,4.0,0,2022.0,12.0,1.0,0,0,0,2,0.0,1.0,1.0,2.0,0,0,34.5,20.506096654409877,0,0,2,0.0,0.0,1
A-2022-12-122,2022-12-27,05:50,CHOQUE,2,3,2,CAJAMARCA,CAJAMARCA,MAGDALENA,RURAL,CARRETERA,NACIONAL,PE-08,-7.27770333,-78.59512833,SOLEADO,RURAL,CURVA,PLANA ,ASFALTADA,NO,,,SI,EN PROCESO DE INVESTIGACIÓN,NO CUENTA CON CAUSA ESPECIFICA,5.0,1,2022.0,12.0,1.0,0,0,0,1,0.0,0.0,0.0,0.0,0,1,45.6,13.107249902248755,0,0,5,0.0,0.0,1
A-2022-12-174,2022-12-27,18:50,CHOQUE,1,0,3,CUSCO,CANCHIS,CHECACUPE,RURAL,CARRETERA,NACIONAL,PE-3S,-14.046643,-71.447767,LLUVIOSO,RURAL,CURVA,PLANA ,ASFALTADA,SI,PREVENTIVA (P),,SI,IMPRUDENCIA DEL CONDUCTOR,EXCESO DE VELOCIDAD,18.0,0,2022.0,12.0,1.0,0,3,0,1,0.0,0.0,0.0,0.0,1,0,51.0,4.58257569495584,0,2,3,0.0,0.667,1
A-2022-12-53,2022-12-27,23:00,CHOQUE,2,0,3,TACNA,TACNA,SAMA,RURAL,CARRETERA,NACIONAL,PE-1SD,-18.127199,-70.708028,DESPEJADO,RURAL,TRAMO RECTO,PLANA ,ASFALTADA,,,,,IMPRUDENCIA DEL CONDUCTOR,OTRO (IMPRUDENCIA DEL CONDUCTOR),23.0,1,2022.0,12.0,1.0,0,3,0,0,0.0,0.0,0.0,0.0,0,0,35.75,27.047797199279156,0,3,4,0.0,0.75,1
A-2022-12-74,2022-12-28,06:20,CHOQUE,1,1,2,LA LIBERTAD,TRUJILLO,VICTOR LARCO HERRERA,RURAL,CARRETERA,NACIONAL,PE-1N,-8.133712,-79.064233,DESPEJADO,RURAL,TRAMO RECTO,PLANA ,ASFALTADA,,,,,IMPRUDENCIA DEL CONDUCTOR,EXCESO DE VELOCIDAD,6.0,0,2022.0,12.0,2.0,0,1,0,0,0.0,0.0,0.0,0.0,0,0,39.333333333333336,12.423096769056148,0,1,3,0.0,0.333,0
A-2022-12-214,2022-12-28,08:30,CHOQUE,1,0,0,JUNIN,CHANCHAMAYO,SAN RAMON,RURAL,CARRETERA,NACIONAL,PE-22B,-11.11006265592424,-75.3426289488776,DESPEJADO,RURAL,CURVA,PLANA ,ASFALTADA,,,,,IMPRUDENCIA DEL CONDUCTOR,INVASIÓN DE CARRIL,8.0,0,2022.0,12.0,2.0,0,1,0,1,0.0,0.0,0.0,0.0,0,0,55.0,0.0,0,1,2,0.0,0.5,0
A-2022-12-46,2022-12-28,19:00,CHOQUE FUGA,1,0,2,CUSCO,ANTA,LIMATAMBO,RURAL,CARRETERA,NACIONAL,PE-3S,-13.5020023542712,-72.4952346239632,LLUVIOSO,RURAL,TRAMO RECTO,INCLINADA,ASFALTADA,SI,REGULADORA (R),,SI,IMPRUDENCIA DEL CONDUCTOR,EXCESO DE VELOCIDAD,19.0,0,2022.0,12.0,2.0,0,3,0,1,0.0,1.0,0.0,1.0,1,0,51.5,17.67766952966369,0,1,2,0.0,0.5,1
A-2022-12-182,2022-12-28,21:00,ATROPELLO FUGA,1,0,0,JUNIN,HUANCAYO,CULLHUAS,RURAL,CARRETERA,NACIONAL,PE-3S,-12.2696677,-75.1242455,LLUVIOSO,RURAL,TRAMO RECTO,PLANA ,ASFALTADA,NO,,,SI,EN PROCESO DE INVESTIGACIÓN,NO CUENTA CON CAUSA ESPECIFICA,21.0,0,2022.0,12.0,2.0,0,3,0,1,0.0,0.0,0.0,0.0,1,1,49.0,0.0,0,0,2,0.0,0.0,1
A-2022-12-56,2022-12-28,21:15,CHOQUE,4,1,2,ICA,PISCO,PARACAS,RURAL,CARRETERA,NACIONAL,PE-1S,-13.805843718923224,-76.1534953254719,DESPEJADO,RURAL,INTERSECCIÓN,PLANA ,ASFALTADA,,,,,EN PROCESO DE INVESTIGACIÓN,NO CUENTA CON CAUSA ESPECIFICA,21.0,2,2022.0,12.0,2.0,0,3,0,0,0.0,0.0,0.0,0.0,0,0,53.4,13.049904214207858,0,2,6,0.0,0.333,1
A-2022-12-43,2022-12-29,01:40,ATROPELLO FUGA,1,0,0,CUSCO,ANTA,ANTA,RURAL,CARRETERA,NACIONAL,PE-3S,-13.47583905853345,-72.12783103066586,DESPEJADO,RURAL,TRAMO RECTO,PLANA ,ASFALTADA,NO,,,SI,EN PROCESO DE INVESTIGACIÓN,NO CUENTA CON CAUSA ESPECIFICA,1.0,0,2022.0,12.0,3.0,0,0,0,1,0.0,0.0,0.0,0.0,0,1,69.0,0.0,0,0,2,0.0,0.0,1
A-2022-12-58,2022-12-29,04:40,VOLCADURA,1,1,0,APURIMAC,ABANCAY,CURAHUASI,RURAL,CARRETERA,SIN CLASIFICAR,SIN CLASIFICAR,-13.6393287540196,-72.60660738232684,,,,,,,,,,EN PROCESO DE INVESTIGACIÓN,NO CUENTA CON CAUSA ESPECIFICA,4.0,0,2022.0,12.0,3.0,0,0,0,1,0.0,1.0,1.0,2.0,0,0,41.5,13.435028842544403,0,0,2,0.0,0.0,1
A-2022-12-57,2022-12-29,06:40,CHOQUE,2,2,2,ICA,PISCO,HUMAY,RURAL,CARRETERA,NACIONAL,PE-28A,-13.72278527950069,-75.88518324361718,DESPEJADO,RURAL,TRAMO RECTO,PLANA ,ASFALTADA,,,,,EN PROCESO DE INVESTIGACIÓN,NO CUENTA CON CAUSA ESPECIFICA,6.0,1,2022.0,12.0,3.0,0,1,0,0,0.0,0.0,0.0,0.0,0,0,30.0,16.170961628796228,0,2,5,0.0,0.4,0
A-2022-12-172,2022-12-29,09:40,ATROPELLO FUGA,1,0,0,LIMA,LIMA,SAN MARTIN DE PORRES,URBANA,CARRETERA,NACIONAL,PE-1N,-12.03542145104657,-77.04759117506946,DESPEJADO,COMERCIAL,TRAMO RECTO,PLANA ,ASFALTADA,SI,REGULADORA (R),,NO,EN PROCESO DE INVESTIGACIÓN,NO CUENTA CON CAUSA ESPECIFICA,9.0,0,2022.0,12.0,3.0,0,1,0,0,0.0,0.0,0.0,0.0,0,1,0.0,0.0,0,0,2,0.0,0.0,0
A-2022-12-75,2022-12-29,16:30,DESPISTE,1,0,1,LA LIBERTAD,CHEPEN,PUEBLO NUEVO,RURAL,CARRETERA,PROVINCIAL,LI-552,-7.203805583509783,-79.6643699865567,DESPEJADO,RURAL,TRAMO RECTO,PLANA ,ASFALTADA,,,,,EN PROCESO DE INVESTIGACIÓN,NO CUENTA CON CAUSA ESPECIFICA,16.0,0,2022.0,12.0,3.0,0,2,0,0,0.0,0.0,0.0,0.0,0,0,34.0,0.0,0,0,1,0.0,0.0,0
A-2022-12-125,2022-12-30,00:30,CHOQUE,1,0,2,PUNO,HUANCANE,TARACO,RURAL,CARRETERA,NACIONAL,PE-34H,-15.2934527,-69.9602214,DESPEJADO,RURAL,TRAMO RECTO,PLANA ,ASFALTADA,,,,,IMPRUDENCIA DEL CONDUCTOR,EXCESO DE VELOCIDAD,0.0,0,2022.0,12.0,4.0,0,0,0,1,0.0,0.0,0.0,0.0,0,0,32.0,0.0,0,1,2,0.0,0.5,1
A-2022-12-232,2022-12-30,02:38,CHOQUE,1,0,0,LIMA,LIMA,ATE,URBANA,CARRETERA,NACIONAL,PE-1S,-12.067143,-76.971589,DESPEJADO,COMERCIAL,TRAMO RECTO,INCLINADA,ASFALTADA,,,,,EN PROCESO DE INVESTIGACIÓN,NO CUENTA CON CAUSA ESPECIFICA,2.0,0,2022.0,12.0,4.0,0,0,0,0,0.0,1.0,0.0,1.0,0,0,52.5,9.192388155425117,0,2,2,0.0,1.0,1
A-2022-12-113,2022-12-30,04:20,ATROPELLO,1,0,1,PUNO,AZANGARO,ASILLO,RURAL,CARRETERA,NACIONAL,PE-34B,-14.674068728944974,-70.3663212984862,DESPEJADO,RURAL,TRAMO RECTO,PLANA ,ASFALTADA,,,,,IMPRUDENCIA DEL PEATÓN,CRUCE INDEBIDO POR LA CALZADA,4.0,0,2022.0,12.0,4.0,0,0,0,1,0.0,0.0,0.0,0.0,0,0,64.0,18.384776310850235,0,1,2,0.0,0.5,1
A-2022-12-201,2022-12-30,07:30,CHOQUE,1,1,2,JUNIN,JAUJA,MUQUI,RURAL,CARRETERA,NACIONAL,PE-3SB,-11.82719,-75.445205,DESPEJADO,RURAL,TRAMO RECTO,PLANA ,ASFALTADA,NO,,,SI,IMPRUDENCIA DEL CONDUCTOR,EXCESO DE VELOCIDAD,7.0,0,2022.0,12.0,4.0,0,1,0,1,0.0,0.0,0.0,0.0,0,1,33.333333333333336,15.50268793897798,0,1,3,0.0,0.333,0
A-2022-12-221,2022-12-30,11:30,CHOQUE CON OBJETO FIJO,1,0,1,PIURA,SULLANA,SULLANA,RURAL,CARRETERA,PROVINCIAL,PI-579,-4.907168007108716,-80.63694425970394,DESPEJADO,RURAL,OTRO,PLANA ,AFIRMADO,,,,,IMPRUDENCIA DEL CONDUCTOR,OTRO (IMPRUDENCIA DEL CONDUCTOR),11.0,0,2022.0,12.0,4.0,0,1,0,0,0.0,0.0,1.0,1.0,0,0,29.0,0.0,0,1,1,0.0,1.0,0
A-2022-12-92,2022-12-30,20:40,ATROPELLO,1,0,1,LAMBAYEQUE,CHICLAYO,CHICLAYO,URBANA,AVENIDA,URBANO,NO CORRESPONDE,-6.7644239,-79.8592299,DESPEJADO,RESIDENCIAL,INTERSECCIÓN,PLANA ,ASFALTADA,,,,,EN PROCESO DE INVESTIGACIÓN,NO CUENTA CON CAUSA ESPECIFICA,20.0,0,2022.0,12.0,4.0,0,3,0,0,1.0,0.0,0.0,1.0,0,0,61.0,7.0710678118654755,1,0,2,0.5,0.0,1
A-2022-12-54,2022-12-31,01:50,ATROPELLO FUGA,1,0,0,PUNO,CHUCUITO,DESAGUADERO,RURAL,CARRETERA,NACIONAL,PE-3S,-16.546402039438025,-69.05188392863842,DESPEJADO,RURAL,TRAMO RECTO,PLANA ,ASFALTADA,,,,,IMPRUDENCIA DEL CONDUCTOR,EXCESO DE VELOCIDAD,1.0,0,2022.0,12.0,5.0,1,0,0,1,0.0,0.0,0.0,0.0,0,0,37.0,0.0,0,0,2,0.0,0.0,1
A-2022-12-127,2022-12-31,03:30,CHOQUE,1,0,2,LAMBAYEQUE,LAMBAYEQUE,OLMOS,RURAL,CARRETERA,NACIONAL,PE-1NJ,-5.8471795,-79.8080689,DESPEJADO,RURAL,TRAMO RECTO,PLANA ,ASFALTADA,,,,,EN PROCESO DE INVESTIGACIÓN,NO CUENTA CON CAUSA ESPECIFICA,3.0,0,2022.0,12.0,5.0,1,0,0,0,0.0,0.0,0.0,0.0,0,0,58.5,7.7781745930520225,0,1,2,0.0,0.5,1
A-2022-12-115,2022-12-31,04:40,ATROPELLO,1,0,1,PUNO,SAN ROMAN,JULIACA,RURAL,CARRETERA,NACIONAL,PE-34A,-15.519566454491216,-70.17767871292796,DESPEJADO,RURAL,TRAMO RECTO,PLANA ,ASFALTADA,,,,,IMPRUDENCIA DEL PEATÓN,CRUCE INDEBIDO POR LA CALZADA,4.0,0,2022.0,12.0,5.0,1,0,0,1,0.0,0.0,0.0,0.0,0,0,26.0,7.0710678118654755,0,1,2,0.0,0.5,1
A-2022-12-225,2022-12-31,16:00,ATROPELLO,1,0,2,LORETO,MAYNAS,PUNCHANA,URBANA,CARRETERA,NACIONAL,PE-5NI,-3.7229428,-73.2412068,DESPEJADO,COMERCIAL,TRAMO RECTO,PLANA ,ASFALTADA,,,,,IMPRUDENCIA DEL PEATÓN,ESTADO DE EBRIEDAD Y/O DROGADICCIÓN,16.0,0,2022.0,12.0,5.0,1,2,0,2,0.0,0.0,0.0,0.0,0,0,53.0,2.8284271247461903,0,1,2,0.0,0.5,0
A-2022-12-76,2022-12-31,17:30,DESPISTE,1,0,1,LA LIBERTAD,TRUJILLO,SALAVERRY,RURAL,CARRETERA,NACIONAL,PE-1N,-8.179401,-78.991284,DESPEJADO,RURAL,TRAMO RECTO,PLANA ,ASFALTADA,,,,,EN PROCESO DE INVESTIGACIÓN,NO CUENTA CON CAUSA ESPECIFICA,17.0,0,2022.0,12.0,5.0,1,2,0,0,0.0,0.0,0.0,0.0,0,0,37.0,31.11269837220809,0,1,2,0.0,0.5,0
A-2022-12-77,2022-12-31,21:50,ATROPELLO,1,0,1,LA LIBERTAD,ASCOPE,CHICAMA,RURAL,CARRETERA,NACIONAL,PE-1N,-7.868086,-79.135907,DESPEJADO,RURAL,TRAMO RECTO,PLANA ,ASFALTADA,,,,,IMPRUDENCIA DEL CONDUCTOR,OTRO (IMPRUDENCIA DEL CONDUCTOR),21.0,0,2022.0,12.0,5.0,1,3,0,0,0.0,0.0,0.0,0.0,0,0,39.0,15.556349186104045,0,1,2,0.0,0.5,1
A-2022-12-223,2022-12-31,23:00,ATROPELLO FUGA,1,0,0,PIURA,SULLANA,SULLANA,URBANA,AVENIDA,URBANO,NO CORRESPONDE,-4.904666656939374,-80.70136042978902,DESPEJADO,RURAL,INTERSECCIÓN,PLANA ,ASFALTADA,SI,PREVENTIVA (P),,NO,EN PROCESO DE INVESTIGACIÓN,NO CUENTA CON CAUSA ESPECIFICA,23.0,0,2022.0,12.0,5.0,1,3,0,0,1.0,0.0,0.0,1.0,0,1,29.0,0.0,0,0,2,0.0,0.0,1
A-2022-12-215,2022-12-31,23:15,ATROPELLO FUGA,1,0,0,LIMA,LIMA,ANCON,URBANA,CARRETERA,NACIONAL,PE-1N,-11.7849027,-77.1545913,,,,,,,,,,EN PROCESO DE INVESTIGACIÓN,NO CUENTA CON CAUSA ESPECIFICA,23.0,0,2022.0,12.0,5.0,1,3,0,0,0.0,1.0,1.0,2.0,0,0,0.0,0.0,0,0,2,0.0,0.0,1
A-2022-12-229,2022-12-31,23:15,ATROPELLO FUGA,1,0,0,LIMA,LIMA,ANCON,URBANA,CARRETERA,NACIONAL,PE-1N,-11.783896,-77.155454,DESPEJADO,RURAL,TRAMO RECTO,PLANA ,ASFALTADA,,,,,EN PROCESO DE INVESTIGACIÓN,NO CUENTA CON CAUSA ESPECIFICA,23.0,0,2022.0,12.0,5.0,1,3,0,0,0.0,0.0,0.0,0.0,0,0,36.0,0.0,0,0,2,0.0,0.0,1
A-2023-01-12,2023-01-01,04:00,DESPISTE,1,7,1,ANCASH,HUARI,PONTO,RURAL,CARRETERA,PROVINCIAL,AN-706,-9.34163050225724,-77.0352685109,DESPEJADO,RURAL,CURVA,INCLINADA,TROCHA,,,,,EN PROCESO DE INVESTIGACIÓN,NO CUENTA CON CAUSA ESPECIFICA,4.0,0,2023.0,1.0,6.0,1,0,0,0,0.0,1.0,2.0,3.0,0,0,33.625,9.054399088682963,0,1,8,0.0,0.125,1
A-2023-01-130,2023-01-01,04:30,CHOQUE,1,0,0,LIMA,LIMA,LURIGANCHO,URBANA,CARRETERA,NACIONAL,PE-22,-12.02115428,-76.92843602,DESPEJADO,INDUSTRIAL,TRAMO RECTO,PLANA ,ASFALTADA,,,,,IMPRUDENCIA DEL CONDUCTOR,CONDUCIR EN ESTADO DE EBRIEDAD Y/O DROGADICCIÓN,4.0,0,2023.0,1.0,6.0,1,0,0,0,0.0,0.0,0.0,0.0,0,0,35.0,9.899494936611665,0,2,2,0.0,1.0,1
A-2023-01-26,2023-01-01,05:30,DESPISTE,2,4,1,LA LIBERTAD,GRAN CHIMU,MARMOT,RURAL,CARRETERA,SIN CLASIFICAR,SIN CLASIFICAR,-7.6954995974872,-78.6316271126678,DESPEJADO,RURAL,TRAMO RECTO,PLANA ,AFIRMADO,,,,,IMPRUDENCIA DEL CONDUCTOR,OTRO (IMPRUDENCIA DEL CONDUCTOR),5.0,1,2023.0,1.0,6.0,1,0,0,0,0.0,0.0,1.0,1.0,0,0,37.857142857142854,11.922367933546472,0,0,7,0.0,0.0,1
A-2023-01-20,2023-01-01,06:00,DESPISTE,1,0,1,ICA,ICA,SAN JOSE DE LOS MOLINOS,URBANA,CARRETERA,NACIONAL,PE-1SC,-13.945351,-75.680238,DESPEJADO,RESIDENCIAL,TRAMO RECTO,PLANA ,ASFALTADA,,,,,EN PROCESO DE INVESTIGACIÓN,NO CUENTA CON CAUSA ESPECIFICA,6.0,0,2023.0,1.0,6.0,1,1,0,0,0.0,0.0,0.0,0.0,0,0,30.0,0.0,0,0,1,0.0,0.0,0
A-2023-01-109,2023-01-01,07:10,DESPISTE,1,0,1,MOQUEGUA,ILO,PACOCHA,RURAL,CARRETERA,NACIONAL,PE-1SD,-17.54765,-71.361506,DESPEJADO,RURAL,TRAMO RECTO,PLANA ,ASFALTADA,SI,PREVENTIVA (P),,SI,IMPRUDENCIA DEL CONDUCTOR,FATIGA Y/O CANSANCIO,7.0,0,2023.0,1.0,6.0,1,1,0,0,0.0,0.0,0.0,0.0,0,0,32.0,0.0,0,1,1,0.0,1.0,0
A-2023-01-27,2023-01-01,10:10,CHOQUE,1,0,2,LA LIBERTAD,PACASMAYO,PACASMAYO,RURAL,CARRETERA,NACIONAL,PE-1N,-7.392707921590365,-79.55616788912027,DESPEJADO,RURAL,TRAMO RECTO,PLANA ,ASFALTADA,,,,,EN PROCESO DE INVESTIGACIÓN,NO CUENTA CON CAUSA ESPECIFICA,10.0,0,2023.0,1.0,6.0,1,1,0,0,0.0,0.0,0.0,0.0,0,0,50.0,16.97056274847714,0,1,2,0.0,0.5,0
A-2023-01-131,2023-01-01,10:50,CHOQUE,1,1,0,LIMA,LIMA,CHORRILLOS,URBANA,AVENIDA,URBANO,NO CORRESPONDE,-12.18744311,-76.995348,DESPEJADO,RESIDENCIAL,INTERSECCIÓN,PLANA ,ASFALTADA,,,,,IMPRUDENCIA DEL CONDUCTOR,OTRO (IMPRUDENCIA DEL CONDUCTOR),10.0,0,2023.0,1.0,6.0,1,1,0,0,1.0,0.0,0.0,1.0,0,0,47.666666666666664,14.57166199626293,0,1,3,0.0,0.333,0
A-2023-01-28,2023-01-01,13:00,CHOQUE FUGA,1,0,1,LA LIBERTAD,TRUJILLO,HUANCHACO,URBANA,CARRETERA,NACIONAL,PE-1N,-8.086548612579318,-79.09628712208378,DESPEJADO,INDUSTRIAL,ÓVALO,INCLINADA,ASFALTADA,,,,,EN PROCESO DE INVESTIGACIÓN,NO CUENTA CON CAUSA ESPECIFICA,13.0,0,2023.0,1.0,6.0,1,2,0,0,0.0,1.0,0.0,1.0,0,0,20.0,1.4142135623730951,0,0,3,0.0,0.0,0
A-2023-01-32,2023-01-01,14:50,ATROPELLO,1,0,1,CUSCO,ANTA,ANTA,RURAL,CARRETERA,NACIONAL,PE-3S,-13.485952609764276,-72.16745477434834,DESPEJADO,RURAL,TRAMO RECTO,PLANA ,ASFALTADA,,,,,IMPRUDENCIA DEL CONDUCTOR,EXCESO DE VELOCIDAD,14.0,0,2023.0,1.0,6.0,1,2,0,1,0.0,0.0,0.0,0.0,0,0,19.0,2.8284271247461903,0,0,2,0.0,0.0,0
A-2023-01-7,2023-01-01,18:30,DESPISTE,1,1,1,PUNO,CHUCUITO,DESAGUADERO,RURAL,CARRETERA,SIN CLASIFICAR,SIN CLASIFICAR,-16.640263,-69.105227,DESPEJADO,RURAL,TRAMO RECTO,PLANA ,TROCHA,,,,,IMPRUDENCIA DEL CONDUCTOR,CONDUCIR EN ESTADO DE EBRIEDAD Y/O DROGADICCIÓN,18.0,0,2023.0,1.0,6.0,1,3,0,1,0.0,0.0,2.0,2.0,0,0,36.0,4.242640687119285,0,0,2,0.0,0.0,1
A-2023-01-9,2023-01-01,19:00,ATROPELLO FUGA,1,0,0,PUNO,YUNGUYO,YUNGUYO,URBANA,CALLE,URBANO,NO CORRESPONDE,-16.30571841773991,-69.07482239581564,DESPEJADO,RURAL,TRAMO RECTO,PLANA ,TROCHA,,,,,IMPRUDENCIA DEL CONDUCTOR,OTRO (IMPRUDENCIA DEL CONDUCTOR),19.0,0,2023.0,1.0,6.0,1,3,0,1,2.0,0.0,2.0,4.0,0,0,72.0,0.0,0,0,2,0.0,0.0,1
A-2023-01-8,2023-01-01,19:35,DESPISTE,1,0,1,PUNO,YUNGUYO,YUNGUYO,RURAL,CARRETERA,DEPARTAMENTAL,PU-130,-16.28830931265595,-69.0744135791099,DESPEJADO,RURAL,TRAMO RECTO,PLANA ,ASFALTADA,,,,,IMPRUDENCIA DEL CONDUCTOR,OTRO (IMPRUDENCIA DEL CONDUCTOR),19.0,0,2023.0,1.0,6.0,1,3,0,1,0.0,0.0,0.0,0.0,0,0,40.0,0.0,0,0,1,0.0,0.0,1
A-2023-01-6,2023-01-01,22:09,CHOQUE,1,3,2,PUNO,PUNO,PAUCARCOLLA,RURAL,CARRETERA,NACIONAL,PE-3S,-15.755179,-70.051617,DESPEJADO,RURAL,CURVA,PLANA ,ASFALTADA,,,,,IMPRUDENCIA DEL CONDUCTOR,CONDUCIR EN ESTADO DE EBRIEDAD Y/O DROGADICCIÓN,22.0,0,2023.0,1.0,6.0,1,3,0,1,0.0,0.0,0.0,0.0,0,0,33.0,8.18535277187245,0,1,4,0.0,0.25,1
A-2023-01-120,2023-01-01,22:58,CHOQUE,1,0,2,ANCASH,SANTA,COISHCO,URBANA,CARRETERA,NACIONAL,PE-1N,-9.019175,-78.616854,DESPEJADO,RURAL,TRAMO RECTO,PLANA ,CONCRETO,,,,,IMPRUDENCIA DEL CONDUCTOR,INVASIÓN DE CARRIL,22.0,0,2023.0,1.0,6.0,1,3,0,0,0.0,0.0,0.0,0.0,0,0,36.5,10.606601717798213,1,2,2,0.5,1.0,1
A-2023-01-157,2023-01-02,00:50,ATROPELLO FUGA,1,0,0,LIMA,LIMA,RIMAC,URBANA,CARRETERA,NACIONAL,PE-1N,-12.040883004231532,-77.03392535182245,DESPEJADO,COMERCIAL,TRAMO RECTO,PLANA ,ASFALTADA,,,,,IMPRUDENCIA DEL CONDUCTOR,OTRO (IMPRUDENCIA DEL CONDUCTOR),0.0,0,2023.0,1.0,0.0,0,0,0,0,0.0,0.0,0.0,0.0,0,0,66.0,0.0,0,0,2,0.0,0.0,1
A-2023-01-132,2023-01-02,03:30,ATROPELLO,1,0,0,LIMA,LIMA,SAN JUAN DE MIRAFLORES,URBANA,CARRETERA,NACIONAL,PE-1S,-12.162271,-76.981829,DESPEJADO,COMERCIAL,TRAMO RECTO,PLANA ,ASFALTADA,,,,,IMPRUDENCIA DEL PEATÓN,CRUCE INDEBIDO POR LA CALZADA,3.0,0,2023.0,1.0,0.0,0,0,0,0,0.0,0.0,0.0,0.0,0,0,38.0,18.384776310850235,0,1,2,0.0,0.5,1
A-2023-01-136,2023-01-02,04:10,CHOQUE,1,0,0,LIMA,LIMA,PUENTE PIEDRA,URBANA,CARRETERA,NACIONAL,PE-1N,-11.856181,-77.085165,DESPEJADO,COMERCIAL,TRAMO RECTO,PLANA ,ASFALTADA,,,,,IMPRUDENCIA DEL CONDUCTOR,OTRO (IMPRUDENCIA DEL CONDUCTOR),4.0,0,2023.0,1.0,0.0,0,0,0,0,0.0,0.0,0.0,0.0,0,0,33.5,3.5355339059327378,0,1,2,0.0,0.5,1