CODIGO_SINIESTRO,FECHA_SINIESTRO,HORA_SINIESTRO,CLASE_SINIESTRO,CANTIDAD_FALLECIDOS,CANTIDAD_LESIONADOS,CANTIDAD_VEHICULOS,DEPARTAMENTO,PROVINCIA,DISTRITO,ZONA,TIPO_VIA,RED_VIAL,COD_CARRETERA,LATITUD,LONGITUD,CONDICION_CLIMATICA,ZONIFICACION,CARACTERISTICAS_VIA,PERFIL_VIA,SUPERFICIE_CALZADA,EXISTE_SENIAL_VERTICAL,CLASIFICACION_SENIAL_VERTICAL_1,CLASIFICACION_SENIAL_VERTICAL_2,EXISTE_SENIAL_HORIZONTAL,CAUSA_FACTOR_PRINCIPAL,CAUSA_ESPECIFICA,HORA,severidad,ANIO,MES,DIA_SEMANA,FIN_SEMANA,FRANJA_HORARIA,TEMPORADA,MACROREGION,TIPO_VIA_SCORE,PERFIL_VIA_SCORE,SUPERFICIE_CALZADA_SCORE,RIESGO_INFRAESTRUCTURA,RIESGO_CLIMATICO,SENIALIZACION_DEFICIENTE,EDAD_PROMEDIO,EDAD_STD,TOTAL_ALCOHOL,TOTAL_LICENCIA,TOTAL_PERSONAS,PCT_ALCOHOL,PCT_LICENCIA,ES_NOCHE
A-2023-01-1,2023-01-02,05:30,CHOQUE FUGA,1,0,1,HUANUCO,LEONCIO PRADO,JOSE CRESPO Y CASTILLO,RURAL,CARRETERA,NACIONAL,PE-5N,-8.908303,-76.093992,DESPEJADO,RURAL,TRAMO RECTO,PLANA ,ASFALTADA,SI,REGULADORA (R),,SI,EN PROCESO DE INVESTIGACIÓN,NO CUENTA CON CAUSA ESPECIFICA,5.0,0,2023.0,1.0,0.0,0,0,0,1,0.0,0.0,0.0,0.0,0,0,32.0,0.0,0,0,2,0.0,0.0,1
A-2023-01-5,2023-01-02,12:30,CHOQUE,1,0,2,TACNA,TACNA,LA YARADA LOS PALOS,RURAL,CARRETERA,NACIONAL,PE-1SD,-18.118923,-70.375177,DESPEJADO,RURAL,TRAMO RECTO,PLANA ,ASFALTADA,,,,,IMPRUDENCIA DEL CONDUCTOR,CONDUCIR EN ESTADO DE EBRIEDAD Y/O DROGADICCIÓN,12.0,0,2023.0,1.0,0.0,0,2,0,0,0.0,0.0,0.0,0.0,0,0,31.0,4.242640687119285,0,1,2,0.0,0.5,0
A-2023-01-3,2023-01-02,14:10,CHOQUE,1,0,2,HUANUCO,LEONCIO PRADO,RUPA-RUPA,URBANA,JIRÓN,URBANO,NO CORRESPONDE,-9.303110794197345,-76.00091655326621,DESPEJADO,COMERCIAL,INTERSECCIÓN,PLANA ,CONCRETO,NO,,,SI,IMPRUDENCIA DEL CONDUCTOR,OTRO (IMPRUDENCIA DEL CONDUCTOR),14.0,0,2023.0,1.0,0.0,0,2,0,1,1.0,0.0,0.0,1.0,0,1,56.0,14.142135623730951,0,1,2,0.0,0.5,0
A-2023-01-2,2023-01-02,14:30,CHOQUE,1,0,2,HUANUCO,MARAÑON,CHOLON,RURAL,CARRETERA,NACIONAL,PE-12A,-8.611078754179244,-76.62656868189325,DESPEJADO,RURAL,CURVA,INCLINADA,AFIRMADO,,,,,EN PROCESO DE INVESTIGACIÓN,NO CUENTA CON CAUSA ESPECIFICA,14.0,0,2023.0,1.0,0.0,0,2,0,1,0.0,1.0,1.0,2.0,0,0,29.0,8.48528137423857,0,1,2,0.0,0.5,0
A-2023-01-69,2023-01-02,19:00,CHOQUE,1,3,2,CUSCO,CANAS,LAYO,RURAL,CARRETERA,NACIONAL,PE-3S,-14.45243,-71.07294,DESPEJADO,RURAL,TRAMO RECTO,PLANA ,ASFALTADA,SI,PREVENTIVA (P),,SI,IMPRUDENCIA DEL CONDUCTOR,EXCESO DE VELOCIDAD,19.0,0,2023.0,1.0,0.0,0,3,0,1,0.0,0.0,0.0,0.0,0,0,34.0,12.274635093014645,0,2,5,0.0,0.4,1
A-2023-01-30,2023-01-02,19:20,CHOQUE,1,1,2,CUSCO,URUBAMBA,YUCAY,RURAL,CARRETERA,NACIONAL,PE-28B,-13.329805040296536,-72.07244714749359,DESPEJADO,RURAL,TRAMO RECTO,PLANA ,ASFALTADA,,,,,IMPRUDENCIA DEL CONDUCTOR,OTRO (IMPRUDENCIA DEL CONDUCTOR),19.0,0,2023.0,1.0,0.0,0,3,0,1,0.0,0.0,0.0,0.0,0,0,18.0,9.345230512584124,0,1,4,0.0,0.25,1
A-2023-01-29,2023-01-03,05:30,ATROPELLO,1,0,2,LA LIBERTAD,TRUJILLO,HUANCHACO,RURAL,CARRETERA,SIN CLASIFICAR,SIN CLASIFICAR,-8.009822,-79.048239,DESPEJADO,COMERCIAL,TRAMO RECTO,PLANA ,CONCRETO,,,,,IMPRUDENCIA DEL CONDUCTOR,OTRO (IMPRUDENCIA DEL CONDUCTOR),5.0,0,2023.0,1.0,1.0,0,0,0,0,0.0,0.0,0.0,0.0,0,0,44.0,10.14889156509222,0,1,3,0.0,0.333,1
A-2023-01-133,2023-01-03,11:00,ATROPELLO,1,0,0,LIMA,LIMA,COMAS,URBANA,JIRÓN,URBANO,NO CORRESPONDE,-11.93560076,-77.05045653,DESPEJADO,RESIDENCIAL,TRAMO RECTO,PLANA ,ASFALTADA,NO,,,SI,IMPRUDENCIA DEL PEATÓN,OTRO (IMPRUDENCIA DEL PEATÓN),11.0,0,2023.0,1.0,1.0,0,1,0,0,1.0,0.0,0.0,1.0,0,1,28.5,36.062445840513924,0,1,2,0.0,0.5,0
A-2023-01-134,2023-01-04,04:30,CHOQUE,1,0,0,LIMA,LIMA,SANTIAGO DE SURCO,URBANA,CARRETERA,NACIONAL,PE-1S,-12.131482,-76.978481,DESPEJADO,COMERCIAL,TRAMO RECTO,PLANA ,ASFALTADA,,,,,IMPRUDENCIA DEL CONDUCTOR,OTRO (IMPRUDENCIA DEL CONDUCTOR),4.0,0,2023.0,1.0,2.0,0,0,0,0,0.0,0.0,0.0,0.0,0,0,33.5,17.67766952966369,0,2,2,0.0,1.0,1
A-2023-01-115,2023-01-04,11:30,CAÍDA DE PASAJERO,1,0,0,PIURA,PIURA,LA ARENA,URBANA,CARRETERA,PROVINCIAL,PI-1011,-5.3148116,-80.713105,DESPEJADO,RURAL,TRAMO RECTO,PLANA ,ASFALTADA,,,,,IMPRUDENCIA DEL CONDUCTOR,OTRO (IMPRUDENCIA DEL CONDUCTOR),11.0,0,2023.0,1.0,2.0,0,1,0,0,0.0,0.0,0.0,0.0,0,0,43.5,14.849242404917497,0,1,2,0.0,0.5,0
A-2023-01-4,2023-01-04,17:30,ATROPELLO,1,0,1,HUANUCO,LEONCIO PRADO,PUEBLO NUEVO,RURAL,CARRETERA,NACIONAL,PE-5N,-9.089441171810178,-76.0609985078864,DESPEJADO,RURAL,TRAMO RECTO,PLANA ,ASFALTADA,,,,,EN PROCESO DE INVESTIGACIÓN,NO CUENTA CON CAUSA ESPECIFICA,17.0,0,2023.0,1.0,2.0,0,2,0,1,0.0,0.0,0.0,0.0,0,0,22.0,21.213203435596427,0,0,2,0.0,0.0,0
A-2023-01-18,2023-01-04,19:00,DESPISTE,1,0,1,HUANCAVELICA,ANGARAES,LIRCAY,RURAL,CARRETERA,DEPARTAMENTAL,HV-116,-13.0339453612334,-74.7998877037061,DESPEJADO,RURAL,TRAMO RECTO,INCLINADA,AFIRMADO,,,,,EN PROCESO DE INVESTIGACIÓN,NO CUENTA CON CAUSA ESPECIFICA,19.0,0,2023.0,1.0,2.0,0,3,0,1,0.0,1.0,1.0,2.0,0,0,0.0,0.0,0,0,1,0.0,0.0,1
A-2023-01-116,2023-01-04,21:10,DESPISTE,1,0,1,PIURA,PIURA,PIURA,URBANA,AVENIDA,URBANO,NO CORRESPONDE,-5.181645,-80.640006,DESPEJADO,COMERCIAL,INTERSECCIÓN,PLANA ,ASFALTADA,,,,,IMPRUDENCIA DEL CONDUCTOR,CONDUCIR EN ESTADO DE EBRIEDAD Y/O DROGADICCIÓN,21.0,0,2023.0,1.0,2.0,0,3,0,0,1.0,0.0,0.0,1.0,0,0,46.0,0.0,1,1,1,1.0,1.0,1
A-2023-01-61,2023-01-05,20:44,ATROPELLO FUGA,1,0,0,JUNIN,HUANCAYO,SAÑO,URBANA,CARRETERA,NACIONAL,PE-3S,-11.96927,-75.269729,DESPEJADO,COMERCIAL,TRAMO RECTO,INCLINADA,ASFALTADA,,,,,IMPRUDENCIA DEL PEATÓN,ESTADO DE EBRIEDAD Y/O DROGADICCIÓN,20.0,0,2023.0,1.0,3.0,0,3,0,1,0.0,1.0,0.0,1.0,0,0,55.0,0.0,0,0,2,0.0,0.0,1
A-2023-01-353,2023-01-06,07:30,ATROPELLO,1,0,1,LIMA,BARRANCA,SUPE PUERTO,URBANA,CARRETERA,NACIONAL,PE-1N,-10.77952196,-77.71843618,DESPEJADO,INDUSTRIAL,TRAMO RECTO,PLANA ,ASFALTADA,,,,,IMPRUDENCIA DEL CONDUCTOR,OTRO (IMPRUDENCIA DEL CONDUCTOR),7.0,0,2023.0,1.0,4.0,0,1,0,0,0.0,0.0,0.0,0.0,0,0,72.5,13.435028842544403,0,1,2,0.0,0.5,0
A-2023-01-77,2023-01-06,20:00,CHOQUE CON OBJETO FIJO,1,2,5,CAJAMARCA,SAN IGNACIO,SAN IGNACIO,URBANA,AVENIDA,URBANO,NO CORRESPONDE,-5.14076333,-78.999626167,SOLEADO,RESIDENCIAL,TRAMO RECTO,INCLINADA,ASFALTADA,,,,,NEGLIGENCIA DEL CONDUCTOR,CONDUCIR CON FALLAS DE FRENOS,20.0,0,2023.0,1.0,4.0,0,3,0,1,1.0,1.0,0.0,2.0,0,0,31.5,11.387127235025815,0,0,8,0.0,0.0,1
A-2023-01-347,2023-01-07,04:40,ATROPELLO,1,0,0,LIMA,LIMA,CARABAYLLO,URBANA,AVENIDA,URBANO,NO CORRESPONDE,-11.89564768,-77.02957181,DESPEJADO,COMERCIAL,INTERSECCIÓN,INCLINADA,ASFALTADA,,,,,IMPRUDENCIA DEL CONDUCTOR,OTRO (IMPRUDENCIA DEL CONDUCTOR),4.0,0,2023.0,1.0,5.0,1,0,0,0,1.0,1.0,0.0,2.0,0,0,67.5,14.849242404917497,0,1,2,0.0,0.5,1
A-2023-01-119,2023-01-07,06:15,ATROPELLO,1,0,1,PIURA,PIURA,CATACAOS,URBANA,CARRETERA,NACIONAL,PE-1NK,-5.243447,-80.649673,DESPEJADO,COMERCIAL,TRAMO RECTO,PLANA ,ASFALTADA,,,,,IMPRUDENCIA DEL CONDUCTOR,INVASIÓN DE CARRIL,6.0,0,2023.0,1.0,5.0,1,1,0,0,0.0,0.0,0.0,0.0,0,0,50.5,26.16295090390226,0,0,2,0.0,0.0,0
A-2023-01-34,2023-01-07,14:00,DESPISTE,7,3,1,ANCASH,SIHUAS,SIHUAS,RURAL,CARRETERA,NACIONAL,PE-12A,-8.555527568174606,-77.63024466024649,DESPEJADO,RURAL,CURVA,PLANA ,ASFALTADA,,,,,EN PROCESO DE INVESTIGACIÓN,NO CUENTA CON CAUSA ESPECIFICA,14.0,2,2023.0,1.0,5.0,1,2,0,0,0.0,0.0,0.0,0.0,0,0,39.7,10.719141756689293,0,1,10,0.0,0.1,0
A-2023-01-76,2023-01-07,20:00,CHOQUE,1,0,2,CAJAMARCA,CAJAMARCA,LLACANORA,RURAL,CARRETERA,NACIONAL,PE-3N,-7.207936,-78.393538,DESPEJADO,RURAL,CURVA,INCLINADA,ASFALTADA,SI,REGULADORA (R),PREVENTIVA (P),SI,EN PROCESO DE INVESTIGACIÓN,NO CUENTA CON CAUSA ESPECIFICA,20.0,0,2023.0,1.0,5.0,1,3,0,1,0.0,1.0,0.0,1.0,0,0,35.5,9.192388155425117,0,0,2,0.0,0.0,1
A-2023-01-10,2023-01-08,07:10,CHOQUE,1,0,2,PUNO,PUNO,PUNO,URBANA,JIRÓN,URBANO,NO CORRESPONDE,-15.8463798,-70.0233266,DESPEJADO,COMERCIAL,OTRO,PLANA ,ASFALTADA,,,,,IMPRUDENCIA DEL CONDUCTOR,OTRO (IMPRUDENCIA DEL CONDUCTOR),7.0,0,2023.0,1.0,6.0,1,1,0,1,1.0,0.0,0.0,1.0,0,0,55.5,16.263455967290593,0,1,2,0.0,0.5,0
A-2023-01-135,2023-01-08,10:00,ATROPELLO,1,1,0,LIMA,LIMA,CIENEGUILLA,URBANA,AVENIDA,URBANO,NO CORRESPONDE,-12.08735903,-76.86337844,DESPEJADO,COMERCIAL,TRAMO RECTO,PLANA ,ASFALTADA,,,,,EN PROCESO DE INVESTIGACIÓN,NO CUENTA CON CAUSA ESPECIFICA,10.0,0,2023.0,1.0,6.0,1,1,0,0,1.0,0.0,0.0,1.0,0,0,20.333333333333332,15.50268793897798,0,1,3,0.0,0.333,0
A-2023-01-38,2023-01-08,10:50,CHOQUE,1,0,2,LA LIBERTAD,PACASMAYO,PACASMAYO,URBANA,AVENIDA,URBANO,NO CORRESPONDE,-7.412962230806217,-79.56325653905785,DESPEJADO,COMERCIAL,INTERSECCIÓN,PLANA ,ASFALTADA,,,,,IMPRUDENCIA DEL CONDUCTOR,EXCESO DE VELOCIDAD,10.0,0,2023.0,1.0,6.0,1,1,0,0,1.0,0.0,0.0,1.0,0,0,19.666666666666668,16.041612554021285,0,1,3,0.0,0.333,0
A-2023-01-14,2023-01-08,15:05,VOLCADURA,1,0,1,AREQUIPA,ISLAY,ISLAY,RURAL,CARRETERA,NACIONAL,PE-34,-16.963416,-72.056223,DESPEJADO,RURAL,CURVA,PLANA ,ASFALTADA,NO,,,SI,EN PROCESO DE INVESTIGACIÓN,NO CUENTA CON CAUSA ESPECIFICA,15.0,0,2023.0,1.0,6.0,1,2,0,0,0.0,0.0,0.0,0.0,0,1,29.0,0.0,0,1,1,0.0,1.0,0
A-2023-01-40,2023-01-08,18:00,DESPISTE,1,5,1,LA LIBERTAD,ASCOPE,CHOCOPE,RURAL,CARRETERA,NACIONAL,PE-1N,-7.7883674,-79.2343937,DESPEJADO,RURAL,TRAMO RECTO,PLANA ,ASFALTADA,,,,,EN PROCESO DE INVESTIGACIÓN,NO CUENTA CON CAUSA ESPECIFICA,18.0,0,2023.0,1.0,6.0,1,3,0,0,0.0,0.0,0.0,0.0,0,0,22.714285714285715,20.758245636487732,0,1,7,0.0,0.143,1
A-2023-01-354,2023-01-10,06:30,DESPISTE,1,2,0,JUNIN,CHANCHAMAYO,PERENE,RURAL,CARRETERA,NACIONAL,PE-5S,-10.9322421968806,-75.1413398635242,,,,,,,,,,EN PROCESO DE INVESTIGACIÓN,NO CUENTA CON CAUSA ESPECIFICA,6.0,0,2023.0,1.0,1.0,0,1,0,1,0.0,1.0,1.0,2.0,0,0,33.25,15.129992289048486,0,0,4,0.0,0.0,0
A-2023-01-88,2023-01-10,07:30,CHOQUE,1,0,2,LAMBAYEQUE,CHICLAYO,TUMAN,RURAL,CARRETERA,PROVINCIAL,LA-760,-6.7847904,-79.6857552,DESPEJADO,RURAL,TRAMO RECTO,PLANA ,ASFALTADA,,,,,EN PROCESO DE INVESTIGACIÓN,NO CUENTA CON CAUSA ESPECIFICA,7.0,0,2023.0,1.0,1.0,0,1,0,0,0.0,0.0,0.0,0.0,0,0,37.5,21.920310216782973,0,1,2,0.0,0.5,0
A-2023-01-101,2023-01-10,08:00,DESPISTE,1,3,1,JUNIN,YAULI,MOROCOCHA,RURAL,CARRETERA,NACIONAL,PE-22,-11.5905703206316,-76.0732114912677,DESPEJADO,RURAL,TRAMO RECTO,INCLINADA,ASFALTADA,SI,REGULADORA (R),PREVENTIVA (P),SI,EN PROCESO DE INVESTIGACIÓN,NO CUENTA CON CAUSA ESPECIFICA,8.0,0,2023.0,1.0,1.0,0,1,0,1,0.0,1.0,0.0,1.0,0,0,35.5,21.517434791350013,0,1,4,0.0,0.25,0
A-2023-01-55,2023-01-11,01:50,ATROPELLO FUGA,1,0,0,AREQUIPA,AREQUIPA,CERRO COLORADO,URBANA,CARRETERA,NACIONAL,PE-34A,-16.34020780458742,-71.58874609128446,DESPEJADO,COMERCIAL,PUENTE,PLANA ,ASFALTADA,NO,,,SI,EN PROCESO DE INVESTIGACIÓN,NO CUENTA CON CAUSA ESPECIFICA,1.0,0,2023.0,1.0,2.0,0,0,0,0,0.0,0.0,0.0,0.0,0,1,22.0,0.0,0,0,2,0.0,0.0,1
A-2023-01-41,2023-01-11,02:30,DESPISTE,1,0,1,LA LIBERTAD,VIRU,VIRU,URBANA,CARRETERA,PROVINCIAL,LI-1150,-8.421435,-78.77558,DESPEJADO,COMERCIAL,TRAMO RECTO,PLANA ,ASFALTADA,,,,,IMPRUDENCIA DEL CONDUCTOR,OTRO (IMPRUDENCIA DEL CONDUCTOR),2.0,0,2023.0,1.0,2.0,0,0,0,0,0.0,0.0,0.0,0.0,0,0,22.0,5.656854249492381,0,0,2,0.0,0.0,1
A-2023-01-67,2023-01-11,19:00,CHOQUE,1,1,2,CUSCO,PAUCARTAMBO,KOSÑIPATA,RURAL,CARRETERA,DEPARTAMENTAL,CU-111,-12.97808,-71.46652,DESPEJADO,RURAL,TRAMO RECTO,PLANA ,AFIRMADO,,,,,IMPRUDENCIA DEL CONDUCTOR,CONDUCIR EN ESTADO DE EBRIEDAD Y/O DROGADICCIÓN,19.0,0,2023.0,1.0,2.0,0,3,0,1,0.0,0.0,1.0,1.0,0,0,61.0,0.0,0,0,2,0.0,0.0,1
A-2023-01-93,2023-01-11,20:00,CHOQUE,1,2,2,CAJAMARCA,JAEN,BELLAVISTA,RURAL,CARRETERA,NACIONAL,PE-5N,-5.54959636459341,-78.810569156061,DESPEJADO,RURAL,TRAMO RECTO,PLANA ,ASFALTADA,,,,,EN PROCESO DE INVESTIGACIÓN,NO CUENTA CON CAUSA ESPECIFICA,20.0,0,2023.0,1.0,2.0,0,3,0,1,0.0,0.0,0.0,0.0,0,0,31.0,0.0,0,1,4,0.0,0.25,1
A-2023-01-137,2023-01-12,04:45,CHOQUE,1,0,0,LIMA,LIMA,LIMA,URBANA,AVENIDA,URBANO,NO CORRESPONDE,-12.07950923,-77.03402284,DESPEJADO,COMERCIAL,INTERSECCIÓN,PLANA ,ASFALTADA,SI,INFORMATIVA (I),REGULADORA (R),SI,NEGLIGENCIA DEL CONDUCTOR,OTRO (NEGLIGENCIA DEL CONDUCTOR),4.0,0,2023.0,1.0,3.0,0,0,0,0,1.0,0.0,0.0,1.0,0,0,39.0,1.4142135623730951,0,1,2,0.0,0.5,1
A-2023-01-19,2023-01-12,04:45,DESPISTE,2,1,1,HUANUCO,LEONCIO PRADO,JOSE CRESPO Y CASTILLO,RURAL,CARRETERA,NACIONAL,PE-5N,-8.861548183357028,-76.1040314029657,DESPEJADO,RURAL,CURVA,PLANA ,ASFALTADA,SI,PREVENTIVA (P),,SI,EN PROCESO DE INVESTIGACIÓN,NO CUENTA CON CAUSA ESPECIFICA,4.0,1,2023.0,1.0,3.0,0,0,0,1,0.0,0.0,0.0,0.0,0,0,33.0,8.888194417315589,0,1,3,0.0,0.333,1
A-2023-01-125,2023-01-12,15:15,ATROPELLO,1,0,1,ICA,CHINCHA,PUEBLO NUEVO,URBANA,AVENIDA,URBANO,NO CORRESPONDE,-13.407661,-76.131825,DESPEJADO,RESIDENCIAL,INTERSECCIÓN,PLANA ,ASFALTADA,SI,INFORMATIVA (I),,NO,IMPRUDENCIA DEL CONDUCTOR,NO ESTABLECER EL DERECHO DE PASO,15.0,0,2023.0,1.0,3.0,0,2,0,0,1.0,0.0,0.0,1.0,0,1,54.5,40.30508652763321,0,1,2,0.0,0.5,0
A-2023-01-111,2023-01-12,17:00,ATROPELLO,1,0,0,HUANUCO,HUANUCO,AMARILIS,URBANA,CARRETERA,NACIONAL,PE-18A,-9.944877832863565,-76.24018227990604,DESPEJADO,COMERCIAL,TRAMO RECTO,PLANA ,ASFALTADA,,,,,IMPRUDENCIA DEL CONDUCTOR,EXCESO DE VELOCIDAD,17.0,0,2023.0,1.0,3.0,0,2,0,1,0.0,0.0,0.0,0.0,0,0,33.5,20.506096654409877,0,0,2,0.0,0.0,0
A-2023-01-74,2023-01-12,17:30,DESPISTE,1,0,1,JUNIN,CONCEPCION,SAN JOSE DE QUERO,RURAL,CARRETERA,PROVINCIAL,JU-787,-12.108402,-75.630951,NUBLADO,RURAL,CURVA,PLANA ,AFIRMADO,,,,,NEGLIGENCIA DEL CONDUCTOR,OTRO (NEGLIGENCIA DEL CONDUCTOR),17.0,0,2023.0,1.0,3.0,0,2,0,1,0.0,0.0,1.0,1.0,0,0,50.0,0.0,0,1,1,0.0,1.0,0
A-2023-01-124,2023-01-12,22:30,CHOQUE,4,5,3,PIURA,PIURA,EL TALLAN,URBANA,CARRETERA,NACIONAL,PE-1N,-5.45404133454041,-80.6067177147605,DESPEJADO,RURAL,TRAMO RECTO,PLANA ,ASFALTADA,SI,REGULADORA (R),REGULADORA (R),NO,IMPRUDENCIA DEL CONDUCTOR,EXCESO DE VELOCIDAD,22.0,2,2023.0,1.0,3.0,0,3,0,0,0.0,0.0,0.0,0.0,0,1,40.1,17.14286375661248,0,2,10,0.0,0.2,1
A-2023-01-92,2023-01-13,05:30,ATROPELLO,1,0,0,LAMBAYEQUE,LAMBAYEQUE,OLMOS,RURAL,OTRO,URBANO,NO CORRESPONDE,-5.9871619,-79.7457048,DESPEJADO,COMERCIAL,TRAMO RECTO,PLANA ,ASFALTADA,,,,,EN PROCESO DE INVESTIGACIÓN,NO CUENTA CON CAUSA ESPECIFICA,5.0,0,2023.0,1.0,4.0,0,0,0,0,2.0,0.0,0.0,2.0,0,0,33.0,1.0,0,2,3,0.0,0.667,1
A-2023-01-348,2023-01-13,06:00,CHOQUE,1,0,0,LIMA,LIMA,LOS OLIVOS,URBANA,AVENIDA,URBANO,NO CORRESPONDE,-11.98325181,-77.07839425,DESPEJADO,COMERCIAL,INTERSECCIÓN,PLANA ,ASFALTADA,SI,PREVENTIVA (P),PREVENTIVA (P),SI,IMPRUDENCIA DEL CONDUCTOR,OTRO (IMPRUDENCIA DEL CONDUCTOR),6.0,0,2023.0,1.0,4.0,0,1,0,0,1.0,0.0,0.0,1.0,0,0,53.5,13.435028842544403,0,2,2,0.0,1.0,0
A-2023-01-78,2023-01-13,19:40,CHOQUE,1,2,2,CAJAMARCA,CAJAMARCA,LLACANORA,RURAL,CARRETERA,PROVINCIAL,CA-1459,-7.211734,-78.440499,DESPEJADO,RURAL,TRAMO RECTO,PLANA ,ASFALTADA,NO,,,SI,EN PROCESO DE INVESTIGACIÓN,NO CUENTA CON CAUSA ESPECIFICA,19.0,0,2023.0,1.0,4.0,0,3,0,1,0.0,0.0,0.0,0.0,0,1,31.0,16.822603841260722,0,0,3,0.0,0.0,1
A-2023-01-112,2023-01-13,19:45,ATROPELLO,1,0,0,HUANUCO,HUANUCO,CHINCHAO,RURAL,CARRETERA,NACIONAL,PE-18A,-9.630918,-76.06591,DESPEJADO,RURAL,CURVA,INCLINADA,ASFALTADA,,,,,IMPRUDENCIA DEL CONDUCTOR,EXCESO DE VELOCIDAD,19.0,0,2023.0,1.0,4.0,0,3,0,1,0.0,1.0,0.0,1.0,0,0,71.0,7.0710678118654755,0,0,2,0.0,0.0,1
A-2023-01-138,2023-01-14,01:15,DESPISTE,1,0,0,LIMA,LIMA,COMAS,URBANA,AVENIDA,URBANO,NO CORRESPONDE,-11.91191856,-77.03862173,DESPEJADO,COMERCIAL,TRAMO RECTO,PLANA ,ASFALTADA,,,,,IMPRUDENCIA DEL CONDUCTOR,CONDUCIR EN ESTADO DE EBRIEDAD Y/O DROGADICCIÓN,1.0,0,2023.0,1.0,5.0,1,0,0,0,1.0,0.0,0.0,1.0,0,0,46.0,0.0,0,0,1,0.0,0.0,1
A-2023-01-70,2023-01-14,01:40,ATROPELLO,1,0,1,LIMA,HUAURA,VEGUETA,RURAL,CARRETERA,NACIONAL,PE-1N,-11.00132,-77.61942,DESPEJADO,RURAL,TRAMO RECTO,PLANA ,ASFALTADA,SI,REGULADORA (R),,NO,IMPRUDENCIA DEL PEATÓN,CRUCE INDEBIDO POR LA CALZADA,1.0,0,2023.0,1.0,5.0,1,0,0,0,0.0,0.0,0.0,0.0,0,1,65.5,24.748737341529164,0,1,2,0.0,0.5,1
A-2023-01-16,2023-01-14,05:00,DESPISTE,1,0,1,PUNO,PUNO,PUNO,RURAL,CARRETERA,PROVINCIAL,AR-724,-15.878851357965784,-70.00608987179244,DESPEJADO,RURAL,TRAMO RECTO,INCLINADA,TROCHA,,,,,IMPRUDENCIA DEL CONDUCTOR,OTRO (IMPRUDENCIA DEL CONDUCTOR),5.0,0,2023.0,1.0,5.0,1,0,0,1,0.0,1.0,2.0,3.0,0,0,47.0,0.0,0,1,1,0.0,1.0,1
A-2023-01-58,2023-01-14,05:30,CHOQUE,1,0,2,AREQUIPA,AREQUIPA,CERRO COLORADO,URBANA,CARRETERA,NACIONAL,PE-34A,-16.346681,-71.581686,DESPEJADO,COMERCIAL,TRAMO RECTO,INCLINADA,ASFALTADA,NO,,,SI,EN PROCESO DE INVESTIGACIÓN,NO CUENTA CON CAUSA ESPECIFICA,5.0,0,2023.0,1.0,5.0,1,0,0,0,0.0,1.0,0.0,1.0,0,1,46.333333333333336,18.876793513023692,0,1,3,0.0,0.333,1
A-2023-01-90,2023-01-14,06:20,CHOQUE,1,0,2,LAMBAYEQUE,CHICLAYO,CHICLAYO,URBANA,AVENIDA,URBANO,NO CORRESPONDE,-6.7879366,-79.870403,SOLEADO,RESIDENCIAL,TRAMO RECTO,PLANA ,ASFALTADA,,,,,EN PROCESO DE INVESTIGACIÓN,NO CUENTA CON CAUSA ESPECIFICA,6.0,0,2023.0,1.0,5.0,1,1,0,0,1.0,0.0,0.0,1.0,0,0,42.5,10.606601717798213,0,1,2,0.0,0.5,0
A-2023-01-80,2023-01-15,01:00,DESPISTE,1,0,1,CAJAMARCA,SAN MIGUEL,SAN GREGORIO,RURAL,CARRETERA,DEPARTAMENTAL,CA-100,-7.053936,-79.093398,SOLEADO,RURAL,CURVA,INCLINADA,AFIRMADO,,,,,IMPRUDENCIA DEL CONDUCTOR,EXCESO DE VELOCIDAD,1.0,0,2023.0,1.0,6.0,1,0,0,1,0.0,1.0,1.0,2.0,0,0,22.0,0.0,0,0,1,0.0,0.0,1
A-2023-01-117,2023-01-15,02:57,DESPISTE,1,0,1,PIURA,PIURA,PIURA,RURAL,CARRETERA,NACIONAL,PE-1N,-5.0411083,-80.701613,DESPEJADO,RURAL,TRAMO RECTO,PLANA ,ASFALTADA,,,,,IMPRUDENCIA DEL CONDUCTOR,EXCESO DE VELOCIDAD,2.0,0,2023.0,1.0,6.0,1,0,0,0,0.0,0.0,0.0,0.0,0,0,38.0,0.0,0,0,1,0.0,0.0,1
A-2023-01-89,2023-01-15,03:20,DESPISTE,1,1,1,LAMBAYEQUE,CHICLAYO,REQUE,RURAL,CARRETERA,SIN CLASIFICAR,SIN CLASIFICAR,-6.837588,-79.7952347,DESPEJADO,RURAL,CURVA,PLANA ,ASFALTADA,,,,,EN PROCESO DE INVESTIGACIÓN,NO CUENTA CON CAUSA ESPECIFICA,3.0,0,2023.0,1.0,6.0,1,0,0,0,0.0,0.0,0.0,0.0,0,0,37.5,2.1213203435596424,0,0,2,0.0,0.0,1
A-2023-01-17,2023-01-15,04:00,DESPISTE,1,0,1,SAN MARTIN,MOYOBAMBA,MOYOBAMBA,URBANA,CARRETERA,DEPARTAMENTAL,SM-100,-6.05784,-76.97303,DESPEJADO,RESIDENCIAL,TRAMO RECTO,PLANA ,ASFALTADA,,,,,IMPRUDENCIA DEL CONDUCTOR,OTRO (IMPRUDENCIA DEL CONDUCTOR),4.0,0,2023.0,1.0,6.0,1,0,0,2,0.0,0.0,0.0,0.0,0,0,22.0,0.0,0,1,1,0.0,1.0,1