CODIGO_SINIESTRO,FECHA_SINIESTRO,HORA_SINIESTRO,CLASE_SINIESTRO,CANTIDAD_FALLECIDOS,CANTIDAD_LESIONADOS,CANTIDAD_VEHICULOS,DEPARTAMENTO,PROVINCIA,DISTRITO,ZONA,TIPO_VIA,RED_VIAL,COD_CARRETERA,LATITUD,LONGITUD,CONDICION_CLIMATICA,ZONIFICACION,CARACTERISTICAS_VIA,PERFIL_VIA,SUPERFICIE_CALZADA,EXISTE_SENIAL_VERTICAL,CLASIFICACION_SENIAL_VERTICAL_1,CLASIFICACION_SENIAL_VERTICAL_2,EXISTE_SENIAL_HORIZONTAL,CAUSA_FACTOR_PRINCIPAL,CAUSA_ESPECIFICA,HORA,severidad,ANIO,MES,DIA_SEMANA,FIN_SEMANA,FRANJA_HORARIA,TEMPORADA,MACROREGION,TIPO_VIA_SCORE,PERFIL_VIA_SCORE,SUPERFICIE_CALZADA_SCORE,RIESGO_INFRAESTRUCTURA,RIESGO_CLIMATICO,SENIALIZACION_DEFICIENTE,EDAD_PROMEDIO,EDAD_STD,TOTAL_ALCOHOL,TOTAL_LICENCIA,TOTAL_PERSONAS,PCT_ALCOHOL,PCT_LICENCIA,ES_NOCHE
A-2023-01-79,2023-01-15,05:00,DESPISTE,1,0,1,CAJAMARCA,SAN IGNACIO,SAN IGNACIO,RURAL,CARRETERA,PROVINCIAL,CA-533,-5.11145,-79.02149167,LLUVIOSO,RURAL,CURVA,INCLINADA,AFIRMADO,,,,,NEGLIGENCIA DEL CONDUCTOR,OTRO (NEGLIGENCIA DEL CONDUCTOR),5.0,0,2023.0,1.0,6.0,1,0,0,1,0.0,1.0,1.0,2.0,1,0,21.0,0.0,0,0,1,0.0,0.0,1
A-2023-01-13,2023-01-15,12:15,CHOQUE,1,0,2,SAN MARTIN,MOYOBAMBA,MOYOBAMBA,RURAL,CARRETERA,NACIONAL,PE-5N,-6.049138,-77.040499,DESPEJADO,RURAL,CURVA,PLANA ,ASFALTADA,,,,,EN PROCESO DE INVESTIGACIÓN,NO CUENTA CON CAUSA ESPECIFICA,12.0,0,2023.0,1.0,6.0,1,2,0,2,0.0,0.0,0.0,0.0,0,0,37.5,2.1213203435596424,0,1,2,0.0,0.5,0
A-2023-01-21,2023-01-15,19:30,DESPISTE,1,6,1,ANCASH,CARHUAZ,SHILLA,RURAL,CARRETERA,DEPARTAMENTAL,AN-107,-9.13454235599561,-77.5390918631431,LLUVIOSO,RURAL,SINUOSA,INCLINADA,ASFALTADA,SI,REGULADORA (R),PREVENTIVA (P),NO,EN PROCESO DE INVESTIGACIÓN,NO CUENTA CON CAUSA ESPECIFICA,19.0,0,2023.0,1.0,6.0,1,3,0,0,0.0,1.0,0.0,1.0,1,1,41.285714285714285,11.643514442445142,0,1,7,0.0,0.143,1
A-2023-01-71,2023-01-15,20:00,ATROPELLO,1,0,1,LIMA,HUAURA,SANTA MARIA,RURAL,CARRETERA,NACIONAL,PE-1N,-11.07643,-77.5829,DESPEJADO,RURAL,TRAMO RECTO,PLANA ,ASFALTADA,SI,REGULADORA (R),,NO,IMPRUDENCIA DEL PEATÓN,CRUCE INDEBIDO POR LA CALZADA,20.0,0,2023.0,1.0,6.0,1,3,0,0,0.0,0.0,0.0,0.0,0,1,41.0,14.142135623730951,0,1,2,0.0,0.5,1
A-2023-01-42,2023-01-15,20:30,ATROPELLO FUGA,1,0,0,LA LIBERTAD,TRUJILLO,VICTOR LARCO HERRERA,URBANA,CARRETERA,NACIONAL,PE-1N,-8.1408261,-79.0522763,DESPEJADO,INDUSTRIAL,TRAMO RECTO,PLANA ,ASFALTADA,,,,,EN PROCESO DE INVESTIGACIÓN,NO CUENTA CON CAUSA ESPECIFICA,20.0,0,2023.0,1.0,6.0,1,3,0,0,0.0,0.0,0.0,0.0,0,0,25.0,0.0,0,0,2,0.0,0.0,1
A-2023-01-50,2023-01-16,04:00,DESPISTE,3,5,1,TACNA,TACNA,TACNA,RURAL,CARRETERA,NACIONAL,PE-1S,-18.226601,-70.324208,DESPEJADO,RURAL,TRAMO RECTO,PLANA ,ASFALTADA,SI,REGULADORA (R),,NO,IMPRUDENCIA DEL CONDUCTOR,CONDUCIR EN ESTADO DE EBRIEDAD Y/O DROGADICCIÓN,4.0,2,2023.0,1.0,0.0,0,0,0,0,0.0,0.0,0.0,0.0,0,1,17.714285714285715,11.657819774930555,0,1,8,0.0,0.125,1
A-2023-01-126,2023-01-16,15:45,CHOQUE,1,0,0,MADRE DE DIOS,TAMBOPATA,TAMBOPATA,RURAL,CARRETERA,NACIONAL,PE-30C,-12.636616,-69.259765,,,,,,,,,,EN PROCESO DE INVESTIGACIÓN,NO CUENTA CON CAUSA ESPECIFICA,15.0,0,2023.0,1.0,0.0,0,2,0,2,0.0,1.0,1.0,2.0,0,0,27.0,1.4142135623730951,0,0,2,0.0,0.0,0
A-2023-01-43,2023-01-16,22:30,ATROPELLO FUGA,1,0,0,LA LIBERTAD,TRUJILLO,LAREDO,RURAL,CARRETERA,NACIONAL,PE-10A,-8.099256,-78.957468,DESPEJADO,RURAL,TRAMO RECTO,PLANA ,ASFALTADA,,,,,IMPRUDENCIA DEL CONDUCTOR,OTRO (IMPRUDENCIA DEL CONDUCTOR),22.0,0,2023.0,1.0,0.0,0,3,0,0,0.0,0.0,0.0,0.0,0,0,70.0,0.0,0,0,2,0.0,0.0,1
A-2023-01-346,2023-01-17,12:35,CHOQUE,1,1,0,LIMA,LIMA,VILLA EL SALVADOR,URBANA,AVENIDA,URBANO,NO CORRESPONDE,-12.218472640122307,-76.94555299522678,DESPEJADO,RESIDENCIAL,INTERSECCIÓN,PLANA ,ASFALTADA,,,,,IMPRUDENCIA DEL CONDUCTOR,OTRO (IMPRUDENCIA DEL CONDUCTOR),12.0,0,2023.0,1.0,1.0,0,2,0,0,1.0,0.0,0.0,1.0,0,0,38.666666666666664,19.008769905844336,0,0,3,0.0,0.0,0
A-2023-01-15,2023-01-17,14:45,DESPISTE,1,0,1,AREQUIPA,AREQUIPA,VITOR,URBANA,AVENIDA,URBANO,NO CORRESPONDE,-16.471201,-71.939116,DESPEJADO,RESIDENCIAL,TRAMO RECTO,PLANA ,ASFALTADA,NO,,,SI,EN PROCESO DE INVESTIGACIÓN,NO CUENTA CON CAUSA ESPECIFICA,14.0,0,2023.0,1.0,1.0,0,2,0,0,1.0,0.0,0.0,1.0,0,1,47.0,0.0,0,0,1,0.0,0.0,0
A-2023-01-139,2023-01-17,17:10,CAÍDA DE PASAJERO,1,0,0,LIMA,LIMA,PUENTE PIEDRA,URBANA,CARRETERA,NACIONAL,PE-1N,-11.840191,-77.105128,DESPEJADO,COMERCIAL,TRAMO RECTO,PLANA ,ASFALTADA,,,,,IMPRUDENCIA DEL PEATÓN,OTRO (IMPRUDENCIA DEL PEATÓN),17.0,0,2023.0,1.0,1.0,0,2,0,0,0.0,0.0,0.0,0.0,0,0,41.5,4.949747468305833,0,1,2,0.0,0.5,0
A-2023-01-140,2023-01-17,23:00,CHOQUE,1,0,0,LIMA,LIMA,ANCON,URBANA,CALLE,URBANO,NO CORRESPONDE,-11.7820838,-77.16173524,DESPEJADO,RESIDENCIAL,INTERSECCIÓN,PLANA ,ASFALTADA,,,,,IMPRUDENCIA DEL CONDUCTOR,EXCESO DE VELOCIDAD,23.0,0,2023.0,1.0,1.0,0,3,0,0,2.0,0.0,0.0,2.0,0,0,35.5,14.849242404917497,0,2,2,0.0,1.0,1
A-2023-01-141,2023-01-18,06:00,ATROPELLO FUGA,1,0,0,LIMA,LIMA,SAN MARTIN DE PORRES,URBANA,AVENIDA,URBANO,NO CORRESPONDE,-12.01553487,-77.0595959,DESPEJADO,COMERCIAL,INTERSECCIÓN,PLANA ,ASFALTADA,SI,PREVENTIVA (P),,NO,EN PROCESO DE INVESTIGACIÓN,NO CUENTA CON CAUSA ESPECIFICA,6.0,0,2023.0,1.0,2.0,0,1,0,0,1.0,0.0,0.0,1.0,0,1,65.0,0.0,0,0,2,0.0,0.0,0
A-2022-01-345,2023-01-18,12:30,CHOQUE,1,0,0,LIMA,LIMA,SAN JUAN DE MIRAFLORES,URBANA,CALLE,URBANO,NO CORRESPONDE,-12.18875912,-76.96067432,DESPEJADO,RESIDENCIAL,TRAMO RECTO,PLANA ,ASFALTADA,,,,,IMPRUDENCIA DEL CONDUCTOR,OTRO (IMPRUDENCIA DEL CONDUCTOR),12.0,0,2023.0,1.0,2.0,0,2,0,0,2.0,0.0,0.0,2.0,0,0,25.0,11.313708498984761,0,0,2,0.0,0.0,0
A-2023-01-128,2023-01-18,14:50,DESPISTE,1,1,0,MADRE DE DIOS,TAMBOPATA,LAS PIEDRAS,RURAL,CARRETERA,NACIONAL,PE-30C,-12.520654,-69.135652,,,,,,,,,,EN PROCESO DE INVESTIGACIÓN,NO CUENTA CON CAUSA ESPECIFICA,14.0,0,2023.0,1.0,2.0,0,2,0,2,0.0,1.0,1.0,2.0,0,0,25.0,2.8284271247461903,0,0,2,0.0,0.0,0
A-2023-01-87,2023-01-18,19:20,CHOQUE,1,0,2,JUNIN,YAULI,LA OROYA,RURAL,CARRETERA,NACIONAL,PE-22,-11.613197,-75.980424,DESPEJADO,RURAL,CURVA,PLANA ,ASFALTADA,,,,,EN PROCESO DE INVESTIGACIÓN,NO CUENTA CON CAUSA ESPECIFICA,19.0,0,2023.0,1.0,2.0,0,3,0,1,0.0,0.0,0.0,0.0,0,0,38.0,5.656854249492381,0,2,2,0.0,1.0,1
A-2023-01-81,2023-01-18,19:30,DESPISTE,1,0,1,CAJAMARCA,JAEN,JAEN,URBANA,CALLE,URBANO,NO CORRESPONDE,-5.710252,-78.816984,DESPEJADO,RESIDENCIAL,TRAMO RECTO,PLANA ,CONCRETO,,,,,IMPRUDENCIA DEL CONDUCTOR,OTRO (IMPRUDENCIA DEL CONDUCTOR),19.0,0,2023.0,1.0,2.0,0,3,0,1,2.0,0.0,0.0,2.0,0,0,59.0,0.0,0,0,1,0.0,0.0,1
A-2023-01-127,2023-01-18,21:00,CHOQUE,1,0,0,MADRE DE DIOS,TAMBOPATA,LABERINTO,RURAL,CARRETERA,NACIONAL,PE-30C,-12.747705,-69.550746,,,,,,,,,,EN PROCESO DE INVESTIGACIÓN,NO CUENTA CON CAUSA ESPECIFICA,21.0,0,2023.0,1.0,2.0,0,3,0,2,0.0,1.0,1.0,2.0,0,0,41.0,0.0,0,0,1,0.0,0.0,1
A-2023-01-143,2023-01-18,23:30,ATROPELLO FUGA,1,0,0,LIMA,LIMA,COMAS,URBANA,AVENIDA,URBANO,NO CORRESPONDE,-11.92809536,-77.05262142,DESPEJADO,RESIDENCIAL,TRAMO RECTO,PLANA ,ASFALTADA,,,,,EN PROCESO DE INVESTIGACIÓN,NO CUENTA CON CAUSA ESPECIFICA,23.0,0,2023.0,1.0,2.0,0,3,0,0,1.0,0.0,0.0,1.0,0,0,62.0,0.0,0,0,3,0.0,0.0,1
A-2023-01-118,2023-01-19,01:15,CHOQUE,1,1,1,PIURA,PIURA,PIURA,URBANA,AVENIDA,URBANO,NO CORRESPONDE,-5.182126,-80.640035,DESPEJADO,COMERCIAL,INTERSECCIÓN,PLANA ,ASFALTADA,NO,,,SI,IMPRUDENCIA DEL CONDUCTOR,DESACATO DE SEÑAL DE TRÁNSITO,1.0,0,2023.0,1.0,3.0,0,0,0,0,1.0,0.0,0.0,1.0,0,1,49.0,6.557438524302,0,1,3,0.0,0.333,1
A-2023-01-144,2023-01-19,05:45,ATROPELLO,2,0,0,LIMA,LIMA,SANTIAGO DE SURCO,URBANA,CARRETERA,NACIONAL,PE-1S,-12.13080149,-76.97813265,DESPEJADO,COMERCIAL,TRAMO RECTO,PLANA ,ASFALTADA,SI,REGULADORA (R),INFORMATIVA (I),NO,IMPRUDENCIA DEL CONDUCTOR,OTRO (IMPRUDENCIA DEL CONDUCTOR),5.0,1,2023.0,1.0,3.0,0,0,0,0,0.0,0.0,0.0,0.0,0,1,37.75,14.38459824488215,0,0,4,0.0,0.0,1
A-2023-01-142,2023-01-19,06:20,ATROPELLO,1,0,0,LIMA,LIMA,VILLA EL SALVADOR,URBANA,AVENIDA,URBANO,NO CORRESPONDE,-12.22112427,-76.93862437,DESPEJADO,COMERCIAL,INTERSECCIÓN,INCLINADA,ASFALTADA,,,,,IMPRUDENCIA DEL CONDUCTOR,OTRO (IMPRUDENCIA DEL CONDUCTOR),6.0,0,2023.0,1.0,3.0,0,1,0,0,1.0,1.0,0.0,2.0,0,0,53.5,10.606601717798213,0,1,2,0.0,0.5,0
A-2023-01-45,2023-01-19,21:20,CHOQUE,1,0,2,LA LIBERTAD,PACASMAYO,GUADALUPE,RURAL,CARRETERA,NACIONAL,PE-1N,-7.235858,-79.455789,DESPEJADO,RURAL,TRAMO RECTO,PLANA ,ASFALTADA,,,,,IMPRUDENCIA DEL CONDUCTOR,CONDUCIR EN ESTADO DE EBRIEDAD Y/O DROGADICCIÓN,21.0,0,2023.0,1.0,3.0,0,3,0,0,0.0,0.0,0.0,0.0,0,0,26.5,3.5355339059327378,0,1,2,0.0,0.5,1
A-2023-01-44,2023-01-20,08:45,ATROPELLO,1,0,1,LA LIBERTAD,TRUJILLO,TRUJILLO,URBANA,AVENIDA,URBANO,NO CORRESPONDE,-8.124145,-79.029696,DESPEJADO,COMERCIAL,INTERSECCIÓN,PLANA ,ASFALTADA,,,,,IMPRUDENCIA DEL CONDUCTOR,GIRAR IMPRUDENTEMENTE,8.0,0,2023.0,1.0,4.0,0,1,0,0,1.0,0.0,0.0,1.0,0,0,69.0,7.0710678118654755,0,1,2,0.0,0.5,0
A-2023-01-94,2023-01-20,10:50,ATROPELLO,1,0,1,LAMBAYEQUE,CHICLAYO,LA VICTORIA,URBANA,CARRETERA,NACIONAL,PE-1N,-6.7999111,-79.8323033,DESPEJADO,RESIDENCIAL,INTERSECCIÓN,PLANA ,ASFALTADA,,,,,EN PROCESO DE INVESTIGACIÓN,NO CUENTA CON CAUSA ESPECIFICA,10.0,0,2023.0,1.0,4.0,0,1,0,0,0.0,0.0,0.0,0.0,0,0,76.0,0.0,0,0,2,0.0,0.0,0
A-2023-01-147,2023-01-21,01:10,DESPISTE,1,0,0,LIMA,LIMA,LURIGANCHO,URBANA,CARRETERA,NACIONAL,PE-22,-12.02089,-76.921351,DESPEJADO,INDUSTRIAL,TRAMO RECTO,PLANA ,ASFALTADA,NO,,,SI,IMPRUDENCIA DEL CONDUCTOR,CONDUCIR EN ESTADO DE EBRIEDAD Y/O DROGADICCIÓN,1.0,0,2023.0,1.0,5.0,1,0,0,0,0.0,0.0,0.0,0.0,0,1,34.0,0.0,0,1,1,0.0,1.0,1
A-2023-01-95,2023-01-21,02:20,CHOQUE,1,0,2,LAMBAYEQUE,LAMBAYEQUE,MOTUPE,RURAL,CARRETERA,NACIONAL,PE-1NJ,-6.3191066,-79.7610646,DESPEJADO,RURAL,INTERSECCIÓN,PLANA ,ASFALTADA,,,,,EN PROCESO DE INVESTIGACIÓN,NO CUENTA CON CAUSA ESPECIFICA,2.0,0,2023.0,1.0,5.0,1,0,0,0,0.0,0.0,0.0,0.0,0,0,31.0,1.4142135623730951,0,1,2,0.0,0.5,1
A-2023-01-146,2023-01-21,02:30,DESPISTE,1,4,0,LIMA,LIMA,SANTIAGO DE SURCO,URBANA,CARRETERA,NACIONAL,PE-1S,-12.152397,-76.983898,DESPEJADO,COMERCIAL,TRAMO RECTO,PLANA ,ASFALTADA,SI,PREVENTIVA (P),,NO,NEGLIGENCIA DEL CONDUCTOR,OTRO (NEGLIGENCIA DEL CONDUCTOR),2.0,0,2023.0,1.0,5.0,1,0,0,0,0.0,0.0,0.0,0.0,0,1,22.833333333333332,4.750438576243952,0,1,6,0.0,0.167,1
A-2023-01-145,2023-01-21,06:20,CHOQUE,1,0,0,LIMA,LIMA,CHORRILLOS,URBANA,AVENIDA,URBANO,NO CORRESPONDE,-12.19732583,-76.99933498,DESPEJADO,COMERCIAL,INTERSECCIÓN,PLANA ,ASFALTADA,SI,PREVENTIVA (P),,SI,IMPRUDENCIA DEL CONDUCTOR,OTRO (IMPRUDENCIA DEL CONDUCTOR),6.0,0,2023.0,1.0,5.0,1,1,0,0,1.0,0.0,0.0,1.0,0,0,47.0,0.0,0,2,2,0.0,1.0,0
A-2023-01-63,2023-01-21,18:50,ATROPELLO FUGA,1,0,0,TACNA,TACNA,CORONEL GREGORIO ALBARRACIN LANCHIPA,URBANA,CARRETERA,PROVINCIAL,TA-637,-18.076648675498568,-70.25494390302107,DESPEJADO,RESIDENCIAL,INTERSECCIÓN,INCLINADA,ASFALTADA,,,,,IMPRUDENCIA DEL PEATÓN,CRUCE INDEBIDO POR LA CALZADA,18.0,0,2023.0,1.0,5.0,1,3,0,0,0.0,1.0,0.0,1.0,0,0,4.0,0.0,0,0,2,0.0,0.0,1
A-2023-01-148,2023-01-21,19:20,CAÍDA DE PASAJERO,1,0,0,LIMA,LIMA,SAN MARTIN DE PORRES,URBANA,CALLE,URBANO,NO CORRESPONDE,-11.97926081,-77.09554158,DESPEJADO,RESIDENCIAL,TRAMO RECTO,PLANA ,ASFALTADA,,,,,IMPRUDENCIA DEL CONDUCTOR,OTRO (IMPRUDENCIA DEL CONDUCTOR),19.0,0,2023.0,1.0,5.0,1,3,0,0,2.0,0.0,0.0,2.0,0,0,35.0,12.727922061357855,0,0,2,0.0,0.0,1
A-2023-01-51,2023-01-21,20:30,ATROPELLO,1,0,1,TACNA,TACNA,CORONEL GREGORIO ALBARRACIN LANCHIPA,URBANA,AVENIDA,URBANO,NO CORRESPONDE,-18.087781,-70.277099,DESPEJADO,RESIDENCIAL,TRAMO RECTO,PLANA ,ASFALTADA,,,,,IMPRUDENCIA DEL PEATÓN,ESTADO DE EBRIEDAD Y/O DROGADICCIÓN,20.0,0,2023.0,1.0,5.0,1,3,0,0,1.0,0.0,0.0,1.0,0,0,43.5,9.192388155425117,0,1,2,0.0,0.5,1
A-2023-01-39,2023-01-22,04:00,CHOQUE FUGA,1,3,2,AMAZONAS,UTCUBAMBA,BAGUA GRANDE,RURAL,CARRETERA,NACIONAL,PE-5N,-5.745,-78.453929,DESPEJADO,RURAL,TRAMO RECTO,PLANA ,ASFALTADA,,,,,EN PROCESO DE INVESTIGACIÓN,NO CUENTA CON CAUSA ESPECIFICA,4.0,0,2023.0,1.0,6.0,1,0,0,2,0.0,0.0,0.0,0.0,0,0,27.25,5.315072906367325,0,2,4,0.0,0.5,1
A-2023-01-149,2023-01-22,06:00,ATROPELLO,1,0,0,LIMA,LIMA,ANCON,URBANA,CARRETERA,NACIONAL,PE-1N,-11.75082036,-77.14656204,DESPEJADO,RURAL,TRAMO RECTO,PLANA ,ASFALTADA,NO,,,SI,IMPRUDENCIA DEL CONDUCTOR,EXCESO DE VELOCIDAD,6.0,0,2023.0,1.0,6.0,1,1,0,0,0.0,0.0,0.0,0.0,0,1,52.0,22.627416997969522,0,1,2,0.0,0.5,0
A-2023-01-96,2023-01-22,16:35,DESPISTE,1,1,1,LAMBAYEQUE,LAMBAYEQUE,LAMBAYEQUE,RURAL,CARRETERA,NACIONAL,PE-1NJ,-6.5943648,-79.8784604,DESPEJADO,RURAL,TRAMO RECTO,PLANA ,ASFALTADA,,,,,EN PROCESO DE INVESTIGACIÓN,NO CUENTA CON CAUSA ESPECIFICA,16.0,0,2023.0,1.0,6.0,1,2,0,0,0.0,0.0,0.0,0.0,0,0,49.5,20.506096654409877,0,0,2,0.0,0.0,0
A-2023-01-64,2023-01-22,18:35,ATROPELLO,1,0,1,ICA,NASCA,NASCA,RURAL,CARRETERA,NACIONAL,PE-1S,-14.927497,-74.987946,DESPEJADO,RURAL,TRAMO RECTO,PLANA ,ASFALTADA,,,,,EN PROCESO DE INVESTIGACIÓN,NO CUENTA CON CAUSA ESPECIFICA,18.0,0,2023.0,1.0,6.0,1,3,0,0,0.0,0.0,0.0,0.0,0,0,29.0,0.0,0,0,2,0.0,0.0,1
A-2023-01-31,2023-01-22,20:45,CHOQUE,1,0,2,AREQUIPA,AREQUIPA,UCHUMAYO,RURAL,CARRETERA,NACIONAL,PE-34A,-16.4599736,-71.6905902,DESPEJADO,RURAL,CURVA,PLANA ,ASFALTADA,NO,,,SI,EN PROCESO DE INVESTIGACIÓN,NO CUENTA CON CAUSA ESPECIFICA,20.0,0,2023.0,1.0,6.0,1,3,0,0,0.0,0.0,0.0,0.0,0,1,49.0,31.11269837220809,0,2,2,0.0,1.0,1
A-2023-01-97,2023-01-22,20:55,ATROPELLO,1,0,1,LAMBAYEQUE,CHICLAYO,CAYALTI,RURAL,CARRETERA,NACIONAL,PE-1NI,-6.901633,-79.5490827,DESPEJADO,RURAL,TRAMO RECTO,PLANA ,ASFALTADA,,,,,EN PROCESO DE INVESTIGACIÓN,NO CUENTA CON CAUSA ESPECIFICA,20.0,0,2023.0,1.0,6.0,1,3,0,0,0.0,0.0,0.0,0.0,0,0,36.5,12.020815280171307,0,1,2,0.0,0.5,1
A-2023-01-68,2023-01-22,21:30,VOLCADURA,1,0,1,CUSCO,CALCA,CALCA,RURAL,CARRETERA,NACIONAL,PE-28B,-13.31730380895184,-72.03439457263616,DESPEJADO,RURAL,CURVA,PLANA ,ASFALTADA,,,,,IMPRUDENCIA DEL CONDUCTOR,EXCESO DE VELOCIDAD,21.0,0,2023.0,1.0,6.0,1,3,0,1,0.0,0.0,0.0,0.0,0,0,47.0,0.0,0,0,1,0.0,0.0,1
A-2023-01-123,2023-01-22,22:30,CHOQUE,1,3,2,PIURA,PIURA,LA ARENA,RURAL,CARRETERA,PROVINCIAL,PI-1011,-5.31418,-80.724356,DESPEJADO,RURAL,TRAMO RECTO,PLANA ,ASFALTADA,,,,,IMPRUDENCIA DEL CONDUCTOR,CONDUCIR EN ESTADO DE EBRIEDAD Y/O DROGADICCIÓN,22.0,0,2023.0,1.0,6.0,1,3,0,0,0.0,0.0,0.0,0.0,0,0,24.5,23.130067012440755,0,0,4,0.0,0.0,1
A-2023-01-151,2023-01-22,22:30,ATROPELLO,1,0,0,LIMA,LIMA,COMAS,URBANA,AVENIDA,URBANO,NO CORRESPONDE,-11.9105404,-77.04529613,DESPEJADO,COMERCIAL,TRAMO RECTO,PLANA ,ASFALTADA,,,,,IMPRUDENCIA DEL CONDUCTOR,OTRO (IMPRUDENCIA DEL CONDUCTOR),22.0,0,2023.0,1.0,6.0,1,3,0,0,1.0,0.0,0.0,1.0,0,0,48.5,10.606601717798213,0,1,2,0.0,0.5,1
A-2023-01-150,2023-01-23,01:10,DESPISTE,1,0,0,LIMA,LIMA,COMAS,URBANA,JIRÓN,URBANO,NO CORRESPONDE,-11.94507449,-77.06271568,DESPEJADO,RESIDENCIAL,TRAMO RECTO,PLANA ,ASFALTADA,,,,,IMPRUDENCIA DEL CONDUCTOR,CONDUCIR EN ESTADO DE EBRIEDAD Y/O DROGADICCIÓN,1.0,0,2023.0,1.0,0.0,0,0,0,0,1.0,0.0,0.0,1.0,0,0,24.0,0.0,0,0,1,0.0,0.0,1
A-2023-01-121,2023-01-23,02:30,DESPISTE,1,0,1,PIURA,PIURA,VEINTISEIS DE OCTUBRE,URBANA,CARRETERA,NACIONAL,PE-1N,-5.129106,-80.700489,DESPEJADO,INDUSTRIAL,TRAMO RECTO,PLANA ,ASFALTADA,,,,,IMPRUDENCIA DEL CONDUCTOR,CONDUCIR EN ESTADO DE EBRIEDAD Y/O DROGADICCIÓN,2.0,0,2023.0,1.0,0.0,0,0,0,0,0.0,0.0,0.0,0.0,0,0,30.0,0.0,1,1,1,1.0,1.0,1
A-2023-01-102,2023-01-23,06:30,ATROPELLO FUGA,1,0,0,JUNIN,JAUJA,JAUJA,RURAL,CARRETERA,NACIONAL,PE-3S,-11.78752,-75.47391,DESPEJADO,RURAL,TRAMO RECTO,PLANA ,ASFALTADA,,,,,EN PROCESO DE INVESTIGACIÓN,NO CUENTA CON CAUSA ESPECIFICA,6.0,0,2023.0,1.0,0.0,0,1,0,1,0.0,0.0,0.0,0.0,0,0,40.0,0.0,0,0,2,0.0,0.0,0
A-2023-01-24,2023-01-23,09:00,CHOQUE,1,0,2,ANCASH,HUARI,PAUCAS,RURAL,OTRO,URBANO,NO CORRESPONDE,-9.14565727974163,-76.8414759980629,DESPEJADO,RURAL,CURVA,INCLINADA,AFIRMADO,SI,REGULADORA (R),PREVENTIVA (P),NO,EN PROCESO DE INVESTIGACIÓN,NO CUENTA CON CAUSA ESPECIFICA,9.0,0,2023.0,1.0,0.0,0,1,0,0,2.0,1.0,1.0,4.0,0,1,24.333333333333332,10.503967504392486,0,1,3,0.0,0.333,0
A-2023-01-350,2023-01-24,03:30,DESPISTE,1,2,1,AYACUCHO,HUAMANGA,TAMBILLO,RURAL,CARRETERA,PROVINCIAL,AY-761,-13.2018968905034,-74.1725307810872,DESPEJADO,RURAL,PASE A DESNIVEL,INCLINADA,AFIRMADO,,,,,INFRAESTRUCTURA Y ENTORNO VIAL,SUPERFICIE DETERIORADA,3.0,0,2023.0,1.0,1.0,0,0,0,1,0.0,1.0,1.0,2.0,0,0,33.333333333333336,15.947831618540913,0,1,3,0.0,0.333,1
A-2023-01-46,2023-01-24,12:30,CAÍDA DE PASAJERO,1,0,0,LA LIBERTAD,ASCOPE,CHICAMA,RURAL,CARRETERA,NACIONAL,PE-1N,-7.889695,-79.125187,DESPEJADO,RURAL,TRAMO RECTO,PLANA ,ASFALTADA,,,,,EN PROCESO DE INVESTIGACIÓN,NO CUENTA CON CAUSA ESPECIFICA,12.0,0,2023.0,1.0,1.0,0,2,0,0,0.0,0.0,0.0,0.0,0,0,16.0,0.0,0,0,2,0.0,0.0,0
A-2023-01-107,2023-01-24,21:00,CHOQUE,2,0,1,ANCASH,SANTA,COISHCO,URBANA,CARRETERA,NACIONAL,PE-1N,-9.018497,-78.617341,DESPEJADO,RURAL,CURVA,PLANA ,ASFALTADA,SI,REGULADORA (R),,SI,IMPRUDENCIA DEL CONDUCTOR,INVASIÓN DE CARRIL,21.0,1,2023.0,1.0,1.0,0,3,0,0,0.0,0.0,0.0,0.0,0,0,24.666666666666668,12.42309676905615,0,1,3,0.0,0.333,1
A-2023-01-152,2023-01-25,07:30,ATROPELLO,1,0,0,LIMA,LIMA,SAN ISIDRO,URBANA,AVENIDA,URBANO,NO CORRESPONDE,-12.090692904028876,-77.03348002968819,DESPEJADO,COMERCIAL,INTERSECCIÓN,PLANA ,ASFALTADA,SI,REGULADORA (R),,SI,IMPRUDENCIA DEL CONDUCTOR,OTRO (IMPRUDENCIA DEL CONDUCTOR),7.0,0,2023.0,1.0,2.0,0,1,0,0,1.0,0.0,0.0,1.0,0,0,39.0,7.0710678118654755,0,1,2,0.0,0.5,0
A-2023-01-153,2023-01-25,12:50,ATROPELLO,1,9,0,LIMA,LIMA,LINCE,URBANA,AVENIDA,URBANO,NO CORRESPONDE,-12.0841464,-77.03898862,DESPEJADO,COMERCIAL,INTERSECCIÓN,PLANA ,ASFALTADA,SI,REGULADORA (R),,SI,IMPRUDENCIA DEL CONDUCTOR,OTRO (IMPRUDENCIA DEL CONDUCTOR),12.0,0,2023.0,1.0,2.0,0,2,0,0,1.0,0.0,0.0,1.0,0,0,34.27272727272727,19.980444985489733,0,2,11,0.0,0.182,0
A-2023-01-154,2023-01-25,12:50,ATROPELLO,1,0,0,LIMA,LIMA,VILLA MARIA DEL TRIUNFO,URBANA,AVENIDA,URBANO,NO CORRESPONDE,-12.22012369404766,-76.90753429258767,DESPEJADO,COMERCIAL,INTERSECCIÓN,PLANA ,ASFALTADA,,,,,IMPRUDENCIA DEL PEATÓN,OTRO (IMPRUDENCIA DEL PEATÓN),12.0,0,2023.0,1.0,2.0,0,2,0,0,1.0,0.0,0.0,1.0,0,0,66.0,9.899494936611665,0,1,2,0.0,0.5,0