CODIGO_SINIESTRO,FECHA_SINIESTRO,HORA_SINIESTRO,CLASE_SINIESTRO,CANTIDAD_FALLECIDOS,CANTIDAD_LESIONADOS,CANTIDAD_VEHICULOS,DEPARTAMENTO,PROVINCIA,DISTRITO,ZONA,TIPO_VIA,RED_VIAL,COD_CARRETERA,LATITUD,LONGITUD,CONDICION_CLIMATICA,ZONIFICACION,CARACTERISTICAS_VIA,PERFIL_VIA,SUPERFICIE_CALZADA,EXISTE_SENIAL_VERTICAL,CLASIFICACION_SENIAL_VERTICAL_1,CLASIFICACION_SENIAL_VERTICAL_2,EXISTE_SENIAL_HORIZONTAL,CAUSA_FACTOR_PRINCIPAL,CAUSA_ESPECIFICA,HORA,severidad,ANIO,MES,DIA_SEMANA,FIN_SEMANA,FRANJA_HORARIA,TEMPORADA,MACROREGION,TIPO_VIA_SCORE,PERFIL_VIA_SCORE,SUPERFICIE_CALZADA_SCORE,RIESGO_INFRAESTRUCTURA,RIESGO_CLIMATICO,SENIALIZACION_DEFICIENTE,EDAD_PROMEDIO,EDAD_STD,TOTAL_ALCOHOL,TOTAL_LICENCIA,TOTAL_PERSONAS,PCT_ALCOHOL,PCT_LICENCIA,ES_NOCHE
A-2023-01-33,2023-01-25,16:40,ATROPELLO,1,1,1,CUSCO,URUBAMBA,URUBAMBA,URBANA,CARRETERA,NACIONAL,PE-28B,-13.308173804658148,-72.1185755933679,DESPEJADO,RESIDENCIAL,CURVA,PLANA ,ASFALTADA,,,,,IMPRUDENCIA DEL CONDUCTOR,OTRO (IMPRUDENCIA DEL CONDUCTOR),16.0,0,2023.0,1.0,2.0,0,2,0,1,0.0,0.0,0.0,0.0,0,0,42.5,19.091883092036785,0,0,2,0.0,0.0,0
A-2023-01-108,2023-01-25,16:50,ESPECIAL,1,0,2,ANCASH,SANTA,NUEVO CHIMBOTE,RURAL,CARRETERA,PROVINCIAL,AN-879,-9.082625,-78.523315,DESPEJADO,RURAL,TRAMO RECTO,PLANA ,ASFALTADA,,,,,EN PROCESO DE INVESTIGACIÓN,NO CUENTA CON CAUSA ESPECIFICA,16.0,0,2023.0,1.0,2.0,0,2,0,0,0.0,0.0,0.0,0.0,0,0,58.0,15.556349186104045,0,1,2,0.0,0.5,0
A-2023-01-35,2023-01-25,17:20,ATROPELLO FUGA,1,0,1,AREQUIPA,ISLAY,MOLLENDO,URBANA,AVENIDA,URBANO,NO CORRESPONDE,-17.024754,-72.007649,DESPEJADO,RESIDENCIAL,INTERSECCIÓN,PLANA ,ASFALTADA,,,,,EN PROCESO DE INVESTIGACIÓN,NO CUENTA CON CAUSA ESPECIFICA,17.0,0,2023.0,1.0,2.0,0,2,0,0,1.0,0.0,0.0,1.0,0,0,26.0,0.0,0,0,2,0.0,0.0,0
A-2023-01-54,2023-01-25,22:10,CHOQUE,1,1,0,APURIMAC,ABANCAY,ABANCAY,URBANA,JIRÓN,URBANO,NO CORRESPONDE,-13.635064368598533,-72.87860144731098,,,,,,,,,,EN PROCESO DE INVESTIGACIÓN,NO CUENTA CON CAUSA ESPECIFICA,22.0,0,2023.0,1.0,2.0,0,3,0,1,1.0,1.0,1.0,3.0,0,0,54.0,11.532562594670797,0,0,3,0.0,0.0,1
A-2023-01-155,2023-01-26,07:30,ATROPELLO FUGA,1,0,0,LIMA,LIMA,PUENTE PIEDRA,URBANA,CARRETERA,NACIONAL,PE-1N,-11.836209,-77.11015,DESPEJADO,COMERCIAL,TRAMO RECTO,INCLINADA,ASFALTADA,,,,,EN PROCESO DE INVESTIGACIÓN,NO CUENTA CON CAUSA ESPECIFICA,7.0,0,2023.0,1.0,3.0,0,1,0,0,0.0,1.0,0.0,1.0,0,0,0.0,0.0,0,0,2,0.0,0.0,0
A-2023-01-98,2023-01-26,08:20,DESPISTE,1,10,2,LAMBAYEQUE,CHICLAYO,TUMAN,RURAL,CARRETERA,DEPARTAMENTAL,LA-116,-6.8101689,-79.6729012,LLUVIOSO,RURAL,TRAMO RECTO,PLANA ,ASFALTADA,,,,,EN PROCESO DE INVESTIGACIÓN,NO CUENTA CON CAUSA ESPECIFICA,8.0,0,2023.0,1.0,3.0,0,1,0,0,0.0,0.0,0.0,0.0,1,0,47.7,17.575551200460257,0,2,13,0.0,0.154,0
A-2023-01-37,2023-01-26,12:40,CHOQUE FUGA,1,0,1,SAN MARTIN,MOYOBAMBA,MOYOBAMBA,URBANA,CARRETERA,NACIONAL,PE-5N,-6.045455,-76.958378,DESPEJADO,RESIDENCIAL,CURVA,PLANA ,ASFALTADA,SI,PREVENTIVA (P),PREVENTIVA (P),NO,IMPRUDENCIA DEL CONDUCTOR,OTRO (IMPRUDENCIA DEL CONDUCTOR),12.0,0,2023.0,1.0,3.0,0,2,0,2,0.0,0.0,0.0,0.0,0,1,24.0,0.0,0,1,2,0.0,0.5,0
A-2023-01-349,2023-01-26,20:40,ATROPELLO,1,0,0,LIMA,LIMA,SAN MARTIN DE PORRES,URBANA,AVENIDA,URBANO,NO CORRESPONDE,-11.99113097,-77.08501239,DESPEJADO,COMERCIAL,TRAMO RECTO,PLANA ,ASFALTADA,,,,,IMPRUDENCIA DEL CONDUCTOR,OTRO (IMPRUDENCIA DEL CONDUCTOR),20.0,0,2023.0,1.0,3.0,0,3,0,0,1.0,0.0,0.0,1.0,0,0,43.0,21.213203435596427,0,0,2,0.0,0.0,1
A-2023-01-110,2023-01-27,08:00,DESPISTE,1,2,1,MOQUEGUA,MARISCAL NIETO,CARUMAS,RURAL,CARRETERA,NACIONAL,PE-36B,-16.710329517710125,-70.44683063026633,DESPEJADO,RURAL,TRAMO RECTO,PLANA ,ASFALTADA,SI,PREVENTIVA (P),REGULADORA (R),NO,IMPRUDENCIA DEL CONDUCTOR,FATIGA Y/O CANSANCIO,8.0,0,2023.0,1.0,4.0,0,1,0,0,0.0,0.0,0.0,0.0,0,1,30.666666666666668,2.5166114784235827,0,1,3,0.0,0.333,0
A-2023-01-65,2023-01-27,10:30,DESPISTE,1,0,1,ICA,ICA,OCUCAJE,RURAL,CARRETERA,NACIONAL,PE-1S,-14.3520459,-75.6435243,DESPEJADO,RURAL,TRAMO RECTO,PLANA ,ASFALTADA,,,,,EN PROCESO DE INVESTIGACIÓN,NO CUENTA CON CAUSA ESPECIFICA,10.0,0,2023.0,1.0,4.0,0,1,0,0,0.0,0.0,0.0,0.0,0,0,29.0,0.0,0,0,1,0.0,0.0,0
A-2023-01-53,2023-01-27,11:40,DESPISTE,1,0,0,TUMBES,ZARUMILLA,PAPAYAL,RURAL,CARRETERA,DEPARTAMENTAL,TU-101,-3.6117408259233623,-80.19617247899224,SOLEADO,RURAL,TRAMO RECTO,PLANA ,ASFALTADA,,,,,IMPRUDENCIA DEL CONDUCTOR,OTRO (IMPRUDENCIA DEL CONDUCTOR),11.0,0,2023.0,1.0,4.0,0,1,0,0,0.0,0.0,0.0,0.0,0,0,41.0,0.0,0,0,1,0.0,0.0,0
A-2023-01-47,2023-01-27,22:30,DESPISTE,1,2,1,LA LIBERTAD,VIRU,GUADALUPITO,RURAL,CARRETERA,NACIONAL,PE-1N,-8.954251,-78.629556,DESPEJADO,RURAL,TRAMO RECTO,PLANA ,ASFALTADA,,,,,IMPRUDENCIA DEL CONDUCTOR,FRENAR INTEMPESTIVAMENTE,22.0,0,2023.0,1.0,4.0,0,3,0,0,0.0,0.0,0.0,0.0,0,0,27.0,2.6457513110645907,0,0,3,0.0,0.0,1
A-2023-01-156,2023-01-28,00:40,ATROPELLO,1,0,0,LIMA,LIMA,CARABAYLLO,RURAL,CARRETERA,NACIONAL,PE-20A,-11.755908,-76.974774,DESPEJADO,RURAL,CURVA,INCLINADA,ASFALTADA,NO,,,SI,IMPRUDENCIA DEL PEATÓN,OTRO (IMPRUDENCIA DEL PEATÓN),0.0,0,2023.0,1.0,5.0,1,0,0,0,0.0,1.0,0.0,1.0,0,1,42.0,32.526911934581186,0,0,2,0.0,0.0,1
A-2023-01-355,2023-01-28,01:20,CHOQUE,3,0,2,LIMA,BARRANCA,SUPE,RURAL,CARRETERA,PROVINCIAL,LM-529,-10.738853,-77.60962,DESPEJADO,RURAL,OTRO,PLANA ,ASFALTADA,,,,,IMPRUDENCIA DEL CONDUCTOR,GIRAR IMPRUDENTEMENTE,1.0,2,2023.0,1.0,5.0,1,0,0,0,0.0,0.0,0.0,0.0,0,0,61.75,7.88986691902975,0,0,4,0.0,0.0,1
A-2023-01-66,2023-01-28,04:40,CHOQUE,1,5,2,ICA,NASCA,NASCA,RURAL,CARRETERA,NACIONAL,PE-1S,-14.987353,-74.995931,DESPEJADO,RURAL,CURVA,INCLINADA,ASFALTADA,SI,REGULADORA (R),,NO,EN PROCESO DE INVESTIGACIÓN,NO CUENTA CON CAUSA ESPECIFICA,4.0,0,2023.0,1.0,5.0,1,0,0,0,0.0,1.0,0.0,1.0,0,1,36.8,17.035257556021865,0,1,6,0.0,0.167,1
A-2023-01-161,2023-01-28,06:17,ATROPELLO,1,0,0,LIMA,LIMA,ATE,URBANA,CARRETERA,NACIONAL,PE-22,-12.01389364,-76.88334248,DESPEJADO,COMERCIAL,TRAMO RECTO,PLANA ,ASFALTADA,,,,,IMPRUDENCIA DEL PEATÓN,OTRO (IMPRUDENCIA DEL PEATÓN),6.0,0,2023.0,1.0,5.0,1,1,0,0,0.0,0.0,0.0,0.0,0,0,40.0,5.656854249492381,0,1,2,0.0,0.5,0
A-2023-01-356,2023-01-28,09:20,DESPISTE,1,4,1,JUNIN,TARMA,TAPO,RURAL,CARRETERA,DEPARTAMENTAL,JU-103,-11.373768276490434,-75.56094453457678,DESPEJADO,RURAL,CURVA,PLANA ,ASFALTADA,,,,,EN PROCESO DE INVESTIGACIÓN,NO CUENTA CON CAUSA ESPECIFICA,9.0,0,2023.0,1.0,5.0,1,1,0,1,0.0,0.0,0.0,0.0,0,0,23.6,15.12613632095123,0,0,5,0.0,0.0,0
A-2023-01-72,2023-01-28,16:30,DESPISTE,1,4,1,CUSCO,LA CONVENCION,HUAYOPATA,RURAL,CARRETERA,NACIONAL,PE-28B,-13.075151,-72.398731,LLUVIOSO,RURAL,CURVA,INCLINADA,ASFALTADA,SI,PREVENTIVA (P),,SI,IMPRUDENCIA DEL CONDUCTOR,FATIGA Y/O CANSANCIO,16.0,0,2023.0,1.0,5.0,1,2,0,1,0.0,1.0,0.0,1.0,1,0,38.4,13.740451229854134,0,1,5,0.0,0.2,0
A-2023-01-103,2023-01-28,23:18,ATROPELLO,1,0,0,JUNIN,HUANCAYO,PILCOMAYO,URBANA,CARRETERA,NACIONAL,PE-3SB,-12.0463081,-75.2508535,DESPEJADO,RESIDENCIAL,INTERSECCIÓN,PLANA ,ASFALTADA,SI,PREVENTIVA (P),REGULADORA (R),SI,EN PROCESO DE INVESTIGACIÓN,NO CUENTA CON CAUSA ESPECIFICA,23.0,0,2023.0,1.0,5.0,1,3,0,1,0.0,0.0,0.0,0.0,0,0,41.0,9.899494936611665,0,0,2,0.0,0.0,1
A-2024-01-102-A,2023-01-29,07:30,DESPISTE,1,1,0,JUNIN,TARMA,TAPO,RURAL,CARRETERA,DEPARTAMENTAL,JU-103,-11.39241632526416,-75.56244605493632,DESPEJADO,RURAL,CURVA,PLANA ,TROCHA,,,,,EN PROCESO DE INVESTIGACIÓN,NO CUENTA CON CAUSA ESPECIFICA,7.0,0,2023.0,1.0,6.0,1,1,0,1,0.0,0.0,2.0,2.0,0,0,33.0,5.656854249492381,0,0,2,0.0,0.0,0
A-2023-01-158,2023-01-29,08:24,ATROPELLO FUGA,1,0,0,LIMA,LIMA,LURIN,URBANA,AVENIDA,URBANO,NO CORRESPONDE,-12.24223259,-76.86837913,DESPEJADO,RESIDENCIAL,CURVA,PLANA ,ASFALTADA,,,,,IMPRUDENCIA DEL CONDUCTOR,OTRO (IMPRUDENCIA DEL CONDUCTOR),8.0,0,2023.0,1.0,6.0,1,1,0,0,1.0,0.0,0.0,1.0,0,0,35.0,24.041630560342615,0,1,2,0.0,0.5,0
A-2023-01-36,2023-01-29,11:10,DESPISTE,2,0,1,AREQUIPA,AREQUIPA,YURA,RURAL,CARRETERA,NACIONAL,PE-34A,-16.104889,-71.618319,DESPEJADO,RURAL,CURVA,INCLINADA,ASFALTADA,NO,,,SI,EN PROCESO DE INVESTIGACIÓN,NO CUENTA CON CAUSA ESPECIFICA,11.0,1,2023.0,1.0,6.0,1,1,0,0,0.0,1.0,0.0,1.0,0,1,70.5,3.5355339059327378,0,1,2,0.0,0.5,0
A-2023-01-159,2023-01-29,15:30,ATROPELLO,1,0,0,LIMA,LIMA,COMAS,URBANA,AVENIDA,URBANO,NO CORRESPONDE,-11.95293236,-77.05133771,DESPEJADO,ESCOLAR,INTERSECCIÓN,INCLINADA,ASFALTADA,NO,,,SI,EN PROCESO DE INVESTIGACIÓN,NO CUENTA CON CAUSA ESPECIFICA,15.0,0,2023.0,1.0,6.0,1,2,0,0,1.0,1.0,0.0,2.0,0,1,37.5,6.363961030678928,0,0,2,0.0,0.0,0
A-2023-01-100,2023-01-29,16:00,DESPISTE,1,1,1,LAMBAYEQUE,FERREÑAFE,FERREÑAFE,RURAL,CARRETERA,DEPARTAMENTAL,LA-111,-6.5958054,-79.7866521,DESPEJADO,RURAL,TRAMO RECTO,PLANA ,ASFALTADA,,,,,EN PROCESO DE INVESTIGACIÓN,NO CUENTA CON CAUSA ESPECIFICA,16.0,0,2023.0,1.0,6.0,1,2,0,0,0.0,0.0,0.0,0.0,0,0,57.0,0.0,0,0,2,0.0,0.0,0
A-2023-01-99,2023-01-29,19:45,CHOQUE,1,0,2,LAMBAYEQUE,CHICLAYO,PUCALA,RURAL,CARRETERA,DEPARTAMENTAL,LA-117,-6.7743365,-79.6101911,DESPEJADO,RURAL,TRAMO RECTO,PLANA ,ASFALTADA,,,,,EN PROCESO DE INVESTIGACIÓN,NO CUENTA CON CAUSA ESPECIFICA,19.0,0,2023.0,1.0,6.0,1,3,0,0,0.0,0.0,0.0,0.0,0,0,48.0,33.94112549695428,0,0,2,0.0,0.0,1
A-2023-01-85,2023-01-29,21:30,CHOQUE FUGA,1,0,2,CAJAMARCA,JAEN,BELLAVISTA,RURAL,CARRETERA,PROVINCIAL,CA-745,-5.66332,-78.65324833,DESPEJADO,RURAL,TRAMO RECTO,PLANA ,ASFALTADA,NO,,,SI,EN PROCESO DE INVESTIGACIÓN,NO CUENTA CON CAUSA ESPECIFICA,21.0,0,2023.0,1.0,6.0,1,3,0,1,0.0,0.0,0.0,0.0,0,1,21.0,1.4142135623730951,0,0,2,0.0,0.0,1
A-2023-01-48,2023-01-29,23:30,DESPISTE,1,0,1,LA LIBERTAD,VIRU,VIRU,URBANA,CARRETERA,NACIONAL,PE-1N,-8.45586055986174,-78.728059441547,DESPEJADO,RURAL,TRAMO RECTO,PLANA ,ASFALTADA,,,,,IMPRUDENCIA DEL CONDUCTOR,OTRO (IMPRUDENCIA DEL CONDUCTOR),23.0,0,2023.0,1.0,6.0,1,3,0,0,0.0,0.0,0.0,0.0,0,0,27.0,0.0,0,1,1,0.0,1.0,1
A-2023-01-160,2023-01-30,01:10,ATROPELLO FUGA,1,0,0,LIMA,LIMA,VILLA EL SALVADOR,RURAL,CARRETERA,NACIONAL,PE-1S,-12.231327467703029,-76.96538686033865,DESPEJADO,INDUSTRIAL,CURVA,PLANA ,ASFALTADA,,,,,IMPRUDENCIA DEL CONDUCTOR,EXCESO DE VELOCIDAD,1.0,0,2023.0,1.0,0.0,0,0,0,0,0.0,0.0,0.0,0.0,0,0,41.0,0.0,0,0,2,0.0,0.0,1
A-2023-01-49,2023-01-30,05:50,CHOQUE FUGA,1,0,1,LA LIBERTAD,ASCOPE,CASA GRANDE,RURAL,CARRETERA,PROVINCIAL,LI-619,-7.729282309935309,-79.16461584631057,DESPEJADO,RURAL,TRAMO RECTO,PLANA ,CONCRETO,,,,,EN PROCESO DE INVESTIGACIÓN,NO CUENTA CON CAUSA ESPECIFICA,5.0,0,2023.0,1.0,0.0,0,0,0,0,0.0,0.0,0.0,0.0,0,0,73.0,0.0,0,0,2,0.0,0.0,1
A-2023-01-62,2023-01-30,09:00,DESPISTE,1,1,1,APURIMAC,ANDAHUAYLAS,ANDAHUAYLAS,RURAL,CARRETERA,NACIONAL,PE-30B,-13.872184,-73.398548,DESPEJADO,RURAL,CURVA,PLANA ,TROCHA,,,,,IMPRUDENCIA DEL CONDUCTOR,OTRO (IMPRUDENCIA DEL CONDUCTOR),9.0,0,2023.0,1.0,0.0,0,1,0,1,0.0,0.0,2.0,2.0,0,0,43.0,1.4142135623730951,0,0,2,0.0,0.0,0
A-2023-01-75,2023-01-30,09:30,CAÍDA DE PASAJERO,1,0,0,CAJAMARCA,CAJAMARCA,CAJAMARCA,URBANA,JIRÓN,URBANO,NO CORRESPONDE,-7.15731667,-78.52361,DESPEJADO,RESIDENCIAL,INTERSECCIÓN,INCLINADA,ASFALTADA,,,,,EN PROCESO DE INVESTIGACIÓN,NO CUENTA CON CAUSA ESPECIFICA,9.0,0,2023.0,1.0,0.0,0,1,0,1,1.0,1.0,0.0,2.0,0,0,49.5,23.33452377915607,0,0,2,0.0,0.0,0
A-2023-01-52,2023-01-30,09:54,CHOQUE,1,6,2,ANCASH,HUARAZ,OLLEROS,RURAL,CARRETERA,NACIONAL,PE-3N,-9.62729801785534,-77.4987975439949,DESPEJADO,RURAL,CURVA,PLANA ,ASFALTADA,SI,PREVENTIVA (P),INFORMATIVA (I),SI,IMPRUDENCIA DEL CONDUCTOR,INVASIÓN DE CARRIL,9.0,0,2023.0,1.0,0.0,0,1,0,0,0.0,0.0,0.0,0.0,0,0,48.75,15.763882770434446,0,1,8,0.0,0.125,0
A-2023-01-84,2023-01-30,10:00,DESPISTE,2,2,1,CAJAMARCA,CUTERVO,QUEROCOTILLO,RURAL,CARRETERA,PROVINCIAL,CA-824,-6.1451333,-79.01643833,DESPEJADO,RURAL,SINUOSA,INCLINADA,AFIRMADO,,,,,IMPRUDENCIA DEL CONDUCTOR,EXCESO DE VELOCIDAD,10.0,1,2023.0,1.0,0.0,0,1,0,1,0.0,1.0,1.0,2.0,0,0,39.25,9.810708435174291,0,0,4,0.0,0.0,0
A-2023-01-129,2023-01-30,19:20,CHOQUE,1,1,0,MADRE DE DIOS,TAMBOPATA,LAS PIEDRAS,RURAL,CARRETERA,NACIONAL,PE-30C,-11.95189,-69.130112,,,,,,,,,,EN PROCESO DE INVESTIGACIÓN,NO CUENTA CON CAUSA ESPECIFICA,19.0,0,2023.0,1.0,0.0,0,3,0,2,0.0,1.0,1.0,2.0,0,0,47.0,4.242640687119285,0,0,2,0.0,0.0,1
A-2023-01-56,2023-01-30,19:30,CHOQUE CON OBJETO FIJO,1,1,1,CUSCO,URUBAMBA,URUBAMBA,URBANA,CARRETERA,NACIONAL,PE-28B,-13.278097,-72.187868,DESPEJADO,RESIDENCIAL,TRAMO RECTO,PLANA ,ASFALTADA,SI,REGULADORA (R),REGULADORA (R),NO,NEGLIGENCIA DEL CONDUCTOR,OTRO (NEGLIGENCIA DEL CONDUCTOR),19.0,0,2023.0,1.0,0.0,0,3,0,1,0.0,0.0,0.0,0.0,0,1,12.5,6.363961030678928,0,0,2,0.0,0.0,1
A-2023-01-114,2023-01-30,20:20,CHOQUE,1,1,1,CALLAO,CALLAO,CALLAO,URBANA,AVENIDA,URBANO,NO CORRESPONDE,-12.0447968,-77.138117617,DESPEJADO,RESIDENCIAL,TRAMO RECTO,PLANA ,ASFALTADA,,,,,IMPRUDENCIA DEL CONDUCTOR,OTRO (IMPRUDENCIA DEL CONDUCTOR),20.0,0,2023.0,1.0,0.0,0,3,0,0,1.0,0.0,0.0,1.0,0,0,39.0,8.48528137423857,0,1,2,0.0,0.5,1
A-2023-01-162,2023-01-31,02:00,CHOQUE,1,0,0,LIMA,LIMA,ATE,URBANA,AVENIDA,URBANO,NO CORRESPONDE,-12.006141198990106,-76.82987693056809,DESPEJADO,RESIDENCIAL,TRAMO RECTO,PLANA ,ASFALTADA,,,,,IMPRUDENCIA DEL CONDUCTOR,NO ESTABLECER EL DERECHO DE PASO,2.0,0,2023.0,1.0,1.0,0,0,0,0,1.0,0.0,0.0,1.0,0,0,44.0,26.870057685088806,0,1,2,0.0,0.5,1
A-2023-01-57,2023-01-31,09:20,DESPISTE,1,1,1,JUNIN,HUANCAYO,CULLHUAS,RURAL,CARRETERA,NACIONAL,PE-1NU,-12.211415,-75.174176,DESPEJADO,RURAL,TRAMO RECTO,PLANA ,ASFALTADA,,,,,IMPRUDENCIA DEL CONDUCTOR,EXCESO DE VELOCIDAD,9.0,0,2023.0,1.0,1.0,0,1,0,1,0.0,0.0,0.0,0.0,0,0,26.0,1.4142135623730951,0,0,2,0.0,0.0,0
A-2023-01-83,2023-01-31,17:00,DESPISTE,1,0,1,CAJAMARCA,CAJAMARCA,NAMORA,URBANA,CARRETERA,NACIONAL,PE-3N,-7.19434,-78.346385,DESPEJADO,RURAL,TRAMO RECTO,INCLINADA,ASFALTADA,NO,,,SI,IMPRUDENCIA DEL CONDUCTOR,EXCESO DE VELOCIDAD,17.0,0,2023.0,1.0,1.0,0,2,0,1,0.0,1.0,0.0,1.0,0,1,20.0,0.0,0,0,1,0.0,0.0,0
A-2023-01-86,2023-01-31,23:00,ATROPELLO,1,0,1,CAJAMARCA,CHOTA,CHOTA,URBANA,CARRETERA,NACIONAL,PE-3N,-6.606444,-78.623498,DESPEJADO,RESIDENCIAL,TRAMO RECTO,PLANA ,ASFALTADA,SI,REGULADORA (R),,SI,EN PROCESO DE INVESTIGACIÓN,NO CUENTA CON CAUSA ESPECIFICA,23.0,0,2023.0,1.0,1.0,0,3,0,1,0.0,0.0,0.0,0.0,0,0,36.0,0.0,0,0,1,0.0,0.0,1
A-2023-02-70,2023-02-01,05:50,ATROPELLO,1,0,0,ICA,CHINCHA,EL CARMEN,RURAL,CARRETERA,NACIONAL,PE-1S,-13.555881,-76.133432,DESPEJADO,RURAL,TRAMO RECTO,PLANA ,ASFALTADA,,,,,EN PROCESO DE INVESTIGACIÓN,NO CUENTA CON CAUSA ESPECIFICA,5.0,0,2023.0,2.0,2.0,0,0,0,0,0.0,0.0,0.0,0.0,0,0,0.0,0.0,0,0,2,0.0,0.0,1
A-2023-02-1,2023-02-01,06:00,ATROPELLO FUGA,1,0,0,TUMBES,TUMBES,CORRALES,RURAL,CARRETERA,NACIONAL,PE-1N,-3.608802608870834,-80.50536626830808,DESPEJADO,RURAL,TRAMO RECTO,PLANA ,ASFALTADA,,,,,IMPRUDENCIA DEL CONDUCTOR,NO DAR PASO PREFERENTE AL PEATÓN,6.0,0,2023.0,2.0,2.0,0,1,0,0,0.0,0.0,0.0,0.0,0,0,76.0,0.0,0,0,2,0.0,0.0,0
A-2023-02-7,2023-02-02,05:20,ATROPELLO FUGA,1,0,0,LA LIBERTAD,TRUJILLO,LAREDO,RURAL,CARRETERA,NACIONAL,PE-10A,-8.020921,-78.838109,DESPEJADO,RURAL,TRAMO RECTO,PLANA ,ASFALTADA,,,,,EN PROCESO DE INVESTIGACIÓN,NO CUENTA CON CAUSA ESPECIFICA,5.0,0,2023.0,2.0,3.0,0,0,0,0,0.0,0.0,0.0,0.0,0,0,88.0,0.0,0,0,2,0.0,0.0,1
A-2023-02-133,2023-02-02,17:20,CHOQUE,1,0,0,LIMA,LIMA,VILLA EL SALVADOR,URBANA,AVENIDA,URBANO,NO CORRESPONDE,-12.22761005,-76.91558296,DESPEJADO,COMERCIAL,INTERSECCIÓN,PLANA ,ASFALTADA,,,,,IMPRUDENCIA DEL CONDUCTOR,CONDUCIR EN ESTADO DE EBRIEDAD Y/O DROGADICCIÓN,17.0,0,2023.0,2.0,3.0,0,2,0,0,1.0,0.0,0.0,1.0,0,0,33.0,14.142135623730951,0,0,2,0.0,0.0,0
A-2023-02-83,2023-02-02,17:45,CHOQUE,1,1,2,JUNIN,YAULI,SANTA BARBARA DE CARHUACAYAN,RURAL,CARRETERA,PROVINCIAL,JU-507,-11.2757786,-76.4418053,NEVADO,RURAL,CURVA,INCLINADA,ASFALTADA,SI,PREVENTIVA (P),,NO,IMPRUDENCIA DEL CONDUCTOR,INVASIÓN DE CARRIL,17.0,0,2023.0,2.0,3.0,0,2,0,1,0.0,1.0,0.0,1.0,0,1,55.333333333333336,16.772994167212165,0,0,3,0.0,0.0,0
A-2023-02-53,2023-02-03,04:50,CHOQUE CON OBJETO FIJO,1,0,1,LIMA,HUAURA,SAYAN,RURAL,CARRETERA,PROVINCIAL,LM-659,-11.23685,-77.39496,DESPEJADO,RURAL,CURVA,PLANA ,ASFALTADA,,,,,IMPRUDENCIA DEL CONDUCTOR,OTRO (IMPRUDENCIA DEL CONDUCTOR),4.0,0,2023.0,2.0,4.0,0,0,0,0,0.0,0.0,0.0,0.0,0,0,24.0,0.0,0,1,1,0.0,1.0,1
A-2023-02-108,2023-02-03,22:00,VOLCADURA,2,0,0,APURIMAC,AYMARAES,POCOHUANCA,RURAL,CARRETERA,SIN CLASIFICAR,SIN CLASIFICAR,-14.219099232586109,-73.08585079290788,,,,,,,,,,EN PROCESO DE INVESTIGACIÓN,NO CUENTA CON CAUSA ESPECIFICA,22.0,1,2023.0,2.0,4.0,0,3,0,1,0.0,1.0,1.0,2.0,0,0,32.5,0.7071067811865476,0,0,2,0.0,0.0,1
A-2023-02-64,2023-02-04,05:40,DESPISTE,1,5,0,CAJAMARCA,CHOTA,COCHABAMBA,RURAL,CARRETERA,NACIONAL,PE-3N,-6.48030333,-78.87960333,DESPEJADO,RURAL,SINUOSA,PLANA ,ASFALTADA,NO,,,SI,EN PROCESO DE INVESTIGACIÓN,NO CUENTA CON CAUSA ESPECIFICA,5.0,0,2023.0,2.0,5.0,1,0,0,1,0.0,0.0,0.0,0.0,0,1,23.428571428571427,19.060055463867734,0,0,7,0.0,0.0,1
A-2023-02-9,2023-02-04,11:00,DESPISTE,2,1,1,AREQUIPA,ISLAY,ISLAY,RURAL,CARRETERA,NACIONAL,PE-34,-16.9204153,-72.0492302,DESPEJADO,RURAL,OTRO,PLANA ,ASFALTADA,SI,PREVENTIVA (P),,SI,EN PROCESO DE INVESTIGACIÓN,NO CUENTA CON CAUSA ESPECIFICA,11.0,1,2023.0,2.0,5.0,1,1,0,0,0.0,0.0,0.0,0.0,0,0,54.0,2.0,1,1,3,0.333,0.333,0
A-2023-02-2,2023-02-04,17:45,CHOQUE,1,0,2,SAN MARTIN,MOYOBAMBA,CALZADA,URBANA,CARRETERA,NACIONAL,PE-5NE,-6.041167,-77.134194,DESPEJADO,RESIDENCIAL,TRAMO RECTO,PLANA ,ASFALTADA,SI,PREVENTIVA (P),PREVENTIVA (P),NO,IMPRUDENCIA DEL CONDUCTOR,OTRO (IMPRUDENCIA DEL CONDUCTOR),17.0,0,2023.0,2.0,5.0,1,2,0,2,0.0,0.0,0.0,0.0,0,1,56.0,1.4142135623730951,0,1,2,0.0,0.5,0
A-2023-02-100,2023-02-04,19:50,ATROPELLO FUGA,1,0,1,JUNIN,JAUJA,ATAURA,URBANA,CARRETERA,NACIONAL,PE-3S,-11.792625,-75.462974,LLUVIOSO,RURAL,TRAMO RECTO,PLANA ,ASFALTADA,,,,,EN PROCESO DE INVESTIGACIÓN,NO CUENTA CON CAUSA ESPECIFICA,19.0,0,2023.0,2.0,5.0,1,3,0,1,0.0,0.0,0.0,0.0,1,0,48.5,14.849242404917497,0,1,2,0.0,0.5,1
A-2023-02-158,2023-02-04,20:00,ATROPELLO FUGA,1,0,0,CAJAMARCA,CAJAMARCA,LLACANORA,RURAL,CARRETERA,NACIONAL,PE-3N,-7.20721063347287,-78.3870052610324,DESPEJADO,RURAL,TRAMO RECTO,INCLINADA,ASFALTADA,SI,PREVENTIVA (P),,SI,EN PROCESO DE INVESTIGACIÓN,NO CUENTA CON CAUSA ESPECIFICA,20.0,0,2023.0,2.0,5.0,1,3,0,1,0.0,1.0,0.0,1.0,0,0,39.0,0.0,0,0,2,0.0,0.0,1