CODIGO_SINIESTRO,FECHA_SINIESTRO,HORA_SINIESTRO,CLASE_SINIESTRO,CANTIDAD_FALLECIDOS,CANTIDAD_LESIONADOS,CANTIDAD_VEHICULOS,DEPARTAMENTO,PROVINCIA,DISTRITO,ZONA,TIPO_VIA,RED_VIAL,COD_CARRETERA,LATITUD,LONGITUD,CONDICION_CLIMATICA,ZONIFICACION,CARACTERISTICAS_VIA,PERFIL_VIA,SUPERFICIE_CALZADA,EXISTE_SENIAL_VERTICAL,CLASIFICACION_SENIAL_VERTICAL_1,CLASIFICACION_SENIAL_VERTICAL_2,EXISTE_SENIAL_HORIZONTAL,CAUSA_FACTOR_PRINCIPAL,CAUSA_ESPECIFICA,HORA,severidad,ANIO,MES,DIA_SEMANA,FIN_SEMANA,FRANJA_HORARIA,TEMPORADA,MACROREGION,TIPO_VIA_SCORE,PERFIL_VIA_SCORE,SUPERFICIE_CALZADA_SCORE,RIESGO_INFRAESTRUCTURA,RIESGO_CLIMATICO,SENIALIZACION_DEFICIENTE,EDAD_PROMEDIO,EDAD_STD,TOTAL_ALCOHOL,TOTAL_LICENCIA,TOTAL_PERSONAS,PCT_ALCOHOL,PCT_LICENCIA,ES_NOCHE
A-2023-02-65,2023-02-05,02:20,ATROPELLO FUGA,1,0,0,CAJAMARCA,SAN IGNACIO,NAMBALLE,RURAL,CARRETERA,NACIONAL,PE-3N,-5.01839740966754,-79.0873508050405,DESPEJADO,RURAL,SINUOSA,INCLINADA,ASFALTADA,,,,,EN PROCESO DE INVESTIGACIÓN,NO CUENTA CON CAUSA ESPECIFICA,2.0,0,2023.0,2.0,6.0,1,0,0,1,0.0,1.0,0.0,1.0,0,0,45.0,0.0,0,0,2,0.0,0.0,1
A-2023-02-163,2023-02-05,07:45,CHOQUE,1,1,0,LIMA,BARRANCA,BARRANCA,URBANA,AVENIDA,URBANO,NO CORRESPONDE,-10.769341,-77.76097,,,,,,,,,,EN PROCESO DE INVESTIGACIÓN,NO CUENTA CON CAUSA ESPECIFICA,7.0,0,2023.0,2.0,6.0,1,1,0,0,1.0,1.0,1.0,3.0,0,0,21.0,1.4142135623730951,0,0,2,0.0,0.0,0
A-2023-02-74,2023-02-05,10:40,DESPISTE,1,2,0,LAMBAYEQUE,CHICLAYO,PATAPO,RURAL,CARRETERA,DEPARTAMENTAL,LA-117,-6.7396095,-79.6405712,DESPEJADO,RURAL,TRAMO RECTO,PLANA ,ASFALTADA,,,,,EN PROCESO DE INVESTIGACIÓN,NO CUENTA CON CAUSA ESPECIFICA,10.0,0,2023.0,2.0,6.0,1,1,0,0,0.0,0.0,0.0,0.0,0,0,52.0,9.899494936611665,0,0,4,0.0,0.0,0
A-2023-02-10,2023-02-05,16:45,CHOQUE,1,0,3,AREQUIPA,AREQUIPA,LA JOYA,RURAL,CARRETERA,NACIONAL,PE-34,-16.62429,-71.87165,DESPEJADO,RURAL,TRAMO RECTO,PLANA ,ASFALTADA,NO,,,SI,EN PROCESO DE INVESTIGACIÓN,NO CUENTA CON CAUSA ESPECIFICA,16.0,0,2023.0,2.0,6.0,1,2,0,0,0.0,0.0,0.0,0.0,0,1,43.0,20.944370763206674,0,3,4,0.0,0.75,0
A-2023-02-123,2023-02-05,17:38,DESPISTE,1,0,1,PIURA,PIURA,PIURA,URBANA,CARRETERA,PROVINCIAL,PI-984,-5.1876936,-80.626569,DESPEJADO,RURAL,TRAMO RECTO,PLANA ,ASFALTADA,,,,,IMPRUDENCIA DEL CONDUCTOR,CONDUCIR EN ESTADO DE EBRIEDAD Y/O DROGADICCIÓN,17.0,0,2023.0,2.0,6.0,1,2,0,0,0.0,0.0,0.0,0.0,0,0,60.0,0.0,1,1,1,1.0,1.0,0
A-2023-02-57,2023-02-05,19:30,ATROPELLO,1,0,1,CUSCO,QUISPICANCHI,ANDAHUAYLILLAS,RURAL,CARRETERA,NACIONAL,PE-28B,-13.605801870107378,-71.72711387009552,DESPEJADO,RURAL,TRAMO RECTO,PLANA ,ASFALTADA,NO,,,NO,IMPRUDENCIA DEL CONDUCTOR,EXCESO DE VELOCIDAD,19.0,0,2023.0,2.0,6.0,1,3,0,1,0.0,0.0,0.0,0.0,0,2,57.0,25.45584412271571,0,0,2,0.0,0.0,1
A-2023-02-8,2023-02-05,19:45,ATROPELLO,1,0,1,LA LIBERTAD,TRUJILLO,HUANCHACO,RURAL,CARRETERA,NACIONAL,PE-1N,-8.003237,-79.071385,DESPEJADO,COMERCIAL,TRAMO RECTO,PLANA ,ASFALTADA,,,,,IMPRUDENCIA DEL PEATÓN,CRUCE INDEBIDO POR LA CALZADA,19.0,0,2023.0,2.0,6.0,1,3,0,0,0.0,0.0,0.0,0.0,0,0,68.0,22.627416997969522,0,1,2,0.0,0.5,1
A-2023-02-54,2023-02-05,22:44,DESPISTE,1,0,1,CUSCO,CALCA,TARAY,RURAL,CARRETERA,NACIONAL,PE-28G,-13.425327,-71.861593,DESPEJADO,RURAL,CURVA,PLANA ,ASFALTADA,SI,PREVENTIVA (P),,SI,IMPRUDENCIA DEL CONDUCTOR,EXCESO DE VELOCIDAD,22.0,0,2023.0,2.0,6.0,1,3,0,1,0.0,0.0,0.0,0.0,0,0,47.0,0.0,0,1,1,0.0,1.0,1
A-2023-02-3,2023-02-06,01:15,CHOQUE,1,0,2,SAN MARTIN,RIOJA,ELIAS SOPLIN VARGAS,URBANA,CARRETERA,NACIONAL,PE-5N,-5.970251,-77.292919,DESPEJADO,COMERCIAL,TRAMO RECTO,PLANA ,ASFALTADA,,,,,IMPRUDENCIA DEL CONDUCTOR,OTRO (IMPRUDENCIA DEL CONDUCTOR),1.0,0,2023.0,2.0,0.0,0,0,0,2,0.0,0.0,0.0,0.0,0,0,34.5,2.1213203435596424,0,2,2,0.0,1.0,1
A-2023-02-94,2023-02-06,03:45,CHOQUE,1,1,2,ANCASH,SANTA,NEPEÑA,URBANA,CARRETERA,NACIONAL,PE-1N,-9.234863491354368,-78.4485196935065,DESPEJADO,RURAL,TRAMO RECTO,PLANA ,ASFALTADA,SI,REGULADORA (R),,SI,IMPRUDENCIA DEL CONDUCTOR,EXCESO DE VELOCIDAD,3.0,0,2023.0,2.0,0.0,0,0,0,0,0.0,0.0,0.0,0.0,0,0,28.0,8.18535277187245,0,1,3,0.0,0.333,1
A-2023-02-13,2023-02-06,12:30,DESPISTE,1,1,1,AREQUIPA,ISLAY,PUNTA DE BOMBON,RURAL,CARRETERA,NACIONAL,PE-1SD,-17.1690929,-71.7867987,DESPEJADO,RURAL,TRAMO RECTO,PLANA ,ASFALTADA,NO,,,SI,EN PROCESO DE INVESTIGACIÓN,NO CUENTA CON CAUSA ESPECIFICA,12.0,0,2023.0,2.0,0.0,0,2,0,0,0.0,0.0,0.0,0.0,0,1,60.0,1.4142135623730951,0,0,2,0.0,0.0,0
A-2023-02-11,2023-02-06,19:30,CHOQUE,1,0,2,LA LIBERTAD,PACASMAYO,GUADALUPE,URBANA,CARRETERA,NACIONAL,PE-1N,-7.237837,-79.458427,DESPEJADO,INDUSTRIAL,TRAMO RECTO,PLANA ,ASFALTADA,,,,,IMPRUDENCIA DEL CONDUCTOR,NO ESTABLECER EL DERECHO DE PASO,19.0,0,2023.0,2.0,0.0,0,3,0,0,0.0,0.0,0.0,0.0,0,0,44.0,26.870057685088806,0,0,2,0.0,0.0,1
A-2023-02-14,2023-02-07,04:00,DESPISTE,1,4,1,ANCASH,HUARI,CHAVIN DE HUANTAR,RURAL,CARRETERA,DEPARTAMENTAL,AN-110,-9.66429274469711,-77.1989777849882,DESPEJADO,RURAL,CURVA,INCLINADA,CONCRETO,SI,PREVENTIVA (P),PREVENTIVA (P),NO,IMPRUDENCIA DEL CONDUCTOR,EXCESO DE VELOCIDAD,4.0,0,2023.0,2.0,1.0,0,0,0,0,0.0,1.0,0.0,1.0,0,1,34.0,17.175564037317667,0,1,5,0.0,0.2,1
A-2023-02-124,2023-02-07,08:30,DESPISTE,1,2,1,PIURA,MORROPON,LA MATANZA,RURAL,CARRETERA,NACIONAL,PE-1NJ,-5.336733,-80.073728,DESPEJADO,RURAL,TRAMO RECTO,PLANA ,ASFALTADA,,,,,IMPRUDENCIA DEL CONDUCTOR,EXCESO DE VELOCIDAD,8.0,0,2023.0,2.0,1.0,0,1,0,0,0.0,0.0,0.0,0.0,0,0,34.333333333333336,4.72581562625261,0,1,3,0.0,0.333,0
A-2023-02-134,2023-02-07,09:30,CHOQUE,1,0,0,LIMA,LIMA,PUENTE PIEDRA,URBANA,CARRETERA,NACIONAL,PE-1N,-11.850768,-77.091932,DESPEJADO,COMERCIAL,TRAMO RECTO,PLANA ,ASFALTADA,,,,,EN PROCESO DE INVESTIGACIÓN,NO CUENTA CON CAUSA ESPECIFICA,9.0,0,2023.0,2.0,1.0,0,1,0,0,0.0,0.0,0.0,0.0,0,0,22.0,9.899494936611665,0,2,2,0.0,1.0,0
A-2023-02-66,2023-02-07,14:40,CHOQUE,1,0,2,CAJAMARCA,CAJAMARCA,CAJAMARCA,URBANA,AVENIDA,URBANO,NO CORRESPONDE,-7.14775811053,-78.5183507407451,SOLEADO,RESIDENCIAL,INTERSECCIÓN,PLANA ,ASFALTADA,,,,,EN PROCESO DE INVESTIGACIÓN,NO CUENTA CON CAUSA ESPECIFICA,14.0,0,2023.0,2.0,1.0,0,2,0,1,1.0,0.0,0.0,1.0,0,0,35.5,9.192388155425117,0,0,2,0.0,0.0,0
A-2023-02-135,2023-02-07,20:40,ATROPELLO,1,0,0,LIMA,LIMA,PUENTE PIEDRA,URBANA,CARRETERA,NACIONAL,PE-1N,-11.835905,-77.110451,DESPEJADO,RESIDENCIAL,PUENTE,PLANA ,ASFALTADA,,,,,IMPRUDENCIA DEL PEATÓN,OTRO (IMPRUDENCIA DEL PEATÓN),20.0,0,2023.0,2.0,1.0,0,3,0,0,0.0,0.0,0.0,0.0,0,0,32.0,5.656854249492381,0,1,2,0.0,0.5,1
A-2023-02-136,2023-02-07,20:45,ATROPELLO,1,0,0,LIMA,LIMA,PUCUSANA,URBANA,CARRETERA,NACIONAL,PE-1S,-12.458473,-76.753223,DESPEJADO,RURAL,TRAMO RECTO,PLANA ,ASFALTADA,,,,,IMPRUDENCIA DEL PEATÓN,OTRO (IMPRUDENCIA DEL PEATÓN),20.0,0,2023.0,2.0,1.0,0,3,0,0,0.0,0.0,0.0,0.0,0,0,45.5,10.606601717798213,0,1,2,0.0,0.5,1
A-2023-02-137,2023-02-07,21:15,ATROPELLO,1,0,0,LIMA,LIMA,SANTA ANITA,URBANA,CARRETERA,NACIONAL,PE-1N,-12.053680727636,-76.97535993996986,DESPEJADO,COMERCIAL,TRAMO RECTO,PLANA ,ASFALTADA,,,,,IMPRUDENCIA DEL PEATÓN,OTRO (IMPRUDENCIA DEL PEATÓN),21.0,0,2023.0,2.0,1.0,0,3,0,0,0.0,0.0,0.0,0.0,0,0,40.0,21.213203435596427,0,1,2,0.0,0.5,1
A-2023-02-164,2023-02-08,14:40,CHOQUE,1,0,0,JUNIN,CHANCHAMAYO,PERENE,RURAL,CARRETERA,SIN CLASIFICAR,SIN CLASIFICAR,-10.8723366271618,-74.9187544055246,,,,,,,,,,EN PROCESO DE INVESTIGACIÓN,NO CUENTA CON CAUSA ESPECIFICA,14.0,0,2023.0,2.0,2.0,0,2,0,1,0.0,1.0,1.0,2.0,0,0,35.0,14.142135623730951,0,0,2,0.0,0.0,0
A-2023-02-138,2023-02-08,15:10,CHOQUE,1,1,0,LIMA,LIMA,VILLA EL SALVADOR,URBANA,AVENIDA,URBANO,NO CORRESPONDE,-12.19332227,-76.96688369,DESPEJADO,COMERCIAL,TRAMO RECTO,PLANA ,ASFALTADA,,,,,EN PROCESO DE INVESTIGACIÓN,NO CUENTA CON CAUSA ESPECIFICA,15.0,0,2023.0,2.0,2.0,0,2,0,0,1.0,0.0,0.0,1.0,0,0,40.333333333333336,17.243356208503418,0,1,3,0.0,0.333,0
A-2023-02-126,2023-02-08,18:50,DESPISTE,1,1,1,PIURA,SECHURA,SECHURA,URBANA,CARRETERA,PROVINCIAL,PI-1058,-5.576148,-80.821413,DESPEJADO,COMERCIAL,TRAMO RECTO,PLANA ,ASFALTADA,,,,,IMPRUDENCIA DEL CONDUCTOR,EXCESO DE VELOCIDAD,18.0,0,2023.0,2.0,2.0,0,3,0,0,0.0,0.0,0.0,0.0,0,0,26.5,16.263455967290593,0,0,2,0.0,0.0,1
A-2023-02-102,2023-02-09,04:40,DESPISTE,1,6,1,JUNIN,TARMA,SAN PEDRO DE CAJAS,RURAL,CARRETERA,NACIONAL,PE-3N,-11.2325400467819,-75.9393639449429,DESPEJADO,RURAL,TRAMO RECTO,PLANA ,ASFALTADA,SI,REGULADORA (R),,NO,IMPRUDENCIA DEL CONDUCTOR,OTRO (IMPRUDENCIA DEL CONDUCTOR),4.0,0,2023.0,2.0,3.0,0,0,0,1,0.0,0.0,0.0,0.0,0,1,40.42857142857143,17.037773161000654,0,0,7,0.0,0.0,1
A-2023-02-103,2023-02-09,09:30,ATROPELLO FUGA,1,0,0,JUNIN,JAUJA,MUQUIYAUYO,URBANA,CARRETERA,NACIONAL,PE-3SB,-11.817768,-75.456077,DESPEJADO,RURAL,TRAMO RECTO,PLANA ,ASFALTADA,SI,REGULADORA (R),,NO,EN PROCESO DE INVESTIGACIÓN,NO CUENTA CON CAUSA ESPECIFICA,9.0,0,2023.0,2.0,3.0,0,1,0,1,0.0,0.0,0.0,0.0,0,1,37.0,0.0,0,0,2,0.0,0.0,0
A-2023-02-47,2023-02-10,10:45,CAÍDA DE PASAJERO,1,0,0,CUSCO,CUSCO,SAN JERONIMO,URBANA,CARRETERA,PROVINCIAL,CU-1297,-13.549953,-71.891092,DESPEJADO,COMERCIAL,TRAMO RECTO,PLANA ,ASFALTADA,NO,,,SI,IMPRUDENCIA DEL PASAJERO/OCUPANTE,OTRO (IMPRUDENCIA DEL PASAJERO/OCUPANTE),10.0,0,2023.0,2.0,4.0,0,1,0,1,0.0,0.0,0.0,0.0,0,1,54.5,28.991378028648448,0,1,2,0.0,0.5,0
A-2023-02-12,2023-02-10,11:00,CHOQUE,1,0,2,LA LIBERTAD,SANCHEZ CARRION,MARCABAL,RURAL,CARRETERA,NACIONAL,PE-3N,-7.704554,-78.020546,DESPEJADO,RURAL,CURVA,INCLINADA,TROCHA,,,,,IMPRUDENCIA DEL CONDUCTOR,OTRO (IMPRUDENCIA DEL CONDUCTOR),11.0,0,2023.0,2.0,4.0,0,1,0,0,0.0,1.0,2.0,3.0,0,0,42.0,8.48528137423857,0,1,2,0.0,0.5,0
A-2023-02-75,2023-02-10,11:30,CHOQUE,1,0,2,LAMBAYEQUE,LAMBAYEQUE,OLMOS,RURAL,CARRETERA,NACIONAL,PE-1NJ,-5.7528335,-79.8637888,DESPEJADO,RURAL,INTERSECCIÓN,PLANA ,ASFALTADA,,,,,EN PROCESO DE INVESTIGACIÓN,NO CUENTA CON CAUSA ESPECIFICA,11.0,0,2023.0,2.0,4.0,0,1,0,0,0.0,0.0,0.0,0.0,0,0,49.0,28.284271247461902,0,2,2,0.0,1.0,0
A-2023-02-128,2023-02-10,15:00,CHOQUE,2,2,2,ICA,CHINCHA,EL CARMEN,RURAL,CARRETERA,NACIONAL,PE-1SE,-13.5531479,-76.1808916,DESPEJADO,RURAL,TRAMO RECTO,PLANA ,ASFALTADA,,,,,NEGLIGENCIA DEL CONDUCTOR,OTRO (NEGLIGENCIA DEL CONDUCTOR),15.0,1,2023.0,2.0,4.0,0,2,0,0,0.0,0.0,0.0,0.0,0,0,47.4,16.93517050401324,0,1,5,0.0,0.2,0
A-2023-02-61,2023-02-11,05:00,CHOQUE CON OBJETO FIJO,1,1,1,APURIMAC,CHINCHEROS,ANCO_HUALLO,RURAL,CARRETERA,NACIONAL,PE-3S,-13.546849,-73.652318,NUBLADO,RURAL,CURVA,PLANA ,ASFALTADA,SI,PREVENTIVA (P),REGULADORA (R),SI,INFRAESTRUCTURA Y ENTORNO VIAL,ABANDONO DE OBJETOS EN LA VÍA,5.0,0,2023.0,2.0,5.0,1,0,0,1,0.0,0.0,0.0,0.0,0,0,52.0,0.0,0,1,2,0.0,0.5,1
A-2023-02-96,2023-02-11,05:30,CHOQUE,1,0,3,PUNO,SAN ROMAN,CABANILLAS,RURAL,CARRETERA,NACIONAL,PE-34A,-15.6716812,-70.3756205,DESPEJADO,RURAL,CURVA,PLANA ,ASFALTADA,,,,,IMPRUDENCIA DEL CONDUCTOR,CONDUCIR EN SENTIDO CONTRARIO,5.0,0,2023.0,2.0,5.0,1,0,0,1,0.0,0.0,0.0,0.0,0,0,41.0,10.0,0,3,3,0.0,1.0,1
A-2023-02-69,2023-02-11,05:35,CAÍDA DE PASAJERO,1,0,0,CAJAMARCA,CAJAMARCA,CAJAMARCA,URBANA,CARRETERA,NACIONAL,PE-3N,-7.16844810049675,-78.5000551295241,DESPEJADO,RURAL,TRAMO RECTO,PLANA ,ASFALTADA,NO,,,SI,EN PROCESO DE INVESTIGACIÓN,NO CUENTA CON CAUSA ESPECIFICA,5.0,0,2023.0,2.0,5.0,1,0,0,1,0.0,0.0,0.0,0.0,0,1,34.5,19.091883092036785,0,0,2,0.0,0.0,1
A-2023-02-19,2023-02-11,11:00,CAÍDA DE PASAJERO,1,0,1,LA LIBERTAD,CHEPEN,PACANGA,RURAL,CARRETERA,NACIONAL,PE-1N,-7.107442,-79.502711,DESPEJADO,RURAL,TRAMO RECTO,PLANA ,ASFALTADA,,,,,IMPRUDENCIA DEL PEATÓN,OTRO (IMPRUDENCIA DEL PEATÓN),11.0,0,2023.0,2.0,5.0,1,1,0,0,0.0,0.0,0.0,0.0,0,0,28.5,10.606601717798213,0,1,2,0.0,0.5,0
A-2023-02-42,2023-02-11,11:00,ATROPELLO,1,0,0,CUSCO,CHUMBIVILCAS,VELILLE,URBANA,CARRETERA,NACIONAL,PE-3SG,-14.5104862527707,-71.8846521955976,,,,,,,,,,EN PROCESO DE INVESTIGACIÓN,NO CUENTA CON CAUSA ESPECIFICA,11.0,0,2023.0,2.0,5.0,1,1,0,1,0.0,1.0,1.0,2.0,0,0,17.5,19.091883092036785,0,0,2,0.0,0.0,0
A-2023-02-152,2023-02-11,11:20,ATROPELLO,1,0,0,LIMA,LIMA,LOS OLIVOS,URBANA,AVENIDA,URBANO,NO CORRESPONDE,-11.97889144,-77.07699822,DESPEJADO,COMERCIAL,TRAMO RECTO,PLANA ,ASFALTADA,SI,PREVENTIVA (P),PREVENTIVA (P),SI,EN PROCESO DE INVESTIGACIÓN,NO CUENTA CON CAUSA ESPECIFICA,11.0,0,2023.0,2.0,5.0,1,1,0,0,1.0,0.0,0.0,1.0,0,0,58.0,19.79898987322333,0,1,2,0.0,0.5,0
A-2023-02-114,2023-02-11,18:30,ATROPELLO,1,0,1,PUNO,SAN ROMAN,JULIACA,URBANA,JIRÓN,URBANO,NO CORRESPONDE,-15.469164245400664,-70.14080638570546,DESPEJADO,RESIDENCIAL,OTRO,PLANA ,ASFALTADA,,,,,NEGLIGENCIA DEL CONDUCTOR,OTRO (NEGLIGENCIA DEL CONDUCTOR),18.0,0,2023.0,2.0,5.0,1,3,0,1,1.0,0.0,0.0,1.0,0,0,16.0,22.627416997969522,0,1,2,0.0,0.5,1
A-2023-02-15,2023-02-11,19:05,CHOQUE,1,0,2,AREQUIPA,ISLAY,PUNTA DE BOMBON,RURAL,CARRETERA,NACIONAL,PE-1SD,-17.17519227,-71.7683892,DESPEJADO,RURAL,TRAMO RECTO,PLANA ,ASFALTADA,NO,,,SI,EN PROCESO DE INVESTIGACIÓN,NO CUENTA CON CAUSA ESPECIFICA,19.0,0,2023.0,2.0,5.0,1,3,0,0,0.0,0.0,0.0,0.0,0,1,52.5,9.192388155425117,0,1,2,0.0,0.5,1
A-2023-02-43,2023-02-11,20:10,ATROPELLO,1,0,1,ANCASH,HUARAZ,HUARAZ,RURAL,CARRETERA,NACIONAL,PE-3N,-9.559331324511644,-77.5391381909354,NUBLADO,RURAL,TRAMO RECTO,PLANA ,ASFALTADA,SI,REGULADORA (R),PREVENTIVA (P),NO,EN PROCESO DE INVESTIGACIÓN,NO CUENTA CON CAUSA ESPECIFICA,20.0,0,2023.0,2.0,5.0,1,3,0,0,0.0,0.0,0.0,0.0,0,1,41.5,6.363961030678928,0,1,2,0.0,0.5,1
A-2023-02-165,2023-02-11,23:40,CHOQUE,1,1,0,PASCO,OXAPAMPA,OXAPAMPA,URBANA,JIRÓN,URBANO,NO CORRESPONDE,-10.583475625844148,-75.40106932509597,,,,,,,,,,EN PROCESO DE INVESTIGACIÓN,NO CUENTA CON CAUSA ESPECIFICA,23.0,0,2023.0,2.0,5.0,1,3,0,1,1.0,1.0,1.0,3.0,0,0,35.333333333333336,9.865765724632496,0,0,3,0.0,0.0,1
A-2023-02-121,2023-02-12,01:30,DESPISTE,1,0,1,PIURA,MORROPON,CHULUCANAS,RURAL,CARRETERA,NACIONAL,PE-1NR,-5.00297,-80.22238,DESPEJADO,RURAL,CURVA,PLANA ,ASFALTADA,SI,PREVENTIVA (P),REGULADORA (R),NO,EN PROCESO DE INVESTIGACIÓN,NO CUENTA CON CAUSA ESPECIFICA,1.0,0,2023.0,2.0,6.0,1,0,0,0,0.0,0.0,0.0,0.0,0,1,47.0,0.0,0,0,2,0.0,0.0,1
A-2023-02-161,2023-02-12,04:00,CHOQUE FUGA,1,0,0,PIURA,PIURA,VEINTISEIS DE OCTUBRE,URBANA,CARRETERA,NACIONAL,PE-1N,-5.215316,-80.653421,DESPEJADO,RURAL,TRAMO RECTO,PLANA ,ASFALTADA,,,,,EN PROCESO DE INVESTIGACIÓN,NO CUENTA CON CAUSA ESPECIFICA,4.0,0,2023.0,2.0,6.0,1,0,0,0,0.0,0.0,0.0,0.0,0,0,22.5,0.7071067811865476,0,0,3,0.0,0.0,1
A-2023-02-76,2023-02-12,04:45,ATROPELLO FUGA,1,0,1,LAMBAYEQUE,LAMBAYEQUE,MORROPE,RURAL,CARRETERA,NACIONAL,PE-1N,-6.6232301,-79.9594697,DESPEJADO,RURAL,TRAMO RECTO,PLANA ,ASFALTADA,,,,,EN PROCESO DE INVESTIGACIÓN,NO CUENTA CON CAUSA ESPECIFICA,4.0,0,2023.0,2.0,6.0,1,0,0,0,0.0,0.0,0.0,0.0,0,0,45.0,0.0,0,0,2,0.0,0.0,1
A-2023-02-20,2023-02-12,06:00,ATROPELLO,1,0,1,LA LIBERTAD,PACASMAYO,SAN PEDRO DE LLOC,RURAL,CARRETERA,NACIONAL,PE-1N,-7.418904,-79.508174,DESPEJADO,RURAL,CURVA,PLANA ,ASFALTADA,,,,,IMPRUDENCIA DEL CONDUCTOR,CONDUCIR EN ESTADO DE EBRIEDAD Y/O DROGADICCIÓN,6.0,0,2023.0,2.0,6.0,1,1,0,0,0.0,0.0,0.0,0.0,0,0,42.0,9.899494936611665,0,1,2,0.0,0.5,0
A-2023-02-21,2023-02-12,06:00,ATROPELLO FUGA,1,0,0,LA LIBERTAD,TRUJILLO,EL PORVENIR,URBANA,AVENIDA,URBANO,NO CORRESPONDE,-8.071887,-79.021005,DESPEJADO,COMERCIAL,INTERSECCIÓN,PLANA ,ASFALTADA,,,,,EN PROCESO DE INVESTIGACIÓN,NO CUENTA CON CAUSA ESPECIFICA,6.0,0,2023.0,2.0,6.0,1,1,0,0,1.0,0.0,0.0,1.0,0,0,38.0,0.0,0,0,2,0.0,0.0,0
A-2023-02-109,2023-02-12,20:00,ATROPELLO,1,0,0,APURIMAC,ANTABAMBA,ANTABAMBA,URBANA,CALLE,URBANO,NO CORRESPONDE,-14.365396353275935,-72.87687602872857,,,,,,,,,,EN PROCESO DE INVESTIGACIÓN,NO CUENTA CON CAUSA ESPECIFICA,20.0,0,2023.0,2.0,6.0,1,3,0,1,2.0,1.0,1.0,4.0,0,0,25.5,6.363961030678928,0,0,2,0.0,0.0,1
A-2023-02-129,2023-02-12,22:15,ATROPELLO,1,0,1,ICA,CHINCHA,CHINCHA ALTA,URBANA,CARRETERA,NACIONAL,PE-26,-13.413549,-76.119516,DESPEJADO,RESIDENCIAL,TRAMO RECTO,PLANA ,ASFALTADA,,,,,IMPRUDENCIA DEL PEATÓN,ESTADO DE EBRIEDAD Y/O DROGADICCIÓN,22.0,0,2023.0,2.0,6.0,1,3,0,0,0.0,0.0,0.0,0.0,0,0,53.0,5.656854249492381,0,1,2,0.0,0.5,1
A-2023-02-16,2023-02-13,13:00,ESPECIAL,1,0,1,AREQUIPA,AREQUIPA,JACOBO HUNTER,URBANA,AVENIDA,URBANO,NO CORRESPONDE,-16.4435945,-71.5556462,DESPEJADO,COMERCIAL,TRAMO RECTO,INCLINADA,CONCRETO,,,,,EN PROCESO DE INVESTIGACIÓN,NO CUENTA CON CAUSA ESPECIFICA,13.0,0,2023.0,2.0,0.0,0,2,0,0,1.0,1.0,0.0,2.0,0,0,77.0,0.0,0,1,1,0.0,1.0,0
A-2023-02-110,2023-02-13,15:00,VOLCADURA,1,0,0,APURIMAC,GRAU,GAMARRA,RURAL,CARRETERA,PROVINCIAL,AP-907,-13.84172503427599,-72.57831755202824,,,,,,,,,,EN PROCESO DE INVESTIGACIÓN,NO CUENTA CON CAUSA ESPECIFICA,15.0,0,2023.0,2.0,0.0,0,2,0,1,0.0,1.0,1.0,2.0,0,0,58.0,0.0,0,0,1,0.0,0.0,0
A-2023-02-4,2023-02-13,19:00,ATROPELLO,1,4,1,HUANUCO,LEONCIO PRADO,PUCAYACU,RURAL,CARRETERA,NACIONAL,PE-5N,-8.799882,-76.124235,DESPEJADO,RURAL,TRAMO RECTO,PLANA ,ASFALTADA,SI,REGULADORA (R),PREVENTIVA (P),SI,EN PROCESO DE INVESTIGACIÓN,NO CUENTA CON CAUSA ESPECIFICA,19.0,0,2023.0,2.0,0.0,0,3,0,1,0.0,0.0,0.0,0.0,0,0,34.0,21.633307652783937,0,0,6,0.0,0.0,1
A-2023-02-22,2023-02-13,23:30,ATROPELLO FUGA,1,0,0,LA LIBERTAD,CHEPEN,CHEPEN,URBANA,CALLE,URBANO,NO CORRESPONDE,-7.231204,-79.422057,DESPEJADO,COMERCIAL,TRAMO RECTO,PLANA ,ASFALTADA,,,,,EN PROCESO DE INVESTIGACIÓN,NO CUENTA CON CAUSA ESPECIFICA,23.0,0,2023.0,2.0,0.0,0,3,0,0,2.0,0.0,0.0,2.0,0,0,39.0,0.0,0,0,2,0.0,0.0,1
A-2023-02-17,2023-02-14,00:15,DESPISTE,1,0,1,AREQUIPA,CAYLLOMA,MAJES,URBANA,AVENIDA,URBANO,NO CORRESPONDE,-16.3431233,-72.175876,DESPEJADO,RESIDENCIAL,INTERSECCIÓN,PLANA ,ASFALTADA,,,,,EN PROCESO DE INVESTIGACIÓN,NO CUENTA CON CAUSA ESPECIFICA,0.0,0,2023.0,2.0,1.0,0,0,0,0,1.0,0.0,0.0,1.0,0,0,21.0,0.0,0,0,1,0.0,0.0,1
A-2023-02-6,2023-02-14,09:45,DESPISTE,1,0,1,TUMBES,CONTRALMIRANTE VILLAR,ZORRITOS,RURAL,CARRETERA,NACIONAL,PE-1N,-3.6859205240924737,-80.69030458774681,SOLEADO,RURAL,TRAMO RECTO,PLANA ,ASFALTADA,,,,,IMPRUDENCIA DEL CONDUCTOR,OTRO (IMPRUDENCIA DEL CONDUCTOR),9.0,0,2023.0,2.0,1.0,0,1,0,0,0.0,0.0,0.0,0.0,0,0,35.0,0.0,0,1,1,0.0,1.0,0