CODIGO_SINIESTRO,FECHA_SINIESTRO,HORA_SINIESTRO,CLASE_SINIESTRO,CANTIDAD_FALLECIDOS,CANTIDAD_LESIONADOS,CANTIDAD_VEHICULOS,DEPARTAMENTO,PROVINCIA,DISTRITO,ZONA,TIPO_VIA,RED_VIAL,COD_CARRETERA,LATITUD,LONGITUD,CONDICION_CLIMATICA,ZONIFICACION,CARACTERISTICAS_VIA,PERFIL_VIA,SUPERFICIE_CALZADA,EXISTE_SENIAL_VERTICAL,CLASIFICACION_SENIAL_VERTICAL_1,CLASIFICACION_SENIAL_VERTICAL_2,EXISTE_SENIAL_HORIZONTAL,CAUSA_FACTOR_PRINCIPAL,CAUSA_ESPECIFICA,HORA,severidad,ANIO,MES,DIA_SEMANA,FIN_SEMANA,FRANJA_HORARIA,TEMPORADA,MACROREGION,TIPO_VIA_SCORE,PERFIL_VIA_SCORE,SUPERFICIE_CALZADA_SCORE,RIESGO_INFRAESTRUCTURA,RIESGO_CLIMATICO,SENIALIZACION_DEFICIENTE,EDAD_PROMEDIO,EDAD_STD,TOTAL_ALCOHOL,TOTAL_LICENCIA,TOTAL_PERSONAS,PCT_ALCOHOL,PCT_LICENCIA,ES_NOCHE
A-2023-02-139,2023-02-14,13:00,DESPISTE,1,2,0,LIMA,LIMA,CHORRILLOS,URBANA,CALLE,URBANO,NO CORRESPONDE,-12.19771641,-77.02461312,DESPEJADO,RESIDENCIAL,INTERSECCIÓN,PLANA ,ASFALTADA,,,,,IMPRUDENCIA DEL CONDUCTOR,OTRO (IMPRUDENCIA DEL CONDUCTOR),13.0,0,2023.0,2.0,1.0,0,2,0,0,2.0,0.0,0.0,2.0,0,0,52.333333333333336,10.26320287889377,0,1,3,0.0,0.333,0
A-2023-02-23,2023-02-14,18:00,CHOQUE,1,1,2,LA LIBERTAD,TRUJILLO,SALAVERRY,URBANA,CARRETERA,NACIONAL,PE-1N,-8.180820935495795,-78.98939246653913,DESPEJADO,COMERCIAL,TRAMO RECTO,PLANA ,ASFALTADA,,,,,IMPRUDENCIA DEL CONDUCTOR,INVASIÓN DE CARRIL,18.0,0,2023.0,2.0,1.0,0,3,0,0,0.0,0.0,0.0,0.0,0,0,26.666666666666668,15.044378795195678,0,1,3,0.0,0.333,1
A-2023-02-18,2023-02-14,19:30,CHOQUE,1,0,2,AREQUIPA,ISLAY,MOLLENDO,RURAL,CARRETERA,NACIONAL,PE-34,-16.710369,-71.93324,DESPEJADO,RURAL,TRAMO RECTO,PLANA ,ASFALTADA,SI,REGULADORA (R),,SI,EN PROCESO DE INVESTIGACIÓN,NO CUENTA CON CAUSA ESPECIFICA,19.0,0,2023.0,2.0,1.0,0,3,0,0,0.0,0.0,0.0,0.0,0,0,30.0,9.899494936611665,0,1,2,0.0,0.5,1
A-2023-02-140,2023-02-14,23:50,CHOQUE,1,0,0,LIMA,LIMA,LURIN,URBANA,CARRETERA,NACIONAL,PE-1S,-12.259001,-76.917202,DESPEJADO,INDUSTRIAL,TRAMO RECTO,PLANA ,ASFALTADA,,,,,IMPRUDENCIA DEL CONDUCTOR,OTRO (IMPRUDENCIA DEL CONDUCTOR),23.0,0,2023.0,2.0,1.0,0,3,0,0,0.0,0.0,0.0,0.0,0,0,29.0,2.8284271247461903,0,1,2,0.0,0.5,1
A-2023-02-104,2023-02-15,01:00,ATROPELLO FUGA,1,0,0,JUNIN,CONCEPCION,CONCEPCION,RURAL,CARRETERA,NACIONAL,PE-3S,-11.933564,-75.314174,LLUVIOSO,RURAL,CURVA,PLANA ,ASFALTADA,SI,REGULADORA (R),,NO,EN PROCESO DE INVESTIGACIÓN,NO CUENTA CON CAUSA ESPECIFICA,1.0,0,2023.0,2.0,2.0,0,0,0,1,0.0,0.0,0.0,0.0,1,1,64.0,0.0,0,0,2,0.0,0.0,1
A-2023-02-24,2023-02-15,11:55,DESPISTE,1,0,1,LA LIBERTAD,SANCHEZ CARRION,HUAMACHUCO,URBANA,CALLE,URBANO,NO CORRESPONDE,-7.8202042,-78.0389994,DESPEJADO,COMERCIAL,INTERSECCIÓN,PLANA ,ASFALTADA,,,,,EN PROCESO DE INVESTIGACIÓN,NO CUENTA CON CAUSA ESPECIFICA,11.0,0,2023.0,2.0,2.0,0,1,0,0,2.0,0.0,0.0,2.0,0,0,19.0,0.0,0,0,1,0.0,0.0,0
A-2023-02-141,2023-02-15,19:00,ATROPELLO,1,0,0,LIMA,LIMA,LOS OLIVOS,URBANA,AVENIDA,URBANO,NO CORRESPONDE,-11.981531303201123,-77.0722466886651,DESPEJADO,RESIDENCIAL,TRAMO RECTO,PLANA ,ASFALTADA,,,,,IMPRUDENCIA DEL CONDUCTOR,OTRO (IMPRUDENCIA DEL CONDUCTOR),19.0,0,2023.0,2.0,2.0,0,3,0,0,1.0,0.0,0.0,1.0,0,0,54.0,38.18376618407357,0,0,2,0.0,0.0,1
A-2023-02-154,2023-02-16,04:30,CHOQUE,1,1,2,UCAYALI,CORONEL PORTILLO,YARINACOCHA,URBANA,AVENIDA,URBANO,NO CORRESPONDE,-8.3805422,-74.569043,DESPEJADO,RESIDENCIAL,INTERSECCIÓN,PLANA ,CONCRETO,,,,,IMPRUDENCIA DEL CONDUCTOR,CONDUCIR EN SENTIDO CONTRARIO,4.0,0,2023.0,2.0,3.0,0,0,0,2,1.0,0.0,0.0,1.0,0,0,25.333333333333332,14.742229591663987,0,2,3,0.0,0.667,1
A-2023-02-45,2023-02-16,07:00,DESPISTE,1,1,1,ANCASH,RECUAY,CATAC,RURAL,CARRETERA,NACIONAL,PE-1NA,-9.803765383656309,-77.43352384188863,NUBLADO,RURAL,TRAMO RECTO,PLANA ,ASFALTADA,,,,,EN PROCESO DE INVESTIGACIÓN,NO CUENTA CON CAUSA ESPECIFICA,7.0,0,2023.0,2.0,3.0,0,1,0,0,0.0,0.0,0.0,0.0,0,0,61.5,13.435028842544403,0,1,2,0.0,0.5,0
A-2023-02-97,2023-02-16,08:30,ATROPELLO,1,0,1,PUNO,SAN ROMAN,JULIACA,RURAL,CARRETERA,NACIONAL,PE-3S,-15.537445,-70.113837,DESPEJADO,RURAL,TRAMO RECTO,PLANA ,ASFALTADA,,,,,IMPRUDENCIA DEL CONDUCTOR,EXCESO DE VELOCIDAD,8.0,0,2023.0,2.0,3.0,0,1,0,1,0.0,0.0,0.0,0.0,0,0,52.5,27.577164466275352,0,1,2,0.0,0.5,0
A-2023-02-142,2023-02-16,11:40,ATROPELLO,1,2,0,LIMA,LIMA,LIMA,URBANA,JIRÓN,URBANO,NO CORRESPONDE,-12.0484562,-77.01967504,DESPEJADO,COMERCIAL,TRAMO RECTO,PLANA ,ASFALTADA,,,,,IMPRUDENCIA DEL CONDUCTOR,GIRAR IMPRUDENTEMENTE,11.0,0,2023.0,2.0,3.0,0,1,0,0,1.0,0.0,0.0,1.0,0,0,35.0,22.861904265976328,0,1,4,0.0,0.25,0
A-2023-02-48,2023-02-16,12:00,ATROPELLO,1,0,0,TACNA,TACNA,CORONEL GREGORIO ALBARRACIN LANCHIPA,URBANA,AVENIDA,URBANO,NO CORRESPONDE,-18.046956,-70.256301,DESPEJADO,COMERCIAL,TRAMO RECTO,PLANA ,ASFALTADA,NO,,,SI,IMPRUDENCIA DEL CONDUCTOR,NO DAR PASO PREFERENTE AL PEATÓN,12.0,0,2023.0,2.0,3.0,0,2,0,0,1.0,0.0,0.0,1.0,0,1,50.5,30.405591591021544,0,1,2,0.0,0.5,0
A-2023-02-5,2023-02-16,21:00,VOLCADURA,1,0,1,PUNO,PUNO,PUNO,RURAL,CARRETERA,NACIONAL,PE-36B,-15.907341340571223,-70.0292319138402,DESPEJADO,RURAL,TRAMO RECTO,PLANA ,ASFALTADA,,,,,INFRAESTRUCTURA Y ENTORNO VIAL,ABANDONO DE OBJETOS EN LA VÍA,21.0,0,2023.0,2.0,3.0,0,3,0,1,0.0,0.0,0.0,0.0,0,0,32.0,15.556349186104045,0,1,2,0.0,0.5,1
A-2023-02-122,2023-02-17,01:00,DESPISTE,1,0,0,APURIMAC,ANDAHUAYLAS,SANTA MARIA DE CHICMO,RURAL,CARRETERA,NACIONAL,PE-3S,-13.65197,-73.525866,DESPEJADO,RURAL,TRAMO RECTO,INCLINADA,ASFALTADA,SI,PREVENTIVA (P),REGULADORA (R),SI,IMPRUDENCIA DEL CONDUCTOR,CONDUCIR EN ESTADO DE EBRIEDAD Y/O DROGADICCIÓN,1.0,0,2023.0,2.0,4.0,0,0,0,1,0.0,1.0,0.0,1.0,0,0,38.0,0.0,0,1,1,0.0,1.0,1
A-2023-02-143,2023-02-17,06:20,CHOQUE,1,0,0,LIMA,LIMA,SAN JUAN DE LURIGANCHO,URBANA,AVENIDA,URBANO,NO CORRESPONDE,-12.02551833,-76.98389413,DESPEJADO,RESIDENCIAL,TRAMO RECTO,PLANA ,ASFALTADA,,,,,IMPRUDENCIA DEL CONDUCTOR,OTRO (IMPRUDENCIA DEL CONDUCTOR),6.0,0,2023.0,2.0,4.0,0,1,0,0,1.0,0.0,0.0,1.0,0,0,32.0,18.384776310850235,0,1,2,0.0,0.5,0
A-2023-02-77,2023-02-17,07:50,CHOQUE,1,4,2,LAMBAYEQUE,CHICLAYO,LAGUNAS,RURAL,CARRETERA,NACIONAL,PE-1N,-6.9501631,-79.7050193,DESPEJADO,RURAL,TRAMO RECTO,PLANA ,ASFALTADA,,,,,EN PROCESO DE INVESTIGACIÓN,NO CUENTA CON CAUSA ESPECIFICA,7.0,0,2023.0,2.0,4.0,0,1,0,0,0.0,0.0,0.0,0.0,0,0,51.4,23.394443784796422,0,2,5,0.0,0.4,0
A-2023-02-25,2023-02-17,11:00,DESPISTE,1,1,1,LA LIBERTAD,TRUJILLO,SALAVERRY,URBANA,CARRETERA,NACIONAL,PE-10,-8.197440354374862,-78.98890430124881,DESPEJADO,COMERCIAL,TRAMO RECTO,PLANA ,ASFALTADA,,,,,NEGLIGENCIA DEL CONDUCTOR,OTRO (NEGLIGENCIA DEL CONDUCTOR),11.0,0,2023.0,2.0,4.0,0,1,0,0,0.0,0.0,0.0,0.0,0,0,49.666666666666664,20.984120980716188,0,1,3,0.0,0.333,0
A-2023-02-62,2023-02-17,17:00,CHOQUE FUGA,1,0,1,CUSCO,CANCHIS,SICUANI,URBANA,CARRETERA,NACIONAL,PE-3S,-14.28866,-71.22268,DESPEJADO,RESIDENCIAL,TRAMO RECTO,PLANA ,ASFALTADA,,,,,IMPRUDENCIA DEL CONDUCTOR,CONDUCIR EN ESTADO DE EBRIEDAD Y/O DROGADICCIÓN,17.0,0,2023.0,2.0,4.0,0,2,0,1,0.0,0.0,0.0,0.0,0,0,44.0,0.0,0,0,2,0.0,0.0,0
A-2023-02-118,2023-02-17,19:00,CHOQUE FUGA,1,0,1,CUSCO,CHUMBIVILCAS,COLQUEMARCA,URBANA,CARRETERA,DEPARTAMENTAL,CU-119,-14.307131,-72.035791,DESPEJADO,RESIDENCIAL,TRAMO RECTO,PLANA ,ASFALTADA,,,,,IMPRUDENCIA DEL CONDUCTOR,GIRAR IMPRUDENTEMENTE,19.0,0,2023.0,2.0,4.0,0,3,0,1,0.0,0.0,0.0,0.0,0,0,41.0,0.0,0,0,2,0.0,0.0,1
A-2023-02-71,2023-02-17,20:30,ATROPELLO,1,0,1,ICA,ICA,ICA,RURAL,CARRETERA,DEPARTAMENTAL,IC-105,-14.071841292909255,-75.79445475939943,DESPEJADO,RURAL,TRAMO RECTO,PLANA ,ASFALTADA,,,,,EN PROCESO DE INVESTIGACIÓN,NO CUENTA CON CAUSA ESPECIFICA,20.0,0,2023.0,2.0,4.0,0,3,0,0,0.0,0.0,0.0,0.0,0,0,30.0,12.727922061357855,0,1,2,0.0,0.5,1
A-2023-02-144,2023-02-18,06:00,CHOQUE,1,0,0,LIMA,LIMA,COMAS,URBANA,AVENIDA,URBANO,NO CORRESPONDE,-11.92580306,-77.0520857,DESPEJADO,RESIDENCIAL,INTERSECCIÓN,PLANA ,ASFALTADA,,,,,EN PROCESO DE INVESTIGACIÓN,NO CUENTA CON CAUSA ESPECIFICA,6.0,0,2023.0,2.0,5.0,1,1,0,0,1.0,0.0,0.0,1.0,0,0,47.0,9.539392014169456,0,1,3,0.0,0.333,0
A-2023-02-26,2023-02-18,09:00,ATROPELLO,1,0,1,LA LIBERTAD,CHEPEN,CHEPEN,RURAL,CARRETERA,NACIONAL,PE-08,-7.320516,-79.368589,DESPEJADO,RURAL,TRAMO RECTO,PLANA ,ASFALTADA,,,,,EN PROCESO DE INVESTIGACIÓN,NO CUENTA CON CAUSA ESPECIFICA,9.0,0,2023.0,2.0,5.0,1,1,0,0,0.0,0.0,0.0,0.0,0,0,61.5,20.506096654409877,0,1,2,0.0,0.5,0
A-2023-02-27,2023-02-18,16:00,CHOQUE,1,1,2,LA LIBERTAD,VIRU,GUADALUPITO,RURAL,CARRETERA,NACIONAL,PE-1N,-8.916976,-78.638052,DESPEJADO,RURAL,TRAMO RECTO,PLANA ,ASFALTADA,,,,,IMPRUDENCIA DEL CONDUCTOR,CONDUCIR EN ESTADO DE EBRIEDAD Y/O DROGADICCIÓN,16.0,0,2023.0,2.0,5.0,1,2,0,0,0.0,0.0,0.0,0.0,0,0,37.0,18.520259177452136,0,1,3,0.0,0.333,0
A-2023-02-105,2023-02-18,19:00,DESPISTE,1,0,1,JUNIN,JUNIN,JUNIN,RURAL,CARRETERA,NACIONAL,PE-22,-11.589779,-76.069946,LLUVIOSO,RURAL,TRAMO RECTO,INCLINADA,ASFALTADA,SI,PREVENTIVA (P),REGULADORA (R),NO,IMPRUDENCIA DEL CONDUCTOR,CONDUCIR EN ESTADO DE EBRIEDAD Y/O DROGADICCIÓN,19.0,0,2023.0,2.0,5.0,1,3,0,1,0.0,1.0,0.0,1.0,1,1,46.0,0.0,0,1,1,0.0,1.0,1
A-2023-02-166,2023-02-18,21:30,CHOQUE,1,0,0,JUNIN,SATIPO,SATIPO,RURAL,CARRETERA,NACIONAL,PE-24C,-11.264311344610896,-74.65079027,,,,,,,,,,EN PROCESO DE INVESTIGACIÓN,NO CUENTA CON CAUSA ESPECIFICA,21.0,0,2023.0,2.0,5.0,1,3,0,1,0.0,1.0,1.0,2.0,0,0,32.0,2.8284271247461903,0,0,2,0.0,0.0,1
A-2023-02-34,2023-02-19,05:40,CHOQUE,2,0,2,AREQUIPA,AREQUIPA,LA JOYA,RURAL,CARRETERA,NACIONAL,PE-1S,-16.603001210382747,-71.856422323722,DESPEJADO,RURAL,TRAMO RECTO,INCLINADA,ASFALTADA,NO,,,SI,EN PROCESO DE INVESTIGACIÓN,NO CUENTA CON CAUSA ESPECIFICA,5.0,1,2023.0,2.0,6.0,1,0,0,0,0.0,1.0,0.0,1.0,0,1,31.666666666666668,3.055050463303893,0,2,3,0.0,0.667,1
A-2023-02-107,2023-02-19,13:40,CHOQUE,1,3,0,JUNIN,JAUJA,HUARIPAMPA,RURAL,CARRETERA,NACIONAL,PE-3S,-11.814635,-75.492336,DESPEJADO,RURAL,CURVA,PLANA ,ASFALTADA,,,,,IMPRUDENCIA DEL CONDUCTOR,INVASIÓN DE CARRIL,13.0,0,2023.0,2.0,6.0,1,2,0,1,0.0,0.0,0.0,0.0,0,0,54.6,23.47977853387889,0,2,5,0.0,0.4,0
A-2023-02-52,2023-02-19,16:30,DESPISTE,1,1,1,HUANCAVELICA,ACOBAMBA,ROSARIO,RURAL,CARRETERA,NACIONAL,PE-3SM,-12.721039002976054,-74.65324223969996,DESPEJADO,RURAL,SINUOSA,INCLINADA,ASFALTADA,SI,PREVENTIVA (P),,NO,IMPRUDENCIA DEL CONDUCTOR,FATIGA Y/O CANSANCIO,16.0,0,2023.0,2.0,6.0,1,2,0,1,0.0,1.0,0.0,1.0,0,1,39.0,19.79898987322333,0,0,2,0.0,0.0,0
A-2023-02-157,2023-02-19,16:50,CHOQUE,1,1,0,PIURA,PIURA,PIURA,URBANA,AVENIDA,URBANO,NO CORRESPONDE,-5.190447,-80.627932,DESPEJADO,RURAL,TRAMO RECTO,PLANA ,ASFALTADA,,,,,EN PROCESO DE INVESTIGACIÓN,NO CUENTA CON CAUSA ESPECIFICA,16.0,0,2023.0,2.0,6.0,1,2,0,0,1.0,0.0,0.0,1.0,0,0,35.333333333333336,2.886751345948128,1,1,3,0.333,0.333,0
A-2023-02-111,2023-02-19,22:50,DESPISTE,1,1,0,JUNIN,JAUJA,CURICACA,RURAL,CARRETERA,NACIONAL,PE-3S,-11.763482,-75.713338,DESPEJADO,RURAL,CURVA,PLANA ,ASFALTADA,,,,,IMPRUDENCIA DEL CONDUCTOR,CONDUCIR EN ESTADO DE EBRIEDAD Y/O DROGADICCIÓN,22.0,0,2023.0,2.0,6.0,1,3,0,1,0.0,0.0,0.0,0.0,0,0,21.0,0.0,0,0,2,0.0,0.0,1
A-2023-02-112,2023-02-20,01:12,ATROPELLO FUGA,1,0,0,JUNIN,HUANCAYO,PILCOMAYO,URBANA,CARRETERA,NACIONAL,PE-3SB,-12.04074,-75.256145,DESPEJADO,RURAL,TRAMO RECTO,PLANA ,ASFALTADA,NO,,,SI,EN PROCESO DE INVESTIGACIÓN,NO CUENTA CON CAUSA ESPECIFICA,1.0,0,2023.0,2.0,0.0,0,0,0,1,0.0,0.0,0.0,0.0,0,1,37.0,0.0,0,0,2,0.0,0.0,1
A-2023-02-56,2023-02-20,04:30,CHOQUE CON OBJETO FIJO,1,0,1,CUSCO,ESPINAR,OCORURO,RURAL,CARRETERA,NACIONAL,PE-34J,-15.061951155471377,-71.12463943903795,DESPEJADO,RURAL,CURVA,PLANA ,ASFALTADA,,,,,IMPRUDENCIA DEL CONDUCTOR,CONDUCIR EN ESTADO DE EBRIEDAD Y/O DROGADICCIÓN,4.0,0,2023.0,2.0,0.0,0,0,0,1,0.0,0.0,0.0,0.0,0,0,23.0,0.0,0,0,1,0.0,0.0,1
A-2023-02-149,2023-02-20,05:15,ATROPELLO,1,0,0,LIMA,LIMA,CARABAYLLO,URBANA,AVENIDA,URBANO,NO CORRESPONDE,-11.87538044,-77.01680986,DESPEJADO,COMERCIAL,TRAMO RECTO,PLANA ,ASFALTADA,,,,,EN PROCESO DE INVESTIGACIÓN,NO CUENTA CON CAUSA ESPECIFICA,5.0,0,2023.0,2.0,0.0,0,0,0,0,1.0,0.0,0.0,1.0,0,0,64.5,26.16295090390226,0,1,2,0.0,0.5,1
A-2023-02-153,2023-02-20,07:00,ATROPELLO,1,0,0,LIMA,LIMA,SANTIAGO DE SURCO,URBANA,CARRETERA,NACIONAL,PE-1S,-12.148067,-76.982726,DESPEJADO,RESIDENCIAL,TRAMO RECTO,PLANA ,ASFALTADA,,,,,IMPRUDENCIA DEL PEATÓN,OTRO (IMPRUDENCIA DEL PEATÓN),7.0,0,2023.0,2.0,0.0,0,1,0,0,0.0,0.0,0.0,0.0,0,0,57.0,24.041630560342615,0,1,2,0.0,0.5,0
A-2023-02-41,2023-02-20,08:30,DESPISTE,1,1,1,ANCASH,OCROS,SAN CRISTOBAL DE RAJAN,RURAL,CARRETERA,PROVINCIAL,AN-1307,-10.387838364417323,-77.21910708346016,LLUVIOSO,RURAL,SINUOSA,INCLINADA,TROCHA,,,,,IMPERICIA DEL CONDUCTOR,,8.0,0,2023.0,2.0,0.0,0,1,0,0,0.0,1.0,2.0,3.0,1,0,32.333333333333336,11.015141094572204,0,0,3,0.0,0.0,0
A-2023-02-28,2023-02-20,11:55,DESPISTE,1,0,1,LA LIBERTAD,SANCHEZ CARRION,HUAMACHUCO,RURAL,CARRETERA,SIN CLASIFICAR,SIN CLASIFICAR,-7.73945639901126,-78.0679460241053,DESPEJADO,RURAL,CURVA,INCLINADA,TROCHA,,,,,EN PROCESO DE INVESTIGACIÓN,NO CUENTA CON CAUSA ESPECIFICA,11.0,0,2023.0,2.0,0.0,0,1,0,0,0.0,1.0,2.0,3.0,0,0,23.5,27.577164466275352,0,0,2,0.0,0.0,0
A-2023-02-130,2023-02-20,16:05,ATROPELLO,1,0,0,CALLAO,CALLAO,CALLAO,URBANA,CARRETERA,NACIONAL,PE-20B,-12.0381007227926,-77.1270561033516,DESPEJADO,INDUSTRIAL,TRAMO RECTO,PLANA ,ASFALTADA,NO,,,SI,IMPRUDENCIA DEL CONDUCTOR,OTRO (IMPRUDENCIA DEL CONDUCTOR),16.0,0,2023.0,2.0,0.0,0,2,0,0,0.0,0.0,0.0,0.0,0,1,70.5,4.949747468305833,0,1,2,0.0,0.5,0
A-2023-02-67,2023-02-20,19:00,DESPISTE,1,1,1,CAJAMARCA,CAJAMARCA,MAGDALENA,URBANA,CARRETERA,NACIONAL,PE-08,-7.277752,-78.595073,DESPEJADO,RESIDENCIAL,CURVA,INCLINADA,ASFALTADA,SI,REGULADORA (R),,SI,EN PROCESO DE INVESTIGACIÓN,NO CUENTA CON CAUSA ESPECIFICA,19.0,0,2023.0,2.0,0.0,0,3,0,1,0.0,1.0,0.0,1.0,0,0,67.0,5.656854249492381,0,0,2,0.0,0.0,1
A-2023-02-145,2023-02-20,19:12,ATROPELLO FUGA,1,0,0,LIMA,LIMA,PUEBLO LIBRE,URBANA,AVENIDA,URBANO,NO CORRESPONDE,-12.08060291,-77.05837579,DESPEJADO,RESIDENCIAL,INTERSECCIÓN,PLANA ,ASFALTADA,,,,,IMPRUDENCIA DEL PEATÓN,DESACATO DE SEÑAL DE TRÁNSITO,19.0,0,2023.0,2.0,0.0,0,3,0,0,1.0,0.0,0.0,1.0,0,0,52.5,12.020815280171307,0,1,2,0.0,0.5,1
A-2023-02-50,2023-02-20,21:25,VOLCADURA,1,2,1,CUSCO,CHUMBIVILCAS,COLQUEMARCA,RURAL,CARRETERA,PROVINCIAL,CU-1556,-14.29041,-72.037758,DESPEJADO,RURAL,CURVA,PLANA ,AFIRMADO,SI,PREVENTIVA (P),,NO,EN PROCESO DE INVESTIGACIÓN,NO CUENTA CON CAUSA ESPECIFICA,21.0,0,2023.0,2.0,0.0,0,3,0,1,0.0,0.0,1.0,1.0,0,1,47.666666666666664,3.785938897200182,0,0,3,0.0,0.0,1
A-2023-02-113,2023-02-21,15:05,ATROPELLO,1,0,0,JUNIN,HUANCAYO,SICAYA,URBANA,CARRETERA,NACIONAL,PE-3SB,-12.021569,-75.272421,LLUVIOSO,RURAL,TRAMO RECTO,PLANA ,ASFALTADA,SI,PREVENTIVA (P),,NO,IMPRUDENCIA DEL CONDUCTOR,OTRO (IMPRUDENCIA DEL CONDUCTOR),15.0,0,2023.0,2.0,1.0,0,2,0,1,0.0,0.0,0.0,0.0,1,1,60.5,23.33452377915607,0,1,2,0.0,0.5,0
A-2023-02-78,2023-02-21,16:30,ATROPELLO,1,0,0,LAMBAYEQUE,CHICLAYO,JOSE LEONARDO ORTIZ,RURAL,CALLE,URBANO,NO CORRESPONDE,-6.7537453,-79.8420787,DESPEJADO,RESIDENCIAL,TRAMO RECTO,PLANA ,ASFALTADA,,,,,EN PROCESO DE INVESTIGACIÓN,NO CUENTA CON CAUSA ESPECIFICA,16.0,0,2023.0,2.0,1.0,0,2,0,0,2.0,0.0,0.0,2.0,0,0,56.5,10.606601717798213,0,0,2,0.0,0.0,0
A-2023-02-146,2023-02-22,10:50,ATROPELLO,1,0,0,LIMA,LIMA,SAN BORJA,URBANA,AVENIDA,URBANO,NO CORRESPONDE,-12.0840789,-77.00415585,DESPEJADO,RESIDENCIAL,INTERSECCIÓN,PLANA ,ASFALTADA,,,,,NEGLIGENCIA DEL CONDUCTOR,OTRO (NEGLIGENCIA DEL CONDUCTOR),10.0,0,2023.0,2.0,2.0,0,1,0,0,1.0,0.0,0.0,1.0,0,0,67.5,24.748737341529164,0,0,2,0.0,0.0,0
A-2023-02-29,2023-02-22,18:30,ATROPELLO,1,0,1,LA LIBERTAD,VIRU,CHAO,URBANA,AVENIDA,URBANO,NO CORRESPONDE,-8.55003084023529,-78.67263452194135,DESPEJADO,RURAL,TRAMO RECTO,PLANA ,ASFALTADA,,,,,EN PROCESO DE INVESTIGACIÓN,NO CUENTA CON CAUSA ESPECIFICA,18.0,0,2023.0,2.0,2.0,0,3,0,0,1.0,0.0,0.0,1.0,0,0,21.0,21.213203435596427,0,1,2,0.0,0.5,1
A-2023-02-147,2023-02-22,21:41,CHOQUE,1,0,0,LIMA,LIMA,RIMAC,URBANA,CARRETERA,NACIONAL,PE-1N,-12.04125616,-77.03300977,DESPEJADO,COMERCIAL,TRAMO RECTO,PLANA ,ASFALTADA,,,,,IMPRUDENCIA DEL CONDUCTOR,OTRO (IMPRUDENCIA DEL CONDUCTOR),21.0,0,2023.0,2.0,2.0,0,3,0,0,0.0,0.0,0.0,0.0,0,0,32.666666666666664,13.279056191361391,0,2,3,0.0,0.667,1
A-2023-02-120,2023-02-23,06:30,CHOQUE,1,0,1,CALLAO,CALLAO,MI PERU,URBANA,CARRETERA,NACIONAL,PE-20,-11.8493148704598,-77.1215267256503,DESPEJADO,COMERCIAL,TRAMO RECTO,PLANA ,ASFALTADA,SI,INFORMATIVA (I),,SI,EN PROCESO DE INVESTIGACIÓN,NO CUENTA CON CAUSA ESPECIFICA,6.0,0,2023.0,2.0,3.0,0,1,0,0,0.0,0.0,0.0,0.0,0,0,38.0,11.313708498984761,0,1,2,0.0,0.5,0
A-2023-02-30,2023-02-23,13:00,DESPISTE,1,2,1,LA LIBERTAD,OTUZCO,USQUIL,RURAL,CARRETERA,DEPARTAMENTAL,LI-111,-7.716705223538227,-78.44608420360805,DESPEJADO,RURAL,CURVA,PLANA ,TROCHA,,,,,EN PROCESO DE INVESTIGACIÓN,NO CUENTA CON CAUSA ESPECIFICA,13.0,0,2023.0,2.0,3.0,0,2,0,0,0.0,0.0,2.0,2.0,0,0,34.0,28.687976575562104,0,1,3,0.0,0.333,0
A-2023-02-148,2023-02-23,15:30,ATROPELLO FUGA,1,0,0,LIMA,LIMA,LA VICTORIA,URBANA,AVENIDA,URBANO,NO CORRESPONDE,-12.07501746,-77.02320907,DESPEJADO,RESIDENCIAL,TRAMO RECTO,PLANA ,ASFALTADA,,,,,IMPRUDENCIA DEL PEATÓN,OTRO (IMPRUDENCIA DEL PEATÓN),15.0,0,2023.0,2.0,3.0,0,2,0,0,1.0,0.0,0.0,1.0,0,0,66.5,23.33452377915607,0,0,2,0.0,0.0,0
A-2023-02-35,2023-02-23,15:30,CHOQUE,2,5,2,AREQUIPA,CAYLLOMA,SAN ANTONIO DE CHUCA,RURAL,CARRETERA,NACIONAL,PE-34A,-15.9852395,-71.2534252,DESPEJADO,RURAL,TRAMO RECTO,INCLINADA,ASFALTADA,NO,,,SI,EN PROCESO DE INVESTIGACIÓN,NO CUENTA CON CAUSA ESPECIFICA,15.0,1,2023.0,2.0,3.0,0,2,0,0,0.0,1.0,0.0,1.0,0,1,27.285714285714285,15.063358254544765,0,2,7,0.0,0.286,0
A-2023-02-150,2023-02-23,19:00,DESPISTE,1,0,0,LIMA,LIMA,BARRANCO,URBANA,AVENIDA,URBANO,NO CORRESPONDE,-12.13446522,-77.0203962,DESPEJADO,RESIDENCIAL,TRAMO RECTO,PLANA ,ASFALTADA,,,,,IMPRUDENCIA DEL CONDUCTOR,CONDUCIR EN ESTADO DE EBRIEDAD Y/O DROGADICCIÓN,19.0,0,2023.0,2.0,3.0,0,3,0,0,1.0,0.0,0.0,1.0,0,0,34.0,0.0,0,0,1,0.0,0.0,1
A-2023-02-72,2023-02-23,21:20,ATROPELLO FUGA,1,0,1,ICA,PISCO,SAN CLEMENTE,URBANA,CARRETERA,NACIONAL,PE-1S,-13.6721,-76.156093,DESPEJADO,COMERCIAL,TRAMO RECTO,PLANA ,ASFALTADA,,,,,EN PROCESO DE INVESTIGACIÓN,NO CUENTA CON CAUSA ESPECIFICA,21.0,0,2023.0,2.0,3.0,0,3,0,0,0.0,0.0,0.0,0.0,0,0,58.0,0.0,0,0,2,0.0,0.0,1