CODIGO_SINIESTRO,FECHA_SINIESTRO,HORA_SINIESTRO,CLASE_SINIESTRO,CANTIDAD_FALLECIDOS,CANTIDAD_LESIONADOS,CANTIDAD_VEHICULOS,DEPARTAMENTO,PROVINCIA,DISTRITO,ZONA,TIPO_VIA,RED_VIAL,COD_CARRETERA,LATITUD,LONGITUD,CONDICION_CLIMATICA,ZONIFICACION,CARACTERISTICAS_VIA,PERFIL_VIA,SUPERFICIE_CALZADA,EXISTE_SENIAL_VERTICAL,CLASIFICACION_SENIAL_VERTICAL_1,CLASIFICACION_SENIAL_VERTICAL_2,EXISTE_SENIAL_HORIZONTAL,CAUSA_FACTOR_PRINCIPAL,CAUSA_ESPECIFICA,HORA,severidad,ANIO,MES,DIA_SEMANA,FIN_SEMANA,FRANJA_HORARIA,TEMPORADA,MACROREGION,TIPO_VIA_SCORE,PERFIL_VIA_SCORE,SUPERFICIE_CALZADA_SCORE,RIESGO_INFRAESTRUCTURA,RIESGO_CLIMATICO,SENIALIZACION_DEFICIENTE,EDAD_PROMEDIO,EDAD_STD,TOTAL_ALCOHOL,TOTAL_LICENCIA,TOTAL_PERSONAS,PCT_ALCOHOL,PCT_LICENCIA,ES_NOCHE
A-2023-02-31,2023-02-24,03:45,DESPISTE,1,1,1,LA LIBERTAD,TRUJILLO,TRUJILLO,URBANA,AVENIDA,URBANO,NO CORRESPONDE,-8.104099,-79.049505,DESPEJADO,COMERCIAL,TRAMO RECTO,PLANA ,ASFALTADA,,,,,IMPRUDENCIA DEL CONDUCTOR,CONDUCIR EN ESTADO DE EBRIEDAD Y/O DROGADICCIÓN,3.0,0,2023.0,2.0,4.0,0,0,0,0,1.0,0.0,0.0,1.0,0,0,28.0,7.0710678118654755,0,0,2,0.0,0.0,1
A-2023-02-79,2023-02-24,04:10,DESPISTE,2,0,1,LAMBAYEQUE,CHICLAYO,REQUE,RURAL,CARRETERA,NACIONAL,PE-1N,-6.8957082,-79.7925815,DESPEJADO,RURAL,TRAMO RECTO,PLANA ,ASFALTADA,,,,,EN PROCESO DE INVESTIGACIÓN,NO CUENTA CON CAUSA ESPECIFICA,4.0,1,2023.0,2.0,4.0,0,0,0,0,0.0,0.0,0.0,0.0,0,0,20.5,0.7071067811865476,0,0,2,0.0,0.0,1
A-2023-02-115,2023-02-24,04:30,CHOQUE,1,0,1,PUNO,AZANGARO,SAN ANTON,URBANA,CARRETERA,NACIONAL,PE-34B,-14.5817911,-70.320926,DESPEJADO,COMERCIAL,TRAMO RECTO,PLANA ,ASFALTADA,,,,,IMPRUDENCIA DEL CONDUCTOR,CONDUCIR EN ESTADO DE EBRIEDAD Y/O DROGADICCIÓN,4.0,0,2023.0,2.0,4.0,0,0,0,1,0.0,0.0,0.0,0.0,0,0,37.333333333333336,16.441816606851365,1,2,3,0.333,0.667,1
A-2023-02-155,2023-02-24,10:40,CHOQUE,4,0,2,HUANUCO,PUERTO INCA,PUERTO INCA,RURAL,CARRETERA,NACIONAL,PE-5NH,-9.39639,-75.007674,DESPEJADO,RURAL,OTRO,PLANA ,ASFALTADA,SI,PREVENTIVA (P),,NO,IMPERICIA DEL CONDUCTOR,,10.0,2,2023.0,2.0,4.0,0,1,0,1,0.0,0.0,0.0,0.0,0,1,46.2,9.28439551074813,0,1,5,0.0,0.2,0
A-2023-02-131,2023-02-24,20:00,ATROPELLO,1,0,1,JUNIN,HUANCAYO,HUALHUAS,URBANA,CARRETERA,NACIONAL,PE-3S,-11.981565965738762,-75.26283319727084,DESPEJADO,RURAL,TRAMO RECTO,PLANA ,ASFALTADA,NO,,,SI,IMPRUDENCIA DEL PEATÓN,ESTADO DE EBRIEDAD Y/O DROGADICCIÓN,20.0,0,2023.0,2.0,4.0,0,3,0,1,0.0,0.0,0.0,0.0,0,1,26.0,5.656854249492381,0,0,2,0.0,0.0,1
A-2023-02-44,2023-02-24,20:10,CHOQUE,1,0,2,ANCASH,RECUAY,CATAC,RURAL,CARRETERA,NACIONAL,PE-16,-10.135261,-77.301813,SOLEADO,RURAL,CURVA,INCLINADA,ASFALTADA,,,,,IMPRUDENCIA DEL CONDUCTOR,INVASIÓN DE CARRIL,20.0,0,2023.0,2.0,4.0,0,3,0,0,0.0,1.0,0.0,1.0,0,0,35.5,14.849242404917497,0,2,2,0.0,1.0,1
A-2023-02-32,2023-02-25,07:30,ATROPELLO,1,0,1,LA LIBERTAD,VIRU,CHAO,RURAL,CARRETERA,DEPARTAMENTAL,LI-122,-8.482096836246855,-78.61718267737533,DESPEJADO,RURAL,TRAMO RECTO,PLANA ,CONCRETO,,,,,EN PROCESO DE INVESTIGACIÓN,NO CUENTA CON CAUSA ESPECIFICA,7.0,0,2023.0,2.0,5.0,1,1,0,0,0.0,0.0,0.0,0.0,0,0,49.0,18.384776310850235,0,0,2,0.0,0.0,0
A-2023-03-131-A,2023-02-25,08:15,ATROPELLO FUGA,1,0,0,LIMA,LIMA,SAN JUAN DE MIRAFLORES,URBANA,CARRETERA,NACIONAL,PE-1S,-12.193135,-76.972682,DESPEJADO,COMERCIAL,TRAMO RECTO,PLANA ,ASFALTADA,,,,,EN PROCESO DE INVESTIGACIÓN,NO CUENTA CON CAUSA ESPECIFICA,8.0,0,2023.0,2.0,5.0,1,1,0,0,0.0,0.0,0.0,0.0,0,0,84.0,0.0,0,0,2,0.0,0.0,0
A-2023-02-125,2023-02-25,13:15,DESPISTE,1,1,1,PIURA,SULLANA,MIGUEL CHECA,RURAL,CARRETERA,NACIONAL,PE-02,-5.144486,-80.8013583,DESPEJADO,RURAL,TRAMO RECTO,PLANA ,ASFALTADA,,,,,IMPRUDENCIA DEL CONDUCTOR,EXCESO DE VELOCIDAD,13.0,0,2023.0,2.0,5.0,1,2,0,0,0.0,0.0,0.0,0.0,0,0,36.5,6.363961030678928,0,1,2,0.0,0.5,0
A-2023-02-132,2023-02-25,14:00,DESPISTE,2,0,1,JUNIN,YAULI,LA OROYA,URBANA,CARRETERA,NACIONAL,PE-3S,-11.692424580201966,-75.76872460034205,DESPEJADO,RURAL,CURVA,INCLINADA,ASFALTADA,SI,REGULADORA (R),,SI,IMPRUDENCIA DEL CONDUCTOR,OTRO (IMPRUDENCIA DEL CONDUCTOR),14.0,1,2023.0,2.0,5.0,1,2,0,1,0.0,1.0,0.0,1.0,0,0,30.5,6.363961030678928,0,1,2,0.0,0.5,0
A-2023-02-162,2023-02-25,14:40,DESPISTE,2,5,1,ANCASH,HUARMEY,HUARMEY,RURAL,CARRETERA,NACIONAL,PE-1N,-10.468939,-77.915878,DESPEJADO,RURAL,TRAMO RECTO,PLANA ,ASFALTADA,SI,PREVENTIVA (P),,SI,NEGLIGENCIA DEL CONDUCTOR,OTRO (NEGLIGENCIA DEL CONDUCTOR),14.0,1,2023.0,2.0,5.0,1,2,0,0,0.0,0.0,0.0,0.0,0,0,28.142857142857142,7.151423434733616,0,1,7,0.0,0.143,0
A-2023-02-36,2023-02-25,18:10,ATROPELLO,1,0,1,AREQUIPA,AREQUIPA,JOSE LUIS BUSTAMANTE Y RIVERO,URBANA,AVENIDA,URBANO,NO CORRESPONDE,-16.42119777,-71.5410749,DESPEJADO,COMERCIAL,TRAMO RECTO,PLANA ,ASFALTADA,NO,,,SI,EN PROCESO DE INVESTIGACIÓN,NO CUENTA CON CAUSA ESPECIFICA,18.0,0,2023.0,2.0,5.0,1,3,0,0,1.0,0.0,0.0,1.0,0,1,37.5,9.192388155425117,0,1,2,0.0,0.5,1
A-2023-02-59,2023-02-25,19:00,DESPISTE,1,0,1,CUSCO,QUISPICANCHI,CCARHUAYO,RURAL,CARRETERA,DEPARTAMENTAL,CU-116,-13.535014447082368,-71.4493087886827,DESPEJADO,RURAL,CURVA,PLANA ,AFIRMADO,,,,,IMPRUDENCIA DEL CONDUCTOR,CONDUCIR EN ESTADO DE EBRIEDAD Y/O DROGADICCIÓN,19.0,0,2023.0,2.0,5.0,1,3,0,1,0.0,0.0,1.0,1.0,0,0,28.0,0.0,0,0,1,0.0,0.0,1
A-2023-02-55,2023-02-25,22:30,ATROPELLO FUGA,1,0,1,CUSCO,QUISPICANCHI,URCOS,RURAL,CARRETERA,NACIONAL,PE-3S,-13.726514,-71.601007,DESPEJADO,RURAL,TRAMO RECTO,PLANA ,ASFALTADA,SI,REGULADORA (R),,SI,IMPRUDENCIA DEL CONDUCTOR,EXCESO DE VELOCIDAD,22.0,0,2023.0,2.0,5.0,1,3,0,1,0.0,0.0,0.0,0.0,0,0,51.0,0.0,0,0,2,0.0,0.0,1
A-2023-02-38,2023-02-25,23:15,ATROPELLO,1,0,1,AREQUIPA,AREQUIPA,SANTA RITA DE SIGUAS,RURAL,CARRETERA,NACIONAL,PE-1S,-16.410143,-72.055948,DESPEJADO,RURAL,TRAMO RECTO,PLANA ,ASFALTADA,NO,,,SI,EN PROCESO DE INVESTIGACIÓN,NO CUENTA CON CAUSA ESPECIFICA,23.0,0,2023.0,2.0,5.0,1,3,0,0,0.0,0.0,0.0,0.0,0,1,55.0,19.79898987322333,0,1,2,0.0,0.5,1
A-2023-02-98,2023-02-25,23:30,DESPISTE,1,0,1,PUNO,CARABAYA,OLLACHEA,RURAL,CARRETERA,NACIONAL,PE-34B,-13.857579035302946,-70.50982939376166,DESPEJADO,RURAL,CURVA,INCLINADA,ASFALTADA,,,,,IMPRUDENCIA DEL CONDUCTOR,OTRO (IMPRUDENCIA DEL CONDUCTOR),23.0,0,2023.0,2.0,5.0,1,3,0,1,0.0,1.0,0.0,1.0,0,0,48.0,1.4142135623730951,0,1,2,0.0,0.5,1
A-2023-02-101,2023-02-26,06:30,CHOQUE,1,0,1,PUNO,CARABAYA,AYAPATA,RURAL,CARRETERA,NACIONAL,PE-34B,-13.336090691646229,-70.33358221300524,DESPEJADO,RURAL,TRAMO RECTO,PLANA ,ASFALTADA,,,,,IMPRUDENCIA DEL CONDUCTOR,ADELANTAR INDEBIDAMENTE,6.0,0,2023.0,2.0,6.0,1,1,0,1,0.0,0.0,0.0,0.0,0,0,35.0,15.556349186104045,0,0,2,0.0,0.0,0
A-2023-02-33,2023-02-26,06:30,CHOQUE,1,0,0,PUNO,PUNO,PUNO,RURAL,CARRETERA,NACIONAL,PE-1N,-15.896424612792597,-70.02816973794772,DESPEJADO,RURAL,TRAMO RECTO,PLANA ,ASFALTADA,,,,,INFRAESTRUCTURA Y ENTORNO VIAL,OTRO (INFRAESTRUCTURA Y ENTORNO VIAL),6.0,0,2023.0,2.0,6.0,1,1,0,1,0.0,0.0,0.0,0.0,0,0,44.5,16.263455967290593,0,1,2,0.0,0.5,0
A-2023-02-73,2023-02-26,13:30,CHOQUE,1,5,2,ICA,PISCO,PARACAS,RURAL,CARRETERA,NACIONAL,PE-1SF,-13.770627,-76.23561,DESPEJADO,INDUSTRIAL,TRAMO RECTO,PLANA ,ASFALTADA,,,,,EN PROCESO DE INVESTIGACIÓN,NO CUENTA CON CAUSA ESPECIFICA,13.0,0,2023.0,2.0,6.0,1,2,0,0,0.0,0.0,0.0,0.0,0,0,59.333333333333336,7.890923055426827,0,2,6,0.0,0.333,0
A-2023-02-37,2023-02-26,14:30,DESPISTE,1,4,1,LA LIBERTAD,SANTIAGO DE CHUCO,QUIRUVILCA,RURAL,CARRETERA,NACIONAL,PE-10A,-8.01323428707867,-78.32692440865974,DESPEJADO,RURAL,TRAMO RECTO,PLANA ,ASFALTADA,,,,,EN PROCESO DE INVESTIGACIÓN,NO CUENTA CON CAUSA ESPECIFICA,14.0,0,2023.0,2.0,6.0,1,2,0,0,0.0,0.0,0.0,0.0,0,0,42.2,16.11521020650987,0,0,5,0.0,0.0,0
A-2023-02-68,2023-02-26,14:40,VOLCADURA,1,0,2,CAJAMARCA,CHOTA,HUAMBOS,RURAL,CARRETERA,NACIONAL,PE-06A,-6.466382,-78.932785,DESPEJADO,RURAL,CURVA,INCLINADA,ASFALTADA,SI,PREVENTIVA (P),PREVENTIVA (P),SI,EN PROCESO DE INVESTIGACIÓN,NO CUENTA CON CAUSA ESPECIFICA,14.0,0,2023.0,2.0,6.0,1,2,0,1,0.0,1.0,0.0,1.0,0,0,53.0,5.656854249492381,0,0,2,0.0,0.0,0
A-2023-02-151,2023-02-26,17:15,CHOQUE,2,0,0,LIMA,LIMA,RIMAC,URBANA,AVENIDA,URBANO,NO CORRESPONDE,-12.03020755,-77.02961566,DESPEJADO,RESIDENCIAL,INTERSECCIÓN,PLANA ,ASFALTADA,,,,,IMPRUDENCIA DEL CONDUCTOR,EXCESO DE VELOCIDAD,17.0,1,2023.0,2.0,6.0,1,2,0,0,1.0,0.0,0.0,1.0,0,0,43.0,25.059928172283335,0,2,3,0.0,0.667,0
A-2023-02-80,2023-02-26,18:00,CHOQUE,1,0,2,LAMBAYEQUE,CHICLAYO,LA VICTORIA,URBANA,CARRETERA,NACIONAL,PE-1N,-6.8025881,-79.8443795,DESPEJADO,RESIDENCIAL,INTERSECCIÓN,PLANA ,ASFALTADA,,,,,EN PROCESO DE INVESTIGACIÓN,NO CUENTA CON CAUSA ESPECIFICA,18.0,0,2023.0,2.0,6.0,1,3,0,0,0.0,0.0,0.0,0.0,0,0,41.0,16.3707055437449,0,1,3,0.0,0.333,1
A-2023-02-39,2023-02-26,21:00,CHOQUE,2,0,2,AREQUIPA,AREQUIPA,SANTA RITA DE SIGUAS,RURAL,CARRETERA,NACIONAL,PE-1S,-16.402085,-72.074322,DESPEJADO,RURAL,TRAMO RECTO,PLANA ,ASFALTADA,NO,,,SI,EN PROCESO DE INVESTIGACIÓN,NO CUENTA CON CAUSA ESPECIFICA,21.0,1,2023.0,2.0,6.0,1,3,0,0,0.0,0.0,0.0,0.0,0,1,27.666666666666668,11.718930554164631,0,1,3,0.0,0.333,1
A-2023-02-49,2023-02-26,23:30,ATROPELLO FUGA,1,0,0,CUSCO,QUISPICANCHI,CAMANTI,RURAL,CARRETERA,NACIONAL,PE-30C,-13.234963,-70.761281,DESPEJADO,RURAL,TRAMO RECTO,PLANA ,ASFALTADA,NO,,,SI,IMPRUDENCIA DEL PEATÓN,ESTADO DE EBRIEDAD Y/O DROGADICCIÓN,23.0,0,2023.0,2.0,6.0,1,3,0,1,0.0,0.0,0.0,0.0,0,1,0.0,0.0,0,0,2,0.0,0.0,1
A-2023-02-95,2023-02-27,06:30,ATROPELLO,1,0,1,ANCASH,SANTA,NUEVO CHIMBOTE,URBANA,CARRETERA,NACIONAL,PE-1N,-9.153935,-78.503551,DESPEJADO,RURAL,TRAMO RECTO,PLANA ,ASFALTADA,NO,,,SI,IMPRUDENCIA DEL CONDUCTOR,INVASIÓN DE CARRIL,6.0,0,2023.0,2.0,0.0,0,1,0,0,0.0,0.0,0.0,0.0,0,1,33.0,11.313708498984761,1,1,2,0.5,0.5,0
A-2023-02-167,2023-02-27,09:40,DESPISTE,1,0,0,JUNIN,CHANCHAMAYO,PICHANAQUI,RURAL,CARRETERA,SIN CLASIFICAR,SIN CLASIFICAR,-11.083589390347573,-74.76679618043659,,,,,,,,,,EN PROCESO DE INVESTIGACIÓN,NO CUENTA CON CAUSA ESPECIFICA,9.0,0,2023.0,2.0,0.0,0,1,0,1,0.0,1.0,1.0,2.0,0,0,34.0,0.0,0,0,1,0.0,0.0,0
A-2023-02-119,2023-02-27,19:10,CHOQUE,2,2,3,CUSCO,ANTA,PUCYURA,URBANA,CARRETERA,NACIONAL,PE-3S,-13.479761234037042,-72.08823867847434,DESPEJADO,COMERCIAL,TRAMO RECTO,INCLINADA,ASFALTADA,,,,,IMPRUDENCIA DEL CONDUCTOR,EXCESO DE VELOCIDAD,19.0,1,2023.0,2.0,0.0,0,3,0,1,0.0,1.0,0.0,1.0,0,0,36.75,15.628499608087784,0,1,6,0.0,0.167,1
A-2023-02-58,2023-02-27,19:15,VOLCADURA,1,0,1,CUSCO,CANCHIS,SICUANI,RURAL,CARRETERA,NACIONAL,PE-3S,-14.245413975381846,-71.25646413711475,DESPEJADO,RURAL,TRAMO RECTO,PLANA ,ASFALTADA,SI,PREVENTIVA (P),,SI,IMPRUDENCIA DEL CONDUCTOR,EXCESO DE VELOCIDAD,19.0,0,2023.0,2.0,0.0,0,3,0,1,0.0,0.0,0.0,0.0,0,0,28.0,0.0,0,1,1,0.0,1.0,1
A-2023-02-160,2023-02-27,22:50,DESPISTE,1,0,1,CUSCO,LA CONVENCION,KIMBIRI,URBANA,AVENIDA,URBANO,NO CORRESPONDE,-12.6144928,-73.794253,DESPEJADO,RESIDENCIAL,TRAMO RECTO,PLANA ,AFIRMADO,,,,,IMPRUDENCIA DEL CONDUCTOR,CONDUCIR EN ESTADO DE EBRIEDAD Y/O DROGADICCIÓN,22.0,0,2023.0,2.0,0.0,0,3,0,1,1.0,0.0,1.0,2.0,0,0,35.5,3.5355339059327378,1,1,2,0.5,0.5,1
A-2023-02-40,2023-02-28,06:50,DESPISTE,1,1,1,AREQUIPA,AREQUIPA,YURA,RURAL,CARRETERA,NACIONAL,PE-34A,-16.208137,-71.652492,DESPEJADO,RURAL,TRAMO RECTO,PLANA ,ASFALTADA,NO,,,SI,EN PROCESO DE INVESTIGACIÓN,NO CUENTA CON CAUSA ESPECIFICA,6.0,0,2023.0,2.0,1.0,0,1,0,0,0.0,0.0,0.0,0.0,0,1,24.0,4.242640687119285,0,0,2,0.0,0.0,0
A-2023-02-60,2023-02-28,09:20,VOLCADURA,1,28,1,CUSCO,QUISPICANCHI,CUSIPATA,RURAL,CARRETERA,NACIONAL,PE-3S,-13.912691,-71.501857,SOLEADO,RURAL,CURVA,INCLINADA,ASFALTADA,SI,PREVENTIVA (P),,SI,IMPRUDENCIA DEL CONDUCTOR,EXCESO DE VELOCIDAD,9.0,0,2023.0,2.0,1.0,0,1,0,1,0.0,1.0,0.0,1.0,0,0,35.107142857142854,15.35587542450479,0,0,30,0.0,0.0,0
A-2023-02-81,2023-02-28,09:30,CHOQUE,1,0,2,LAMBAYEQUE,CHICLAYO,LA VICTORIA,RURAL,CARRETERA,PROVINCIAL,LA-778,-6.8137662,-79.8531549,DESPEJADO,RURAL,TRAMO RECTO,PLANA ,ASFALTADA,,,,,EN PROCESO DE INVESTIGACIÓN,NO CUENTA CON CAUSA ESPECIFICA,9.0,0,2023.0,2.0,1.0,0,1,0,0,0.0,0.0,0.0,0.0,0,0,43.0,12.727922061357855,0,1,2,0.0,0.5,0
A-2023-02-156,2023-02-28,13:00,DESPISTE,1,3,1,AYACUCHO,HUAMANGA,ACOCRO,RURAL,CARRETERA,PROVINCIAL,AY-743,-13.2641253,-74.0015747,DESPEJADO,RURAL,SINUOSA,INCLINADA,AFIRMADO,,,,,INFRAESTRUCTURA Y ENTORNO VIAL,OTRO (INFRAESTRUCTURA Y ENTORNO VIAL),13.0,0,2023.0,2.0,1.0,0,2,0,1,0.0,1.0,1.0,2.0,0,0,31.5,16.743157806499145,0,1,4,0.0,0.25,0
A-2023-02-51,2023-02-28,17:30,ATROPELLO,1,0,0,LIMA,HUAURA,VEGUETA,RURAL,CARRETERA,NACIONAL,PE-1N,-11.02054,-77.59848,DESPEJADO,RURAL,INTERSECCIÓN,PLANA ,ASFALTADA,,,,,IMPRUDENCIA DEL CONDUCTOR,ADELANTAR INDEBIDAMENTE,17.0,0,2023.0,2.0,1.0,0,2,0,0,0.0,0.0,0.0,0.0,0,0,43.333333333333336,15.885003409925142,0,2,3,0.0,0.667,0
A-2023-02-159,2023-02-28,23:30,CHOQUE,1,0,2,CAJAMARCA,JAEN,BELLAVISTA,RURAL,CARRETERA,NACIONAL,PE-5N,-5.65303167,-78.74728667,DESPEJADO,RURAL,TRAMO RECTO,PLANA ,ASFALTADA,,,,,IMPRUDENCIA DEL CONDUCTOR,INVASIÓN DE CARRIL,23.0,0,2023.0,2.0,1.0,0,3,0,1,0.0,0.0,0.0,0.0,0,0,55.5,17.67766952966369,0,1,2,0.0,0.5,1
A-2023-03-1,2023-03-01,01:00,DESPISTE,1,0,1,PUNO,PUNO,ATUNCOLLA,RURAL,CARRETERA,SIN CLASIFICAR,SIN CLASIFICAR,-15.685763,-70.128152,DESPEJADO,RURAL,CURVA,INCLINADA,TROCHA,,,,,IMPRUDENCIA DEL CONDUCTOR,OTRO (IMPRUDENCIA DEL CONDUCTOR),1.0,0,2023.0,3.0,2.0,0,0,1,1,0.0,1.0,2.0,3.0,0,0,57.0,0.0,0,0,1,0.0,0.0,1
A-2023-03-67,2023-03-01,01:00,ATROPELLO FUGA,1,0,0,TUMBES,ZARUMILLA,PAPAYAL,RURAL,CARRETERA,NACIONAL,PE-1N,-3.513917994766684,-80.31783696205841,DESPEJADO,RURAL,TRAMO RECTO,PLANA ,ASFALTADA,,,,,IMPRUDENCIA DEL CONDUCTOR,NO DAR PASO PREFERENTE AL PEATÓN,1.0,0,2023.0,3.0,2.0,0,0,1,0,0.0,0.0,0.0,0.0,0,0,0.0,0.0,0,0,2,0.0,0.0,1
A-2023-03-128,2023-03-01,05:00,CHOQUE,2,1,0,JUNIN,YAULI,PACCHA,RURAL,CARRETERA,NACIONAL,PE-3N,-11.431631,-75.931629,NUBLADO,RURAL,CURVA,PLANA ,ASFALTADA,SI,PREVENTIVA (P),REGULADORA (R),SI,IMPRUDENCIA DEL CONDUCTOR,INVASIÓN DE CARRIL,5.0,1,2023.0,3.0,2.0,0,0,1,1,0.0,0.0,0.0,0.0,0,0,42.0,18.520259177452136,0,2,3,0.0,0.667,1
A-2023-03-131-B,2023-03-01,05:30,CHOQUE,1,0,0,LIMA,LIMA,LURIGANCHO,RURAL,CARRETERA,PROVINCIAL,LM-711,-11.9982629,-76.92719986,DESPEJADO,INDUSTRIAL,TRAMO RECTO,PLANA ,ASFALTADA,,,,,EN PROCESO DE INVESTIGACIÓN,NO CUENTA CON CAUSA ESPECIFICA,5.0,0,2023.0,3.0,2.0,0,0,1,0,0.0,0.0,0.0,0.0,0,0,40.0,16.97056274847714,0,2,2,0.0,1.0,1
A-2023-03-92,2023-03-01,07:20,CHOQUE,1,2,1,PUNO,SAN ROMAN,CABANILLAS,RURAL,CARRETERA,NACIONAL,PE-34A,-15.672656616209402,-70.37792971503441,DESPEJADO,RURAL,TRAMO RECTO,PLANA ,ASFALTADA,,,,,IMPRUDENCIA DEL CONDUCTOR,EXCESO DE VELOCIDAD,7.0,0,2023.0,3.0,2.0,0,1,1,1,0.0,0.0,0.0,0.0,0,0,50.6,17.924843095547587,0,3,5,0.0,0.6,0
A-2023-03-59,2023-03-01,09:06,CHOQUE,1,0,2,CUSCO,ESPINAR,ESPINAR,URBANA,CARRETERA,DEPARTAMENTAL,CU-131,-14.792305,-71.411903,DESPEJADO,INDUSTRIAL,INTERSECCIÓN,PLANA ,ASFALTADA,,,,,IMPRUDENCIA DEL CONDUCTOR,OTRO (IMPRUDENCIA DEL CONDUCTOR),9.0,0,2023.0,3.0,2.0,0,1,1,1,0.0,0.0,0.0,0.0,0,0,52.0,18.384776310850235,0,2,2,0.0,1.0,0
A-2023-03-3,2023-03-01,17:10,ATROPELLO,1,1,1,LA LIBERTAD,PACASMAYO,SAN PEDRO DE LLOC,URBANA,CARRETERA,NACIONAL,PE-1N,-7.441096,-79.502069,DESPEJADO,RURAL,TRAMO RECTO,PLANA ,ASFALTADA,,,,,IMPRUDENCIA DEL CONDUCTOR,OTRO (IMPRUDENCIA DEL CONDUCTOR),17.0,0,2023.0,3.0,2.0,0,2,1,0,0.0,0.0,0.0,0.0,0,0,46.5,31.81980515339464,0,0,2,0.0,0.0,0
A-2023-03-2,2023-03-01,19:45,ATROPELLO,1,0,1,AREQUIPA,AREQUIPA,LA JOYA,URBANA,CARRETERA,NACIONAL,PE-1S,-16.526249,-71.7853308,DESPEJADO,RURAL,TRAMO RECTO,PLANA ,ASFALTADA,SI,REGULADORA (R),,SI,EN PROCESO DE INVESTIGACIÓN,NO CUENTA CON CAUSA ESPECIFICA,19.0,0,2023.0,3.0,2.0,0,3,1,0,0.0,0.0,0.0,0.0,0,0,49.0,28.284271247461902,0,1,2,0.0,0.5,1
A-2023-03-15,2023-03-02,03:20,CHOQUE,1,0,2,LIMA,HUAURA,HUAURA,RURAL,CARRETERA,NACIONAL,PE-1N,-11.071165237804934,-77.58512732558226,DESPEJADO,RURAL,TRAMO RECTO,INCLINADA,ASFALTADA,,,,,IMPRUDENCIA DEL CONDUCTOR,FATIGA Y/O CANSANCIO,3.0,0,2023.0,3.0,3.0,0,0,1,0,0.0,1.0,0.0,1.0,0,0,33.0,7.0710678118654755,0,2,2,0.0,1.0,1
A-2023-03-91,2023-03-02,11:15,ATROPELLO,1,2,0,MOQUEGUA,ILO,ILO,URBANA,AVENIDA,URBANO,NO CORRESPONDE,-17.649765,-71.331037,,,,,,,,,,EN PROCESO DE INVESTIGACIÓN,NO CUENTA CON CAUSA ESPECIFICA,11.0,0,2023.0,3.0,3.0,0,1,1,0,1.0,1.0,1.0,3.0,0,0,29.333333333333332,8.736894948054106,0,0,3,0.0,0.0,0
A-2023-03-4,2023-03-02,12:00,DESPISTE,1,0,1,LA LIBERTAD,PATAZ,TAYABAMBA,RURAL,CARRETERA,PROVINCIAL,LI-874,-8.284816243915852,-77.26909872736194,DESPEJADO,RURAL,TRAMO RECTO,PLANA ,TROCHA,,,,,EN PROCESO DE INVESTIGACIÓN,NO CUENTA CON CAUSA ESPECIFICA,12.0,0,2023.0,3.0,3.0,0,2,1,0,0.0,0.0,2.0,2.0,0,0,52.5,17.67766952966369,0,1,2,0.0,0.5,0
A-2023-03-94,2023-03-02,17:20,ATROPELLO,1,0,1,PUNO,SAN ROMAN,JULIACA,URBANA,CARRETERA,NACIONAL,PE-3S,-15.480696,-70.132039,DESPEJADO,COMERCIAL,INTERSECCIÓN,PLANA ,ASFALTADA,,,,,NEGLIGENCIA DEL CONDUCTOR,OTRO (NEGLIGENCIA DEL CONDUCTOR),17.0,0,2023.0,3.0,3.0,0,2,1,1,0.0,0.0,0.0,0.0,0,0,46.0,41.012193308819754,0,0,2,0.0,0.0,0
A-2023-03-38,2023-03-02,18:30,CAÍDA DE PASAJERO,1,0,0,APURIMAC,ANDAHUAYLAS,SAN JERONIMO,RURAL,CARRETERA,PROVINCIAL,AN-770,-13.616267,-73.38756,DESPEJADO,RURAL,CURVA,PLANA ,TROCHA,,,,,IMPRUDENCIA DEL CONDUCTOR,GIRAR IMPRUDENTEMENTE,18.0,0,2023.0,3.0,3.0,0,3,1,1,0.0,0.0,2.0,2.0,0,0,55.0,1.4142135623730951,0,0,2,0.0,0.0,1
A-2023-03-132,2023-03-03,03:40,DESPISTE,1,0,0,LIMA,LIMA,CARABAYLLO,URBANA,AVENIDA,URBANO,NO CORRESPONDE,-11.87101077,-77.01986016,DESPEJADO,RESIDENCIAL,TRAMO RECTO,PLANA ,ASFALTADA,,,,,IMPRUDENCIA DEL CONDUCTOR,OTRO (IMPRUDENCIA DEL CONDUCTOR),3.0,0,2023.0,3.0,4.0,0,0,1,0,1.0,0.0,0.0,1.0,0,0,33.0,0.0,0,0,1,0.0,0.0,1
A-2023-03-113,2023-03-03,05:50,DESPISTE,1,2,1,LAMBAYEQUE,LAMBAYEQUE,OLMOS,RURAL,CARRETERA,NACIONAL,PE-04B,-5.942054,-79.639296,DESPEJADO,RURAL,TRAMO RECTO,PLANA ,ASFALTADA,,,,,IMPRUDENCIA DEL CONDUCTOR,EXCESO DE VELOCIDAD,5.0,0,2023.0,3.0,4.0,0,0,1,0,0.0,0.0,0.0,0.0,0,0,22.666666666666668,19.139836293274122,0,1,3,0.0,0.333,1