CODIGO_SINIESTRO,FECHA_SINIESTRO,HORA_SINIESTRO,CLASE_SINIESTRO,CANTIDAD_FALLECIDOS,CANTIDAD_LESIONADOS,CANTIDAD_VEHICULOS,DEPARTAMENTO,PROVINCIA,DISTRITO,ZONA,TIPO_VIA,RED_VIAL,COD_CARRETERA,LATITUD,LONGITUD,CONDICION_CLIMATICA,ZONIFICACION,CARACTERISTICAS_VIA,PERFIL_VIA,SUPERFICIE_CALZADA,EXISTE_SENIAL_VERTICAL,CLASIFICACION_SENIAL_VERTICAL_1,CLASIFICACION_SENIAL_VERTICAL_2,EXISTE_SENIAL_HORIZONTAL,CAUSA_FACTOR_PRINCIPAL,CAUSA_ESPECIFICA,HORA,severidad,ANIO,MES,DIA_SEMANA,FIN_SEMANA,FRANJA_HORARIA,TEMPORADA,MACROREGION,TIPO_VIA_SCORE,PERFIL_VIA_SCORE,SUPERFICIE_CALZADA_SCORE,RIESGO_INFRAESTRUCTURA,RIESGO_CLIMATICO,SENIALIZACION_DEFICIENTE,EDAD_PROMEDIO,EDAD_STD,TOTAL_ALCOHOL,TOTAL_LICENCIA,TOTAL_PERSONAS,PCT_ALCOHOL,PCT_LICENCIA,ES_NOCHE
A-2023-03-12,2023-03-03,07:00,ESPECIAL,1,0,1,AREQUIPA,AREQUIPA,ALTO SELVA ALEGRE,URBANA,CALLE,URBANO,NO CORRESPONDE,-16.383402,-71.517994,DESPEJADO,RESIDENCIAL,TRAMO RECTO,PLANA ,ASFALTADA,,,,,EN PROCESO DE INVESTIGACIÓN,NO CUENTA CON CAUSA ESPECIFICA,7.0,0,2023.0,3.0,4.0,0,1,1,0,2.0,0.0,0.0,2.0,0,0,51.5,9.192388155425117,0,1,2,0.0,0.5,0
A-2023-03-100,2023-03-03,08:45,VOLCADURA,4,1,0,APURIMAC,ABANCAY,LAMBRAMA,RURAL,CARRETERA,NACIONAL,PE-3SF,-13.865215776551064,-72.77140369455645,,,,,,,,,,EN PROCESO DE INVESTIGACIÓN,NO CUENTA CON CAUSA ESPECIFICA,8.0,2,2023.0,3.0,4.0,0,1,1,1,0.0,1.0,1.0,2.0,0,0,38.8,16.208022704821214,0,0,5,0.0,0.0,0
A-2023-03-133,2023-03-03,11:30,CAÍDA DE PASAJERO,1,0,0,LIMA,LIMA,LIMA,URBANA,AVENIDA,URBANO,NO CORRESPONDE,-12.045833096595024,-77.02559551938322,DESPEJADO,COMERCIAL,TRAMO RECTO,PLANA ,ASFALTADA,,,,,IMPRUDENCIA DEL PASAJERO/OCUPANTE,OTRO (IMPRUDENCIA DEL PASAJERO/OCUPANTE),11.0,0,2023.0,3.0,4.0,0,1,1,0,1.0,0.0,0.0,1.0,0,0,55.0,29.698484809834994,0,1,2,0.0,0.5,0
A-2023-03-173,2023-03-03,21:00,CHOQUE,2,0,0,LIMA,BARRANCA,PATIVILCA,RURAL,CARRETERA,NACIONAL,PE-1N,-10.689576,-77.787159,DESPEJADO,RURAL,TRAMO RECTO,PLANA ,ASFALTADA,SI,REGULADORA (R),,NO,IMPRUDENCIA DEL CONDUCTOR,OTRO (IMPRUDENCIA DEL CONDUCTOR),21.0,1,2023.0,3.0,4.0,0,3,1,0,0.0,0.0,0.0,0.0,0,1,50.666666666666664,17.09775813764288,0,2,3,0.0,0.667,1
A-2023-03-134,2023-03-04,02:20,ATROPELLO,1,0,0,LIMA,LIMA,PUNTA HERMOSA,RURAL,CARRETERA,NACIONAL,PE-1S,-12.308394055205584,-76.83660706823704,DESPEJADO,COMERCIAL,TRAMO RECTO,PLANA ,ASFALTADA,,,,,IMPRUDENCIA DEL PEATÓN,OTRO (IMPRUDENCIA DEL PEATÓN),2.0,0,2023.0,3.0,5.0,1,0,1,0,0.0,0.0,0.0,0.0,0,0,57.0,24.041630560342615,0,0,2,0.0,0.0,1
A-2023-03-82,2023-03-04,10:40,CHOQUE,1,0,2,ICA,CHINCHA,EL CARMEN,URBANA,CARRETERA,NACIONAL,PE-1SE,-13.5529807364185,-76.1807497671501,DESPEJADO,COMERCIAL,OTRO,PLANA ,ASFALTADA,,,,,EN PROCESO DE INVESTIGACIÓN,NO CUENTA CON CAUSA ESPECIFICA,10.0,0,2023.0,3.0,5.0,1,1,1,0,0.0,0.0,0.0,0.0,0,0,44.0,11.313708498984761,0,1,2,0.0,0.5,0
A-2023-03-5,2023-03-04,12:40,CHOQUE,1,0,2,LA LIBERTAD,TRUJILLO,TRUJILLO,URBANA,AVENIDA,URBANO,NO CORRESPONDE,-8.106627,-79.046801,DESPEJADO,COMERCIAL,INTERSECCIÓN,PLANA ,ASFALTADA,,,,,IMPRUDENCIA DEL CONDUCTOR,OTRO (IMPRUDENCIA DEL CONDUCTOR),12.0,0,2023.0,3.0,5.0,1,2,1,0,1.0,0.0,0.0,1.0,0,0,28.0,5.656854249492381,0,1,2,0.0,0.5,0
A-2023-03-41,2023-03-04,19:20,DESPISTE,2,2,1,CUSCO,CANCHIS,TINTA,RURAL,CARRETERA,NACIONAL,PE-3S,-14.117727,-71.415727,DESPEJADO,RURAL,CURVA,PLANA ,ASFALTADA,SI,PREVENTIVA (P),,SI,EN PROCESO DE INVESTIGACIÓN,NO CUENTA CON CAUSA ESPECIFICA,19.0,1,2023.0,3.0,5.0,1,3,1,1,0.0,0.0,0.0,0.0,0,0,39.333333333333336,4.163331998932264,0,1,4,0.0,0.25,1
A-2023-03-81,2023-03-04,20:30,CHOQUE FUGA,1,0,0,ICA,ICA,SANTIAGO,RURAL,CARRETERA,SIN CLASIFICAR,SIN CLASIFICAR,-14.19040788920644,-75.69521353912057,VENTARRÓN,RURAL,OTRO,PLANA ,TROCHA,,,,,EN PROCESO DE INVESTIGACIÓN,NO CUENTA CON CAUSA ESPECIFICA,20.0,0,2023.0,3.0,5.0,1,3,1,0,0.0,0.0,2.0,2.0,0,0,45.5,0.7071067811865476,0,0,2,0.0,0.0,1
A-2023-03-49,2023-03-05,01:20,ATROPELLO,1,0,1,CUSCO,CANCHIS,SICUANI,RURAL,CARRETERA,NACIONAL,PE-3S,-14.24516005,-71.25143527,DESPEJADO,RURAL,TRAMO RECTO,PLANA ,ASFALTADA,,,,,IMPRUDENCIA DEL PEATÓN,CRUCE INDEBIDO POR LA CALZADA,1.0,0,2023.0,3.0,6.0,1,0,1,1,0.0,0.0,0.0,0.0,0,0,40.0,12.727922061357855,0,1,2,0.0,0.5,1
A-2023-03-6,2023-03-05,03:00,CHOQUE,1,1,2,LA LIBERTAD,VIRU,CHAO,RURAL,CARRETERA,NACIONAL,PE-1N,-8.532783,-78.681809,DESPEJADO,RURAL,TRAMO RECTO,PLANA ,ASFALTADA,,,,,EN PROCESO DE INVESTIGACIÓN,NO CUENTA CON CAUSA ESPECIFICA,3.0,0,2023.0,3.0,6.0,1,0,1,0,0.0,0.0,0.0,0.0,0,0,23.333333333333332,5.507570547286103,0,1,3,0.0,0.333,1
A-2023-03-28,2023-03-05,03:30,DESPISTE,1,0,1,CAJAMARCA,JAEN,PUCARA,URBANA,CARRETERA,NACIONAL,PE-3N,-6.041541,-79.125163,SOLEADO,RESIDENCIAL,TRAMO RECTO,INCLINADA,ASFALTADA,NO,,,SI,EN PROCESO DE INVESTIGACIÓN,NO CUENTA CON CAUSA ESPECIFICA,3.0,0,2023.0,3.0,6.0,1,0,1,1,0.0,1.0,0.0,1.0,0,1,29.0,0.0,0,0,1,0.0,0.0,1
A-2023-03-7,2023-03-05,04:20,DESPISTE,1,0,1,LA LIBERTAD,TRUJILLO,MOCHE,URBANA,CARRETERA,PROVINCIAL,LI-1102,-8.1776853,-79.0122907,DESPEJADO,COMERCIAL,TRAMO RECTO,PLANA ,ASFALTADA,,,,,EN PROCESO DE INVESTIGACIÓN,NO CUENTA CON CAUSA ESPECIFICA,4.0,0,2023.0,3.0,6.0,1,0,1,0,0.0,0.0,0.0,0.0,0,0,23.0,0.0,0,0,1,0.0,0.0,1
A-2023-03-8,2023-03-05,04:40,DESPISTE,1,0,1,LA LIBERTAD,TRUJILLO,TRUJILLO,URBANA,AVENIDA,URBANO,NO CORRESPONDE,-8.1280498,-79.0407257,DESPEJADO,COMERCIAL,TRAMO RECTO,PLANA ,ASFALTADA,,,,,EN PROCESO DE INVESTIGACIÓN,NO CUENTA CON CAUSA ESPECIFICA,4.0,0,2023.0,3.0,6.0,1,0,1,0,1.0,0.0,0.0,1.0,0,0,35.0,0.0,0,0,1,0.0,0.0,1
A-2023-03-13,2023-03-05,06:30,CHOQUE,1,0,2,AREQUIPA,ISLAY,COCACHACRA,RURAL,CARRETERA,NACIONAL,PE-1NA,-17.0885637,-71.7546942,DESPEJADO,RURAL,TRAMO RECTO,PLANA ,ASFALTADA,,,,,EN PROCESO DE INVESTIGACIÓN,NO CUENTA CON CAUSA ESPECIFICA,6.0,0,2023.0,3.0,6.0,1,1,1,0,0.0,0.0,0.0,0.0,0,0,40.5,21.920310216782973,1,0,2,0.5,0.0,0
A-2023-03-14,2023-03-05,06:30,CHOQUE,1,0,2,AREQUIPA,ISLAY,MEJIA,RURAL,CARRETERA,PROVINCIAL,AR-815,-17.0880411783032,-71.9052503318667,DESPEJADO,RURAL,CURVA,PLANA ,ASFALTADA,SI,REGULADORA (R),,SI,EN PROCESO DE INVESTIGACIÓN,NO CUENTA CON CAUSA ESPECIFICA,6.0,0,2023.0,3.0,6.0,1,1,1,0,0.0,0.0,0.0,0.0,0,0,28.5,9.192388155425117,0,1,2,0.0,0.5,0
A-2023-03-108,2023-03-05,07:20,DESPISTE,1,2,1,ANCASH,SANTA,SAMANCO,RURAL,CARRETERA,PROVINCIAL,AN-933,-9.290535,-78.483732,DESPEJADO,RURAL,TRAMO RECTO,PLANA ,ASFALTADA,,,,,IMPRUDENCIA DEL CONDUCTOR,CONDUCIR EN ESTADO DE EBRIEDAD Y/O DROGADICCIÓN,7.0,0,2023.0,3.0,6.0,1,1,1,0,0.0,0.0,0.0,0.0,0,0,21.666666666666668,18.823743871327334,0,0,3,0.0,0.0,0
A-2023-03-165,2023-03-05,11:30,ATROPELLO,1,0,1,AYACUCHO,LUCANAS,PUQUIO,URBANA,JIRÓN,URBANO,NO CORRESPONDE,-14.6954415666746,-74.1206954840495,DESPEJADO,RESIDENCIAL,TRAMO RECTO,INCLINADA,ASFALTADA,SI,INFORMATIVA (I),INFORMATIVA (I),NO,IMPRUDENCIA DEL CONDUCTOR,OTRO (IMPRUDENCIA DEL CONDUCTOR),11.0,0,2023.0,3.0,6.0,1,1,1,1,1.0,1.0,0.0,2.0,0,1,29.5,36.062445840513924,0,1,2,0.0,0.5,0
A-2023-03-135,2023-03-05,12:00,CHOQUE,1,2,0,LIMA,LIMA,CHORRILLOS,URBANA,AVENIDA,URBANO,NO CORRESPONDE,-12.19529584,-77.00127544,DESPEJADO,COMERCIAL,INTERSECCIÓN,PLANA ,ASFALTADA,,,,,IMPRUDENCIA DEL CONDUCTOR,OTRO (IMPRUDENCIA DEL CONDUCTOR),12.0,0,2023.0,3.0,6.0,1,2,1,0,1.0,0.0,0.0,1.0,0,0,41.75,11.354147553500733,0,1,4,0.0,0.25,0
A-2023-03-9,2023-03-05,18:20,CHOQUE,2,2,2,LA LIBERTAD,VIRU,VIRU,RURAL,CARRETERA,NACIONAL,PE-1N,-8.4369753,-78.7622822,DESPEJADO,RURAL,TRAMO RECTO,PLANA ,ASFALTADA,,,,,IMPRUDENCIA DEL CONDUCTOR,FATIGA Y/O CANSANCIO,18.0,1,2023.0,3.0,6.0,1,3,1,0,0.0,0.0,0.0,0.0,0,0,26.6,15.565988564816564,0,1,5,0.0,0.2,1
A-2023-03-69,2023-03-05,19:30,CHOQUE,1,0,2,LAMBAYEQUE,CHICLAYO,PATAPO,RURAL,CARRETERA,NACIONAL,PE-06A,-6.7363369,-79.5400284,DESPEJADO,RURAL,TRAMO RECTO,PLANA ,ASFALTADA,,,,,EN PROCESO DE INVESTIGACIÓN,NO CUENTA CON CAUSA ESPECIFICA,19.0,0,2023.0,3.0,6.0,1,3,1,0,0.0,0.0,0.0,0.0,0,0,24.5,6.363961030678928,0,0,2,0.0,0.0,1
A-2023-03-10,2023-03-06,05:10,ATROPELLO FUGA,1,0,0,LA LIBERTAD,PACASMAYO,SAN JOSE,RURAL,CARRETERA,PROVINCIAL,LI-571,-7.349489734513459,-79.4571160111886,DESPEJADO,RURAL,TRAMO RECTO,PLANA ,ASFALTADA,,,,,EN PROCESO DE INVESTIGACIÓN,NO CUENTA CON CAUSA ESPECIFICA,5.0,0,2023.0,3.0,0.0,0,0,1,0,0.0,0.0,0.0,0.0,0,0,36.0,0.0,0,0,2,0.0,0.0,1
A-2023-03-17,2023-03-06,10:50,DESPISTE,1,6,1,TACNA,TACNA,SAMA,RURAL,CARRETERA,NACIONAL,PE-1SD,-18.141939,-70.691846,DESPEJADO,RURAL,TRAMO RECTO,PLANA ,ASFALTADA,,,,,IMPERICIA DEL CONDUCTOR,,10.0,0,2023.0,3.0,0.0,0,1,1,0,0.0,0.0,0.0,0.0,0,0,26.428571428571427,20.565806109957883,0,0,7,0.0,0.0,0
A-2023-03-11,2023-03-06,14:30,DESPISTE,1,1,1,LA LIBERTAD,PATAZ,PARCOY,RURAL,CARRETERA,NACIONAL,PE-10C,-7.909212,-77.57818,DESPEJADO,RURAL,CURVA,INCLINADA,TROCHA,,,,,EN PROCESO DE INVESTIGACIÓN,NO CUENTA CON CAUSA ESPECIFICA,14.0,0,2023.0,3.0,0.0,0,2,1,0,0.0,1.0,2.0,3.0,0,0,42.5,19.091883092036785,0,0,2,0.0,0.0,0
A-2023-03-115,2023-03-07,05:15,CHOQUE,1,0,1,PIURA,PIURA,CASTILLA,RURAL,CARRETERA,DEPARTAMENTAL,PI-126,-5.128833374424404,-80.60548655869412,DESPEJADO,RURAL,TRAMO RECTO,PLANA ,ASFALTADA,,,,,IMPRUDENCIA DEL CONDUCTOR,EXCESO DE VELOCIDAD,5.0,0,2023.0,3.0,1.0,0,0,1,0,0.0,0.0,0.0,0.0,0,0,26.0,7.0710678118654755,0,1,2,0.0,0.5,1
A-2023-03-137,2023-03-07,05:50,CHOQUE,1,0,0,LIMA,LIMA,SAN MARTIN DE PORRES,URBANA,AVENIDA,URBANO,NO CORRESPONDE,-11.98905394,-77.10535899,DESPEJADO,COMERCIAL,INTERSECCIÓN,PLANA ,ASFALTADA,,,,,EN PROCESO DE INVESTIGACIÓN,NO CUENTA CON CAUSA ESPECIFICA,5.0,0,2023.0,3.0,1.0,0,0,1,0,1.0,0.0,0.0,1.0,0,0,39.0,21.213203435596427,0,1,2,0.0,0.5,1
A-2023-04-6,2023-03-07,16:00,DESPISTE,1,0,1,HUANCAVELICA,HUAYTARA,CORDOVA,RURAL,CARRETERA,PROVINCIAL,HV-1008,-14.04027,-75.18409,DESPEJADO,RURAL,OTRO,PLANA ,TROCHA,,,,,EN PROCESO DE INVESTIGACIÓN,NO CUENTA CON CAUSA ESPECIFICA,16.0,0,2023.0,3.0,1.0,0,2,1,1,0.0,0.0,2.0,2.0,0,0,48.0,0.0,0,1,1,0.0,1.0,0
A-2023-03-167,2023-03-08,04:45,CHOQUE,1,0,0,CAJAMARCA,CAJAMARCA,CAJAMARCA,URBANA,JIRÓN,URBANO,NO CORRESPONDE,-7.15959,-78.514515,LLUVIOSO,COMERCIAL,INTERSECCIÓN,INCLINADA,AFIRMADO,SI,REGULADORA (R),,SI,IMPRUDENCIA DEL CONDUCTOR,CONDUCIR EN ESTADO DE EBRIEDAD Y/O DROGADICCIÓN,4.0,0,2023.0,3.0,2.0,0,0,1,1,1.0,1.0,1.0,3.0,1,0,21.0,0.0,1,0,2,0.5,0.0,1
A-2023-03-57,2023-03-08,06:30,CHOQUE FUGA,1,0,1,CUSCO,CANCHIS,SICUANI,RURAL,CARRETERA,NACIONAL,PE-3S,-14.2263873,-71.282296,DESPEJADO,RURAL,TRAMO RECTO,PLANA ,ASFALTADA,,,,,EN PROCESO DE INVESTIGACIÓN,NO CUENTA CON CAUSA ESPECIFICA,6.0,0,2023.0,3.0,2.0,0,1,1,1,0.0,0.0,0.0,0.0,0,0,44.0,0.0,0,0,2,0.0,0.0,0
A-2023-03-16,2023-03-08,09:40,ATROPELLO,1,0,0,HUANCAVELICA,HUANCAVELICA,HUANDO,URBANA,AVENIDA,URBANO,NO CORRESPONDE,-12.56733320410152,-74.94995344023523,DESPEJADO,ESCOLAR,TRAMO RECTO,PLANA ,ASFALTADA,,,,,EN PROCESO DE INVESTIGACIÓN,NO CUENTA CON CAUSA ESPECIFICA,9.0,0,2023.0,3.0,2.0,0,1,1,1,1.0,0.0,0.0,1.0,0,0,56.5,43.1335136523794,0,1,2,0.0,0.5,0
A-2023-03-114,2023-03-08,14:30,DESPISTE,2,3,1,PIURA,PIURA,CASTILLA,RURAL,CARRETERA,NACIONAL,PE-1NU,-5.139239044625019,-80.44386807118774,DESPEJADO,RURAL,TRAMO RECTO,PLANA ,ASFALTADA,,,,,NEGLIGENCIA DEL CONDUCTOR,CONDUCIR CON FALLAS DE NEUMÁTICOS,14.0,1,2023.0,3.0,2.0,0,2,1,0,0.0,0.0,0.0,0.0,0,0,44.166666666666664,18.65922470700931,0,1,6,0.0,0.167,0
A-2023-03-138,2023-03-08,15:00,CHOQUE,1,0,0,LIMA,LIMA,LURIN,URBANA,CARRETERA,NACIONAL,PE-1S,-12.24646301046602,-76.93613311515227,DESPEJADO,INDUSTRIAL,TRAMO RECTO,PLANA ,ASFALTADA,,,,,IMPRUDENCIA DEL CONDUCTOR,OTRO (IMPRUDENCIA DEL CONDUCTOR),15.0,0,2023.0,3.0,2.0,0,2,1,0,0.0,0.0,0.0,0.0,0,0,37.0,11.313708498984761,0,1,2,0.0,0.5,0
A-2023-03-101,2023-03-08,21:45,ATROPELLO,1,0,0,APURIMAC,COTABAMBAS,TAMBOBAMBA,RURAL,CARRETERA,PROVINCIAL,AP-940,-14.001840472222597,-72.2451444188574,,,,,,,,,,EN PROCESO DE INVESTIGACIÓN,NO CUENTA CON CAUSA ESPECIFICA,21.0,0,2023.0,3.0,2.0,0,3,1,1,0.0,1.0,1.0,2.0,0,0,52.5,27.577164466275352,0,0,2,0.0,0.0,1
A-2023-03-29,2023-03-09,10:00,CHOQUE,1,2,3,CAJAMARCA,CHOTA,CHOTA,URBANA,JIRÓN,URBANO,NO CORRESPONDE,-6.567786,-78.648946,SOLEADO,RESIDENCIAL,TRAMO RECTO,INCLINADA,CONCRETO,,,,,EN PROCESO DE INVESTIGACIÓN,NO CUENTA CON CAUSA ESPECIFICA,10.0,0,2023.0,3.0,3.0,0,1,1,1,1.0,1.0,0.0,2.0,0,0,17.5,13.279056191361393,0,0,5,0.0,0.0,0
A-2023-03-179,2023-03-09,11:00,ATROPELLO,1,0,0,LIMA,LIMA,COMAS,URBANA,AVENIDA,URBANO,NO CORRESPONDE,-11.94773263399341,-77.04965790805825,DESPEJADO,COMERCIAL,TRAMO RECTO,PLANA ,ASFALTADA,,,,,IMPRUDENCIA DEL CONDUCTOR,EXCESO DE VELOCIDAD,11.0,0,2023.0,3.0,3.0,0,1,1,0,1.0,0.0,0.0,1.0,0,0,41.0,25.45584412271571,0,1,2,0.0,0.5,0
A-2023-03-139,2023-03-09,13:30,CHOQUE,1,1,0,LIMA,LIMA,SAN JUAN DE LURIGANCHO,URBANA,AVENIDA,URBANO,NO CORRESPONDE,-12.01803437,-77.00198335,DESPEJADO,COMERCIAL,INTERSECCIÓN,PLANA ,ASFALTADA,,,,,IMPRUDENCIA DEL CONDUCTOR,OTRO (IMPRUDENCIA DEL CONDUCTOR),13.0,0,2023.0,3.0,3.0,0,2,1,0,1.0,0.0,0.0,1.0,0,0,37.333333333333336,1.5275252316519474,0,1,3,0.0,0.333,0
A-2023-03-140,2023-03-09,14:00,ATROPELLO FUGA,1,0,0,LIMA,LIMA,SAN JUAN DE LURIGANCHO,URBANA,AVENIDA,URBANO,NO CORRESPONDE,-12.01920608,-76.98685732,DESPEJADO,RESIDENCIAL,TRAMO RECTO,PLANA ,ASFALTADA,,,,,IMPRUDENCIA DEL PEATÓN,OTRO (IMPRUDENCIA DEL PEATÓN),14.0,0,2023.0,3.0,3.0,0,2,1,0,1.0,0.0,0.0,1.0,0,0,41.0,7.0710678118654755,0,1,2,0.0,0.5,0
A-2023-03-53,2023-03-09,14:10,CHOQUE,1,0,2,CUSCO,ANTA,ANTA,URBANA,CARRETERA,NACIONAL,PE-3S,-13.477006,-72.120795,DESPEJADO,COMERCIAL,CURVA,INCLINADA,ASFALTADA,SI,PREVENTIVA (P),,SI,IMPRUDENCIA DEL CONDUCTOR,GIRAR IMPRUDENTEMENTE,14.0,0,2023.0,3.0,3.0,0,2,1,1,0.0,1.0,0.0,1.0,0,0,53.5,24.748737341529164,0,2,2,0.0,1.0,0
A-2023-03-19,2023-03-09,17:10,DESPISTE,2,1,1,LA LIBERTAD,SANCHEZ CARRION,COCHORCO,RURAL,CARRETERA,NACIONAL,PE-10C,-7.774657,-77.776896,DESPEJADO,RURAL,CURVA,PLANA ,AFIRMADO,,,,,EN PROCESO DE INVESTIGACIÓN,NO CUENTA CON CAUSA ESPECIFICA,17.0,1,2023.0,3.0,3.0,0,2,1,0,0.0,0.0,1.0,1.0,0,0,43.666666666666664,34.151622704248375,0,1,3,0.0,0.333,0
A-2023-03-163,2023-03-10,18:30,ATROPELLO,1,0,0,TACNA,TACNA,LA YARADA LOS PALOS,URBANA,CARRETERA,PROVINCIAL,TA-644,-18.28434,-70.4373,DESPEJADO,COMERCIAL,TRAMO RECTO,PLANA ,ASFALTADA,,,,,IMPRUDENCIA DEL PEATÓN,CRUCE INDEBIDO POR LA CALZADA,18.0,0,2023.0,3.0,4.0,0,3,1,0,0.0,0.0,0.0,0.0,0,0,50.5,14.849242404917497,0,1,2,0.0,0.5,1
A-2023-03-99,2023-03-10,19:30,VOLCADURA,1,0,1,LORETO,MAYNAS,SAN JUAN BAUTISTA,RURAL,CALLE,URBANO,NO CORRESPONDE,-3.767798,-73.291104,DESPEJADO,RURAL,INTERSECCIÓN,PLANA ,AFIRMADO,,,,,IMPRUDENCIA DEL CONDUCTOR,OTRO (IMPRUDENCIA DEL CONDUCTOR),19.0,0,2023.0,3.0,4.0,0,3,1,2,2.0,0.0,1.0,3.0,0,0,43.0,0.0,1,0,1,1.0,0.0,1
A-2023-03-80,2023-03-10,20:20,CHOQUE,1,0,2,ICA,PISCO,INDEPENDENCIA,RURAL,CARRETERA,NACIONAL,PE-28A,-13.71068482,-75.982976,VENTARRÓN,RURAL,TRAMO RECTO,PLANA ,ASFALTADA,,,,,EN PROCESO DE INVESTIGACIÓN,NO CUENTA CON CAUSA ESPECIFICA,20.0,0,2023.0,3.0,4.0,0,3,1,0,0.0,0.0,0.0,0.0,0,0,37.5,7.7781745930520225,0,1,2,0.0,0.5,1
A-2023-03-20,2023-03-11,05:40,ATROPELLO FUGA,1,0,0,LA LIBERTAD,PACASMAYO,SAN PEDRO DE LLOC,RURAL,CARRETERA,NACIONAL,PE-1N,-7.5310834,-79.3937702,DESPEJADO,RURAL,TRAMO RECTO,PLANA ,ASFALTADA,,,,,IMPRUDENCIA DEL CONDUCTOR,OTRO (IMPRUDENCIA DEL CONDUCTOR),5.0,0,2023.0,3.0,5.0,1,0,1,0,0.0,0.0,0.0,0.0,0,0,30.0,0.0,0,0,2,0.0,0.0,1
A-2023-03-129,2023-03-11,12:10,ATROPELLO,1,0,0,JUNIN,HUANCAYO,HUANCAYO,URBANA,CARRETERA,NACIONAL,PE-3S,-12.071543,-75.214018,DESPEJADO,RURAL,INTERSECCIÓN,PLANA ,ASFALTADA,SI,REGULADORA (R),,SI,IMPRUDENCIA DEL PEATÓN,CRUCE INDEBIDO POR LA CALZADA,12.0,0,2023.0,3.0,5.0,1,2,1,1,0.0,0.0,0.0,0.0,0,0,59.0,28.284271247461902,0,1,2,0.0,0.5,0
A-2023-03-21,2023-03-11,17:10,DESPISTE,1,0,1,LA LIBERTAD,VIRU,CHAO,RURAL,CARRETERA,DEPARTAMENTAL,LI-122,-8.479337840485625,-78.57308145229328,DESPEJADO,RURAL,TRAMO RECTO,PLANA ,ASFALTADA,,,,,EN PROCESO DE INVESTIGACIÓN,NO CUENTA CON CAUSA ESPECIFICA,17.0,0,2023.0,3.0,5.0,1,2,1,0,0.0,0.0,0.0,0.0,0,0,58.0,0.0,0,0,1,0.0,0.0,0
A-2023-03-22,2023-03-11,22:30,DESPISTE,1,3,1,LA LIBERTAD,VIRU,VIRU,RURAL,CARRETERA,NACIONAL,PE-1N,-8.4587126,-78.7252153,DESPEJADO,RURAL,TRAMO RECTO,PLANA ,ASFALTADA,,,,,IMPRUDENCIA DEL CONDUCTOR,EXCESO DE VELOCIDAD,22.0,0,2023.0,3.0,5.0,1,3,1,0,0.0,0.0,0.0,0.0,0,0,33.5,14.153915830374764,0,1,4,0.0,0.25,1
A-2023-03-70,2023-03-12,07:00,ATROPELLO FUGA,1,0,1,LAMBAYEQUE,LAMBAYEQUE,LAMBAYEQUE,RURAL,CARRETERA,NACIONAL,PE-1N,-6.6889868,-79.9037983,DESPEJADO,RURAL,TRAMO RECTO,PLANA ,ASFALTADA,,,,,EN PROCESO DE INVESTIGACIÓN,NO CUENTA CON CAUSA ESPECIFICA,7.0,0,2023.0,3.0,6.0,1,1,1,0,0.0,0.0,0.0,0.0,0,0,27.0,0.0,0,0,2,0.0,0.0,0
A-2023-03-25,2023-03-12,13:00,CHOQUE,1,8,2,AREQUIPA,CAYLLOMA,SAN ANTONIO DE CHUCA,RURAL,CARRETERA,NACIONAL,PE-34A,-15.986356,-71.254004,LLUVIOSO,RURAL,CURVA,INCLINADA,ASFALTADA,NO,,,SI,EN PROCESO DE INVESTIGACIÓN,NO CUENTA CON CAUSA ESPECIFICA,13.0,0,2023.0,3.0,6.0,1,2,1,0,0.0,1.0,0.0,1.0,1,1,20.11111111111111,16.885233522551918,0,1,9,0.0,0.111,0
A-2023-03-71,2023-03-12,15:00,ATROPELLO FUGA,1,0,1,LAMBAYEQUE,CHICLAYO,PATAPO,RURAL,CARRETERA,NACIONAL,PE-06A,-6.7393081,-79.6362104,DESPEJADO,RURAL,TRAMO RECTO,PLANA ,ASFALTADA,,,,,EN PROCESO DE INVESTIGACIÓN,NO CUENTA CON CAUSA ESPECIFICA,15.0,0,2023.0,3.0,6.0,1,2,1,0,0.0,0.0,0.0,0.0,0,0,86.0,0.0,0,0,2,0.0,0.0,0
A-2023-03-141,2023-03-12,22:30,ATROPELLO,1,0,0,LIMA,LIMA,CHORRILLOS,URBANA,CARRETERA,NACIONAL,PE-1S,-12.218937,-76.977076,DESPEJADO,INDUSTRIAL,TRAMO RECTO,PLANA ,ASFALTADA,SI,REGULADORA (R),,NO,IMPRUDENCIA DEL PEATÓN,OTRO (IMPRUDENCIA DEL PEATÓN),22.0,0,2023.0,3.0,6.0,1,3,1,0,0.0,0.0,0.0,0.0,0,1,46.0,0.0,0,1,2,0.0,0.5,1
A-2023-03-83,2023-03-13,05:30,CHOQUE,1,0,1,ICA,NASCA,NASCA,URBANA,CARRETERA,NACIONAL,PE-30A,-14.8405,-74.93178,DESPEJADO,RURAL,TRAMO RECTO,PLANA ,ASFALTADA,,,,,EN PROCESO DE INVESTIGACIÓN,NO CUENTA CON CAUSA ESPECIFICA,5.0,0,2023.0,3.0,0.0,0,0,1,0,0.0,0.0,0.0,0.0,0,0,57.5,14.849242404917497,0,1,2,0.0,0.5,1