CODIGO_SINIESTRO,FECHA_SINIESTRO,HORA_SINIESTRO,CLASE_SINIESTRO,CANTIDAD_FALLECIDOS,CANTIDAD_LESIONADOS,CANTIDAD_VEHICULOS,DEPARTAMENTO,PROVINCIA,DISTRITO,ZONA,TIPO_VIA,RED_VIAL,COD_CARRETERA,LATITUD,LONGITUD,CONDICION_CLIMATICA,ZONIFICACION,CARACTERISTICAS_VIA,PERFIL_VIA,SUPERFICIE_CALZADA,EXISTE_SENIAL_VERTICAL,CLASIFICACION_SENIAL_VERTICAL_1,CLASIFICACION_SENIAL_VERTICAL_2,EXISTE_SENIAL_HORIZONTAL,CAUSA_FACTOR_PRINCIPAL,CAUSA_ESPECIFICA,HORA,severidad,ANIO,MES,DIA_SEMANA,FIN_SEMANA,FRANJA_HORARIA,TEMPORADA,MACROREGION,TIPO_VIA_SCORE,PERFIL_VIA_SCORE,SUPERFICIE_CALZADA_SCORE,RIESGO_INFRAESTRUCTURA,RIESGO_CLIMATICO,SENIALIZACION_DEFICIENTE,EDAD_PROMEDIO,EDAD_STD,TOTAL_ALCOHOL,TOTAL_LICENCIA,TOTAL_PERSONAS,PCT_ALCOHOL,PCT_LICENCIA,ES_NOCHE
A-2023-03-142,2023-03-13,15:30,CAÍDA DE PASAJERO,1,0,0,LIMA,LIMA,ANCON,URBANA,CARRETERA,NACIONAL,PE-1N,-11.812734,-77.12962,DESPEJADO,COMERCIAL,TRAMO RECTO,PLANA ,ASFALTADA,,,,,EN PROCESO DE INVESTIGACIÓN,NO CUENTA CON CAUSA ESPECIFICA,15.0,0,2023.0,3.0,0.0,0,2,1,0,0.0,0.0,0.0,0.0,0,0,53.0,4.242640687119285,0,1,2,0.0,0.5,0
A-2023-03-79,2023-03-13,20:00,DESPISTE,1,0,1,AMAZONAS,RODRIGUEZ DE MENDOZA,LONGAR,RURAL,CARRETERA,NACIONAL,PE-08B,-6.3699019,-77.5221742,LLUVIOSO,RURAL,CURVA,INCLINADA,AFIRMADO,,,,,EN PROCESO DE INVESTIGACIÓN,NO CUENTA CON CAUSA ESPECIFICA,20.0,0,2023.0,3.0,0.0,0,3,1,2,0.0,1.0,1.0,2.0,1,0,85.0,0.0,0,1,1,0.0,1.0,1
A-2023-03-159,2023-03-13,23:00,ATROPELLO FUGA,1,0,0,LIMA,LIMA,LIMA,URBANA,JIRÓN,URBANO,NO CORRESPONDE,-12.04945744,-77.01956828,DESPEJADO,RESIDENCIAL,TRAMO RECTO,PLANA ,ASFALTADA,,,,,IMPRUDENCIA DEL PEATÓN,OTRO (IMPRUDENCIA DEL PEATÓN),23.0,0,2023.0,3.0,0.0,0,3,1,0,1.0,0.0,0.0,1.0,0,0,36.0,15.556349186104045,0,1,2,0.0,0.5,1
A-2023-03-18,2023-03-13,23:00,CHOQUE,2,1,2,PUNO,PUNO,PUNO,RURAL,CARRETERA,NACIONAL,PE-3S,-15.876976,-69.926815,DESPEJADO,RURAL,TRAMO RECTO,PLANA ,ASFALTADA,,,,,INFRAESTRUCTURA Y ENTORNO VIAL,OTRO (INFRAESTRUCTURA Y ENTORNO VIAL),23.0,1,2023.0,3.0,0.0,0,3,1,1,0.0,0.0,0.0,0.0,0,0,42.333333333333336,8.621678104251709,0,2,3,0.0,0.667,1
A-2023-03-143,2023-03-15,00:15,CHOQUE,1,0,0,LIMA,LIMA,SAN BORJA,URBANA,CARRETERA,NACIONAL,PE-1S,-12.10486683,-76.9790993,NUBLADO,RESIDENCIAL,TRAMO RECTO,PLANA ,ASFALTADA,,,,,IMPRUDENCIA DEL CONDUCTOR,OTRO (IMPRUDENCIA DEL CONDUCTOR),0.0,0,2023.0,3.0,2.0,0,0,1,0,0.0,0.0,0.0,0.0,0,0,36.333333333333336,17.8978583448784,0,1,3,0.0,0.333,1
A-2023-03-23,2023-03-15,08:30,CHOQUE,1,0,2,LA LIBERTAD,TRUJILLO,TRUJILLO,URBANA,CARRETERA,NACIONAL,PE-10A,-8.122764353828762,-79.00702002867499,DESPEJADO,RURAL,INTERSECCIÓN,PLANA ,ASFALTADA,,,,,IMPRUDENCIA DEL CONDUCTOR,ADELANTAR INDEBIDAMENTE,8.0,0,2023.0,3.0,2.0,0,1,1,0,0.0,0.0,0.0,0.0,0,0,52.5,17.67766952966369,0,1,2,0.0,0.5,0
A-2023-03-56,2023-03-15,16:10,CHOQUE,1,1,2,CUSCO,ANTA,LIMATAMBO,RURAL,CARRETERA,NACIONAL,PE-3S,-13.46172,-72.42498,DESPEJADO,RURAL,TRAMO RECTO,INCLINADA,ASFALTADA,SI,PREVENTIVA (P),,SI,IMPRUDENCIA DEL CONDUCTOR,FATIGA Y/O CANSANCIO,16.0,0,2023.0,3.0,2.0,0,2,1,1,0.0,1.0,0.0,1.0,0,0,36.666666666666664,14.571661996262929,0,1,3,0.0,0.333,0
A-2023-03-126,2023-03-15,20:00,ATROPELLO,1,2,0,CALLAO,CALLAO,VENTANILLA,URBANA,AVENIDA,URBANO,NO CORRESPONDE,-11.8282122,-77.124005617,,,,,,,,,,EN PROCESO DE INVESTIGACIÓN,NO CUENTA CON CAUSA ESPECIFICA,20.0,0,2023.0,3.0,2.0,0,3,1,0,1.0,1.0,1.0,3.0,0,0,37.25,2.0615528128088307,0,0,4,0.0,0.0,1
A-2023-03-27,2023-03-16,05:30,CHOQUE,2,2,2,LA LIBERTAD,VIRU,GUADALUPITO,RURAL,CARRETERA,NACIONAL,PE-1N,-8.703279,-78.639559,DESPEJADO,RURAL,TRAMO RECTO,PLANA ,ASFALTADA,,,,,IMPRUDENCIA DEL CONDUCTOR,ADELANTAR INDEBIDAMENTE,5.0,1,2023.0,3.0,3.0,0,0,1,0,0.0,0.0,0.0,0.0,0,0,38.666666666666664,17.235622027262803,0,2,6,0.0,0.333,1
A-2023-03-89,2023-03-16,07:20,DESPISTE,1,1,1,AMAZONAS,LUYA,TINGO,URBANA,JIRÓN,URBANO,NO CORRESPONDE,-6.372585,-77.91969,SOLEADO,RURAL,CURVA,INCLINADA,AFIRMADO,,,,,EN PROCESO DE INVESTIGACIÓN,NO CUENTA CON CAUSA ESPECIFICA,7.0,0,2023.0,3.0,3.0,0,1,1,2,1.0,1.0,1.0,3.0,0,0,46.0,9.539392014169456,0,1,3,0.0,0.333,0
A-2023-03-60,2023-03-16,07:30,DESPISTE,2,0,1,CUSCO,PAUCARTAMBO,CAICAY,RURAL,CARRETERA,DEPARTAMENTAL,CU-113,-13.557643,-71.708535,DESPEJADO,RURAL,TRAMO RECTO,PLANA ,ASFALTADA,,,,,EN PROCESO DE INVESTIGACIÓN,NO CUENTA CON CAUSA ESPECIFICA,7.0,1,2023.0,3.0,3.0,0,1,1,1,0.0,0.0,0.0,0.0,0,0,44.0,4.242640687119285,0,1,2,0.0,0.5,0
A-2023-03-130,2023-03-16,11:30,ATROPELLO,1,0,0,JUNIN,JAUJA,ACOLLA,URBANA,CARRETERA,NACIONAL,PE-3SA,-11.734159642247311,-75.5435030793657,DESPEJADO,RURAL,TRAMO RECTO,PLANA ,ASFALTADA,NO,,,SI,EN PROCESO DE INVESTIGACIÓN,NO CUENTA CON CAUSA ESPECIFICA,11.0,0,2023.0,3.0,3.0,0,1,1,1,0.0,0.0,0.0,0.0,0,1,19.0,25.45584412271571,0,1,2,0.0,0.5,0
A-2023-03-26,2023-03-16,12:05,DESPISTE,1,1,1,HUANUCO,LEONCIO PRADO,PUEBLO NUEVO,RURAL,CARRETERA,SIN CLASIFICAR,SIN CLASIFICAR,-9.141821,-75.991229,DESPEJADO,RURAL,CURVA,INCLINADA,AFIRMADO,,,,,IMPERICIA DEL CONDUCTOR,,12.0,0,2023.0,3.0,3.0,0,2,1,1,0.0,1.0,1.0,2.0,0,0,44.5,0.7071067811865476,0,0,2,0.0,0.0,0
A-2023-03-24,2023-03-16,14:00,CHOQUE,1,1,2,PUNO,PUNO,ACORA,RURAL,CARRETERA,PROVINCIAL,PU-1140,-15.9942195,-69.7620055,DESPEJADO,RURAL,TRAMO RECTO,PLANA ,TROCHA,,,,,IMPRUDENCIA DEL CONDUCTOR,OTRO (IMPRUDENCIA DEL CONDUCTOR),14.0,0,2023.0,3.0,3.0,0,2,1,1,0.0,0.0,2.0,2.0,0,0,47.0,19.974984355438178,0,2,3,0.0,0.667,0
A-2023-03-31,2023-03-16,20:30,CHOQUE FUGA,1,2,1,LA LIBERTAD,TRUJILLO,LAREDO,RURAL,CARRETERA,NACIONAL,PE-10A,-8.096748,-78.933935,DESPEJADO,COMERCIAL,TRAMO RECTO,PLANA ,ASFALTADA,,,,,EN PROCESO DE INVESTIGACIÓN,NO CUENTA CON CAUSA ESPECIFICA,20.0,0,2023.0,3.0,3.0,0,3,1,0,0.0,0.0,0.0,0.0,0,0,34.0,11.357816691600547,0,1,4,0.0,0.25,1
A-2023-03-144,2023-03-16,22:30,VOLCADURA,1,0,0,LIMA,LIMA,SAN JUAN DE LURIGANCHO,URBANA,AVENIDA,URBANO,NO CORRESPONDE,-12.02998879,-77.02038547,DESPEJADO,COMERCIAL,TRAMO RECTO,PLANA ,ASFALTADA,,,,,IMPRUDENCIA DEL CONDUCTOR,EXCESO DE VELOCIDAD,22.0,0,2023.0,3.0,3.0,0,3,1,0,1.0,0.0,0.0,1.0,0,0,29.0,0.0,0,1,1,0.0,1.0,1
A-2023-03-33,2023-03-17,05:30,CHOQUE,1,0,2,LA LIBERTAD,VIRU,VIRU,RURAL,CARRETERA,NACIONAL,PE-1N,-8.4535225,-78.7307148,DESPEJADO,RURAL,TRAMO RECTO,PLANA ,ASFALTADA,,,,,EN PROCESO DE INVESTIGACIÓN,NO CUENTA CON CAUSA ESPECIFICA,5.0,0,2023.0,3.0,4.0,0,0,1,0,0.0,0.0,0.0,0.0,0,0,51.0,2.8284271247461903,0,1,2,0.0,0.5,1
A-2023-03-90,2023-03-17,09:00,DESPISTE,1,1,1,ANCASH,SANTA,SAMANCO,RURAL,CARRETERA,NACIONAL,PE-1N,-9.309308,-78.404054,DESPEJADO,RURAL,TRAMO RECTO,INCLINADA,ASFALTADA,,,,,INFRAESTRUCTURA Y ENTORNO VIAL,ABANDONO DE OBJETOS EN LA VÍA,9.0,0,2023.0,3.0,4.0,0,1,1,0,0.0,1.0,0.0,1.0,0,0,30.666666666666668,17.21433511156714,0,1,3,0.0,0.333,0
A-2023-03-112,2023-03-17,09:50,CHOQUE,1,0,1,CALLAO,CALLAO,CALLAO,URBANA,CARRETERA,NACIONAL,PE-20,-12.0356703147664,-77.1275317486346,DESPEJADO,INDUSTRIAL,TRAMO RECTO,PLANA ,ASFALTADA,SI,REGULADORA (R),,SI,IMPRUDENCIA DEL CONDUCTOR,OTRO (IMPRUDENCIA DEL CONDUCTOR),9.0,0,2023.0,3.0,4.0,0,1,1,0,0.0,0.0,0.0,0.0,0,0,41.5,12.020815280171307,0,1,2,0.0,0.5,0
A-2023-03-58,2023-03-17,14:30,DESPISTE,2,11,1,CUSCO,ESPINAR,COPORAQUE,RURAL,CARRETERA,NACIONAL,PE-3SG,-14.594712454714225,-71.69237393059306,NUBLADO,RURAL,CURVA,INCLINADA,ASFALTADA,,,,,EN PROCESO DE INVESTIGACIÓN,NO CUENTA CON CAUSA ESPECIFICA,14.0,1,2023.0,3.0,4.0,0,2,1,1,0.0,1.0,0.0,1.0,0,0,46.333333333333336,19.519221295943137,0,1,13,0.0,0.077,0
A-2023-03-145,2023-03-17,19:20,CHOQUE,1,1,0,LIMA,LIMA,COMAS,URBANA,AVENIDA,URBANO,NO CORRESPONDE,-11.913066255519231,-77.00300212566364,DESPEJADO,RESIDENCIAL,TRAMO RECTO,PLANA ,ASFALTADA,,,,,EN PROCESO DE INVESTIGACIÓN,NO CUENTA CON CAUSA ESPECIFICA,19.0,0,2023.0,3.0,4.0,0,3,1,0,1.0,0.0,0.0,1.0,0,0,40.333333333333336,13.012814197295423,0,1,3,0.0,0.333,1
A-2023-03-54,2023-03-18,04:50,ATROPELLO FUGA,1,0,0,CUSCO,ESPINAR,ESPINAR,RURAL,CARRETERA,SIN CLASIFICAR,SIN CLASIFICAR,-14.8022643364473,-71.4415394127246,DESPEJADO,RURAL,TRAMO RECTO,PLANA ,AFIRMADO,,,,,EN PROCESO DE INVESTIGACIÓN,NO CUENTA CON CAUSA ESPECIFICA,4.0,0,2023.0,3.0,5.0,1,0,1,1,0.0,0.0,1.0,1.0,0,0,45.0,0.0,0,0,2,0.0,0.0,1
A-2023-03-55,2023-03-18,08:00,VOLCADURA,1,0,1,CUSCO,QUISPICANCHI,OCONGATE,RURAL,CARRETERA,DEPARTAMENTAL,CU-116,-13.62378,-71.39203,DESPEJADO,RURAL,CURVA,PLANA ,ASFALTADA,SI,PREVENTIVA (P),,SI,IMPRUDENCIA DEL CONDUCTOR,EXCESO DE VELOCIDAD,8.0,0,2023.0,3.0,5.0,1,1,1,1,0.0,0.0,0.0,0.0,0,0,34.0,0.0,0,0,1,0.0,0.0,0
A-2023-03-176,2023-03-18,10:30,ATROPELLO,1,0,0,JUNIN,TARMA,HUASAHUASI,RURAL,CARRETERA,PROVINCIAL,JU-567,-11.272255466706588,-75.65967675565224,,,,,,,,,,EN PROCESO DE INVESTIGACIÓN,NO CUENTA CON CAUSA ESPECIFICA,10.0,0,2023.0,3.0,5.0,1,1,1,1,0.0,1.0,1.0,2.0,0,0,60.0,33.94112549695428,0,0,2,0.0,0.0,0
A-2023-03-164,2023-03-18,11:40,ATROPELLO,1,0,1,AYACUCHO,HUAMANGA,AYACUCHO,URBANA,CALLE,URBANO,NO CORRESPONDE,-13.157552473825,-74.2365129281001,DESPEJADO,RESIDENCIAL,TRAMO RECTO,INCLINADA,ASFALTADA,,,,,IMPRUDENCIA DEL CONDUCTOR,GIRAR IMPRUDENTEMENTE,11.0,0,2023.0,3.0,5.0,1,1,1,1,2.0,1.0,0.0,3.0,0,0,20.5,24.748737341529164,0,0,2,0.0,0.0,0
A-2023-03-40,2023-03-18,14:50,DESPISTE,1,1,1,CUSCO,ACOMAYO,ACOPIA,RURAL,CARRETERA,PROVINCIAL,CU-1639,-14.047174,-71.509228,DESPEJADO,RURAL,CURVA,INCLINADA,TROCHA,,,,,EN PROCESO DE INVESTIGACIÓN,NO CUENTA CON CAUSA ESPECIFICA,14.0,0,2023.0,3.0,5.0,1,2,1,1,0.0,1.0,2.0,3.0,0,0,40.5,10.606601717798213,0,1,2,0.0,0.5,0
A-2023-03-146,2023-03-18,16:30,CHOQUE,1,1,0,LIMA,LIMA,SAN JUAN DE LURIGANCHO,URBANA,AVENIDA,URBANO,NO CORRESPONDE,-11.97644482,-77.00207644,DESPEJADO,COMERCIAL,TRAMO RECTO,PLANA ,ASFALTADA,,,,,IMPRUDENCIA DEL CONDUCTOR,VEHÍCULO MAL ESTACIONADO,16.0,0,2023.0,3.0,5.0,1,2,1,0,1.0,0.0,0.0,1.0,0,0,42.333333333333336,10.96965511460289,0,1,3,0.0,0.333,0
A-2023-03-174,2023-03-18,19:50,CHOQUE,1,2,2,LIMA,BARRANCA,SUPE,RURAL,CARRETERA,DEPARTAMENTAL,LM-100,-10.816028,-77.704268,DESPEJADO,RURAL,TRAMO RECTO,PLANA ,ASFALTADA,,,,,IMPRUDENCIA DEL CONDUCTOR,OTRO (IMPRUDENCIA DEL CONDUCTOR),19.0,0,2023.0,3.0,5.0,1,3,1,0,0.0,0.0,0.0,0.0,0,0,36.25,24.308777564218786,0,1,4,0.0,0.25,1
A-2023-03-175,2023-03-18,21:00,ATROPELLO,1,0,0,JUNIN,SATIPO,PANGOA,URBANA,CARRETERA,NACIONAL,PE-28C,-11.341346571971489,-74.5264837042514,,,,,,,,,,EN PROCESO DE INVESTIGACIÓN,NO CUENTA CON CAUSA ESPECIFICA,21.0,0,2023.0,3.0,5.0,1,3,1,1,0.0,1.0,1.0,2.0,0,0,21.0,0.0,0,0,2,0.0,0.0,1
A-2023-03-177,2023-03-19,05:40,CHOQUE,1,1,0,PASCO,OXAPAMPA,CHONTABAMBA,URBANA,CARRETERA,PROVINCIAL,PA-630,-10.576077292457027,-75.40983442182457,,,,,,,,,,EN PROCESO DE INVESTIGACIÓN,NO CUENTA CON CAUSA ESPECIFICA,5.0,0,2023.0,3.0,6.0,1,0,1,1,0.0,1.0,1.0,2.0,0,0,34.5,4.949747468305833,0,0,2,0.0,0.0,1
A-2023-03-147,2023-03-19,05:55,ATROPELLO FUGA,1,0,0,LIMA,LIMA,PUENTE PIEDRA,URBANA,CARRETERA,NACIONAL,PE-1N,-11.872306,-77.069443,DESPEJADO,COMERCIAL,TRAMO RECTO,PLANA ,ASFALTADA,,,,,EN PROCESO DE INVESTIGACIÓN,NO CUENTA CON CAUSA ESPECIFICA,5.0,0,2023.0,3.0,6.0,1,0,1,0,0.0,0.0,0.0,0.0,0,0,30.0,0.0,0,0,2,0.0,0.0,1
A-2023-03-150,2023-03-19,06:25,DESPISTE,1,0,0,LIMA,LIMA,PUENTE PIEDRA,URBANA,CARRETERA,NACIONAL,PE-1N,-11.894874,-77.068026,DESPEJADO,COMERCIAL,TRAMO RECTO,PLANA ,ASFALTADA,,,,,IMPRUDENCIA DEL CONDUCTOR,OTRO (IMPRUDENCIA DEL CONDUCTOR),6.0,0,2023.0,3.0,6.0,1,1,1,0,0.0,0.0,0.0,0.0,0,0,24.0,0.0,0,0,1,0.0,0.0,0
A-2023-03-148,2023-03-19,06:50,ATROPELLO,1,0,0,LIMA,LIMA,VILLA EL SALVADOR,URBANA,AVENIDA,URBANO,NO CORRESPONDE,-12.23215271,-76.92550453,DESPEJADO,RESIDENCIAL,TRAMO RECTO,PLANA ,ASFALTADA,,,,,IMPRUDENCIA DEL PEATÓN,ESTADO DE EBRIEDAD Y/O DROGADICCIÓN,6.0,0,2023.0,3.0,6.0,1,1,1,0,1.0,0.0,0.0,1.0,0,0,34.0,0.0,0,1,2,0.0,0.5,0
A-2023-03-149,2023-03-19,10:15,CHOQUE,1,0,0,LIMA,LIMA,SAN BORJA,URBANA,AVENIDA,URBANO,NO CORRESPONDE,-12.103769417849724,-77.00134451399319,DESPEJADO,COMERCIAL,TRAMO RECTO,PLANA ,ASFALTADA,,,,,NEGLIGENCIA DEL CONDUCTOR,OTRO (NEGLIGENCIA DEL CONDUCTOR),10.0,0,2023.0,3.0,6.0,1,1,1,0,1.0,0.0,0.0,1.0,0,0,39.5,13.435028842544403,0,2,2,0.0,1.0,0
A-2023-03-104,2023-03-19,10:50,DESPISTE,1,0,0,APURIMAC,ABANCAY,ABANCAY,RURAL,CARRETERA,NACIONAL,PE-3S,-13.648404652881789,-72.91160080326752,,,,,,,,,,EN PROCESO DE INVESTIGACIÓN,NO CUENTA CON CAUSA ESPECIFICA,10.0,0,2023.0,3.0,6.0,1,1,1,1,0.0,1.0,1.0,2.0,0,0,22.0,0.0,0,0,1,0.0,0.0,0
A-2023-03-34,2023-03-19,19:00,CHOQUE FUGA,1,0,1,LA LIBERTAD,PACASMAYO,GUADALUPE,RURAL,CARRETERA,NACIONAL,PE-08,-7.3015006,-79.40920413,DESPEJADO,RURAL,TRAMO RECTO,PLANA ,ASFALTADA,,,,,IMPRUDENCIA DEL CONDUCTOR,EXCESO DE VELOCIDAD,19.0,0,2023.0,3.0,6.0,1,3,1,0,0.0,0.0,0.0,0.0,0,0,30.0,0.0,0,0,2,0.0,0.0,1
A-2023-03-85,2023-03-19,20:00,CHOQUE,1,0,2,ICA,PISCO,TUPAC AMARU INCA,URBANA,CARRETERA,NACIONAL,PE-1S,-13.710448864541,-76.1526324164968,VENTARRÓN,RURAL,TRAMO RECTO,PLANA ,ASFALTADA,,,,,EN PROCESO DE INVESTIGACIÓN,NO CUENTA CON CAUSA ESPECIFICA,20.0,0,2023.0,3.0,6.0,1,3,1,0,0.0,0.0,0.0,0.0,0,0,46.0,0.0,0,1,2,0.0,0.5,1
A-2023-03-39,2023-03-19,22:30,DESPISTE,1,1,1,AREQUIPA,AREQUIPA,LA JOYA,RURAL,CARRETERA,DEPARTAMENTAL,AR-115,-16.5328184,-71.7370535,DESPEJADO,RURAL,TRAMO RECTO,PLANA ,ASFALTADA,NO,,,SI,EN PROCESO DE INVESTIGACIÓN,NO CUENTA CON CAUSA ESPECIFICA,22.0,0,2023.0,3.0,6.0,1,3,1,0,0.0,0.0,0.0,0.0,0,1,22.5,0.7071067811865476,0,0,2,0.0,0.0,1
A-2023-03-61,2023-03-20,00:15,CHOQUE,5,0,2,CUSCO,ESPINAR,OCORURO,RURAL,CARRETERA,NACIONAL,PE-34J,-15.080543,-71.118673,DESPEJADO,RURAL,TRAMO RECTO,PLANA ,ASFALTADA,,,,,EN PROCESO DE INVESTIGACIÓN,NO CUENTA CON CAUSA ESPECIFICA,0.0,2,2023.0,3.0,0.0,0,0,1,1,0.0,0.0,0.0,0.0,0,0,26.2,10.377861051295685,0,2,6,0.0,0.333,1
A-2023-03-42,2023-03-20,11:15,DESPISTE,1,1,1,CUSCO,LA CONVENCION,HUAYOPATA,RURAL,CARRETERA,NACIONAL,PE-28B,-13.081439,-72.372732,DESPEJADO,RURAL,CURVA,INCLINADA,ASFALTADA,SI,PREVENTIVA (P),,SI,IMPRUDENCIA DEL CONDUCTOR,EXCESO DE VELOCIDAD,11.0,0,2023.0,3.0,0.0,0,1,1,1,0.0,1.0,0.0,1.0,0,0,76.5,16.263455967290593,0,1,2,0.0,0.5,0
A-2023-03-32,2023-03-20,15:00,CHOQUE,6,2,2,MOQUEGUA,MARISCAL NIETO,CARUMAS,RURAL,CARRETERA,NACIONAL,PE-36A,-16.867802,-70.174824,GRANIZADO,RURAL,TRAMO RECTO,PLANA ,ASFALTADA,,,,,IMPRUDENCIA DEL CONDUCTOR,INVASIÓN DE CARRIL,15.0,2,2023.0,3.0,0.0,0,2,1,0,0.0,0.0,0.0,0.0,1,0,27.555555555555557,16.094339929856638,1,2,9,0.111,0.222,0
A-2023-03-151,2023-03-20,16:45,CHOQUE,1,1,0,LIMA,LIMA,COMAS,URBANA,AVENIDA,URBANO,NO CORRESPONDE,-11.920433,-77.041833,DESPEJADO,COMERCIAL,TRAMO RECTO,PLANA ,ASFALTADA,,,,,EN PROCESO DE INVESTIGACIÓN,NO CUENTA CON CAUSA ESPECIFICA,16.0,0,2023.0,3.0,0.0,0,2,1,0,1.0,0.0,0.0,1.0,0,0,36.333333333333336,15.044378795195678,0,2,3,0.0,0.667,0
A-2023-03-72,2023-03-20,17:50,CHOQUE,1,1,1,LAMBAYEQUE,LAMBAYEQUE,MOCHUMI,RURAL,CARRETERA,NACIONAL,PE-1NJ,-6.5401119,-79.8654315,DESPEJADO,RURAL,TRAMO RECTO,PLANA ,ASFALTADA,,,,,EN PROCESO DE INVESTIGACIÓN,NO CUENTA CON CAUSA ESPECIFICA,17.0,0,2023.0,3.0,0.0,0,2,1,0,0.0,0.0,0.0,0.0,0,0,52.666666666666664,12.50333288900737,0,1,3,0.0,0.333,0
A-2023-03-68,2023-03-20,18:00,CHOQUE,1,0,2,TUMBES,TUMBES,CORRALES,RURAL,CARRETERA,NACIONAL,PE-1N,-3.61890513694658,-80.5230475166071,SOLEADO,RURAL,CURVA,PLANA ,ASFALTADA,,,,,IMPRUDENCIA DEL CONDUCTOR,INVASIÓN DE CARRIL,18.0,0,2023.0,3.0,0.0,0,3,1,0,0.0,0.0,0.0,0.0,0,0,41.5,13.435028842544403,0,1,2,0.0,0.5,1
A-2023-03-152,2023-03-21,08:30,CHOQUE,1,0,0,LIMA,LIMA,JESUS MARIA,URBANA,AVENIDA,URBANO,NO CORRESPONDE,-12.07380405,-77.04644437,DESPEJADO,RESIDENCIAL,TRAMO RECTO,PLANA ,ASFALTADA,,,,,EN PROCESO DE INVESTIGACIÓN,NO CUENTA CON CAUSA ESPECIFICA,8.0,0,2023.0,3.0,1.0,0,1,1,0,1.0,0.0,0.0,1.0,0,0,28.0,2.8284271247461903,0,1,2,0.0,0.5,0
A-2023-03-102,2023-03-22,00:00,VOLCADURA,2,0,0,APURIMAC,GRAU,TURPAY,RURAL,CARRETERA,PROVINCIAL,AP-872,-14.221512052733155,-72.62696213696749,,,,,,,,,,EN PROCESO DE INVESTIGACIÓN,NO CUENTA CON CAUSA ESPECIFICA,0.0,1,2023.0,3.0,2.0,0,0,1,1,0.0,1.0,1.0,2.0,0,0,31.0,2.8284271247461903,0,0,2,0.0,0.0,1
A-2023-03-110,2023-03-22,00:40,DESPISTE,1,2,1,HUANUCO,LEONCIO PRADO,RUPA-RUPA,RURAL,CARRETERA,NACIONAL,PE-18A,-9.318745693285788,-75.99399260364935,DESPEJADO,RURAL,CURVA,PLANA ,ASFALTADA,,,,,IMPRUDENCIA DEL CONDUCTOR,CONDUCIR EN ESTADO DE EBRIEDAD Y/O DROGADICCIÓN,0.0,0,2023.0,3.0,2.0,0,0,1,1,0.0,0.0,0.0,0.0,0,0,22.0,3.4641016151377544,1,1,3,0.333,0.333,1
A-2023-03-37,2023-03-22,17:50,DESPISTE,6,11,1,ANCASH,POMABAMBA,PAROBAMBA,RURAL,CARRETERA,PROVINCIAL,AN-585,-8.70602344900389,-77.4475284841365,DESPEJADO,RURAL,CURVA,INCLINADA,AFIRMADO,,,,,EN PROCESO DE INVESTIGACIÓN,NO CUENTA CON CAUSA ESPECIFICA,17.0,2,2023.0,3.0,2.0,0,2,1,0,0.0,1.0,1.0,2.0,0,0,32.76470588235294,20.27168410543604,0,1,17,0.0,0.059,0
A-2023-03-153,2023-03-22,19:40,CHOQUE,1,6,0,LIMA,LIMA,ATE,URBANA,CARRETERA,NACIONAL,PE-22,-12.00078285218256,-76.83970770106689,DESPEJADO,COMERCIAL,TRAMO RECTO,PLANA ,ASFALTADA,,,,,NEGLIGENCIA DEL CONDUCTOR,OTRO (NEGLIGENCIA DEL CONDUCTOR),19.0,0,2023.0,3.0,2.0,0,3,1,0,0.0,0.0,0.0,0.0,0,0,33.888888888888886,14.760118939599067,0,1,9,0.0,0.111,1
A-2023-03-50,2023-03-22,21:30,DESPISTE,1,2,1,CUSCO,PAUCARTAMBO,PAUCARTAMBO,RURAL,CARRETERA,PROVINCIAL,CU-1022,-13.3897267635035,-71.4879796461544,DESPEJADO,RURAL,CURVA,INCLINADA,TROCHA,,,,,EN PROCESO DE INVESTIGACIÓN,NO CUENTA CON CAUSA ESPECIFICA,21.0,0,2023.0,3.0,2.0,0,3,1,1,0.0,1.0,2.0,3.0,0,0,29.5,4.949747468305833,0,1,3,0.0,0.333,1
A-2023-03-95,2023-03-23,05:30,CHOQUE,1,0,2,PUNO,HUANCANE,TARACO,RURAL,CARRETERA,NACIONAL,PE-34H,-15.297443,-69.971059,DESPEJADO,RURAL,TRAMO RECTO,PLANA ,ASFALTADA,,,,,NEGLIGENCIA DEL CONDUCTOR,OTRO (NEGLIGENCIA DEL CONDUCTOR),5.0,0,2023.0,3.0,3.0,0,0,1,1,0.0,0.0,0.0,0.0,0,0,23.5,3.5355339059327378,0,0,2,0.0,0.0,1
A-2023-03-36,2023-03-23,08:30,DESPISTE,1,1,1,LA LIBERTAD,TRUJILLO,MOCHE,URBANA,CARRETERA,NACIONAL,PE-1N,-8.1678427,-79.0062774,DESPEJADO,RURAL,TRAMO RECTO,PLANA ,ASFALTADA,,,,,EN PROCESO DE INVESTIGACIÓN,NO CUENTA CON CAUSA ESPECIFICA,8.0,0,2023.0,3.0,3.0,0,1,1,0,0.0,0.0,0.0,0.0,0,0,76.0,15.716233645501712,0,1,3,0.0,0.333,0