CODIGO_SINIESTRO,FECHA_SINIESTRO,HORA_SINIESTRO,CLASE_SINIESTRO,CANTIDAD_FALLECIDOS,CANTIDAD_LESIONADOS,CANTIDAD_VEHICULOS,DEPARTAMENTO,PROVINCIA,DISTRITO,ZONA,TIPO_VIA,RED_VIAL,COD_CARRETERA,LATITUD,LONGITUD,CONDICION_CLIMATICA,ZONIFICACION,CARACTERISTICAS_VIA,PERFIL_VIA,SUPERFICIE_CALZADA,EXISTE_SENIAL_VERTICAL,CLASIFICACION_SENIAL_VERTICAL_1,CLASIFICACION_SENIAL_VERTICAL_2,EXISTE_SENIAL_HORIZONTAL,CAUSA_FACTOR_PRINCIPAL,CAUSA_ESPECIFICA,HORA,severidad,ANIO,MES,DIA_SEMANA,FIN_SEMANA,FRANJA_HORARIA,TEMPORADA,MACROREGION,TIPO_VIA_SCORE,PERFIL_VIA_SCORE,SUPERFICIE_CALZADA_SCORE,RIESGO_INFRAESTRUCTURA,RIESGO_CLIMATICO,SENIALIZACION_DEFICIENTE,EDAD_PROMEDIO,EDAD_STD,TOTAL_ALCOHOL,TOTAL_LICENCIA,TOTAL_PERSONAS,PCT_ALCOHOL,PCT_LICENCIA,ES_NOCHE
A-2023-03-35,2023-03-23,11:30,ATROPELLO,1,0,1,LA LIBERTAD,SANCHEZ CARRION,HUAMACHUCO,URBANA,CALLE,URBANO,NO CORRESPONDE,-7.809605198831371,-78.0292635712742,DESPEJADO,COMERCIAL,TRAMO RECTO,PLANA ,ASFALTADA,,,,,IMPRUDENCIA DEL CONDUCTOR,OTRO (IMPRUDENCIA DEL CONDUCTOR),11.0,0,2023.0,3.0,3.0,0,1,1,0,2.0,0.0,0.0,2.0,0,0,17.5,23.33452377915607,0,0,2,0.0,0.0,0
A-2023-03-45,2023-03-23,12:50,ATROPELLO,1,0,0,PUNO,PUNO,PUNO,URBANA,CARRETERA,NACIONAL,PE-36B,-15.856885213494076,-70.01730126709124,DESPEJADO,ESCOLAR,TRAMO RECTO,PLANA ,ASFALTADA,,,,,IMPRUDENCIA DEL PEATÓN,OTRO (IMPRUDENCIA DEL PEATÓN),12.0,0,2023.0,3.0,3.0,0,2,1,1,0.0,0.0,0.0,0.0,0,0,31.5,7.7781745930520225,0,1,2,0.0,0.5,0
A-2023-03-66,2023-03-24,11:50,ATROPELLO,1,0,1,CUSCO,CUSCO,SAN JERONIMO,URBANA,AVENIDA,URBANO,NO CORRESPONDE,-13.546388,-71.889881,DESPEJADO,RESIDENCIAL,TRAMO RECTO,PLANA ,ASFALTADA,SI,INFORMATIVA (I),,NO,IMPRUDENCIA DEL PEATÓN,CRUCE INDEBIDO POR LA CALZADA,11.0,0,2023.0,3.0,4.0,0,1,1,1,1.0,0.0,0.0,1.0,0,1,54.0,0.0,0,1,2,0.0,0.5,0
A-2023-03-170,2023-03-24,20:15,CHOQUE,1,1,2,CAJAMARCA,JAEN,JAEN,URBANA,CARRETERA,NACIONAL,PE-5N,-5.732283822,-78.79420056,DESPEJADO,COMERCIAL,INTERSECCIÓN,INCLINADA,ASFALTADA,,,,,IMPRUDENCIA DEL CONDUCTOR,EXCESO DE VELOCIDAD,20.0,0,2023.0,3.0,4.0,0,3,1,1,0.0,1.0,0.0,1.0,0,0,39.0,25.45584412271571,0,0,2,0.0,0.0,1
A-2023-03-154,2023-03-25,01:45,CHOQUE FUGA,1,0,0,LIMA,LIMA,CHACLACAYO,URBANA,CARRETERA,NACIONAL,PE-22,-11.987369,-76.813531,DESPEJADO,RESIDENCIAL,TRAMO RECTO,PLANA ,ASFALTADA,,,,,IMPRUDENCIA DEL CONDUCTOR,EXCESO DE VELOCIDAD,1.0,0,2023.0,3.0,5.0,1,0,1,0,0.0,0.0,0.0,0.0,0,0,28.0,0.0,0,0,2,0.0,0.0,1
A-2023-03-168,2023-03-25,08:30,CHOQUE,1,0,2,CAJAMARCA,CAJAMARCA,CAJAMARCA,URBANA,CARRETERA,NACIONAL,PE-3N,-7.159406622702537,-78.50606201097115,DESPEJADO,COMERCIAL,TRAMO RECTO,PLANA ,CONCRETO,SI,REGULADORA (R),,SI,IMPRUDENCIA DEL CONDUCTOR,EXCESO DE VELOCIDAD,8.0,0,2023.0,3.0,5.0,1,1,1,1,0.0,0.0,0.0,0.0,0,0,38.0,14.142135623730951,0,0,2,0.0,0.0,0
A-2023-03-105,2023-03-25,15:20,VOLCADURA,1,0,0,APURIMAC,AYMARAES,COTARUSE,RURAL,CARRETERA,DEPARTAMENTAL,AP-111,-14.610307132306088,-73.2851756227022,,,,,,,,,,EN PROCESO DE INVESTIGACIÓN,NO CUENTA CON CAUSA ESPECIFICA,15.0,0,2023.0,3.0,5.0,1,2,1,1,0.0,1.0,1.0,2.0,0,0,52.0,0.0,0,0,1,0.0,0.0,0
A-2023-03-155,2023-03-25,16:40,ATROPELLO,1,0,0,LIMA,LIMA,LIMA,URBANA,AVENIDA,URBANO,NO CORRESPONDE,-12.03553729,-77.06534623,DESPEJADO,RESIDENCIAL,INTERSECCIÓN,PLANA ,ASFALTADA,,,,,IMPRUDENCIA DEL PEATÓN,OTRO (IMPRUDENCIA DEL PEATÓN),16.0,0,2023.0,3.0,5.0,1,2,1,0,1.0,0.0,0.0,1.0,0,0,41.0,7.0710678118654755,0,0,2,0.0,0.0,0
A-2023-03-97,2023-03-25,17:30,CHOQUE,1,0,2,PUNO,CARABAYA,CRUCERO,RURAL,CARRETERA,NACIONAL,PE-34K,-14.358028300296024,-70.04317924682455,DESPEJADO,RURAL,TRAMO RECTO,PLANA ,ASFALTADA,,,,,IMPRUDENCIA DEL CONDUCTOR,CONDUCIR EN ESTADO DE EBRIEDAD Y/O DROGADICCIÓN,17.0,0,2023.0,3.0,5.0,1,2,1,1,0.0,0.0,0.0,0.0,0,0,34.0,7.0710678118654755,1,1,2,0.5,0.5,0
A-2023-03-178,2023-03-25,18:10,DESPISTE,1,1,0,JUNIN,SATIPO,PANGOA,RURAL,CARRETERA,NACIONAL,PE-28C,-11.347177182110103,-74.52259144050672,,,,,,,,,,EN PROCESO DE INVESTIGACIÓN,NO CUENTA CON CAUSA ESPECIFICA,18.0,0,2023.0,3.0,5.0,1,3,1,1,0.0,1.0,1.0,2.0,0,0,16.5,3.5355339059327378,0,0,2,0.0,0.0,1
A-2023-03-111,2023-03-25,18:30,CHOQUE,1,1,2,PIURA,PIURA,VEINTISEIS DE OCTUBRE,URBANA,CARRETERA,SIN CLASIFICAR,SIN CLASIFICAR,-5.199162,-80.686734,DESPEJADO,RURAL,TRAMO RECTO,PLANA ,ASFALTADA,,,,,EN PROCESO DE INVESTIGACIÓN,NO CUENTA CON CAUSA ESPECIFICA,18.0,0,2023.0,3.0,5.0,1,3,1,0,0.0,0.0,0.0,0.0,0,0,53.0,12.727922061357855,1,1,2,0.5,0.5,1
A-2023-03-86,2023-03-25,18:50,DESPISTE,1,0,1,ICA,ICA,ICA,URBANA,CARRETERA,DEPARTAMENTAL,IC-105,-14.0741211,-75.7880492,DESPEJADO,RURAL,TRAMO RECTO,PLANA ,AFIRMADO,,,,,EN PROCESO DE INVESTIGACIÓN,NO CUENTA CON CAUSA ESPECIFICA,18.0,0,2023.0,3.0,5.0,1,3,1,0,0.0,0.0,1.0,1.0,0,0,31.0,0.0,0,1,1,0.0,1.0,1
A-2023-03-169,2023-03-25,19:00,DESPISTE,1,2,3,CAJAMARCA,CHOTA,CHOTA,URBANA,CARRETERA,NACIONAL,PE-3N,-6.569412,-78.642637,DESPEJADO,COMERCIAL,SINUOSA,INCLINADA,ASFALTADA,NO,,,SI,IMPRUDENCIA DEL CONDUCTOR,CONDUCIR EN ESTADO DE EBRIEDAD Y/O DROGADICCIÓN,19.0,0,2023.0,3.0,5.0,1,3,1,1,0.0,1.0,0.0,1.0,0,1,33.75,16.31716887208072,1,1,6,0.167,0.167,1
A-2023-03-44,2023-03-25,19:00,ATROPELLO,1,0,1,AREQUIPA,AREQUIPA,CERRO COLORADO,URBANA,CARRETERA,DEPARTAMENTAL,AR-123,-16.360689,-71.619531,DESPEJADO,RESIDENCIAL,TRAMO RECTO,PLANA ,ASFALTADA,,,,,EN PROCESO DE INVESTIGACIÓN,NO CUENTA CON CAUSA ESPECIFICA,19.0,0,2023.0,3.0,5.0,1,3,1,0,0.0,0.0,0.0,0.0,0,0,38.0,14.142135623730951,0,1,2,0.0,0.5,1
A-2023-03-75,2023-03-25,19:15,CHOQUE FUGA,1,1,2,LAMBAYEQUE,LAMBAYEQUE,MOTUPE,RURAL,CARRETERA,NACIONAL,PE-1NJ,-6.1529429,-79.7089523,DESPEJADO,RURAL,TRAMO RECTO,PLANA ,ASFALTADA,,,,,EN PROCESO DE INVESTIGACIÓN,NO CUENTA CON CAUSA ESPECIFICA,19.0,0,2023.0,3.0,5.0,1,3,1,0,0.0,0.0,0.0,0.0,0,0,47.0,0.0,0,0,3,0.0,0.0,1
A-2023-03-74,2023-03-25,19:30,CHOQUE,1,3,2,LAMBAYEQUE,LAMBAYEQUE,MOCHUMI,RURAL,CARRETERA,NACIONAL,PE-1NJ,-6.5724738,-79.8729364,DESPEJADO,RURAL,TRAMO RECTO,PLANA ,ASFALTADA,,,,,EN PROCESO DE INVESTIGACIÓN,NO CUENTA CON CAUSA ESPECIFICA,19.0,0,2023.0,3.0,5.0,1,3,1,0,0.0,0.0,0.0,0.0,0,0,43.666666666666664,10.115993936995677,0,0,5,0.0,0.0,1
A-2023-03-73,2023-03-25,21:30,DESPISTE,1,0,1,LAMBAYEQUE,CHICLAYO,CHONGOYAPE,RURAL,CARRETERA,NACIONAL,PE-06A,-6.6306573,-79.4031901,LLUVIOSO,RURAL,TRAMO RECTO,PLANA ,ASFALTADA,,,,,EN PROCESO DE INVESTIGACIÓN,NO CUENTA CON CAUSA ESPECIFICA,21.0,0,2023.0,3.0,5.0,1,3,1,0,0.0,0.0,0.0,0.0,1,0,28.0,2.8284271247461903,0,0,2,0.0,0.0,1
A-2023-03-76,2023-03-26,02:05,ATROPELLO FUGA,1,0,1,LAMBAYEQUE,CHICLAYO,LAGUNAS,RURAL,CARRETERA,NACIONAL,PE-1N,-6.9934706,-79.6192751,DESPEJADO,RURAL,TRAMO RECTO,PLANA ,ASFALTADA,,,,,EN PROCESO DE INVESTIGACIÓN,NO CUENTA CON CAUSA ESPECIFICA,2.0,0,2023.0,3.0,6.0,1,0,1,0,0.0,0.0,0.0,0.0,0,0,0.0,0.0,0,0,2,0.0,0.0,1
A-2023-03-160,2023-03-26,04:00,ATROPELLO FUGA,1,0,0,JUNIN,HUANCAYO,PILCOMAYO,URBANA,CARRETERA,NACIONAL,PE-3SB,-12.043244,-75.253751,DESPEJADO,RURAL,TRAMO RECTO,PLANA ,ASFALTADA,,,,,EN PROCESO DE INVESTIGACIÓN,NO CUENTA CON CAUSA ESPECIFICA,4.0,0,2023.0,3.0,6.0,1,0,1,1,0.0,0.0,0.0,0.0,0,0,48.0,0.0,0,0,2,0.0,0.0,1
A-2023-03-43,2023-03-26,05:00,CHOQUE,1,0,3,LA LIBERTAD,VIRU,GUADALUPITO,RURAL,CARRETERA,NACIONAL,PE-1N,-8.823747,-78.656478,DESPEJADO,RURAL,TRAMO RECTO,PLANA ,ASFALTADA,,,,,IMPRUDENCIA DEL CONDUCTOR,CONDUCIR EN ESTADO DE EBRIEDAD Y/O DROGADICCIÓN,5.0,0,2023.0,3.0,6.0,1,0,1,0,0.0,0.0,0.0,0.0,0,0,47.25,13.275918047351754,0,2,4,0.0,0.5,1
A-2023-03-166,2023-03-26,05:20,ATROPELLO FUGA,1,0,0,AYACUCHO,HUAMANGA,AYACUCHO,URBANA,CARRETERA,NACIONAL,PE-28A,-13.156250362036891,-74.23552026327653,DESPEJADO,RESIDENCIAL,TRAMO RECTO,PLANA ,ASFALTADA,SI,REGULADORA (R),PREVENTIVA (P),NO,IMPRUDENCIA DEL PEATÓN,ESTADO DE EBRIEDAD Y/O DROGADICCIÓN,5.0,0,2023.0,3.0,6.0,1,0,1,1,0.0,0.0,0.0,0.0,0,1,30.0,0.0,1,0,2,0.5,0.0,1
A-2023-03-78,2023-03-26,11:00,ATROPELLO,1,0,1,LAMBAYEQUE,FERREÑAFE,INCAHUASI,RURAL,CARRETERA,DEPARTAMENTAL,LA-103,-6.2959813,-79.4361046,DESPEJADO,RURAL,TRAMO RECTO,PLANA ,ASFALTADA,,,,,EN PROCESO DE INVESTIGACIÓN,NO CUENTA CON CAUSA ESPECIFICA,11.0,0,2023.0,3.0,6.0,1,1,1,0,0.0,0.0,0.0,0.0,0,0,46.5,31.81980515339464,0,1,2,0.0,0.5,0
A-2023-03-46,2023-03-26,12:10,ATROPELLO,1,0,1,ANCASH,CARHUAZ,MARCARA,URBANA,CARRETERA,PROVINCIAL,AN-770,-9.328548,-77.553482,DESPEJADO,RURAL,TRAMO RECTO,PLANA ,AFIRMADO,,,,,EN PROCESO DE INVESTIGACIÓN,NO CUENTA CON CAUSA ESPECIFICA,12.0,0,2023.0,3.0,6.0,1,2,1,0,0.0,0.0,1.0,1.0,0,0,60.0,38.18376618407357,0,1,2,0.0,0.5,0
A-2023-03-62,2023-03-26,14:00,DESPISTE,1,0,1,LA LIBERTAD,TRUJILLO,SIMBAL,RURAL,CARRETERA,DEPARTAMENTAL,LI-105,-7.951816,-78.814501,DESPEJADO,RURAL,TRAMO RECTO,PLANA ,TROCHA,,,,,EN PROCESO DE INVESTIGACIÓN,NO CUENTA CON CAUSA ESPECIFICA,14.0,0,2023.0,3.0,6.0,1,2,1,0,0.0,0.0,2.0,2.0,0,0,28.0,0.0,0,0,1,0.0,0.0,0
A-2023-03-96,2023-03-26,15:30,ATROPELLO FUGA,1,0,0,PUNO,CARABAYA,CRUCERO,RURAL,CARRETERA,NACIONAL,PE-34K,-14.31605971863866,-70.17004524564946,DESPEJADO,RURAL,TRAMO RECTO,PLANA ,ASFALTADA,,,,,EN PROCESO DE INVESTIGACIÓN,NO CUENTA CON CAUSA ESPECIFICA,15.0,0,2023.0,3.0,6.0,1,2,1,1,0.0,0.0,0.0,0.0,0,0,24.0,0.0,0,0,2,0.0,0.0,0
A-2023-03-87,2023-03-26,15:50,DESPISTE,1,0,0,ICA,ICA,ICA,URBANA,AVENIDA,URBANO,NO CORRESPONDE,-14.0908,-75.743908,DESPEJADO,RESIDENCIAL,INTERSECCIÓN,PLANA ,ASFALTADA,,,,,EN PROCESO DE INVESTIGACIÓN,NO CUENTA CON CAUSA ESPECIFICA,15.0,0,2023.0,3.0,6.0,1,2,1,0,1.0,0.0,0.0,1.0,0,0,35.0,0.0,0,1,1,0.0,1.0,0
A-2023-03-47,2023-03-26,19:30,CHOQUE CON OBJETO FIJO,1,0,0,PUNO,YUNGUYO,YUNGUYO,RURAL,CARRETERA,DEPARTAMENTAL,PU-130,-16.252993580378597,-69.11768810700775,DESPEJADO,RURAL,TRAMO RECTO,PLANA ,ASFALTADA,,,,,IMPRUDENCIA DEL CONDUCTOR,OTRO (IMPRUDENCIA DEL CONDUCTOR),19.0,0,2023.0,3.0,6.0,1,3,1,1,0.0,0.0,0.0,0.0,0,0,20.0,1.4142135623730951,0,0,2,0.0,0.0,1
A-2023-03-48,2023-03-26,20:30,ATROPELLO,1,0,0,PUNO,PUNO,PICHACANI,RURAL,CARRETERA,NACIONAL,PE-36B,-16.055244,-70.008579,DESPEJADO,RURAL,TRAMO RECTO,PLANA ,ASFALTADA,,,,,IMPRUDENCIA DEL PEATÓN,CRUCE INDEBIDO POR LA CALZADA,20.0,0,2023.0,3.0,6.0,1,3,1,1,0.0,0.0,0.0,0.0,0,0,53.5,16.263455967290593,0,1,2,0.0,0.5,1
A-2023-03-98,2023-03-26,23:15,CHOQUE,1,1,2,PUNO,SAN ROMAN,JULIACA,URBANA,AVENIDA,URBANO,NO CORRESPONDE,-15.515985,-70.123188,DESPEJADO,INDUSTRIAL,TRAMO RECTO,PLANA ,ASFALTADA,,,,,IMPRUDENCIA DEL CONDUCTOR,EXCESO DE VELOCIDAD,23.0,0,2023.0,3.0,6.0,1,3,1,1,1.0,0.0,0.0,1.0,0,0,33.0,4.58257569495584,0,0,3,0.0,0.0,1
A-2023-03-77,2023-03-27,06:45,ATROPELLO FUGA,1,0,1,LAMBAYEQUE,CHICLAYO,CHICLAYO,RURAL,AVENIDA,URBANO,NO CORRESPONDE,-6.7648819,-79.8195543,DESPEJADO,RURAL,TRAMO RECTO,PLANA ,ASFALTADA,,,,,EN PROCESO DE INVESTIGACIÓN,NO CUENTA CON CAUSA ESPECIFICA,6.0,0,2023.0,3.0,0.0,0,1,1,0,1.0,0.0,0.0,1.0,0,0,39.0,0.0,0,0,2,0.0,0.0,0
A-2023-03-51,2023-03-27,12:20,CHOQUE,6,3,2,AREQUIPA,CAYLLOMA,CALLALLI,RURAL,CARRETERA,NACIONAL,PE-34J,-15.5074258,-71.0610151,DESPEJADO,RURAL,TRAMO RECTO,PLANA ,ASFALTADA,NO,,,SI,EN PROCESO DE INVESTIGACIÓN,NO CUENTA CON CAUSA ESPECIFICA,12.0,2,2023.0,3.0,0.0,0,2,1,0,0.0,0.0,0.0,0.0,0,1,31.333333333333332,13.29473580030833,0,2,9,0.0,0.222,0
A-2023-03-109,2023-03-27,17:47,ATROPELLO,1,0,1,PASCO,PASCO,CHAUPIMARCA,URBANA,AVENIDA,URBANO,NO CORRESPONDE,-10.687898001055911,-76.25102987244966,DESPEJADO,ESCOLAR,CURVA,PLANA ,ASFALTADA,,,,,NEGLIGENCIA DEL CONDUCTOR,OTRO (NEGLIGENCIA DEL CONDUCTOR),17.0,0,2023.0,3.0,0.0,0,2,1,1,1.0,0.0,0.0,1.0,0,0,20.0,18.384776310850235,0,1,2,0.0,0.5,0
A-2023-03-63,2023-03-27,20:50,ATROPELLO,1,0,1,LA LIBERTAD,CHEPEN,CHEPEN,RURAL,CARRETERA,NACIONAL,PE-08,-7.307159051327986,-79.3384229904756,DESPEJADO,RURAL,TRAMO RECTO,PLANA ,ASFALTADA,,,,,IMPRUDENCIA DEL PEATÓN,ESTADO DE EBRIEDAD Y/O DROGADICCIÓN,20.0,0,2023.0,3.0,0.0,0,3,1,0,0.0,0.0,0.0,0.0,0,0,51.0,31.11269837220809,0,0,2,0.0,0.0,1
A-2023-03-171,2023-03-28,00:40,DESPISTE,1,0,1,CAJAMARCA,CELENDIN,UTCO,RURAL,CARRETERA,NACIONAL,PE-3N,-6.84887,-78.115247,DESPEJADO,COMERCIAL,SINUOSA,PLANA ,ASFALTADA,NO,,,SI,IMPRUDENCIA DEL CONDUCTOR,CONDUCIR EN ESTADO DE EBRIEDAD Y/O DROGADICCIÓN,0.0,0,2023.0,3.0,1.0,0,0,1,1,0.0,0.0,0.0,0.0,0,1,23.0,0.0,1,0,1,1.0,0.0,1
A-2023-03-64,2023-03-28,04:00,CHOQUE CON OBJETO FIJO,1,1,1,PUNO,EL COLLAO,ILAVE,URBANA,CARRETERA,NACIONAL,PE-3S,-16.077551912456574,-69.65912999116429,DESPEJADO,RURAL,TRAMO RECTO,PLANA ,ASFALTADA,,,,,INFRAESTRUCTURA Y ENTORNO VIAL,OTRO (INFRAESTRUCTURA Y ENTORNO VIAL),4.0,0,2023.0,3.0,1.0,0,0,1,1,0.0,0.0,0.0,0.0,0,0,37.5,16.263455967290593,0,0,2,0.0,0.0,1
A-2023-03-157,2023-03-28,07:10,CHOQUE,1,6,0,LIMA,LIMA,CARABAYLLO,RURAL,CARRETERA,NACIONAL,PE-20A,-11.789697,-76.982849,DESPEJADO,RURAL,TRAMO RECTO,PLANA ,ASFALTADA,SI,REGULADORA (R),,NO,IMPRUDENCIA DEL CONDUCTOR,OTRO (IMPRUDENCIA DEL CONDUCTOR),7.0,0,2023.0,3.0,1.0,0,1,1,0,0.0,0.0,0.0,0.0,0,1,19.625,11.55035559131035,0,1,8,0.0,0.125,0
A-2023-03-88,2023-03-28,08:00,DESPISTE,1,2,1,HUANCAVELICA,TAYACAJA,ÑAHUIMPUQUIO,RURAL,CARRETERA,NACIONAL,PE-3SD,-12.304519,-75.051337,SOLEADO,RURAL,CURVA,PLANA ,ASFALTADA,SI,REGULADORA (R),PREVENTIVA (P),NO,EN PROCESO DE INVESTIGACIÓN,NO CUENTA CON CAUSA ESPECIFICA,8.0,0,2023.0,3.0,1.0,0,1,1,1,0.0,0.0,0.0,0.0,0,1,61.0,16.64331697709324,0,1,4,0.0,0.25,0
A-2023-03-156,2023-03-28,16:00,ATROPELLO,1,0,0,LIMA,LIMA,COMAS,URBANA,CARRETERA,NACIONAL,PE-1N,-11.927892649661825,-77.07262012961597,DESPEJADO,COMERCIAL,TRAMO RECTO,PLANA ,ASFALTADA,,,,,IMPRUDENCIA DEL PEATÓN,OTRO (IMPRUDENCIA DEL PEATÓN),16.0,0,2023.0,3.0,1.0,0,2,1,0,0.0,0.0,0.0,0.0,0,0,45.0,14.142135623730951,0,1,2,0.0,0.5,0
A-2023-03-106,2023-03-29,03:00,VOLCADURA,1,0,0,APURIMAC,COTABAMBAS,COYLLURQUI,RURAL,CARRETERA,DEPARTAMENTAL,AP-114,-13.808653048158329,-72.42633211810039,,,,,,,,,,EN PROCESO DE INVESTIGACIÓN,NO CUENTA CON CAUSA ESPECIFICA,3.0,0,2023.0,3.0,2.0,0,0,1,1,0.0,1.0,1.0,2.0,0,0,59.0,0.0,0,0,1,0.0,0.0,1
A-2023-03-161,2023-03-29,10:05,ESPECIAL,1,0,1,JUNIN,HUANCAYO,SICAYA,RURAL,CARRETERA,NACIONAL,PE-3SB,-12.0309284,-75.2654001,SOLEADO,RURAL,TRAMO RECTO,PLANA ,ASFALTADA,NO,,,SI,INFRAESTRUCTURA Y ENTORNO VIAL,OTRO (INFRAESTRUCTURA Y ENTORNO VIAL),10.0,0,2023.0,3.0,2.0,0,1,1,1,0.0,0.0,0.0,0.0,0,1,45.666666666666664,6.027713773341707,0,2,3,0.0,0.667,0
A-2023-03-52,2023-03-29,14:30,DESPISTE,1,2,1,AREQUIPA,AREQUIPA,CAYMA,URBANA,OTRO,URBANO,NO CORRESPONDE,-16.3002056,-71.5259325,DESPEJADO,RESIDENCIAL,CURVA,INCLINADA,TROCHA,,,,,EN PROCESO DE INVESTIGACIÓN,NO CUENTA CON CAUSA ESPECIFICA,14.0,0,2023.0,3.0,2.0,0,2,1,0,2.0,1.0,2.0,5.0,0,0,23.333333333333332,26.727015047201462,0,0,3,0.0,0.0,0
A-2023-03-172,2023-03-30,10:30,CHOQUE CON OBJETO FIJO,1,0,1,TACNA,TACNA,INCLAN,RURAL,CARRETERA,DEPARTAMENTAL,TA-102,-17.827387,-70.516449,DESPEJADO,RURAL,TRAMO RECTO,PLANA ,ASFALTADA,,,,,IMPRUDENCIA DEL CONDUCTOR,OTRO (IMPRUDENCIA DEL CONDUCTOR),10.0,0,2023.0,3.0,3.0,0,1,1,0,0.0,0.0,0.0,0.0,0,0,66.0,21.213203435596427,0,0,2,0.0,0.0,0
A-2023-03-162,2023-03-31,05:00,DESPISTE,1,1,0,JUNIN,JAUJA,ACOLLA,RURAL,CARRETERA,NACIONAL,PE-3SA,-11.671501,-75.573306,DESPEJADO,RURAL,CURVA,PLANA ,ASFALTADA,NO,,,SI,IMPRUDENCIA DEL CONDUCTOR,OTRO (IMPRUDENCIA DEL CONDUCTOR),5.0,0,2023.0,3.0,4.0,0,0,1,1,0.0,0.0,0.0,0.0,0,1,63.0,21.213203435596427,0,1,2,0.0,0.5,1
A-2023-03-125,2023-03-31,07:00,DESPISTE,1,1,1,ICA,CHINCHA,GROCIO PRADO,RURAL,CARRETERA,NACIONAL,PE-1S,-13.352328819001915,-76.22230765071272,DESPEJADO,RURAL,TRAMO RECTO,PLANA ,ASFALTADA,,,,,EN PROCESO DE INVESTIGACIÓN,NO CUENTA CON CAUSA ESPECIFICA,7.0,0,2023.0,3.0,4.0,0,1,1,0,0.0,0.0,0.0,0.0,0,0,40.333333333333336,20.256686138984662,0,1,3,0.0,0.333,0
A-2023-03-158,2023-03-31,12:30,CHOQUE,1,0,0,LIMA,LIMA,SAN BORJA,URBANA,CARRETERA,NACIONAL,PE-1S,-12.109276,-76.978491,DESPEJADO,RESIDENCIAL,TRAMO RECTO,PLANA ,ASFALTADA,,,,,IMPRUDENCIA DEL CONDUCTOR,OTRO (IMPRUDENCIA DEL CONDUCTOR),12.0,0,2023.0,3.0,4.0,0,2,1,0,0.0,0.0,0.0,0.0,0,0,37.0,14.422205101855956,0,1,3,0.0,0.333,0
A-2023-03-65,2023-03-31,19:00,ATROPELLO,1,0,1,AREQUIPA,AREQUIPA,LA JOYA,URBANA,CARRETERA,NACIONAL,PE-1S,-16.496820032482,-71.8362456946931,DESPEJADO,COMERCIAL,TRAMO RECTO,PLANA ,ASFALTADA,NO,,,SI,EN PROCESO DE INVESTIGACIÓN,NO CUENTA CON CAUSA ESPECIFICA,19.0,0,2023.0,3.0,4.0,0,3,1,0,0.0,0.0,0.0,0.0,0,1,36.0,9.899494936611665,0,1,2,0.0,0.5,1
A-2023-04-1,2023-04-01,16:30,CHOQUE,1,0,0,ANCASH,RECUAY,CATAC,URBANA,CARRETERA,DEPARTAMENTAL,AN-110,-9.802512580358076,-77.43088802901988,NUBLADO,COMERCIAL,TRAMO RECTO,PLANA ,ASFALTADA,SI,REGULADORA (R),,SI,EN PROCESO DE INVESTIGACIÓN,NO CUENTA CON CAUSA ESPECIFICA,16.0,0,2023.0,4.0,5.0,1,2,1,0,0.0,0.0,0.0,0.0,0,0,49.5,4.949747468305833,0,1,2,0.0,0.5,0
A-2023-04-13,2023-04-01,16:30,CHOQUE,1,0,2,ICA,ICA,ICA,URBANA,AVENIDA,URBANO,NO CORRESPONDE,-14.0663842,-75.735408,DESPEJADO,ESCOLAR,INTERSECCIÓN,PLANA ,ASFALTADA,,,,,EN PROCESO DE INVESTIGACIÓN,NO CUENTA CON CAUSA ESPECIFICA,16.0,0,2023.0,4.0,5.0,1,2,1,0,1.0,0.0,0.0,1.0,0,0,24.5,3.5355339059327378,1,1,2,0.5,0.5,0
A-2023-04-67,2023-04-01,18:00,CHOQUE FUGA,1,0,1,LA LIBERTAD,VIRU,VIRU,URBANA,CARRETERA,NACIONAL,PE-1N,-8.432932,-78.771482,DESPEJADO,COMERCIAL,TRAMO RECTO,PLANA ,ASFALTADA,,,,,IMPRUDENCIA DEL CONDUCTOR,GIRAR IMPRUDENTEMENTE,18.0,0,2023.0,4.0,5.0,1,3,1,0,0.0,0.0,0.0,0.0,0,0,41.0,0.0,0,0,2,0.0,0.0,1
A-2023-04-7,2023-04-01,19:20,ATROPELLO FUGA,1,0,1,AREQUIPA,AREQUIPA,LA JOYA,URBANA,CARRETERA,PROVINCIAL,AR-722,-16.4456089,-71.8256284,DESPEJADO,RESIDENCIAL,TRAMO RECTO,PLANA ,ASFALTADA,NO,,,SI,EN PROCESO DE INVESTIGACIÓN,NO CUENTA CON CAUSA ESPECIFICA,19.0,0,2023.0,4.0,5.0,1,3,1,0,0.0,0.0,0.0,0.0,0,1,86.0,0.0,0,0,2,0.0,0.0,1
A-2023-04-140,2023-04-01,20:50,ATROPELLO FUGA,1,1,0,LIMA,LIMA,SURQUILLO,URBANA,AVENIDA,URBANO,NO CORRESPONDE,-12.113598546581429,-76.99475546746805,DESPEJADO,RESIDENCIAL,TRAMO RECTO,PLANA ,ASFALTADA,,,,,EN PROCESO DE INVESTIGACIÓN,NO CUENTA CON CAUSA ESPECIFICA,20.0,0,2023.0,4.0,5.0,1,3,1,0,1.0,0.0,0.0,1.0,0,0,82.0,9.899494936611665,0,0,3,0.0,0.0,1
A-2023-04-139,2023-04-01,22:20,ATROPELLO,1,0,0,LIMA,LIMA,LURIN,URBANA,CARRETERA,NACIONAL,PE-1S,-12.285617,-76.874719,DESPEJADO,COMERCIAL,TRAMO RECTO,PLANA ,ASFALTADA,,,,,IMPRUDENCIA DEL PEATÓN,CRUCE INDEBIDO POR LA CALZADA,22.0,0,2023.0,4.0,5.0,1,3,1,0,0.0,0.0,0.0,0.0,0,0,18.0,0.0,0,1,2,0.0,0.5,1