CODIGO_SINIESTRO,FECHA_SINIESTRO,HORA_SINIESTRO,CLASE_SINIESTRO,CANTIDAD_FALLECIDOS,CANTIDAD_LESIONADOS,CANTIDAD_VEHICULOS,DEPARTAMENTO,PROVINCIA,DISTRITO,ZONA,TIPO_VIA,RED_VIAL,COD_CARRETERA,LATITUD,LONGITUD,CONDICION_CLIMATICA,ZONIFICACION,CARACTERISTICAS_VIA,PERFIL_VIA,SUPERFICIE_CALZADA,EXISTE_SENIAL_VERTICAL,CLASIFICACION_SENIAL_VERTICAL_1,CLASIFICACION_SENIAL_VERTICAL_2,EXISTE_SENIAL_HORIZONTAL,CAUSA_FACTOR_PRINCIPAL,CAUSA_ESPECIFICA,HORA,severidad,ANIO,MES,DIA_SEMANA,FIN_SEMANA,FRANJA_HORARIA,TEMPORADA,MACROREGION,TIPO_VIA_SCORE,PERFIL_VIA_SCORE,SUPERFICIE_CALZADA_SCORE,RIESGO_INFRAESTRUCTURA,RIESGO_CLIMATICO,SENIALIZACION_DEFICIENTE,EDAD_PROMEDIO,EDAD_STD,TOTAL_ALCOHOL,TOTAL_LICENCIA,TOTAL_PERSONAS,PCT_ALCOHOL,PCT_LICENCIA,ES_NOCHE
A-2023-04-98,2023-04-02,01:00,VOLCADURA,1,1,0,APURIMAC,COTABAMBAS,COYLLURQUI,RURAL,CARRETERA,DEPARTAMENTAL,AP-114,-13.817681700254832,-72.43146343720136,,,,,,,,,,EN PROCESO DE INVESTIGACIÓN,NO CUENTA CON CAUSA ESPECIFICA,1.0,0,2023.0,4.0,6.0,1,0,1,1,0.0,1.0,1.0,2.0,0,0,22.0,5.656854249492381,0,0,2,0.0,0.0,1
A-2023-04-117,2023-04-02,01:15,DESPISTE,1,5,1,JUNIN,YAULI,PACCHA,URBANA,CARRETERA,NACIONAL,PE-3N,-11.4451984965114,-75.94448454958057,DESPEJADO,RURAL,SINUOSA,PLANA ,ASFALTADA,NO,,,SI,IMPRUDENCIA DEL CONDUCTOR,ADELANTAR INDEBIDAMENTE,1.0,0,2023.0,4.0,6.0,1,0,1,1,0.0,0.0,0.0,0.0,0,1,38.333333333333336,12.242004193213898,0,1,8,0.0,0.125,1
A-2023-04-142,2023-04-02,04:00,ATROPELLO FUGA,1,0,0,LIMA,LIMA,PUNTA HERMOSA,URBANA,CARRETERA,NACIONAL,PE-1S,-12.316674301303449,-76.83106026157697,DESPEJADO,RURAL,TRAMO RECTO,PLANA ,ASFALTADA,,,,,EN PROCESO DE INVESTIGACIÓN,NO CUENTA CON CAUSA ESPECIFICA,4.0,0,2023.0,4.0,6.0,1,0,1,0,0.0,0.0,0.0,0.0,0,0,0.0,0.0,0,0,2,0.0,0.0,1
A-2023-04-76,2023-04-02,07:00,CHOQUE,1,0,0,LA LIBERTAD,TRUJILLO,LA ESPERANZA,URBANA,AVENIDA,URBANO,NO CORRESPONDE,-8.048679979442273,-79.05670520184977,DESPEJADO,COMERCIAL,TRAMO RECTO,PLANA ,ASFALTADA,,,,,IMPRUDENCIA DEL CONDUCTOR,OTRO (IMPRUDENCIA DEL CONDUCTOR),7.0,0,2023.0,4.0,6.0,1,1,1,0,1.0,0.0,0.0,1.0,0,0,25.0,4.242640687119285,0,1,2,0.0,0.5,0
A-2023-04-145,2023-04-02,07:30,CHOQUE FUGA,1,0,0,LIMA,LIMA,LURIGANCHO,RURAL,CARRETERA,NACIONAL,PE-22,-12.021318,-76.930528,DESPEJADO,RURAL,TRAMO RECTO,PLANA ,ASFALTADA,,,,,IMPRUDENCIA DEL CONDUCTOR,NO ESTABLECER EL DERECHO DE PASO,7.0,0,2023.0,4.0,6.0,1,1,1,0,0.0,0.0,0.0,0.0,0,0,28.5,4.949747468305833,0,1,2,0.0,0.5,0
A-2023-04-179,2023-04-02,08:20,DESPISTE,6,0,0,JUNIN,CHANCHAMAYO,CHANCHAMAYO,URBANA,CARRETERA,NACIONAL,PE-22B,-10.99374459767851,-75.31295830401066,,,,,,,,,,EN PROCESO DE INVESTIGACIÓN,NO CUENTA CON CAUSA ESPECIFICA,8.0,2,2023.0,4.0,6.0,1,1,1,1,0.0,1.0,1.0,2.0,0,0,32.0,16.625281952496323,0,0,6,0.0,0.0,0
A-2023-04-165,2023-04-02,09:00,CHOQUE,1,1,2,AYACUCHO,CANGALLO,LOS MOROCHUCOS,RURAL,CARRETERA,SIN CLASIFICAR,SIN CLASIFICAR,-13.5413415292096,-74.2121665723896,DESPEJADO,RURAL,CURVA,INCLINADA,ASFALTADA,SI,REGULADORA (R),PREVENTIVA (P),NO,IMPRUDENCIA DEL CONDUCTOR,INVASIÓN DE CARRIL,9.0,0,2023.0,4.0,6.0,1,1,1,1,0.0,1.0,0.0,1.0,0,1,25.333333333333332,9.237604307034013,0,2,3,0.0,0.667,0
A-2023-04-141,2023-04-02,11:45,ATROPELLO,1,0,0,LIMA,LIMA,COMAS,URBANA,AVENIDA,URBANO,NO CORRESPONDE,-11.957287243185698,-77.05289503640583,DESPEJADO,COMERCIAL,TRAMO RECTO,PLANA ,ASFALTADA,,,,,EN PROCESO DE INVESTIGACIÓN,NO CUENTA CON CAUSA ESPECIFICA,11.0,0,2023.0,4.0,6.0,1,1,1,0,1.0,0.0,0.0,1.0,0,0,22.0,29.698484809834994,0,1,2,0.0,0.5,0
A-2023-04-158,2023-04-02,17:25,ATROPELLO,1,0,0,JUNIN,HUANCAYO,CHILCA,URBANA,AVENIDA,URBANO,NO CORRESPONDE,-12.08333249413798,-75.21245656218369,SOLEADO,RURAL,INTERSECCIÓN,PLANA ,ASFALTADA,NO,,,SI,IMPRUDENCIA DEL PEATÓN,CRUCE INDEBIDO POR LA CALZADA,17.0,0,2023.0,4.0,6.0,1,2,1,1,1.0,0.0,0.0,1.0,0,1,60.5,9.192388155425117,0,1,2,0.0,0.5,0
A-2023-04-104,2023-04-02,20:30,CHOQUE,1,2,2,HUANUCO,HUAMALIES,MONZON,RURAL,CARRETERA,NACIONAL,PE-14A,-9.209372976011164,-76.14696421911982,DESPEJADO,RURAL,TRAMO RECTO,PLANA ,ASFALTADA,SI,PREVENTIVA (P),,NO,IMPRUDENCIA DEL CONDUCTOR,CONDUCIR EN ESTADO DE EBRIEDAD Y/O DROGADICCIÓN,20.0,0,2023.0,4.0,6.0,1,3,1,1,0.0,0.0,0.0,0.0,0,1,29.333333333333332,5.507570547286101,1,0,3,0.333,0.0,1
A-2023-04-63,2023-04-02,21:50,ATROPELLO,1,1,1,LIMA,HUAURA,VEGUETA,URBANA,CARRETERA,NACIONAL,PE-1N,-10.92414,-77.65299,DESPEJADO,RESIDENCIAL,TRAMO RECTO,PLANA ,ASFALTADA,SI,REGULADORA (R),INFORMATIVA (I),NO,IMPRUDENCIA DEL CONDUCTOR,EXCESO DE VELOCIDAD,21.0,0,2023.0,4.0,6.0,1,3,1,0,0.0,0.0,0.0,0.0,0,1,65.33333333333333,22.810816147900834,0,1,3,0.0,0.333,1
A-2023-04-180,2023-04-02,22:40,ATROPELLO FUGA,1,0,0,JUNIN,CHANCHAMAYO,SAN RAMON,,CARRETERA,NACIONAL,PE-22B,-11.124648509846644,-75.35769246705271,,,,,,,,,,EN PROCESO DE INVESTIGACIÓN,NO CUENTA CON CAUSA ESPECIFICA,22.0,0,2023.0,4.0,6.0,1,3,1,1,0.0,1.0,1.0,2.0,0,0,0.0,0.0,0,0,2,0.0,0.0,1
A-2023-04-2,2023-04-03,02:50,CHOQUE,1,0,0,PUNO,EL COLLAO,ILAVE,RURAL,CARRETERA,NACIONAL,PE-3S,-16.173728959368795,-69.53539959576443,DESPEJADO,RURAL,TRAMO RECTO,PLANA ,ASFALTADA,,,,,IMPRUDENCIA DEL CONDUCTOR,EXCESO DE VELOCIDAD,2.0,0,2023.0,4.0,0.0,0,0,1,1,0.0,0.0,0.0,0.0,0,0,44.0,0.0,0,0,2,0.0,0.0,1
A-2023-04-147,2023-04-03,06:50,CHOQUE,1,0,0,LIMA,LIMA,MAGDALENA DEL MAR,URBANA,OTRO,URBANO,NO CORRESPONDE,-12.097690075769856,-77.07298478904971,DESPEJADO,COMERCIAL,TRAMO RECTO,PLANA ,ASFALTADA,,,,,IMPRUDENCIA DEL CONDUCTOR,CONDUCIR EN ESTADO DE EBRIEDAD Y/O DROGADICCIÓN,6.0,0,2023.0,4.0,0.0,0,1,1,0,2.0,0.0,0.0,2.0,0,0,48.0,0.0,0,1,2,0.0,0.5,0
A-2023-04-79,2023-04-03,18:00,CHOQUE,2,1,2,LA LIBERTAD,SANTIAGO DE CHUCO,QUIRUVILCA,RURAL,CARRETERA,NACIONAL,PE-10A,-8.009781446893705,-78.33764790792301,DESPEJADO,RURAL,TRAMO RECTO,PLANA ,ASFALTADA,,,,,EN PROCESO DE INVESTIGACIÓN,NO CUENTA CON CAUSA ESPECIFICA,18.0,1,2023.0,4.0,0.0,0,3,1,0,0.0,0.0,0.0,0.0,0,0,34.8,17.064583206161235,0,2,5,0.0,0.4,1
A-2023-04-108,2023-04-03,18:30,DESPISTE,1,1,1,PIURA,PIURA,CASTILLA,RURAL,CARRETERA,NACIONAL,PE-1NJ,-5.167527,-80.530208,DESPEJADO,RURAL,TRAMO RECTO,PLANA ,ASFALTADA,,,,,IMPRUDENCIA DEL CONDUCTOR,EXCESO DE VELOCIDAD,18.0,0,2023.0,4.0,0.0,0,3,1,0,0.0,0.0,0.0,0.0,0,0,51.0,8.48528137423857,1,1,2,0.5,0.5,1
A-2023-04-49,2023-04-04,19:20,ATROPELLO,1,0,1,CUSCO,CUSCO,CUSCO,URBANA,CARRETERA,NACIONAL,PE-3S,-13.50731,-71.99928,LLUVIOSO,RESIDENCIAL,CURVA,INCLINADA,ASFALTADA,SI,PREVENTIVA (P),,SI,IMPRUDENCIA DEL CONDUCTOR,EXCESO DE VELOCIDAD,19.0,0,2023.0,4.0,1.0,0,3,1,1,0.0,1.0,0.0,1.0,1,0,24.5,6.363961030678928,0,1,2,0.0,0.5,1
A-2023-04-65,2023-04-04,20:20,CHOQUE,1,0,1,LIMA,HUAURA,SAYAN,RURAL,CARRETERA,PROVINCIAL,LM-659,-11.224487471941933,-77.40246346063294,DESPEJADO,RURAL,TRAMO RECTO,PLANA ,ASFALTADA,,,,,IMPRUDENCIA DEL CONDUCTOR,INVASIÓN DE CARRIL,20.0,0,2023.0,4.0,1.0,0,3,1,0,0.0,0.0,0.0,0.0,0,0,25.5,6.363961030678928,0,2,2,0.0,1.0,1
A-2023-04-166,2023-04-05,00:20,CHOQUE,1,1,2,AYACUCHO,HUAMANGA,SAN JUAN BAUTISTA,URBANA,CARRETERA,NACIONAL,PE-3S,-13.1870753,-74.2081645,DESPEJADO,RESIDENCIAL,CURVA,INCLINADA,ASFALTADA,SI,PREVENTIVA (P),,NO,IMPRUDENCIA DEL CONDUCTOR,CONDUCIR EN ESTADO DE EBRIEDAD Y/O DROGADICCIÓN,0.0,0,2023.0,4.0,2.0,0,0,1,1,0.0,1.0,0.0,1.0,0,1,46.666666666666664,7.571877794400364,1,2,3,0.333,0.667,1
A-2023-04-172,2023-04-05,05:30,ESPECIAL,1,1,1,CAJAMARCA,CONTUMAZA,YONAN,URBANA,CARRETERA,NACIONAL,PE-08,-7.251452,-79.127976,LLUVIOSO,COMERCIAL,TRAMO RECTO,INCLINADA,CONCRETO,SI,PREVENTIVA (P),,SI,INFRAESTRUCTURA Y ENTORNO VIAL,FACTOR AMBIENTAL,5.0,0,2023.0,4.0,2.0,0,0,1,1,0.0,1.0,0.0,1.0,1,0,44.0,2.8284271247461903,0,1,2,0.0,0.5,1
A-2023-04-173,2023-04-05,06:00,ESPECIAL,2,1,1,CAJAMARCA,CONTUMAZA,YONAN,RURAL,CARRETERA,NACIONAL,PE-08,-7.221245,-79.160288,LLUVIOSO,COMERCIAL,CURVA,PLANA ,ASFALTADA,SI,PREVENTIVA (P),,SI,INFRAESTRUCTURA Y ENTORNO VIAL,FACTOR AMBIENTAL,6.0,1,2023.0,4.0,2.0,0,1,1,1,0.0,0.0,0.0,0.0,1,0,25.0,12.165525060596439,0,1,3,0.0,0.333,0
A-2023-04-25,2023-04-05,06:00,DESPISTE,4,0,1,HUANCAVELICA,HUANCAVELICA,HUANDO,RURAL,CARRETERA,NACIONAL,PE-26,-12.5918229,-74.9362092,SOLEADO,RURAL,CURVA,PLANA ,ASFALTADA,SI,PREVENTIVA (P),REGULADORA (R),SI,EN PROCESO DE INVESTIGACIÓN,NO CUENTA CON CAUSA ESPECIFICA,6.0,2,2023.0,4.0,2.0,0,1,1,1,0.0,0.0,0.0,0.0,0,0,38.25,12.365947867699695,0,1,4,0.0,0.25,0
A-2023-04-3,2023-04-05,15:30,ATROPELLO FUGA,1,0,0,PUNO,CHUCUITO,POMATA,RURAL,CARRETERA,NACIONAL,PE-3S,-16.27672348666517,-69.28878528233996,SOLEADO,RURAL,TRAMO RECTO,PLANA ,ASFALTADA,,,,,IMPRUDENCIA DEL CONDUCTOR,EXCESO DE VELOCIDAD,15.0,0,2023.0,4.0,2.0,0,2,1,1,0.0,0.0,0.0,0.0,0,0,68.0,0.0,0,0,2,0.0,0.0,0
A-2023-04-21,2023-04-05,19:40,CHOQUE,1,0,1,CALLAO,CALLAO,CALLAO,URBANA,AVENIDA,URBANO,NO CORRESPONDE,-12.0495024,-77.111637117,DESPEJADO,COMERCIAL,TRAMO RECTO,PLANA ,ASFALTADA,SI,REGULADORA (R),,SI,IMPRUDENCIA DEL CONDUCTOR,INVASIÓN DE CARRIL,19.0,0,2023.0,4.0,2.0,0,3,1,0,1.0,0.0,0.0,1.0,0,0,35.0,7.0710678118654755,0,1,2,0.0,0.5,1
A-2023-04-27,2023-04-05,21:00,DESPISTE,1,1,1,APURIMAC,ANDAHUAYLAS,TALAVERA,URBANA,CARRETERA,NACIONAL,PE-3S,-13.658174,-73.430306,DESPEJADO,ESCOLAR,INTERSECCIÓN,PLANA ,ASFALTADA,,,,,EN PROCESO DE INVESTIGACIÓN,NO CUENTA CON CAUSA ESPECIFICA,21.0,0,2023.0,4.0,2.0,0,3,1,1,0.0,0.0,0.0,0.0,0,0,36.0,28.284271247461902,0,0,2,0.0,0.0,1
A-2023-04-14,2023-04-06,09:10,CHOQUE,1,0,2,ICA,ICA,ICA,URBANA,AVENIDA,URBANO,NO CORRESPONDE,-14.0712808,-75.7354201,SOLEADO,COMERCIAL,INTERSECCIÓN,PLANA ,ASFALTADA,,,,,EN PROCESO DE INVESTIGACIÓN,NO CUENTA CON CAUSA ESPECIFICA,9.0,0,2023.0,4.0,3.0,0,1,1,0,1.0,0.0,0.0,1.0,0,0,58.5,6.363961030678928,0,1,2,0.0,0.5,0
A-2023-04-167,2023-04-06,10:30,DESPISTE,4,42,2,AYACUCHO,LUCANAS,CARMEN SALCEDO,RURAL,CARRETERA,SIN CLASIFICAR,SIN CLASIFICAR,-14.4130935,-73.9490277,DESPEJADO,RURAL,CURVA,INCLINADA,ASFALTADA,SI,PREVENTIVA (P),,NO,IMPRUDENCIA DEL CONDUCTOR,INVASIÓN DE CARRIL,10.0,2,2023.0,4.0,3.0,0,1,1,1,0.0,1.0,0.0,1.0,0,1,50.680851063829785,18.92445666669217,0,2,47,0.0,0.043,0
A-2023-04-84,2023-04-06,11:00,CHOQUE,1,0,2,LA LIBERTAD,VIRU,VIRU,RURAL,CARRETERA,NACIONAL,PE-1N,-8.398212,-78.842789,DESPEJADO,COMERCIAL,TRAMO RECTO,PLANA ,ASFALTADA,,,,,EN PROCESO DE INVESTIGACIÓN,NO CUENTA CON CAUSA ESPECIFICA,11.0,0,2023.0,4.0,3.0,0,1,1,0,0.0,0.0,0.0,0.0,0,0,29.0,2.8284271247461903,0,1,2,0.0,0.5,0
A-2023-04-81,2023-04-06,17:15,CHOQUE,3,2,2,PUNO,SAN ROMAN,CABANILLAS,RURAL,CARRETERA,NACIONAL,PE-34A,-15.662930740253149,-70.36474406302504,DESPEJADO,RURAL,TRAMO RECTO,INCLINADA,ASFALTADA,,,,,IMPRUDENCIA DEL CONDUCTOR,CONDUCIR EN SENTIDO CONTRARIO,17.0,2,2023.0,4.0,3.0,0,2,1,1,0.0,1.0,0.0,1.0,0,0,40.166666666666664,6.242328625334194,0,2,6,0.0,0.333,0
A-2023-04-144,2023-04-06,18:00,ATROPELLO FUGA,1,0,0,LIMA,LIMA,SAN MARTIN DE PORRES,URBANA,AVENIDA,URBANO,NO CORRESPONDE,-11.98188834,-77.09332269,DESPEJADO,RESIDENCIAL,TRAMO RECTO,PLANA ,ASFALTADA,,,,,EN PROCESO DE INVESTIGACIÓN,NO CUENTA CON CAUSA ESPECIFICA,18.0,0,2023.0,4.0,3.0,0,3,1,0,1.0,0.0,0.0,1.0,0,0,28.5,6.363961030678928,0,0,2,0.0,0.0,1
A-2023-04-143,2023-04-07,02:30,ATROPELLO FUGA,1,0,0,LIMA,LIMA,LURIN,RURAL,CARRETERA,NACIONAL,PE-1S,-12.30289024592764,-76.84266349381855,DESPEJADO,INDUSTRIAL,TRAMO RECTO,PLANA ,ASFALTADA,,,,,IMPRUDENCIA DEL PEATÓN,OTRO (IMPRUDENCIA DEL PEATÓN),2.0,0,2023.0,4.0,4.0,0,0,1,0,0.0,0.0,0.0,0.0,0,0,61.0,0.0,0,0,2,0.0,0.0,1
A-2023-04-151,2023-04-07,04:50,DESPISTE,1,1,0,LIMA,LIMA,EL AGUSTINO,URBANA,CARRETERA,NACIONAL,PE-1N,-12.0299579102563,-76.99432096385232,DESPEJADO,RESIDENCIAL,TRAMO RECTO,PLANA ,ASFALTADA,,,,,IMPRUDENCIA DEL CONDUCTOR,OTRO (IMPRUDENCIA DEL CONDUCTOR),4.0,0,2023.0,4.0,4.0,0,0,1,0,0.0,0.0,0.0,0.0,0,0,27.0,2.8284271247461903,0,1,2,0.0,0.5,1
A-2023-04-47,2023-04-07,09:30,CHOQUE,1,1,2,CUSCO,ESPINAR,CONDOROMA,RURAL,CARRETERA,NACIONAL,PE-34J,-15.429467,-71.070263,DESPEJADO,RURAL,TRAMO RECTO,INCLINADA,ASFALTADA,SI,PREVENTIVA (P),,SI,IMPRUDENCIA DEL CONDUCTOR,INVASIÓN DE CARRIL,9.0,0,2023.0,4.0,4.0,0,1,1,1,0.0,1.0,0.0,1.0,0,0,34.666666666666664,4.509249752822893,0,1,3,0.0,0.333,0
A-2023-04-75,2023-04-07,15:15,CHOQUE,2,3,2,AMAZONAS,BONGARA,CHURUJA,RURAL,CARRETERA,NACIONAL,PE-08C,-5.987933,-77.9656785,DESPEJADO,RURAL,CURVA,INCLINADA,ASFALTADA,,,,,EN PROCESO DE INVESTIGACIÓN,NO CUENTA CON CAUSA ESPECIFICA,15.0,1,2023.0,4.0,4.0,0,2,1,2,0.0,1.0,0.0,1.0,0,0,42.5,18.801595676963167,0,2,6,0.0,0.333,0
A-2023-04-152,2023-04-08,06:50,ATROPELLO,1,0,0,LIMA,LIMA,ANCON,URBANA,CARRETERA,NACIONAL,PE-1N,-11.75884746,-77.15368618,DESPEJADO,INDUSTRIAL,TRAMO RECTO,PLANA ,ASFALTADA,,,,,IMPRUDENCIA DEL CONDUCTOR,OTRO (IMPRUDENCIA DEL CONDUCTOR),6.0,0,2023.0,4.0,5.0,1,1,1,0,0.0,0.0,0.0,0.0,0,0,44.0,15.556349186104045,0,1,2,0.0,0.5,0
A-2023-04-85,2023-04-08,08:30,CHOQUE,1,0,2,LA LIBERTAD,PACASMAYO,GUADALUPE,RURAL,CARRETERA,NACIONAL,PE-1N,-7.2659762,-79.4835611,DESPEJADO,RURAL,TRAMO RECTO,PLANA ,ASFALTADA,,,,,EN PROCESO DE INVESTIGACIÓN,NO CUENTA CON CAUSA ESPECIFICA,8.0,0,2023.0,4.0,5.0,1,1,1,0,0.0,0.0,0.0,0.0,0,0,44.0,8.48528137423857,0,0,2,0.0,0.0,0
A-2023-04-153,2023-04-08,10:40,ATROPELLO,1,0,0,LIMA,LIMA,CHORRILLOS,URBANA,CARRETERA,NACIONAL,PE-1S,-12.214472,-76.976484,DESPEJADO,INDUSTRIAL,TRAMO RECTO,PLANA ,ASFALTADA,,,,,IMPRUDENCIA DEL PEATÓN,OTRO (IMPRUDENCIA DEL PEATÓN),10.0,0,2023.0,4.0,5.0,1,1,1,0,0.0,0.0,0.0,0.0,0,0,52.0,0.0,0,1,2,0.0,0.5,0
A-2023-04-82,2023-04-08,13:00,CHOQUE,1,0,2,PUNO,SAN ROMAN,CABANILLAS,RURAL,CARRETERA,DEPARTAMENTAL,PU-121,-15.638069029468696,-70.32816940960026,DESPEJADO,RURAL,CURVA,INCLINADA,ASFALTADA,,,,,IMPRUDENCIA DEL CONDUCTOR,OTRO (IMPRUDENCIA DEL CONDUCTOR),13.0,0,2023.0,4.0,5.0,1,2,1,1,0.0,1.0,0.0,1.0,0,0,38.0,4.242640687119285,0,1,2,0.0,0.5,0
A-2023-04-9,2023-04-08,13:30,DESPISTE,1,1,1,AREQUIPA,CAYLLOMA,SAN ANTONIO DE CHUCA,RURAL,CARRETERA,NACIONAL,PE-34A,-15.9735405,-71.24066382,DESPEJADO,RURAL,TRAMO RECTO,PLANA ,ASFALTADA,NO,,,SI,EN PROCESO DE INVESTIGACIÓN,NO CUENTA CON CAUSA ESPECIFICA,13.0,0,2023.0,4.0,5.0,1,2,1,0,0.0,0.0,0.0,0.0,0,1,37.0,16.97056274847714,0,1,2,0.0,0.5,0
A-2023-04-59,2023-04-08,14:45,CHOQUE,1,1,2,CUSCO,LA CONVENCION,ECHARATE,RURAL,CARRETERA,PROVINCIAL,CU-598,-12.563522,-73.091159,DESPEJADO,RURAL,CURVA,PLANA ,AFIRMADO,SI,PREVENTIVA (P),,NO,IMPRUDENCIA DEL CONDUCTOR,EXCESO DE VELOCIDAD,14.0,0,2023.0,4.0,5.0,1,2,1,1,0.0,0.0,1.0,1.0,0,1,58.0,0.0,0,0,3,0.0,0.0,0
A-2023-04-15,2023-04-08,16:30,CHOQUE,1,1,2,ICA,ICA,SANTIAGO,URBANA,CARRETERA,NACIONAL,PE-1S,-14.3741487,-75.6221788,DESPEJADO,RURAL,TRAMO RECTO,PLANA ,ASFALTADA,,,,,EN PROCESO DE INVESTIGACIÓN,NO CUENTA CON CAUSA ESPECIFICA,16.0,0,2023.0,4.0,5.0,1,2,1,0,0.0,0.0,0.0,0.0,0,0,33.5,12.020815280171307,0,2,2,0.0,1.0,0
A-2023-04-10,2023-04-08,18:15,ATROPELLO,1,1,1,AREQUIPA,CAYLLOMA,MAJES,URBANA,CARRETERA,DEPARTAMENTAL,AR-108,-16.3399346,-72.1962545,DESPEJADO,COMERCIAL,TRAMO RECTO,PLANA ,ASFALTADA,NO,,,SI,EN PROCESO DE INVESTIGACIÓN,NO CUENTA CON CAUSA ESPECIFICA,18.0,0,2023.0,4.0,5.0,1,3,1,0,0.0,0.0,0.0,0.0,0,1,54.0,36.76955262170047,0,1,2,0.0,0.5,1
A-2023-04-44,2023-04-08,21:30,ATROPELLO,1,0,1,CUSCO,CANCHIS,TINTA,URBANA,CARRETERA,NACIONAL,PE-3S,-14.117321,-71.415777,DESPEJADO,RURAL,CURVA,PLANA ,ASFALTADA,SI,PREVENTIVA (P),,SI,IMPRUDENCIA DEL PEATÓN,ESTADO DE EBRIEDAD Y/O DROGADICCIÓN,21.0,0,2023.0,4.0,5.0,1,3,1,1,0.0,0.0,0.0,0.0,0,0,40.0,9.899494936611665,0,1,2,0.0,0.5,1
A-2023-04-4,2023-04-08,22:30,ATROPELLO,1,0,0,PUNO,YUNGUYO,UNICACHI,RURAL,CARRETERA,DEPARTAMENTAL,PU-151,-16.206632,-68.963393,DESPEJADO,RURAL,TRAMO RECTO,PLANA ,ASFALTADA,,,,,IMPRUDENCIA DEL PEATÓN,OTRO (IMPRUDENCIA DEL PEATÓN),22.0,0,2023.0,4.0,5.0,1,3,1,1,0.0,0.0,0.0,0.0,0,0,60.5,19.091883092036785,0,0,2,0.0,0.0,1
A-2023-04-154,2023-04-08,23:00,DESPISTE,1,0,0,LIMA,LIMA,SANTIAGO DE SURCO,URBANA,AVENIDA,URBANO,NO CORRESPONDE,-12.147633905434658,-76.98657473392949,DESPEJADO,COMERCIAL,TRAMO RECTO,PLANA ,ASFALTADA,,,,,IMPRUDENCIA DEL CONDUCTOR,OTRO (IMPRUDENCIA DEL CONDUCTOR),23.0,0,2023.0,4.0,5.0,1,3,1,0,1.0,0.0,0.0,1.0,0,0,30.0,0.0,0,0,1,0.0,0.0,1
A-2023-04-111,2023-04-09,01:10,CHOQUE,1,0,0,ICA,CHINCHA,EL CARMEN,RURAL,CARRETERA,NACIONAL,PE-1S,-13.553249,-76.133279,,,,,,,,,,EN PROCESO DE INVESTIGACIÓN,NO CUENTA CON CAUSA ESPECIFICA,1.0,0,2023.0,4.0,6.0,1,0,1,0,0.0,1.0,1.0,2.0,0,0,52.5,3.5355339059327378,0,0,2,0.0,0.0,1
A-2023-04-118,2023-04-09,01:20,DESPISTE,1,0,0,JUNIN,YAULI,SANTA BARBARA DE CARHUACAYAN,RURAL,CARRETERA,NACIONAL,PE-20A,-11.216984036648473,-76.4387511682559,DESPEJADO,RURAL,TRAMO RECTO,INCLINADA,AFIRMADO,,,,,IMPRUDENCIA DEL CONDUCTOR,OTRO (IMPRUDENCIA DEL CONDUCTOR),1.0,0,2023.0,4.0,6.0,1,0,1,1,0.0,1.0,1.0,2.0,0,0,55.5,44.54772721475249,0,0,2,0.0,0.0,1
A-2023-04-113,2023-04-09,06:00,CHOQUE,1,0,1,CALLAO,CALLAO,CALLAO,URBANA,AUTOPISTA,URBANO,NO CORRESPONDE,-12.0150373,-77.093949617,DESPEJADO,RESIDENCIAL,TRAMO RECTO,PLANA ,ASFALTADA,SI,INFORMATIVA (I),,NO,IMPRUDENCIA DEL CONDUCTOR,CONDUCIR EN ESTADO DE EBRIEDAD Y/O DROGADICCIÓN,6.0,0,2023.0,4.0,6.0,1,1,1,0,1.0,0.0,0.0,1.0,0,1,24.0,0.0,0,1,2,0.0,0.5,0
A-2023-04-11,2023-04-09,07:15,DESPISTE,1,2,1,AREQUIPA,AREQUIPA,YURA,RURAL,CARRETERA,NACIONAL,PE-34A,-16.217848,-71.658131,DESPEJADO,RURAL,TRAMO RECTO,PLANA ,ASFALTADA,NO,,,SI,EN PROCESO DE INVESTIGACIÓN,NO CUENTA CON CAUSA ESPECIFICA,7.0,0,2023.0,4.0,6.0,1,1,1,0,0.0,0.0,0.0,0.0,0,1,44.0,24.041630560342615,0,1,3,0.0,0.333,0
A-2023-04-109,2023-04-09,08:20,CHOQUE FUGA,1,0,0,PIURA,PIURA,CASTILLA,RURAL,CARRETERA,NACIONAL,PE-1NJ,-5.166233,-80.52626,DESPEJADO,RURAL,TRAMO RECTO,PLANA ,ASFALTADA,,,,,IMPRUDENCIA DEL CONDUCTOR,EXCESO DE VELOCIDAD,8.0,0,2023.0,4.0,6.0,1,1,1,0,0.0,0.0,0.0,0.0,0,0,16.0,0.0,0,0,2,0.0,0.0,0
A-2023-04-5,2023-04-09,09:50,ATROPELLO,1,0,0,PUNO,YUNGUYO,OLLARAYA,RURAL,CARRETERA,PROVINCIAL,PU-1328,-16.24876536001502,-68.9778435942963,DESPEJADO,RURAL,TRAMO RECTO,PLANA ,ASFALTADA,,,,,IMPRUDENCIA DEL PEATÓN,OTRO (IMPRUDENCIA DEL PEATÓN),9.0,0,2023.0,4.0,6.0,1,1,1,1,0.0,0.0,0.0,0.0,0,0,59.0,0.0,0,0,2,0.0,0.0,0