CODIGO_SINIESTRO,FECHA_SINIESTRO,HORA_SINIESTRO,CLASE_SINIESTRO,CANTIDAD_FALLECIDOS,CANTIDAD_LESIONADOS,CANTIDAD_VEHICULOS,DEPARTAMENTO,PROVINCIA,DISTRITO,ZONA,TIPO_VIA,RED_VIAL,COD_CARRETERA,LATITUD,LONGITUD,CONDICION_CLIMATICA,ZONIFICACION,CARACTERISTICAS_VIA,PERFIL_VIA,SUPERFICIE_CALZADA,EXISTE_SENIAL_VERTICAL,CLASIFICACION_SENIAL_VERTICAL_1,CLASIFICACION_SENIAL_VERTICAL_2,EXISTE_SENIAL_HORIZONTAL,CAUSA_FACTOR_PRINCIPAL,CAUSA_ESPECIFICA,HORA,severidad,ANIO,MES,DIA_SEMANA,FIN_SEMANA,FRANJA_HORARIA,TEMPORADA,MACROREGION,TIPO_VIA_SCORE,PERFIL_VIA_SCORE,SUPERFICIE_CALZADA_SCORE,RIESGO_INFRAESTRUCTURA,RIESGO_CLIMATICO,SENIALIZACION_DEFICIENTE,EDAD_PROMEDIO,EDAD_STD,TOTAL_ALCOHOL,TOTAL_LICENCIA,TOTAL_PERSONAS,PCT_ALCOHOL,PCT_LICENCIA,ES_NOCHE
A-2023-04-29,2023-04-09,14:00,ATROPELLO,1,0,0,ANCASH,CARHUAZ,MARCARA,RURAL,CARRETERA,PROVINCIAL,AN-770,-9.323330932972732,-77.60739761615976,NUBLADO,RURAL,TRAMO RECTO,PLANA ,ASFALTADA,NO,,,SI,EN PROCESO DE INVESTIGACIÓN,NO CUENTA CON CAUSA ESPECIFICA,14.0,0,2023.0,4.0,6.0,1,2,1,0,0.0,0.0,0.0,0.0,0,1,26.0,0.0,0,1,2,0.0,0.5,0
A-2023-04-16,2023-04-09,17:10,DESPISTE,2,5,1,ICA,ICA,SAN JOSE DE LOS MOLINOS,RURAL,CARRETERA,NACIONAL,PE-1SC,-13.9046784,-75.6667099,DESPEJADO,RURAL,SINUOSA,INCLINADA,ASFALTADA,,,,,IMPRUDENCIA DEL CONDUCTOR,CONDUCIR EN ESTADO DE EBRIEDAD Y/O DROGADICCIÓN,17.0,1,2023.0,4.0,6.0,1,2,1,0,0.0,1.0,0.0,1.0,0,0,20.714285714285715,18.508685219956295,1,1,7,0.143,0.143,0
A-2023-04-155,2023-04-09,17:20,ATROPELLO,1,0,0,LIMA,LIMA,ATE,URBANA,CARRETERA,NACIONAL,PE-22,-12.01301814,-76.88077749,DESPEJADO,RESIDENCIAL,INTERSECCIÓN,INCLINADA,ASFALTADA,,,,,EN PROCESO DE INVESTIGACIÓN,NO CUENTA CON CAUSA ESPECIFICA,17.0,0,2023.0,4.0,6.0,1,2,1,0,0.0,1.0,0.0,1.0,0,0,47.0,24.041630560342615,0,0,2,0.0,0.0,0
A-2023-04-86,2023-04-09,19:00,CHOQUE,1,0,2,LA LIBERTAD,VIRU,VIRU,RURAL,CARRETERA,NACIONAL,PE-1N,-8.444912399374674,-78.74393815516827,DESPEJADO,RURAL,TRAMO RECTO,PLANA ,ASFALTADA,,,,,IMPRUDENCIA DEL CONDUCTOR,CONDUCIR EN ESTADO DE EBRIEDAD Y/O DROGADICCIÓN,19.0,0,2023.0,4.0,6.0,1,3,1,0,0.0,0.0,0.0,0.0,0,0,40.0,25.45584412271571,0,1,2,0.0,0.5,1
A-2023-04-30,2023-04-09,19:30,CHOQUE,1,2,5,AREQUIPA,AREQUIPA,LA JOYA,RURAL,CARRETERA,NACIONAL,PE-1S,-16.521519,-71.793228,DESPEJADO,RURAL,TRAMO RECTO,PLANA ,ASFALTADA,NO,,,SI,EN PROCESO DE INVESTIGACIÓN,NO CUENTA CON CAUSA ESPECIFICA,19.0,0,2023.0,4.0,6.0,1,3,1,0,0.0,0.0,0.0,0.0,0,1,38.8,8.64291617453276,0,5,5,0.0,1.0,1
A-2023-04-159,2023-04-10,07:30,CHOQUE,3,14,4,JUNIN,JAUJA,SINCOS,RURAL,CARRETERA,NACIONAL,PE-3SB,-11.902573544074787,-75.36858249887199,DESPEJADO,RURAL,TRAMO RECTO,PLANA ,ASFALTADA,NO,,,SI,IMPRUDENCIA DEL CONDUCTOR,CONDUCIR EN SENTIDO CONTRARIO,7.0,2,2023.0,4.0,0.0,0,1,1,1,0.0,0.0,0.0,0.0,0,1,38.411764705882355,15.476025101465055,0,4,17,0.0,0.235,0
A-2023-04-87,2023-04-10,08:00,DESPISTE,1,0,1,LA LIBERTAD,BOLIVAR,CONDORMARCA,RURAL,CARRETERA,DEPARTAMENTAL,LI-125,-7.640772,-77.593219,DESPEJADO,RURAL,TRAMO RECTO,PLANA ,ASFALTADA,,,,,EN PROCESO DE INVESTIGACIÓN,NO CUENTA CON CAUSA ESPECIFICA,8.0,0,2023.0,4.0,0.0,0,1,1,0,0.0,0.0,0.0,0.0,0,0,29.0,0.0,0,0,1,0.0,0.0,0
A-2023-04-8,2023-04-10,10:30,ATROPELLO,1,0,1,CALLAO,CALLAO,MI PERU,URBANA,CARRETERA,NACIONAL,PE-20,-11.8422136100802,-77.1155101642242,DESPEJADO,COMERCIAL,TRAMO RECTO,PLANA ,ASFALTADA,SI,INFORMATIVA (I),,SI,IMPRUDENCIA DEL CONDUCTOR,OTRO (IMPRUDENCIA DEL CONDUCTOR),10.0,0,2023.0,4.0,0.0,0,1,1,0,0.0,0.0,0.0,0.0,0,0,57.5,23.33452377915607,0,1,2,0.0,0.5,0
A-2023-04-112,2023-04-10,14:10,DESPISTE,1,2,2,ICA,CHINCHA,EL CARMEN,RURAL,CARRETERA,NACIONAL,PE-1S,-13.555856,-76.133447,DESPEJADO,RURAL,TRAMO RECTO,PLANA ,ASFALTADA,SI,INFORMATIVA (I),,NO,IMPRUDENCIA DEL CONDUCTOR,FATIGA Y/O CANSANCIO,14.0,0,2023.0,4.0,0.0,0,2,1,0,0.0,0.0,0.0,0.0,0,1,36.5,15.0,0,2,4,0.0,0.5,0
A-2023-04-80,2023-04-10,20:00,CHOQUE,1,0,2,PUNO,HUANCANE,PUSI,RURAL,CARRETERA,NACIONAL,PE-34H,-15.4012999,-70.0640514,DESPEJADO,RURAL,TRAMO RECTO,PLANA ,ASFALTADA,,,,,IMPRUDENCIA DEL CONDUCTOR,EXCESO DE VELOCIDAD,20.0,0,2023.0,4.0,0.0,0,3,1,1,0.0,0.0,0.0,0.0,0,0,46.5,17.67766952966369,0,1,2,0.0,0.5,1
A-2023-04-42,2023-04-11,01:00,CHOQUE,1,0,0,ANCASH,HUARI,CHAVIN DE HUANTAR,RURAL,CARRETERA,PROVINCIAL,AN-738,-9.526543760989716,-77.16142239871235,LLUVIOSO,RURAL,TRAMO RECTO,PLANA ,ASFALTADA,SI,PREVENTIVA (P),INFORMATIVA (I),NO,EN PROCESO DE INVESTIGACIÓN,NO CUENTA CON CAUSA ESPECIFICA,1.0,0,2023.0,4.0,1.0,0,0,1,0,0.0,0.0,0.0,0.0,1,1,28.5,3.5355339059327378,0,1,2,0.0,0.5,1
A-2023-04-182,2023-04-11,02:00,CHOQUE,1,2,0,JUNIN,SATIPO,SATIPO,URBANA,CARRETERA,NACIONAL,PE-5S,-11.217399729959128,-74.60862085617151,,,,,,,,,,EN PROCESO DE INVESTIGACIÓN,NO CUENTA CON CAUSA ESPECIFICA,2.0,0,2023.0,4.0,1.0,0,0,1,1,0.0,1.0,1.0,2.0,0,0,31.0,5.5677643628300215,0,0,3,0.0,0.0,1
A-2023-04-160,2023-04-11,02:30,CHOQUE,1,1,2,JUNIN,TARMA,LA UNION,RURAL,CARRETERA,NACIONAL,PE-3N,-11.358069,-75.887458,DESPEJADO,RURAL,TRAMO RECTO,PLANA ,ASFALTADA,NO,,,SI,IMPRUDENCIA DEL CONDUCTOR,INVASIÓN DE CARRIL,2.0,0,2023.0,4.0,1.0,0,0,1,1,0.0,0.0,0.0,0.0,0,1,36.5,12.020815280171307,0,2,2,0.0,1.0,1
A-2023-04-181,2023-04-11,04:30,CHOQUE,1,1,0,JUNIN,CHANCHAMAYO,SAN RAMON,,CARRETERA,NACIONAL,PE-22B,-11.086179443825404,-75.3296147699993,,,,,,,,,,EN PROCESO DE INVESTIGACIÓN,NO CUENTA CON CAUSA ESPECIFICA,4.0,0,2023.0,4.0,1.0,0,0,1,1,0.0,1.0,1.0,2.0,0,0,45.5,29.93882651897588,0,0,4,0.0,0.0,1
A-2023-04-124,2023-04-11,09:00,ATROPELLO,1,1,0,CALLAO,CALLAO,CALLAO,URBANA,AVENIDA,URBANO,NO CORRESPONDE,-12.0165152,-77.105584617,DESPEJADO,COMERCIAL,TRAMO RECTO,PLANA ,ASFALTADA,NO,,,SI,EN PROCESO DE INVESTIGACIÓN,NO CUENTA CON CAUSA ESPECIFICA,9.0,0,2023.0,4.0,1.0,0,1,1,0,1.0,0.0,0.0,1.0,0,1,46.666666666666664,22.72296928953902,0,1,3,0.0,0.333,0
A-2023-04-88,2023-04-11,10:30,ATROPELLO,1,0,1,LA LIBERTAD,GRAN CHIMU,SAYAPULLO,RURAL,CARRETERA,DEPARTAMENTAL,LI-106,-7.595236911959416,-78.46746144357772,DESPEJADO,RURAL,TRAMO RECTO,PLANA ,ASFALTADA,,,,,IMPRUDENCIA DEL CONDUCTOR,OTRO (IMPRUDENCIA DEL CONDUCTOR),10.0,0,2023.0,4.0,1.0,0,1,1,0,0.0,0.0,0.0,0.0,0,0,49.5,36.062445840513924,0,1,2,0.0,0.5,0
A-2023-04-91,2023-04-11,11:00,CHOQUE,1,1,2,LA LIBERTAD,SANTIAGO DE CHUCO,QUIRUVILCA,RURAL,CARRETERA,NACIONAL,PE-3N,-7.971877963742601,-78.20692775474994,DESPEJADO,RURAL,TRAMO RECTO,PLANA ,ASFALTADA,,,,,IMPRUDENCIA DEL CONDUCTOR,OTRO (IMPRUDENCIA DEL CONDUCTOR),11.0,0,2023.0,4.0,1.0,0,1,1,0,0.0,0.0,0.0,0.0,0,0,35.25,5.315072906367325,0,1,4,0.0,0.25,0
A-2023-04-51,2023-04-11,17:15,VOLCADURA,1,0,1,CUSCO,CANAS,KUNTURKANKI,RURAL,CARRETERA,NACIONAL,PE-34G,-14.465613,-71.296353,DESPEJADO,RURAL,CURVA,INCLINADA,ASFALTADA,SI,REGULADORA (R),,SI,IMPRUDENCIA DEL CONDUCTOR,OTRO (IMPRUDENCIA DEL CONDUCTOR),17.0,0,2023.0,4.0,1.0,0,2,1,1,0.0,1.0,0.0,1.0,0,0,54.0,0.0,0,1,1,0.0,1.0,0
A-2023-04-156,2023-04-11,18:15,CHOQUE,1,0,0,LIMA,LIMA,VILLA EL SALVADOR,URBANA,AVENIDA,URBANO,NO CORRESPONDE,-12.19660856,-76.93395764,DESPEJADO,INDUSTRIAL,TRAMO RECTO,PLANA ,ASFALTADA,,,,,IMPRUDENCIA DEL CONDUCTOR,OTRO (IMPRUDENCIA DEL CONDUCTOR),18.0,0,2023.0,4.0,1.0,0,3,1,0,1.0,0.0,0.0,1.0,0,0,34.0,8.48528137423857,0,0,2,0.0,0.0,1
A-2023-04-89,2023-04-11,18:50,ATROPELLO FUGA,1,0,0,LA LIBERTAD,TRUJILLO,SALAVERRY,RURAL,CARRETERA,NACIONAL,PE-1N,-8.1846915,-78.9843106,DESPEJADO,RURAL,TRAMO RECTO,PLANA ,ASFALTADA,,,,,EN PROCESO DE INVESTIGACIÓN,NO CUENTA CON CAUSA ESPECIFICA,18.0,0,2023.0,4.0,1.0,0,3,1,0,0.0,0.0,0.0,0.0,0,0,60.0,0.0,0,0,2,0.0,0.0,1
A-2023-04-17,2023-04-11,19:30,ATROPELLO FUGA,1,0,0,ICA,PISCO,SAN CLEMENTE,URBANA,CARRETERA,NACIONAL,PE-1SE,-13.6645926,-76.1721012,DESPEJADO,RURAL,TRAMO RECTO,PLANA ,ASFALTADA,,,,,EN PROCESO DE INVESTIGACIÓN,NO CUENTA CON CAUSA ESPECIFICA,19.0,0,2023.0,4.0,1.0,0,3,1,0,0.0,0.0,0.0,0.0,0,0,47.0,0.0,0,0,2,0.0,0.0,1
A-2023-04-171,2023-04-12,00:00,ATROPELLO,1,0,0,LIMA,LIMA,LIMA,URBANA,AVENIDA,URBANO,NO CORRESPONDE,-12.05666629,-77.01475186,DESPEJADO,COMERCIAL,INTERSECCIÓN,PLANA ,ASFALTADA,,,,,IMPRUDENCIA DEL CONDUCTOR,OTRO (IMPRUDENCIA DEL CONDUCTOR),0.0,0,2023.0,4.0,2.0,0,0,1,0,1.0,0.0,0.0,1.0,0,0,43.0,0.0,0,1,2,0.0,0.5,1
A-2023-04-52,2023-04-12,07:30,DESPISTE,1,1,1,HUANCAVELICA,ACOBAMBA,POMACOCHA,RURAL,CARRETERA,SIN CLASIFICAR,SIN CLASIFICAR,-12.8527047,-74.5275284,DESPEJADO,RURAL,SINUOSA,PLANA ,ASFALTADA,SI,PREVENTIVA (P),,NO,EN PROCESO DE INVESTIGACIÓN,NO CUENTA CON CAUSA ESPECIFICA,7.0,0,2023.0,4.0,2.0,0,1,1,1,0.0,0.0,0.0,0.0,0,1,39.0,22.627416997969522,0,0,2,0.0,0.0,0
A-2023-04-45,2023-04-12,11:30,CHOQUE CON OBJETO FIJO,1,0,1,CUSCO,PAUCARTAMBO,KOSÑIPATA,URBANA,CARRETERA,DEPARTAMENTAL,CU-113,-12.91769,-71.399643,DESPEJADO,RURAL,TRAMO RECTO,PLANA ,TROCHA,,,,,EN PROCESO DE INVESTIGACIÓN,NO CUENTA CON CAUSA ESPECIFICA,11.0,0,2023.0,4.0,2.0,0,1,1,1,0.0,0.0,2.0,2.0,0,0,30.0,0.0,0,0,1,0.0,0.0,0
A-2023-04-170,2023-04-12,13:00,DESPISTE,1,0,0,LIMA,LIMA,PACHACAMAC,URBANA,CALLE,URBANO,NO CORRESPONDE,-12.10407387,-76.87515432,DESPEJADO,RURAL,INTERSECCIÓN,PLANA ,ASFALTADA,,,,,IMPRUDENCIA DEL CONDUCTOR,OTRO (IMPRUDENCIA DEL CONDUCTOR),13.0,0,2023.0,4.0,2.0,0,2,1,0,2.0,0.0,0.0,2.0,0,0,26.0,0.0,0,0,1,0.0,0.0,0
A-2023-04-185,2023-04-12,13:00,VOLCADURA,1,0,0,LIMA,LIMA,PACHACAMAC,URBANA,CALLE,URBANO,NO CORRESPONDE,-12.10407896228532,-76.87514312224006,NUBLADO,RESIDENCIAL,INTERSECCIÓN,PLANA ,ASFALTADA,,,,,IMPRUDENCIA DEL CONDUCTOR,EXCESO DE VELOCIDAD,13.0,0,2023.0,4.0,2.0,0,2,1,0,2.0,0.0,0.0,2.0,0,0,0.0,0.0,0,0,1,0.0,0.0,0
A-2023-04-66,2023-04-12,16:43,CHOQUE,1,6,2,LIMA,HUAURA,SAYAN,RURAL,CARRETERA,NACIONAL,PE-18,-11.0632945802522,-77.13831415892751,DESPEJADO,RURAL,CURVA,PLANA ,ASFALTADA,,,,,IMPRUDENCIA DEL CONDUCTOR,INVASIÓN DE CARRIL,16.0,0,2023.0,4.0,2.0,0,2,1,0,0.0,0.0,0.0,0.0,0,0,44.625,17.81602408748131,0,2,8,0.0,0.25,0
A-2023-04-43,2023-04-13,00:30,DESPISTE,1,0,1,CUSCO,ESPINAR,ESPINAR,URBANA,CALLE,URBANO,NO CORRESPONDE,-14.794914,-71.414893,DESPEJADO,RESIDENCIAL,TRAMO RECTO,INCLINADA,CONCRETO,,,,,IMPRUDENCIA DEL CONDUCTOR,CONDUCIR EN ESTADO DE EBRIEDAD Y/O DROGADICCIÓN,0.0,0,2023.0,4.0,3.0,0,0,1,1,2.0,1.0,0.0,3.0,0,0,54.0,0.0,0,1,1,0.0,1.0,1
A-2023-04-18,2023-04-14,09:35,CHOQUE,1,0,2,ICA,NASCA,VISTA ALEGRE,URBANA,CARRETERA,NACIONAL,PE-1S,-14.8494452,-74.9523298,DESPEJADO,COMERCIAL,TRAMO RECTO,PLANA ,ASFALTADA,,,,,EN PROCESO DE INVESTIGACIÓN,NO CUENTA CON CAUSA ESPECIFICA,9.0,0,2023.0,4.0,4.0,0,1,1,0,0.0,0.0,0.0,0.0,0,0,33.5,6.363961030678928,0,1,2,0.0,0.5,0
A-2023-04-32,2023-04-14,19:30,ATROPELLO,1,1,1,AREQUIPA,AREQUIPA,YURA,URBANA,CARRETERA,NACIONAL,PE-34A,-16.3072,-71.61498,DESPEJADO,RESIDENCIAL,TRAMO RECTO,PLANA ,ASFALTADA,NO,,,SI,EN PROCESO DE INVESTIGACIÓN,NO CUENTA CON CAUSA ESPECIFICA,19.0,0,2023.0,4.0,4.0,0,3,1,0,0.0,0.0,0.0,0.0,0,1,50.0,36.76955262170047,0,1,2,0.0,0.5,1
A-2023-04-157,2023-04-14,23:30,ATROPELLO,1,0,0,LIMA,LIMA,SAN JUAN DE MIRAFLORES,URBANA,AVENIDA,URBANO,NO CORRESPONDE,-12.18767261,-76.95869849,DESPEJADO,COMERCIAL,INTERSECCIÓN,INCLINADA,ASFALTADA,,,,,IMPRUDENCIA DEL CONDUCTOR,OTRO (IMPRUDENCIA DEL CONDUCTOR),23.0,0,2023.0,4.0,4.0,0,3,1,0,1.0,1.0,0.0,2.0,0,0,63.0,15.556349186104045,0,1,2,0.0,0.5,1
A-2023-04-31,2023-04-15,02:30,CHOQUE,1,1,2,AREQUIPA,AREQUIPA,CERRO COLORADO,URBANA,CARRETERA,NACIONAL,PE-34A,-16.3537393,-71.5802957,DESPEJADO,INDUSTRIAL,TRAMO RECTO,PLANA ,ASFALTADA,NO,,,SI,EN PROCESO DE INVESTIGACIÓN,NO CUENTA CON CAUSA ESPECIFICA,2.0,0,2023.0,4.0,5.0,1,0,1,0,0.0,0.0,0.0,0.0,0,1,34.5,0.7071067811865476,0,2,2,0.0,1.0,1
A-2023-04-34,2023-04-15,18:30,ATROPELLO,1,0,1,AREQUIPA,AREQUIPA,PAUCARPATA,URBANA,CALLE,URBANO,NO CORRESPONDE,-16.40986,-71.4927,DESPEJADO,COMERCIAL,TRAMO RECTO,PLANA ,ASFALTADA,NO,,,SI,EN PROCESO DE INVESTIGACIÓN,NO CUENTA CON CAUSA ESPECIFICA,18.0,0,2023.0,4.0,5.0,1,3,1,0,2.0,0.0,0.0,2.0,0,1,37.0,2.8284271247461903,0,1,2,0.0,0.5,1
A-2023-04-69,2023-04-15,21:30,ATROPELLO FUGA,1,0,0,ANCASH,HUAYLAS,CARAZ,URBANA,AVENIDA,URBANO,NO CORRESPONDE,-9.050872350479109,-77.8106494327671,,,,,,,,,,EN PROCESO DE INVESTIGACIÓN,NO CUENTA CON CAUSA ESPECIFICA,21.0,0,2023.0,4.0,5.0,1,3,1,0,1.0,1.0,1.0,3.0,0,0,36.0,0.0,0,0,2,0.0,0.0,1
A-2023-04-19,2023-04-16,02:30,CHOQUE,1,0,2,ICA,ICA,SANTIAGO,URBANA,CARRETERA,NACIONAL,PE-1S,-14.287122,-75.680386,DESPEJADO,RURAL,TRAMO RECTO,PLANA ,ASFALTADA,,,,,EN PROCESO DE INVESTIGACIÓN,NO CUENTA CON CAUSA ESPECIFICA,2.0,0,2023.0,4.0,6.0,1,0,1,0,0.0,0.0,0.0,0.0,0,0,31.0,7.0710678118654755,0,2,2,0.0,1.0,1
A-2023-04-150,2023-04-16,04:40,ATROPELLO,1,0,0,LIMA,LIMA,LA VICTORIA,URBANA,AVENIDA,URBANO,NO CORRESPONDE,-12.06694023,-76.99849473,DESPEJADO,INDUSTRIAL,TRAMO RECTO,PLANA ,ASFALTADA,,,,,EN PROCESO DE INVESTIGACIÓN,NO CUENTA CON CAUSA ESPECIFICA,4.0,0,2023.0,4.0,6.0,1,0,1,0,1.0,0.0,0.0,1.0,0,0,36.5,13.435028842544403,0,1,2,0.0,0.5,1
A-2023-04-64,2023-04-16,06:30,DESPISTE,1,13,1,CUSCO,LA CONVENCION,HUAYOPATA,RURAL,CARRETERA,SIN CLASIFICAR,SIN CLASIFICAR,-13.010741,-72.555737,DESPEJADO,RURAL,CURVA,INCLINADA,AFIRMADO,SI,REGULADORA (R),,NO,EN PROCESO DE INVESTIGACIÓN,NO CUENTA CON CAUSA ESPECIFICA,6.0,0,2023.0,4.0,6.0,1,1,1,1,0.0,1.0,1.0,2.0,0,1,62.714285714285715,4.680252333449759,0,0,14,0.0,0.0,0
A-2023-04-28,2023-04-16,10:30,DESPISTE,1,0,1,APURIMAC,ANDAHUAYLAS,TALAVERA,RURAL,CARRETERA,PROVINCIAL,AP-572,-13.56412,-73.4526,DESPEJADO,RURAL,CURVA,INCLINADA,AFIRMADO,,,,,IMPERICIA DEL CONDUCTOR,,10.0,0,2023.0,4.0,6.0,1,1,1,1,0.0,1.0,1.0,2.0,0,0,57.5,34.64823227814083,0,0,2,0.0,0.0,0
A-2023-04-20,2023-04-16,11:30,CHOQUE,1,0,2,ICA,NASCA,NASCA,URBANA,CARRETERA,NACIONAL,PE-1S,-14.830576,-74.943533,DESPEJADO,COMERCIAL,INTERSECCIÓN,PLANA ,ASFALTADA,,,,,EN PROCESO DE INVESTIGACIÓN,NO CUENTA CON CAUSA ESPECIFICA,11.0,0,2023.0,4.0,6.0,1,1,1,0,0.0,0.0,0.0,0.0,0,0,46.5,23.33452377915607,0,1,2,0.0,0.5,0
A-2023-04-83,2023-04-16,14:30,DESPISTE,1,0,1,PUNO,AZANGARO,AZANGARO,RURAL,CARRETERA,DEPARTAMENTAL,PU-111,-14.861109382310522,-70.08080542274354,DESPEJADO,RURAL,CURVA,PLANA ,ASFALTADA,,,,,IMPRUDENCIA DEL CONDUCTOR,EXCESO DE VELOCIDAD,14.0,0,2023.0,4.0,6.0,1,2,1,1,0.0,0.0,0.0,0.0,0,0,64.0,0.0,0,0,1,0.0,0.0,0
A-2023-04-22,2023-04-16,16:30,DESPISTE,1,0,0,PUNO,PUNO,PICHACANI,RURAL,CARRETERA,NACIONAL,PE-36B,-16.155726693520567,-70.07052965333484,DESPEJADO,RURAL,CURVA,PLANA ,ASFALTADA,,,,,IMPRUDENCIA DEL CONDUCTOR,CONDUCIR EN ESTADO DE EBRIEDAD Y/O DROGADICCIÓN,16.0,0,2023.0,4.0,6.0,1,2,1,1,0.0,0.0,0.0,0.0,0,0,34.0,2.8284271247461903,0,1,2,0.0,0.5,0
A-2023-04-103,2023-04-16,18:30,ATROPELLO,2,1,2,PIURA,SECHURA,BELLAVISTA DE LA UNION,RURAL,CARRETERA,PROVINCIAL,PI-1040,-5.429324,-80.740293,DESPEJADO,RURAL,TRAMO RECTO,PLANA ,ASFALTADA,,,,,IMPRUDENCIA DEL CONDUCTOR,CONDUCIR EN ESTADO DE EBRIEDAD Y/O DROGADICCIÓN,18.0,1,2023.0,4.0,6.0,1,3,1,0,0.0,0.0,0.0,0.0,0,0,45.0,12.727922061357855,3,1,4,0.75,0.25,1
A-2023-04-12,2023-04-16,19:00,CHOQUE,2,0,2,PUNO,YUNGUYO,COPANI,RURAL,CARRETERA,DEPARTAMENTAL,PU-130,-16.360859,-69.0427793,DESPEJADO,RURAL,TRAMO RECTO,PLANA ,ASFALTADA,,,,,INFRAESTRUCTURA Y ENTORNO VIAL,OTRO (INFRAESTRUCTURA Y ENTORNO VIAL),19.0,1,2023.0,4.0,6.0,1,3,1,1,0.0,0.0,0.0,0.0,0,0,30.0,7.0710678118654755,0,1,3,0.0,0.333,1
A-2023-04-60,2023-04-17,06:00,CHOQUE,1,0,2,CUSCO,QUISPICANCHI,OCONGATE,RURAL,CARRETERA,NACIONAL,PE-30C,-13.629155,-71.161994,DESPEJADO,RURAL,TRAMO RECTO,PLANA ,ASFALTADA,SI,PREVENTIVA (P),,SI,IMPRUDENCIA DEL CONDUCTOR,INVASIÓN DE CARRIL,6.0,0,2023.0,4.0,0.0,0,1,1,1,0.0,0.0,0.0,0.0,0,0,28.0,8.48528137423857,0,2,2,0.0,1.0,0
A-2023-04-26,2023-04-18,15:30,CHOQUE,1,0,2,SAN MARTIN,MOYOBAMBA,CALZADA,RURAL,CARRETERA,NACIONAL,PE-5N,-6.039307,-77.063784,DESPEJADO,RURAL,TRAMO RECTO,PLANA ,ASFALTADA,SI,PREVENTIVA (P),PREVENTIVA (P),NO,IMPRUDENCIA DEL CONDUCTOR,OTRO (IMPRUDENCIA DEL CONDUCTOR),15.0,0,2023.0,4.0,1.0,0,2,1,2,0.0,0.0,0.0,0.0,0,1,34.5,17.67766952966369,0,2,2,0.0,1.0,0
A-2023-04-174,2023-04-18,15:45,CHOQUE,1,0,2,CAJAMARCA,CAJAMARCA,LLACANORA,RURAL,CARRETERA,NACIONAL,PE-3N,-7.204042,-78.433789,DESPEJADO,COMERCIAL,TRAMO RECTO,PLANA ,ASFALTADA,NO,,,SI,IMPRUDENCIA DEL CONDUCTOR,CONDUCIR EN ESTADO DE EBRIEDAD Y/O DROGADICCIÓN,15.0,0,2023.0,4.0,1.0,0,2,1,1,0.0,0.0,0.0,0.0,0,1,37.5,4.949747468305833,1,2,2,0.5,1.0,0
A-2023-04-39,2023-04-18,17:25,ATROPELLO,1,0,1,AREQUIPA,AREQUIPA,LA JOYA,URBANA,CALLE,URBANO,NO CORRESPONDE,-16.492913,-71.842191,DESPEJADO,RURAL,TRAMO RECTO,INCLINADA,ASFALTADA,NO,,,SI,EN PROCESO DE INVESTIGACIÓN,NO CUENTA CON CAUSA ESPECIFICA,17.0,0,2023.0,4.0,1.0,0,2,1,0,2.0,1.0,0.0,3.0,0,1,38.5,26.16295090390226,0,1,2,0.0,0.5,0
A-2023-04-24,2023-04-18,19:00,CHOQUE,1,1,3,ICA,PISCO,HUMAY,RURAL,CARRETERA,PROVINCIAL,IC-574,-13.736401,-75.970388,DESPEJADO,RURAL,TRAMO RECTO,PLANA ,TROCHA,,,,,EN PROCESO DE INVESTIGACIÓN,NO CUENTA CON CAUSA ESPECIFICA,19.0,0,2023.0,4.0,1.0,0,3,1,0,0.0,0.0,2.0,2.0,0,0,32.75,12.84198842339716,0,2,4,0.0,0.5,1
A-2023-04-99,2023-04-19,06:15,ESPECIAL,3,0,0,APURIMAC,ABANCAY,ABANCAY,RURAL,CARRETERA,NACIONAL,PE-3S,-13.687394201473383,-72.91617435322118,,,,,,,,,,EN PROCESO DE INVESTIGACIÓN,NO CUENTA CON CAUSA ESPECIFICA,6.0,2,2023.0,4.0,2.0,0,1,1,1,0.0,1.0,1.0,2.0,0,0,46.666666666666664,20.55075018906447,0,0,3,0.0,0.0,0
A-2023-04-161,2023-04-19,18:30,ATROPELLO FUGA,1,1,0,JUNIN,CHUPACA,HUAMANCACA CHICO,RURAL,CARRETERA,PROVINCIAL,JU-894,-12.0752316,-75.2516937,DESPEJADO,RURAL,TRAMO RECTO,PLANA ,ASFALTADA,,,,,EN PROCESO DE INVESTIGACIÓN,NO CUENTA CON CAUSA ESPECIFICA,18.0,0,2023.0,4.0,2.0,0,3,1,1,0.0,0.0,0.0,0.0,0,0,24.5,17.67766952966369,0,0,3,0.0,0.0,1
A-2023-04-23,2023-04-19,20:20,DESPISTE,1,0,0,PUNO,PUNO,CAPACHICA,RURAL,CARRETERA,DEPARTAMENTAL,PU-119,-15.601981,-69.850646,DESPEJADO,RURAL,TRAMO RECTO,PLANA ,ASFALTADA,,,,,IMPRUDENCIA DEL CONDUCTOR,EXCESO DE VELOCIDAD,20.0,0,2023.0,4.0,2.0,0,3,1,1,0.0,0.0,0.0,0.0,0,0,48.0,0.0,0,0,1,0.0,0.0,1
A-2023-04-120,2023-04-19,22:50,ATROPELLO FUGA,1,0,1,LIMA,HUAURA,SANTA MARIA,URBANA,CARRETERA,NACIONAL,PE-1N,-11.112826181198692,-77.59239609576456,DESPEJADO,RESIDENCIAL,TRAMO RECTO,INCLINADA,ASFALTADA,,,,,IMPRUDENCIA DEL PEATÓN,ESTADO DE EBRIEDAD Y/O DROGADICCIÓN,22.0,0,2023.0,4.0,2.0,0,3,1,0,0.0,1.0,0.0,1.0,0,0,51.0,0.0,0,0,2,0.0,0.0,1