CODIGO_SINIESTRO,FECHA_SINIESTRO,HORA_SINIESTRO,CLASE_SINIESTRO,CANTIDAD_FALLECIDOS,CANTIDAD_LESIONADOS,CANTIDAD_VEHICULOS,DEPARTAMENTO,PROVINCIA,DISTRITO,ZONA,TIPO_VIA,RED_VIAL,COD_CARRETERA,LATITUD,LONGITUD,CONDICION_CLIMATICA,ZONIFICACION,CARACTERISTICAS_VIA,PERFIL_VIA,SUPERFICIE_CALZADA,EXISTE_SENIAL_VERTICAL,CLASIFICACION_SENIAL_VERTICAL_1,CLASIFICACION_SENIAL_VERTICAL_2,EXISTE_SENIAL_HORIZONTAL,CAUSA_FACTOR_PRINCIPAL,CAUSA_ESPECIFICA,HORA,severidad,ANIO,MES,DIA_SEMANA,FIN_SEMANA,FRANJA_HORARIA,TEMPORADA,MACROREGION,TIPO_VIA_SCORE,PERFIL_VIA_SCORE,SUPERFICIE_CALZADA_SCORE,RIESGO_INFRAESTRUCTURA,RIESGO_CLIMATICO,SENIALIZACION_DEFICIENTE,EDAD_PROMEDIO,EDAD_STD,TOTAL_ALCOHOL,TOTAL_LICENCIA,TOTAL_PERSONAS,PCT_ALCOHOL,PCT_LICENCIA,ES_NOCHE
A-2023-04-90,2023-04-20,02:00,DESPISTE,2,0,1,LA LIBERTAD,SANCHEZ CARRION,CHUGAY,RURAL,CARRETERA,NACIONAL,PE-10C,-7.7912379,-77.881626,DESPEJADO,RURAL,TRAMO RECTO,PLANA ,TROCHA,,,,,EN PROCESO DE INVESTIGACIÓN,NO CUENTA CON CAUSA ESPECIFICA,2.0,1,2023.0,4.0,3.0,0,0,1,0,0.0,0.0,2.0,2.0,0,0,26.0,5.656854249492381,0,1,2,0.0,0.5,1
A-2023-04-40,2023-04-20,07:40,CHOQUE,1,2,2,AREQUIPA,CAYLLOMA,MAJES,RURAL,CARRETERA,SIN CLASIFICAR,SIN CLASIFICAR,-16.400155,-72.236347,DESPEJADO,RURAL,TRAMO RECTO,PLANA ,ASFALTADA,NO,,,SI,EN PROCESO DE INVESTIGACIÓN,NO CUENTA CON CAUSA ESPECIFICA,7.0,0,2023.0,4.0,3.0,0,1,1,0,0.0,0.0,0.0,0.0,0,1,20.0,10.392304845413264,0,1,3,0.0,0.333,0
A-2023-04-93,2023-04-20,15:20,ATROPELLO,1,0,1,LA LIBERTAD,VIRU,CHAO,URBANA,AVENIDA,URBANO,NO CORRESPONDE,-8.512744,-78.680837,DESPEJADO,INDUSTRIAL,TRAMO RECTO,PLANA ,ASFALTADA,,,,,IMPRUDENCIA DEL CONDUCTOR,OTRO (IMPRUDENCIA DEL CONDUCTOR),15.0,0,2023.0,4.0,3.0,0,2,1,0,1.0,0.0,0.0,1.0,0,0,42.5,23.33452377915607,0,1,2,0.0,0.5,0
A-2023-04-62,2023-04-21,04:00,DESPISTE,2,0,0,ANCASH,HUAYLAS,PUEBLO LIBRE,RURAL,CALLE,URBANO,NO CORRESPONDE,-9.142681693871598,-77.81247294587186,,,,,,,,,,EN PROCESO DE INVESTIGACIÓN,NO CUENTA CON CAUSA ESPECIFICA,4.0,1,2023.0,4.0,4.0,0,0,1,0,2.0,1.0,1.0,4.0,0,0,43.5,2.1213203435596424,0,0,2,0.0,0.0,1
A-2023-04-48,2023-04-21,14:30,CHOQUE,1,0,2,CUSCO,CANAS,CHECCA,RURAL,CARRETERA,PROVINCIAL,CU-1789,-14.47453,-71.39203,DESPEJADO,RURAL,CURVA,PLANA ,TROCHA,,,,,IMPRUDENCIA DEL CONDUCTOR,EXCESO DE VELOCIDAD,14.0,0,2023.0,4.0,4.0,0,2,1,1,0.0,0.0,2.0,2.0,0,0,32.5,2.1213203435596424,0,1,2,0.0,0.5,0
A-2023-04-149,2023-04-22,03:30,ATROPELLO FUGA,1,0,0,LIMA,LIMA,LIMA,URBANA,AVENIDA,URBANO,NO CORRESPONDE,-12.05920463,-77.01355817,DESPEJADO,COMERCIAL,INTERSECCIÓN,PLANA ,ASFALTADA,,,,,EN PROCESO DE INVESTIGACIÓN,NO CUENTA CON CAUSA ESPECIFICA,3.0,0,2023.0,4.0,5.0,1,0,1,0,1.0,0.0,0.0,1.0,0,0,0.0,0.0,0,0,2,0.0,0.0,1
A-2023-04-70,2023-04-22,03:40,ATROPELLO FUGA,1,0,1,ICA,ICA,SALAS,RURAL,CARRETERA,NACIONAL,PE-1S,-13.930998,-75.921602,DESPEJADO,RURAL,TRAMO RECTO,PLANA ,ASFALTADA,,,,,EN PROCESO DE INVESTIGACIÓN,NO CUENTA CON CAUSA ESPECIFICA,3.0,0,2023.0,4.0,5.0,1,0,1,0,0.0,0.0,0.0,0.0,0,0,36.0,1.4142135623730951,1,1,2,0.5,0.5,1
A-2023-04-38,2023-04-22,06:20,DESPISTE,2,0,0,PUNO,EL COLLAO,ILAVE,RURAL,CARRETERA,NACIONAL,PE-38A,-16.100205103325116,-69.63772587873513,DESPEJADO,RURAL,TRAMO RECTO,PLANA ,ASFALTADA,,,,,INFRAESTRUCTURA Y ENTORNO VIAL,OTRO (INFRAESTRUCTURA Y ENTORNO VIAL),6.0,1,2023.0,4.0,5.0,1,1,1,1,0.0,0.0,0.0,0.0,0,0,51.666666666666664,18.339392937971894,0,0,3,0.0,0.0,0
A-2023-04-105,2023-04-22,07:00,DESPISTE,1,0,1,HUANUCO,LEONCIO PRADO,MARIANO DAMASO BERAUN,RURAL,CARRETERA,NACIONAL,PE-18A,-9.454685794965952,-75.97475061094863,DESPEJADO,RURAL,TRAMO RECTO,PLANA ,ASFALTADA,,,,,IMPRUDENCIA DEL CONDUCTOR,EXCESO DE VELOCIDAD,7.0,0,2023.0,4.0,5.0,1,1,1,1,0.0,0.0,0.0,0.0,0,0,55.0,0.0,0,1,1,0.0,1.0,0
A-2023-04-148,2023-04-22,09:40,ATROPELLO FUGA,1,0,0,LIMA,LIMA,ATE,URBANA,AVENIDA,URBANO,NO CORRESPONDE,-12.01599061,-76.89060504,DESPEJADO,INDUSTRIAL,CURVA,PLANA ,ASFALTADA,,,,,IMPRUDENCIA DEL CONDUCTOR,OTRO (IMPRUDENCIA DEL CONDUCTOR),9.0,0,2023.0,4.0,5.0,1,1,1,0,1.0,0.0,0.0,1.0,0,0,31.5,2.1213203435596424,0,1,2,0.0,0.5,0
A-2023-04-41,2023-04-22,15:00,CHOQUE,1,4,3,AREQUIPA,AREQUIPA,VITOR,RURAL,CARRETERA,NACIONAL,PE-1S,-16.4635059,-71.9539885,DESPEJADO,RURAL,TRAMO RECTO,INCLINADA,ASFALTADA,NO,,,SI,EN PROCESO DE INVESTIGACIÓN,NO CUENTA CON CAUSA ESPECIFICA,15.0,0,2023.0,4.0,5.0,1,2,1,0,0.0,1.0,0.0,1.0,0,1,27.4,10.57355191030904,0,3,5,0.0,0.6,0
A-2023-04-183,2023-04-22,16:02,CHOQUE,1,1,0,JUNIN,SATIPO,RIO NEGRO,RURAL,CARRETERA,NACIONAL,PE-5S,-11.212027242484282,-74.6576407602702,,,,,,,,,,EN PROCESO DE INVESTIGACIÓN,NO CUENTA CON CAUSA ESPECIFICA,16.0,0,2023.0,4.0,5.0,1,2,1,1,0.0,1.0,1.0,2.0,0,0,12.5,13.435028842544403,0,0,3,0.0,0.0,0
A-2023-04-35,2023-04-22,16:20,CHOQUE,1,0,2,ICA,PISCO,INDEPENDENCIA,RURAL,CARRETERA,PROVINCIAL,IC-535,-13.599699284099437,-76.0286061941519,DESPEJADO,RURAL,OTRO,PLANA ,TROCHA,,,,,EN PROCESO DE INVESTIGACIÓN,NO CUENTA CON CAUSA ESPECIFICA,16.0,0,2023.0,4.0,5.0,1,2,1,0,0.0,0.0,2.0,2.0,0,0,62.0,16.97056274847714,0,0,2,0.0,0.0,0
A-2023-04-33,2023-04-22,19:45,ATROPELLO,1,0,1,SAN MARTIN,RIOJA,ELIAS SOPLIN VARGAS,URBANA,CARRETERA,NACIONAL,PE-5NI,-5.972135,-77.29197,DESPEJADO,COMERCIAL,TRAMO RECTO,PLANA ,ASFALTADA,NO,,,NO,EN PROCESO DE INVESTIGACIÓN,NO CUENTA CON CAUSA ESPECIFICA,19.0,0,2023.0,4.0,5.0,1,3,1,2,0.0,0.0,0.0,0.0,0,2,47.0,2.8284271247461903,0,1,2,0.0,0.5,1
A-2023-04-175,2023-04-22,20:30,DESPISTE,1,0,1,CAJAMARCA,CAJAMARCA,CAJAMARCA,URBANA,CARRETERA,NACIONAL,PE-3N,-7.1852737819788,-78.4771390743091,DESPEJADO,COMERCIAL,TRAMO RECTO,PLANA ,ASFALTADA,NO,,,SI,IMPRUDENCIA DEL CONDUCTOR,CONDUCIR EN ESTADO DE EBRIEDAD Y/O DROGADICCIÓN,20.0,0,2023.0,4.0,5.0,1,3,1,1,0.0,0.0,0.0,0.0,0,1,23.0,0.0,1,0,1,1.0,0.0,1
A-2023-04-92,2023-04-22,21:00,ATROPELLO FUGA,1,0,0,LA LIBERTAD,VIRU,GUADALUPITO,RURAL,CARRETERA,NACIONAL,PE-1N,-8.819418437527293,-78.65648743844363,DESPEJADO,RURAL,TRAMO RECTO,PLANA ,ASFALTADA,,,,,EN PROCESO DE INVESTIGACIÓN,NO CUENTA CON CAUSA ESPECIFICA,21.0,0,2023.0,4.0,5.0,1,3,1,0,0.0,0.0,0.0,0.0,0,0,0.0,0.0,0,0,2,0.0,0.0,1
A-2023-04-184,2023-04-22,22:30,ATROPELLO,1,0,0,JUNIN,SATIPO,SATIPO,,CARRETERA,NACIONAL,PE-5S,-11.244928870846287,-74.58249600550744,,,,,,,,,,EN PROCESO DE INVESTIGACIÓN,NO CUENTA CON CAUSA ESPECIFICA,22.0,0,2023.0,4.0,5.0,1,3,1,1,0.0,1.0,1.0,2.0,0,0,35.0,4.242640687119285,0,0,2,0.0,0.0,1
A-2023-04-169,2023-04-23,01:00,DESPISTE,1,0,1,AYACUCHO,HUANTA,IGUAIN,RURAL,CARRETERA,PROVINCIAL,AY-637,-12.990998,-74.211978,DESPEJADO,RURAL,CURVA,INCLINADA,AFIRMADO,,,,,IMPRUDENCIA DEL CONDUCTOR,CONDUCIR EN ESTADO DE EBRIEDAD Y/O DROGADICCIÓN,1.0,0,2023.0,4.0,6.0,1,0,1,1,0.0,1.0,1.0,2.0,0,0,28.0,0.0,1,0,1,1.0,0.0,1
A-2023-04-46,2023-04-23,04:30,CHOQUE,1,1,2,CUSCO,CALCA,CALCA,RURAL,CARRETERA,DEPARTAMENTAL,CU-105,-13.3027636,-71.9460356,DESPEJADO,RURAL,CURVA,INCLINADA,ASFALTADA,SI,PREVENTIVA (P),,SI,IMPRUDENCIA DEL CONDUCTOR,EXCESO DE VELOCIDAD,4.0,0,2023.0,4.0,6.0,1,0,1,1,0.0,1.0,0.0,1.0,0,0,26.0,2.8284271247461903,0,1,3,0.0,0.333,1
A-2023-04-55,2023-04-23,08:30,ATROPELLO,1,0,0,HUANCAVELICA,ANGARAES,HUAYLLAY GRANDE,RURAL,CARRETERA,DEPARTAMENTAL,HV-108,-12.929605,-74.683736,,,,,,,,,,EN PROCESO DE INVESTIGACIÓN,NO CUENTA CON CAUSA ESPECIFICA,8.0,0,2023.0,4.0,6.0,1,1,1,1,0.0,1.0,1.0,2.0,0,0,19.0,16.97056274847714,0,0,2,0.0,0.0,0
A-2023-04-146,2023-04-23,12:20,ATROPELLO,1,0,0,LIMA,LIMA,SAN JUAN DE LURIGANCHO,URBANA,AVENIDA,URBANO,NO CORRESPONDE,-12.01432112,-77.00172697,DESPEJADO,COMERCIAL,TRAMO RECTO,PLANA ,ASFALTADA,,,,,IMPRUDENCIA DEL CONDUCTOR,EXCESO DE VELOCIDAD,12.0,0,2023.0,4.0,6.0,1,2,1,0,1.0,0.0,0.0,1.0,0,0,45.0,36.76955262170047,0,1,2,0.0,0.5,0
A-2023-04-138,2023-04-23,14:10,ATROPELLO,1,0,0,LIMA,LIMA,VILLA MARIA DEL TRIUNFO,URBANA,AVENIDA,URBANO,NO CORRESPONDE,-12.17091248,-76.946248,DESPEJADO,RESIDENCIAL,CURVA,PLANA ,ASFALTADA,,,,,IMPRUDENCIA DEL CONDUCTOR,OTRO (IMPRUDENCIA DEL CONDUCTOR),14.0,0,2023.0,4.0,6.0,1,2,1,0,1.0,0.0,0.0,1.0,0,0,40.0,4.242640687119285,0,1,2,0.0,0.5,0
A-2023-04-136,2023-04-24,04:30,CHOQUE,1,0,0,LIMA,LIMA,ATE,URBANA,CARRETERA,NACIONAL,PE-22,-12.008281,-76.860416,DESPEJADO,COMERCIAL,TRAMO RECTO,INCLINADA,ASFALTADA,,,,,IMPRUDENCIA DEL CONDUCTOR,OTRO (IMPRUDENCIA DEL CONDUCTOR),4.0,0,2023.0,4.0,0.0,0,0,1,0,0.0,1.0,0.0,1.0,0,0,52.0,28.284271247461902,0,1,2,0.0,0.5,1
A-2023-04-107,2023-04-24,05:00,ATROPELLO FUGA,1,0,1,PIURA,PIURA,CASTILLA,RURAL,CARRETERA,NACIONAL,PE-1NJ,-5.229633662923322,-80.63342540340778,DESPEJADO,COMERCIAL,TRAMO RECTO,PLANA ,ASFALTADA,,,,,EN PROCESO DE INVESTIGACIÓN,NO CUENTA CON CAUSA ESPECIFICA,5.0,0,2023.0,4.0,0.0,0,0,1,0,0.0,0.0,0.0,0.0,0,0,0.0,0.0,0,0,2,0.0,0.0,1
A-2023-04-36,2023-04-24,07:45,DESPISTE,1,0,1,HUANCAVELICA,HUAYTARA,HUAYTARA,RURAL,CARRETERA,NACIONAL,PE-28A,-13.572986,-75.248862,DESPEJADO,RURAL,CURVA,INCLINADA,ASFALTADA,,,,,EN PROCESO DE INVESTIGACIÓN,NO CUENTA CON CAUSA ESPECIFICA,7.0,0,2023.0,4.0,0.0,0,1,1,1,0.0,1.0,0.0,1.0,0,0,25.0,0.0,0,1,1,0.0,1.0,0
A-2023-04-137,2023-04-24,09:30,DESPISTE,1,0,0,LIMA,LIMA,SAN MARTIN DE PORRES,URBANA,AVENIDA,URBANO,NO CORRESPONDE,-12.03035888,-77.06053602,DESPEJADO,RESIDENCIAL,TRAMO RECTO,PLANA ,ASFALTADA,NO,,,SI,IMPRUDENCIA DEL CONDUCTOR,OTRO (IMPRUDENCIA DEL CONDUCTOR),9.0,0,2023.0,4.0,0.0,0,1,1,0,1.0,0.0,0.0,1.0,0,1,48.0,19.79898987322333,0,1,2,0.0,0.5,0
A-2023-04-71,2023-04-24,13:00,CHOQUE,1,11,2,AREQUIPA,AREQUIPA,SACHACA,URBANA,CARRETERA,NACIONAL,PE-34C,-16.409559,-71.5584385,DESPEJADO,RESIDENCIAL,TRAMO RECTO,PLANA ,ASFALTADA,NO,,,SI,EN PROCESO DE INVESTIGACIÓN,NO CUENTA CON CAUSA ESPECIFICA,13.0,0,2023.0,4.0,0.0,0,2,1,0,0.0,0.0,0.0,0.0,0,1,43.61538461538461,26.29809391552444,0,1,13,0.0,0.077,0
A-2023-04-135,2023-04-24,13:20,ATROPELLO,1,0,0,LIMA,LIMA,SANTA ANITA,URBANA,AVENIDA,URBANO,NO CORRESPONDE,-12.05344617,-76.96525251,DESPEJADO,COMERCIAL,TRAMO RECTO,PLANA ,ASFALTADA,SI,INFORMATIVA (I),,SI,IMPRUDENCIA DEL CONDUCTOR,OTRO (IMPRUDENCIA DEL CONDUCTOR),13.0,0,2023.0,4.0,0.0,0,2,1,0,1.0,0.0,0.0,1.0,0,0,62.5,19.091883092036785,0,1,2,0.0,0.5,0
A-2023-04-133,2023-04-24,16:30,CAÍDA DE PASAJERO,1,0,0,LIMA,LIMA,PUNTA HERMOSA,RURAL,AVENIDA,URBANO,NO CORRESPONDE,-12.30346628,-76.7806483,DESPEJADO,RURAL,TRAMO RECTO,INCLINADA,TROCHA,,,,,IMPRUDENCIA DEL CONDUCTOR,OTRO (IMPRUDENCIA DEL CONDUCTOR),16.0,0,2023.0,4.0,0.0,0,2,1,0,1.0,1.0,2.0,4.0,0,0,51.0,2.8284271247461903,0,1,2,0.0,0.5,0
A-2023-04-72,2023-04-24,17:20,CHOQUE,5,0,2,AREQUIPA,AREQUIPA,YURA,RURAL,CARRETERA,NACIONAL,PE-1N,-16.250302,-71.67779,DESPEJADO,RURAL,TRAMO RECTO,PLANA ,ASFALTADA,NO,,,SI,EN PROCESO DE INVESTIGACIÓN,NO CUENTA CON CAUSA ESPECIFICA,17.0,2,2023.0,4.0,0.0,0,2,1,0,0.0,0.0,0.0,0.0,0,1,32.166666666666664,25.166777041700563,0,2,6,0.0,0.333,0
A-2023-04-110,2023-04-24,19:50,DESPISTE,1,1,0,PIURA,HUANCABAMBA,HUANCABAMBA,RURAL,CARRETERA,PROVINCIAL,PI-840,-5.189273,-79.469869,DESPEJADO,RURAL,CURVA,INCLINADA,AFIRMADO,,,,,IMPRUDENCIA DEL CONDUCTOR,EXCESO DE VELOCIDAD,19.0,0,2023.0,4.0,0.0,0,3,1,0,0.0,1.0,1.0,2.0,0,0,30.0,14.142135623730951,0,1,2,0.0,0.5,1
A-2023-04-162,2023-04-25,05:40,CHOQUE,2,0,0,JUNIN,CONCEPCION,CONCEPCION,RURAL,CARRETERA,NACIONAL,PE-3S,-11.90861516978763,-75.32981326321523,DESPEJADO,RURAL,TRAMO RECTO,PLANA ,ASFALTADA,NO,,,SI,IMPRUDENCIA DEL CONDUCTOR,OTRO (IMPRUDENCIA DEL CONDUCTOR),5.0,1,2023.0,4.0,1.0,0,0,1,1,0.0,0.0,0.0,0.0,0,1,66.33333333333333,10.969655114602892,0,1,3,0.0,0.333,1
A-2023-04-114,2023-04-25,06:30,DESPISTE,1,3,1,ICA,CHINCHA,GROCIO PRADO,RURAL,CARRETERA,NACIONAL,PE-1S,-13.383238,-76.204166,DESPEJADO,RURAL,TRAMO RECTO,PLANA ,ASFALTADA,,,,,EN PROCESO DE INVESTIGACIÓN,NO CUENTA CON CAUSA ESPECIFICA,6.0,0,2023.0,4.0,1.0,0,1,1,0,0.0,0.0,0.0,0.0,0,0,35.2,24.29403218899654,0,1,5,0.0,0.2,0
A-2023-04-50,2023-04-25,07:00,CHOQUE,1,1,2,CUSCO,CHUMBIVILCAS,COLQUEMARCA,RURAL,CARRETERA,DEPARTAMENTAL,CU-119,-14.308751,-72.044617,DESPEJADO,RURAL,CURVA,INCLINADA,ASFALTADA,SI,PREVENTIVA (P),,SI,IMPRUDENCIA DEL CONDUCTOR,INVASIÓN DE CARRIL,7.0,0,2023.0,4.0,1.0,0,1,1,1,0.0,1.0,0.0,1.0,0,0,34.5,17.67766952966369,0,0,2,0.0,0.0,0
A-2023-04-37,2023-04-25,14:30,DESPISTE,1,0,1,ICA,PALPA,LLIPATA,RURAL,CARRETERA,NACIONAL,PE-1S,-14.55633,-75.200388,DESPEJADO,RURAL,TRAMO RECTO,PLANA ,ASFALTADA,,,,,EN PROCESO DE INVESTIGACIÓN,NO CUENTA CON CAUSA ESPECIFICA,14.0,0,2023.0,4.0,1.0,0,2,1,0,0.0,0.0,0.0,0.0,0,0,46.0,7.0710678118654755,0,1,2,0.0,0.5,0
A-2023-04-134,2023-04-25,15:20,CHOQUE,1,0,0,LIMA,LIMA,ATE,RURAL,AVENIDA,URBANO,NO CORRESPONDE,-12.02083116,-76.81139937,DESPEJADO,ESCOLAR,CURVA,INCLINADA,ASFALTADA,,,,,IMPRUDENCIA DEL CONDUCTOR,OTRO (IMPRUDENCIA DEL CONDUCTOR),15.0,0,2023.0,4.0,1.0,0,2,1,0,1.0,1.0,0.0,2.0,0,0,38.5,4.949747468305833,0,1,3,0.0,0.333,0
A-2023-04-57,2023-04-25,15:30,ATROPELLO,1,0,1,SAN MARTIN,RIOJA,AWAJUN,URBANA,CARRETERA,NACIONAL,PE-5N,-5.802748,-77.40234,DESPEJADO,COMERCIAL,TRAMO RECTO,PLANA ,ASFALTADA,,,,,IMPRUDENCIA DEL PEATÓN,OTRO (IMPRUDENCIA DEL PEATÓN),15.0,0,2023.0,4.0,1.0,0,2,1,2,0.0,0.0,0.0,0.0,0,0,52.0,19.79898987322333,0,1,2,0.0,0.5,0
A-2023-04-164,2023-04-25,18:00,CHOQUE FUGA,1,0,1,TACNA,TACNA,TACNA,RURAL,CARRETERA,NACIONAL,PE-1SD,-18.088136147462045,-70.32679608840952,DESPEJADO,RURAL,TRAMO RECTO,PLANA ,ASFALTADA,,,,,EN PROCESO DE INVESTIGACIÓN,NO CUENTA CON CAUSA ESPECIFICA,18.0,0,2023.0,4.0,1.0,0,3,1,0,0.0,0.0,0.0,0.0,0,0,44.0,0.0,0,0,2,0.0,0.0,1
A-2023-04-177,2023-04-26,16:20,CHOQUE,1,0,2,TACNA,TACNA,LA YARADA LOS PALOS,RURAL,CARRETERA,PROVINCIAL,TA-642,-18.164697,-70.437519,DESPEJADO,RURAL,TRAMO RECTO,PLANA ,ASFALTADA,,,,,IMPRUDENCIA DEL CONDUCTOR,EXCESO DE VELOCIDAD,16.0,0,2023.0,4.0,2.0,0,2,1,0,0.0,0.0,0.0,0.0,0,0,34.0,22.627416997969522,0,1,2,0.0,0.5,0
A-2023-04-106,2023-04-26,20:30,ATROPELLO,1,0,1,PIURA,PIURA,CATACAOS,URBANA,CARRETERA,NACIONAL,PE-1NK,-5.271774,-80.673656,DESPEJADO,COMERCIAL,TRAMO RECTO,PLANA ,ASFALTADA,,,,,IMPRUDENCIA DEL CONDUCTOR,EXCESO DE VELOCIDAD,20.0,0,2023.0,4.0,2.0,0,3,1,0,0.0,0.0,0.0,0.0,0,0,32.0,0.0,1,1,2,0.5,0.5,1
A-2023-04-94,2023-04-26,20:40,CHOQUE,1,0,2,LA LIBERTAD,TRUJILLO,LAREDO,RURAL,CARRETERA,PROVINCIAL,LI-733,-8.092577769753573,-78.9679405032972,DESPEJADO,RURAL,TRAMO RECTO,PLANA ,ASFALTADA,,,,,IMPRUDENCIA DEL CONDUCTOR,OTRO (IMPRUDENCIA DEL CONDUCTOR),20.0,0,2023.0,4.0,2.0,0,3,1,0,0.0,0.0,0.0,0.0,0,0,41.5,3.5355339059327378,0,1,2,0.0,0.5,1
A-2023-04-73,2023-04-27,02:40,ATROPELLO,1,0,1,AREQUIPA,AREQUIPA,YURA,URBANA,CARRETERA,NACIONAL,PE-34A,-16.2503384,-71.6777896,DESPEJADO,COMERCIAL,CURVA,PLANA ,ASFALTADA,NO,,,SI,EN PROCESO DE INVESTIGACIÓN,NO CUENTA CON CAUSA ESPECIFICA,2.0,0,2023.0,4.0,3.0,0,0,1,0,0.0,0.0,0.0,0.0,0,1,28.5,3.5355339059327378,0,0,2,0.0,0.0,1
A-2023-04-131,2023-04-27,06:23,ATROPELLO FUGA,1,0,0,LIMA,LIMA,LURIGANCHO,URBANA,AVENIDA,URBANO,NO CORRESPONDE,-12.00777096,-76.92043616,DESPEJADO,INDUSTRIAL,INTERSECCIÓN,PLANA ,ASFALTADA,,,,,EN PROCESO DE INVESTIGACIÓN,NO CUENTA CON CAUSA ESPECIFICA,6.0,0,2023.0,4.0,3.0,0,1,1,0,1.0,0.0,0.0,1.0,0,0,28.0,0.0,0,0,2,0.0,0.0,0
A-2023-04-56,2023-04-27,07:30,DESPISTE,1,0,1,HUANCAVELICA,HUANCAVELICA,PILCHACA,RURAL,CARRETERA,PROVINCIAL,HV-930,-12.398508,-75.099057,SOLEADO,RURAL,SINUOSA,PLANA ,TROCHA,,,,,EN PROCESO DE INVESTIGACIÓN,NO CUENTA CON CAUSA ESPECIFICA,7.0,0,2023.0,4.0,3.0,0,1,1,1,0.0,0.0,2.0,2.0,0,0,55.0,0.0,0,1,1,0.0,1.0,0
A-2023-04-132,2023-04-27,10:31,ATROPELLO FUGA,1,0,0,LIMA,LIMA,LA MOLINA,URBANA,CARRETERA,NACIONAL,PE-1S,-12.075539,-76.974923,DESPEJADO,RESIDENCIAL,TRAMO RECTO,PLANA ,ASFALTADA,SI,REGULADORA (R),,SI,EN PROCESO DE INVESTIGACIÓN,NO CUENTA CON CAUSA ESPECIFICA,10.0,0,2023.0,4.0,3.0,0,1,1,0,0.0,0.0,0.0,0.0,0,0,0.0,0.0,0,0,2,0.0,0.0,0
A-2023-04-53,2023-04-27,18:10,DESPISTE,1,0,1,CUSCO,PARURO,ACCHA,RURAL,CARRETERA,DEPARTAMENTAL,CU-117,-13.971529,-71.82597,DESPEJADO,RURAL,TRAMO RECTO,PLANA ,AFIRMADO,,,,,IMPRUDENCIA DEL CONDUCTOR,CONDUCIR EN ESTADO DE EBRIEDAD Y/O DROGADICCIÓN,18.0,0,2023.0,4.0,3.0,0,3,1,1,0.0,0.0,1.0,1.0,0,0,59.0,2.8284271247461903,0,0,2,0.0,0.0,1
A-2023-04-129,2023-04-27,18:50,ATROPELLO,1,0,0,LIMA,LIMA,SAN JUAN DE LURIGANCHO,URBANA,AVENIDA,URBANO,NO CORRESPONDE,-12.00268844,-76.99903106,DESPEJADO,COMERCIAL,INTERSECCIÓN,PLANA ,ASFALTADA,,,,,IMPRUDENCIA DEL CONDUCTOR,OTRO (IMPRUDENCIA DEL CONDUCTOR),18.0,0,2023.0,4.0,3.0,0,3,1,0,1.0,0.0,0.0,1.0,0,0,57.0,28.284271247461902,0,1,2,0.0,0.5,1
A-2023-04-121,2023-04-28,09:10,ATROPELLO,1,0,0,LIMA,LIMA,BARRANCO,URBANA,AVENIDA,URBANO,NO CORRESPONDE,-12.15348967,-77.01962601,DESPEJADO,ESCOLAR,INTERSECCIÓN,INCLINADA,ASFALTADA,SI,PREVENTIVA (P),REGULADORA (R),SI,IMPRUDENCIA DEL CONDUCTOR,OTRO (IMPRUDENCIA DEL CONDUCTOR),9.0,0,2023.0,4.0,4.0,0,1,1,0,1.0,1.0,0.0,2.0,0,0,46.0,28.284271247461902,0,1,2,0.0,0.5,0
A-2023-04-178,2023-04-28,15:20,DESPISTE,1,0,1,TACNA,TACNA,POCOLLAY,URBANA,AVENIDA,URBANO,NO CORRESPONDE,-17.986380590221206,-70.22298926342252,DESPEJADO,RESIDENCIAL,CURVA,PLANA ,ASFALTADA,,,,,IMPRUDENCIA DEL CONDUCTOR,CONDUCIR EN ESTADO DE EBRIEDAD Y/O DROGADICCIÓN,15.0,0,2023.0,4.0,4.0,0,2,1,0,1.0,0.0,0.0,1.0,0,0,62.0,0.0,0,1,1,0.0,1.0,0
A-2023-04-163,2023-04-28,17:20,CHOQUE,1,0,0,JUNIN,HUANCAYO,HUANCAN,URBANA,CARRETERA,NACIONAL,PE-3S,-12.116567,-75.216672,DESPEJADO,RURAL,CURVA,PLANA ,ASFALTADA,SI,REGULADORA (R),,SI,IMPRUDENCIA DEL CONDUCTOR,OTRO (IMPRUDENCIA DEL CONDUCTOR),17.0,0,2023.0,4.0,4.0,0,2,1,1,0.0,0.0,0.0,0.0,0,0,38.5,0.7071067811865476,0,1,2,0.0,0.5,0
A-2023-04-102,2023-04-28,23:40,CHOQUE,1,0,2,PASCO,PASCO,YANACANCHA,RURAL,CARRETERA,NACIONAL,PE-3N,-10.626955020268475,-76.17705339745523,DESPEJADO,RURAL,CURVA,INCLINADA,ASFALTADA,,,,,IMPRUDENCIA DEL CONDUCTOR,INVASIÓN DE CARRIL,23.0,0,2023.0,4.0,4.0,0,3,1,1,0.0,1.0,0.0,1.0,0,0,54.0,23.259406699226016,0,2,3,0.0,0.667,1
A-2023-04-176,2023-04-29,00:35,DESPISTE,1,0,1,CAJAMARCA,CHOTA,CHOTA,RURAL,CARRETERA,NACIONAL,PE-3N,-6.543833,-78.681006,DESPEJADO,INDUSTRIAL,CURVA,PLANA ,ASFALTADA,NO,,,SI,IMPRUDENCIA DEL CONDUCTOR,CONDUCIR EN ESTADO DE EBRIEDAD Y/O DROGADICCIÓN,0.0,0,2023.0,4.0,5.0,1,0,1,1,0.0,0.0,0.0,0.0,0,1,58.0,0.0,1,0,1,1.0,0.0,1