CODIGO_SINIESTRO,FECHA_SINIESTRO,HORA_SINIESTRO,CLASE_SINIESTRO,CANTIDAD_FALLECIDOS,CANTIDAD_LESIONADOS,CANTIDAD_VEHICULOS,DEPARTAMENTO,PROVINCIA,DISTRITO,ZONA,TIPO_VIA,RED_VIAL,COD_CARRETERA,LATITUD,LONGITUD,CONDICION_CLIMATICA,ZONIFICACION,CARACTERISTICAS_VIA,PERFIL_VIA,SUPERFICIE_CALZADA,EXISTE_SENIAL_VERTICAL,CLASIFICACION_SENIAL_VERTICAL_1,CLASIFICACION_SENIAL_VERTICAL_2,EXISTE_SENIAL_HORIZONTAL,CAUSA_FACTOR_PRINCIPAL,CAUSA_ESPECIFICA,HORA,severidad,ANIO,MES,DIA_SEMANA,FIN_SEMANA,FRANJA_HORARIA,TEMPORADA,MACROREGION,TIPO_VIA_SCORE,PERFIL_VIA_SCORE,SUPERFICIE_CALZADA_SCORE,RIESGO_INFRAESTRUCTURA,RIESGO_CLIMATICO,SENIALIZACION_DEFICIENTE,EDAD_PROMEDIO,EDAD_STD,TOTAL_ALCOHOL,TOTAL_LICENCIA,TOTAL_PERSONAS,PCT_ALCOHOL,PCT_LICENCIA,ES_NOCHE
A-2023-04-54,2023-04-29,04:00,CHOQUE,1,0,2,CUSCO,CUSCO,CUSCO,RURAL,CARRETERA,NACIONAL,PE-3S,-13.503908,-72.019702,DESPEJADO,RURAL,TRAMO RECTO,INCLINADA,ASFALTADA,SI,REGULADORA (R),REGULADORA (R),SI,IMPRUDENCIA DEL CONDUCTOR,EXCESO DE VELOCIDAD,4.0,0,2023.0,4.0,5.0,1,0,1,1,0.0,1.0,0.0,1.0,0,0,34.0,15.556349186104045,0,2,2,0.0,1.0,1
A-2023-04-58,2023-04-29,04:10,CHOQUE,1,0,2,SAN MARTIN,RIOJA,NUEVA CAJAMARCA,RURAL,CARRETERA,NACIONAL,PE-5N,-5.959961,-77.298212,DESPEJADO,RURAL,TRAMO RECTO,PLANA ,ASFALTADA,SI,REGULADORA (R),REGULADORA (R),NO,IMPRUDENCIA DEL CONDUCTOR,OTRO (IMPRUDENCIA DEL CONDUCTOR),4.0,0,2023.0,4.0,5.0,1,0,1,2,0.0,0.0,0.0,0.0,0,1,30.0,8.48528137423857,0,1,2,0.0,0.5,1
A-2023-04-95,2023-04-29,07:00,CHOQUE,1,0,3,LA LIBERTAD,TRUJILLO,TRUJILLO,RURAL,CARRETERA,NACIONAL,PE-10A,-8.1302045,-79.0136583,DESPEJADO,RURAL,TRAMO RECTO,PLANA ,ASFALTADA,,,,,IMPRUDENCIA DEL CONDUCTOR,DESACATO DE SEÑAL DE TRÁNSITO,7.0,0,2023.0,4.0,5.0,1,1,1,0,0.0,0.0,0.0,0.0,0,0,43.0,9.539392014169456,0,2,3,0.0,0.667,0
A-2023-04-61,2023-04-29,08:45,DESPISTE,4,0,1,HUANCAVELICA,CASTROVIRREYNA,ARMA,RURAL,CARRETERA,NACIONAL,PE-26,-13.134932,-75.54407,DESPEJADO,RURAL,CURVA,PLANA ,ASFALTADA,,,,,EN PROCESO DE INVESTIGACIÓN,NO CUENTA CON CAUSA ESPECIFICA,8.0,2,2023.0,4.0,5.0,1,1,1,1,0.0,0.0,0.0,0.0,0,0,38.25,19.90602923739438,0,1,4,0.0,0.25,0
A-2023-04-97,2023-04-29,10:00,ATROPELLO,1,0,1,LA LIBERTAD,TRUJILLO,TRUJILLO,URBANA,AVENIDA,URBANO,NO CORRESPONDE,-8.111718077,-79.01885088,DESPEJADO,COMERCIAL,INTERSECCIÓN,PLANA ,ASFALTADA,,,,,IMPRUDENCIA DEL CONDUCTOR,OTRO (IMPRUDENCIA DEL CONDUCTOR),10.0,0,2023.0,4.0,5.0,1,1,1,0,1.0,0.0,0.0,1.0,0,0,57.5,21.920310216782973,0,1,2,0.0,0.5,0
A-2023-04-100,2023-04-29,11:00,DESPISTE,1,0,0,APURIMAC,ABANCAY,CURAHUASI,RURAL,CARRETERA,SIN CLASIFICAR,SIN CLASIFICAR,-13.7456475526886,-72.50447043933058,,,,,,,,,,EN PROCESO DE INVESTIGACIÓN,NO CUENTA CON CAUSA ESPECIFICA,11.0,0,2023.0,4.0,5.0,1,1,1,1,0.0,1.0,1.0,2.0,0,0,44.0,0.0,0,0,1,0.0,0.0,0
A-2023-04-128,2023-04-29,13:00,VOLCADURA,1,0,0,LIMA,LIMA,VILLA EL SALVADOR,RURAL,CARRETERA,NACIONAL,PE-1S,-12.242372,-76.944312,DESPEJADO,RURAL,TRAMO RECTO,PLANA ,ASFALTADA,,,,,EN PROCESO DE INVESTIGACIÓN,NO CUENTA CON CAUSA ESPECIFICA,13.0,0,2023.0,4.0,5.0,1,2,1,0,0.0,0.0,0.0,0.0,0,0,59.0,8.48528137423857,0,1,2,0.0,0.5,0
A-2023-04-127,2023-04-29,13:45,CHOQUE,2,0,0,LIMA,LIMA,CARABAYLLO,URBANA,AVENIDA,URBANO,NO CORRESPONDE,-11.87353797,-77.01561197,DESPEJADO,COMERCIAL,INTERSECCIÓN,INCLINADA,ASFALTADA,SI,PREVENTIVA (P),,NO,EN PROCESO DE INVESTIGACIÓN,NO CUENTA CON CAUSA ESPECIFICA,13.0,1,2023.0,4.0,5.0,1,2,1,0,1.0,1.0,0.0,2.0,0,1,50.5,13.228756555322953,0,2,4,0.0,0.5,0
A-2023-04-122,2023-04-29,16:15,DESPISTE,1,0,0,LIMA,LIMA,MIRAFLORES,URBANA,AVENIDA,URBANO,NO CORRESPONDE,-12.10873273,-77.02668939,DESPEJADO,RESIDENCIAL,INTERSECCIÓN,PLANA ,ASFALTADA,SI,REGULADORA (R),,SI,EN PROCESO DE INVESTIGACIÓN,NO CUENTA CON CAUSA ESPECIFICA,16.0,0,2023.0,4.0,5.0,1,2,1,0,1.0,0.0,0.0,1.0,0,0,28.5,6.363961030678928,0,0,2,0.0,0.0,0
A-2023-04-96,2023-04-29,17:00,DESPISTE,1,0,1,LA LIBERTAD,PACASMAYO,SAN PEDRO DE LLOC,RURAL,CARRETERA,NACIONAL,PE-1N,-7.478889,-79.420416,DESPEJADO,RURAL,TRAMO RECTO,PLANA ,ASFALTADA,,,,,IMPRUDENCIA DEL CONDUCTOR,CONDUCIR EN ESTADO DE EBRIEDAD Y/O DROGADICCIÓN,17.0,0,2023.0,4.0,5.0,1,2,1,0,0.0,0.0,0.0,0.0,0,0,50.0,0.0,0,1,1,0.0,1.0,0
A-2023-04-68,2023-04-29,17:30,ATROPELLO FUGA,1,0,0,CUSCO,ANTA,LIMATAMBO,RURAL,CARRETERA,PROVINCIAL,CU-1232,-13.473426,-72.398721,DESPEJADO,RURAL,TRAMO RECTO,PLANA ,AFIRMADO,,,,,EN PROCESO DE INVESTIGACIÓN,NO CUENTA CON CAUSA ESPECIFICA,17.0,0,2023.0,4.0,5.0,1,2,1,1,0.0,0.0,1.0,1.0,0,0,84.0,0.0,0,0,2,0.0,0.0,0
A-2023-04-101,2023-04-29,21:30,CHOQUE,1,0,1,PUNO,SAN ROMAN,CARACOTO,RURAL,CARRETERA,DEPARTAMENTAL,PU-120,-15.5554948,-70.0197021,DESPEJADO,RURAL,TRAMO RECTO,PLANA ,ASFALTADA,,,,,INFRAESTRUCTURA Y ENTORNO VIAL,SUPERFICIE DETERIORADA,21.0,0,2023.0,4.0,5.0,1,3,1,1,0.0,0.0,0.0,0.0,0,0,44.0,10.44030650891055,2,0,3,0.667,0.0,1
A-2023-04-126,2023-04-30,05:00,ATROPELLO,1,0,0,LIMA,LIMA,CARABAYLLO,URBANA,AVENIDA,URBANO,NO CORRESPONDE,-11.89864717,-77.03846028,DESPEJADO,COMERCIAL,TRAMO RECTO,PLANA ,ASFALTADA,,,,,EN PROCESO DE INVESTIGACIÓN,NO CUENTA CON CAUSA ESPECIFICA,5.0,0,2023.0,4.0,6.0,1,0,1,0,1.0,0.0,0.0,1.0,0,0,39.0,0.0,0,1,2,0.0,0.5,1
A-2023-04-74,2023-04-30,09:00,DESPISTE,1,0,1,AREQUIPA,ISLAY,COCACHACRA,RURAL,CARRETERA,NACIONAL,PE-1S,-16.980637,-71.774132,DESPEJADO,RURAL,CURVA,INCLINADA,ASFALTADA,NO,,,SI,EN PROCESO DE INVESTIGACIÓN,NO CUENTA CON CAUSA ESPECIFICA,9.0,0,2023.0,4.0,6.0,1,1,1,0,0.0,1.0,0.0,1.0,0,1,47.0,0.0,0,1,1,0.0,1.0,0
A-2023-04-125,2023-04-30,11:30,CHOQUE,1,9,0,LIMA,LIMA,VILLA EL SALVADOR,URBANA,AVENIDA,URBANO,NO CORRESPONDE,-12.22638233,-76.9354564,DESPEJADO,RESIDENCIAL,INTERSECCIÓN,PLANA ,ASFALTADA,,,,,IMPRUDENCIA DEL CONDUCTOR,EXCESO DE VELOCIDAD,11.0,0,2023.0,4.0,6.0,1,1,1,0,1.0,0.0,0.0,1.0,0,0,47.25,15.42209159261185,0,1,12,0.0,0.083,0
A-2023-04-123,2023-04-30,15:30,DESPISTE,2,1,0,LIMA,LIMA,EL AGUSTINO,URBANA,CARRETERA,NACIONAL,PE-22,-12.030709,-76.983637,DESPEJADO,INDUSTRIAL,TRAMO RECTO,PLANA ,ASFALTADA,,,,,NEGLIGENCIA DEL CONDUCTOR,OTRO (NEGLIGENCIA DEL CONDUCTOR),15.0,1,2023.0,4.0,6.0,1,2,1,0,0.0,0.0,0.0,0.0,0,0,61.5,20.566963801203133,0,1,4,0.0,0.25,0
A-2023-04-168,2023-04-30,21:10,ATROPELLO,1,0,1,AYACUCHO,HUAMANGA,QUINUA,URBANA,CARRETERA,NACIONAL,PE-28B,-13.0392014856918,-74.1338174603751,DESPEJADO,RESIDENCIAL,TRAMO RECTO,INCLINADA,ASFALTADA,SI,PREVENTIVA (P),REGULADORA (R),NO,IMPRUDENCIA DEL PEATÓN,ESTADO DE EBRIEDAD Y/O DROGADICCIÓN,21.0,0,2023.0,4.0,6.0,1,3,1,1,0.0,1.0,0.0,1.0,0,1,27.5,6.363961030678928,1,0,2,0.5,0.0,1
A-2023-05-159,2023-05-01,01:02,CHOQUE CON OBJETO FIJO,1,0,1,CAJAMARCA,JAEN,JAEN,URBANA,AVENIDA,URBANO,NO CORRESPONDE,-5.702527,-78.80209,DESPEJADO,INDUSTRIAL,INTERSECCIÓN,INCLINADA,CONCRETO,,,,,IMPRUDENCIA DEL CONDUCTOR,EXCESO DE VELOCIDAD,1.0,0,2023.0,5.0,0.0,0,0,1,1,1.0,1.0,0.0,2.0,0,0,23.0,0.0,0,0,1,0.0,0.0,1
A-2023-05-55,2023-05-01,02:00,DESPISTE,1,0,1,LA LIBERTAD,OTUZCO,SALPO,RURAL,CARRETERA,NACIONAL,PE-10A,-7.979006,-78.648122,DESPEJADO,RURAL,TRAMO RECTO,PLANA ,ASFALTADA,,,,,IMPRUDENCIA DEL CONDUCTOR,GIRAR IMPRUDENTEMENTE,2.0,0,2023.0,5.0,0.0,0,0,1,0,0.0,0.0,0.0,0.0,0,0,54.5,4.949747468305833,0,1,2,0.0,0.5,1
A-2023-05-2,2023-05-01,10:30,ATROPELLO,1,0,0,ICA,NASCA,NASCA,URBANA,CARRETERA,NACIONAL,PE-30A,-14.8354178,-74.9246159,SOLEADO,COMERCIAL,TRAMO RECTO,PLANA ,ASFALTADA,SI,PREVENTIVA (P),PREVENTIVA (P),NO,IMPRUDENCIA DEL PEATÓN,CRUCE INDEBIDO POR LA CALZADA,10.0,0,2023.0,5.0,0.0,0,1,1,0,0.0,0.0,0.0,0.0,0,1,52.0,43.840620433565945,0,0,2,0.0,0.0,0
A-2023-05-157,2023-05-01,16:31,ESPECIAL,1,0,1,CAJAMARCA,CAJAMARCA,CAJAMARCA,URBANA,PASAJE,URBANO,NO CORRESPONDE,-7.1697739,-78.4930005,DESPEJADO,COMERCIAL,TRAMO RECTO,PLANA ,AFIRMADO,,,,,EN PROCESO DE INVESTIGACIÓN,NO CUENTA CON CAUSA ESPECIFICA,16.0,0,2023.0,5.0,0.0,0,2,1,1,1.0,0.0,1.0,2.0,0,0,16.0,0.0,0,0,1,0.0,0.0,0
A-2023-05-160,2023-05-01,17:30,CHOQUE,1,3,3,CAJAMARCA,SAN IGNACIO,SAN IGNACIO,RURAL,CARRETERA,NACIONAL,PE-5N,-5.11516,-78.970649,DESPEJADO,INDUSTRIAL,CURVA,INCLINADA,ASFALTADA,SI,PREVENTIVA (P),,SI,IMPRUDENCIA DEL CONDUCTOR,EXCESO DE VELOCIDAD,17.0,0,2023.0,5.0,0.0,0,2,1,1,0.0,1.0,0.0,1.0,0,0,32.4,10.9453186340097,1,2,5,0.2,0.4,0
A-2023-05-34,2023-05-01,17:40,CHOQUE,1,0,2,CUSCO,CANCHIS,SICUANI,RURAL,CARRETERA,NACIONAL,PE-3S,-14.221547,-71.28787,DESPEJADO,RURAL,TRAMO RECTO,PLANA ,ASFALTADA,NO,,,SI,IMPRUDENCIA DEL CONDUCTOR,OTRO (IMPRUDENCIA DEL CONDUCTOR),17.0,0,2023.0,5.0,0.0,0,2,1,1,0.0,0.0,0.0,0.0,0,1,39.5,0.7071067811865476,0,2,2,0.0,1.0,0
A-2023-05-1,2023-05-01,18:40,CHOQUE FUGA,1,0,0,PUNO,PUNO,CAPACHICA,RURAL,CARRETERA,DEPARTAMENTAL,PU-119,-15.61817955266702,-69.8369281869057,DESPEJADO,RURAL,TRAMO RECTO,PLANA ,ASFALTADA,,,,,EN PROCESO DE INVESTIGACIÓN,NO CUENTA CON CAUSA ESPECIFICA,18.0,0,2023.0,5.0,0.0,0,3,1,1,0.0,0.0,0.0,0.0,0,0,60.0,0.0,0,0,2,0.0,0.0,1
A-2023-05-52,2023-05-01,19:30,ATROPELLO,1,0,1,LA LIBERTAD,ASCOPE,CHICAMA,URBANA,CARRETERA,NACIONAL,PE-1N,-7.948986,-79.09301,DESPEJADO,COMERCIAL,TRAMO RECTO,PLANA ,ASFALTADA,,,,,EN PROCESO DE INVESTIGACIÓN,NO CUENTA CON CAUSA ESPECIFICA,19.0,0,2023.0,5.0,0.0,0,3,1,0,0.0,0.0,0.0,0.0,0,0,55.0,19.79898987322333,0,1,2,0.0,0.5,1
A-2023-05-53,2023-05-01,22:00,CHOQUE,1,0,2,LA LIBERTAD,VIRU,GUADALUPITO,RURAL,CARRETERA,NACIONAL,PE-1N,-8.9103176,-78.639243,DESPEJADO,RURAL,TRAMO RECTO,PLANA ,ASFALTADA,,,,,IMPRUDENCIA DEL PEATÓN,CRUCE INDEBIDO POR LA CALZADA,22.0,0,2023.0,5.0,0.0,0,3,1,0,0.0,0.0,0.0,0.0,0,0,38.0,35.35533905932738,0,1,2,0.0,0.5,1
A-2023-05-106,2023-05-01,23:30,CHOQUE,1,12,3,ICA,CHINCHA,GROCIO PRADO,RURAL,CARRETERA,NACIONAL,PE-1S,-13.336721,-76.233743,DESPEJADO,RURAL,TRAMO RECTO,PLANA ,ASFALTADA,,,,,EN PROCESO DE INVESTIGACIÓN,NO CUENTA CON CAUSA ESPECIFICA,23.0,0,2023.0,5.0,0.0,0,3,1,0,0.0,0.0,0.0,0.0,0,0,35.4,16.02587193972832,0,2,15,0.0,0.133,1
A-2023-05-146,2023-05-01,23:45,DESPISTE,1,1,0,UCAYALI,CORONEL PORTILLO,MANANTAY,URBANA,AVENIDA,URBANO,NO CORRESPONDE,-8.398294,-74.559825,DESPEJADO,COMERCIAL,CURVA,PLANA ,CONCRETO,SI,PREVENTIVA (P),,NO,IMPRUDENCIA DEL CONDUCTOR,CONDUCIR EN ESTADO DE EBRIEDAD Y/O DROGADICCIÓN,23.0,0,2023.0,5.0,0.0,0,3,1,2,1.0,0.0,0.0,1.0,0,1,30.0,15.556349186104045,0,0,2,0.0,0.0,1
A-2023-05-156,2023-05-02,01:30,VOLCADURA,1,0,1,CAJAMARCA,CAJAMARCA,NAMORA,RURAL,CARRETERA,PROVINCIAL,CA-1504,-7.158879,-78.210876,DESPEJADO,INDUSTRIAL,CURVA,INCLINADA,AFIRMADO,,,,,IMPRUDENCIA DEL CONDUCTOR,CONDUCIR EN ESTADO DE EBRIEDAD Y/O DROGADICCIÓN,1.0,0,2023.0,5.0,1.0,0,0,1,1,0.0,1.0,1.0,2.0,0,0,20.0,0.0,1,0,1,1.0,0.0,1
A-2023-05-54,2023-05-02,04:30,DESPISTE,1,0,1,LA LIBERTAD,VIRU,CHAO,RURAL,CARRETERA,PROVINCIAL,LI-1193,-8.491730815418856,-78.61675642497075,DESPEJADO,RURAL,TRAMO RECTO,PLANA ,ASFALTADA,,,,,EN PROCESO DE INVESTIGACIÓN,NO CUENTA CON CAUSA ESPECIFICA,4.0,0,2023.0,5.0,1.0,0,0,1,0,0.0,0.0,0.0,0.0,0,0,33.0,0.0,0,0,1,0.0,0.0,1
A-2023-05-56,2023-05-02,12:00,CHOQUE,1,0,2,LA LIBERTAD,VIRU,CHAO,RURAL,CARRETERA,NACIONAL,PE-1N,-8.588582,-78.668333,DESPEJADO,RURAL,TRAMO RECTO,PLANA ,ASFALTADA,,,,,IMPRUDENCIA DEL CONDUCTOR,FATIGA Y/O CANSANCIO,12.0,0,2023.0,5.0,1.0,0,2,1,0,0.0,0.0,0.0,0.0,0,0,52.333333333333336,17.616280348965084,0,2,3,0.0,0.667,0
A-2023-05-57,2023-05-02,13:50,DESPISTE,2,0,1,LA LIBERTAD,CHEPEN,CHEPEN,RURAL,CARRETERA,NACIONAL,PE-08,-7.279487574361421,-79.30900776967442,DESPEJADO,RURAL,TRAMO RECTO,PLANA ,AFIRMADO,,,,,IMPRUDENCIA DEL CONDUCTOR,OTRO (IMPRUDENCIA DEL CONDUCTOR),13.0,1,2023.0,5.0,1.0,0,2,1,0,0.0,0.0,1.0,1.0,0,0,62.0,2.0,0,0,3,0.0,0.0,0
A-2023-05-103,2023-05-02,18:30,CHOQUE,2,0,0,LORETO,MAYNAS,SAN JUAN BAUTISTA,RURAL,CARRETERA,DEPARTAMENTAL,LO-103,-3.90298775,-73.35507524,,,,,,,,,,EN PROCESO DE INVESTIGACIÓN,NO CUENTA CON CAUSA ESPECIFICA,18.0,1,2023.0,5.0,1.0,0,3,1,2,0.0,1.0,1.0,2.0,0,0,53.666666666666664,12.583057392117917,0,0,3,0.0,0.0,1
A-2023-05-58,2023-05-02,18:30,ATROPELLO,1,0,1,LA LIBERTAD,PATAZ,PATAZ,RURAL,CARRETERA,DEPARTAMENTAL,LI-125,-7.761406,-77.603918,DESPEJADO,RURAL,TRAMO RECTO,PLANA ,AFIRMADO,,,,,EN PROCESO DE INVESTIGACIÓN,NO CUENTA CON CAUSA ESPECIFICA,18.0,0,2023.0,5.0,1.0,0,3,1,0,0.0,0.0,1.0,1.0,0,0,13.5,13.435028842544403,0,0,2,0.0,0.0,1
A-2023-05-142,2023-05-02,22:00,CHOQUE FUGA,1,0,0,JUNIN,HUANCAYO,SAPALLANGA,URBANA,CARRETERA,NACIONAL,PE-3SC,-12.147979,-75.159387,DESPEJADO,RURAL,TRAMO RECTO,PLANA ,ASFALTADA,NO,,,SI,IMPRUDENCIA DEL CONDUCTOR,GIRAR IMPRUDENTEMENTE,22.0,0,2023.0,5.0,1.0,0,3,1,1,0.0,0.0,0.0,0.0,0,1,27.5,3.5355339059327378,0,2,2,0.0,1.0,1
A-2023-05-85,2023-05-02,23:30,DESPISTE,1,0,1,PUNO,SAN ROMAN,CABANA,RURAL,CARRETERA,DEPARTAMENTAL,PU-121,-15.65839046227664,-70.2865683507968,DESPEJADO,RURAL,CURVA,PLANA ,ASFALTADA,,,,,IMPRUDENCIA DEL CONDUCTOR,OTRO (IMPRUDENCIA DEL CONDUCTOR),23.0,0,2023.0,5.0,1.0,0,3,1,1,0.0,0.0,0.0,0.0,0,0,39.0,0.0,1,1,2,0.5,0.5,1
A-2023-05-86,2023-05-03,03:00,DESPISTE,1,0,1,PUNO,CARABAYA,OLLACHEA,RURAL,CARRETERA,NACIONAL,PE-34B,-13.8697922,-70.5121516,DESPEJADO,RURAL,CURVA,INCLINADA,ASFALTADA,,,,,IMPRUDENCIA DEL CONDUCTOR,FATIGA Y/O CANSANCIO,3.0,0,2023.0,5.0,2.0,0,0,1,1,0.0,1.0,0.0,1.0,0,0,31.0,0.0,0,0,1,0.0,0.0,1
A-2023-05-140,2023-05-03,10:30,ATROPELLO,1,0,0,LIMA,LIMA,SAN JUAN DE LURIGANCHO,URBANA,JIRÓN,URBANO,NO CORRESPONDE,-11.96311927,-76.98319507,DESPEJADO,RESIDENCIAL,INTERSECCIÓN,PLANA ,ASFALTADA,,,,,IMPRUDENCIA DEL CONDUCTOR,OTRO (IMPRUDENCIA DEL CONDUCTOR),10.0,0,2023.0,5.0,2.0,0,1,1,0,1.0,0.0,0.0,1.0,0,0,33.0,11.313708498984761,0,1,2,0.0,0.5,0
A-2023-05-145,2023-05-03,18:00,ATROPELLO,1,0,0,JUNIN,JAUJA,YAULI,URBANA,CARRETERA,DEPARTAMENTAL,JU-103,-11.7133259935062,-75.4743156211476,DESPEJADO,RURAL,TRAMO RECTO,PLANA ,CONCRETO,NO,,,SI,IMPRUDENCIA DEL PEATÓN,CRUCE INDEBIDO POR LA CALZADA,18.0,0,2023.0,5.0,2.0,0,3,1,1,0.0,0.0,0.0,0.0,0,1,36.5,43.1335136523794,0,0,2,0.0,0.0,1
A-2023-05-11,2023-05-03,20:35,DESPISTE,1,0,1,TUMBES,ZARUMILLA,ZARUMILLA,RURAL,CARRETERA,NACIONAL,PE-1NO,-3.507851516222535,-80.2973716666135,DESPEJADO,RURAL,ÓVALO,PLANA ,ASFALTADA,,,,,IMPRUDENCIA DEL CONDUCTOR,OTRO (IMPRUDENCIA DEL CONDUCTOR),20.0,0,2023.0,5.0,2.0,0,3,1,0,0.0,0.0,0.0,0.0,0,0,37.5,14.849242404917497,0,1,2,0.0,0.5,1
A-2023-05-75,2023-05-03,22:45,CHOQUE,1,0,2,ANCASH,RECUAY,LLACLLIN,RURAL,CARRETERA,NACIONAL,PE-16,-10.197042,-77.5546551,DESPEJADO,RURAL,SINUOSA,INCLINADA,ASFALTADA,SI,PREVENTIVA (P),,SI,EN PROCESO DE INVESTIGACIÓN,NO CUENTA CON CAUSA ESPECIFICA,22.0,0,2023.0,5.0,2.0,0,3,1,0,0.0,1.0,0.0,1.0,0,0,29.0,8.48528137423857,0,1,2,0.0,0.5,1
A-2023-05-3,2023-05-04,05:30,CHOQUE,1,2,0,ICA,NASCA,MARCONA,URBANA,CARRETERA,NACIONAL,PE-1S,-15.100606,-75.0012526,DESPEJADO,RURAL,TRAMO RECTO,PLANA ,ASFALTADA,,,,,EN PROCESO DE INVESTIGACIÓN,NO CUENTA CON CAUSA ESPECIFICA,5.0,0,2023.0,5.0,3.0,0,0,1,0,0.0,0.0,0.0,0.0,0,0,56.0,12.832251036613439,0,2,4,0.0,0.5,1
A-2023-05-39,2023-05-04,12:40,CHOQUE,1,1,2,CUSCO,CANCHIS,MARANGANI,RURAL,CARRETERA,PROVINCIAL,CU-1705,-14.351086,-71.184349,DESPEJADO,RURAL,CURVA,PLANA ,AFIRMADO,,,,,IMPRUDENCIA DEL CONDUCTOR,EXCESO DE VELOCIDAD,12.0,0,2023.0,5.0,3.0,0,2,1,1,0.0,0.0,1.0,1.0,0,0,30.0,19.79898987322333,0,0,2,0.0,0.0,0
A-2023-05-4,2023-05-04,17:30,CHOQUE,1,0,2,ICA,ICA,SANTIAGO,URBANA,CARRETERA,NACIONAL,PE-1S,-14.28342,-75.68165,DESPEJADO,RURAL,TRAMO RECTO,PLANA ,ASFALTADA,,,,,IMPRUDENCIA DEL CONDUCTOR,INVASIÓN DE CARRIL,17.0,0,2023.0,5.0,3.0,0,2,1,0,0.0,0.0,0.0,0.0,0,0,46.0,11.313708498984761,0,1,2,0.0,0.5,0
A-2023-05-8,2023-05-04,20:30,CHOQUE,1,0,2,AREQUIPA,AREQUIPA,POCSI,RURAL,CARRETERA,DEPARTAMENTAL,AR-118,-16.521842,-71.422756,DESPEJADO,RURAL,CURVA,INCLINADA,ASFALTADA,NO,,,SI,EN PROCESO DE INVESTIGACIÓN,NO CUENTA CON CAUSA ESPECIFICA,20.0,0,2023.0,5.0,3.0,0,3,1,0,0.0,1.0,0.0,1.0,0,1,44.5,10.606601717798213,1,2,2,0.5,1.0,1
A-2023-05-153,2023-05-05,05:00,DESPISTE,2,2,1,AYACUCHO,HUAMANGA,VINCHOS,RURAL,CARRETERA,PROVINCIAL,AY-816,-13.2708478494833,-74.3480863985412,DESPEJADO,RURAL,CURVA,INCLINADA,AFIRMADO,,,,,IMPRUDENCIA DEL CONDUCTOR,CONDUCIR EN ESTADO DE EBRIEDAD Y/O DROGADICCIÓN,5.0,1,2023.0,5.0,4.0,0,0,1,1,0.0,1.0,1.0,2.0,0,0,35.75,26.247222075234298,1,0,4,0.25,0.0,1
A-2023-05-43,2023-05-05,07:24,ATROPELLO,1,0,1,CUSCO,CUSCO,SAN JERONIMO,URBANA,AVENIDA,URBANO,NO CORRESPONDE,-13.545461,-71.892738,DESPEJADO,RESIDENCIAL,TRAMO RECTO,PLANA ,ASFALTADA,NO,,,SI,IMPRUDENCIA DEL PEATÓN,ESTADO DE EBRIEDAD Y/O DROGADICCIÓN,7.0,0,2023.0,5.0,4.0,0,1,1,1,1.0,0.0,0.0,1.0,0,1,47.0,16.97056274847714,0,1,2,0.0,0.5,0
A-2023-05-46,2023-05-05,10:00,DESPISTE,1,0,1,CUSCO,CANAS,LAYO,RURAL,CARRETERA,NACIONAL,PE-3S,-14.460058,-71.066607,DESPEJADO,RURAL,TRAMO RECTO,PLANA ,ASFALTADA,,,,,IMPRUDENCIA DEL CONDUCTOR,FATIGA Y/O CANSANCIO,10.0,0,2023.0,5.0,4.0,0,1,1,1,0.0,0.0,0.0,0.0,0,0,41.5,28.991378028648448,0,1,2,0.0,0.5,0
A-2023-05-5,2023-05-05,16:08,DESPISTE,1,1,1,PUNO,PUNO,PICHACANI,RURAL,CARRETERA,NACIONAL,PE-36B,-16.276122,-70.194402,DESPEJADO,RURAL,TRAMO RECTO,PLANA ,ASFALTADA,,,,,IMPRUDENCIA DEL CONDUCTOR,CONDUCIR EN ESTADO DE EBRIEDAD Y/O DROGADICCIÓN,16.0,0,2023.0,5.0,4.0,0,2,1,1,0.0,0.0,0.0,0.0,0,0,34.5,4.949747468305833,0,1,2,0.0,0.5,0
A-2023-05-87,2023-05-05,16:40,CHOQUE,1,0,1,PUNO,CARABAYA,AJOYANI,RURAL,CARRETERA,NACIONAL,PE-34B,-14.2357036,-70.2449078,DESPEJADO,RURAL,TRAMO RECTO,PLANA ,ASFALTADA,,,,,IMPRUDENCIA DEL CONDUCTOR,OTRO (IMPRUDENCIA DEL CONDUCTOR),16.0,0,2023.0,5.0,4.0,0,2,1,1,0.0,0.0,0.0,0.0,0,0,35.5,7.7781745930520225,0,1,3,0.0,0.333,0
A-2023-05-143,2023-05-05,18:05,ATROPELLO,1,0,0,JUNIN,HUANCAYO,CHILCA,URBANA,CARRETERA,NACIONAL,PE-3S,-12.100522,-75.216756,DESPEJADO,RURAL,CURVA,INCLINADA,ASFALTADA,NO,,,SI,IMPRUDENCIA DEL PEATÓN,CRUCE INDEBIDO POR LA CALZADA,18.0,0,2023.0,5.0,4.0,0,3,1,1,0.0,1.0,0.0,1.0,0,1,73.0,9.899494936611665,0,1,2,0.0,0.5,1