CODIGO_SINIESTRO,FECHA_SINIESTRO,HORA_SINIESTRO,CLASE_SINIESTRO,CANTIDAD_FALLECIDOS,CANTIDAD_LESIONADOS,CANTIDAD_VEHICULOS,DEPARTAMENTO,PROVINCIA,DISTRITO,ZONA,TIPO_VIA,RED_VIAL,COD_CARRETERA,LATITUD,LONGITUD,CONDICION_CLIMATICA,ZONIFICACION,CARACTERISTICAS_VIA,PERFIL_VIA,SUPERFICIE_CALZADA,EXISTE_SENIAL_VERTICAL,CLASIFICACION_SENIAL_VERTICAL_1,CLASIFICACION_SENIAL_VERTICAL_2,EXISTE_SENIAL_HORIZONTAL,CAUSA_FACTOR_PRINCIPAL,CAUSA_ESPECIFICA,HORA,severidad,ANIO,MES,DIA_SEMANA,FIN_SEMANA,FRANJA_HORARIA,TEMPORADA,MACROREGION,TIPO_VIA_SCORE,PERFIL_VIA_SCORE,SUPERFICIE_CALZADA_SCORE,RIESGO_INFRAESTRUCTURA,RIESGO_CLIMATICO,SENIALIZACION_DEFICIENTE,EDAD_PROMEDIO,EDAD_STD,TOTAL_ALCOHOL,TOTAL_LICENCIA,TOTAL_PERSONAS,PCT_ALCOHOL,PCT_LICENCIA,ES_NOCHE
A-2023-05-147,2023-05-06,06:40,ATROPELLO FUGA,1,0,0,UCAYALI,CORONEL PORTILLO,YARINACOCHA,RURAL,CARRETERA,NACIONAL,PE-18C,-8.409032,-74.647506,DESPEJADO,RURAL,TRAMO RECTO,PLANA ,ASFALTADA,SI,PREVENTIVA (P),,NO,EN PROCESO DE INVESTIGACIÓN,NO CUENTA CON CAUSA ESPECIFICA,6.0,0,2023.0,5.0,5.0,1,1,1,2,0.0,0.0,0.0,0.0,0,1,71.0,0.0,0,0,2,0.0,0.0,0
A-2023-05-40,2023-05-06,08:00,CHOQUE,1,3,2,CUSCO,PAUCARTAMBO,PAUCARTAMBO,RURAL,CARRETERA,DEPARTAMENTAL,CU-116,-13.326244,-71.584321,DESPEJADO,RURAL,CURVA,INCLINADA,AFIRMADO,,,,,IMPRUDENCIA DEL CONDUCTOR,EXCESO DE VELOCIDAD,8.0,0,2023.0,5.0,5.0,1,1,1,1,0.0,1.0,1.0,2.0,0,0,31.25,13.720422734012244,0,0,4,0.0,0.0,0
A-2023-05-81,2023-05-06,08:00,DESPISTE,1,1,1,HUANCAVELICA,ANGARAES,SECCLLA,RURAL,CARRETERA,DEPARTAMENTAL,HV-108,-13.047236,-74.487901,SOLEADO,RURAL,CURVA,INCLINADA,TROCHA,,,,,EN PROCESO DE INVESTIGACIÓN,NO CUENTA CON CAUSA ESPECIFICA,8.0,0,2023.0,5.0,5.0,1,1,1,1,0.0,1.0,2.0,3.0,0,0,47.5,27.577164466275352,0,0,2,0.0,0.0,0
A-2023-05-139,2023-05-06,09:23,ATROPELLO,1,0,0,LIMA,LIMA,SAN JUAN DE LURIGANCHO,URBANA,AVENIDA,URBANO,NO CORRESPONDE,-11.96782396,-77.00390032,DESPEJADO,COMERCIAL,TRAMO RECTO,PLANA ,ASFALTADA,,,,,EN PROCESO DE INVESTIGACIÓN,NO CUENTA CON CAUSA ESPECIFICA,9.0,0,2023.0,5.0,5.0,1,1,1,0,1.0,0.0,0.0,1.0,0,0,52.5,30.405591591021544,0,1,2,0.0,0.5,0
A-2023-05-59,2023-05-06,14:00,DESPISTE,1,4,1,LA LIBERTAD,BOLIVAR,BAMBAMARCA,RURAL,CARRETERA,NACIONAL,PE-10B,-7.441539095635639,-77.69836557860195,DESPEJADO,RURAL,TRAMO RECTO,PLANA ,TROCHA,,,,,EN PROCESO DE INVESTIGACIÓN,NO CUENTA CON CAUSA ESPECIFICA,14.0,0,2023.0,5.0,5.0,1,2,1,0,0.0,0.0,2.0,2.0,0,0,43.0,13.360389215887388,0,1,5,0.0,0.2,0
A-2023-05-155,2023-05-06,15:40,CHOQUE,1,0,0,LIMA,LIMA,SANTIAGO DE SURCO,RURAL,CARRETERA,NACIONAL,PE-1S,-12.143686,-76.981723,DESPEJADO,INDUSTRIAL,TRAMO RECTO,PLANA ,ASFALTADA,,,,,IMPRUDENCIA DEL CONDUCTOR,OTRO (IMPRUDENCIA DEL CONDUCTOR),15.0,0,2023.0,5.0,5.0,1,2,1,0,0.0,0.0,0.0,0.0,0,0,31.0,12.727922061357855,0,2,2,0.0,1.0,0
A-2023-05-174,2023-05-06,15:40,CHOQUE,1,0,0,LIMA,LIMA,SANTIAGO DE SURCO,URBANA,CARRETERA,NACIONAL,PE-1S,-12.143750308314194,-76.98170268928794,DESPEJADO,RESIDENCIAL,TRAMO RECTO,PLANA ,ASFALTADA,,,,,IMPRUDENCIA DEL CONDUCTOR,GIRAR IMPRUDENTEMENTE,15.0,0,2023.0,5.0,5.0,1,2,1,0,0.0,0.0,0.0,0.0,0,0,35.0,7.0710678118654755,0,1,2,0.0,0.5,0
A-2023-05-158,2023-05-06,16:30,CHOQUE,1,0,2,CAJAMARCA,CHOTA,QUEROCOTO,RURAL,CARRETERA,PROVINCIAL,CA-827,-6.339401,-79.027925,DESPEJADO,INDUSTRIAL,CURVA,PLANA ,AFIRMADO,,,,,IMPRUDENCIA DEL CONDUCTOR,EXCESO DE VELOCIDAD,16.0,0,2023.0,5.0,5.0,1,2,1,1,0.0,0.0,1.0,1.0,0,0,39.5,0.7071067811865476,0,1,2,0.0,0.5,0
A-2023-05-138,2023-05-06,22:40,ATROPELLO,1,0,0,LIMA,LIMA,INDEPENDENCIA,URBANA,AVENIDA,URBANO,NO CORRESPONDE,-12.002167065249218,-77.05499941826353,DESPEJADO,COMERCIAL,TRAMO RECTO,INCLINADA,ASFALTADA,,,,,EN PROCESO DE INVESTIGACIÓN,NO CUENTA CON CAUSA ESPECIFICA,22.0,0,2023.0,5.0,5.0,1,3,1,0,1.0,1.0,0.0,2.0,0,0,36.0,16.97056274847714,0,1,2,0.0,0.5,1
A-2023-05-18,2023-05-06,22:50,ATROPELLO,1,0,1,ANCASH,SANTA,NUEVO CHIMBOTE,RURAL,CARRETERA,NACIONAL,PE-1N,-9.161346,-78.495372,DESPEJADO,RURAL,TRAMO RECTO,PLANA ,ASFALTADA,SI,INFORMATIVA (I),,SI,EN PROCESO DE INVESTIGACIÓN,NO CUENTA CON CAUSA ESPECIFICA,22.0,0,2023.0,5.0,5.0,1,3,1,0,0.0,0.0,0.0,0.0,0,0,48.5,13.435028842544403,0,1,2,0.0,0.5,1
A-2023-05-137,2023-05-07,00:40,CHOQUE,1,0,0,LIMA,LIMA,LOS OLIVOS,URBANA,AVENIDA,URBANO,NO CORRESPONDE,-11.98023189,-77.07220528,DESPEJADO,COMERCIAL,INTERSECCIÓN,PLANA ,ASFALTADA,,,,,EN PROCESO DE INVESTIGACIÓN,NO CUENTA CON CAUSA ESPECIFICA,0.0,0,2023.0,5.0,6.0,1,0,1,0,1.0,0.0,0.0,1.0,0,0,27.666666666666668,8.082903768654761,0,1,3,0.0,0.333,1
A-2023-05-9,2023-05-07,10:30,DESPISTE,2,0,1,ICA,ICA,YAUCA DEL ROSARIO,RURAL,CARRETERA,SIN CLASIFICAR,SIN CLASIFICAR,-13.9761447,-75.4256334,DESPEJADO,RURAL,CURVA,INCLINADA,TROCHA,,,,,INFRAESTRUCTURA Y ENTORNO VIAL,OTRO (INFRAESTRUCTURA Y ENTORNO VIAL),10.0,1,2023.0,5.0,6.0,1,1,1,0,0.0,1.0,2.0,3.0,0,0,58.0,0.0,0,0,2,0.0,0.0,0
A-2023-05-172,2023-05-07,14:00,DESPISTE,1,2,0,PASCO,OXAPAMPA,OXAPAMPA,URBANA,CARRETERA,NACIONAL,PE-5NA,-10.640763153088637,-75.38786621522597,,,,,,,,,,EN PROCESO DE INVESTIGACIÓN,NO CUENTA CON CAUSA ESPECIFICA,14.0,0,2023.0,5.0,6.0,1,2,1,1,0.0,1.0,1.0,2.0,0,0,45.5,6.8068592855540455,0,0,4,0.0,0.0,0
A-2023-05-141,2023-05-08,01:00,DESPISTE,2,0,0,APURIMAC,ABANCAY,CIRCA,RURAL,CARRETERA,NACIONAL,PE-30A,-13.78832022,-72.94705484,,,,,,,,,,EN PROCESO DE INVESTIGACIÓN,NO CUENTA CON CAUSA ESPECIFICA,1.0,1,2023.0,5.0,0.0,0,0,1,1,0.0,1.0,1.0,2.0,0,0,34.0,2.8284271247461903,0,0,2,0.0,0.0,1
A-2023-05-60,2023-05-08,04:00,CHOQUE,1,0,3,LA LIBERTAD,TRUJILLO,LAREDO,RURAL,CARRETERA,NACIONAL,PE-10A,-8.073092,-78.867206,DESPEJADO,RURAL,TRAMO RECTO,PLANA ,ASFALTADA,,,,,IMPRUDENCIA DEL CONDUCTOR,OTRO (IMPRUDENCIA DEL CONDUCTOR),4.0,0,2023.0,5.0,0.0,0,0,1,0,0.0,0.0,0.0,0.0,0,0,36.333333333333336,1.5275252316519474,0,2,3,0.0,0.667,1
A-2023-05-136,2023-05-08,05:00,CHOQUE,1,24,0,LIMA,LIMA,SAN BORJA,URBANA,CARRETERA,NACIONAL,PE-1S,-12.094176,-76.980606,DESPEJADO,COMERCIAL,TRAMO RECTO,PLANA ,ASFALTADA,,,,,EN PROCESO DE INVESTIGACIÓN,NO CUENTA CON CAUSA ESPECIFICA,5.0,0,2023.0,5.0,0.0,0,0,1,0,0.0,0.0,0.0,0.0,0,0,43.34615384615385,19.324476308955557,0,2,26,0.0,0.077,1
A-2023-05-61,2023-05-08,07:10,DESPISTE,2,12,1,LA LIBERTAD,SANTIAGO DE CHUCO,QUIRUVILCA,RURAL,CARRETERA,PROVINCIAL,LI-931,-8.010683371367584,-78.31100065209786,DESPEJADO,RURAL,CURVA,INCLINADA,TROCHA,,,,,IMPRUDENCIA DEL CONDUCTOR,ADELANTAR INDEBIDAMENTE,7.0,1,2023.0,5.0,0.0,0,1,1,0,0.0,1.0,2.0,3.0,0,0,30.266666666666666,5.897537823613544,0,1,15,0.0,0.067,0
A-2023-05-30,2023-05-08,16:30,CHOQUE,3,0,3,CUSCO,QUISPICANCHI,URCOS,RURAL,CARRETERA,NACIONAL,PE-3S,-13.710043,-71.597223,LLUVIOSO,RURAL,TRAMO RECTO,PLANA ,ASFALTADA,SI,REGULADORA (R),,SI,IMPRUDENCIA DEL CONDUCTOR,EXCESO DE VELOCIDAD,16.0,2,2023.0,5.0,0.0,0,2,1,1,0.0,0.0,0.0,0.0,1,0,26.2,14.618481453283716,0,2,5,0.0,0.4,0
A-2023-05-88,2023-05-08,19:00,DESPISTE,1,0,1,PUNO,LAMPA,SANTA LUCIA,RURAL,CARRETERA,NACIONAL,PE-34A,-15.6507989,-70.7334132,DESPEJADO,RURAL,CURVA,PLANA ,ASFALTADA,,,,,NEGLIGENCIA DEL CONDUCTOR,OTRO (NEGLIGENCIA DEL CONDUCTOR),19.0,0,2023.0,5.0,0.0,0,3,1,1,0.0,0.0,0.0,0.0,0,0,53.5,9.192388155425117,0,1,2,0.0,0.5,1
A-2023-05-62,2023-05-09,05:30,ATROPELLO,2,0,1,LA LIBERTAD,PACASMAYO,JEQUETEPEQUE,RURAL,CARRETERA,NACIONAL,PE-1N,-7.3661421,-79.5300156,DESPEJADO,RURAL,TRAMO RECTO,PLANA ,ASFALTADA,,,,,EN PROCESO DE INVESTIGACIÓN,NO CUENTA CON CAUSA ESPECIFICA,5.0,1,2023.0,5.0,1.0,0,0,1,0,0.0,0.0,0.0,0.0,0,0,46.5,17.67766952966369,0,0,2,0.0,0.0,1
A-2023-05-102,2023-05-09,11:30,DESPISTE,1,0,1,AMAZONAS,BONGARA,VALERA,RURAL,CARRETERA,PROVINCIAL,AM-637,-6.05205,-77.9178956,DESPEJADO,RURAL,CURVA,INCLINADA,ASFALTADA,,,,,EN PROCESO DE INVESTIGACIÓN,NO CUENTA CON CAUSA ESPECIFICA,11.0,0,2023.0,5.0,1.0,0,1,1,2,0.0,1.0,0.0,1.0,0,0,31.0,0.0,0,1,2,0.0,0.5,0
A-2023-05-144,2023-05-09,15:30,CHOQUE,2,4,0,JUNIN,JUNIN,CARHUAMAYO,RURAL,CARRETERA,NACIONAL,PE-3N,-10.91089928075512,-76.06661079155415,NUBLADO,RURAL,TRAMO RECTO,PLANA ,ASFALTADA,SI,PREVENTIVA (P),,SI,IMPRUDENCIA DEL CONDUCTOR,ADELANTAR INDEBIDAMENTE,15.0,1,2023.0,5.0,1.0,0,2,1,1,0.0,0.0,0.0,0.0,0,0,61.166666666666664,13.166877635440631,0,2,6,0.0,0.333,0
A-2023-05-45,2023-05-10,11:15,ESPECIAL,1,2,1,CUSCO,ANTA,HUAROCONDO,RURAL,CARRETERA,DEPARTAMENTAL,CU-110,-13.3700266,-72.2351484,DESPEJADO,RURAL,CURVA,PLANA ,TROCHA,,,,,INFRAESTRUCTURA Y ENTORNO VIAL,OTRO (INFRAESTRUCTURA Y ENTORNO VIAL),11.0,0,2023.0,5.0,2.0,0,1,1,1,0.0,0.0,2.0,2.0,0,0,22.333333333333332,17.672954855748753,0,0,3,0.0,0.0,0
A-2023-05-135,2023-05-10,13:50,ATROPELLO FUGA,1,0,0,LIMA,LIMA,VILLA EL SALVADOR,RURAL,CARRETERA,NACIONAL,PE-1S,-12.24054167,-76.9477022,DESPEJADO,INDUSTRIAL,TRAMO RECTO,PLANA ,ASFALTADA,,,,,EN PROCESO DE INVESTIGACIÓN,NO CUENTA CON CAUSA ESPECIFICA,13.0,0,2023.0,5.0,2.0,0,2,1,0,0.0,0.0,0.0,0.0,0,0,35.0,0.0,0,0,2,0.0,0.0,0
A-2023-05-36,2023-05-10,14:30,DESPISTE,2,4,1,APURIMAC,ANDAHUAYLAS,TALAVERA,RURAL,CARRETERA,DEPARTAMENTAL,AP-102,-13.589089,-73.46085,SOLEADO,RURAL,TRAMO RECTO,INCLINADA,CASCAJO/RIPIO,,,,,IMPRUDENCIA DEL CONDUCTOR,EXCESO DE VELOCIDAD,14.0,1,2023.0,5.0,2.0,0,2,1,1,0.0,1.0,1.0,2.0,0,0,45.166666666666664,3.868677637987775,0,1,6,0.0,0.167,0
A-2023-05-63,2023-05-10,20:00,ATROPELLO,1,0,1,LA LIBERTAD,VIRU,CHAO,RURAL,CARRETERA,NACIONAL,PE-1N,-8.688299568046988,-78.63463067085851,DESPEJADO,RURAL,TRAMO RECTO,PLANA ,ASFALTADA,,,,,EN PROCESO DE INVESTIGACIÓN,NO CUENTA CON CAUSA ESPECIFICA,20.0,0,2023.0,5.0,2.0,0,3,1,0,0.0,0.0,0.0,0.0,0,0,51.0,0.0,0,1,2,0.0,0.5,1
A-2023-05-13,2023-05-10,22:00,DESPISTE,1,2,1,ANCASH,CARHUAZ,CARHUAZ,RURAL,CARRETERA,NACIONAL,PE-3N,-9.283060554239968,-77.64921018219094,DESPEJADO,RURAL,CURVA,INCLINADA,TROCHA,,,,,EN PROCESO DE INVESTIGACIÓN,NO CUENTA CON CAUSA ESPECIFICA,22.0,0,2023.0,5.0,2.0,0,3,1,0,0.0,1.0,2.0,3.0,0,0,17.5,17.99073835801818,0,0,4,0.0,0.0,1
A-2023-05-7,2023-05-11,02:30,DESPISTE,1,0,1,ICA,PALPA,LLIPATA,RURAL,CARRETERA,NACIONAL,PE-1S,-14.5581442,-75.2023289,DESPEJADO,RURAL,TRAMO RECTO,PLANA ,ASFALTADA,,,,,IMPRUDENCIA DEL CONDUCTOR,EXCESO DE VELOCIDAD,2.0,0,2023.0,5.0,3.0,0,0,1,0,0.0,0.0,0.0,0.0,0,0,36.0,0.0,0,0,1,0.0,0.0,1
A-2023-05-134,2023-05-11,12:30,CHOQUE,1,0,0,LIMA,LIMA,LURIGANCHO,URBANA,AVENIDA,URBANO,NO CORRESPONDE,-11.9985816,-76.92668958,DESPEJADO,RESIDENCIAL,INTERSECCIÓN,PLANA ,ASFALTADA,,,,,IMPRUDENCIA DEL CONDUCTOR,OTRO (IMPRUDENCIA DEL CONDUCTOR),12.0,0,2023.0,5.0,3.0,0,2,1,0,1.0,0.0,0.0,1.0,0,0,42.0,14.142135623730951,0,1,2,0.0,0.5,0
A-2023-05-133,2023-05-11,18:50,DESPISTE,1,0,0,LIMA,LIMA,VILLA MARIA DEL TRIUNFO,URBANA,JIRÓN,URBANO,NO CORRESPONDE,-12.1840592,-76.93914062,DESPEJADO,RESIDENCIAL,TRAMO RECTO,INCLINADA,ASFALTADA,,,,,EN PROCESO DE INVESTIGACIÓN,NO CUENTA CON CAUSA ESPECIFICA,18.0,0,2023.0,5.0,3.0,0,3,1,0,1.0,1.0,0.0,2.0,0,0,30.0,0.0,0,0,1,0.0,0.0,1
A-2023-05-161,2023-05-11,19:07,CHOQUE,1,0,2,CAJAMARCA,CAJAMARCA,LOS BAÑOS DEL INCA,RURAL,CARRETERA,NACIONAL,PE-08B,-7.141737,-78.390571,DESPEJADO,INDUSTRIAL,TRAMO RECTO,PLANA ,ASFALTADA,NO,,,SI,IMPRUDENCIA DEL CONDUCTOR,OTRO (IMPRUDENCIA DEL CONDUCTOR),19.0,0,2023.0,5.0,3.0,0,3,1,1,0.0,0.0,0.0,0.0,0,1,53.0,8.48528137423857,0,1,2,0.0,0.5,1
A-2023-05-6,2023-05-12,01:00,CHOQUE,1,0,1,ICA,ICA,LOS AQUIJES,URBANA,CARRETERA,NACIONAL,PE-1S,-14.093277,-75.7173961,DESPEJADO,INDUSTRIAL,TRAMO RECTO,PLANA ,ASFALTADA,,,,,NEGLIGENCIA DEL CONDUCTOR,OTRO (NEGLIGENCIA DEL CONDUCTOR),1.0,0,2023.0,5.0,4.0,0,0,1,0,0.0,0.0,0.0,0.0,0,0,30.0,0.0,0,0,2,0.0,0.0,1
A-2023-05-95,2023-05-12,04:00,CHOQUE,1,2,2,PIURA,PIURA,PIURA,URBANA,AVENIDA,URBANO,NO CORRESPONDE,-5.18244,-80.6359916,DESPEJADO,COMERCIAL,INTERSECCIÓN,PLANA ,ASFALTADA,,,,,IMPRUDENCIA DEL CONDUCTOR,EXCESO DE VELOCIDAD,4.0,0,2023.0,5.0,4.0,0,0,1,0,1.0,0.0,0.0,1.0,0,0,21.75,14.930394055974098,0,0,4,0.0,0.0,1
A-2023-05-76,2023-05-12,07:30,DESPISTE,1,0,0,ANCASH,RECUAY,MARCA,RURAL,CARRETERA,PROVINCIAL,AN-1238,-10.09056031,-77.47490667,,,,,,,,,,EN PROCESO DE INVESTIGACIÓN,NO CUENTA CON CAUSA ESPECIFICA,7.0,0,2023.0,5.0,4.0,0,1,1,0,0.0,1.0,1.0,2.0,0,0,66.0,0.0,0,0,1,0.0,0.0,0
A-2023-05-15,2023-05-12,09:00,DESPISTE,1,2,1,AREQUIPA,CAYLLOMA,CHIVAY,RURAL,CARRETERA,DEPARTAMENTAL,AR-109,-15.704648,-71.589614,NUBLADO,RURAL,CURVA,INCLINADA,ASFALTADA,NO,,,SI,EN PROCESO DE INVESTIGACIÓN,NO CUENTA CON CAUSA ESPECIFICA,9.0,0,2023.0,5.0,4.0,0,1,1,0,0.0,1.0,0.0,1.0,0,1,54.666666666666664,20.132891827388665,0,1,3,0.0,0.333,0
A-2023-05-64,2023-05-12,20:00,DESPISTE,1,0,1,LA LIBERTAD,GRAN CHIMU,SAYAPULLO,RURAL,CARRETERA,DEPARTAMENTAL,LI-106,-7.592899,-78.488527,DESPEJADO,RURAL,TRAMO RECTO,PLANA ,AFIRMADO,,,,,EN PROCESO DE INVESTIGACIÓN,NO CUENTA CON CAUSA ESPECIFICA,20.0,0,2023.0,5.0,4.0,0,3,1,0,0.0,0.0,1.0,1.0,0,0,46.0,0.0,0,1,1,0.0,1.0,1
A-2023-05-162,2023-05-12,20:40,CHOQUE,1,0,2,CAJAMARCA,CHOTA,CHOTA,URBANA,CARRETERA,NACIONAL,PE-3N,-6.544263,-78.681978,DESPEJADO,COMERCIAL,CURVA,INCLINADA,ASFALTADA,NO,,,SI,IMPRUDENCIA DEL CONDUCTOR,CONDUCIR EN ESTADO DE EBRIEDAD Y/O DROGADICCIÓN,20.0,0,2023.0,5.0,4.0,0,3,1,1,0.0,1.0,0.0,1.0,0,1,41.0,0.0,1,0,2,0.5,0.0,1
A-2023-05-132,2023-05-12,21:00,ATROPELLO,1,0,0,LIMA,LIMA,LURIN,RURAL,CARRETERA,NACIONAL,PE-1S,-12.28162677,-76.88079856,DESPEJADO,INDUSTRIAL,TRAMO RECTO,PLANA ,ASFALTADA,SI,INFORMATIVA (I),,NO,IMPRUDENCIA DEL PEATÓN,OTRO (IMPRUDENCIA DEL PEATÓN),21.0,0,2023.0,5.0,4.0,0,3,1,0,0.0,0.0,0.0,0.0,0,1,49.0,0.0,0,1,2,0.0,0.5,1
A-2023-05-148,2023-05-13,04:00,CHOQUE,1,3,0,JUNIN,YAULI,MOROCOCHA,RURAL,CARRETERA,NACIONAL,PE-22,-11.597276,-76.145393,DESPEJADO,RURAL,CURVA,PLANA ,ASFALTADA,NO,,,SI,IMPRUDENCIA DEL CONDUCTOR,INVASIÓN DE CARRIL,4.0,0,2023.0,5.0,5.0,1,0,1,1,0.0,0.0,0.0,0.0,0,1,47.166666666666664,20.004166232729286,0,2,6,0.0,0.333,1
A-2023-05-65,2023-05-13,09:00,DESPISTE,3,23,1,LA LIBERTAD,SANTIAGO DE CHUCO,QUIRUVILCA,RURAL,CARRETERA,NACIONAL,PE-3N,-8.020769,-78.316386,DESPEJADO,RURAL,CURVA,PLANA ,TROCHA,,,,,NEGLIGENCIA DEL CONDUCTOR,CONDUCIR CON FALLAS DE FRENOS,9.0,2,2023.0,5.0,5.0,1,1,1,0,0.0,0.0,2.0,2.0,0,0,30.23076923076923,14.00659185471667,0,1,26,0.0,0.038,0
A-2023-05-131,2023-05-13,10:30,ATROPELLO,1,1,0,LIMA,LIMA,RIMAC,URBANA,JIRÓN,URBANO,NO CORRESPONDE,-12.03779377,-77.02698101,DESPEJADO,RESIDENCIAL,INTERSECCIÓN,PLANA ,ASFALTADA,,,,,EN PROCESO DE INVESTIGACIÓN,NO CUENTA CON CAUSA ESPECIFICA,10.0,0,2023.0,5.0,5.0,1,1,1,0,1.0,0.0,0.0,1.0,0,0,64.33333333333333,17.21433511156714,0,1,3,0.0,0.333,0
A-2023-05-66,2023-05-13,13:30,ATROPELLO,1,0,1,LA LIBERTAD,TRUJILLO,VICTOR LARCO HERRERA,URBANA,CARRETERA,NACIONAL,PE-1N,-8.136443,-79.058955,DESPEJADO,COMERCIAL,TRAMO RECTO,PLANA ,ASFALTADA,,,,,EN PROCESO DE INVESTIGACIÓN,NO CUENTA CON CAUSA ESPECIFICA,13.0,0,2023.0,5.0,5.0,1,2,1,0,0.0,0.0,0.0,0.0,0,0,53.0,12.727922061357855,0,1,2,0.0,0.5,0
A-2023-05-110-A,2023-05-13,15:45,DESPISTE,1,1,0,AREQUIPA,AREQUIPA,LA JOYA,URBANA,CARRETERA,NACIONAL,PE-1S,-16.685099,-71.870726,DESPEJADO,COMERCIAL,TRAMO RECTO,PLANA ,ASFALTADA,SI,REGULADORA (R),,SI,EN PROCESO DE INVESTIGACIÓN,NO CUENTA CON CAUSA ESPECIFICA,15.0,0,2023.0,5.0,5.0,1,2,1,0,0.0,0.0,0.0,0.0,0,0,63.0,4.242640687119285,0,1,2,0.0,0.5,0
A-2023-05-168,2023-05-13,19:00,ATROPELLO,1,0,1,CAJAMARCA,CAJABAMBA,CAJABAMBA,URBANA,CARRETERA,NACIONAL,PE-3N,-7.6288114,-78.0434344,DESPEJADO,COMERCIAL,TRAMO RECTO,PLANA ,ASFALTADA,,,,,IMPRUDENCIA DEL CONDUCTOR,CONDUCIR EN ESTADO DE EBRIEDAD Y/O DROGADICCIÓN,19.0,0,2023.0,5.0,5.0,1,3,1,1,0.0,0.0,0.0,0.0,0,0,52.5,19.091883092036785,1,0,2,0.5,0.0,1
A-2023-05-16,2023-05-13,19:45,ATROPELLO,1,0,1,AREQUIPA,AREQUIPA,UCHUMAYO,URBANA,CARRETERA,NACIONAL,PE-34A,-16.409763,-71.619783,DESPEJADO,INDUSTRIAL,TRAMO RECTO,INCLINADA,ASFALTADA,NO,,,SI,EN PROCESO DE INVESTIGACIÓN,NO CUENTA CON CAUSA ESPECIFICA,19.0,0,2023.0,5.0,5.0,1,3,1,0,0.0,1.0,0.0,1.0,0,1,35.5,0.7071067811865476,0,1,2,0.0,0.5,1
A-2023-05-21,2023-05-14,01:15,ATROPELLO FUGA,1,0,1,AREQUIPA,AREQUIPA,CERRO COLORADO,URBANA,CARRETERA,NACIONAL,PE-34A,-16.338207,-71.590511,DESPEJADO,COMERCIAL,CURVA,PLANA ,ASFALTADA,NO,,,SI,EN PROCESO DE INVESTIGACIÓN,NO CUENTA CON CAUSA ESPECIFICA,1.0,0,2023.0,5.0,6.0,1,0,1,0,0.0,0.0,0.0,0.0,0,1,23.0,0.0,0,0,2,0.0,0.0,1
A-2023-05-67,2023-05-14,01:15,ATROPELLO FUGA,1,0,0,LA LIBERTAD,TRUJILLO,TRUJILLO,RURAL,CARRETERA,NACIONAL,PE-10A,-8.117398,-79.003102,DESPEJADO,RURAL,TRAMO RECTO,PLANA ,ASFALTADA,,,,,EN PROCESO DE INVESTIGACIÓN,NO CUENTA CON CAUSA ESPECIFICA,1.0,0,2023.0,5.0,6.0,1,0,1,0,0.0,0.0,0.0,0.0,0,0,33.0,0.0,0,0,2,0.0,0.0,1
A-2023-05-37,2023-05-14,03:00,DESPISTE,1,3,1,CUSCO,ESPINAR,OCORURO,RURAL,CARRETERA,NACIONAL,PE-34J,-14.967764,-71.177229,NIEBLA,RURAL,CURVA,INCLINADA,ASFALTADA,SI,PREVENTIVA (P),,SI,IMPRUDENCIA DEL CONDUCTOR,EXCESO DE VELOCIDAD,3.0,0,2023.0,5.0,6.0,1,0,1,1,0.0,1.0,0.0,1.0,0,0,21.6,10.064790112068904,0,1,5,0.0,0.2,1
A-2023-05-12,2023-05-14,04:30,DESPISTE,1,5,1,ANCASH,RECUAY,CATAC,RURAL,CARRETERA,DEPARTAMENTAL,AN-110,-9.804748593056225,-77.43022914079498,DESPEJADO,RURAL,TRAMO RECTO,PLANA ,ASFALTADA,,,,,EN PROCESO DE INVESTIGACIÓN,NO CUENTA CON CAUSA ESPECIFICA,4.0,0,2023.0,5.0,6.0,1,0,1,0,0.0,0.0,0.0,0.0,0,0,46.57142857142857,14.9984126144196,0,1,7,0.0,0.143,1
A-2023-05-110-B,2023-05-14,05:15,DESPISTE,2,0,1,HUANCAVELICA,ANGARAES,LIRCAY,RURAL,CARRETERA,DEPARTAMENTAL,HV-116,-13.142764,-74.873354,DESPEJADO,RURAL,CURVA,PLANA ,TROCHA,,,,,EN PROCESO DE INVESTIGACIÓN,NO CUENTA CON CAUSA ESPECIFICA,5.0,1,2023.0,5.0,6.0,1,0,1,1,0.0,0.0,2.0,2.0,0,0,38.5,12.020815280171307,0,1,2,0.0,0.5,1
A-2023-05-93,2023-05-14,05:15,DESPISTE,1,0,1,PIURA,PIURA,PIURA,RURAL,CARRETERA,NACIONAL,PE-1N,-5.0791,-80.7067,DESPEJADO,RURAL,TRAMO RECTO,PLANA ,ASFALTADA,SI,PREVENTIVA (P),,NO,IMPRUDENCIA DEL CONDUCTOR,EXCESO DE VELOCIDAD,5.0,0,2023.0,5.0,6.0,1,0,1,0,0.0,0.0,0.0,0.0,0,1,21.0,0.0,0,0,1,0.0,0.0,1
A-2023-05-130,2023-05-14,07:00,ATROPELLO,1,0,0,LIMA,LIMA,SAN MARTIN DE PORRES,URBANA,AVENIDA,URBANO,NO CORRESPONDE,-12.02103639,-77.08656019,DESPEJADO,RESIDENCIAL,INTERSECCIÓN,PLANA ,ASFALTADA,SI,PREVENTIVA (P),,NO,EN PROCESO DE INVESTIGACIÓN,NO CUENTA CON CAUSA ESPECIFICA,7.0,0,2023.0,5.0,6.0,1,1,1,0,1.0,0.0,0.0,1.0,0,1,55.0,18.384776310850235,0,1,2,0.0,0.5,0