CODIGO_SINIESTRO,FECHA_SINIESTRO,HORA_SINIESTRO,CLASE_SINIESTRO,CANTIDAD_FALLECIDOS,CANTIDAD_LESIONADOS,CANTIDAD_VEHICULOS,DEPARTAMENTO,PROVINCIA,DISTRITO,ZONA,TIPO_VIA,RED_VIAL,COD_CARRETERA,LATITUD,LONGITUD,CONDICION_CLIMATICA,ZONIFICACION,CARACTERISTICAS_VIA,PERFIL_VIA,SUPERFICIE_CALZADA,EXISTE_SENIAL_VERTICAL,CLASIFICACION_SENIAL_VERTICAL_1,CLASIFICACION_SENIAL_VERTICAL_2,EXISTE_SENIAL_HORIZONTAL,CAUSA_FACTOR_PRINCIPAL,CAUSA_ESPECIFICA,HORA,severidad,ANIO,MES,DIA_SEMANA,FIN_SEMANA,FRANJA_HORARIA,TEMPORADA,MACROREGION,TIPO_VIA_SCORE,PERFIL_VIA_SCORE,SUPERFICIE_CALZADA_SCORE,RIESGO_INFRAESTRUCTURA,RIESGO_CLIMATICO,SENIALIZACION_DEFICIENTE,EDAD_PROMEDIO,EDAD_STD,TOTAL_ALCOHOL,TOTAL_LICENCIA,TOTAL_PERSONAS,PCT_ALCOHOL,PCT_LICENCIA,ES_NOCHE
A-2023-05-108,2023-05-14,08:30,ATROPELLO FUGA,1,0,0,ICA,CHINCHA,CHINCHA BAJA,RURAL,CARRETERA,NACIONAL,PE-1S,-13.506279,-76.141225,DESPEJADO,RURAL,TRAMO RECTO,PLANA ,ASFALTADA,,,,,IMPRUDENCIA DEL PEATÓN,CRUCE INDEBIDO POR LA CALZADA,8.0,0,2023.0,5.0,6.0,1,1,1,0,0.0,0.0,0.0,0.0,0,0,41.0,11.313708498984761,0,1,2,0.0,0.5,0
A-2023-05-163,2023-05-14,08:40,CHOQUE CON OBJETO FIJO,1,3,1,CAJAMARCA,CHOTA,CHOTA,URBANA,CARRETERA,NACIONAL,PE-3N,-6.568921078120778,-78.6483907627679,DESPEJADO,COMERCIAL,CURVA,INCLINADA,ASFALTADA,NO,,,SI,NEGLIGENCIA DEL CONDUCTOR,CONDUCIR CON FALLAS DE FRENOS,8.0,0,2023.0,5.0,6.0,1,1,1,1,0.0,1.0,0.0,1.0,0,1,38.75,3.5939764421413045,0,1,4,0.0,0.25,0
A-2023-05-28,2023-05-14,13:30,DESPISTE,1,0,1,CUSCO,LA CONVENCION,SANTA ANA,RURAL,CARRETERA,NACIONAL,PE-28B,-12.816532,-72.691208,DESPEJADO,RURAL,TRAMO RECTO,PLANA ,ASFALTADA,SI,PREVENTIVA (P),,SI,IMPRUDENCIA DEL CONDUCTOR,CONDUCIR EN ESTADO DE EBRIEDAD Y/O DROGADICCIÓN,13.0,0,2023.0,5.0,6.0,1,2,1,1,0.0,0.0,0.0,0.0,0,0,49.0,0.0,0,1,1,0.0,1.0,0
A-2023-05-17,2023-05-14,16:30,CHOQUE,1,2,2,SAN MARTIN,MOYOBAMBA,CALZADA,RURAL,CARRETERA,NACIONAL,PE-5N,-6.044833,-77.144262,DESPEJADO,RURAL,TRAMO RECTO,PLANA ,ASFALTADA,,,,,IMPRUDENCIA DEL CONDUCTOR,OTRO (IMPRUDENCIA DEL CONDUCTOR),16.0,0,2023.0,5.0,6.0,1,2,1,2,0.0,0.0,0.0,0.0,0,0,46.0,27.622454633866266,0,1,3,0.0,0.333,0
A-2023-05-129,2023-05-14,16:40,ATROPELLO,1,0,0,LIMA,LIMA,LURIN,URBANA,CARRETERA,NACIONAL,PE-1S,-12.302955,-76.84265,DESPEJADO,INDUSTRIAL,TRAMO RECTO,INCLINADA,ASFALTADA,,,,,IMPRUDENCIA DEL PEATÓN,OTRO (IMPRUDENCIA DEL PEATÓN),16.0,0,2023.0,5.0,6.0,1,2,1,0,0.0,1.0,0.0,1.0,0,0,48.0,8.48528137423857,0,1,2,0.0,0.5,0
A-2023-05-68,2023-05-14,18:15,DESPISTE,1,0,1,LA LIBERTAD,CHEPEN,PACANGA,RURAL,CARRETERA,PROVINCIAL,LI-528,-7.164407692488261,-79.45068736747567,DESPEJADO,RURAL,TRAMO RECTO,PLANA ,AFIRMADO,,,,,IMPRUDENCIA DEL CONDUCTOR,OTRO (IMPRUDENCIA DEL CONDUCTOR),18.0,0,2023.0,5.0,6.0,1,3,1,0,0.0,0.0,1.0,1.0,0,0,22.0,0.0,0,0,1,0.0,0.0,1
A-2023-05-101,2023-05-14,19:30,CHOQUE,2,6,0,PIURA,SECHURA,RINCONADA LLICUAR,RURAL,CARRETERA,PROVINCIAL,PI-1040,-5.4950285,-80.778035,DESPEJADO,RURAL,TRAMO RECTO,PLANA ,ASFALTADA,,,,,IMPRUDENCIA DEL CONDUCTOR,ADELANTAR INDEBIDAMENTE,19.0,1,2023.0,5.0,6.0,1,3,1,0,0.0,0.0,0.0,0.0,0,0,30.25,18.729274259450477,0,3,9,0.0,0.333,1
A-2023-05-83,2023-05-14,22:25,CHOQUE FUGA,1,2,2,LIMA,HUAURA,HUACHO,URBANA,CARRETERA,NACIONAL,PE-1N,-11.13609,-77.59694,DESPEJADO,RESIDENCIAL,TRAMO RECTO,INCLINADA,ASFALTADA,,,,,IMPRUDENCIA DEL CONDUCTOR,CONDUCIR EN SENTIDO CONTRARIO,22.0,0,2023.0,5.0,6.0,1,3,1,0,0.0,1.0,0.0,1.0,0,0,30.75,8.578072821638514,0,2,4,0.0,0.5,1
A-2023-05-10,2023-05-14,23:20,ATROPELLO FUGA,1,0,0,LIMA,LIMA,PACHACAMAC,URBANA,AVENIDA,URBANO,NO CORRESPONDE,-12.112766104359844,-76.87371350616725,,,,,,,,,,EN PROCESO DE INVESTIGACIÓN,NO CUENTA CON CAUSA ESPECIFICA,23.0,0,2023.0,5.0,6.0,1,3,1,0,1.0,1.0,1.0,3.0,0,0,29.0,0.0,0,0,2,0.0,0.0,1
A-2023-05-128,2023-05-14,23:20,ATROPELLO FUGA,1,0,0,LIMA,LIMA,PACHACAMAC,URBANA,AVENIDA,URBANO,NO CORRESPONDE,-12.11263727,-76.87395975,DESPEJADO,ESCOLAR,INTERSECCIÓN,INCLINADA,ASFALTADA,NO,,,SI,EN PROCESO DE INVESTIGACIÓN,NO CUENTA CON CAUSA ESPECIFICA,23.0,0,2023.0,5.0,6.0,1,3,1,0,1.0,1.0,0.0,2.0,0,1,27.0,0.0,0,0,2,0.0,0.0,1
A-2023-05-164,2023-05-15,05:30,DESPISTE,1,0,1,CAJAMARCA,JAEN,SAN FELIPE,URBANA,CARRETERA,NACIONAL,PE-3N,-5.781063,-79.392888,DESPEJADO,INDUSTRIAL,CURVA,PLANA ,ASFALTADA,SI,PREVENTIVA (P),,SI,IMPRUDENCIA DEL CONDUCTOR,EXCESO DE VELOCIDAD,5.0,0,2023.0,5.0,0.0,0,0,1,1,0.0,0.0,0.0,0.0,0,0,29.0,0.0,0,1,1,0.0,1.0,1
A-2023-05-82,2023-05-15,08:00,CHOQUE,1,1,2,HUANCAVELICA,ANGARAES,LIRCAY,RURAL,CARRETERA,PROVINCIAL,HV-881,-13.0032514,-74.7349296,SOLEADO,RURAL,CURVA,PLANA ,TROCHA,,,,,EN PROCESO DE INVESTIGACIÓN,NO CUENTA CON CAUSA ESPECIFICA,8.0,0,2023.0,5.0,0.0,0,1,1,1,0.0,0.0,2.0,2.0,0,0,47.0,0.0,0,1,2,0.0,0.5,0
A-2023-05-14,2023-05-15,14:15,DESPISTE,1,0,1,TUMBES,ZARUMILLA,ZARUMILLA,RURAL,CARRETERA,DEPARTAMENTAL,TU-100,-3.4833978012527878,-80.28688427327613,SOLEADO,RURAL,TRAMO RECTO,PLANA ,ASFALTADA,,,,,IMPRUDENCIA DEL CONDUCTOR,EXCESO DE VELOCIDAD,14.0,0,2023.0,5.0,0.0,0,2,1,0,0.0,0.0,0.0,0.0,0,0,37.0,0.0,0,0,1,0.0,0.0,0
A-2023-05-22,2023-05-15,14:35,CHOQUE,1,0,2,AREQUIPA,CAYLLOMA,MAJES,URBANA,CARRETERA,SIN CLASIFICAR,SIN CLASIFICAR,-16.320432,-72.214965,DESPEJADO,RURAL,TRAMO RECTO,INCLINADA,ASFALTADA,,,,,EN PROCESO DE INVESTIGACIÓN,NO CUENTA CON CAUSA ESPECIFICA,14.0,0,2023.0,5.0,0.0,0,2,1,0,0.0,1.0,0.0,1.0,0,0,36.0,12.727922061357855,0,2,2,0.0,1.0,0
A-2023-05-71,2023-05-15,17:15,DESPISTE,1,3,1,LA LIBERTAD,VIRU,GUADALUPITO,RURAL,CARRETERA,NACIONAL,PE-1N,-8.69716478565437,-78.63794517639676,DESPEJADO,RURAL,TRAMO RECTO,PLANA ,ASFALTADA,,,,,EN PROCESO DE INVESTIGACIÓN,NO CUENTA CON CAUSA ESPECIFICA,17.0,0,2023.0,5.0,0.0,0,2,1,0,0.0,0.0,0.0,0.0,0,0,42.2,5.11859355682789,0,1,5,0.0,0.2,0
A-2023-05-72,2023-05-15,18:30,DESPISTE,1,0,1,LA LIBERTAD,ASCOPE,CHICAMA,RURAL,CARRETERA,NACIONAL,PE-1NF,-7.748804,-79.100962,DESPEJADO,RURAL,TRAMO RECTO,PLANA ,ASFALTADA,,,,,EN PROCESO DE INVESTIGACIÓN,NO CUENTA CON CAUSA ESPECIFICA,18.0,0,2023.0,5.0,0.0,0,3,1,0,0.0,0.0,0.0,0.0,0,0,45.0,0.0,0,0,1,0.0,0.0,1
A-2023-05-99,2023-05-15,21:30,ATROPELLO,1,0,1,PIURA,PIURA,CATACAOS,RURAL,CARRETERA,NACIONAL,PE-1N,-5.227757585565833,-80.65413186806087,DESPEJADO,RURAL,TRAMO RECTO,PLANA ,ASFALTADA,,,,,IMPRUDENCIA DEL PEATÓN,ESTADO DE EBRIEDAD Y/O DROGADICCIÓN,21.0,0,2023.0,5.0,0.0,0,3,1,0,0.0,0.0,0.0,0.0,0,0,48.5,26.16295090390226,1,1,2,0.5,0.5,1
A-2023-05-44,2023-05-17,06:00,DESPISTE,2,7,1,CUSCO,CANCHIS,TINTA,URBANA,CARRETERA,NACIONAL,PE-3S,-14.152876,-71.391394,NUBLADO,RURAL,TRAMO RECTO,PLANA ,ASFALTADA,NO,,,SI,IMPRUDENCIA DEL CONDUCTOR,CONDUCIR EN ESTADO DE EBRIEDAD Y/O DROGADICCIÓN,6.0,1,2023.0,5.0,2.0,0,1,1,1,0.0,0.0,0.0,0.0,0,1,38.0,11.916375287812986,1,1,10,0.1,0.1,0
A-2023-05-149,2023-05-17,20:30,ATROPELLO,1,0,0,JUNIN,HUANCAYO,HUANCAN,URBANA,CARRETERA,PROVINCIAL,JU-1036,-12.114898,-75.223991,DESPEJADO,RURAL,TRAMO RECTO,PLANA ,ASFALTADA,NO,,,SI,IMPRUDENCIA DEL PEATÓN,ESTADO DE EBRIEDAD Y/O DROGADICCIÓN,20.0,0,2023.0,5.0,2.0,0,3,1,1,0.0,0.0,0.0,0.0,0,1,58.0,19.79898987322333,0,1,2,0.0,0.5,1
A-2023-05-33,2023-05-18,00:18,DESPISTE,1,0,1,CUSCO,CHUMBIVILCAS,LLUSCO,RURAL,CARRETERA,PROVINCIAL,CU-1901,-14.344158,-72.135893,DESPEJADO,RURAL,TRAMO RECTO,INCLINADA,AFIRMADO,,,,,IMPRUDENCIA DEL CONDUCTOR,EXCESO DE VELOCIDAD,0.0,0,2023.0,5.0,3.0,0,0,1,1,0.0,1.0,1.0,2.0,0,0,52.0,0.0,0,0,1,0.0,0.0,1
A-2023-05-90,2023-05-18,07:30,ATROPELLO,1,0,1,PUNO,HUANCANE,TARACO,RURAL,CARRETERA,SIN CLASIFICAR,SIN CLASIFICAR,-15.276588,-69.957304,DESPEJADO,RURAL,TRAMO RECTO,PLANA ,TROCHA,,,,,IMPRUDENCIA DEL CONDUCTOR,EXCESO DE VELOCIDAD,7.0,0,2023.0,5.0,3.0,0,1,1,1,0.0,0.0,2.0,2.0,0,0,58.5,13.435028842544403,0,0,2,0.0,0.0,0
A-2023-05-24,2023-05-18,07:54,ATROPELLO,1,0,0,AMAZONAS,CHACHAPOYAS,CHACHAPOYAS,URBANA,AVENIDA,URBANO,NO CORRESPONDE,-6.24623,-77.891027,,,,,,,,,,EN PROCESO DE INVESTIGACIÓN,NO CUENTA CON CAUSA ESPECIFICA,7.0,0,2023.0,5.0,3.0,0,1,1,2,1.0,1.0,1.0,3.0,0,0,46.5,10.606601717798213,0,0,2,0.0,0.0,0
A-2023-05-70,2023-05-18,20:40,ATROPELLO,1,0,1,LA LIBERTAD,TRUJILLO,HUANCHACO,URBANA,CARRETERA,NACIONAL,PE-1N,-8.010899,-79.070726,DESPEJADO,COMERCIAL,CURVA,PLANA ,ASFALTADA,,,,,IMPRUDENCIA DEL PEATÓN,CRUCE INDEBIDO POR LA CALZADA,20.0,0,2023.0,5.0,3.0,0,3,1,0,0.0,0.0,0.0,0.0,0,0,38.5,2.1213203435596424,0,1,2,0.0,0.5,1
A-2023-05-122,2023-05-19,06:00,ATROPELLO FUGA,1,0,0,LIMA,LIMA,ATE,URBANA,CARRETERA,NACIONAL,PE-22,-12.008269,-76.860337,DESPEJADO,COMERCIAL,TRAMO RECTO,PLANA ,ASFALTADA,,,,,EN PROCESO DE INVESTIGACIÓN,NO CUENTA CON CAUSA ESPECIFICA,6.0,0,2023.0,5.0,4.0,0,1,1,0,0.0,0.0,0.0,0.0,0,0,0.0,0.0,0,0,2,0.0,0.0,0
A-2023-05-19,2023-05-19,08:05,CHOQUE,1,1,2,ICA,ICA,ICA,URBANA,AVENIDA,URBANO,NO CORRESPONDE,-14.0855057,-75.7229572,DESPEJADO,RESIDENCIAL,TRAMO RECTO,PLANA ,ASFALTADA,,,,,IMPRUDENCIA DEL CONDUCTOR,GIRAR IMPRUDENTEMENTE,8.0,0,2023.0,5.0,4.0,0,1,1,0,1.0,0.0,0.0,1.0,0,0,32.666666666666664,20.207259421636902,1,2,3,0.333,0.667,0
A-2023-05-169,2023-05-19,10:30,ATROPELLO,1,0,1,TACNA,TACNA,ALTO DE LA ALIANZA,URBANA,CARRETERA,NACIONAL,PE-38,-17.999789,-70.259936,DESPEJADO,COMERCIAL,TRAMO RECTO,PLANA ,ASFALTADA,,,,,IMPRUDENCIA DEL CONDUCTOR,NO DAR PASO PREFERENTE AL PEATÓN,10.0,0,2023.0,5.0,4.0,0,1,1,0,0.0,0.0,0.0,0.0,0,0,56.5,33.23401871576773,0,1,2,0.0,0.5,0
A-2023-05-38,2023-05-19,18:20,DESPISTE,2,1,1,CUSCO,LA CONVENCION,VILCABAMBA,RURAL,CARRETERA,PROVINCIAL,CU-614,-12.857471,-73.186868,DESPEJADO,RURAL,CURVA,INCLINADA,AFIRMADO,,,,,IMPRUDENCIA DEL CONDUCTOR,EXCESO DE VELOCIDAD,18.0,1,2023.0,5.0,4.0,0,3,1,1,0.0,1.0,1.0,2.0,0,0,31.0,5.196152422706632,0,1,3,0.0,0.333,1
A-2023-05-35,2023-05-19,18:30,DESPISTE,1,0,1,CUSCO,LA CONVENCION,ECHARATE,URBANA,JIRÓN,URBANO,NO CORRESPONDE,-12.7671,-72.581766,DESPEJADO,RESIDENCIAL,INTERSECCIÓN,INCLINADA,AFIRMADO,,,,,IMPRUDENCIA DEL CONDUCTOR,OTRO (IMPRUDENCIA DEL CONDUCTOR),18.0,0,2023.0,5.0,4.0,0,3,1,1,1.0,1.0,1.0,3.0,0,0,58.0,0.0,0,0,1,0.0,0.0,1
A-2023-05-111,2023-05-20,12:00,CHOQUE,1,1,2,HUANCAVELICA,TAYACAJA,QUICHUAS,RURAL,CARRETERA,NACIONAL,PE-3S,-12.495509,-74.72221,DESPEJADO,RURAL,TRAMO RECTO,PLANA ,ASFALTADA,,,,,EN PROCESO DE INVESTIGACIÓN,NO CUENTA CON CAUSA ESPECIFICA,12.0,0,2023.0,5.0,5.0,1,2,1,1,0.0,0.0,0.0,0.0,0,0,21.5,10.606601717798213,0,0,2,0.0,0.0,0
A-2023-05-127,2023-05-20,19:20,VOLCADURA,1,0,0,LIMA,LIMA,LURIGANCHO,URBANA,CARRETERA,NACIONAL,PE-22,-12.02100704,-76.92451146,DESPEJADO,INDUSTRIAL,CURVA,PLANA ,ASFALTADA,SI,REGULADORA (R),,NO,IMPRUDENCIA DEL CONDUCTOR,OTRO (IMPRUDENCIA DEL CONDUCTOR),19.0,0,2023.0,5.0,5.0,1,3,1,0,0.0,0.0,0.0,0.0,0,1,22.0,0.0,0,0,1,0.0,0.0,1
A-2023-05-126,2023-05-20,23:40,ATROPELLO,1,0,0,LIMA,LIMA,LURIN,RURAL,CARRETERA,NACIONAL,PE-1S,-12.245601,-76.937863,DESPEJADO,INDUSTRIAL,TRAMO RECTO,PLANA ,ASFALTADA,,,,,IMPRUDENCIA DEL PEATÓN,OTRO (IMPRUDENCIA DEL PEATÓN),23.0,0,2023.0,5.0,5.0,1,3,1,0,0.0,0.0,0.0,0.0,0,0,31.0,0.0,0,1,2,0.0,0.5,1
A-2023-05-125,2023-05-21,06:30,DESPISTE,1,0,0,LIMA,LIMA,LURIN,RURAL,CARRETERA,NACIONAL,PE-1S,-12.272526,-76.895531,DESPEJADO,RURAL,TRAMO RECTO,PLANA ,ASFALTADA,,,,,IMPRUDENCIA DEL CONDUCTOR,OTRO (IMPRUDENCIA DEL CONDUCTOR),6.0,0,2023.0,5.0,6.0,1,1,1,0,0.0,0.0,0.0,0.0,0,0,42.0,25.45584412271571,0,2,2,0.0,1.0,0
A-2023-05-165,2023-05-21,06:40,DESPISTE,1,2,1,CAJAMARCA,CONTUMAZA,YONAN,RURAL,CARRETERA,NACIONAL,PE-08,-7.250003,-79.23128,DESPEJADO,RURAL,CURVA,PLANA ,ASFALTADA,SI,PREVENTIVA (P),,SI,IMPRUDENCIA DEL CONDUCTOR,OTRO (IMPRUDENCIA DEL CONDUCTOR),6.0,0,2023.0,5.0,6.0,1,1,1,1,0.0,0.0,0.0,0.0,0,0,55.666666666666664,10.016652800877813,0,1,3,0.0,0.333,0
A-2023-05-166,2023-05-21,06:50,CHOQUE,1,2,2,CAJAMARCA,CUTERVO,CALLAYUC,URBANA,CARRETERA,SIN CLASIFICAR,SIN CLASIFICAR,-6.17667,-78.9047,DESPEJADO,INDUSTRIAL,CURVA,INCLINADA,ASFALTADA,NO,,,SI,IMPRUDENCIA DEL CONDUCTOR,EXCESO DE VELOCIDAD,6.0,0,2023.0,5.0,6.0,1,1,1,1,0.0,1.0,0.0,1.0,0,1,25.0,2.6457513110645907,0,1,3,0.0,0.333,0
A-2023-05-23,2023-05-21,16:00,CHOQUE,1,0,2,PUNO,CHUCUITO,JULI,RURAL,CARRETERA,NACIONAL,PE-3S,-16.232840478985725,-69.37964395665307,DESPEJADO,RURAL,TRAMO RECTO,PLANA ,ASFALTADA,,,,,NEGLIGENCIA DEL CONDUCTOR,OTRO (NEGLIGENCIA DEL CONDUCTOR),16.0,0,2023.0,5.0,6.0,1,2,1,1,0.0,0.0,0.0,0.0,0,0,53.5,24.748737341529164,0,1,2,0.0,0.5,0
A-2023-05-152,2023-05-21,18:00,CHOQUE FUGA,1,0,1,TACNA,TACNA,TACNA,RURAL,CARRETERA,NACIONAL,PE-1SD,-18.07401,-70.31412,DESPEJADO,RURAL,INTERSECCIÓN,PLANA ,ASFALTADA,,,,,EN PROCESO DE INVESTIGACIÓN,NO CUENTA CON CAUSA ESPECIFICA,18.0,0,2023.0,5.0,6.0,1,3,1,0,0.0,0.0,0.0,0.0,0,0,31.0,0.0,0,0,2,0.0,0.0,1
A-2023-05-73,2023-05-21,19:00,DESPISTE,5,13,1,LA LIBERTAD,OTUZCO,SALPO,RURAL,CARRETERA,NACIONAL,PE-10A,-7.989281,-78.65696,DESPEJADO,RURAL,TRAMO RECTO,PLANA ,ASFALTADA,,,,,NEGLIGENCIA DEL CONDUCTOR,CONDUCIR CON FALLAS DE FRENOS,19.0,2,2023.0,5.0,6.0,1,3,1,0,0.0,0.0,0.0,0.0,0,0,31.88888888888889,20.576654072284384,0,1,18,0.0,0.056,1
A-2023-05-25,2023-05-21,20:30,ATROPELLO,1,0,1,TUMBES,TUMBES,SAN JACINTO,RURAL,CARRETERA,DEPARTAMENTAL,TU-105,-3.644838190092514,-80.4497862623779,SOLEADO,RURAL,CURVA,PLANA ,ASFALTADA,SI,PREVENTIVA (P),,NO,IMPRUDENCIA DEL PEATÓN,ESTADO DE EBRIEDAD Y/O DROGADICCIÓN,20.0,0,2023.0,5.0,6.0,1,3,1,0,0.0,0.0,0.0,0.0,0,1,23.0,5.656854249492381,0,0,2,0.0,0.0,1
A-2023-05-124,2023-05-21,23:30,ATROPELLO,1,0,0,LIMA,LIMA,SAN JUAN DE MIRAFLORES,URBANA,CARRETERA,NACIONAL,PE-1S,-12.14689319,-76.98213285,DESPEJADO,COMERCIAL,TRAMO RECTO,PLANA ,ASFALTADA,,,,,EN PROCESO DE INVESTIGACIÓN,NO CUENTA CON CAUSA ESPECIFICA,23.0,0,2023.0,5.0,6.0,1,3,1,0,0.0,0.0,0.0,0.0,0,0,34.0,0.0,0,1,2,0.0,0.5,1
A-2023-05-74,2023-05-22,03:40,CHOQUE,5,4,2,LA LIBERTAD,TRUJILLO,LAREDO,RURAL,CARRETERA,NACIONAL,PE-10A,-8.095889628467335,-78.96662371540658,DESPEJADO,RURAL,TRAMO RECTO,PLANA ,ASFALTADA,,,,,IMPRUDENCIA DEL CONDUCTOR,CONDUCIR EN ESTADO DE EBRIEDAD Y/O DROGADICCIÓN,3.0,2,2023.0,5.0,0.0,0,0,1,0,0.0,0.0,0.0,0.0,0,0,43.111111111111114,14.734690736866897,0,2,9,0.0,0.222,1
A-2023-05-92,2023-05-22,05:50,DESPISTE,2,0,1,PIURA,HUANCABAMBA,HUARMACA,RURAL,CARRETERA,NACIONAL,PE-04B,-5.8306,-79.4774,DESPEJADO,RURAL,TRAMO RECTO,INCLINADA,ASFALTADA,SI,PREVENTIVA (P),REGULADORA (R),NO,IMPRUDENCIA DEL CONDUCTOR,FATIGA Y/O CANSANCIO,5.0,1,2023.0,5.0,0.0,0,0,1,0,0.0,1.0,0.0,1.0,0,1,35.5,9.192388155425117,0,0,2,0.0,0.0,1
A-2023-05-98,2023-05-22,06:30,CHOQUE,1,0,1,PIURA,PIURA,VEINTISEIS DE OCTUBRE,URBANA,CARRETERA,NACIONAL,PE-1N,-5.1731216,-80.6819183,DESPEJADO,COMERCIAL,TRAMO RECTO,PLANA ,ASFALTADA,,,,,EN PROCESO DE INVESTIGACIÓN,NO CUENTA CON CAUSA ESPECIFICA,6.0,0,2023.0,5.0,0.0,0,1,1,0,0.0,0.0,0.0,0.0,0,0,31.0,0.0,0,0,3,0.0,0.0,0
A-2023-05-20,2023-05-22,06:40,CHOQUE,1,0,2,ICA,NASCA,NASCA,URBANA,CARRETERA,NACIONAL,PE-1S,-14.8216762,-74.9659506,DESPEJADO,COMERCIAL,TRAMO RECTO,PLANA ,ASFALTADA,,,,,EN PROCESO DE INVESTIGACIÓN,NO CUENTA CON CAUSA ESPECIFICA,6.0,0,2023.0,5.0,0.0,0,1,1,0,0.0,0.0,0.0,0.0,0,0,34.0,0.0,0,1,2,0.0,0.5,0
A-2023-05-167,2023-05-22,11:50,CHOQUE,1,0,2,CAJAMARCA,CONTUMAZA,YONAN,RURAL,CARRETERA,NACIONAL,PE-08,-7.179834,-79.013475,DESPEJADO,RURAL,CURVA,INCLINADA,ASFALTADA,SI,REGULADORA (R),PREVENTIVA (P),SI,IMPRUDENCIA DEL CONDUCTOR,CONDUCIR EN ESTADO DE EBRIEDAD Y/O DROGADICCIÓN,11.0,0,2023.0,5.0,0.0,0,1,1,1,0.0,1.0,0.0,1.0,0,0,39.0,2.8284271247461903,0,1,2,0.0,0.5,0
A-2023-05-123,2023-05-22,20:20,CHOQUE,1,0,0,LIMA,LIMA,PUENTE PIEDRA,URBANA,CARRETERA,NACIONAL,PE-1N,-11.899354,-77.067782,DESPEJADO,COMERCIAL,TRAMO RECTO,PLANA ,ASFALTADA,,,,,IMPRUDENCIA DEL CONDUCTOR,OTRO (IMPRUDENCIA DEL CONDUCTOR),20.0,0,2023.0,5.0,0.0,0,3,1,0,0.0,0.0,0.0,0.0,0,0,29.0,9.899494936611665,0,1,2,0.0,0.5,1
A-2023-05-84,2023-05-23,10:30,DESPISTE,2,0,1,HUANCAVELICA,HUANCAVELICA,CUENCA,RURAL,CARRETERA,PROVINCIAL,HV-924,-12.447519,-75.026261,SOLEADO,RURAL,CURVA,PLANA ,TROCHA,,,,,EN PROCESO DE INVESTIGACIÓN,NO CUENTA CON CAUSA ESPECIFICA,10.0,1,2023.0,5.0,1.0,0,1,1,1,0.0,0.0,2.0,2.0,0,0,50.5,0.7071067811865476,0,1,2,0.0,0.5,0
A-2023-05-42,2023-05-23,15:45,DESPISTE,1,0,1,CUSCO,PAUCARTAMBO,KOSÑIPATA,RURAL,CARRETERA,DEPARTAMENTAL,CU-114,-12.91651,-71.39262,DESPEJADO,RURAL,TRAMO RECTO,PLANA ,AFIRMADO,,,,,IMPRUDENCIA DEL CONDUCTOR,EXCESO DE VELOCIDAD,15.0,0,2023.0,5.0,1.0,0,2,1,1,0.0,0.0,1.0,1.0,0,0,53.0,0.0,0,0,1,0.0,0.0,0
A-2023-05-121,2023-05-24,14:00,CHOQUE,1,2,0,LIMA,LIMA,SAN JUAN DE MIRAFLORES,URBANA,CARRETERA,NACIONAL,PE-1S,-12.17345044,-76.97824974,DESPEJADO,RESIDENCIAL,TRAMO RECTO,PLANA ,ASFALTADA,,,,,IMPRUDENCIA DEL CONDUCTOR,OTRO (IMPRUDENCIA DEL CONDUCTOR),14.0,0,2023.0,5.0,2.0,0,2,1,0,0.0,0.0,0.0,0.0,0,0,26.666666666666668,11.718930554164631,0,1,4,0.0,0.25,0
A-2023-05-154,2023-05-24,17:00,ATROPELLO,1,0,0,LIMA,LIMA,CHORRILLOS,URBANA,AVENIDA,URBANO,NO CORRESPONDE,-12.19022849,-77.00627146,DESPEJADO,RESIDENCIAL,INTERSECCIÓN,PLANA ,ASFALTADA,,,,,IMPRUDENCIA DEL PEATÓN,OTRO (IMPRUDENCIA DEL PEATÓN),17.0,0,2023.0,5.0,2.0,0,2,1,0,1.0,0.0,0.0,1.0,0,0,37.0,0.0,0,1,2,0.0,0.5,0
A-2023-05-173,2023-05-24,17:00,ATROPELLO,1,0,0,LIMA,LIMA,CHORRILLOS,URBANA,AVENIDA,URBANO,NO CORRESPONDE,-12.190240130901271,-77.00637930966165,DESPEJADO,COMERCIAL,INTERSECCIÓN,PLANA ,ASFALTADA,SI,REGULADORA (R),,SI,IMPRUDENCIA DEL PEATÓN,CRUCE INDEBIDO POR LA CALZADA,17.0,0,2023.0,5.0,2.0,0,2,1,0,1.0,0.0,0.0,1.0,0,0,58.5,31.81980515339464,0,1,2,0.0,0.5,0
A-2023-05-104,2023-05-24,20:30,CHOQUE,1,1,0,LORETO,MAYNAS,SAN JUAN BAUTISTA,URBANA,AVENIDA,URBANO,NO CORRESPONDE,-3.7771768,-73.275805,,,,,,,,,,EN PROCESO DE INVESTIGACIÓN,NO CUENTA CON CAUSA ESPECIFICA,20.0,0,2023.0,5.0,2.0,0,3,1,2,1.0,1.0,1.0,3.0,0,0,32.5,7.7781745930520225,0,0,2,0.0,0.0,1
A-2023-05-47,2023-05-24,23:30,DESPISTE,1,0,1,APURIMAC,ANDAHUAYLAS,SAN JERONIMO,RURAL,CARRETERA,SIN CLASIFICAR,SIN CLASIFICAR,-13.670543,-73.28751,DESPEJADO,RURAL,TRAMO RECTO,INCLINADA,AFIRMADO,,,,,IMPRUDENCIA DEL CONDUCTOR,CONDUCIR EN ESTADO DE EBRIEDAD Y/O DROGADICCIÓN,23.0,0,2023.0,5.0,2.0,0,3,1,1,0.0,1.0,1.0,2.0,0,0,30.0,0.0,0,1,1,0.0,1.0,1