CODIGO_SINIESTRO,FECHA_SINIESTRO,HORA_SINIESTRO,CLASE_SINIESTRO,CANTIDAD_FALLECIDOS,CANTIDAD_LESIONADOS,CANTIDAD_VEHICULOS,DEPARTAMENTO,PROVINCIA,DISTRITO,ZONA,TIPO_VIA,RED_VIAL,COD_CARRETERA,LATITUD,LONGITUD,CONDICION_CLIMATICA,ZONIFICACION,CARACTERISTICAS_VIA,PERFIL_VIA,SUPERFICIE_CALZADA,EXISTE_SENIAL_VERTICAL,CLASIFICACION_SENIAL_VERTICAL_1,CLASIFICACION_SENIAL_VERTICAL_2,EXISTE_SENIAL_HORIZONTAL,CAUSA_FACTOR_PRINCIPAL,CAUSA_ESPECIFICA,HORA,severidad,ANIO,MES,DIA_SEMANA,FIN_SEMANA,FRANJA_HORARIA,TEMPORADA,MACROREGION,TIPO_VIA_SCORE,PERFIL_VIA_SCORE,SUPERFICIE_CALZADA_SCORE,RIESGO_INFRAESTRUCTURA,RIESGO_CLIMATICO,SENIALIZACION_DEFICIENTE,EDAD_PROMEDIO,EDAD_STD,TOTAL_ALCOHOL,TOTAL_LICENCIA,TOTAL_PERSONAS,PCT_ALCOHOL,PCT_LICENCIA,ES_NOCHE
A-2023-06-185,2023-06-11,03:30,DESPISTE,1,0,1,CAJAMARCA,CAJAMARCA,LOS BAÑOS DEL INCA,URBANA,CARRETERA,NACIONAL,PE-08B,-7.164906,-78.47059,DESPEJADO,COMERCIAL,TRAMO RECTO,INCLINADA,ASFALTADA,NO,,,SI,IMPRUDENCIA DEL CONDUCTOR,CONDUCIR EN ESTADO DE EBRIEDAD Y/O DROGADICCIÓN,3.0,0,2023.0,6.0,6.0,1,0,2,1,0.0,1.0,0.0,1.0,0,1,11.0,0.0,1,0,1,1.0,0.0,1
A-2023-06-12,2023-06-11,04:00,CHOQUE,1,1,2,PUNO,PUNO,ACORA,RURAL,CARRETERA,NACIONAL,PE-3S,-16.005143,-69.76017,DESPEJADO,RURAL,TRAMO RECTO,PLANA ,ASFALTADA,,,,,IMPRUDENCIA DEL CONDUCTOR,OTRO (IMPRUDENCIA DEL CONDUCTOR),4.0,0,2023.0,6.0,6.0,1,0,2,1,0.0,0.0,0.0,0.0,0,0,40.0,1.4142135623730951,0,0,3,0.0,0.0,1
A-2023-06-15,2023-06-11,04:00,DESPISTE,5,2,0,ANCASH,CORONGO,YANAC,RURAL,CARRETERA,NACIONAL,PE-12A,-8.61912653,-77.86382666,,,,,,,,,,EN PROCESO DE INVESTIGACIÓN,NO CUENTA CON CAUSA ESPECIFICA,4.0,2,2023.0,6.0,6.0,1,0,2,0,0.0,1.0,1.0,2.0,0,0,34.142857142857146,6.20291790016525,0,1,7,0.0,0.143,1
A-2023-06-132,2023-06-11,05:20,VOLCADURA,1,0,0,LIMA,LIMA,SURQUILLO,URBANA,AVENIDA,URBANO,NO CORRESPONDE,-12.109287273426167,-77.025994012994,DESPEJADO,COMERCIAL,INTERSECCIÓN,PLANA ,ASFALTADA,,,,,EN PROCESO DE INVESTIGACIÓN,NO CUENTA CON CAUSA ESPECIFICA,5.0,0,2023.0,6.0,6.0,1,0,2,0,1.0,0.0,0.0,1.0,0,0,29.0,0.0,0,0,1,0.0,0.0,1
A-2023-06-84,2023-06-11,10:00,CHOQUE,1,0,2,CALLAO,CALLAO,CALLAO,URBANA,AVENIDA,URBANO,NO CORRESPONDE,-12.0142975,-77.104825716,DESPEJADO,COMERCIAL,TRAMO RECTO,PLANA ,ASFALTADA,SI,INFORMATIVA (I),INFORMATIVA (I),SI,IMPRUDENCIA DEL CONDUCTOR,CONDUCIR EN ESTADO DE EBRIEDAD Y/O DROGADICCIÓN,10.0,0,2023.0,6.0,6.0,1,1,2,0,1.0,0.0,0.0,1.0,0,0,47.0,1.4142135623730951,0,2,3,0.0,0.667,0
A-2023-06-16,2023-06-11,18:00,DESPISTE,1,0,1,ANCASH,ASUNCION,CHACAS,RURAL,CARRETERA,DEPARTAMENTAL,AN-107,-9.162370021387396,-77.37054401533221,DESPEJADO,RURAL,TRAMO RECTO,PLANA ,ASFALTADA,,,,,EN PROCESO DE INVESTIGACIÓN,NO CUENTA CON CAUSA ESPECIFICA,18.0,0,2023.0,6.0,6.0,1,3,2,0,0.0,0.0,0.0,0.0,0,0,27.0,0.0,0,0,1,0.0,0.0,1
A-2023-06-50,2023-06-11,19:10,CHOQUE,1,1,2,LA LIBERTAD,PACASMAYO,SAN PEDRO DE LLOC,RURAL,CARRETERA,PROVINCIAL,LI-585,-7.3860475,-79.4887604,DESPEJADO,RURAL,TRAMO RECTO,PLANA ,ASFALTADA,,,,,IMPRUDENCIA DEL CONDUCTOR,OTRO (IMPRUDENCIA DEL CONDUCTOR),19.0,0,2023.0,6.0,6.0,1,3,2,0,0.0,0.0,0.0,0.0,0,0,39.5,33.23401871576773,0,0,2,0.0,0.0,1
A-2023-06-133,2023-06-12,00:30,ATROPELLO,1,0,0,LIMA,LIMA,CHACLACAYO,URBANA,CARRETERA,NACIONAL,PE-22,-11.982035,-76.797168,DESPEJADO,RESIDENCIAL,TRAMO RECTO,PLANA ,ASFALTADA,NO,,,SI,IMPRUDENCIA DEL PEATÓN,OTRO (IMPRUDENCIA DEL PEATÓN),0.0,0,2023.0,6.0,0.0,0,0,2,0,0.0,0.0,0.0,0.0,0,1,47.5,20.506096654409877,0,1,2,0.0,0.5,1
A-2023-06-187,2023-06-12,03:40,ATROPELLO FUGA,1,0,1,CAJAMARCA,JAEN,PUCARA,RURAL,CARRETERA,NACIONAL,PE-3N,-6.047501,-79.045497,DESPEJADO,RURAL,CURVA,PLANA ,ASFALTADA,NO,,,SI,EN PROCESO DE INVESTIGACIÓN,NO CUENTA CON CAUSA ESPECIFICA,3.0,0,2023.0,6.0,0.0,0,0,2,1,0.0,0.0,0.0,0.0,0,1,49.0,0.0,0,0,2,0.0,0.0,1
A-2023-06-135,2023-06-12,06:30,CAÍDA DE PASAJERO,1,0,0,LIMA,LIMA,LIMA,URBANA,AVENIDA,URBANO,NO CORRESPONDE,-12.04426499,-77.04279183,DESPEJADO,COMERCIAL,INTERSECCIÓN,PLANA ,ASFALTADA,,,,,EN PROCESO DE INVESTIGACIÓN,NO CUENTA CON CAUSA ESPECIFICA,6.0,0,2023.0,6.0,0.0,0,1,2,0,1.0,0.0,0.0,1.0,0,0,43.0,8.48528137423857,0,1,2,0.0,0.5,0
A-2023-06-21,2023-06-12,06:30,DESPISTE,1,1,1,ANCASH,CARLOS FERMIN FITZCARRALD,SAN LUIS,RURAL,CARRETERA,NACIONAL,PE-14C,-9.11070449141259,-77.3156033735478,DESPEJADO,RURAL,TRAMO RECTO,INCLINADA,TROCHA,,,,,EN PROCESO DE INVESTIGACIÓN,NO CUENTA CON CAUSA ESPECIFICA,6.0,0,2023.0,6.0,0.0,0,1,2,0,0.0,1.0,2.0,3.0,0,0,38.0,8.48528137423857,0,1,2,0.0,0.5,0
A-2023-06-160,2023-06-12,10:30,ATROPELLO,1,0,0,JUNIN,JAUJA,HUARIPAMPA,URBANA,CARRETERA,NACIONAL,PE-3SB,-11.811586525589233,-75.47382070126794,DESPEJADO,RURAL,TRAMO RECTO,PLANA ,ASFALTADA,SI,REGULADORA (R),,SI,IMPRUDENCIA DEL CONDUCTOR,DESACATO DE SEÑAL DE TRÁNSITO,10.0,0,2023.0,6.0,0.0,0,1,2,1,0.0,0.0,0.0,0.0,0,0,42.0,31.11269837220809,0,1,2,0.0,0.5,0
A-2023-06-24,2023-06-12,14:30,CHOQUE,6,11,0,AREQUIPA,AREQUIPA,YURA,URBANA,CARRETERA,NACIONAL,PE-34A,-16.2938643,-71.6391367,SOLEADO,RURAL,CURVA,INCLINADA,ASFALTADA,,,,,EN PROCESO DE INVESTIGACIÓN,NO CUENTA CON CAUSA ESPECIFICA,14.0,2,2023.0,6.0,0.0,0,2,2,0,0.0,1.0,0.0,1.0,0,0,34.294117647058826,13.274810289992628,0,2,18,0.0,0.111,0
A-2023-06-23,2023-06-12,15:10,CHOQUE,1,1,2,CUSCO,ESPINAR,ESPINAR,URBANA,CARRETERA,NACIONAL,PE-3SG,-14.798394,-71.42181,DESPEJADO,RESIDENCIAL,TRAMO RECTO,PLANA ,ASFALTADA,,,,,IMPRUDENCIA DEL CONDUCTOR,OTRO (IMPRUDENCIA DEL CONDUCTOR),15.0,0,2023.0,6.0,0.0,0,2,2,1,0.0,0.0,0.0,0.0,0,0,45.666666666666664,20.256686138984662,0,1,3,0.0,0.333,0
A-2023-06-161,2023-06-12,19:00,DESPISTE,2,2,0,JUNIN,YAULI,LA OROYA,URBANA,CARRETERA,NACIONAL,PE-3S,-11.566416067581692,-75.86168999681944,DESPEJADO,RURAL,CURVA,INCLINADA,ASFALTADA,NO,,,SI,EN PROCESO DE INVESTIGACIÓN,NO CUENTA CON CAUSA ESPECIFICA,19.0,1,2023.0,6.0,0.0,0,3,2,1,0.0,1.0,0.0,1.0,0,1,46.0,15.033296378372908,0,1,4,0.0,0.25,1
A-2023-06-134,2023-06-12,20:30,ATROPELLO,1,0,0,LIMA,LIMA,SAN MARTIN DE PORRES,URBANA,CARRETERA,NACIONAL,PE-1N,-12.033849,-77.052185,DESPEJADO,COMERCIAL,CURVA,PLANA ,ASFALTADA,,,,,EN PROCESO DE INVESTIGACIÓN,NO CUENTA CON CAUSA ESPECIFICA,20.0,0,2023.0,6.0,0.0,0,3,2,0,0.0,0.0,0.0,0.0,0,0,33.5,4.949747468305833,0,1,2,0.0,0.5,1
A-2023-06-92,2023-06-13,09:00,CHOQUE,1,0,1,CALLAO,CALLAO,CALLAO,URBANA,CARRETERA,NACIONAL,PE-20,-11.9469751337747,-77.1315834711881,DESPEJADO,INDUSTRIAL,TRAMO RECTO,PLANA ,ASFALTADA,NO,,,SI,EN PROCESO DE INVESTIGACIÓN,NO CUENTA CON CAUSA ESPECIFICA,9.0,0,2023.0,6.0,1.0,0,1,2,0,0.0,0.0,0.0,0.0,0,1,41.0,4.242640687119285,0,2,2,0.0,1.0,0
A-2023-06-17,2023-06-13,14:30,DESPISTE,1,0,1,ANCASH,CARHUAZ,ATAQUERO,RURAL,CARRETERA,PROVINCIAL,AN-1093,-9.258460364990205,-77.68393288489769,DESPEJADO,RURAL,CURVA,INCLINADA,TROCHA,,,,,EN PROCESO DE INVESTIGACIÓN,NO CUENTA CON CAUSA ESPECIFICA,14.0,0,2023.0,6.0,1.0,0,2,2,0,0.0,1.0,2.0,3.0,0,0,55.0,0.0,0,0,1,0.0,0.0,0
A-2023-06-136,2023-06-13,15:40,VOLCADURA,1,0,0,LIMA,LIMA,SAN JUAN DE MIRAFLORES,URBANA,AVENIDA,URBANO,NO CORRESPONDE,-12.1799327360984,-76.9766362389251,DESPEJADO,COMERCIAL,TRAMO RECTO,INCLINADA,ASFALTADA,,,,,IMPRUDENCIA DEL CONDUCTOR,OTRO (IMPRUDENCIA DEL CONDUCTOR),15.0,0,2023.0,6.0,1.0,0,2,2,0,1.0,1.0,0.0,2.0,0,0,40.0,18.384776310850235,0,1,2,0.0,0.5,0
A-2023-06-137,2023-06-13,21:00,ATROPELLO,1,0,0,LIMA,LIMA,SAN JUAN DE LURIGANCHO,URBANA,AVENIDA,URBANO,NO CORRESPONDE,-11.95565916,-76.99170998,DESPEJADO,COMERCIAL,CURVA,PLANA ,ASFALTADA,,,,,IMPRUDENCIA DEL PEATÓN,OTRO (IMPRUDENCIA DEL PEATÓN),21.0,0,2023.0,6.0,1.0,0,3,2,0,1.0,0.0,0.0,1.0,0,0,50.5,7.7781745930520225,0,1,2,0.0,0.5,1
A-2023-06-13,2023-06-13,21:50,ATROPELLO FUGA,1,0,0,PUNO,EL COLLAO,ILAVE,RURAL,CARRETERA,NACIONAL,PE-38A,-16.160136,-69.648405,DESPEJADO,RURAL,TRAMO RECTO,PLANA ,ASFALTADA,,,,,IMPRUDENCIA DEL CONDUCTOR,OTRO (IMPRUDENCIA DEL CONDUCTOR),21.0,0,2023.0,6.0,1.0,0,3,2,1,0.0,0.0,0.0,0.0,0,0,63.0,0.0,0,0,2,0.0,0.0,1
A-2023-06-52,2023-06-14,01:30,DESPISTE,1,0,1,CUSCO,PAUCARTAMBO,KOSÑIPATA,RURAL,CARRETERA,DEPARTAMENTAL,CU-113,-13.0697255,-71.568227,DESPEJADO,RURAL,CURVA,PLANA ,AFIRMADO,,,,,IMPRUDENCIA DEL CONDUCTOR,EXCESO DE VELOCIDAD,1.0,0,2023.0,6.0,2.0,0,0,2,1,0.0,0.0,1.0,1.0,0,0,40.0,0.0,0,1,1,0.0,1.0,1
A-2023-06-59,2023-06-14,06:30,DESPISTE,2,1,1,LA LIBERTAD,OTUZCO,CHARAT,RURAL,CARRETERA,DEPARTAMENTAL,LI-114,-7.838717909507611,-78.47248786915065,DESPEJADO,RURAL,TRAMO RECTO,PLANA ,ASFALTADA,,,,,EN PROCESO DE INVESTIGACIÓN,NO CUENTA CON CAUSA ESPECIFICA,6.0,1,2023.0,6.0,2.0,0,1,2,0,0.0,0.0,0.0,0.0,0,0,64.33333333333333,22.143471573656498,0,0,3,0.0,0.0,0
A-2023-06-31,2023-06-14,07:30,ATROPELLO,1,0,1,CUSCO,CANCHIS,CHECACUPE,URBANA,CARRETERA,NACIONAL,PE-3S,-13.991498,-71.464515,DESPEJADO,RURAL,CURVA,PLANA ,ASFALTADA,SI,PREVENTIVA (P),,SI,IMPRUDENCIA DEL CONDUCTOR,EXCESO DE VELOCIDAD,7.0,0,2023.0,6.0,2.0,0,1,2,1,0.0,0.0,0.0,0.0,0,0,46.5,10.606601717798213,0,1,2,0.0,0.5,0
A-2023-06-186,2023-06-14,12:30,DESPISTE,1,2,1,CAJAMARCA,CELENDIN,CELENDIN,RURAL,CARRETERA,NACIONAL,PE-08B,-6.888349,-78.121467,DESPEJADO,RURAL,TRAMO RECTO,PLANA ,ASFALTADA,NO,,,SI,NEGLIGENCIA DEL CONDUCTOR,OTRO (NEGLIGENCIA DEL CONDUCTOR),12.0,0,2023.0,6.0,2.0,0,2,2,1,0.0,0.0,0.0,0.0,0,1,58.0,8.660254037844387,0,0,3,0.0,0.0,0
A-2023-06-190,2023-06-14,15:15,ATROPELLO,1,0,0,CALLAO,CALLAO,CALLAO,URBANA,AVENIDA,URBANO,NO CORRESPONDE,-12.0131311,-77.097646517,DESPEJADO,COMERCIAL,TRAMO RECTO,PLANA ,ASFALTADA,NO,,,SI,IMPRUDENCIA DEL CONDUCTOR,OTRO (IMPRUDENCIA DEL CONDUCTOR),15.0,0,2023.0,6.0,2.0,0,2,2,0,1.0,0.0,0.0,1.0,0,1,40.5,17.67766952966369,0,0,2,0.0,0.0,0
A-2023-06-19,2023-06-14,15:45,DESPISTE,1,0,0,ICA,PALPA,PALPA,RURAL,CARRETERA,NACIONAL,PE-30D,-14.427941,-75.121371,DESPEJADO,RURAL,PUENTE,INCLINADA,TROCHA,,,,,IMPRUDENCIA DEL CONDUCTOR,CONDUCIR EN ESTADO DE EBRIEDAD Y/O DROGADICCIÓN,15.0,0,2023.0,6.0,2.0,0,2,2,0,0.0,1.0,2.0,3.0,0,0,56.0,0.0,0,0,1,0.0,0.0,0
A-2023-06-25,2023-06-15,06:30,CHOQUE,1,0,0,ICA,NASCA,MARCONA,RURAL,CARRETERA,NACIONAL,PE-30,-15.3185077,-75.1413688,DESPEJADO,RURAL,TRAMO RECTO,PLANA ,ASFALTADA,,,,,NEGLIGENCIA DEL CONDUCTOR,CONDUCIR CON FALLAS DE FRENOS,6.0,0,2023.0,6.0,3.0,0,1,2,0,0.0,0.0,0.0,0.0,0,0,48.5,3.5355339059327378,0,2,2,0.0,1.0,0
A-2023-06-33,2023-06-15,10:21,FERROVIARIO,1,0,0,CUSCO,URUBAMBA,OLLANTAYTAMBO,RURAL,CARRETERA,DEPARTAMENTAL,CU-110,-13.3083,-72.23552,DESPEJADO,RURAL,CURVA,PLANA ,CASCAJO/RIPIO,SI,PREVENTIVA (P),,NO,IMPRUDENCIA DEL PEATÓN,OTRO (IMPRUDENCIA DEL PEATÓN),10.0,0,2023.0,6.0,3.0,0,1,2,1,0.0,0.0,1.0,1.0,0,1,58.5,30.405591591021544,0,1,2,0.0,0.5,0
A-2023-06-61,2023-06-15,18:40,CHOQUE FUGA,1,0,1,LA LIBERTAD,TRUJILLO,HUANCHACO,RURAL,CARRETERA,NACIONAL,PE-1N,-8.0994527,-79.0990956,DESPEJADO,RURAL,TRAMO RECTO,PLANA ,ASFALTADA,,,,,EN PROCESO DE INVESTIGACIÓN,NO CUENTA CON CAUSA ESPECIFICA,18.0,0,2023.0,6.0,3.0,0,3,2,0,0.0,0.0,0.0,0.0,0,0,38.0,0.0,0,1,2,0.0,0.5,1
A-2023-06-138,2023-06-16,20:30,ATROPELLO FUGA,1,0,0,LIMA,LIMA,SANTIAGO DE SURCO,URBANA,CARRETERA,NACIONAL,PE-1S,-12.11946773240162,-76.97718852870648,DESPEJADO,COMERCIAL,TRAMO RECTO,INCLINADA,ASFALTADA,,,,,EN PROCESO DE INVESTIGACIÓN,NO CUENTA CON CAUSA ESPECIFICA,20.0,0,2023.0,6.0,4.0,0,3,2,0,0.0,1.0,0.0,1.0,0,0,0.0,0.0,0,0,2,0.0,0.0,1
A-2023-06-28,2023-06-16,20:30,ATROPELLO FUGA,1,0,0,CUSCO,URUBAMBA,URUBAMBA,URBANA,CARRETERA,NACIONAL,PE-28B,-13.305271,-72.121061,DESPEJADO,COMERCIAL,TRAMO RECTO,PLANA ,ASFALTADA,NO,,,SI,IMPRUDENCIA DEL CONDUCTOR,EXCESO DE VELOCIDAD,20.0,0,2023.0,6.0,4.0,0,3,2,1,0.0,0.0,0.0,0.0,0,1,28.5,3.5355339059327378,0,0,2,0.0,0.0,1
A-2023-06-191,2023-06-16,23:30,DESPISTE,1,0,1,CAJAMARCA,CHOTA,LLAMA,URBANA,CARRETERA,NACIONAL,PE-06A,-6.513528482,-79.18888545,DESPEJADO,RESIDENCIAL,TRAMO RECTO,PLANA ,ASFALTADA,NO,,,SI,IMPRUDENCIA DEL CONDUCTOR,EXCESO DE VELOCIDAD,23.0,0,2023.0,6.0,4.0,0,3,2,1,0.0,0.0,0.0,0.0,0,1,44.0,0.0,0,1,1,0.0,1.0,1
A-2023-06-139,2023-06-17,00:30,ATROPELLO FUGA,1,0,0,LIMA,LIMA,LURIN,URBANA,CARRETERA,NACIONAL,PE-1S,-12.292872,-76.863096,DESPEJADO,INDUSTRIAL,TRAMO RECTO,PLANA ,ASFALTADA,,,,,EN PROCESO DE INVESTIGACIÓN,NO CUENTA CON CAUSA ESPECIFICA,0.0,0,2023.0,6.0,5.0,1,0,2,0,0.0,0.0,0.0,0.0,0,0,24.0,0.0,0,0,2,0.0,0.0,1
A-2023-06-153,2023-06-17,01:30,ATROPELLO,1,0,0,LIMA,LIMA,ATE,URBANA,CARRETERA,NACIONAL,PE-22,-12.00990055,-76.86931821,DESPEJADO,INDUSTRIAL,TRAMO RECTO,INCLINADA,ASFALTADA,,,,,EN PROCESO DE INVESTIGACIÓN,NO CUENTA CON CAUSA ESPECIFICA,1.0,0,2023.0,6.0,5.0,1,0,2,0,0.0,1.0,0.0,1.0,0,0,41.5,12.020815280171307,0,0,2,0.0,0.0,1
A-2023-06-140,2023-06-17,09:00,ATROPELLO,1,0,0,LIMA,LIMA,MIRAFLORES,URBANA,AVENIDA,URBANO,NO CORRESPONDE,-12.115355733890553,-77.02957748346554,DESPEJADO,COMERCIAL,TRAMO RECTO,PLANA ,ASFALTADA,NO,,,SI,EN PROCESO DE INVESTIGACIÓN,NO CUENTA CON CAUSA ESPECIFICA,9.0,0,2023.0,6.0,5.0,1,1,2,0,1.0,0.0,0.0,1.0,0,1,42.0,0.0,0,1,2,0.0,0.5,0
A-2023-06-162,2023-06-17,09:00,DESPISTE,1,0,0,JUNIN,JAUJA,CURICACA,RURAL,CARRETERA,NACIONAL,PE-3S,-11.7961585171155,-75.6587503727499,SOLEADO,RURAL,TRAMO RECTO,PLANA ,ASFALTADA,,,,,EN PROCESO DE INVESTIGACIÓN,NO CUENTA CON CAUSA ESPECIFICA,9.0,0,2023.0,6.0,5.0,1,1,2,1,0.0,0.0,0.0,0.0,0,0,45.0,0.0,0,1,1,0.0,1.0,0
A-2023-06-163,2023-06-17,13:30,CAÍDA DE PASAJERO,1,0,0,JUNIN,JAUJA,SINCOS,RURAL,CARRETERA,NACIONAL,PE-3SB,-11.8805289574069,-75.3974471372183,SOLEADO,RURAL,TRAMO RECTO,PLANA ,ASFALTADA,,,,,EN PROCESO DE INVESTIGACIÓN,NO CUENTA CON CAUSA ESPECIFICA,13.0,0,2023.0,6.0,5.0,1,2,2,1,0.0,0.0,0.0,0.0,0,0,50.5,2.1213203435596424,0,0,2,0.0,0.0,0
A-2023-06-188,2023-06-17,19:15,VOLCADURA,4,1,2,CAJAMARCA,CHOTA,COCHABAMBA,RURAL,CARRETERA,NACIONAL,PE-06A,-6.475688,-78.889047,DESPEJADO,INDUSTRIAL,CURVA,INCLINADA,CONCRETO,,,,,IMPRUDENCIA DEL CONDUCTOR,EXCESO DE VELOCIDAD,19.0,2,2023.0,6.0,5.0,1,3,2,1,0.0,1.0,0.0,1.0,0,0,46.0,23.2163735324878,0,1,6,0.0,0.167,1
A-2023-06-95,2023-06-17,20:00,CHOQUE,1,0,1,PUNO,SAN ROMAN,JULIACA,URBANA,CARRETERA,NACIONAL,PE-3S,-15.470420572817096,-70.13776478505466,DESPEJADO,COMERCIAL,TRAMO RECTO,PLANA ,ASFALTADA,,,,,IMPRUDENCIA DEL CONDUCTOR,CONDUCIR EN ESTADO DE EBRIEDAD Y/O DROGADICCIÓN,20.0,0,2023.0,6.0,5.0,1,3,2,1,0.0,0.0,0.0,0.0,0,0,39.0,12.727922061357855,0,0,2,0.0,0.0,1
A-2023-06-64,2023-06-17,21:00,CHOQUE FUGA,1,0,1,LA LIBERTAD,TRUJILLO,HUANCHACO,RURAL,CARRETERA,NACIONAL,PE-1N,-8.047795,-79.08601,DESPEJADO,RURAL,TRAMO RECTO,PLANA ,ASFALTADA,,,,,IMPRUDENCIA DEL CONDUCTOR,CONDUCIR EN ESTADO DE EBRIEDAD Y/O DROGADICCIÓN,21.0,0,2023.0,6.0,5.0,1,3,2,0,0.0,0.0,0.0,0.0,0,0,28.0,0.0,0,0,2,0.0,0.0,1
A-2023-06-39,2023-06-18,02:41,ATROPELLO FUGA,1,0,0,CUSCO,CUSCO,SAN SEBASTIAN,URBANA,AVENIDA,URBANO,NO CORRESPONDE,-13.532598,-71.919976,DESPEJADO,COMERCIAL,TRAMO RECTO,PLANA ,ASFALTADA,SI,PREVENTIVA (P),,NO,IMPRUDENCIA DEL PEATÓN,ESTADO DE EBRIEDAD Y/O DROGADICCIÓN,2.0,0,2023.0,6.0,6.0,1,0,2,1,1.0,0.0,0.0,1.0,0,1,43.0,0.0,0,0,2,0.0,0.0,1
A-2023-06-141,2023-06-18,06:00,ATROPELLO FUGA,1,0,0,LIMA,LIMA,ATE,URBANA,CARRETERA,NACIONAL,PE-22,-12.00829,-76.860486,DESPEJADO,INDUSTRIAL,TRAMO RECTO,INCLINADA,ASFALTADA,,,,,EN PROCESO DE INVESTIGACIÓN,NO CUENTA CON CAUSA ESPECIFICA,6.0,0,2023.0,6.0,6.0,1,1,2,0,0.0,1.0,0.0,1.0,0,0,21.0,0.0,0,0,2,0.0,0.0,0
A-2023-06-101,2023-06-18,06:20,CHOQUE FUGA,1,0,2,PIURA,PIURA,CASTILLA,URBANA,CARRETERA,NACIONAL,PE-1NJ,-5.193530793231174,-80.61389743833014,DESPEJADO,COMERCIAL,TRAMO RECTO,PLANA ,ASFALTADA,,,,,IMPRUDENCIA DEL CONDUCTOR,EXCESO DE VELOCIDAD,6.0,0,2023.0,6.0,6.0,1,1,2,0,0.0,0.0,0.0,0.0,0,0,48.0,0.0,0,0,2,0.0,0.0,0
A-2023-06-29,2023-06-18,07:10,CHOQUE,1,0,0,AREQUIPA,AREQUIPA,VITOR,URBANA,CARRETERA,NACIONAL,PE-1S,-16.4812985,-71.905956782,SOLEADO,RURAL,TRAMO RECTO,INCLINADA,ASFALTADA,,,,,EN PROCESO DE INVESTIGACIÓN,NO CUENTA CON CAUSA ESPECIFICA,7.0,0,2023.0,6.0,6.0,1,1,2,0,0.0,1.0,0.0,1.0,0,0,40.0,16.97056274847714,1,2,2,0.5,1.0,0
A-2023-06-66,2023-06-18,07:40,CAÍDA DE PASAJERO,1,0,1,LA LIBERTAD,TRUJILLO,SALAVERRY,URBANA,CALLE,URBANO,NO CORRESPONDE,-8.192137,-78.98095,DESPEJADO,RURAL,TRAMO RECTO,PLANA ,ASFALTADA,,,,,EN PROCESO DE INVESTIGACIÓN,NO CUENTA CON CAUSA ESPECIFICA,7.0,0,2023.0,6.0,6.0,1,1,2,0,2.0,0.0,0.0,2.0,0,0,29.5,7.7781745930520225,0,1,2,0.0,0.5,0
A-2023-06-22,2023-06-18,11:00,DESPISTE,1,0,1,LIMA,HUAURA,SANTA MARIA,URBANA,CARRETERA,PROVINCIAL,LM-652,-11.093723107060166,-77.57393715840348,DESPEJADO,RESIDENCIAL,TRAMO RECTO,PLANA ,ASFALTADA,,,,,IMPRUDENCIA DEL CONDUCTOR,CONDUCIR EN ESTADO DE EBRIEDAD Y/O DROGADICCIÓN,11.0,0,2023.0,6.0,6.0,1,1,2,0,0.0,0.0,0.0,0.0,0,0,29.0,0.0,0,0,1,0.0,0.0,0
A-2023-06-60,2023-06-18,16:30,CHOQUE CON OBJETO FIJO,1,0,1,PUNO,YUNGUYO,YUNGUYO,URBANA,AVENIDA,URBANO,NO CORRESPONDE,-16.2517237,-69.0908728,DESPEJADO,COMERCIAL,TRAMO RECTO,PLANA ,CONCRETO,,,,,IMPRUDENCIA DEL CONDUCTOR,OTRO (IMPRUDENCIA DEL CONDUCTOR),16.0,0,2023.0,6.0,6.0,1,2,2,1,1.0,0.0,0.0,1.0,0,0,44.0,0.0,0,0,1,0.0,0.0,0
A-2023-06-68,2023-06-18,19:00,CHOQUE,1,0,2,LA LIBERTAD,VIRU,CHAO,RURAL,CARRETERA,NACIONAL,PE-1N,-8.564295,-78.673883,DESPEJADO,RURAL,TRAMO RECTO,PLANA ,ASFALTADA,,,,,EN PROCESO DE INVESTIGACIÓN,NO CUENTA CON CAUSA ESPECIFICA,19.0,0,2023.0,6.0,6.0,1,3,2,0,0.0,0.0,0.0,0.0,0,0,33.0,2.8284271247461903,0,2,2,0.0,1.0,1
A-2023-06-18,2023-06-18,20:15,ATROPELLO,1,0,1,ANCASH,YUNGAY,YUNGAY,RURAL,CARRETERA,PROVINCIAL,AN-829,-9.067240648699457,-77.74595258136482,DESPEJADO,RURAL,TRAMO RECTO,PLANA ,ASFALTADA,SI,REGULADORA (R),PREVENTIVA (P),SI,EN PROCESO DE INVESTIGACIÓN,NO CUENTA CON CAUSA ESPECIFICA,20.0,0,2023.0,6.0,6.0,1,3,2,0,0.0,0.0,0.0,0.0,0,0,30.0,7.0710678118654755,0,1,2,0.0,0.5,1
A-2023-06-30,2023-06-18,20:20,CHOQUE,1,2,2,SAN MARTIN,RIOJA,NUEVA CAJAMARCA,RURAL,CARRETERA,SIN CLASIFICAR,SIN CLASIFICAR,-5.9497686,-77.2911855,DESPEJADO,RURAL,CURVA,PLANA ,ASFALTADA,,,,,IMPRUDENCIA DEL CONDUCTOR,INVASIÓN DE CARRIL,20.0,0,2023.0,6.0,6.0,1,3,2,2,0.0,0.0,0.0,0.0,0,0,35.333333333333336,11.590225767142474,0,0,3,0.0,0.0,1
A-2023-06-63,2023-06-18,20:46,DESPISTE,3,2,1,PUNO,CHUCUITO,HUACULLANI,RURAL,CARRETERA,NACIONAL,PE-36A,-16.664977185860323,-69.49539723914677,DESPEJADO,RURAL,CURVA,PLANA ,ASFALTADA,,,,,IMPRUDENCIA DEL CONDUCTOR,INVASIÓN DE CARRIL,20.0,2,2023.0,6.0,6.0,1,3,2,1,0.0,0.0,0.0,0.0,0,0,62.8,19.382982226685346,0,1,5,0.0,0.2,1