CODIGO_SINIESTRO,FECHA_SINIESTRO,HORA_SINIESTRO,CLASE_SINIESTRO,CANTIDAD_FALLECIDOS,CANTIDAD_LESIONADOS,CANTIDAD_VEHICULOS,DEPARTAMENTO,PROVINCIA,DISTRITO,ZONA,TIPO_VIA,RED_VIAL,COD_CARRETERA,LATITUD,LONGITUD,CONDICION_CLIMATICA,ZONIFICACION,CARACTERISTICAS_VIA,PERFIL_VIA,SUPERFICIE_CALZADA,EXISTE_SENIAL_VERTICAL,CLASIFICACION_SENIAL_VERTICAL_1,CLASIFICACION_SENIAL_VERTICAL_2,EXISTE_SENIAL_HORIZONTAL,CAUSA_FACTOR_PRINCIPAL,CAUSA_ESPECIFICA,HORA,severidad,ANIO,MES,DIA_SEMANA,FIN_SEMANA,FRANJA_HORARIA,TEMPORADA,MACROREGION,TIPO_VIA_SCORE,PERFIL_VIA_SCORE,SUPERFICIE_CALZADA_SCORE,RIESGO_INFRAESTRUCTURA,RIESGO_CLIMATICO,SENIALIZACION_DEFICIENTE,EDAD_PROMEDIO,EDAD_STD,TOTAL_ALCOHOL,TOTAL_LICENCIA,TOTAL_PERSONAS,PCT_ALCOHOL,PCT_LICENCIA,ES_NOCHE
A-2023-06-142,2023-06-19,03:15,CHOQUE,1,0,0,LIMA,LIMA,LOS OLIVOS,URBANA,AVENIDA,URBANO,NO CORRESPONDE,-11.98006605,-77.07233094,DESPEJADO,COMERCIAL,INTERSECCIÓN,INCLINADA,ASFALTADA,,,,,EN PROCESO DE INVESTIGACIÓN,NO CUENTA CON CAUSA ESPECIFICA,3.0,0,2023.0,6.0,0.0,0,0,2,0,1.0,1.0,0.0,2.0,0,0,38.0,14.142135623730951,0,1,2,0.0,0.5,1
A-2023-06-173,2023-06-19,04:50,CHOQUE,1,0,1,AYACUCHO,HUANTA,LURICOCHA,URBANA,CARRETERA,PROVINCIAL,AY-619,-12.9097704,-74.2683917,DESPEJADO,RESIDENCIAL,TRAMO RECTO,INCLINADA,CONCRETO,,,,,IMPRUDENCIA DEL CONDUCTOR,CONDUCIR EN ESTADO DE EBRIEDAD Y/O DROGADICCIÓN,4.0,0,2023.0,6.0,0.0,0,0,2,1,0.0,1.0,0.0,1.0,0,0,26.0,0.0,1,1,2,0.5,0.5,1
A-2023-06-57,2023-06-19,08:30,ATROPELLO,1,0,0,SAN MARTIN,MOYOBAMBA,MOYOBAMBA,URBANA,CARRETERA,NACIONAL,PE-5N,-6.042893,-76.965481,DESPEJADO,INDUSTRIAL,CURVA,INCLINADA,ASFALTADA,SI,PREVENTIVA (P),PREVENTIVA (P),NO,IMPRUDENCIA DEL PEATÓN,OTRO (IMPRUDENCIA DEL PEATÓN),8.0,0,2023.0,6.0,0.0,0,1,2,2,0.0,1.0,0.0,1.0,0,1,35.5,6.363961030678928,0,1,2,0.0,0.5,0
A-2023-06-69,2023-06-19,12:00,ATROPELLO,1,0,1,LA LIBERTAD,SANCHEZ CARRION,CURGOS,URBANA,AVENIDA,URBANO,NO CORRESPONDE,-7.861692,-77.940957,DESPEJADO,ESCOLAR,TRAMO RECTO,PLANA ,AFIRMADO,,,,,IMPRUDENCIA DEL CONDUCTOR,GIRAR IMPRUDENTEMENTE,12.0,0,2023.0,6.0,0.0,0,2,2,0,1.0,0.0,1.0,2.0,0,0,53.5,12.020815280171307,0,1,2,0.0,0.5,0
A-2023-06-143,2023-06-19,16:50,VOLCADURA,1,1,0,LIMA,LIMA,LURIGANCHO,URBANA,CALLE,URBANO,NO CORRESPONDE,-11.93754662,-76.70175226,DESPEJADO,RESIDENCIAL,TRAMO RECTO,INCLINADA,ASFALTADA,,,,,EN PROCESO DE INVESTIGACIÓN,NO CUENTA CON CAUSA ESPECIFICA,16.0,0,2023.0,6.0,0.0,0,2,2,0,2.0,1.0,0.0,3.0,0,0,43.5,16.263455967290593,0,1,2,0.0,0.5,0
A-2023-06-154,2023-06-19,17:20,ATROPELLO,1,0,0,CALLAO,CALLAO,CALLAO,URBANA,AVENIDA,URBANO,NO CORRESPONDE,-11.9976181,-77.114760217,DESPEJADO,COMERCIAL,TRAMO RECTO,PLANA ,ASFALTADA,NO,,,SI,IMPRUDENCIA DEL CONDUCTOR,EXCESO DE VELOCIDAD,17.0,0,2023.0,6.0,0.0,0,2,2,0,1.0,0.0,0.0,1.0,0,1,34.0,15.556349186104045,0,1,2,0.0,0.5,0
A-2023-06-99,2023-06-19,20:20,CHOQUE,1,0,2,PIURA,PIURA,VEINTISEIS DE OCTUBRE,URBANA,CARRETERA,NACIONAL,PE-1N,-5.1777574,-80.669671,DESPEJADO,COMERCIAL,TRAMO RECTO,PLANA ,ASFALTADA,,,,,IMPRUDENCIA DEL CONDUCTOR,CONDUCIR EN ESTADO DE EBRIEDAD Y/O DROGADICCIÓN,20.0,0,2023.0,6.0,0.0,0,3,2,0,0.0,0.0,0.0,0.0,0,0,43.5,3.5355339059327378,1,1,2,0.5,0.5,1
A-2023-06-144,2023-06-19,22:00,ATROPELLO FUGA,1,0,0,LIMA,LIMA,SAN MARTIN DE PORRES,URBANA,CARRETERA,NACIONAL,PE-1N,-12.025267,-77.058607,DESPEJADO,COMERCIAL,TRAMO RECTO,INCLINADA,ASFALTADA,,,,,EN PROCESO DE INVESTIGACIÓN,NO CUENTA CON CAUSA ESPECIFICA,22.0,0,2023.0,6.0,0.0,0,3,2,0,0.0,1.0,0.0,1.0,0,0,0.0,0.0,0,0,2,0.0,0.0,1
A-2023-06-70,2023-06-20,00:30,DESPISTE,1,1,1,LA LIBERTAD,VIRU,CHAO,RURAL,CARRETERA,NACIONAL,PE-1N,-8.6964019,-78.637656,DESPEJADO,RURAL,TRAMO RECTO,PLANA ,ASFALTADA,,,,,IMPRUDENCIA DEL CONDUCTOR,INVASIÓN DE CARRIL,0.0,0,2023.0,6.0,1.0,0,0,2,0,0.0,0.0,0.0,0.0,0,0,29.333333333333332,25.146238950056397,0,1,3,0.0,0.333,1
A-2023-06-156,2023-06-20,07:30,DESPISTE,1,0,1,HUANCAVELICA,HUANCAVELICA,ACORIA,RURAL,CARRETERA,PROVINCIAL,HV-766,-12.486381,-74.758266,DESPEJADO,RURAL,CURVA,PLANA ,TROCHA,,,,,EN PROCESO DE INVESTIGACIÓN,NO CUENTA CON CAUSA ESPECIFICA,7.0,0,2023.0,6.0,1.0,0,1,2,1,0.0,0.0,2.0,2.0,0,0,63.0,0.0,0,1,1,0.0,1.0,0
A-2023-06-164,2023-06-20,07:30,VOLCADURA,1,2,0,JUNIN,YAULI,YAULI,RURAL,CARRETERA,NACIONAL,PE-22,-11.617074328289943,-76.01496218776182,SOLEADO,INDUSTRIAL,TRAMO RECTO,PLANA ,ASFALTADA,NO,,,SI,EN PROCESO DE INVESTIGACIÓN,NO CUENTA CON CAUSA ESPECIFICA,7.0,0,2023.0,6.0,1.0,0,1,2,1,0.0,0.0,0.0,0.0,0,1,25.333333333333332,6.8068592855540455,0,1,3,0.0,0.333,0
A-2023-06-155,2023-06-21,10:00,ATROPELLO,1,0,0,HUANCAVELICA,HUANCAVELICA,IZCUCHACA,RURAL,CARRETERA,NACIONAL,PE-26,-12.50056,-74.996911,DESPEJADO,COMERCIAL,TRAMO RECTO,PLANA ,ASFALTADA,,,,,IMPRUDENCIA DEL PEATÓN,CRUCE INDEBIDO POR LA CALZADA,10.0,0,2023.0,6.0,2.0,0,1,2,1,0.0,0.0,0.0,0.0,0,0,14.0,15.556349186104045,0,1,2,0.0,0.5,0
A-2023-06-71,2023-06-21,18:30,ATROPELLO,1,0,1,LA LIBERTAD,TRUJILLO,EL PORVENIR,URBANA,CALLE,URBANO,NO CORRESPONDE,-8.0688774,-79.0295039,DESPEJADO,COMERCIAL,TRAMO RECTO,PLANA ,ASFALTADA,,,,,EN PROCESO DE INVESTIGACIÓN,NO CUENTA CON CAUSA ESPECIFICA,18.0,0,2023.0,6.0,2.0,0,3,2,0,2.0,0.0,0.0,2.0,0,0,50.5,27.577164466275352,0,0,2,0.0,0.0,1
A-2023-06-91,2023-06-21,19:20,CHOQUE,1,1,1,PUNO,SAN ROMAN,JULIACA,URBANA,JIRÓN,URBANO,NO CORRESPONDE,-15.48854,-70.122023,DESPEJADO,COMERCIAL,INTERSECCIÓN,PLANA ,ASFALTADA,,,,,IMPRUDENCIA DEL CONDUCTOR,EXCESO DE VELOCIDAD,19.0,0,2023.0,6.0,2.0,0,3,2,1,1.0,0.0,0.0,1.0,0,0,29.0,11.357816691600547,0,1,3,0.0,0.333,1
A-2023-06-145,2023-06-22,06:00,VOLCADURA,1,1,0,LIMA,LIMA,VILLA EL SALVADOR,URBANA,AVENIDA,URBANO,NO CORRESPONDE,-12.19513792,-76.93481918,DESPEJADO,COMERCIAL,INTERSECCIÓN,INCLINADA,ASFALTADA,,,,,IMPRUDENCIA DEL CONDUCTOR,OTRO (IMPRUDENCIA DEL CONDUCTOR),6.0,0,2023.0,6.0,3.0,0,1,2,0,1.0,1.0,0.0,2.0,0,0,25.333333333333332,1.154700538379251,0,1,3,0.0,0.333,0
A-2023-06-65,2023-06-22,07:10,ESPECIAL,1,0,0,PUNO,PUNO,PUNO,URBANA,AVENIDA,URBANO,NO CORRESPONDE,-15.839253,-70.018109,DESPEJADO,COMERCIAL,TRAMO RECTO,PLANA ,ASFALTADA,,,,,NEGLIGENCIA DEL CONDUCTOR,OTRO (NEGLIGENCIA DEL CONDUCTOR),7.0,0,2023.0,6.0,3.0,0,1,2,1,1.0,0.0,0.0,1.0,0,0,41.0,0.0,0,1,1,0.0,1.0,0
A-2023-06-146,2023-06-22,08:45,ATROPELLO,1,0,0,LIMA,LIMA,INDEPENDENCIA,URBANA,AVENIDA,URBANO,NO CORRESPONDE,-12.00786703,-77.05837381,DESPEJADO,COMERCIAL,TRAMO RECTO,PLANA ,ASFALTADA,SI,INFORMATIVA (I),,SI,EN PROCESO DE INVESTIGACIÓN,NO CUENTA CON CAUSA ESPECIFICA,8.0,0,2023.0,6.0,3.0,0,1,2,0,1.0,0.0,0.0,1.0,0,0,34.0,11.313708498984761,0,1,2,0.0,0.5,0
A-2023-06-72,2023-06-22,16:30,CHOQUE FUGA,1,0,1,LA LIBERTAD,SANCHEZ CARRION,SANAGORAN,RURAL,CARRETERA,PROVINCIAL,LI-819,-7.793990425975836,-78.12686916545017,DESPEJADO,RURAL,TRAMO RECTO,PLANA ,ASFALTADA,,,,,EN PROCESO DE INVESTIGACIÓN,NO CUENTA CON CAUSA ESPECIFICA,16.0,0,2023.0,6.0,3.0,0,2,2,0,0.0,0.0,0.0,0.0,0,0,41.0,14.142135623730951,0,1,3,0.0,0.333,0
A-2023-06-73,2023-06-22,17:00,DESPISTE,1,0,1,LA LIBERTAD,BOLIVAR,BOLIVAR,RURAL,CARRETERA,SIN CLASIFICAR,SIN CLASIFICAR,-7.343829,-77.69442,DESPEJADO,RURAL,TRAMO RECTO,PLANA ,TROCHA,,,,,EN PROCESO DE INVESTIGACIÓN,NO CUENTA CON CAUSA ESPECIFICA,17.0,0,2023.0,6.0,3.0,0,2,2,0,0.0,0.0,2.0,2.0,0,0,26.0,0.0,0,0,1,0.0,0.0,0
A-2023-06-34,2023-06-23,06:00,CHOQUE,2,21,2,ICA,PISCO,SAN ANDRES,RURAL,CARRETERA,NACIONAL,PE-1S,-13.805451,-76.153678,DESPEJADO,COMERCIAL,TRAMO RECTO,PLANA ,ASFALTADA,,,,,IMPRUDENCIA DEL CONDUCTOR,NO ESTABLECER EL DERECHO DE PASO,6.0,1,2023.0,6.0,4.0,0,1,2,0,0.0,0.0,0.0,0.0,0,0,28.5,13.29269168279747,0,2,24,0.0,0.083,0
A-2023-06-85,2023-06-23,10:00,CHOQUE,1,0,0,CALLAO,CALLAO,CALLAO,URBANA,AVENIDA,URBANO,NO CORRESPONDE,-12.0535115352111,-77.0980031702465,DESPEJADO,COMERCIAL,TRAMO RECTO,INCLINADA,ASFALTADA,NO,,,SI,EN PROCESO DE INVESTIGACIÓN,NO CUENTA CON CAUSA ESPECIFICA,10.0,0,2023.0,6.0,4.0,0,1,2,0,1.0,1.0,0.0,2.0,0,1,45.0,22.60530911091463,0,2,3,0.0,0.667,0
A-2023-06-26,2023-06-23,21:45,CHOQUE,2,1,2,APURIMAC,CHINCHEROS,ANCO_HUALLO,URBANA,CARRETERA,NACIONAL,PE-3S,-13.545866,-73.64539,DESPEJADO,RURAL,CURVA,INCLINADA,ASFALTADA,SI,PREVENTIVA (P),,SI,IMPRUDENCIA DEL CONDUCTOR,CONDUCIR EN ESTADO DE EBRIEDAD Y/O DROGADICCIÓN,21.0,1,2023.0,6.0,4.0,0,3,2,1,0.0,1.0,0.0,1.0,0,0,40.0,11.916375287812984,0,1,4,0.0,0.25,1
A-2023-06-54,2023-06-23,22:37,ATROPELLO,1,0,1,CUSCO,CUSCO,POROY,RURAL,CARRETERA,NACIONAL,PE-3S,-13.496994,-72.037106,DESPEJADO,COMERCIAL,TRAMO RECTO,PLANA ,ASFALTADA,SI,REGULADORA (R),PREVENTIVA (P),SI,IMPRUDENCIA DEL PEATÓN,ESTADO DE EBRIEDAD Y/O DROGADICCIÓN,22.0,0,2023.0,6.0,4.0,0,3,2,1,0.0,0.0,0.0,0.0,0,0,53.5,7.7781745930520225,0,1,2,0.0,0.5,1
A-2023-06-172,2023-06-23,23:30,DESPISTE,1,0,0,LIMA,LIMA,LURIN,URBANA,AVENIDA,URBANO,NO CORRESPONDE,-12.25687931,-76.88821116,DESPEJADO,COMERCIAL,INTERSECCIÓN,PLANA ,ASFALTADA,,,,,IMPRUDENCIA DEL CONDUCTOR,OTRO (IMPRUDENCIA DEL CONDUCTOR),23.0,0,2023.0,6.0,4.0,0,3,2,0,1.0,0.0,0.0,1.0,0,0,0.0,0.0,0,0,1,0.0,0.0,1
A-2023-06-195,2023-06-23,23:30,DESPISTE,1,0,0,LIMA,LIMA,LURIN,URBANA,AVENIDA,URBANO,NO CORRESPONDE,-12.256869190053449,-76.88820807390536,DESPEJADO,COMERCIAL,ÓVALO,PLANA ,ASFALTADA,,,,,IMPRUDENCIA DEL CONDUCTOR,EXCESO DE VELOCIDAD,23.0,0,2023.0,6.0,4.0,0,3,2,0,1.0,0.0,0.0,1.0,0,0,58.0,0.0,0,1,1,0.0,1.0,1
A-2023-06-147,2023-06-24,02:30,ATROPELLO FUGA,1,0,0,LIMA,CAÑETE,CHILCA,RURAL,CARRETERA,NACIONAL,PE-1S,-12.437548,-76.755526,DESPEJADO,RURAL,TRAMO RECTO,INCLINADA,ASFALTADA,SI,PREVENTIVA (P),,NO,EN PROCESO DE INVESTIGACIÓN,NO CUENTA CON CAUSA ESPECIFICA,2.0,0,2023.0,6.0,5.0,1,0,2,0,0.0,1.0,0.0,1.0,0,1,0.0,0.0,0,0,2,0.0,0.0,1
A-2023-06-74,2023-06-24,15:40,CHOQUE,3,0,2,LA LIBERTAD,OTUZCO,OTUZCO,RURAL,CARRETERA,NACIONAL,PE-10A,-7.957534,-78.619513,DESPEJADO,RURAL,CURVA,INCLINADA,ASFALTADA,,,,,EN PROCESO DE INVESTIGACIÓN,NO CUENTA CON CAUSA ESPECIFICA,15.0,2,2023.0,6.0,5.0,1,2,2,0,0.0,1.0,0.0,1.0,0,0,51.0,11.135528725660043,0,2,3,0.0,0.667,0
A-2023-06-113,2023-06-24,17:50,DESPISTE,1,0,1,LIMA,HUAURA,SAYAN,RURAL,CARRETERA,PROVINCIAL,LM-659,-11.197484,-77.424579,DESPEJADO,RURAL,CURVA,PLANA ,ASFALTADA,,,,,EN PROCESO DE INVESTIGACIÓN,NO CUENTA CON CAUSA ESPECIFICA,17.0,0,2023.0,6.0,5.0,1,2,2,0,0.0,0.0,0.0,0.0,0,0,48.0,0.0,0,0,1,0.0,0.0,0
A-2023-06-107,2023-06-24,18:00,ATROPELLO,1,0,1,LORETO,MAYNAS,PUNCHANA,URBANA,CARRETERA,NACIONAL,PE-5NI,-3.7084704,-73.2477063,DESPEJADO,COMERCIAL,TRAMO RECTO,PLANA ,ASFALTADA,,,,,IMPRUDENCIA DEL PEATÓN,CRUCE INDEBIDO POR LA CALZADA,18.0,0,2023.0,6.0,5.0,1,3,2,2,0.0,0.0,0.0,0.0,0,0,52.5,34.64823227814083,0,0,2,0.0,0.0,1
A-2023-06-192,2023-06-24,21:30,CHOQUE FUGA,1,0,1,CAJAMARCA,JAEN,BELLAVISTA,RURAL,CARRETERA,PROVINCIAL,CA-734,-5.594641,-78.787667,DESPEJADO,RESIDENCIAL,TRAMO RECTO,INCLINADA,ASFALTADA,NO,,,SI,EN PROCESO DE INVESTIGACIÓN,NO CUENTA CON CAUSA ESPECIFICA,21.0,0,2023.0,6.0,5.0,1,3,2,1,0.0,1.0,0.0,1.0,0,1,29.0,0.0,0,0,2,0.0,0.0,1
A-2023-06-48,2023-06-25,00:30,DESPISTE,1,0,0,AREQUIPA,CAYLLOMA,MAJES,URBANA,AVENIDA,URBANO,NO CORRESPONDE,-16.3146098,-72.1650987,DESPEJADO,COMERCIAL,INTERSECCIÓN,INCLINADA,ASFALTADA,,,,,EN PROCESO DE INVESTIGACIÓN,NO CUENTA CON CAUSA ESPECIFICA,0.0,0,2023.0,6.0,6.0,1,0,2,0,1.0,1.0,0.0,2.0,0,0,49.0,0.0,0,0,1,0.0,0.0,1
A-2023-06-35,2023-06-25,01:10,CHOQUE,1,0,2,ANCASH,SANTA,NUEVO CHIMBOTE,RURAL,CARRETERA,NACIONAL,PE-1N,-9.176811,-78.478681,DESPEJADO,RURAL,TRAMO RECTO,PLANA ,CONCRETO,SI,INFORMATIVA (I),,SI,IMPRUDENCIA DEL CONDUCTOR,CONDUCIR EN ESTADO DE EBRIEDAD Y/O DROGADICCIÓN,1.0,0,2023.0,6.0,6.0,1,0,2,0,0.0,0.0,0.0,0.0,0,0,53.5,2.1213203435596424,1,1,2,0.5,0.5,1
A-2023-06-182,2023-06-25,01:45,ATROPELLO,1,0,1,TACNA,TACNA,TACNA,RURAL,CARRETERA,NACIONAL,PE-1S,-18.1661333,-70.33496388888888,DESPEJADO,RURAL,TRAMO RECTO,PLANA ,ASFALTADA,,,,,IMPRUDENCIA DEL PEATÓN,CRUCE INDEBIDO POR LA CALZADA,1.0,0,2023.0,6.0,6.0,1,0,2,0,0.0,0.0,0.0,0.0,0,0,53.0,0.0,0,1,2,0.0,0.5,1
A-2023-06-194,2023-06-25,02:25,CHOQUE,1,1,2,CAJAMARCA,SAN IGNACIO,SAN IGNACIO,RURAL,CARRETERA,PROVINCIAL,CA-538,-5.136686157650286,-78.9885770931145,DESPEJADO,RESIDENCIAL,TRAMO RECTO,INCLINADA,ASFALTADA,,,,,IMPRUDENCIA DEL CONDUCTOR,EXCESO DE VELOCIDAD,2.0,0,2023.0,6.0,6.0,1,0,2,1,0.0,1.0,0.0,1.0,0,0,43.666666666666664,17.473789896108208,0,0,3,0.0,0.0,1
A-2023-06-108,2023-06-25,13:20,DESPISTE,2,3,1,LORETO,MAYNAS,SAN JUAN BAUTISTA,RURAL,CARRETERA,DEPARTAMENTAL,LO-103,-4.1837554,-73.4745187,LLUVIOSO,RURAL,TRAMO RECTO,PLANA ,ASFALTADA,,,,,EN PROCESO DE INVESTIGACIÓN,NO CUENTA CON CAUSA ESPECIFICA,13.0,1,2023.0,6.0,6.0,1,2,2,2,0.0,0.0,0.0,0.0,1,0,19.8,15.319921670818033,1,1,5,0.2,0.2,0
A-2023-06-100,2023-06-25,17:30,CHOQUE,1,0,2,PIURA,PIURA,CATACAOS,RURAL,CARRETERA,NACIONAL,PE-1N,-5.234182,-80.64505,DESPEJADO,RURAL,TRAMO RECTO,PLANA ,ASFALTADA,,,,,IMPRUDENCIA DEL CONDUCTOR,CONDUCIR EN SENTIDO CONTRARIO,17.0,0,2023.0,6.0,6.0,1,2,2,0,0.0,0.0,0.0,0.0,0,0,30.5,0.7071067811865476,1,1,2,0.5,0.5,0
A-2023-06-189,2023-06-25,18:40,ATROPELLO FUGA,1,0,0,CALLAO,CALLAO,CALLAO,URBANA,AVENIDA,URBANO,NO CORRESPONDE,-12.0193940863355,-77.1011785097982,DESPEJADO,COMERCIAL,TRAMO RECTO,PLANA ,ASFALTADA,,,,,EN PROCESO DE INVESTIGACIÓN,NO CUENTA CON CAUSA ESPECIFICA,18.0,0,2023.0,6.0,6.0,1,3,2,0,1.0,0.0,0.0,1.0,0,0,86.0,0.0,0,0,2,0.0,0.0,1
A-2023-06-97,2023-06-25,20:15,CHOQUE,1,0,2,APURIMAC,ANDAHUAYLAS,ANDAHUAYLAS,URBANA,CARRETERA,PROVINCIAL,AP-560,-13.658634,-73.409785,DESPEJADO,RESIDENCIAL,TRAMO RECTO,PLANA ,ASFALTADA,,,,,IMPRUDENCIA DEL CONDUCTOR,CONDUCIR EN ESTADO DE EBRIEDAD Y/O DROGADICCIÓN,20.0,0,2023.0,6.0,6.0,1,3,2,1,0.0,0.0,0.0,0.0,0,0,40.666666666666664,27.30079363925769,0,1,3,0.0,0.333,1
A-2023-06-67,2023-06-25,23:29,DESPISTE,1,2,1,PUNO,PUNO,VILQUE,URBANA,CARRETERA,DEPARTAMENTAL,PU-122,-15.764975092109692,-70.25278327320281,DESPEJADO,RURAL,CURVA,PLANA ,ASFALTADA,,,,,IMPRUDENCIA DEL CONDUCTOR,CONDUCIR EN ESTADO DE EBRIEDAD Y/O DROGADICCIÓN,23.0,0,2023.0,6.0,6.0,1,3,2,1,0.0,0.0,0.0,0.0,0,0,41.333333333333336,19.087517736293876,0,1,3,0.0,0.333,1
A-2023-06-81,2023-06-25,23:30,CHOQUE,1,2,0,AREQUIPA,CAYLLOMA,MAJES,RURAL,CARRETERA,NACIONAL,PE-1S,-16.437011,-72.317559,DESPEJADO,RURAL,TRAMO RECTO,PLANA ,ASFALTADA,NO,,,SI,EN PROCESO DE INVESTIGACIÓN,NO CUENTA CON CAUSA ESPECIFICA,23.0,0,2023.0,6.0,6.0,1,3,2,0,0.0,0.0,0.0,0.0,0,1,40.666666666666664,19.857828011475306,0,2,3,0.0,0.667,1
A-2023-06-165,2023-06-26,01:30,CHOQUE,1,0,0,JUNIN,CHUPACA,SAN JUAN DE JARPA,RURAL,CARRETERA,PROVINCIAL,JU-816,-12.069947,-75.458902,SOLEADO,RURAL,TRAMO RECTO,PLANA ,ASFALTADA,,,,,EN PROCESO DE INVESTIGACIÓN,NO CUENTA CON CAUSA ESPECIFICA,1.0,0,2023.0,6.0,0.0,0,0,2,1,0.0,0.0,0.0,0.0,0,0,37.0,19.79898987322333,0,1,2,0.0,0.5,1
A-2023-06-148,2023-06-26,05:50,CHOQUE,1,0,0,LIMA,LIMA,INDEPENDENCIA,URBANA,CARRETERA,NACIONAL,PE-1N,-11.979265,-77.065758,DESPEJADO,COMERCIAL,TRAMO RECTO,INCLINADA,ASFALTADA,,,,,EN PROCESO DE INVESTIGACIÓN,NO CUENTA CON CAUSA ESPECIFICA,5.0,0,2023.0,6.0,0.0,0,0,2,0,0.0,1.0,0.0,1.0,0,0,36.5,6.363961030678928,0,2,2,0.0,1.0,1
A-2023-06-149,2023-06-27,05:50,ATROPELLO FUGA,1,0,0,LIMA,LIMA,PUNTA HERMOSA,RURAL,CARRETERA,NACIONAL,PE-1S,-12.32425,-76.826043,DESPEJADO,RURAL,TRAMO RECTO,PLANA ,ASFALTADA,SI,REGULADORA (R),,NO,IMPRUDENCIA DEL PEATÓN,OTRO (IMPRUDENCIA DEL PEATÓN),5.0,0,2023.0,6.0,1.0,0,0,2,0,0.0,0.0,0.0,0.0,0,1,54.5,33.23401871576773,0,1,2,0.0,0.5,1
A-2023-06-38,2023-06-27,14:45,ATROPELLO,1,0,0,ICA,PISCO,SAN CLEMENTE,URBANA,CARRETERA,NACIONAL,PE-1S,-13.68329,-76.159812,DESPEJADO,COMERCIAL,TRAMO RECTO,PLANA ,ASFALTADA,,,,,EN PROCESO DE INVESTIGACIÓN,NO CUENTA CON CAUSA ESPECIFICA,14.0,0,2023.0,6.0,1.0,0,2,2,0,0.0,0.0,0.0,0.0,0,0,51.0,4.242640687119285,0,1,2,0.0,0.5,0
A-2023-06-79,2023-06-27,16:30,CHOQUE,1,0,2,PUNO,PUNO,COATA,RURAL,CARRETERA,DEPARTAMENTAL,PU-118,-15.5908471,-69.864261,DESPEJADO,RURAL,TRAMO RECTO,PLANA ,ASFALTADA,,,,,IMPRUDENCIA DEL CONDUCTOR,INVASIÓN DE CARRIL,16.0,0,2023.0,6.0,1.0,0,2,2,1,0.0,0.0,0.0,0.0,0,0,39.0,15.556349186104045,0,1,2,0.0,0.5,0
A-2023-06-75,2023-06-27,19:00,ATROPELLO FUGA,1,0,0,LA LIBERTAD,ASCOPE,RAZURI,RURAL,CARRETERA,PROVINCIAL,LI-605,-7.710862,-79.373634,DESPEJADO,RURAL,TRAMO RECTO,PLANA ,AFIRMADO,,,,,EN PROCESO DE INVESTIGACIÓN,NO CUENTA CON CAUSA ESPECIFICA,19.0,0,2023.0,6.0,1.0,0,3,2,0,0.0,0.0,1.0,1.0,0,0,31.0,0.0,0,0,2,0.0,0.0,1
A-2023-06-103,2023-06-27,21:45,DESPISTE,1,0,1,CUSCO,URUBAMBA,URUBAMBA,RURAL,OTRO,URBANO,NO CORRESPONDE,-13.290731,-72.113011,DESPEJADO,RURAL,CURVA,PLANA ,AFIRMADO,SI,PREVENTIVA (P),,NO,IMPRUDENCIA DEL CONDUCTOR,CONDUCIR EN ESTADO DE EBRIEDAD Y/O DROGADICCIÓN,21.0,0,2023.0,6.0,1.0,0,3,2,1,2.0,0.0,1.0,3.0,0,1,22.0,0.0,0,1,1,0.0,1.0,1
A-2023-06-82,2023-06-27,22:30,CHOQUE,1,10,0,AREQUIPA,CAYLLOMA,CABANACONDE,RURAL,CARRETERA,SIN CLASIFICAR,SIN CLASIFICAR,-15.582881,-72.022953,,,,,,,,,,EN PROCESO DE INVESTIGACIÓN,NO CUENTA CON CAUSA ESPECIFICA,22.0,0,2023.0,6.0,1.0,0,3,2,0,0.0,1.0,1.0,2.0,0,0,22.5,16.11934655416693,0,0,11,0.0,0.0,1
A-2023-06-104,2023-06-28,06:00,DESPISTE,1,1,0,PIURA,HUANCABAMBA,HUANCABAMBA,RURAL,CARRETERA,PROVINCIAL,PI-815,-5.171133,-79.59643,DESPEJADO,RURAL,CURVA,INCLINADA,AFIRMADO,,,,,EN PROCESO DE INVESTIGACIÓN,NO CUENTA CON CAUSA ESPECIFICA,6.0,0,2023.0,6.0,2.0,0,1,2,0,0.0,1.0,1.0,2.0,0,0,26.5,2.1213203435596424,0,1,2,0.0,0.5,0
A-2023-06-150,2023-06-28,07:00,CHOQUE,1,0,0,LIMA,LIMA,CARABAYLLO,URBANA,AVENIDA,URBANO,NO CORRESPONDE,-11.847752,-77.001702,DESPEJADO,RESIDENCIAL,TRAMO RECTO,INCLINADA,ASFALTADA,SI,PREVENTIVA (P),,SI,EN PROCESO DE INVESTIGACIÓN,NO CUENTA CON CAUSA ESPECIFICA,7.0,0,2023.0,6.0,2.0,0,1,2,0,1.0,1.0,0.0,2.0,0,0,58.5,20.506096654409877,0,0,2,0.0,0.0,0
A-2023-06-166,2023-06-28,12:20,DESPISTE,1,1,0,JUNIN,JAUJA,PARCO,RURAL,CARRETERA,NACIONAL,PE-3S,-11.784689,-75.567452,DESPEJADO,RURAL,CURVA,PLANA ,ASFALTADA,SI,PREVENTIVA (P),,SI,EN PROCESO DE INVESTIGACIÓN,NO CUENTA CON CAUSA ESPECIFICA,12.0,0,2023.0,6.0,2.0,0,2,2,1,0.0,0.0,0.0,0.0,0,0,50.0,1.4142135623730951,0,1,2,0.0,0.5,0