CODIGO_SINIESTRO,FECHA_SINIESTRO,HORA_SINIESTRO,CLASE_SINIESTRO,CANTIDAD_FALLECIDOS,CANTIDAD_LESIONADOS,CANTIDAD_VEHICULOS,DEPARTAMENTO,PROVINCIA,DISTRITO,ZONA,TIPO_VIA,RED_VIAL,COD_CARRETERA,LATITUD,LONGITUD,CONDICION_CLIMATICA,ZONIFICACION,CARACTERISTICAS_VIA,PERFIL_VIA,SUPERFICIE_CALZADA,EXISTE_SENIAL_VERTICAL,CLASIFICACION_SENIAL_VERTICAL_1,CLASIFICACION_SENIAL_VERTICAL_2,EXISTE_SENIAL_HORIZONTAL,CAUSA_FACTOR_PRINCIPAL,CAUSA_ESPECIFICA,HORA,severidad,ANIO,MES,DIA_SEMANA,FIN_SEMANA,FRANJA_HORARIA,TEMPORADA,MACROREGION,TIPO_VIA_SCORE,PERFIL_VIA_SCORE,SUPERFICIE_CALZADA_SCORE,RIESGO_INFRAESTRUCTURA,RIESGO_CLIMATICO,SENIALIZACION_DEFICIENTE,EDAD_PROMEDIO,EDAD_STD,TOTAL_ALCOHOL,TOTAL_LICENCIA,TOTAL_PERSONAS,PCT_ALCOHOL,PCT_LICENCIA,ES_NOCHE
A-2023-06-62,2023-06-28,13:30,DESPISTE,1,1,1,CUSCO,CANCHIS,PITUMARCA,RURAL,CARRETERA,PROVINCIAL,CU-1462,-13.971587,-71.292346,DESPEJADO,RURAL,TRAMO RECTO,INCLINADA,TROCHA,,,,,IMPRUDENCIA DEL CONDUCTOR,FATIGA Y/O CANSANCIO,13.0,0,2023.0,6.0,2.0,0,2,2,1,0.0,1.0,2.0,3.0,0,0,49.0,1.4142135623730951,0,1,2,0.0,0.5,0
A-2023-06-193,2023-06-28,15:35,DESPISTE,1,2,1,CAJAMARCA,CAJAMARCA,MATARA,RURAL,CARRETERA,NACIONAL,PE-3N,-7.266884,-78.253109,DESPEJADO,RESIDENCIAL,CURVA,INCLINADA,ASFALTADA,,,,,EN PROCESO DE INVESTIGACIÓN,NO CUENTA CON CAUSA ESPECIFICA,15.0,0,2023.0,6.0,2.0,0,2,2,1,0.0,1.0,0.0,1.0,0,0,18.0,16.09347693943108,0,0,3,0.0,0.0,0
A-2023-06-58,2023-06-28,21:00,VOLCADURA,1,0,1,SAN MARTIN,RIOJA,NUEVA CAJAMARCA,RURAL,CARRETERA,NACIONAL,PE-5N,-5.895687,-77.33009,DESPEJADO,RURAL,TRAMO RECTO,PLANA ,ASFALTADA,,,,,IMPRUDENCIA DEL CONDUCTOR,OTRO (IMPRUDENCIA DEL CONDUCTOR),21.0,0,2023.0,6.0,2.0,0,3,2,2,0.0,0.0,0.0,0.0,0,0,23.0,11.313708498984761,0,1,2,0.0,0.5,1
A-2023-06-151,2023-06-29,05:30,CHOQUE,1,1,0,LIMA,LIMA,SANTA ANITA,URBANA,CARRETERA,NACIONAL,PE-1N,-12.05348693,-76.97551192,DESPEJADO,COMERCIAL,TRAMO RECTO,PLANA ,ASFALTADA,SI,REGULADORA (R),,SI,EN PROCESO DE INVESTIGACIÓN,NO CUENTA CON CAUSA ESPECIFICA,5.0,0,2023.0,6.0,3.0,0,0,2,0,0.0,0.0,0.0,0.0,0,0,38.0,12.288205727444508,0,2,3,0.0,0.667,1
A-2023-06-105,2023-06-29,06:30,CHOQUE,1,0,0,PIURA,SECHURA,RINCONADA LLICUAR,RURAL,CARRETERA,PROVINCIAL,PI-1040,-5.5027766,-80.7834116,DESPEJADO,RURAL,TRAMO RECTO,PLANA ,ASFALTADA,,,,,EN PROCESO DE INVESTIGACIÓN,NO CUENTA CON CAUSA ESPECIFICA,6.0,0,2023.0,6.0,3.0,0,1,2,0,0.0,0.0,0.0,0.0,0,0,49.333333333333336,8.020806277010644,0,2,3,0.0,0.667,0
A-2023-06-77,2023-06-29,09:40,DESPISTE,1,19,1,LA LIBERTAD,SANTIAGO DE CHUCO,QUIRUVILCA,RURAL,CARRETERA,NACIONAL,PE-3N,-7.9943869,-78.3065265,DESPEJADO,RURAL,TRAMO RECTO,PLANA ,ASFALTADA,,,,,NEGLIGENCIA DEL CONDUCTOR,CONDUCIR CON FALLAS DE SUSPENSIÓN,9.0,0,2023.0,6.0,3.0,0,1,2,0,0.0,0.0,0.0,0.0,0,0,34.666666666666664,6.843488389215936,0,1,21,0.0,0.048,0
A-2023-06-76,2023-06-29,10:30,DESPISTE,1,0,1,LA LIBERTAD,SANCHEZ CARRION,COCHORCO,RURAL,CARRETERA,SIN CLASIFICAR,SIN CLASIFICAR,-7.8348544010088546,-77.64278475023825,DESPEJADO,RURAL,TRAMO RECTO,PLANA ,TROCHA,,,,,EN PROCESO DE INVESTIGACIÓN,NO CUENTA CON CAUSA ESPECIFICA,10.0,0,2023.0,6.0,3.0,0,1,2,0,0.0,0.0,2.0,2.0,0,0,49.0,0.0,0,1,1,0.0,1.0,0
A-2023-06-43,2023-06-29,14:00,ATROPELLO,1,0,1,ICA,ICA,ICA,URBANA,CARRETERA,PROVINCIAL,IC-671,-14.08328,-75.752522,DESPEJADO,RESIDENCIAL,TRAMO RECTO,PLANA ,ASFALTADA,,,,,EN PROCESO DE INVESTIGACIÓN,NO CUENTA CON CAUSA ESPECIFICA,14.0,0,2023.0,6.0,3.0,0,2,2,0,0.0,0.0,0.0,0.0,0,0,56.0,12.727922061357855,0,0,2,0.0,0.0,0
A-2023-06-96,2023-06-29,15:40,DESPISTE,1,1,1,CUSCO,ESPINAR,ESPINAR,RURAL,CARRETERA,NACIONAL,PE-3SG,-14.832791273839296,-71.31109441131858,DESPEJADO,RURAL,TRAMO RECTO,INCLINADA,ASFALTADA,NO,,,SI,IMPRUDENCIA DEL CONDUCTOR,EXCESO DE VELOCIDAD,15.0,0,2023.0,6.0,3.0,0,2,2,1,0.0,1.0,0.0,1.0,0,1,0.0,0.0,0,1,2,0.0,0.5,0
A-2023-06-167,2023-06-29,21:00,CHOQUE,1,5,0,JUNIN,JAUJA,PARCO,RURAL,CARRETERA,NACIONAL,PE-3S,-11.80231,-75.53106,NUBLADO,RURAL,TRAMO RECTO,PLANA ,ASFALTADA,NO,,,SI,IMPRUDENCIA DEL CONDUCTOR,FATIGA Y/O CANSANCIO,21.0,0,2023.0,6.0,3.0,0,3,2,1,0.0,0.0,0.0,0.0,0,1,28.0,14.615060725156088,0,2,6,0.0,0.333,1
A-2023-06-157,2023-06-30,13:00,DESPISTE,1,0,1,HUANCAVELICA,CASTROVIRREYNA,CASTROVIRREYNA,RURAL,CARRETERA,NACIONAL,PE-28D,-13.34814,-75.335747,DESPEJADO,RURAL,CURVA,PLANA ,AFIRMADO,,,,,EN PROCESO DE INVESTIGACIÓN,NO CUENTA CON CAUSA ESPECIFICA,13.0,0,2023.0,6.0,4.0,0,2,2,1,0.0,0.0,1.0,1.0,0,0,33.0,0.0,0,1,1,0.0,1.0,0
A-2023-06-168,2023-06-30,13:30,ATROPELLO,1,0,0,JUNIN,HUANCAYO,EL TAMBO,URBANA,CARRETERA,NACIONAL,PE-3S,-12.033926193787016,-75.23212692492673,DESPEJADO,COMERCIAL,INTERSECCIÓN,PLANA ,ASFALTADA,NO,,,SI,IMPRUDENCIA DEL PEATÓN,CRUCE INDEBIDO POR LA CALZADA,13.0,0,2023.0,6.0,4.0,0,2,2,1,0.0,0.0,0.0,0.0,0,1,61.5,37.476659402887016,0,1,2,0.0,0.5,0
A-2023-06-78,2023-06-30,19:00,ATROPELLO FUGA,1,0,0,LA LIBERTAD,TRUJILLO,SALAVERRY,URBANA,CARRETERA,NACIONAL,PE-1N,-8.203856,-78.959776,DESPEJADO,COMERCIAL,TRAMO RECTO,PLANA ,ASFALTADA,,,,,EN PROCESO DE INVESTIGACIÓN,NO CUENTA CON CAUSA ESPECIFICA,19.0,0,2023.0,6.0,4.0,0,3,2,0,0.0,0.0,0.0,0.0,0,0,0.0,0.0,0,0,2,0.0,0.0,1
A-2023-06-152,2023-06-30,19:30,CHOQUE CON OBJETO FIJO,1,0,0,LIMA,LIMA,CHORRILLOS,URBANA,AVENIDA,URBANO,NO CORRESPONDE,-12.18674411,-76.9963906,DESPEJADO,RESIDENCIAL,INTERSECCIÓN,INCLINADA,ASFALTADA,NO,,,SI,EN PROCESO DE INVESTIGACIÓN,NO CUENTA CON CAUSA ESPECIFICA,19.0,0,2023.0,6.0,4.0,0,3,2,0,1.0,1.0,0.0,2.0,0,1,71.0,0.0,0,0,1,0.0,0.0,1
A-2023-06-80,2023-06-30,19:30,CHOQUE,3,2,2,PUNO,CHUCUITO,POMATA,RURAL,CARRETERA,NACIONAL,PE-3S,-16.3488161,-69.2406372,DESPEJADO,RURAL,TRAMO RECTO,PLANA ,ASFALTADA,,,,,IMPRUDENCIA DEL CONDUCTOR,INVASIÓN DE CARRIL,19.0,2,2023.0,6.0,4.0,0,3,2,1,0.0,0.0,0.0,0.0,0,0,58.6,20.452383724153037,0,2,5,0.0,0.4,1
A-2023-07-60,2023-07-01,05:05,CHOQUE,1,2,2,CUSCO,CUSCO,WANCHAQ,URBANA,AVENIDA,URBANO,NO CORRESPONDE,-13.5391239,-71.943301,DESPEJADO,COMERCIAL,TRAMO RECTO,PLANA ,ASFALTADA,NO,,,SI,IMPRUDENCIA DEL CONDUCTOR,INVASIÓN DE CARRIL,5.0,0,2023.0,7.0,5.0,1,0,2,1,1.0,0.0,0.0,1.0,0,1,26.75,7.762087348130012,0,1,4,0.0,0.25,1
A-2023-07-123,2023-07-01,05:30,ATROPELLO FUGA,1,0,0,LIMA,LIMA,VILLA MARIA DEL TRIUNFO,RURAL,AVENIDA,URBANO,NO CORRESPONDE,-12.17406405,-76.91577526,DESPEJADO,RURAL,TRAMO RECTO,INCLINADA,ASFALTADA,,,,,EN PROCESO DE INVESTIGACIÓN,NO CUENTA CON CAUSA ESPECIFICA,5.0,0,2023.0,7.0,5.0,1,0,2,0,1.0,1.0,0.0,2.0,0,0,39.0,0.0,0,0,2,0.0,0.0,1
A-2023-07-124,2023-07-01,10:40,ATROPELLO,1,0,0,LIMA,LIMA,SAN MIGUEL,URBANA,AVENIDA,URBANO,NO CORRESPONDE,-12.08921167,-77.08538817,DESPEJADO,RESIDENCIAL,INTERSECCIÓN,PLANA ,ASFALTADA,NO,,,SI,EN PROCESO DE INVESTIGACIÓN,NO CUENTA CON CAUSA ESPECIFICA,10.0,0,2023.0,7.0,5.0,1,1,2,0,1.0,0.0,0.0,1.0,0,1,69.5,21.920310216782973,0,1,2,0.0,0.5,0
A-2023-07-170,2023-07-01,11:00,ATROPELLO,1,0,1,AYACUCHO,HUANTA,HUANTA,URBANA,CARRETERA,PROVINCIAL,AY-619,-12.9428217,-74.2459397,DESPEJADO,RESIDENCIAL,TRAMO RECTO,PLANA ,ASFALTADA,,,,,IMPRUDENCIA DEL CONDUCTOR,EXCESO DE VELOCIDAD,11.0,0,2023.0,7.0,5.0,1,1,2,1,0.0,0.0,0.0,0.0,0,0,39.0,29.698484809834994,0,0,2,0.0,0.0,0
A-2023-07-37,2023-07-01,19:00,CHOQUE,1,0,2,CUSCO,ESPINAR,CONDOROMA,RURAL,CARRETERA,NACIONAL,PE-34J,-15.34732,-71.10871,DESPEJADO,RURAL,CURVA,PLANA ,ASFALTADA,SI,PREVENTIVA (P),,SI,IMPRUDENCIA DEL CONDUCTOR,OTRO (IMPRUDENCIA DEL CONDUCTOR),19.0,0,2023.0,7.0,5.0,1,3,2,1,0.0,0.0,0.0,0.0,0,0,53.0,1.4142135623730951,0,1,2,0.0,0.5,1
A-2023-07-136,2023-07-01,22:30,ATROPELLO,1,0,0,LIMA,LIMA,SANTIAGO DE SURCO,URBANA,CARRETERA,NACIONAL,PE-1S,-12.11145463,-76.97827634,DESPEJADO,COMERCIAL,TRAMO RECTO,INCLINADA,ASFALTADA,SI,PREVENTIVA (P),,NO,EN PROCESO DE INVESTIGACIÓN,NO CUENTA CON CAUSA ESPECIFICA,22.0,0,2023.0,7.0,5.0,1,3,2,0,0.0,1.0,0.0,1.0,0,1,55.5,4.949747468305833,0,1,2,0.0,0.5,1
A-2023-07-125,2023-07-02,02:30,CHOQUE CON OBJETO FIJO,1,0,0,LIMA,LIMA,LOS OLIVOS,URBANA,CALLE,URBANO,NO CORRESPONDE,-12.00521106,-77.08052456,DESPEJADO,RESIDENCIAL,TRAMO RECTO,INCLINADA,ASFALTADA,,,,,EN PROCESO DE INVESTIGACIÓN,NO CUENTA CON CAUSA ESPECIFICA,2.0,0,2023.0,7.0,6.0,1,0,2,0,2.0,1.0,0.0,3.0,0,0,28.0,0.0,0,1,1,0.0,1.0,1
A-2023-07-99,2023-07-02,02:40,ATROPELLO,1,0,0,PUNO,SAN ROMAN,JULIACA,URBANA,JIRÓN,URBANO,NO CORRESPONDE,-15.493616,-70.136997,DESPEJADO,COMERCIAL,TRAMO RECTO,INCLINADA,ASFALTADA,,,,,IMPRUDENCIA DEL PEATÓN,CRUCE INDEBIDO POR LA CALZADA,2.0,0,2023.0,7.0,6.0,1,0,2,1,1.0,1.0,0.0,2.0,0,0,33.5,2.1213203435596424,0,1,2,0.0,0.5,1
A-2023-07-71,2023-07-02,03:40,CHOQUE,1,1,2,CUSCO,ANTA,HUAROCONDO,RURAL,CARRETERA,DEPARTAMENTAL,CU-110,-13.440201,-72.206697,DESPEJADO,RURAL,CURVA,PLANA ,ASFALTADA,,,,,IMPRUDENCIA DEL CONDUCTOR,INVASIÓN DE CARRIL,3.0,0,2023.0,7.0,6.0,1,0,2,1,0.0,0.0,0.0,0.0,0,0,31.0,4.242640687119285,0,2,2,0.0,1.0,1
A-2023-07-2,2023-07-02,03:57,CHOQUE,1,2,0,AREQUIPA,AREQUIPA,AREQUIPA,URBANA,CALLE,URBANO,NO CORRESPONDE,-16.3970827,-71.5334445,,,,,,,,,,EN PROCESO DE INVESTIGACIÓN,NO CUENTA CON CAUSA ESPECIFICA,3.0,0,2023.0,7.0,6.0,1,0,2,0,2.0,1.0,1.0,4.0,0,0,25.666666666666668,3.214550253664318,0,0,3,0.0,0.0,1
A-2023-07-6,2023-07-02,08:30,DESPISTE,1,0,1,PUNO,PUNO,PICHACANI,RURAL,CARRETERA,NACIONAL,PE-36B,-16.224586,-70.124156,DESPEJADO,RURAL,CURVA,PLANA ,ASFALTADA,,,,,IMPRUDENCIA DEL CONDUCTOR,EXCESO DE VELOCIDAD,8.0,0,2023.0,7.0,6.0,1,1,2,1,0.0,0.0,0.0,0.0,0,0,23.0,5.656854249492381,0,0,2,0.0,0.0,0
A-2023-07-162,2023-07-02,11:45,DESPISTE,1,2,0,JUNIN,HUANCAYO,PUCARA,RURAL,CARRETERA,SIN CLASIFICAR,SIN CLASIFICAR,-12.1398254193877,-75.1079038834663,SOLEADO,RURAL,CURVA,INCLINADA,TROCHA,,,,,IMPRUDENCIA DEL CONDUCTOR,OTRO (IMPRUDENCIA DEL CONDUCTOR),11.0,0,2023.0,7.0,6.0,1,1,2,1,0.0,1.0,2.0,3.0,0,0,21.333333333333332,17.616280348965084,0,0,3,0.0,0.0,0
A-2023-07-181,2023-07-02,21:10,DESPISTE,1,1,1,CAJAMARCA,SAN IGNACIO,SAN IGNACIO,URBANA,AVENIDA,URBANO,NO CORRESPONDE,-5.140673,-78.996253,DESPEJADO,RESIDENCIAL,CURVA,INCLINADA,AFIRMADO,,,,,IMPRUDENCIA DEL CONDUCTOR,CONDUCIR EN ESTADO DE EBRIEDAD Y/O DROGADICCIÓN,21.0,0,2023.0,7.0,6.0,1,3,2,1,1.0,1.0,1.0,3.0,0,0,25.5,2.1213203435596424,0,0,2,0.0,0.0,1
A-2023-07-127,2023-07-02,23:00,ATROPELLO,1,0,0,LIMA,LIMA,ATE,URBANA,CARRETERA,NACIONAL,PE-22,-12.017291,-76.897926,DESPEJADO,RESIDENCIAL,TRAMO RECTO,INCLINADA,ASFALTADA,,,,,IMPRUDENCIA DEL PEATÓN,OTRO (IMPRUDENCIA DEL PEATÓN),23.0,0,2023.0,7.0,6.0,1,3,2,0,0.0,1.0,0.0,1.0,0,0,40.5,9.192388155425117,0,1,2,0.0,0.5,1
A-2023-07-126,2023-07-02,23:30,ATROPELLO FUGA,1,0,0,LIMA,LIMA,LURIN,RURAL,CARRETERA,NACIONAL,PE-1S,-12.257932560259317,-76.91872174565239,DESPEJADO,RURAL,TRAMO RECTO,PLANA ,ASFALTADA,,,,,EN PROCESO DE INVESTIGACIÓN,NO CUENTA CON CAUSA ESPECIFICA,23.0,0,2023.0,7.0,6.0,1,3,2,0,0.0,0.0,0.0,0.0,0,0,0.0,0.0,0,0,2,0.0,0.0,1
A-2023-07-163,2023-07-03,05:40,ATROPELLO,1,0,0,JUNIN,HUANCAYO,HUALHUAS,URBANA,CARRETERA,NACIONAL,PE-3S,-11.9797736,-75.2638076,DESPEJADO,RURAL,TRAMO RECTO,PLANA ,ASFALTADA,NO,,,SI,IMPRUDENCIA DEL PEATÓN,CRUCE INDEBIDO POR LA CALZADA,5.0,0,2023.0,7.0,0.0,0,0,2,1,0.0,0.0,0.0,0.0,0,1,55.0,41.012193308819754,0,1,2,0.0,0.5,1
A-2023-07-100,2023-07-03,09:00,ATROPELLO,1,0,0,PUNO,SAN ANTONIO DE PUTINA,ANANEA,URBANA,JIRÓN,URBANO,NO CORRESPONDE,-14.678106,-69.534111,DESPEJADO,COMERCIAL,TRAMO RECTO,INCLINADA,ASFALTADA,,,,,IMPRUDENCIA DEL CONDUCTOR,CONDUCIR EN SENTIDO CONTRARIO,9.0,0,2023.0,7.0,0.0,0,1,2,1,1.0,1.0,0.0,2.0,0,0,52.0,33.94112549695428,0,1,2,0.0,0.5,0
A-2023-07-4,2023-07-03,10:00,CHOQUE FUGA,1,0,1,TUMBES,ZARUMILLA,AGUAS VERDES,RURAL,CARRETERA,NACIONAL,PE-1NO,-3.4843348395075604,-80.25920921141396,SOLEADO,RURAL,CURVA,PLANA ,ASFALTADA,,,,,IMPRUDENCIA DEL CONDUCTOR,GIRAR IMPRUDENTEMENTE,10.0,0,2023.0,7.0,0.0,0,1,2,0,0.0,0.0,0.0,0.0,0,0,57.0,0.0,0,0,2,0.0,0.0,0
A-2023-07-8,2023-07-03,14:15,CHOQUE,1,1,2,LA LIBERTAD,VIRU,VIRU,RURAL,CARRETERA,PROVINCIAL,LI-1154,-8.448069607843763,-78.81717376691756,DESPEJADO,RURAL,TRAMO RECTO,PLANA ,AFIRMADO,,,,,EN PROCESO DE INVESTIGACIÓN,NO CUENTA CON CAUSA ESPECIFICA,14.0,0,2023.0,7.0,0.0,0,2,2,0,0.0,0.0,1.0,1.0,0,0,38.0,24.041630560342615,0,0,2,0.0,0.0,0
A-2023-07-128,2023-07-04,18:30,ATROPELLO,1,0,0,LIMA,LIMA,CHORRILLOS,URBANA,AVENIDA,URBANO,NO CORRESPONDE,-12.19904625,-76.9973279,DESPEJADO,RESIDENCIAL,INTERSECCIÓN,PLANA ,ASFALTADA,,,,,IMPRUDENCIA DEL PEATÓN,OTRO (IMPRUDENCIA DEL PEATÓN),18.0,0,2023.0,7.0,1.0,0,3,2,0,1.0,0.0,0.0,1.0,0,0,61.5,20.506096654409877,0,1,2,0.0,0.5,1
A-2023-07-182,2023-07-04,20:00,ATROPELLO FUGA,1,0,0,LA LIBERTAD,OTUZCO,CHARAT,,CARRETERA,DEPARTAMENTAL,LI-112,-7.764327152,-78.49043939,,,,,,,,,,EN PROCESO DE INVESTIGACIÓN,NO CUENTA CON CAUSA ESPECIFICA,20.0,0,2023.0,7.0,1.0,0,3,2,0,0.0,1.0,1.0,2.0,0,0,31.0,0.0,0,0,2,0.0,0.0,1
A-2023-07-9,2023-07-05,09:30,DESPISTE,1,0,1,LA LIBERTAD,OTUZCO,OTUZCO,URBANA,CARRETERA,NACIONAL,PE-10A,-7.9671586,-78.639135,DESPEJADO,RURAL,TRAMO RECTO,PLANA ,ASFALTADA,,,,,IMPRUDENCIA DEL CONDUCTOR,ADELANTAR INDEBIDAMENTE,9.0,0,2023.0,7.0,2.0,0,1,2,0,0.0,0.0,0.0,0.0,0,0,36.0,0.0,0,1,1,0.0,1.0,0
A-2023-07-129,2023-07-05,10:40,ATROPELLO,1,0,0,LIMA,LIMA,LA VICTORIA,URBANA,JIRÓN,URBANO,NO CORRESPONDE,-12.057922755933795,-77.0172660988245,DESPEJADO,RESIDENCIAL,CURVA,PLANA ,ASFALTADA,SI,INFORMATIVA (I),,SI,EN PROCESO DE INVESTIGACIÓN,NO CUENTA CON CAUSA ESPECIFICA,10.0,0,2023.0,7.0,2.0,0,1,2,0,1.0,0.0,0.0,1.0,0,0,53.0,0.0,0,1,2,0.0,0.5,0
A-2023-07-173,2023-07-05,15:30,DESPISTE,1,1,1,AYACUCHO,SUCRE,QUEROBAMBA,RURAL,CARRETERA,DEPARTAMENTAL,AY-103,-13.933434,-73.754059,DESPEJADO,RURAL,CURVA,INCLINADA,AFIRMADO,,,,,IMPRUDENCIA DEL CONDUCTOR,FATIGA Y/O CANSANCIO,15.0,0,2023.0,7.0,2.0,0,2,2,1,0.0,1.0,1.0,2.0,0,0,28.0,1.4142135623730951,0,1,2,0.0,0.5,0
A-2023-07-3,2023-07-05,18:00,CHOQUE,1,0,0,AREQUIPA,AREQUIPA,VITOR,RURAL,CARRETERA,NACIONAL,PE-1S,-16.449881,-71.964544,DESPEJADO,RURAL,TRAMO RECTO,INCLINADA,ASFALTADA,SI,REGULADORA (R),,NO,EN PROCESO DE INVESTIGACIÓN,NO CUENTA CON CAUSA ESPECIFICA,18.0,0,2023.0,7.0,2.0,0,3,2,0,0.0,1.0,0.0,1.0,0,1,59.0,2.8284271247461903,0,1,2,0.0,0.5,1
A-2023-07-177,2023-07-06,02:00,DESPISTE,1,1,1,TACNA,TACNA,CIUDAD NUEVA,URBANA,CARRETERA,PROVINCIAL,TA-622,-17.98215586952179,-70.22593432777111,DESPEJADO,RESIDENCIAL,TRAMO RECTO,PLANA ,ASFALTADA,,,,,IMPRUDENCIA DEL CONDUCTOR,CONDUCIR EN ESTADO DE EBRIEDAD Y/O DROGADICCIÓN,2.0,0,2023.0,7.0,3.0,0,0,2,0,0.0,0.0,0.0,0.0,0,0,39.5,6.363961030678928,1,1,2,0.5,0.5,1
A-2023-07-130,2023-07-06,05:50,ATROPELLO,1,0,0,LIMA,LIMA,CARABAYLLO,URBANA,AVENIDA,URBANO,NO CORRESPONDE,-11.871983,-77.014637,DESPEJADO,COMERCIAL,TRAMO RECTO,INCLINADA,ASFALTADA,,,,,EN PROCESO DE INVESTIGACIÓN,NO CUENTA CON CAUSA ESPECIFICA,5.0,0,2023.0,7.0,3.0,0,0,2,0,1.0,1.0,0.0,2.0,0,0,51.0,22.627416997969522,0,1,2,0.0,0.5,1
A-2023-07-157,2023-07-06,07:35,DESPISTE,1,1,0,UCAYALI,CORONEL PORTILLO,YARINACOCHA,RURAL,CARRETERA,DEPARTAMENTAL,UC-103,-8.305196,-74.617327,DESPEJADO,RURAL,TRAMO RECTO,PLANA ,AFIRMADO,,,,,NEGLIGENCIA DEL CONDUCTOR,CONDUCIR CON FALLAS DE FRENOS,7.0,0,2023.0,7.0,3.0,0,1,2,2,0.0,0.0,1.0,1.0,0,0,16.5,21.920310216782973,0,0,2,0.0,0.0,0
A-2023-07-10,2023-07-06,11:30,DESPISTE,1,2,1,LA LIBERTAD,TRUJILLO,SALAVERRY,RURAL,CARRETERA,NACIONAL,PE-1N,-8.194049,-78.972105,DESPEJADO,RURAL,TRAMO RECTO,PLANA ,ASFALTADA,,,,,EN PROCESO DE INVESTIGACIÓN,NO CUENTA CON CAUSA ESPECIFICA,11.0,0,2023.0,7.0,3.0,0,1,2,0,0.0,0.0,0.0,0.0,0,0,48.0,7.54983443527075,0,1,3,0.0,0.333,0
A-2023-07-11,2023-07-06,13:50,DESPISTE,1,0,1,LA LIBERTAD,OTUZCO,OTUZCO,RURAL,CARRETERA,NACIONAL,PE-10A,-7.960285,-78.631749,DESPEJADO,RURAL,TRAMO RECTO,PLANA ,AFIRMADO,,,,,EN PROCESO DE INVESTIGACIÓN,NO CUENTA CON CAUSA ESPECIFICA,13.0,0,2023.0,7.0,3.0,0,2,2,0,0.0,0.0,1.0,1.0,0,0,37.0,0.0,0,0,1,0.0,0.0,0
A-2023-07-131,2023-07-06,17:00,ATROPELLO,1,1,0,LIMA,LIMA,RIMAC,URBANA,AVENIDA,URBANO,NO CORRESPONDE,-12.01505771,-77.05182867,DESPEJADO,COMERCIAL,INTERSECCIÓN,PLANA ,ASFALTADA,SI,REGULADORA (R),PREVENTIVA (P),NO,EN PROCESO DE INVESTIGACIÓN,NO CUENTA CON CAUSA ESPECIFICA,17.0,0,2023.0,7.0,3.0,0,2,2,0,1.0,0.0,0.0,1.0,0,1,55.0,28.687976575562104,0,1,3,0.0,0.333,0
A-2023-07-24,2023-07-06,18:00,CHOQUE,1,0,0,PIURA,PIURA,CASTILLA,URBANA,CARRETERA,NACIONAL,PE-1NJ,-5.17328,-80.5488,DESPEJADO,RURAL,TRAMO RECTO,PLANA ,ASFALTADA,,,,,IMPRUDENCIA DEL CONDUCTOR,EXCESO DE VELOCIDAD,18.0,0,2023.0,7.0,3.0,0,3,2,0,0.0,0.0,0.0,0.0,0,0,35.0,2.8284271247461903,1,1,2,0.5,0.5,1
A-2023-07-20,2023-07-07,06:20,CAÍDA DE PASAJERO,1,1,0,ANCASH,CARLOS FERMIN FITZCARRALD,SAN LUIS,RURAL,CARRETERA,NACIONAL,PE-14C,-9.16927849825107,-77.2244298766206,DESPEJADO,RURAL,CURVA,INCLINADA,TROCHA,,,,,EN PROCESO DE INVESTIGACIÓN,NO CUENTA CON CAUSA ESPECIFICA,6.0,0,2023.0,7.0,4.0,0,1,2,0,0.0,1.0,2.0,3.0,0,0,27.0,13.527749258468683,0,0,3,0.0,0.0,0
A-2023-07-36,2023-07-07,12:30,CHOQUE,1,1,2,CUSCO,QUISPICANCHI,HUARO,URBANA,CARRETERA,NACIONAL,PE-3S,-13.688098911516184,-71.64729981873255,DESPEJADO,COMERCIAL,TRAMO RECTO,PLANA ,ASFALTADA,NO,,,SI,IMPRUDENCIA DEL CONDUCTOR,OTRO (IMPRUDENCIA DEL CONDUCTOR),12.0,0,2023.0,7.0,4.0,0,2,2,1,0.0,0.0,0.0,0.0,0,1,43.0,16.822603841260722,0,2,3,0.0,0.667,0
A-2023-07-55,2023-07-07,15:30,DESPISTE,1,4,1,CUSCO,PARURO,OMACHA,RURAL,CARRETERA,DEPARTAMENTAL,CU-129,-14.043284725995727,-71.77285278893352,DESPEJADO,RURAL,CURVA,INCLINADA,AFIRMADO,,,,,IMPRUDENCIA DEL CONDUCTOR,EXCESO DE VELOCIDAD,15.0,0,2023.0,7.0,4.0,0,2,2,1,0.0,1.0,1.0,2.0,0,0,29.5,0.7071067811865476,0,1,5,0.0,0.2,0
A-2023-07-97,2023-07-07,23:35,DESPISTE,1,1,1,LORETO,MAYNAS,IQUITOS,URBANA,CALLE,URBANO,NO CORRESPONDE,-3.746066,-73.2490994,DESPEJADO,COMERCIAL,INTERSECCIÓN,PLANA ,ASFALTADA,,,,,EN PROCESO DE INVESTIGACIÓN,NO CUENTA CON CAUSA ESPECIFICA,23.0,0,2023.0,7.0,4.0,0,3,2,2,2.0,0.0,0.0,2.0,0,0,34.5,31.81980515339464,1,0,2,0.5,0.0,1