CODIGO_SINIESTRO,FECHA_SINIESTRO,HORA_SINIESTRO,CLASE_SINIESTRO,CANTIDAD_FALLECIDOS,CANTIDAD_LESIONADOS,CANTIDAD_VEHICULOS,DEPARTAMENTO,PROVINCIA,DISTRITO,ZONA,TIPO_VIA,RED_VIAL,COD_CARRETERA,LATITUD,LONGITUD,CONDICION_CLIMATICA,ZONIFICACION,CARACTERISTICAS_VIA,PERFIL_VIA,SUPERFICIE_CALZADA,EXISTE_SENIAL_VERTICAL,CLASIFICACION_SENIAL_VERTICAL_1,CLASIFICACION_SENIAL_VERTICAL_2,EXISTE_SENIAL_HORIZONTAL,CAUSA_FACTOR_PRINCIPAL,CAUSA_ESPECIFICA,HORA,severidad,ANIO,MES,DIA_SEMANA,FIN_SEMANA,FRANJA_HORARIA,TEMPORADA,MACROREGION,TIPO_VIA_SCORE,PERFIL_VIA_SCORE,SUPERFICIE_CALZADA_SCORE,RIESGO_INFRAESTRUCTURA,RIESGO_CLIMATICO,SENIALIZACION_DEFICIENTE,EDAD_PROMEDIO,EDAD_STD,TOTAL_ALCOHOL,TOTAL_LICENCIA,TOTAL_PERSONAS,PCT_ALCOHOL,PCT_LICENCIA,ES_NOCHE
A-2023-07-167,2023-07-08,05:30,ATROPELLO,1,0,1,AYACUCHO,HUAMANGA,VINCHOS,URBANA,CARRETERA,NACIONAL,PE-28A,-13.320545746970089,-74.35264164599063,DESPEJADO,RESIDENCIAL,TRAMO RECTO,PLANA ,ASFALTADA,SI,PREVENTIVA (P),,NO,IMPRUDENCIA DEL CONDUCTOR,EXCESO DE VELOCIDAD,5.0,0,2023.0,7.0,5.0,1,0,2,1,0.0,0.0,0.0,0.0,0,1,59.5,27.577164466275352,0,1,2,0.0,0.5,1
A-2023-07-101,2023-07-08,16:00,CHOQUE,1,0,2,PUNO,SAN ROMAN,CABANA,RURAL,CARRETERA,NACIONAL,PE-34A,-15.562489091068612,-70.24074548293383,DESPEJADO,RURAL,TRAMO RECTO,PLANA ,ASFALTADA,,,,,IMPRUDENCIA DEL CONDUCTOR,INVASIÓN DE CARRIL,16.0,0,2023.0,7.0,5.0,1,2,2,1,0.0,0.0,0.0,0.0,0,0,38.5,0.7071067811865476,0,1,2,0.0,0.5,0
A-2023-07-22,2023-07-08,20:08,CHOQUE,1,0,0,PIURA,MORROPON,CHULUCANAS,RURAL,CARRETERA,NACIONAL,PE-1NJ,-5.145191,-80.275411,DESPEJADO,RURAL,TRAMO RECTO,PLANA ,ASFALTADA,,,,,IMPRUDENCIA DEL CONDUCTOR,INVASIÓN DE CARRIL,20.0,0,2023.0,7.0,5.0,1,3,2,0,0.0,0.0,0.0,0.0,0,0,39.5,7.7781745930520225,1,1,2,0.5,0.5,1
A-2023-07-61,2023-07-08,20:21,ATROPELLO,1,1,1,CUSCO,CUSCO,SANTIAGO,URBANA,AVENIDA,URBANO,NO CORRESPONDE,-13.5257359,-71.975211,DESPEJADO,RESIDENCIAL,TRAMO RECTO,PLANA ,ASFALTADA,,,,,IMPRUDENCIA DEL CONDUCTOR,CONDUCIR EN ESTADO DE EBRIEDAD Y/O DROGADICCIÓN,20.0,0,2023.0,7.0,5.0,1,3,2,1,1.0,0.0,0.0,1.0,0,0,34.666666666666664,9.609023536933048,1,0,3,0.333,0.0,1
A-2023-07-7,2023-07-08,20:40,ATROPELLO,1,0,0,AREQUIPA,AREQUIPA,LA JOYA,RURAL,CARRETERA,NACIONAL,PE-1S,-16.532018,-71.796382,DESPEJADO,RURAL,TRAMO RECTO,PLANA ,ASFALTADA,,,,,EN PROCESO DE INVESTIGACIÓN,NO CUENTA CON CAUSA ESPECIFICA,20.0,0,2023.0,7.0,5.0,1,3,2,0,0.0,0.0,0.0,0.0,0,0,53.0,1.4142135623730951,0,1,2,0.0,0.5,1
A-2023-07-132,2023-07-08,21:30,VOLCADURA,1,0,0,LIMA,LIMA,SAN JUAN DE LURIGANCHO,URBANA,AVENIDA,URBANO,NO CORRESPONDE,-12.01751258,-77.00214591,DESPEJADO,COMERCIAL,INTERSECCIÓN,INCLINADA,ASFALTADA,SI,INFORMATIVA (I),,SI,EN PROCESO DE INVESTIGACIÓN,NO CUENTA CON CAUSA ESPECIFICA,21.0,0,2023.0,7.0,5.0,1,3,2,0,1.0,1.0,0.0,2.0,0,0,29.0,0.0,0,0,1,0.0,0.0,1
A-2023-07-133,2023-07-09,01:30,ATROPELLO,1,0,0,LIMA,LIMA,SAN JUAN DE LURIGANCHO,URBANA,AVENIDA,URBANO,NO CORRESPONDE,-12.008243196948255,-77.01052566985119,DESPEJADO,COMERCIAL,CURVA,INCLINADA,ASFALTADA,,,,,IMPRUDENCIA DEL CONDUCTOR,OTRO (IMPRUDENCIA DEL CONDUCTOR),1.0,0,2023.0,7.0,6.0,1,0,2,0,1.0,1.0,0.0,2.0,0,0,54.5,9.192388155425117,0,1,2,0.0,0.5,1
A-2023-07-17,2023-07-09,02:30,VOLCADURA,1,0,1,SAN MARTIN,MOYOBAMBA,MOYOBAMBA,URBANA,JIRÓN,URBANO,NO CORRESPONDE,-6.036805,-76.98065,DESPEJADO,COMERCIAL,TRAMO RECTO,PLANA ,ASFALTADA,,,,,IMPRUDENCIA DEL CONDUCTOR,OTRO (IMPRUDENCIA DEL CONDUCTOR),2.0,0,2023.0,7.0,6.0,1,0,2,2,1.0,0.0,0.0,1.0,0,0,26.0,0.0,0,1,1,0.0,1.0,1
A-2023-07-134,2023-07-09,07:45,DESPISTE,5,28,0,LIMA,LIMA,COMAS,URBANA,AVENIDA,URBANO,NO CORRESPONDE,-11.91279662,-77.0033858,DESPEJADO,RESIDENCIAL,CURVA,INCLINADA,ASFALTADA,,,,,EN PROCESO DE INVESTIGACIÓN,NO CUENTA CON CAUSA ESPECIFICA,7.0,2,2023.0,7.0,6.0,1,1,2,0,1.0,1.0,0.0,2.0,0,0,32.333333333333336,21.746647251166483,0,1,33,0.0,0.03,0
A-2023-07-85,2023-07-09,15:20,ATROPELLO,1,1,0,PIURA,PIURA,PIURA,URBANA,CALLE,URBANO,NO CORRESPONDE,-5.197634,-80.630181,DESPEJADO,RURAL,TRAMO RECTO,PLANA ,ASFALTADA,,,,,IMPRUDENCIA DEL CONDUCTOR,NO DAR PASO PREFERENTE AL PEATÓN,15.0,0,2023.0,7.0,6.0,1,2,2,0,2.0,0.0,0.0,2.0,0,0,36.333333333333336,40.808495847474376,0,1,3,0.0,0.333,0
A-2023-07-103,2023-07-09,17:40,DESPISTE,2,0,1,PUNO,SAN ROMAN,CARACOTO,RURAL,CARRETERA,NACIONAL,PE-3S,-15.5492753,-70.1088494,DESPEJADO,RURAL,INTERSECCIÓN,PLANA ,ASFALTADA,,,,,IMPRUDENCIA DEL CONDUCTOR,CONDUCIR EN ESTADO DE EBRIEDAD Y/O DROGADICCIÓN,17.0,1,2023.0,7.0,6.0,1,2,2,1,0.0,0.0,0.0,0.0,0,0,58.0,0.0,0,0,2,0.0,0.0,0
A-2023-07-5,2023-07-09,19:10,ATROPELLO,1,0,1,ICA,ICA,SANTIAGO,RURAL,CARRETERA,NACIONAL,PE-1S,-14.289297288815796,-75.67934457989088,DESPEJADO,RURAL,TRAMO RECTO,PLANA ,ASFALTADA,,,,,IMPRUDENCIA DEL PEATÓN,CRUCE INDEBIDO POR LA CALZADA,19.0,0,2023.0,7.0,6.0,1,3,2,0,0.0,0.0,0.0,0.0,0,0,31.0,0.0,0,1,2,0.0,0.5,1
A-2023-07-12,2023-07-10,03:00,DESPISTE,1,0,1,LA LIBERTAD,PACASMAYO,GUADALUPE,RURAL,CARRETERA,NACIONAL,PE-1N,-7.2710136,-79.4791791,DESPEJADO,RURAL,TRAMO RECTO,PLANA ,ASFALTADA,,,,,IMPRUDENCIA DEL CONDUCTOR,CONDUCIR EN ESTADO DE EBRIEDAD Y/O DROGADICCIÓN,3.0,0,2023.0,7.0,0.0,0,0,2,0,0.0,0.0,0.0,0.0,0,0,31.0,0.0,0,1,1,0.0,1.0,1
A-2023-07-104,2023-07-10,05:40,ATROPELLO,1,0,1,PUNO,SAN ROMAN,CARACOTO,RURAL,CARRETERA,NACIONAL,PE-3S,-15.5419721,-70.1119631,DESPEJADO,RURAL,TRAMO RECTO,PLANA ,ASFALTADA,,,,,IMPRUDENCIA DEL CONDUCTOR,EXCESO DE VELOCIDAD,5.0,0,2023.0,7.0,0.0,0,0,2,1,0.0,0.0,0.0,0.0,0,0,61.5,27.577164466275352,0,1,2,0.0,0.5,1
A-2023-07-75,2023-07-10,07:30,DESPISTE,1,3,1,CUSCO,LA CONVENCION,HUAYOPATA,RURAL,CARRETERA,NACIONAL,PE-28B,-13.055588,-72.428333,DESPEJADO,RURAL,CURVA,PLANA ,ASFALTADA,SI,PREVENTIVA (P),,SI,IMPRUDENCIA DEL CONDUCTOR,EXCESO DE VELOCIDAD,7.0,0,2023.0,7.0,0.0,0,1,2,1,0.0,0.0,0.0,0.0,0,0,28.0,0.0,0,1,4,0.0,0.25,0
A-2023-07-14,2023-07-10,09:00,VOLCADURA,1,0,1,APURIMAC,ANDAHUAYLAS,ANDAHUAYLAS,RURAL,CARRETERA,SIN CLASIFICAR,SIN CLASIFICAR,-13.781952,-73.41439,DESPEJADO,RURAL,SINUOSA,INCLINADA,TROCHA,,,,,NEGLIGENCIA DEL CONDUCTOR,OTRO (NEGLIGENCIA DEL CONDUCTOR),9.0,0,2023.0,7.0,0.0,0,1,2,1,0.0,1.0,2.0,3.0,0,0,22.0,2.8284271247461903,0,0,2,0.0,0.0,0
A-2023-07-16,2023-07-10,17:30,ATROPELLO FUGA,1,0,0,AREQUIPA,CAYLLOMA,MACA,RURAL,CARRETERA,DEPARTAMENTAL,AR-109,-15.630471,-71.807162,DESPEJADO,RURAL,CURVA,PLANA ,ASFALTADA,,,,,EN PROCESO DE INVESTIGACIÓN,NO CUENTA CON CAUSA ESPECIFICA,17.0,0,2023.0,7.0,0.0,0,2,2,0,0.0,0.0,0.0,0.0,0,0,30.0,0.0,0,0,2,0.0,0.0,0
A-2023-07-83,2023-07-10,20:30,CHOQUE FUGA,1,4,0,PIURA,MORROPON,CHULUCANAS,RURAL,CARRETERA,NACIONAL,PE-1NS,-5.157349,-80.177424,DESPEJADO,RURAL,TRAMO RECTO,INCLINADA,ASFALTADA,NO,,,SI,EN PROCESO DE INVESTIGACIÓN,NO CUENTA CON CAUSA ESPECIFICA,20.0,0,2023.0,7.0,0.0,0,3,2,0,0.0,1.0,0.0,1.0,0,1,24.666666666666668,7.580677190506576,0,1,7,0.0,0.143,1
A-2023-07-54,2023-07-11,14:20,DESPISTE,1,0,1,TUMBES,CONTRALMIRANTE VILLAR,ZORRITOS,RURAL,CARRETERA,NACIONAL,PE-1N,-3.851229883307808,-80.8281758789849,SOLEADO,RURAL,TRAMO RECTO,PLANA ,ASFALTADA,,,,,IMPRUDENCIA DEL CONDUCTOR,EXCESO DE VELOCIDAD,14.0,0,2023.0,7.0,1.0,0,2,2,0,0.0,0.0,0.0,0.0,0,0,0.0,0.0,0,0,1,0.0,0.0,0
A-2023-07-56,2023-07-11,22:00,DESPISTE,2,3,1,CUSCO,QUISPICANCHI,MARCAPATA,RURAL,CARRETERA,PROVINCIAL,CU-1404,-13.625397,-70.935098,DESPEJADO,RURAL,SINUOSA,INCLINADA,AFIRMADO,SI,PREVENTIVA (P),,NO,NEGLIGENCIA DEL CONDUCTOR,OTRO (NEGLIGENCIA DEL CONDUCTOR),22.0,1,2023.0,7.0,1.0,0,3,2,1,0.0,1.0,1.0,2.0,0,1,44.8,12.23519513534623,0,1,5,0.0,0.2,1
A-2023-07-135,2023-07-12,02:45,DESPISTE,1,1,0,LIMA,LIMA,INDEPENDENCIA,URBANA,CARRETERA,NACIONAL,PE-1N,-11.98102546742494,-77.06550025297803,DESPEJADO,COMERCIAL,TRAMO RECTO,INCLINADA,ASFALTADA,,,,,EN PROCESO DE INVESTIGACIÓN,NO CUENTA CON CAUSA ESPECIFICA,2.0,0,2023.0,7.0,2.0,0,0,2,0,0.0,1.0,0.0,1.0,0,0,32.0,7.0710678118654755,0,1,2,0.0,0.5,1
A-2023-07-98,2023-07-12,03:00,CHOQUE,1,0,0,LORETO,MAYNAS,IQUITOS,URBANA,CALLE,URBANO,NO CORRESPONDE,-3.7568189,-73.2511955,,,,,,,,,,EN PROCESO DE INVESTIGACIÓN,NO CUENTA CON CAUSA ESPECIFICA,3.0,0,2023.0,7.0,2.0,0,0,2,2,2.0,1.0,1.0,4.0,0,0,34.0,0.0,0,0,1,0.0,0.0,1
A-2023-07-13,2023-07-12,07:30,CHOQUE,2,4,2,PUNO,CHUCUITO,JULI,RURAL,CARRETERA,NACIONAL,PE-3S,-16.2239721,-69.4623816,DESPEJADO,RURAL,CURVA,PLANA ,ASFALTADA,,,,,IMPRUDENCIA DEL CONDUCTOR,EXCESO DE VELOCIDAD,7.0,1,2023.0,7.0,2.0,0,1,2,1,0.0,0.0,0.0,0.0,0,0,44.142857142857146,9.118270512704541,0,1,7,0.0,0.143,0
A-2023-07-88,2023-07-12,10:30,VOLCADURA,1,0,1,APURIMAC,CHINCHEROS,URANMARCA,RURAL,CARRETERA,PROVINCIAL,AP-554,-13.7249557965443,-73.6732008685842,SOLEADO,RURAL,TRAMO RECTO,PLANA ,TROCHA,,,,,NEGLIGENCIA DEL CONDUCTOR,OTRO (NEGLIGENCIA DEL CONDUCTOR),10.0,0,2023.0,7.0,2.0,0,1,2,1,0.0,0.0,2.0,2.0,0,0,31.0,0.0,0,1,1,0.0,1.0,0
A-2023-07-28,2023-07-12,17:20,ATROPELLO,1,0,1,LA LIBERTAD,SANCHEZ CARRION,HUAMACHUCO,URBANA,AUTOPISTA,URBANO,NO CORRESPONDE,-7.817705,-78.033597,DESPEJADO,COMERCIAL,TRAMO RECTO,PLANA ,ASFALTADA,,,,,EN PROCESO DE INVESTIGACIÓN,NO CUENTA CON CAUSA ESPECIFICA,17.0,0,2023.0,7.0,2.0,0,2,2,0,1.0,0.0,0.0,1.0,0,0,45.5,28.991378028648448,0,1,2,0.0,0.5,0
A-2023-07-183,2023-07-12,17:30,CHOQUE,2,1,2,CAJAMARCA,CONTUMAZA,CHILETE,RURAL,CARRETERA,NACIONAL,PE-08,-7.225958008,-78.8762654,DESPEJADO,RURAL,TRAMO RECTO,PLANA ,ASFALTADA,NO,,,SI,IMPRUDENCIA DEL CONDUCTOR,EXCESO DE VELOCIDAD,17.0,1,2023.0,7.0,2.0,0,2,2,1,0.0,0.0,0.0,0.0,0,1,47.0,17.69180601295413,1,1,3,0.333,0.333,0
A-2023-07-15,2023-07-12,18:40,ATROPELLO FUGA,1,0,0,PUNO,PUNO,CHUCUITO,RURAL,CARRETERA,NACIONAL,PE-3S,-15.901532229327907,-69.88841594055835,DESPEJADO,RURAL,TRAMO RECTO,PLANA ,ASFALTADA,,,,,EN PROCESO DE INVESTIGACIÓN,NO CUENTA CON CAUSA ESPECIFICA,18.0,0,2023.0,7.0,2.0,0,3,2,1,0.0,0.0,0.0,0.0,0,0,64.0,0.0,0,0,2,0.0,0.0,1
A-2023-07-137,2023-07-12,20:30,DESPISTE,1,0,0,LIMA,LIMA,VILLA EL SALVADOR,URBANA,AVENIDA,URBANO,NO CORRESPONDE,-12.23976275180896,-76.91212091224831,DESPEJADO,COMERCIAL,ÓVALO,INCLINADA,ASFALTADA,,,,,EN PROCESO DE INVESTIGACIÓN,NO CUENTA CON CAUSA ESPECIFICA,20.0,0,2023.0,7.0,2.0,0,3,2,0,1.0,1.0,0.0,2.0,0,0,44.0,0.0,0,1,1,0.0,1.0,1
A-2023-07-105,2023-07-12,22:15,VOLCADURA,1,0,1,PUNO,SAN ANTONIO DE PUTINA,SINA,RURAL,CARRETERA,DEPARTAMENTAL,PU-109,-14.553848,-69.293572,DESPEJADO,RURAL,TRAMO RECTO,PLANA ,TROCHA,,,,,IMPRUDENCIA DEL CONDUCTOR,EXCESO DE VELOCIDAD,22.0,0,2023.0,7.0,2.0,0,3,2,1,0.0,0.0,2.0,2.0,0,0,18.0,0.0,0,0,1,0.0,0.0,1
A-2023-07-138,2023-07-13,00:40,CHOQUE FUGA,1,0,0,LIMA,LIMA,CARABAYLLO,URBANA,AVENIDA,URBANO,NO CORRESPONDE,-11.86219135,-77.05585282,DESPEJADO,COMERCIAL,INTERSECCIÓN,INCLINADA,ASFALTADA,,,,,EN PROCESO DE INVESTIGACIÓN,NO CUENTA CON CAUSA ESPECIFICA,0.0,0,2023.0,7.0,3.0,0,0,2,0,1.0,1.0,0.0,2.0,0,0,22.0,0.0,0,1,2,0.0,0.5,1
A-2023-07-107,2023-07-13,08:30,CHOQUE,1,2,2,PUNO,HUANCANE,HUANCANE,RURAL,CARRETERA,PROVINCIAL,PU-904,-15.218124141449298,-69.77791930794945,DESPEJADO,RURAL,TRAMO RECTO,PLANA ,TROCHA,,,,,IMPRUDENCIA DEL CONDUCTOR,INVASIÓN DE CARRIL,8.0,0,2023.0,7.0,3.0,0,1,2,1,0.0,0.0,2.0,2.0,0,0,31.333333333333332,17.09775813764288,0,1,3,0.0,0.333,0
A-2023-07-18,2023-07-13,13:30,CHOQUE,1,2,2,ICA,PISCO,SAN CLEMENTE,URBANA,CARRETERA,NACIONAL,PE-1SE,-13.682287,-76.1634073,SOLEADO,RESIDENCIAL,INTERSECCIÓN,PLANA ,ASFALTADA,,,,,EN PROCESO DE INVESTIGACIÓN,NO CUENTA CON CAUSA ESPECIFICA,13.0,0,2023.0,7.0,3.0,0,2,2,0,0.0,0.0,0.0,0.0,0,0,21.25,13.524668819112232,0,1,4,0.0,0.25,0
A-2023-07-57,2023-07-13,19:10,CHOQUE CON OBJETO FIJO,1,1,1,CUSCO,URUBAMBA,URUBAMBA,URBANA,CALLE,URBANO,NO CORRESPONDE,-13.298155,-72.121077,DESPEJADO,RESIDENCIAL,TRAMO RECTO,PLANA ,CONCRETO,,,,,IMPERICIA DEL CONDUCTOR,,19.0,0,2023.0,7.0,3.0,0,3,2,1,2.0,0.0,0.0,2.0,0,0,17.5,0.7071067811865476,0,0,2,0.0,0.0,1
A-2023-07-106,2023-07-13,20:00,CHOQUE,1,0,2,PUNO,HUANCANE,PUSI,RURAL,CARRETERA,NACIONAL,PE-34H,-15.4064452,-70.0655803,DESPEJADO,RURAL,TRAMO RECTO,PLANA ,ASFALTADA,,,,,IMPRUDENCIA DEL CONDUCTOR,NO ENCENDER LAS LUCES,20.0,0,2023.0,7.0,3.0,0,3,2,1,0.0,0.0,0.0,0.0,0,0,45.0,1.7320508075688772,0,1,3,0.0,0.333,1
A-2023-07-139,2023-07-13,22:10,ATROPELLO,1,0,0,LIMA,LIMA,VILLA MARIA DEL TRIUNFO,URBANA,AVENIDA,URBANO,NO CORRESPONDE,-12.22118669,-76.92032899,DESPEJADO,COMERCIAL,TRAMO RECTO,INCLINADA,ASFALTADA,SI,PREVENTIVA (P),,NO,IMPRUDENCIA DEL CONDUCTOR,OTRO (IMPRUDENCIA DEL CONDUCTOR),22.0,0,2023.0,7.0,3.0,0,3,2,0,1.0,1.0,0.0,2.0,0,1,51.0,22.627416997969522,0,1,2,0.0,0.5,1
A-2023-07-19,2023-07-13,23:15,CHOQUE,1,0,2,ICA,PALPA,LLIPATA,RURAL,CARRETERA,NACIONAL,PE-1S,-14.6274104,-75.1886216,DESPEJADO,RURAL,TRAMO RECTO,PLANA ,ASFALTADA,,,,,IMPRUDENCIA DEL CONDUCTOR,EXCESO DE VELOCIDAD,23.0,0,2023.0,7.0,3.0,0,3,2,0,0.0,0.0,0.0,0.0,0,0,34.5,23.33452377915607,0,1,2,0.0,0.5,1
A-2023-07-52,2023-07-14,04:00,DESPISTE,1,0,1,CUSCO,LA CONVENCION,ECHARATE,RURAL,CARRETERA,DEPARTAMENTAL,CU-105,-12.650155,-72.562413,DESPEJADO,RURAL,TRAMO RECTO,PLANA ,ASFALTADA,SI,REGULADORA (R),,NO,IMPRUDENCIA DEL CONDUCTOR,CONDUCIR EN ESTADO DE EBRIEDAD Y/O DROGADICCIÓN,4.0,0,2023.0,7.0,4.0,0,0,2,1,0.0,0.0,0.0,0.0,0,1,61.0,0.0,0,1,1,0.0,1.0,1
A-2023-07-140,2023-07-14,09:20,CHOQUE,1,0,0,LIMA,LIMA,LIMA,URBANA,AVENIDA,URBANO,NO CORRESPONDE,-12.06746168,-77.07770363,DESPEJADO,COMERCIAL,TRAMO RECTO,PLANA ,ASFALTADA,,,,,IMPRUDENCIA DEL CONDUCTOR,OTRO (IMPRUDENCIA DEL CONDUCTOR),9.0,0,2023.0,7.0,4.0,0,1,2,0,1.0,0.0,0.0,1.0,0,0,37.0,12.727922061357855,0,2,2,0.0,1.0,0
A-2023-07-23,2023-07-14,15:30,DESPISTE,3,0,1,ANCASH,HUAYLAS,CARAZ,RURAL,CARRETERA,PROVINCIAL,AN-901,-9.08297910887399,-77.8142607636424,SOLEADO,RURAL,SINUOSA,INCLINADA,AFIRMADO,,,,,IMPRUDENCIA DEL CONDUCTOR,FATIGA Y/O CANSANCIO,15.0,2,2023.0,7.0,4.0,0,2,2,0,0.0,1.0,1.0,2.0,0,0,34.333333333333336,4.725815626252608,0,0,3,0.0,0.0,0
A-2023-07-21,2023-07-14,19:15,CHOQUE,1,0,2,PUNO,PUNO,PICHACANI,RURAL,CARRETERA,NACIONAL,PE-36B,-16.134785534110286,-70.04528753553053,DESPEJADO,RURAL,TRAMO RECTO,PLANA ,ASFALTADA,,,,,IMPRUDENCIA DEL CONDUCTOR,EXCESO DE VELOCIDAD,19.0,0,2023.0,7.0,4.0,0,3,2,1,0.0,0.0,0.0,0.0,0,0,45.5,4.949747468305833,0,1,2,0.0,0.5,1
A-2023-07-185,2023-07-15,08:20,DESPISTE,3,9,1,CAJAMARCA,HUALGAYOC,HUALGAYOC,RURAL,CARRETERA,NACIONAL,PE-3N,-6.7758188,-78.6417937,DESPEJADO,RURAL,TRAMO RECTO,PLANA ,ASFALTADA,,,,,IMPRUDENCIA DEL CONDUCTOR,OTRO (IMPRUDENCIA DEL CONDUCTOR),8.0,2,2023.0,7.0,5.0,1,1,2,1,0.0,0.0,0.0,0.0,0,0,48.416666666666664,19.004584773791887,0,1,12,0.0,0.083,0
A-2023-07-184,2023-07-16,01:50,VOLCADURA,1,1,1,CAJAMARCA,SAN MARCOS,GREGORIO PITA,RURAL,CARRETERA,NACIONAL,PE-3N,-7.324748,-78.17082,DESPEJADO,COMERCIAL,CURVA,PLANA ,ASFALTADA,NO,,,SI,IMPRUDENCIA DEL CONDUCTOR,CONDUCIR EN ESTADO DE EBRIEDAD Y/O DROGADICCIÓN,1.0,0,2023.0,7.0,6.0,1,0,2,1,0.0,0.0,0.0,0.0,0,1,22.0,1.4142135623730951,1,0,2,0.5,0.0,1
A-2023-07-141,2023-07-16,03:50,CHOQUE,1,0,0,LIMA,LIMA,LIMA,URBANA,AVENIDA,URBANO,NO CORRESPONDE,-12.05411824,-77.06161635,DESPEJADO,COMERCIAL,INTERSECCIÓN,PLANA ,ASFALTADA,SI,REGULADORA (R),,NO,EN PROCESO DE INVESTIGACIÓN,NO CUENTA CON CAUSA ESPECIFICA,3.0,0,2023.0,7.0,6.0,1,0,2,0,1.0,0.0,0.0,1.0,0,1,40.0,9.899494936611665,0,2,2,0.0,1.0,1
A-2023-07-29,2023-07-16,06:00,DESPISTE,1,0,1,LA LIBERTAD,PATAZ,PARCOY,RURAL,CARRETERA,NACIONAL,PE-10C,-8.049815659119059,-77.43703641620576,DESPEJADO,RURAL,TRAMO RECTO,PLANA ,AFIRMADO,,,,,EN PROCESO DE INVESTIGACIÓN,NO CUENTA CON CAUSA ESPECIFICA,6.0,0,2023.0,7.0,6.0,1,1,2,0,0.0,0.0,1.0,1.0,0,0,29.5,3.5355339059327378,0,1,2,0.0,0.5,0
A-2023-07-50,2023-07-16,08:30,DESPISTE,1,1,1,ANCASH,SIHUAS,ALFONSO UGARTE,RURAL,CARRETERA,SIN CLASIFICAR,SIN CLASIFICAR,-8.45764059376214,-77.4440901963318,DESPEJADO,RURAL,CURVA,INCLINADA,TROCHA,,,,,EN PROCESO DE INVESTIGACIÓN,NO CUENTA CON CAUSA ESPECIFICA,8.0,0,2023.0,7.0,6.0,1,1,2,0,0.0,1.0,2.0,3.0,0,0,22.0,17.52141546793523,0,0,3,0.0,0.0,0
A-2023-07-26,2023-07-16,14:30,DESPISTE,2,0,1,PUNO,PUNO,PAUCARCOLLA,RURAL,CARRETERA,PROVINCIAL,PU-1061,-15.76270352155177,-70.06938454054797,DESPEJADO,RURAL,TRAMO RECTO,PLANA ,ASFALTADA,,,,,IMPRUDENCIA DEL CONDUCTOR,EXCESO DE VELOCIDAD,14.0,1,2023.0,7.0,6.0,1,2,2,1,0.0,0.0,0.0,0.0,0,0,26.5,0.7071067811865476,0,1,2,0.0,0.5,0
A-2023-07-96,2023-07-16,21:00,CHOQUE FUGA,1,1,0,PIURA,PIURA,TAMBO GRANDE,RURAL,CARRETERA,NACIONAL,PE-1NR,-4.991636,-80.220575,DESPEJADO,RURAL,CURVA,INCLINADA,ASFALTADA,,,,,EN PROCESO DE INVESTIGACIÓN,NO CUENTA CON CAUSA ESPECIFICA,21.0,0,2023.0,7.0,6.0,1,3,2,0,0.0,1.0,0.0,1.0,0,0,40.5,14.849242404917497,0,0,3,0.0,0.0,1
A-2023-07-158,2023-07-16,23:40,DESPISTE,1,0,1,HUANCAVELICA,HUANCAVELICA,ACORIA,RURAL,CARRETERA,NACIONAL,PE-3S,-12.5010409,-74.72031999,DESPEJADO,RURAL,CURVA,PLANA ,ASFALTADA,,,,,EN PROCESO DE INVESTIGACIÓN,NO CUENTA CON CAUSA ESPECIFICA,23.0,0,2023.0,7.0,6.0,1,3,2,1,0.0,0.0,0.0,0.0,0,0,39.0,0.0,0,1,1,0.0,1.0,1
A-2023-07-108,2023-07-17,02:00,VOLCADURA,1,0,1,PUNO,SANDIA,SAN JUAN DEL ORO,RURAL,CARRETERA,SIN CLASIFICAR,SIN CLASIFICAR,-14.211834616489185,-69.16513602539725,DESPEJADO,RURAL,TRAMO RECTO,PLANA ,TROCHA,,,,,IMPRUDENCIA DEL CONDUCTOR,EXCESO DE VELOCIDAD,2.0,0,2023.0,7.0,0.0,0,0,2,1,0.0,0.0,2.0,2.0,0,0,39.0,0.0,0,0,1,0.0,0.0,1
A-2023-07-32,2023-07-17,08:30,CHOQUE,1,0,2,AREQUIPA,CAYLLOMA,COPORAQUE,RURAL,CARRETERA,PROVINCIAL,AR-681,-15.635682,-71.655046,DESPEJADO,RURAL,CURVA,INCLINADA,ASFALTADA,SI,PREVENTIVA (P),,SI,EN PROCESO DE INVESTIGACIÓN,NO CUENTA CON CAUSA ESPECIFICA,8.0,0,2023.0,7.0,0.0,0,1,2,0,0.0,1.0,0.0,1.0,0,0,47.0,22.627416997969522,0,1,2,0.0,0.5,0
A-2023-07-109,2023-07-17,11:45,CHOQUE,1,0,2,PUNO,AZANGARO,TIRAPATA,RURAL,CARRETERA,NACIONAL,PE-3SH,-14.990365,-70.3610238,DESPEJADO,RURAL,TRAMO RECTO,PLANA ,ASFALTADA,,,,,IMPRUDENCIA DEL CONDUCTOR,OTRO (IMPRUDENCIA DEL CONDUCTOR),11.0,0,2023.0,7.0,0.0,0,1,2,1,0.0,0.0,0.0,0.0,0,0,57.5,6.363961030678928,0,1,2,0.0,0.5,0
A-2023-07-30,2023-07-17,14:30,DESPISTE,1,1,1,LA LIBERTAD,JULCAN,JULCAN,RURAL,CARRETERA,PROVINCIAL,LI-997,-8.020962234851163,-78.48804579396595,DESPEJADO,RURAL,TRAMO RECTO,PLANA ,AFIRMADO,,,,,EN PROCESO DE INVESTIGACIÓN,NO CUENTA CON CAUSA ESPECIFICA,14.0,0,2023.0,7.0,0.0,0,2,2,0,0.0,0.0,1.0,1.0,0,0,30.0,11.313708498984761,0,1,2,0.0,0.5,0