CODIGO_SINIESTRO,FECHA_SINIESTRO,HORA_SINIESTRO,CLASE_SINIESTRO,CANTIDAD_FALLECIDOS,CANTIDAD_LESIONADOS,CANTIDAD_VEHICULOS,DEPARTAMENTO,PROVINCIA,DISTRITO,ZONA,TIPO_VIA,RED_VIAL,COD_CARRETERA,LATITUD,LONGITUD,CONDICION_CLIMATICA,ZONIFICACION,CARACTERISTICAS_VIA,PERFIL_VIA,SUPERFICIE_CALZADA,EXISTE_SENIAL_VERTICAL,CLASIFICACION_SENIAL_VERTICAL_1,CLASIFICACION_SENIAL_VERTICAL_2,EXISTE_SENIAL_HORIZONTAL,CAUSA_FACTOR_PRINCIPAL,CAUSA_ESPECIFICA,HORA,severidad,ANIO,MES,DIA_SEMANA,FIN_SEMANA,FRANJA_HORARIA,TEMPORADA,MACROREGION,TIPO_VIA_SCORE,PERFIL_VIA_SCORE,SUPERFICIE_CALZADA_SCORE,RIESGO_INFRAESTRUCTURA,RIESGO_CLIMATICO,SENIALIZACION_DEFICIENTE,EDAD_PROMEDIO,EDAD_STD,TOTAL_ALCOHOL,TOTAL_LICENCIA,TOTAL_PERSONAS,PCT_ALCOHOL,PCT_LICENCIA,ES_NOCHE
A-2023-07-151,2023-07-27,11:30,ATROPELLO FUGA,1,0,0,LIMA,LIMA,CARABAYLLO,URBANA,CALLE,URBANO,NO CORRESPONDE,-11.88194414,-77.05194375,DESPEJADO,RESIDENCIAL,TRAMO RECTO,PLANA ,ASFALTADA,,,,,EN PROCESO DE INVESTIGACIÓN,NO CUENTA CON CAUSA ESPECIFICA,11.0,0,2023.0,7.0,3.0,0,1,2,0,2.0,0.0,0.0,2.0,0,0,86.0,0.0,0,0,2,0.0,0.0,0
A-2023-07-76,2023-07-27,16:55,DESPISTE,1,1,1,AREQUIPA,CAYLLOMA,SAN ANTONIO DE CHUCA,RURAL,CARRETERA,NACIONAL,PE-34A,-15.761795,-70.989748,DESPEJADO,RURAL,CURVA,INCLINADA,ASFALTADA,,,,,EN PROCESO DE INVESTIGACIÓN,NO CUENTA CON CAUSA ESPECIFICA,16.0,0,2023.0,7.0,3.0,0,2,2,0,0.0,1.0,0.0,1.0,0,0,50.0,23.515952032609693,0,1,3,0.0,0.333,0
A-2023-07-155,2023-07-28,03:30,DESPISTE,1,0,0,PIURA,PIURA,PIURA,URBANA,AVENIDA,URBANO,NO CORRESPONDE,-5.164166,-80.647215,DESPEJADO,RURAL,TRAMO RECTO,PLANA ,ASFALTADA,,,,,EN PROCESO DE INVESTIGACIÓN,NO CUENTA CON CAUSA ESPECIFICA,3.0,0,2023.0,7.0,4.0,0,0,2,0,1.0,0.0,0.0,1.0,0,0,30.0,0.0,1,0,1,1.0,0.0,1
A-2023-07-179,2023-07-28,03:30,ATROPELLO FUGA,1,0,0,TACNA,TACNA,TACNA,RURAL,CARRETERA,PROVINCIAL,TA-645,-18.305434,-70.320481,DESPEJADO,RURAL,TRAMO RECTO,PLANA ,ASFALTADA,,,,,EN PROCESO DE INVESTIGACIÓN,NO CUENTA CON CAUSA ESPECIFICA,3.0,0,2023.0,7.0,4.0,0,0,2,0,0.0,0.0,0.0,0.0,0,0,23.0,0.0,0,0,2,0.0,0.0,1
A-2023-07-48,2023-07-28,07:50,DESPISTE,1,5,1,LIMA,HUAURA,HUACHO,RURAL,CARRETERA,NACIONAL,PE-1N,-11.3995,-77.39173,DESPEJADO,RURAL,TRAMO RECTO,INCLINADA,ASFALTADA,,,,,EN PROCESO DE INVESTIGACIÓN,NO CUENTA CON CAUSA ESPECIFICA,7.0,0,2023.0,7.0,4.0,0,1,2,0,0.0,1.0,0.0,1.0,0,0,30.571428571428573,23.013453622154316,0,1,7,0.0,0.143,0
A-2023-07-80,2023-07-28,11:30,CHOQUE,1,0,1,LA LIBERTAD,SANCHEZ CARRION,HUAMACHUCO,RURAL,CARRETERA,NACIONAL,PE-3N,-7.811103864819987,-78.05283795922684,DESPEJADO,RURAL,TRAMO RECTO,PLANA ,ASFALTADA,,,,,IMPRUDENCIA DEL CONDUCTOR,OTRO (IMPRUDENCIA DEL CONDUCTOR),11.0,0,2023.0,7.0,4.0,0,1,2,0,0.0,0.0,0.0,0.0,0,0,27.5,4.949747468305833,0,1,2,0.0,0.5,0
A-2023-07-64,2023-07-28,12:15,ATROPELLO,1,1,1,PUNO,PUNO,PUNO,URBANA,AVENIDA,URBANO,NO CORRESPONDE,-15.8360125,-70.0231588,DESPEJADO,COMERCIAL,INTERSECCIÓN,PLANA ,ASFALTADA,,,,,IMPRUDENCIA DEL CONDUCTOR,EXCESO DE VELOCIDAD,12.0,0,2023.0,7.0,4.0,0,2,2,1,1.0,0.0,0.0,1.0,0,0,40.5,21.920310216782973,0,1,2,0.0,0.5,0
A-2023-07-79,2023-07-28,20:15,DESPISTE,1,0,1,LA LIBERTAD,ASCOPE,SANTIAGO DE CAO,RURAL,CARRETERA,PROVINCIAL,LI-667,-7.962023,-79.217277,DESPEJADO,RURAL,INTERSECCIÓN,PLANA ,ASFALTADA,,,,,EN PROCESO DE INVESTIGACIÓN,NO CUENTA CON CAUSA ESPECIFICA,20.0,0,2023.0,7.0,4.0,0,3,2,0,0.0,0.0,0.0,0.0,0,0,57.5,4.949747468305833,0,1,2,0.0,0.5,1
A-2023-07-160,2023-07-28,20:20,CHOQUE CON OBJETO FIJO,1,3,0,HUANCAVELICA,TAYACAJA,ACOSTAMBO,RURAL,CARRETERA,NACIONAL,PE-3S,-12.378300729362945,-75.0485996535858,DESPEJADO,RURAL,CURVA,PLANA ,ASFALTADA,,,,,EN PROCESO DE INVESTIGACIÓN,NO CUENTA CON CAUSA ESPECIFICA,20.0,0,2023.0,7.0,4.0,0,3,2,1,0.0,0.0,0.0,0.0,0,0,19.5,14.888474289418197,0,1,4,0.0,0.25,1
A-2023-07-187,2023-07-28,21:44,DESPISTE,1,1,1,CAJAMARCA,CONTUMAZA,YONAN,RURAL,CARRETERA,NACIONAL,PE-08,-7.252539499,-79.12464028,SOLEADO,RURAL,CURVA,PLANA ,ASFALTADA,NO,,,SI,IMPRUDENCIA DEL CONDUCTOR,EXCESO DE VELOCIDAD,21.0,0,2023.0,7.0,4.0,0,3,2,1,0.0,0.0,0.0,0.0,0,1,58.5,16.263455967290593,0,1,2,0.0,0.5,1
A-2023-07-153,2023-07-29,06:00,ATROPELLO FUGA,1,0,0,LIMA,LIMA,VILLA EL SALVADOR,URBANA,AVENIDA,URBANO,NO CORRESPONDE,-12.1963004,-76.95351318,DESPEJADO,ESCOLAR,TRAMO RECTO,INCLINADA,ASFALTADA,SI,INFORMATIVA (I),,NO,EN PROCESO DE INVESTIGACIÓN,NO CUENTA CON CAUSA ESPECIFICA,6.0,0,2023.0,7.0,5.0,1,1,2,0,1.0,1.0,0.0,2.0,0,1,66.0,0.0,0,0,2,0.0,0.0,0
A-2023-07-63,2023-07-29,07:30,DESPISTE,2,1,1,ANCASH,HUARAZ,OLLEROS,RURAL,CARRETERA,NACIONAL,PE-3N,-9.6462648,-77.4872321,DESPEJADO,RURAL,CURVA,INCLINADA,ASFALTADA,NO,,,SI,EN PROCESO DE INVESTIGACIÓN,NO CUENTA CON CAUSA ESPECIFICA,7.0,1,2023.0,7.0,5.0,1,1,2,0,0.0,1.0,0.0,1.0,0,1,20.333333333333332,0.5773502691896255,0,0,3,0.0,0.0,0
A-2023-07-70,2023-07-29,08:40,ATROPELLO,1,0,0,PUNO,PUNO,ACORA,RURAL,CARRETERA,NACIONAL,PE-3S,-16.012649,-69.751072,DESPEJADO,RURAL,TRAMO RECTO,PLANA ,ASFALTADA,,,,,IMPRUDENCIA DEL PEATÓN,CRUCE INDEBIDO POR LA CALZADA,8.0,0,2023.0,7.0,5.0,1,1,2,1,0.0,0.0,0.0,0.0,0,0,50.5,33.23401871576773,0,1,2,0.0,0.5,0
A-2023-07-81,2023-07-29,10:30,DESPISTE,1,0,1,LA LIBERTAD,OTUZCO,SINSICAP,RURAL,CARRETERA,DEPARTAMENTAL,LI-110,-7.830512494782083,-78.71859986116617,DESPEJADO,RURAL,TRAMO RECTO,PLANA ,ASFALTADA,,,,,EN PROCESO DE INVESTIGACIÓN,NO CUENTA CON CAUSA ESPECIFICA,10.0,0,2023.0,7.0,5.0,1,1,2,0,0.0,0.0,0.0,0.0,0,0,35.0,0.0,0,1,1,0.0,1.0,0
A-2023-07-82,2023-07-29,11:30,ATROPELLO,1,0,1,LA LIBERTAD,TRUJILLO,TRUJILLO,RURAL,AVENIDA,URBANO,NO CORRESPONDE,-8.0925758,-79.0180225,DESPEJADO,RURAL,INTERSECCIÓN,PLANA ,ASFALTADA,,,,,IMPRUDENCIA DEL CONDUCTOR,OTRO (IMPRUDENCIA DEL CONDUCTOR),11.0,0,2023.0,7.0,5.0,1,1,2,0,1.0,0.0,0.0,1.0,0,0,44.5,33.23401871576773,0,0,2,0.0,0.0,0
A-2023-07-171,2023-07-29,15:40,DESPISTE,1,5,1,AYACUCHO,CANGALLO,CANGALLO,RURAL,CARRETERA,PROVINCIAL,AY-990,-13.6058593,-74.1387439,DESPEJADO,RURAL,CURVA,INCLINADA,TROCHA,,,,,IMPRUDENCIA DEL CONDUCTOR,OTRO (IMPRUDENCIA DEL CONDUCTOR),15.0,0,2023.0,7.0,5.0,1,2,2,1,0.0,1.0,2.0,3.0,0,0,38.833333333333336,23.08607083647338,0,1,6,0.0,0.167,0
A-2023-07-174,2023-07-29,16:00,VOLCADURA,1,0,1,AYACUCHO,LA MAR,TAMBO,URBANA,CARRETERA,NACIONAL,PE-28B,-12.94969510295809,-74.01757465344146,DESPEJADO,RURAL,CURVA,INCLINADA,ASFALTADA,SI,PREVENTIVA (P),,NO,NEGLIGENCIA DEL CONDUCTOR,CONDUCIR CON FALLAS DE FRENOS,16.0,0,2023.0,7.0,5.0,1,2,2,1,0.0,1.0,0.0,1.0,0,1,51.0,18.384776310850235,0,1,2,0.0,0.5,0
A-2023-07-93,2023-07-29,17:50,CHOQUE,1,2,0,PIURA,PIURA,VEINTISEIS DE OCTUBRE,URBANA,OTRO,URBANO,NO CORRESPONDE,-5.183162,-80.681037,DESPEJADO,RURAL,INTERSECCIÓN,PLANA ,ASFALTADA,,,,,IMPRUDENCIA DEL CONDUCTOR,EXCESO DE VELOCIDAD,17.0,0,2023.0,7.0,5.0,1,2,2,0,2.0,0.0,0.0,2.0,0,0,33.333333333333336,17.09775813764288,2,2,3,0.667,0.667,0
A-2023-07-86,2023-07-29,21:00,DESPISTE,1,2,1,LA LIBERTAD,OTUZCO,SALPO,RURAL,CARRETERA,NACIONAL,PE-10A,-7.991491530019913,-78.66085942613947,DESPEJADO,RURAL,TRAMO RECTO,PLANA ,ASFALTADA,,,,,IMPRUDENCIA DEL CONDUCTOR,OTRO (IMPRUDENCIA DEL CONDUCTOR),21.0,0,2023.0,7.0,5.0,1,3,2,0,0.0,0.0,0.0,0.0,0,0,46.0,35.369478367654786,0,1,3,0.0,0.333,1
A-2023-07-154,2023-07-29,22:30,CHOQUE,2,0,0,LIMA,LIMA,SANTIAGO DE SURCO,URBANA,CARRETERA,NACIONAL,PE-1S,-12.091023,-76.980921,DESPEJADO,COMERCIAL,TRAMO RECTO,PLANA ,ASFALTADA,,,,,EN PROCESO DE INVESTIGACIÓN,NO CUENTA CON CAUSA ESPECIFICA,22.0,1,2023.0,7.0,5.0,1,3,2,0,0.0,0.0,0.0,0.0,0,0,34.0,5.656854249492381,0,2,2,0.0,1.0,1
A-2023-07-111,2023-07-30,02:30,DESPISTE,13,17,0,PIURA,HUANCABAMBA,HUARMACA,RURAL,CARRETERA,NACIONAL,PE-04B,-5.88354,-79.5367939,DESPEJADO,RURAL,CURVA,INCLINADA,ASFALTADA,SI,PREVENTIVA (P),,NO,IMPRUDENCIA DEL CONDUCTOR,EXCESO DE VELOCIDAD,2.0,2,2023.0,7.0,6.0,1,0,2,0,0.0,1.0,0.0,1.0,0,1,32.62068965517241,12.846383018198013,0,1,30,0.0,0.033,1
A-2023-07-156,2023-07-30,03:40,ATROPELLO,1,0,0,PIURA,SECHURA,SECHURA,RURAL,CARRETERA,NACIONAL,PE-1NK,-5.67723630900685,-80.8491431991328,DESPEJADO,RURAL,TRAMO RECTO,PLANA ,ASFALTADA,,,,,EN PROCESO DE INVESTIGACIÓN,NO CUENTA CON CAUSA ESPECIFICA,3.0,0,2023.0,7.0,6.0,1,0,2,0,0.0,0.0,0.0,0.0,0,0,23.0,0.0,0,0,2,0.0,0.0,1
A-2023-07-188,2023-07-30,03:50,VOLCADURA,2,0,1,CAJAMARCA,HUALGAYOC,HUALGAYOC,RURAL,CARRETERA,NACIONAL,PE-3N,-6.726774,-78.577094,DESPEJADO,RURAL,TRAMO RECTO,PLANA ,ASFALTADA,NO,,,SI,EN PROCESO DE INVESTIGACIÓN,NO CUENTA CON CAUSA ESPECIFICA,3.0,1,2023.0,7.0,6.0,1,0,2,1,0.0,0.0,0.0,0.0,0,1,33.5,21.920310216782973,1,0,2,0.5,0.0,1
A-2023-07-168,2023-07-30,04:00,DESPISTE,5,5,1,AYACUCHO,VILCAS HUAMAN,ACCOMARCA,RURAL,CARRETERA,PROVINCIAL,AY-1035,-13.793413,-73.84895,DESPEJADO,RURAL,CURVA,PLANA ,AFIRMADO,,,,,IMPRUDENCIA DEL CONDUCTOR,OTRO (IMPRUDENCIA DEL CONDUCTOR),4.0,2,2023.0,7.0,6.0,1,0,2,1,0.0,0.0,1.0,1.0,0,0,41.7,25.81149614674309,0,1,10,0.0,0.1,1
A-2023-07-110,2023-07-30,04:30,CHOQUE,1,1,2,LORETO,MAYNAS,SAN JUAN BAUTISTA,RURAL,CARRETERA,DEPARTAMENTAL,LO-103,-3.831202,-73.3282947,DESPEJADO,COMERCIAL,CURVA,INCLINADA,ASFALTADA,NO,,,SI,EN PROCESO DE INVESTIGACIÓN,NO CUENTA CON CAUSA ESPECIFICA,4.0,0,2023.0,7.0,6.0,1,0,2,2,0.0,1.0,0.0,1.0,0,1,49.0,7.0,1,1,3,0.333,0.333,1
A-2023-07-84,2023-07-30,06:30,DESPISTE,1,4,1,LA LIBERTAD,VIRU,VIRU,RURAL,CARRETERA,PROVINCIAL,LI-1122,-8.418799,-78.830143,DESPEJADO,RURAL,TRAMO RECTO,PLANA ,ASFALTADA,,,,,IMPRUDENCIA DEL CONDUCTOR,CONDUCIR EN ESTADO DE EBRIEDAD Y/O DROGADICCIÓN,6.0,0,2023.0,7.0,6.0,1,1,2,0,0.0,0.0,0.0,0.0,0,0,39.333333333333336,22.41130667022043,0,0,6,0.0,0.0,0
A-2023-07-118,2023-07-30,15:00,CHOQUE,1,0,1,PUNO,AZANGARO,ASILLO,RURAL,CARRETERA,NACIONAL,PE-34B,-14.7224841,-70.3612001,DESPEJADO,RURAL,TRAMO RECTO,PLANA ,ASFALTADA,,,,,IMPRUDENCIA DEL CONDUCTOR,EXCESO DE VELOCIDAD,15.0,0,2023.0,7.0,6.0,1,2,2,1,0.0,0.0,0.0,0.0,0,0,35.0,14.142135623730951,0,1,2,0.0,0.5,0
A-2023-07-89,2023-07-30,18:45,CHOQUE,1,0,0,APURIMAC,ANDAHUAYLAS,SANTA MARIA DE CHICMO,RURAL,CARRETERA,NACIONAL,PE-3S,-13.652913,-73.527599,,,,,,,,,,EN PROCESO DE INVESTIGACIÓN,NO CUENTA CON CAUSA ESPECIFICA,18.0,0,2023.0,7.0,6.0,1,3,2,1,0.0,1.0,1.0,2.0,0,0,40.0,0.0,0,0,1,0.0,0.0,1
A-2023-07-161,2023-07-30,19:23,DESPISTE,1,0,1,HUANCAVELICA,TAYACAJA,PAMPAS,RURAL,CARRETERA,NACIONAL,PE-3S,-12.480327,-74.823946,DESPEJADO,RURAL,CURVA,PLANA ,ASFALTADA,,,,,EN PROCESO DE INVESTIGACIÓN,NO CUENTA CON CAUSA ESPECIFICA,19.0,0,2023.0,7.0,6.0,1,3,2,1,0.0,0.0,0.0,0.0,0,0,57.0,0.0,0,1,1,0.0,1.0,1
A-2023-07-166,2023-07-31,06:00,ATROPELLO FUGA,1,0,0,JUNIN,JAUJA,SAUSA,URBANA,CARRETERA,NACIONAL,PE-3S,-11.789064,-75.477722,DESPEJADO,RURAL,TRAMO RECTO,PLANA ,ASFALTADA,,,,,EN PROCESO DE INVESTIGACIÓN,NO CUENTA CON CAUSA ESPECIFICA,6.0,0,2023.0,7.0,0.0,0,1,2,1,0.0,0.0,0.0,0.0,0,0,42.0,0.0,0,0,2,0.0,0.0,0
A-2023-07-95,2023-07-31,08:40,ATROPELLO,1,0,0,SAN MARTIN,RIOJA,PARDO MIGUEL,URBANA,CARRETERA,NACIONAL,PE-5N,-5.688564,-77.632204,DESPEJADO,COMERCIAL,TRAMO RECTO,PLANA ,CASCAJO/RIPIO,,,,,IMPRUDENCIA DEL PEATÓN,OTRO (IMPRUDENCIA DEL PEATÓN),8.0,0,2023.0,7.0,0.0,0,1,2,2,0.0,0.0,1.0,1.0,0,0,20.0,25.45584412271571,0,1,2,0.0,0.5,0
A-2023-07-189,2023-07-31,12:15,CAÍDA DE PASAJERO,1,1,2,CAJAMARCA,HUALGAYOC,HUALGAYOC,RURAL,CARRETERA,NACIONAL,PE-3N,-6.739208,-78.576824,DESPEJADO,RURAL,CURVA,INCLINADA,ASFALTADA,NO,,,SI,IMPRUDENCIA DEL CONDUCTOR,OTRO (IMPRUDENCIA DEL CONDUCTOR),12.0,0,2023.0,7.0,0.0,0,2,2,1,0.0,1.0,0.0,1.0,0,1,17.666666666666668,17.009801096230767,0,0,3,0.0,0.0,0
A-2023-07-115,2023-07-31,13:00,DESPISTE,1,6,1,CUSCO,LA CONVENCION,HUAYOPATA,RURAL,CARRETERA,NACIONAL,PE-28B,-13.132637,-72.313473,DESPEJADO,RURAL,CURVA,INCLINADA,ASFALTADA,,,,,IMPRUDENCIA DEL CONDUCTOR,FATIGA Y/O CANSANCIO,13.0,0,2023.0,7.0,0.0,0,2,2,1,0.0,1.0,0.0,1.0,0,0,35.0,0.0,0,0,7,0.0,0.0,0
A-2023-07-172,2023-07-31,13:00,DESPISTE,1,4,1,AYACUCHO,HUANTA,UCHURACCAY,URBANA,CARRETERA,NACIONAL,PE-28B,-12.763635174289847,-74.00484499669408,DESPEJADO,RESIDENCIAL,TRAMO RECTO,INCLINADA,ASFALTADA,SI,PREVENTIVA (P),,NO,NEGLIGENCIA DEL CONDUCTOR,CONDUCIR CON FALLAS DE FRENOS,13.0,0,2023.0,7.0,0.0,0,2,2,1,0.0,1.0,0.0,1.0,0,1,35.666666666666664,22.500370367322102,0,1,6,0.0,0.167,0
A-2023-07-165,2023-07-31,15:10,DESPISTE,2,6,0,JUNIN,JAUJA,PARCO,RURAL,CARRETERA,NACIONAL,PE-3S,-11.78372,-75.57095,DESPEJADO,RURAL,CURVA,PLANA ,ASFALTADA,SI,PREVENTIVA (P),,SI,IMPRUDENCIA DEL CONDUCTOR,FATIGA Y/O CANSANCIO,15.0,1,2023.0,7.0,0.0,0,2,2,1,0.0,0.0,0.0,0.0,0,0,44.333333333333336,28.32843094843059,0,1,9,0.0,0.111,0
A-2023-07-87,2023-07-31,17:50,CHOQUE,1,0,2,LA LIBERTAD,TRUJILLO,HUANCHACO,RURAL,AVENIDA,URBANO,NO CORRESPONDE,-8.092430131098,-79.088960963843,DESPEJADO,RURAL,TRAMO RECTO,PLANA ,ASFALTADA,,,,,IMPRUDENCIA DEL CONDUCTOR,OTRO (IMPRUDENCIA DEL CONDUCTOR),17.0,0,2023.0,7.0,0.0,0,2,2,0,1.0,0.0,0.0,1.0,0,0,66.5,16.263455967290593,0,1,2,0.0,0.5,0
A-2023-08-68,2023-08-01,05:30,ATROPELLO FUGA,1,0,0,PUNO,AZANGARO,POTONI,RURAL,CARRETERA,DEPARTAMENTAL,PU-139,-14.453074246843151,-70.09179431992087,DESPEJADO,RURAL,TRAMO RECTO,PLANA ,ASFALTADA,,,,,IMPRUDENCIA DEL CONDUCTOR,OTRO (IMPRUDENCIA DEL CONDUCTOR),5.0,0,2023.0,8.0,1.0,0,0,2,1,0.0,0.0,0.0,0.0,0,0,31.0,0.0,0,0,2,0.0,0.0,1
A-2023-08-85,2023-08-01,11:10,CHOQUE,1,0,0,LIMA,LIMA,COMAS,URBANA,AVENIDA,URBANO,NO CORRESPONDE,-11.9111118,-77.0456108,DESPEJADO,COMERCIAL,TRAMO RECTO,PLANA ,ASFALTADA,SI,PREVENTIVA (P),,SI,EN PROCESO DE INVESTIGACIÓN,NO CUENTA CON CAUSA ESPECIFICA,11.0,0,2023.0,8.0,1.0,0,1,2,0,1.0,0.0,0.0,1.0,0,0,55.0,21.213203435596427,0,0,2,0.0,0.0,0
A-2023-08-129,2023-08-02,09:30,CHOQUE FUGA,1,0,0,JUNIN,YAULI,MOROCOCHA,RURAL,CARRETERA,NACIONAL,PE-22,-11.5969736,-76.1842489,SOLEADO,RURAL,CURVA,PLANA ,ASFALTADA,SI,PREVENTIVA (P),,SI,IMPRUDENCIA DEL CONDUCTOR,OTRO (IMPRUDENCIA DEL CONDUCTOR),9.0,0,2023.0,8.0,2.0,0,1,2,1,0.0,0.0,0.0,0.0,0,0,44.5,17.67766952966369,0,1,3,0.0,0.333,0
A-2023-08-1,2023-08-02,15:00,DESPISTE,1,0,0,AREQUIPA,AREQUIPA,SOCABAYA,URBANA,CALLE,URBANO,NO CORRESPONDE,-16.455866,-71.514163,DESPEJADO,RURAL,TRAMO RECTO,INCLINADA,CASCAJO/RIPIO,,,,,EN PROCESO DE INVESTIGACIÓN,NO CUENTA CON CAUSA ESPECIFICA,15.0,0,2023.0,8.0,2.0,0,2,2,0,2.0,1.0,1.0,4.0,0,0,44.0,0.0,0,0,1,0.0,0.0,0
A-2023-08-121,2023-08-02,18:20,CHOQUE,1,2,0,UCAYALI,CORONEL PORTILLO,CALLERIA,URBANA,AVENIDA,URBANO,NO CORRESPONDE,-8.390918,-74.550855,DESPEJADO,COMERCIAL,INTERSECCIÓN,PLANA ,ASFALTADA,NO,,,SI,IMPRUDENCIA DEL CONDUCTOR,EXCESO DE VELOCIDAD,18.0,0,2023.0,8.0,2.0,0,3,2,2,1.0,0.0,0.0,1.0,0,1,41.666666666666664,20.55075018906447,0,0,3,0.0,0.0,1
A-2023-08-146,2023-08-02,23:30,CHOQUE,2,3,2,ICA,NASCA,VISTA ALEGRE,RURAL,CARRETERA,NACIONAL,PE-30A,-14.860932,-74.751047,DESPEJADO,RURAL,CURVA,INCLINADA,ASFALTADA,,,,,IMPRUDENCIA DEL CONDUCTOR,INVASIÓN DE CARRIL,23.0,1,2023.0,8.0,2.0,0,3,2,0,0.0,1.0,0.0,1.0,0,0,53.666666666666664,26.120234812624993,0,2,6,0.0,0.333,1
A-2023-08-155,2023-08-03,05:30,CHOQUE,1,1,2,CAJAMARCA,CHOTA,CHOTA,URBANA,CARRETERA,NACIONAL,PE-3N,-6.55318,-78.670308,DESPEJADO,RESIDENCIAL,TRAMO RECTO,PLANA ,ASFALTADA,,,,,IMPRUDENCIA DEL CONDUCTOR,CONDUCIR EN ESTADO DE EBRIEDAD Y/O DROGADICCIÓN,5.0,0,2023.0,8.0,3.0,0,0,2,1,0.0,0.0,0.0,0.0,0,0,21.0,1.4142135623730951,1,0,2,0.5,0.0,1
A-2023-08-139,2023-08-03,12:05,DESPISTE,1,0,1,AYACUCHO,HUAMANGA,TAMBILLO,RURAL,CARRETERA,PROVINCIAL,AY-759,-13.229184,-74.135973,DESPEJADO,RURAL,TRAMO RECTO,PLANA ,AFIRMADO,,,,,IMPRUDENCIA DEL CONDUCTOR,OTRO (IMPRUDENCIA DEL CONDUCTOR),12.0,0,2023.0,8.0,3.0,0,2,2,1,0.0,0.0,1.0,1.0,0,0,33.0,0.0,0,0,1,0.0,0.0,0
A-2023-08-86,2023-08-04,06:40,CHOQUE,1,0,0,LIMA,LIMA,VILLA EL SALVADOR,URBANA,AVENIDA,URBANO,NO CORRESPONDE,-12.19513605,-76.93483296,DESPEJADO,COMERCIAL,INTERSECCIÓN,INCLINADA,ASFALTADA,,,,,IMPRUDENCIA DEL CONDUCTOR,EXCESO DE VELOCIDAD,6.0,0,2023.0,8.0,4.0,0,1,2,0,1.0,1.0,0.0,2.0,0,0,36.0,16.97056274847714,0,1,2,0.0,0.5,0
A-2023-08-5,2023-08-04,07:00,CHOQUE,1,1,2,ICA,NASCA,EL INGENIO,RURAL,CARRETERA,NACIONAL,PE-1S,-14.783702,-75.026913,DESPEJADO,RURAL,TRAMO RECTO,PLANA ,ASFALTADA,,,,,EN PROCESO DE INVESTIGACIÓN,NO CUENTA CON CAUSA ESPECIFICA,7.0,0,2023.0,8.0,4.0,0,1,2,0,0.0,0.0,0.0,0.0,0,0,38.666666666666664,5.686240703077327,0,1,3,0.0,0.333,0
A-2023-08-11,2023-08-04,22:30,ATROPELLO FUGA,1,0,0,SAN MARTIN,MOYOBAMBA,JEPELACIO,RURAL,CARRETERA,NACIONAL,PE-5N,-6.147372,-76.841338,DESPEJADO,RURAL,CURVA,INCLINADA,ASFALTADA,SI,PREVENTIVA (P),REGULADORA (R),NO,EN PROCESO DE INVESTIGACIÓN,NO CUENTA CON CAUSA ESPECIFICA,22.0,0,2023.0,8.0,4.0,0,3,2,2,0.0,1.0,0.0,1.0,0,1,26.0,0.0,0,0,2,0.0,0.0,1
A-2023-08-69,2023-08-04,23:45,CHOQUE,1,0,0,PUNO,HUANCANE,TARACO,RURAL,CARRETERA,NACIONAL,PE-34H,-15.288784383648624,-69.94655328716178,DESPEJADO,RURAL,TRAMO RECTO,PLANA ,ASFALTADA,,,,,IMPRUDENCIA DEL CONDUCTOR,INVASIÓN DE CARRIL,23.0,0,2023.0,8.0,4.0,0,3,2,1,0.0,0.0,0.0,0.0,0,0,49.0,2.8284271247461903,0,1,2,0.0,0.5,1
A-2023-08-151,2023-08-05,10:00,ATROPELLO,1,0,0,CALLAO,CALLAO,CALLAO,URBANA,AVENIDA,URBANO,NO CORRESPONDE,-12.0556569644965,-77.1219702779311,DESPEJADO,COMERCIAL,TRAMO RECTO,INCLINADA,ASFALTADA,,,,,IMPRUDENCIA DEL PEATÓN,OTRO (IMPRUDENCIA DEL PEATÓN),10.0,0,2023.0,8.0,5.0,1,1,2,0,1.0,1.0,0.0,2.0,0,0,42.0,8.48528137423857,0,1,2,0.0,0.5,0
A-2023-08-24,2023-08-05,10:30,DESPISTE,1,4,1,LA LIBERTAD,TRUJILLO,LAREDO,RURAL,CARRETERA,NACIONAL,PE-10A,-8.0545231,-78.8527548,DESPEJADO,RURAL,TRAMO RECTO,PLANA ,ASFALTADA,,,,,EN PROCESO DE INVESTIGACIÓN,NO CUENTA CON CAUSA ESPECIFICA,10.0,0,2023.0,8.0,5.0,1,1,2,0,0.0,0.0,0.0,0.0,0,0,19.6,4.03732584763727,0,1,5,0.0,0.2,0
A-2023-08-40,2023-08-05,16:50,DESPISTE,3,0,1,CUSCO,ESPINAR,ESPINAR,RURAL,CARRETERA,NACIONAL,PE-3SG,-14.802238,-71.350976,DESPEJADO,RURAL,CURVA,INCLINADA,ASFALTADA,SI,REGULADORA (R),,SI,IMPRUDENCIA DEL CONDUCTOR,FATIGA Y/O CANSANCIO,16.0,2,2023.0,8.0,5.0,1,2,2,1,0.0,1.0,0.0,1.0,0,0,28.666666666666668,2.3094010767585034,0,0,3,0.0,0.0,0
A-2023-08-153,2023-08-05,19:00,ATROPELLO,1,0,1,CAJAMARCA,CHOTA,HUAMBOS,RURAL,CARRETERA,NACIONAL,PE-06A,-6.476687197,-78.92510771,DESPEJADO,RURAL,TRAMO RECTO,INCLINADA,ASFALTADA,NO,,,SI,IMPRUDENCIA DEL PEATÓN,CRUCE INDEBIDO POR LA CALZADA,19.0,0,2023.0,8.0,5.0,1,3,2,1,0.0,1.0,0.0,1.0,0,1,64.5,3.5355339059327378,0,0,2,0.0,0.0,1