CODIGO_SINIESTRO,FECHA_SINIESTRO,HORA_SINIESTRO,CLASE_SINIESTRO,CANTIDAD_FALLECIDOS,CANTIDAD_LESIONADOS,CANTIDAD_VEHICULOS,DEPARTAMENTO,PROVINCIA,DISTRITO,ZONA,TIPO_VIA,RED_VIAL,COD_CARRETERA,LATITUD,LONGITUD,CONDICION_CLIMATICA,ZONIFICACION,CARACTERISTICAS_VIA,PERFIL_VIA,SUPERFICIE_CALZADA,EXISTE_SENIAL_VERTICAL,CLASIFICACION_SENIAL_VERTICAL_1,CLASIFICACION_SENIAL_VERTICAL_2,EXISTE_SENIAL_HORIZONTAL,CAUSA_FACTOR_PRINCIPAL,CAUSA_ESPECIFICA,HORA,severidad,ANIO,MES,DIA_SEMANA,FIN_SEMANA,FRANJA_HORARIA,TEMPORADA,MACROREGION,TIPO_VIA_SCORE,PERFIL_VIA_SCORE,SUPERFICIE_CALZADA_SCORE,RIESGO_INFRAESTRUCTURA,RIESGO_CLIMATICO,SENIALIZACION_DEFICIENTE,EDAD_PROMEDIO,EDAD_STD,TOTAL_ALCOHOL,TOTAL_LICENCIA,TOTAL_PERSONAS,PCT_ALCOHOL,PCT_LICENCIA,ES_NOCHE
A-2023-08-159,2023-08-05,19:30,DESPISTE,2,1,1,CAJAMARCA,JAEN,SAN JOSE DEL ALTO,RURAL,CARRETERA,SIN CLASIFICAR,SIN CLASIFICAR,-5.379255,-79.103661,DESPEJADO,RURAL,CURVA,INCLINADA,AFIRMADO,,,,,IMPRUDENCIA DEL CONDUCTOR,OTRO (IMPRUDENCIA DEL CONDUCTOR),19.0,1,2023.0,8.0,5.0,1,3,2,1,0.0,1.0,1.0,2.0,0,0,22.0,4.358898943540674,0,1,3,0.0,0.333,1
A-2023-08-25,2023-08-05,20:00,ATROPELLO FUGA,1,0,0,LA LIBERTAD,VIRU,CHAO,RURAL,CARRETERA,NACIONAL,PE-1N,-8.5071648,-78.6881899,DESPEJADO,RURAL,TRAMO RECTO,PLANA ,ASFALTADA,,,,,EN PROCESO DE INVESTIGACIÓN,NO CUENTA CON CAUSA ESPECIFICA,20.0,0,2023.0,8.0,5.0,1,3,2,0,0.0,0.0,0.0,0.0,0,0,45.0,0.0,0,0,2,0.0,0.0,1
A-2023-08-8,2023-08-05,23:25,CHOQUE,1,3,2,AREQUIPA,ISLAY,MOLLENDO,RURAL,CARRETERA,NACIONAL,PE-1SD,-16.997859,-72.03163,DESPEJADO,RURAL,TRAMO RECTO,PLANA ,ASFALTADA,SI,REGULADORA (R),,NO,EN PROCESO DE INVESTIGACIÓN,NO CUENTA CON CAUSA ESPECIFICA,23.0,0,2023.0,8.0,5.0,1,3,2,0,0.0,0.0,0.0,0.0,0,1,31.0,12.747548783981962,0,1,5,0.0,0.2,1
A-2023-08-36,2023-08-05,23:28,CHOQUE,1,8,3,ICA,CHINCHA,CHINCHA ALTA,URBANA,CARRETERA,NACIONAL,PE-1S,-13.4315352,-76.1342918,DESPEJADO,COMERCIAL,TRAMO RECTO,PLANA ,ASFALTADA,,,,,IMPRUDENCIA DEL CONDUCTOR,INVASIÓN DE CARRIL,23.0,0,2023.0,8.0,5.0,1,3,2,0,0.0,0.0,0.0,0.0,0,0,40.36363636363637,12.831778733073037,0,3,11,0.0,0.273,1
A-2023-08-37,2023-08-05,23:40,DESPISTE,1,0,1,ICA,CHINCHA,EL CARMEN,RURAL,CARRETERA,PROVINCIAL,IC-519,-13.504739,-76.06495,DESPEJADO,RURAL,TRAMO RECTO,PLANA ,ASFALTADA,,,,,EN PROCESO DE INVESTIGACIÓN,NO CUENTA CON CAUSA ESPECIFICA,23.0,0,2023.0,8.0,5.0,1,3,2,0,0.0,0.0,0.0,0.0,0,0,21.0,0.0,0,0,1,0.0,0.0,1
A-2023-08-154,2023-08-06,04:30,DESPISTE,1,0,1,CAJAMARCA,CAJAMARCA,LOS BAÑOS DEL INCA,RURAL,CARRETERA,NACIONAL,PE-08B,-7.164963474,-78.47371301,DESPEJADO,RURAL,TRAMO RECTO,PLANA ,ASFALTADA,NO,,,SI,IMPRUDENCIA DEL CONDUCTOR,CONDUCIR EN ESTADO DE EBRIEDAD Y/O DROGADICCIÓN,4.0,0,2023.0,8.0,6.0,1,0,2,1,0.0,0.0,0.0,0.0,0,1,21.0,0.0,1,0,1,1.0,0.0,1
A-2023-08-71,2023-08-06,09:30,ATROPELLO,1,0,1,PUNO,HUANCANE,HUANCANE,RURAL,CARRETERA,NACIONAL,PE-34H,-15.088072,-69.817338,DESPEJADO,RURAL,TRAMO RECTO,PLANA ,ASFALTADA,,,,,IMPRUDENCIA DEL PEATÓN,CRUCE INDEBIDO POR LA CALZADA,9.0,0,2023.0,8.0,6.0,1,1,2,1,0.0,0.0,0.0,0.0,0,0,54.0,36.76955262170047,0,1,2,0.0,0.5,0
A-2023-08-73,2023-08-06,17:30,ATROPELLO,1,0,0,PUNO,SAN ROMAN,CARACOTO,RURAL,CARRETERA,NACIONAL,PE-3S,-15.6312643,-70.0863127,DESPEJADO,RURAL,TRAMO RECTO,PLANA ,ASFALTADA,,,,,IMPRUDENCIA DEL PEATÓN,CRUCE INDEBIDO POR LA CALZADA,17.0,0,2023.0,8.0,6.0,1,2,2,1,0.0,0.0,0.0,0.0,0,0,51.5,17.67766952966369,0,1,2,0.0,0.5,0
A-2023-08-72,2023-08-06,18:00,ATROPELLO,1,0,0,PUNO,SAN ROMAN,CARACOTO,RURAL,CARRETERA,NACIONAL,PE-3S,-15.547884511412803,-70.10948559423828,DESPEJADO,RURAL,TRAMO RECTO,PLANA ,ASFALTADA,,,,,IMPRUDENCIA DEL PEATÓN,CRUCE INDEBIDO POR LA CALZADA,18.0,0,2023.0,8.0,6.0,1,3,2,1,0.0,0.0,0.0,0.0,0,0,66.0,1.4142135623730951,0,0,2,0.0,0.0,1
A-2023-08-89,2023-08-06,20:20,ATROPELLO,1,0,0,LIMA,LIMA,ATE,URBANA,AVENIDA,URBANO,NO CORRESPONDE,-12.05378017,-76.96227819,DESPEJADO,COMERCIAL,INTERSECCIÓN,PLANA ,ASFALTADA,,,,,EN PROCESO DE INVESTIGACIÓN,NO CUENTA CON CAUSA ESPECIFICA,20.0,0,2023.0,8.0,6.0,1,3,2,0,1.0,0.0,0.0,1.0,0,0,46.5,33.23401871576773,0,1,2,0.0,0.5,1
A-2023-08-145,2023-08-06,20:50,ATROPELLO,1,0,0,JUNIN,JAUJA,MUQUI,URBANA,CARRETERA,NACIONAL,PE-3SB,-11.836148815511407,-75.43634530423623,DESPEJADO,RURAL,TRAMO RECTO,PLANA ,ASFALTADA,NO,,,SI,IMPRUDENCIA DEL PEATÓN,ESTADO DE EBRIEDAD Y/O DROGADICCIÓN,20.0,0,2023.0,8.0,6.0,1,3,2,1,0.0,0.0,0.0,0.0,0,1,53.5,13.435028842544403,0,1,2,0.0,0.5,1
A-2023-08-12,2023-08-06,23:10,ATROPELLO,1,0,1,PUNO,PUNO,CHUCUITO,RURAL,CARRETERA,NACIONAL,PE-3S,-15.891885,-69.887601,DESPEJADO,RURAL,TRAMO RECTO,PLANA ,ASFALTADA,,,,,IMPRUDENCIA DEL PEATÓN,CRUCE INDEBIDO POR LA CALZADA,23.0,0,2023.0,8.0,6.0,1,3,2,1,0.0,0.0,0.0,0.0,0,0,41.0,24.041630560342615,0,1,2,0.0,0.5,1
A-2023-08-87,2023-08-07,00:45,ATROPELLO FUGA,1,0,0,LIMA,LIMA,LOS OLIVOS,URBANA,CARRETERA,NACIONAL,PE-1N,-11.938314,-77.071641,DESPEJADO,COMERCIAL,TRAMO RECTO,PLANA ,ASFALTADA,,,,,EN PROCESO DE INVESTIGACIÓN,NO CUENTA CON CAUSA ESPECIFICA,0.0,0,2023.0,8.0,0.0,0,0,2,0,0.0,0.0,0.0,0.0,0,0,43.0,0.0,0,0,2,0.0,0.0,1
A-2023-08-156,2023-08-07,03:36,DESPISTE,1,1,1,CAJAMARCA,CAJAMARCA,LOS BAÑOS DEL INCA,RURAL,CARRETERA,NACIONAL,PE-08B,-7.16496205,-78.4772802,DESPEJADO,RURAL,TRAMO RECTO,PLANA ,ASFALTADA,NO,,,SI,IMPRUDENCIA DEL CONDUCTOR,CONDUCIR EN ESTADO DE EBRIEDAD Y/O DROGADICCIÓN,3.0,0,2023.0,8.0,0.0,0,0,2,1,0.0,0.0,0.0,0.0,0,1,22.5,0.7071067811865476,1,0,2,0.5,0.0,1
A-2023-08-2,2023-08-07,04:00,VOLCADURA,1,0,1,AREQUIPA,AREQUIPA,SACHACA,URBANA,CARRETERA,NACIONAL,PE-34A,-16.405845,-71.588156,DESPEJADO,COMERCIAL,ÓVALO,PLANA ,CONCRETO,,,,,EN PROCESO DE INVESTIGACIÓN,NO CUENTA CON CAUSA ESPECIFICA,4.0,0,2023.0,8.0,0.0,0,0,2,0,0.0,0.0,0.0,0.0,0,0,20.0,0.0,0,0,1,0.0,0.0,1
A-2023-08-130,2023-08-07,04:10,ATROPELLO,1,0,0,JUNIN,HUANCAYO,PILCOMAYO,RURAL,CARRETERA,NACIONAL,PE-3SB,-12.038147,-75.258643,DESPEJADO,RURAL,TRAMO RECTO,PLANA ,ASFALTADA,SI,REGULADORA (R),,SI,IMPRUDENCIA DEL PEATÓN,CRUCE INDEBIDO POR LA CALZADA,4.0,0,2023.0,8.0,0.0,0,0,2,1,0.0,0.0,0.0,0.0,0,0,35.0,7.810249675906654,1,2,3,0.333,0.667,1
A-2023-08-88,2023-08-07,06:50,ATROPELLO,1,0,0,LIMA,LIMA,LURIN,RURAL,CARRETERA,NACIONAL,PE-1S,-12.254212,-76.924951,DESPEJADO,INDUSTRIAL,TRAMO RECTO,PLANA ,ASFALTADA,,,,,EN PROCESO DE INVESTIGACIÓN,NO CUENTA CON CAUSA ESPECIFICA,6.0,0,2023.0,8.0,0.0,0,1,2,0,0.0,0.0,0.0,0.0,0,0,30.5,14.849242404917497,0,1,2,0.0,0.5,0
A-2023-08-6,2023-08-07,08:30,CHOQUE,1,0,2,ICA,PISCO,TUPAC AMARU INCA,URBANA,CARRETERA,NACIONAL,PE-1S,-13.699091393151258,-76.15195586319028,DESPEJADO,COMERCIAL,TRAMO RECTO,PLANA ,ASFALTADA,,,,,IMPERICIA DEL CONDUCTOR,,8.0,0,2023.0,8.0,0.0,0,1,2,0,0.0,0.0,0.0,0.0,0,0,36.5,19.091883092036785,0,2,2,0.0,1.0,0
A-2023-08-9,2023-08-07,08:40,ATROPELLO,1,0,1,AREQUIPA,AREQUIPA,MIRAFLORES,URBANA,OTRO,URBANO,NO CORRESPONDE,-16.3937258,-71.5209207,DESPEJADO,COMERCIAL,INTERSECCIÓN,INCLINADA,ASFALTADA,,,,,EN PROCESO DE INVESTIGACIÓN,NO CUENTA CON CAUSA ESPECIFICA,8.0,0,2023.0,8.0,0.0,0,1,2,0,2.0,1.0,0.0,3.0,0,0,55.0,39.59797974644666,0,0,2,0.0,0.0,0
A-2023-08-4,2023-08-07,10:30,DESPISTE,6,3,1,AREQUIPA,CAYLLOMA,CHIVAY,RURAL,CARRETERA,DEPARTAMENTAL,AR-109,-15.679615,-71.588158,SOLEADO,RURAL,CURVA,INCLINADA,ASFALTADA,,,,,EN PROCESO DE INVESTIGACIÓN,NO CUENTA CON CAUSA ESPECIFICA,10.0,2,2023.0,8.0,0.0,0,1,2,0,0.0,1.0,0.0,1.0,0,0,40.77777777777778,25.494008010598186,0,1,9,0.0,0.111,0
A-2023-08-74,2023-08-07,15:00,ATROPELLO,1,0,1,PUNO,SAN ROMAN,SAN MIGUEL,RURAL,CARRETERA,NACIONAL,PE-3S,-15.477188065467091,-70.13652292797858,DESPEJADO,RURAL,TRAMO RECTO,PLANA ,ASFALTADA,,,,,IMPRUDENCIA DEL PEATÓN,CRUCE INDEBIDO POR LA CALZADA,15.0,0,2023.0,8.0,0.0,0,2,2,1,0.0,0.0,0.0,0.0,0,0,42.0,24.041630560342615,0,0,2,0.0,0.0,0
A-2023-08-27,2023-08-07,18:30,DESPISTE,2,2,1,CUSCO,LA CONVENCION,HUAYOPATA,RURAL,CARRETERA,NACIONAL,PE-28B,-13.136589,-72.303553,NIEBLA,RURAL,CURVA,INCLINADA,ASFALTADA,SI,PREVENTIVA (P),,SI,IMPRUDENCIA DEL CONDUCTOR,OTRO (IMPRUDENCIA DEL CONDUCTOR),18.0,1,2023.0,8.0,0.0,0,3,2,1,0.0,1.0,0.0,1.0,0,0,48.0,12.935738607954836,0,1,4,0.0,0.25,1
A-2023-08-90,2023-08-07,22:20,VOLCADURA,1,1,0,LIMA,LIMA,LIMA,URBANA,AVENIDA,URBANO,NO CORRESPONDE,-12.06408577,-77.03599514,DESPEJADO,COMERCIAL,CURVA,INCLINADA,ASFALTADA,,,,,EN PROCESO DE INVESTIGACIÓN,NO CUENTA CON CAUSA ESPECIFICA,22.0,0,2023.0,8.0,0.0,0,3,2,0,1.0,1.0,0.0,2.0,0,0,22.5,2.1213203435596424,0,1,2,0.0,0.5,1
A-2023-08-157,2023-08-08,02:00,CHOQUE,1,1,2,CAJAMARCA,CHOTA,CHOTA,URBANA,CARRETERA,NACIONAL,PE-3N,-6.568902,-78.652678,DESPEJADO,RURAL,TRAMO RECTO,PLANA ,ASFALTADA,,,,,IMPRUDENCIA DEL CONDUCTOR,OTRO (IMPRUDENCIA DEL CONDUCTOR),2.0,0,2023.0,8.0,1.0,0,0,2,1,0.0,0.0,0.0,0.0,0,0,29.5,17.67766952966369,1,1,2,0.5,0.5,1
A-2023-08-3,2023-08-08,09:00,CHOQUE,3,1,2,AREQUIPA,AREQUIPA,YURA,RURAL,CARRETERA,NACIONAL,PE-34A,-16.089422,-71.599746,DESPEJADO,RESIDENCIAL,CURVA,INCLINADA,ASFALTADA,,,,,EN PROCESO DE INVESTIGACIÓN,NO CUENTA CON CAUSA ESPECIFICA,9.0,2,2023.0,8.0,1.0,0,1,2,0,0.0,1.0,0.0,1.0,0,0,32.2,14.737706741552431,0,2,5,0.0,0.4,0
A-2023-08-13,2023-08-08,19:10,CHOQUE,1,0,2,PUNO,CHUCUITO,DESAGUADERO,RURAL,CARRETERA,NACIONAL,PE-36A,-16.576805909009042,-69.05234449308838,DESPEJADO,RURAL,TRAMO RECTO,PLANA ,ASFALTADA,,,,,IMPRUDENCIA DEL CONDUCTOR,GIRAR IMPRUDENTEMENTE,19.0,0,2023.0,8.0,1.0,0,3,2,1,0.0,0.0,0.0,0.0,0,0,35.0,1.4142135623730951,0,1,2,0.0,0.5,1
A-2023-08-10,2023-08-08,20:25,CHOQUE,1,8,3,AREQUIPA,AREQUIPA,LA JOYA,RURAL,CARRETERA,DEPARTAMENTAL,AR-115,-16.542205,-71.710396,DESPEJADO,RURAL,TRAMO RECTO,PLANA ,ASFALTADA,,,,,EN PROCESO DE INVESTIGACIÓN,NO CUENTA CON CAUSA ESPECIFICA,20.0,0,2023.0,8.0,1.0,0,3,2,0,0.0,0.0,0.0,0.0,0,0,39.0,16.099689437998485,0,3,11,0.0,0.273,1
A-2023-08-15,2023-08-09,09:00,DESPISTE,1,1,1,PUNO,CHUCUITO,JULI,RURAL,CARRETERA,NACIONAL,PE-38A,-16.366658,-69.648655,DESPEJADO,RURAL,CURVA,PLANA ,ASFALTADA,,,,,INFRAESTRUCTURA Y ENTORNO VIAL,OBRAS TEMPORALES,9.0,0,2023.0,8.0,2.0,0,1,2,1,0.0,0.0,0.0,0.0,0,0,42.0,14.142135623730951,0,1,3,0.0,0.333,0
A-2023-08-50,2023-08-09,11:00,ATROPELLO FUGA,1,0,0,LA LIBERTAD,TRUJILLO,LA ESPERANZA,URBANA,AVENIDA,URBANO,NO CORRESPONDE,-8.062354,-79.052461,DESPEJADO,RURAL,INTERSECCIÓN,PLANA ,ASFALTADA,,,,,EN PROCESO DE INVESTIGACIÓN,NO CUENTA CON CAUSA ESPECIFICA,11.0,0,2023.0,8.0,2.0,0,1,2,0,1.0,0.0,0.0,1.0,0,0,0.0,0.0,0,0,2,0.0,0.0,0
A-2023-08-7,2023-08-09,11:00,ATROPELLO,1,0,1,ICA,ICA,ICA,URBANA,CARRETERA,NACIONAL,PE-1S,-14.065311578681898,-75.74055852250488,DESPEJADO,COMERCIAL,TRAMO RECTO,PLANA ,ASFALTADA,,,,,IMPRUDENCIA DEL PEATÓN,CRUCE INDEBIDO POR LA CALZADA,11.0,0,2023.0,8.0,2.0,0,1,2,0,0.0,0.0,0.0,0.0,0,0,47.5,27.577164466275352,0,1,2,0.0,0.5,0
A-2023-08-26,2023-08-09,13:30,DESPISTE,1,0,1,LA LIBERTAD,OTUZCO,SALPO,RURAL,CARRETERA,NACIONAL,PE-10A,-7.992525,-78.672074,DESPEJADO,RURAL,TRAMO RECTO,PLANA ,ASFALTADA,,,,,IMPRUDENCIA DEL CONDUCTOR,OTRO (IMPRUDENCIA DEL CONDUCTOR),13.0,0,2023.0,8.0,2.0,0,2,2,0,0.0,0.0,0.0,0.0,0,0,46.5,16.263455967290593,0,1,2,0.0,0.5,0
A-2023-08-131,2023-08-09,14:05,ATROPELLO,1,0,0,JUNIN,HUANCAYO,EL TAMBO,URBANA,AVENIDA,URBANO,NO CORRESPONDE,-12.06247,-75.226215,DESPEJADO,COMERCIAL,INTERSECCIÓN,PLANA ,ASFALTADA,SI,REGULADORA (R),,SI,IMPRUDENCIA DEL PEATÓN,DESACATO DE SEÑAL DE TRÁNSITO,14.0,0,2023.0,8.0,2.0,0,2,2,1,1.0,0.0,0.0,1.0,0,0,55.0,42.42640687119285,0,1,2,0.0,0.5,0
A-2023-08-91,2023-08-09,16:15,CHOQUE,1,0,0,LIMA,LIMA,LA VICTORIA,URBANA,AVENIDA,URBANO,NO CORRESPONDE,-12.06591763587288,-77.0289471205931,DESPEJADO,COMERCIAL,INTERSECCIÓN,PLANA ,ASFALTADA,NO,,,SI,IMPRUDENCIA DEL CONDUCTOR,OTRO (IMPRUDENCIA DEL CONDUCTOR),16.0,0,2023.0,8.0,2.0,0,2,2,0,1.0,0.0,0.0,1.0,0,1,58.0,14.142135623730951,0,1,2,0.0,0.5,0
A-2023-08-92,2023-08-09,19:10,ATROPELLO,1,0,0,LIMA,LIMA,CARABAYLLO,URBANA,AVENIDA,URBANO,NO CORRESPONDE,-11.88095939,-77.02393787,DESPEJADO,RESIDENCIAL,TRAMO RECTO,PLANA ,ASFALTADA,,,,,EN PROCESO DE INVESTIGACIÓN,NO CUENTA CON CAUSA ESPECIFICA,19.0,0,2023.0,8.0,2.0,0,3,2,0,1.0,0.0,0.0,1.0,0,0,34.0,0.0,0,1,2,0.0,0.5,1
A-2023-08-82,2023-08-10,07:00,DESPISTE,1,0,0,PIURA,PIURA,PIURA,URBANA,AVENIDA,URBANO,NO CORRESPONDE,-5.149425,-80.661211,DESPEJADO,RURAL,TRAMO RECTO,PLANA ,ASFALTADA,,,,,IMPRUDENCIA DEL CONDUCTOR,EXCESO DE VELOCIDAD,7.0,0,2023.0,8.0,3.0,0,1,2,0,1.0,0.0,0.0,1.0,0,0,25.0,0.0,1,0,1,1.0,0.0,0
A-2023-08-47,2023-08-10,11:00,DESPISTE,2,1,1,CUSCO,CHUMBIVILCAS,COLQUEMARCA,RURAL,CARRETERA,PROVINCIAL,CU-119B,-14.23558451152011,-72.01376105569636,DESPEJADO,RURAL,CURVA,PLANA ,AFIRMADO,,,,,IMPRUDENCIA DEL CONDUCTOR,EXCESO DE VELOCIDAD,11.0,1,2023.0,8.0,3.0,0,1,2,1,0.0,0.0,1.0,1.0,0,0,33.666666666666664,4.163331998932266,0,1,3,0.0,0.333,0
A-2023-08-158,2023-08-10,13:30,DESPISTE,1,1,1,CAJAMARCA,CAJAMARCA,CAJAMARCA,URBANA,CARRETERA,NACIONAL,PE-3N,-6.948974,-78.587531,DESPEJADO,RESIDENCIAL,CURVA,INCLINADA,ASFALTADA,SI,PREVENTIVA (P),,SI,NEGLIGENCIA DEL CONDUCTOR,CONDUCIR CON FALLAS DE FRENOS,13.0,0,2023.0,8.0,3.0,0,2,2,1,0.0,1.0,0.0,1.0,0,0,40.5,0.7071067811865476,0,1,2,0.0,0.5,0
A-2023-08-51,2023-08-10,17:00,ATROPELLO,1,0,1,LA LIBERTAD,TRUJILLO,SALAVERRY,RURAL,CARRETERA,NACIONAL,PE-1N,-8.185764355887535,-78.98288525198979,DESPEJADO,RURAL,TRAMO RECTO,PLANA ,ASFALTADA,,,,,EN PROCESO DE INVESTIGACIÓN,NO CUENTA CON CAUSA ESPECIFICA,17.0,0,2023.0,8.0,3.0,0,2,2,0,0.0,0.0,0.0,0.0,0,0,48.0,19.79898987322333,0,1,2,0.0,0.5,0
A-2023-08-19,2023-08-10,18:30,ATROPELLO FUGA,1,1,1,AREQUIPA,CAYLLOMA,MAJES,RURAL,CARRETERA,SIN CLASIFICAR,SIN CLASIFICAR,-16.32006,-72.226962,DESPEJADO,RURAL,TRAMO RECTO,PLANA ,ASFALTADA,,,,,EN PROCESO DE INVESTIGACIÓN,NO CUENTA CON CAUSA ESPECIFICA,18.0,0,2023.0,8.0,3.0,0,3,2,0,0.0,0.0,0.0,0.0,0,0,54.0,1.4142135623730951,0,0,3,0.0,0.0,1
A-2023-08-46,2023-08-10,19:13,ATROPELLO,1,0,0,TUMBES,ZARUMILLA,AGUAS VERDES,URBANA,CARRETERA,NACIONAL,PE-1N,-3.485689527449056,-80.26095216958024,DESPEJADO,RURAL,TRAMO RECTO,PLANA ,ASFALTADA,,,,,IMPRUDENCIA DEL PEATÓN,ESTADO DE EBRIEDAD Y/O DROGADICCIÓN,19.0,0,2023.0,8.0,3.0,0,3,2,0,0.0,0.0,0.0,0.0,0,0,48.0,0.0,0,0,2,0.0,0.0,1
A-2023-08-34,2023-08-10,19:30,DESPISTE,1,0,1,ANCASH,RECUAY,CATAC,RURAL,CARRETERA,NACIONAL,PE-3N,-9.8028391,-77.434473,DESPEJADO,RURAL,TRAMO RECTO,PLANA ,CONCRETO,,,,,IMPERICIA DEL CONDUCTOR,,19.0,0,2023.0,8.0,3.0,0,3,2,0,0.0,0.0,0.0,0.0,0,0,60.0,0.0,0,1,1,0.0,1.0,1
A-2023-08-93,2023-08-11,09:25,ATROPELLO,1,0,0,LIMA,LIMA,BREÑA,URBANA,AVENIDA,URBANO,NO CORRESPONDE,-12.06113015,-77.05892623,DESPEJADO,COMERCIAL,INTERSECCIÓN,PLANA ,ASFALTADA,SI,INFORMATIVA (I),,SI,EN PROCESO DE INVESTIGACIÓN,NO CUENTA CON CAUSA ESPECIFICA,9.0,0,2023.0,8.0,4.0,0,1,2,0,1.0,0.0,0.0,1.0,0,0,75.0,28.284271247461902,0,1,2,0.0,0.5,0
A-2023-08-122,2023-08-11,13:00,DESPISTE,2,2,1,HUANCAVELICA,ANGARAES,SECCLLA,RURAL,CARRETERA,NACIONAL,PE-26B,-13.056297002408078,-74.4744832112558,DESPEJADO,RURAL,CURVA,PLANA ,ASFALTADA,,,,,EN PROCESO DE INVESTIGACIÓN,NO CUENTA CON CAUSA ESPECIFICA,13.0,1,2023.0,8.0,4.0,0,2,2,1,0.0,0.0,0.0,0.0,0,0,48.75,31.595094555959157,0,0,4,0.0,0.0,0
A-2023-08-41,2023-08-11,18:41,ATROPELLO,1,1,1,CUSCO,QUISPICANCHI,HUARO,URBANA,CARRETERA,NACIONAL,PE-3S,-13.681952,-71.656624,DESPEJADO,COMERCIAL,TRAMO RECTO,INCLINADA,ASFALTADA,SI,PREVENTIVA (P),,SI,IMPRUDENCIA DEL CONDUCTOR,EXCESO DE VELOCIDAD,18.0,0,2023.0,8.0,4.0,0,3,2,1,0.0,1.0,0.0,1.0,0,0,38.5,13.435028842544403,0,0,2,0.0,0.0,1
A-2023-08-16,2023-08-12,16:07,VOLCADURA,1,0,1,SAN MARTIN,MOYOBAMBA,MOYOBAMBA,RURAL,CARRETERA,NACIONAL,PE-5N,-6.048827,-77.041165,DESPEJADO,RURAL,TRAMO RECTO,PLANA ,ASFALTADA,NO,,,NO,IMPRUDENCIA DEL CONDUCTOR,OTRO (IMPRUDENCIA DEL CONDUCTOR),16.0,0,2023.0,8.0,5.0,1,2,2,2,0.0,0.0,0.0,0.0,0,2,49.0,0.0,0,1,1,0.0,1.0,0
A-2023-08-123,2023-08-12,19:00,ATROPELLO,1,0,0,HUANCAVELICA,HUANCAVELICA,VILCA,RURAL,CARRETERA,DEPARTAMENTAL,HV-110,-12.512357,-75.196236,DESPEJADO,RURAL,CURVA,INCLINADA,TROCHA,,,,,IMPRUDENCIA DEL PEATÓN,ESTADO DE EBRIEDAD Y/O DROGADICCIÓN,19.0,0,2023.0,8.0,5.0,1,3,2,1,0.0,1.0,2.0,3.0,0,0,50.0,0.0,0,0,2,0.0,0.0,1
A-2023-08-52,2023-08-12,22:30,DESPISTE,1,0,1,LIMA,HUAURA,HUACHO,RURAL,CARRETERA,NACIONAL,PE-1N,-11.1954,-77.56842,DESPEJADO,RURAL,TRAMO RECTO,PLANA ,ASFALTADA,,,,,IMPRUDENCIA DEL CONDUCTOR,CONDUCIR EN ESTADO DE EBRIEDAD Y/O DROGADICCIÓN,22.0,0,2023.0,8.0,5.0,1,3,2,0,0.0,0.0,0.0,0.0,0,0,47.0,0.0,0,0,1,0.0,0.0,1
A-2023-08-28,2023-08-12,23:00,CHOQUE,1,0,2,ICA,NASCA,NASCA,URBANA,CARRETERA,NACIONAL,PE-1S,-14.8394228,-74.9423241,DESPEJADO,COMERCIAL,TRAMO RECTO,PLANA ,ASFALTADA,SI,INFORMATIVA (I),,NO,EN PROCESO DE INVESTIGACIÓN,NO CUENTA CON CAUSA ESPECIFICA,23.0,0,2023.0,8.0,5.0,1,3,2,0,0.0,0.0,0.0,0.0,0,1,38.0,18.384776310850235,0,1,2,0.0,0.5,1
A-2023-08-53,2023-08-13,01:00,CHOQUE,1,0,2,LA LIBERTAD,TRUJILLO,HUANCHACO,URBANA,CARRETERA,NACIONAL,PE-1N,-8.0329711,-79.0804674,DESPEJADO,COMERCIAL,TRAMO RECTO,PLANA ,ASFALTADA,,,,,IMPRUDENCIA DEL CONDUCTOR,CONDUCIR EN ESTADO DE EBRIEDAD Y/O DROGADICCIÓN,1.0,0,2023.0,8.0,6.0,1,0,2,0,0.0,0.0,0.0,0.0,0,0,36.5,3.5355339059327378,0,1,2,0.0,0.5,1
A-2023-08-14,2023-08-13,02:00,DESPISTE,2,0,1,AREQUIPA,CAYLLOMA,YANQUE,RURAL,CARRETERA,DEPARTAMENTAL,AR-109,-15.6490883,-71.6446263,DESPEJADO,RURAL,CURVA,INCLINADA,ASFALTADA,NO,,,SI,EN PROCESO DE INVESTIGACIÓN,NO CUENTA CON CAUSA ESPECIFICA,2.0,1,2023.0,8.0,6.0,1,0,2,0,0.0,1.0,0.0,1.0,0,1,45.5,4.949747468305833,0,1,2,0.0,0.5,1
A-2023-08-29,2023-08-13,02:00,DESPISTE,3,2,1,AYACUCHO,LUCANAS,OTOCA,RURAL,CARRETERA,DEPARTAMENTAL,AY-112,-14.518665844490448,-74.7519429356811,NUBLADO,RURAL,SINUOSA,PLANA ,TROCHA,,,,,EN PROCESO DE INVESTIGACIÓN,NO CUENTA CON CAUSA ESPECIFICA,2.0,2,2023.0,8.0,6.0,1,0,2,1,0.0,0.0,2.0,2.0,0,0,44.4,22.700220263248546,0,0,5,0.0,0.0,1
A-2023-08-54,2023-08-13,04:40,ATROPELLO FUGA,1,0,0,LA LIBERTAD,PACASMAYO,GUADALUPE,RURAL,CARRETERA,NACIONAL,PE-1N,-7.310491,-79.480824,DESPEJADO,RURAL,TRAMO RECTO,PLANA ,ASFALTADA,,,,,EN PROCESO DE INVESTIGACIÓN,NO CUENTA CON CAUSA ESPECIFICA,4.0,0,2023.0,8.0,6.0,1,0,2,0,0.0,0.0,0.0,0.0,0,0,64.0,0.0,0,0,2,0.0,0.0,1