CODIGO_SINIESTRO,FECHA_SINIESTRO,HORA_SINIESTRO,CLASE_SINIESTRO,CANTIDAD_FALLECIDOS,CANTIDAD_LESIONADOS,CANTIDAD_VEHICULOS,DEPARTAMENTO,PROVINCIA,DISTRITO,ZONA,TIPO_VIA,RED_VIAL,COD_CARRETERA,LATITUD,LONGITUD,CONDICION_CLIMATICA,ZONIFICACION,CARACTERISTICAS_VIA,PERFIL_VIA,SUPERFICIE_CALZADA,EXISTE_SENIAL_VERTICAL,CLASIFICACION_SENIAL_VERTICAL_1,CLASIFICACION_SENIAL_VERTICAL_2,EXISTE_SENIAL_HORIZONTAL,CAUSA_FACTOR_PRINCIPAL,CAUSA_ESPECIFICA,HORA,severidad,ANIO,MES,DIA_SEMANA,FIN_SEMANA,FRANJA_HORARIA,TEMPORADA,MACROREGION,TIPO_VIA_SCORE,PERFIL_VIA_SCORE,SUPERFICIE_CALZADA_SCORE,RIESGO_INFRAESTRUCTURA,RIESGO_CLIMATICO,SENIALIZACION_DEFICIENTE,EDAD_PROMEDIO,EDAD_STD,TOTAL_ALCOHOL,TOTAL_LICENCIA,TOTAL_PERSONAS,PCT_ALCOHOL,PCT_LICENCIA,ES_NOCHE
A-2023-08-94,2023-08-13,05:00,CHOQUE,1,0,0,LIMA,LIMA,ATE,URBANA,CARRETERA,NACIONAL,PE-22,-12.011613,-76.876304,DESPEJADO,COMERCIAL,TRAMO RECTO,INCLINADA,ASFALTADA,,,,,EN PROCESO DE INVESTIGACIÓN,NO CUENTA CON CAUSA ESPECIFICA,5.0,0,2023.0,8.0,6.0,1,0,2,0,0.0,1.0,0.0,1.0,0,0,39.5,10.606601717798213,0,1,2,0.0,0.5,1
A-2023-08-124,2023-08-13,08:50,ATROPELLO FUGA,1,0,0,HUANCAVELICA,HUANCAVELICA,HUANCAVELICA,URBANA,CARRETERA,NACIONAL,PE-26,-12.785869610041884,-74.9853052101463,SOLEADO,RESIDENCIAL,TRAMO RECTO,PLANA ,CONCRETO,,,,,EN PROCESO DE INVESTIGACIÓN,NO CUENTA CON CAUSA ESPECIFICA,8.0,0,2023.0,8.0,6.0,1,1,2,1,0.0,0.0,0.0,0.0,0,0,20.0,0.0,0,0,2,0.0,0.0,0
A-2023-08-17,2023-08-13,20:50,ATROPELLO,1,0,1,SAN MARTIN,MOYOBAMBA,MOYOBAMBA,RURAL,CARRETERA,NACIONAL,PE-5N,-6.0456143,-76.9572332,DESPEJADO,RURAL,TRAMO RECTO,PLANA ,ASFALTADA,,,,,IMPRUDENCIA DEL PEATÓN,OTRO (IMPRUDENCIA DEL PEATÓN),20.0,0,2023.0,8.0,6.0,1,3,2,2,0.0,0.0,0.0,0.0,0,0,51.5,37.476659402887016,0,1,2,0.0,0.5,1
A-2023-08-95,2023-08-14,06:00,ATROPELLO,1,0,0,LIMA,LIMA,LA VICTORIA,URBANA,JIRÓN,URBANO,NO CORRESPONDE,-12.06071248,-77.02647054,DESPEJADO,COMERCIAL,TRAMO RECTO,PLANA ,ASFALTADA,,,,,EN PROCESO DE INVESTIGACIÓN,NO CUENTA CON CAUSA ESPECIFICA,6.0,0,2023.0,8.0,0.0,0,1,2,0,1.0,0.0,0.0,1.0,0,0,49.5,2.1213203435596424,0,1,2,0.0,0.5,0
A-2023-08-76,2023-08-14,06:30,ATROPELLO FUGA,1,0,0,PUNO,LAMPA,CALAPUJA,RURAL,CARRETERA,NACIONAL,PE-3S,-15.2800847871392,-70.25835701403417,SOLEADO,RURAL,TRAMO RECTO,PLANA ,ASFALTADA,,,,,IMPRUDENCIA DEL CONDUCTOR,OTRO (IMPRUDENCIA DEL CONDUCTOR),6.0,0,2023.0,8.0,0.0,0,1,2,1,0.0,0.0,0.0,0.0,0,0,55.0,0.0,0,0,2,0.0,0.0,0
A-2023-08-160,2023-08-14,11:10,ATROPELLO FUGA,1,0,1,CAJAMARCA,CAJAMARCA,CAJAMARCA,URBANA,AVENIDA,URBANO,NO CORRESPONDE,-7.171606175,-78.50113794,DESPEJADO,ESCOLAR,TRAMO RECTO,PLANA ,CONCRETO,,,,,EN PROCESO DE INVESTIGACIÓN,NO CUENTA CON CAUSA ESPECIFICA,11.0,0,2023.0,8.0,0.0,0,1,2,1,1.0,0.0,0.0,1.0,0,0,72.0,0.0,0,0,2,0.0,0.0,0
A-2023-08-132,2023-08-14,12:00,ATROPELLO,2,0,0,JUNIN,HUANCAYO,HUANCAN,URBANA,PASAJE,URBANO,NO CORRESPONDE,-12.104998,-75.189626,DESPEJADO,RURAL,INTERSECCIÓN,PLANA ,TROCHA,,,,,IMPRUDENCIA DEL PEATÓN,OTRO (IMPRUDENCIA DEL PEATÓN),12.0,1,2023.0,8.0,0.0,0,2,2,1,1.0,0.0,2.0,3.0,0,0,17.333333333333332,13.613718571108091,0,1,3,0.0,0.333,0
A-2023-08-96,2023-08-14,23:30,CHOQUE,1,0,0,LIMA,LIMA,VILLA MARIA DEL TRIUNFO,URBANA,AVENIDA,URBANO,NO CORRESPONDE,-12.19676413,-76.93102825,DESPEJADO,RESIDENCIAL,INTERSECCIÓN,INCLINADA,ASFALTADA,,,,,EN PROCESO DE INVESTIGACIÓN,NO CUENTA CON CAUSA ESPECIFICA,23.0,0,2023.0,8.0,0.0,0,3,2,0,1.0,1.0,0.0,2.0,0,0,42.0,16.97056274847714,0,1,2,0.0,0.5,1
A-2023-08-55,2023-08-16,15:30,ATROPELLO,1,0,1,LA LIBERTAD,TRUJILLO,TRUJILLO,URBANA,AVENIDA,URBANO,NO CORRESPONDE,-8.088121750898472,-79.04217512570484,DESPEJADO,COMERCIAL,TRAMO RECTO,PLANA ,ASFALTADA,,,,,EN PROCESO DE INVESTIGACIÓN,NO CUENTA CON CAUSA ESPECIFICA,15.0,0,2023.0,8.0,2.0,0,2,2,0,1.0,0.0,0.0,1.0,0,0,60.0,4.242640687119285,0,1,2,0.0,0.5,0
A-2023-08-97,2023-08-16,15:40,CHOQUE,1,0,0,LIMA,LIMA,EL AGUSTINO,URBANA,CARRETERA,NACIONAL,PE-1N,-12.03279648,-77.00686784,DESPEJADO,COMERCIAL,TRAMO RECTO,PLANA ,ASFALTADA,SI,PREVENTIVA (P),,NO,EN PROCESO DE INVESTIGACIÓN,NO CUENTA CON CAUSA ESPECIFICA,15.0,0,2023.0,8.0,2.0,0,2,2,0,0.0,0.0,0.0,0.0,0,1,32.0,1.4142135623730951,0,2,2,0.0,1.0,0
A-2023-08-42,2023-08-17,03:00,ATROPELLO FUGA,1,0,0,CUSCO,ANTA,ANTA,RURAL,CARRETERA,DEPARTAMENTAL,CU-110,-13.453967,-72.172408,DESPEJADO,RURAL,TRAMO RECTO,PLANA ,AFIRMADO,,,,,IMPRUDENCIA DEL PEATÓN,ESTADO DE EBRIEDAD Y/O DROGADICCIÓN,3.0,0,2023.0,8.0,3.0,0,0,2,1,0.0,0.0,1.0,1.0,0,0,59.0,0.0,0,0,2,0.0,0.0,1
A-2023-08-98,2023-08-17,11:45,ATROPELLO,1,0,0,LIMA,LIMA,CHORRILLOS,URBANA,AVENIDA,URBANO,NO CORRESPONDE,-12.16908081,-77.02416704,DESPEJADO,COMERCIAL,TRAMO RECTO,PLANA ,ASFALTADA,SI,REGULADORA (R),,SI,EN PROCESO DE INVESTIGACIÓN,NO CUENTA CON CAUSA ESPECIFICA,11.0,0,2023.0,8.0,3.0,0,1,2,0,1.0,0.0,0.0,1.0,0,0,58.5,3.5355339059327378,0,1,2,0.0,0.5,0
A-2023-08-149,2023-08-17,16:55,CHOQUE,1,1,2,TACNA,TACNA,CORONEL GREGORIO ALBARRACIN LANCHIPA,URBANA,AVENIDA,URBANO,NO CORRESPONDE,-18.063487,-70.244533,DESPEJADO,RESIDENCIAL,TRAMO RECTO,PLANA ,ASFALTADA,,,,,IMPRUDENCIA DEL CONDUCTOR,DESACATO DE SEÑAL DE TRÁNSITO,16.0,0,2023.0,8.0,3.0,0,2,2,0,1.0,0.0,0.0,1.0,0,0,36.0,8.54400374531753,0,2,3,0.0,0.667,0
A-2023-08-35,2023-08-17,20:00,DESPISTE,1,0,1,ANCASH,ANTONIO RAYMONDI,LLAMELLIN,RURAL,CARRETERA,DEPARTAMENTAL,AN-108,-9.11631795749561,-77.0125629805175,DESPEJADO,RURAL,CURVA,INCLINADA,ASFALTADA,,,,,EN PROCESO DE INVESTIGACIÓN,NO CUENTA CON CAUSA ESPECIFICA,20.0,0,2023.0,8.0,3.0,0,3,2,0,0.0,1.0,0.0,1.0,0,0,40.0,0.0,0,1,1,0.0,1.0,1
A-2023-08-138,2023-08-18,04:15,CHOQUE,1,0,2,AYACUCHO,HUAMANGA,SOCOS,RURAL,CARRETERA,NACIONAL,PE-3S,-13.2414766332626,-74.2421803968009,DESPEJADO,RURAL,CURVA,INCLINADA,ASFALTADA,SI,REGULADORA (R),,SI,IMPRUDENCIA DEL CONDUCTOR,CONDUCIR EN ESTADO DE EBRIEDAD Y/O DROGADICCIÓN,4.0,0,2023.0,8.0,4.0,0,0,2,1,0.0,1.0,0.0,1.0,0,0,28.0,1.4142135623730951,1,2,2,0.5,1.0,1
A-2023-08-118,2023-08-18,06:45,ATROPELLO,1,0,0,CALLAO,CALLAO,CALLAO,URBANA,AVENIDA,URBANO,NO CORRESPONDE,-12.0641523,-77.138997717,DESPEJADO,COMERCIAL,TRAMO RECTO,PLANA ,ASFALTADA,NO,,,SI,IMPRUDENCIA DEL CONDUCTOR,INVASIÓN DE CARRIL,6.0,0,2023.0,8.0,4.0,0,1,2,0,1.0,0.0,0.0,1.0,0,1,27.0,35.35533905932738,0,1,2,0.0,0.5,0
A-2023-08-18,2023-08-18,07:45,CHOQUE,2,1,3,LIMA,HUAURA,HUACHO,RURAL,CARRETERA,NACIONAL,PE-1N,-11.13922,-77.59708,DESPEJADO,RURAL,TRAMO RECTO,INCLINADA,ASFALTADA,,,,,IMPRUDENCIA DEL CONDUCTOR,FATIGA Y/O CANSANCIO,7.0,1,2023.0,8.0,4.0,0,1,2,0,0.0,1.0,0.0,1.0,0,0,37.2,14.481022063376606,0,2,5,0.0,0.4,0
A-2023-08-56,2023-08-18,09:00,ATROPELLO FUGA,1,0,0,LA LIBERTAD,CHEPEN,CHEPEN,RURAL,CARRETERA,NACIONAL,PE-1N,-7.2212559,-79.4367383,DESPEJADO,RURAL,TRAMO RECTO,PLANA ,ASFALTADA,,,,,EN PROCESO DE INVESTIGACIÓN,NO CUENTA CON CAUSA ESPECIFICA,9.0,0,2023.0,8.0,4.0,0,1,2,0,0.0,0.0,0.0,0.0,0,0,0.0,0.0,0,0,2,0.0,0.0,0
A-2023-08-49,2023-08-18,15:20,CHOQUE,1,1,2,CUSCO,CUSCO,CCORCA,RURAL,CARRETERA,PROVINCIAL,CU-1259,-13.573730458131154,-72.0708120660588,DESPEJADO,RURAL,INTERSECCIÓN,PLANA ,ASFALTADA,,,,,IMPRUDENCIA DEL CONDUCTOR,EXCESO DE VELOCIDAD,15.0,0,2023.0,8.0,4.0,0,2,2,1,0.0,0.0,0.0,0.0,0,0,14.5,0.7071067811865476,0,0,2,0.0,0.0,0
A-2023-08-38,2023-08-18,18:30,CHOQUE FUGA,1,2,2,AMAZONAS,UTCUBAMBA,BAGUA GRANDE,RURAL,CARRETERA,NACIONAL,PE-5N,-5.738525,-78.46117,DESPEJADO,RURAL,TRAMO RECTO,PLANA ,ASFALTADA,,,,,EN PROCESO DE INVESTIGACIÓN,NO CUENTA CON CAUSA ESPECIFICA,18.0,0,2023.0,8.0,4.0,0,3,2,2,0.0,0.0,0.0,0.0,0,0,35.0,24.63736998950984,0,0,4,0.0,0.0,1
A-2023-08-30,2023-08-18,20:30,ATROPELLO,1,0,1,ICA,PALPA,PALPA,URBANA,CARRETERA,NACIONAL,PE-1S,-14.531977,-75.190298,DESPEJADO,COMERCIAL,TRAMO RECTO,PLANA ,ASFALTADA,SI,REGULADORA (R),INFORMATIVA (I),SI,EN PROCESO DE INVESTIGACIÓN,NO CUENTA CON CAUSA ESPECIFICA,20.0,0,2023.0,8.0,4.0,0,3,2,0,0.0,0.0,0.0,0.0,0,0,56.0,21.213203435596427,0,0,2,0.0,0.0,1
A-2023-08-127,2023-08-18,21:00,CHOQUE,1,0,2,UCAYALI,CORONEL PORTILLO,YARINACOCHA,URBANA,CARRETERA,DEPARTAMENTAL,UC-103,-8.358456,-74.572729,DESPEJADO,ESCOLAR,INTERSECCIÓN,PLANA ,CONCRETO,SI,PREVENTIVA (P),,SI,IMPRUDENCIA DEL CONDUCTOR,CONDUCIR EN ESTADO DE EBRIEDAD Y/O DROGADICCIÓN,21.0,0,2023.0,8.0,4.0,0,3,2,2,0.0,0.0,0.0,0.0,0,0,43.0,8.48528137423857,0,1,2,0.0,0.5,1
A-2023-08-99,2023-08-18,21:30,DESPISTE,1,0,0,LIMA,LIMA,LURIN,URBANA,AVENIDA,URBANO,NO CORRESPONDE,-12.30408959,-76.84316617,DESPEJADO,RURAL,CURVA,PLANA ,ASFALTADA,,,,,EN PROCESO DE INVESTIGACIÓN,NO CUENTA CON CAUSA ESPECIFICA,21.0,0,2023.0,8.0,4.0,0,3,2,0,1.0,0.0,0.0,1.0,0,0,35.0,0.0,0,0,1,0.0,0.0,1
A-2023-08-20,2023-08-19,00:03,DESPISTE,1,0,1,SAN MARTIN,MOYOBAMBA,SORITOR,RURAL,CARRETERA,NACIONAL,PE-08B,-6.186515,-77.115986,DESPEJADO,RURAL,TRAMO RECTO,PLANA ,AFIRMADO,,,,,IMPRUDENCIA DEL CONDUCTOR,OTRO (IMPRUDENCIA DEL CONDUCTOR),0.0,0,2023.0,8.0,5.0,1,0,2,2,0.0,0.0,1.0,1.0,0,0,44.0,0.0,0,0,1,0.0,0.0,1
A-2023-08-31,2023-08-19,02:30,DESPISTE,13,5,1,HUANCAVELICA,HUAYTARA,HUAYTARA,RURAL,CARRETERA,NACIONAL,PE-28A,-13.607447,-75.322182,DESPEJADO,RURAL,CURVA,PLANA ,ASFALTADA,SI,REGULADORA (R),,SI,EN PROCESO DE INVESTIGACIÓN,NO CUENTA CON CAUSA ESPECIFICA,2.0,2,2023.0,8.0,5.0,1,0,2,1,0.0,0.0,0.0,0.0,0,0,56.166666666666664,23.565303507737063,0,0,19,0.0,0.0,1
A-2023-08-80,2023-08-19,05:10,CHOQUE,2,6,2,ICA,CHINCHA,GROCIO PRADO,RURAL,CARRETERA,NACIONAL,PE-1S,-13.386086,-76.202713,DESPEJADO,RURAL,TRAMO RECTO,PLANA ,ASFALTADA,SI,REGULADORA (R),REGULADORA (R),NO,IMPRUDENCIA DEL CONDUCTOR,INVASIÓN DE CARRIL,5.0,1,2023.0,8.0,5.0,1,0,2,0,0.0,0.0,0.0,0.0,0,1,31.666666666666668,18.33712082089225,0,1,9,0.0,0.111,1
A-2023-08-166,2023-08-19,07:00,CHOQUE,1,0,0,LIMA,LIMA,LOS OLIVOS,URBANA,AVENIDA,URBANO,NO CORRESPONDE,-11.98315509838056,-77.07966002674941,DESPEJADO,COMERCIAL,TRAMO RECTO,PLANA ,ASFALTADA,,,,,IMPRUDENCIA DEL CONDUCTOR,EXCESO DE VELOCIDAD,7.0,0,2023.0,8.0,5.0,1,1,2,0,1.0,0.0,0.0,1.0,0,0,44.5,33.23401871576773,0,0,2,0.0,0.0,0
A-2023-08-57,2023-08-19,11:20,CHOQUE,1,6,2,LA LIBERTAD,SANTIAGO DE CHUCO,QUIRUVILCA,RURAL,CARRETERA,NACIONAL,PE-3N,-7.980411,-78.23678,DESPEJADO,RURAL,TRAMO RECTO,PLANA ,ASFALTADA,,,,,EN PROCESO DE INVESTIGACIÓN,NO CUENTA CON CAUSA ESPECIFICA,11.0,0,2023.0,8.0,5.0,1,1,2,0,0.0,0.0,0.0,0.0,0,0,32.0,10.0,0,2,9,0.0,0.222,0
A-2023-08-161,2023-08-19,12:00,DESPISTE,2,0,1,CAJAMARCA,JAEN,CHONTALI,RURAL,CARRETERA,PROVINCIAL,CA-666,-5.665580413,-79.09165955,DESPEJADO,RURAL,CURVA,PLANA ,AFIRMADO,,,,,IMPRUDENCIA DEL CONDUCTOR,OTRO (IMPRUDENCIA DEL CONDUCTOR),12.0,1,2023.0,8.0,5.0,1,2,2,1,0.0,0.0,1.0,1.0,0,0,71.5,0.7071067811865476,0,0,2,0.0,0.0,0
A-2023-08-81,2023-08-19,15:20,ATROPELLO,1,0,0,LORETO,MAYNAS,PUNCHANA,URBANA,CALLE,URBANO,NO CORRESPONDE,-3.720048,-73.23984,SOLEADO,COMERCIAL,TRAMO RECTO,PLANA ,CONCRETO,,,,,EN PROCESO DE INVESTIGACIÓN,NO CUENTA CON CAUSA ESPECIFICA,15.0,0,2023.0,8.0,5.0,1,2,2,2,2.0,0.0,0.0,2.0,0,0,25.5,31.81980515339464,1,1,2,0.5,0.5,0
A-2023-08-32,2023-08-20,14:00,DESPISTE,1,0,1,ICA,ICA,OCUCAJE,RURAL,CARRETERA,SIN CLASIFICAR,SIN CLASIFICAR,-14.352133,-75.703062,DESPEJADO,RURAL,OTRO,INCLINADA,TROCHA,,,,,EN PROCESO DE INVESTIGACIÓN,NO CUENTA CON CAUSA ESPECIFICA,14.0,0,2023.0,8.0,6.0,1,2,2,0,0.0,1.0,2.0,3.0,0,0,45.0,19.79898987322333,0,1,2,0.0,0.5,0
A-2023-08-100,2023-08-20,15:30,ATROPELLO FUGA,1,0,0,LIMA,LIMA,ATE,URBANA,AVENIDA,URBANO,NO CORRESPONDE,-12.02564931,-76.90920613,DESPEJADO,ESCOLAR,INTERSECCIÓN,PLANA ,ASFALTADA,,,,,EN PROCESO DE INVESTIGACIÓN,NO CUENTA CON CAUSA ESPECIFICA,15.0,0,2023.0,8.0,6.0,1,2,2,0,1.0,0.0,0.0,1.0,0,0,78.0,0.0,0,0,2,0.0,0.0,0
A-2023-08-77,2023-08-20,15:30,ATROPELLO FUGA,1,0,0,AMAZONAS,UTCUBAMBA,BAGUA GRANDE,RURAL,CARRETERA,NACIONAL,PE-5N,-5.816503,-78.312683,SOLEADO,RURAL,TRAMO RECTO,PLANA ,ASFALTADA,SI,REGULADORA (R),,SI,EN PROCESO DE INVESTIGACIÓN,NO CUENTA CON CAUSA ESPECIFICA,15.0,0,2023.0,8.0,6.0,1,2,2,2,0.0,0.0,0.0,0.0,0,0,57.0,0.0,0,0,2,0.0,0.0,0
A-2023-08-167,2023-08-20,17:40,ATROPELLO,1,0,0,LIMA,LIMA,SAN JUAN DE LURIGANCHO,URBANA,AVENIDA,URBANO,NO CORRESPONDE,-12.001226580551332,-77.00844749726086,DESPEJADO,COMERCIAL,TRAMO RECTO,PLANA ,ASFALTADA,NO,,,SI,IMPRUDENCIA DEL CONDUCTOR,EXCESO DE VELOCIDAD,17.0,0,2023.0,8.0,6.0,1,2,2,0,1.0,0.0,0.0,1.0,0,1,59.5,33.23401871576773,0,1,2,0.0,0.5,0
A-2023-08-43,2023-08-20,19:10,ATROPELLO,1,0,1,CUSCO,ANTA,ANTA,URBANA,CARRETERA,NACIONAL,PE-3S,-13.466273,-72.139682,DESPEJADO,COMERCIAL,CURVA,PLANA ,ASFALTADA,SI,PREVENTIVA (P),,SI,NEGLIGENCIA DEL CONDUCTOR,OTRO (NEGLIGENCIA DEL CONDUCTOR),19.0,0,2023.0,8.0,6.0,1,3,2,1,0.0,0.0,0.0,0.0,0,0,41.0,16.97056274847714,0,1,2,0.0,0.5,1
A-2023-08-58,2023-08-20,22:30,ATROPELLO,1,0,1,LA LIBERTAD,VIRU,VIRU,RURAL,CARRETERA,NACIONAL,PE-1N,-8.381431,-78.857272,DESPEJADO,RURAL,TRAMO RECTO,PLANA ,ASFALTADA,,,,,EN PROCESO DE INVESTIGACIÓN,NO CUENTA CON CAUSA ESPECIFICA,22.0,0,2023.0,8.0,6.0,1,3,2,0,0.0,0.0,0.0,0.0,0,0,39.0,1.4142135623730951,0,1,2,0.0,0.5,1
A-2023-08-64,2023-08-21,02:20,CHOQUE,3,3,2,SAN MARTIN,MOYOBAMBA,HABANA,RURAL,CARRETERA,NACIONAL,PE-08B,-6.093996,-77.087282,DESPEJADO,RURAL,TRAMO RECTO,PLANA ,ASFALTADA,,,,,IMPRUDENCIA DEL CONDUCTOR,CONDUCIR EN ESTADO DE EBRIEDAD Y/O DROGADICCIÓN,2.0,2,2023.0,8.0,0.0,0,0,2,2,0.0,0.0,0.0,0.0,0,0,25.0,5.93295878967653,0,1,6,0.0,0.167,1
A-2023-08-59,2023-08-21,13:00,ATROPELLO,1,0,1,LA LIBERTAD,TRUJILLO,TRUJILLO,URBANA,CARRETERA,NACIONAL,PE-1N,-8.138208,-79.015506,DESPEJADO,COMERCIAL,TRAMO RECTO,PLANA ,ASFALTADA,,,,,EN PROCESO DE INVESTIGACIÓN,NO CUENTA CON CAUSA ESPECIFICA,13.0,0,2023.0,8.0,0.0,0,2,2,0,0.0,0.0,0.0,0.0,0,0,45.5,16.263455967290593,0,1,2,0.0,0.5,0
A-2023-08-162,2023-08-22,02:40,ATROPELLO,1,0,3,CAJAMARCA,CHOTA,LLAMA,RURAL,CARRETERA,NACIONAL,PE-06A,-6.530502,-79.07664,NUBLADO,RURAL,CURVA,INCLINADA,ASFALTADA,SI,PREVENTIVA (P),,SI,IMPRUDENCIA DEL CONDUCTOR,OTRO (IMPRUDENCIA DEL CONDUCTOR),2.0,0,2023.0,8.0,1.0,0,0,2,1,0.0,1.0,0.0,1.0,0,0,48.5,4.949747468305833,0,1,4,0.0,0.25,1
A-2023-08-101,2023-08-22,15:40,ATROPELLO,1,0,0,LIMA,LIMA,CHORRILLOS,URBANA,AVENIDA,URBANO,NO CORRESPONDE,-12.18818487,-76.98271302,DESPEJADO,RESIDENCIAL,CURVA,INCLINADA,ASFALTADA,,,,,EN PROCESO DE INVESTIGACIÓN,NO CUENTA CON CAUSA ESPECIFICA,15.0,0,2023.0,8.0,1.0,0,2,2,0,1.0,1.0,0.0,2.0,0,0,50.5,43.1335136523794,0,1,2,0.0,0.5,0
A-2023-08-102,2023-08-23,06:30,CHOQUE,1,0,0,LIMA,LIMA,CHORRILLOS,URBANA,AVENIDA,URBANO,NO CORRESPONDE,-12.18911486,-77.00724272,DESPEJADO,COMERCIAL,CURVA,PLANA ,ASFALTADA,,,,,EN PROCESO DE INVESTIGACIÓN,NO CUENTA CON CAUSA ESPECIFICA,6.0,0,2023.0,8.0,2.0,0,1,2,0,1.0,0.0,0.0,1.0,0,0,38.5,20.506096654409877,0,2,2,0.0,1.0,0
A-2023-08-39,2023-08-23,17:40,DESPISTE,1,0,1,CUSCO,CANCHIS,SAN PABLO,RURAL,CARRETERA,PROVINCIAL,CU-1416,-14.113432,-71.144355,DESPEJADO,RURAL,TRAMO RECTO,INCLINADA,AFIRMADO,SI,PREVENTIVA (P),,NO,IMPRUDENCIA DEL CONDUCTOR,OTRO (IMPRUDENCIA DEL CONDUCTOR),17.0,0,2023.0,8.0,2.0,0,2,2,1,0.0,1.0,1.0,2.0,0,1,31.0,0.0,0,1,1,0.0,1.0,0
A-2023-08-125,2023-08-23,18:30,ATROPELLO,1,1,1,HUANCAVELICA,ACOBAMBA,ANDABAMBA,RURAL,CARRETERA,DEPARTAMENTAL,HV-126,-12.690765788423562,-74.6148911327099,DESPEJADO,RURAL,TRAMO RECTO,PLANA ,ASFALTADA,,,,,EN PROCESO DE INVESTIGACIÓN,NO CUENTA CON CAUSA ESPECIFICA,18.0,0,2023.0,8.0,2.0,0,3,2,1,0.0,0.0,0.0,0.0,0,0,38.5,16.263455967290593,0,0,2,0.0,0.0,1
A-2023-08-33,2023-08-23,19:45,CHOQUE,1,1,2,ICA,NASCA,VISTA ALEGRE,URBANA,CARRETERA,NACIONAL,PE-1S,-14.848469,-74.950771,DESPEJADO,COMERCIAL,TRAMO RECTO,PLANA ,ASFALTADA,SI,REGULADORA (R),,SI,IMPRUDENCIA DEL CONDUCTOR,INVASIÓN DE CARRIL,19.0,0,2023.0,8.0,2.0,0,3,2,0,0.0,0.0,0.0,0.0,0,0,40.0,14.798648586948742,0,1,3,0.0,0.333,1
A-2023-08-103,2023-08-24,07:50,ATROPELLO,1,1,0,LIMA,LIMA,COMAS,URBANA,AVENIDA,URBANO,NO CORRESPONDE,-11.939304132426711,-77.05897165967541,DESPEJADO,COMERCIAL,TRAMO RECTO,PLANA ,ASFALTADA,,,,,EN PROCESO DE INVESTIGACIÓN,NO CUENTA CON CAUSA ESPECIFICA,7.0,0,2023.0,8.0,3.0,0,1,2,0,1.0,0.0,0.0,1.0,0,0,30.5,7.7781745930520225,0,1,2,0.0,0.5,0
A-2023-08-22,2023-08-24,14:30,CHOQUE,2,0,3,AREQUIPA,CAYLLOMA,YANQUE,RURAL,CARRETERA,DEPARTAMENTAL,AR-109,-15.8351167,-71.4697517,DESPEJADO,RURAL,TRAMO RECTO,PLANA ,ASFALTADA,NO,,,SI,EN PROCESO DE INVESTIGACIÓN,NO CUENTA CON CAUSA ESPECIFICA,14.0,1,2023.0,8.0,3.0,0,2,2,0,0.0,0.0,0.0,0.0,0,1,58.0,17.72004514666935,0,2,4,0.0,0.5,0
A-2023-08-105,2023-08-24,15:00,ATROPELLO,1,0,0,LIMA,LIMA,RIMAC,URBANA,AVENIDA,URBANO,NO CORRESPONDE,-12.02700385,-77.03336397,DESPEJADO,COMERCIAL,INTERSECCIÓN,PLANA ,ASFALTADA,SI,REGULADORA (R),,NO,EN PROCESO DE INVESTIGACIÓN,NO CUENTA CON CAUSA ESPECIFICA,15.0,0,2023.0,8.0,3.0,0,2,2,0,1.0,0.0,0.0,1.0,0,1,55.5,0.7071067811865476,0,1,2,0.0,0.5,0
A-2023-08-147,2023-08-24,15:20,CHOQUE FUGA,1,0,1,TACNA,TACNA,TACNA,URBANA,CARRETERA,NACIONAL,PE-1S,-18.085671,-70.303507,DESPEJADO,RURAL,TRAMO RECTO,PLANA ,ASFALTADA,,,,,EN PROCESO DE INVESTIGACIÓN,NO CUENTA CON CAUSA ESPECIFICA,15.0,0,2023.0,8.0,3.0,0,2,2,0,0.0,0.0,0.0,0.0,0,0,53.0,0.0,0,0,2,0.0,0.0,0
A-2023-08-119,2023-08-24,18:00,CHOQUE,1,1,0,PIURA,PIURA,CATACAOS,RURAL,CARRETERA,NACIONAL,PE-1N,-5.238906,-80.638431,DESPEJADO,RURAL,TRAMO RECTO,PLANA ,ASFALTADA,,,,,IMPRUDENCIA DEL CONDUCTOR,EXCESO DE VELOCIDAD,18.0,0,2023.0,8.0,3.0,0,3,2,0,0.0,0.0,0.0,0.0,0,0,40.333333333333336,22.27853974867593,0,2,3,0.0,0.667,1
A-2023-08-60,2023-08-24,20:30,DESPISTE,1,3,1,LA LIBERTAD,OTUZCO,USQUIL,RURAL,CARRETERA,PROVINCIAL,LI-774,-7.814124697487608,-78.43235380456227,DESPEJADO,RURAL,TRAMO RECTO,PLANA ,AFIRMADO,,,,,EN PROCESO DE INVESTIGACIÓN,NO CUENTA CON CAUSA ESPECIFICA,20.0,0,2023.0,8.0,3.0,0,3,2,0,0.0,0.0,1.0,1.0,0,0,27.25,5.439056290693573,0,0,4,0.0,0.0,1
A-2023-08-104,2023-08-24,23:00,DESPISTE,1,0,0,LIMA,LIMA,PUNTA HERMOSA,URBANA,AVENIDA,URBANO,NO CORRESPONDE,-12.30941225,-76.83738474,DESPEJADO,COMERCIAL,INTERSECCIÓN,PLANA ,ASFALTADA,SI,INFORMATIVA (I),,SI,IMPRUDENCIA DEL CONDUCTOR,OTRO (IMPRUDENCIA DEL CONDUCTOR),23.0,0,2023.0,8.0,3.0,0,3,2,0,1.0,0.0,0.0,1.0,0,0,31.0,0.0,0,0,2,0.0,0.0,1