CODIGO_SINIESTRO,FECHA_SINIESTRO,HORA_SINIESTRO,CLASE_SINIESTRO,CANTIDAD_FALLECIDOS,CANTIDAD_LESIONADOS,CANTIDAD_VEHICULOS,DEPARTAMENTO,PROVINCIA,DISTRITO,ZONA,TIPO_VIA,RED_VIAL,COD_CARRETERA,LATITUD,LONGITUD,CONDICION_CLIMATICA,ZONIFICACION,CARACTERISTICAS_VIA,PERFIL_VIA,SUPERFICIE_CALZADA,EXISTE_SENIAL_VERTICAL,CLASIFICACION_SENIAL_VERTICAL_1,CLASIFICACION_SENIAL_VERTICAL_2,EXISTE_SENIAL_HORIZONTAL,CAUSA_FACTOR_PRINCIPAL,CAUSA_ESPECIFICA,HORA,severidad,ANIO,MES,DIA_SEMANA,FIN_SEMANA,FRANJA_HORARIA,TEMPORADA,MACROREGION,TIPO_VIA_SCORE,PERFIL_VIA_SCORE,SUPERFICIE_CALZADA_SCORE,RIESGO_INFRAESTRUCTURA,RIESGO_CLIMATICO,SENIALIZACION_DEFICIENTE,EDAD_PROMEDIO,EDAD_STD,TOTAL_ALCOHOL,TOTAL_LICENCIA,TOTAL_PERSONAS,PCT_ALCOHOL,PCT_LICENCIA,ES_NOCHE
A-2023-08-78,2023-08-25,04:30,DESPISTE,1,0,1,AMAZONAS,UTCUBAMBA,JAMALCA,URBANA,CARRETERA,NACIONAL,PE-5N,-5.836981,-78.241441,DESPEJADO,RURAL,PASE A DESNIVEL,INCLINADA,TROCHA,,,,,EN PROCESO DE INVESTIGACIÓN,NO CUENTA CON CAUSA ESPECIFICA,4.0,0,2023.0,8.0,4.0,0,0,2,2,0.0,1.0,2.0,3.0,0,0,19.0,25.45584412271571,0,1,2,0.0,0.5,1
A-2023-08-21,2023-08-25,08:30,ATROPELLO FUGA,1,0,0,PUNO,EL COLLAO,ILAVE,URBANA,CARRETERA,NACIONAL,PE-3S,-16.091553,-69.6397,DESPEJADO,RURAL,TRAMO RECTO,PLANA ,ASFALTADA,,,,,IMPRUDENCIA DEL CONDUCTOR,EXCESO DE VELOCIDAD,8.0,0,2023.0,8.0,4.0,0,1,2,1,0.0,0.0,0.0,0.0,0,0,72.0,0.0,0,0,2,0.0,0.0,0
A-2023-08-133,2023-08-25,15:10,DESPISTE,2,1,0,JUNIN,JAUJA,PARCO,RURAL,CARRETERA,NACIONAL,PE-3S,-11.802171622235347,-75.52678936622151,DESPEJADO,RURAL,CURVA,PLANA ,ASFALTADA,NO,,,SI,IMPRUDENCIA DEL CONDUCTOR,ADELANTAR INDEBIDAMENTE,15.0,1,2023.0,8.0,4.0,0,2,2,1,0.0,0.0,0.0,0.0,0,1,43.5,15.286159317064135,0,1,5,0.0,0.2,0
A-2023-08-165,2023-08-25,17:22,CHOQUE,1,2,2,CAJAMARCA,SAN IGNACIO,NAMBALLE,URBANA,CARRETERA,NACIONAL,PE-5N,-4.984032,-79.10115,DESPEJADO,RESIDENCIAL,CURVA,INCLINADA,ASFALTADA,SI,PREVENTIVA (P),,SI,IMPRUDENCIA DEL CONDUCTOR,CONDUCIR EN ESTADO DE EBRIEDAD Y/O DROGADICCIÓN,17.0,0,2023.0,8.0,4.0,0,2,2,1,0.0,1.0,0.0,1.0,0,0,28.333333333333332,2.081665999466133,1,1,3,0.333,0.333,0
A-2023-08-134,2023-08-25,18:30,CHOQUE,1,1,0,JUNIN,HUANCAYO,SAN AGUSTIN,RURAL,CARRETERA,NACIONAL,PE-3S,-12.019282726209436,-75.24172418724427,DESPEJADO,RURAL,TRAMO RECTO,PLANA ,ASFALTADA,NO,,,SI,IMPRUDENCIA DEL CONDUCTOR,OTRO (IMPRUDENCIA DEL CONDUCTOR),18.0,0,2023.0,8.0,4.0,0,3,2,1,0.0,0.0,0.0,0.0,0,1,36.666666666666664,14.0118997046558,0,2,3,0.0,0.667,1
A-2023-08-61,2023-08-25,22:15,CHOQUE,2,1,2,LA LIBERTAD,TRUJILLO,SALAVERRY,URBANA,CARRETERA,NACIONAL,PE-1N,-8.233038,-78.943466,DESPEJADO,COMERCIAL,TRAMO RECTO,PLANA ,ASFALTADA,,,,,IMPRUDENCIA DEL CONDUCTOR,OTRO (IMPRUDENCIA DEL CONDUCTOR),22.0,1,2023.0,8.0,4.0,0,3,2,0,0.0,0.0,0.0,0.0,0,0,33.5,8.812869377601524,0,1,4,0.0,0.25,1
A-2023-08-143,2023-08-26,00:42,CHOQUE CON OBJETO FIJO,1,1,1,AYACUCHO,HUAMANGA,AYACUCHO,URBANA,AVENIDA,URBANO,NO CORRESPONDE,-13.14756333131887,-74.22366512852857,DESPEJADO,RESIDENCIAL,TRAMO RECTO,INCLINADA,ASFALTADA,,,,,IMPRUDENCIA DEL CONDUCTOR,CONDUCIR EN ESTADO DE EBRIEDAD Y/O DROGADICCIÓN,0.0,0,2023.0,8.0,5.0,1,0,2,1,1.0,1.0,0.0,2.0,0,0,20.5,2.1213203435596424,1,1,2,0.5,0.5,1
A-2023-08-152,2023-08-26,19:30,ATROPELLO,1,0,0,CALLAO,CALLAO,LA PERLA,URBANA,AVENIDA,URBANO,NO CORRESPONDE,-12.0641805125851,-77.1121754695252,DESPEJADO,RESIDENCIAL,TRAMO RECTO,PLANA ,ASFALTADA,SI,REGULADORA (R),,SI,IMPRUDENCIA DEL PEATÓN,CRUCE INDEBIDO POR LA CALZADA,19.0,0,2023.0,8.0,5.0,1,3,2,0,1.0,0.0,0.0,1.0,0,0,56.5,6.363961030678928,0,1,2,0.0,0.5,1
A-2023-08-120,2023-08-27,01:20,DESPISTE,1,0,0,PIURA,PIURA,VEINTISEIS DE OCTUBRE,RURAL,CARRETERA,SIN CLASIFICAR,SIN CLASIFICAR,-5.1817,-80.6927,DESPEJADO,RURAL,TRAMO RECTO,PLANA ,ASFALTADA,,,,,EN PROCESO DE INVESTIGACIÓN,NO CUENTA CON CAUSA ESPECIFICA,1.0,0,2023.0,8.0,6.0,1,0,2,0,0.0,0.0,0.0,0.0,0,0,30.0,0.0,1,0,1,1.0,0.0,1
A-2023-08-23,2023-08-27,02:00,CHOQUE,1,3,0,AREQUIPA,AREQUIPA,LA JOYA,RURAL,CARRETERA,DEPARTAMENTAL,AR-114,-16.4697919,-71.8444426,DESPEJADO,RURAL,TRAMO RECTO,PLANA ,ASFALTADA,,,,,EN PROCESO DE INVESTIGACIÓN,NO CUENTA CON CAUSA ESPECIFICA,2.0,0,2023.0,8.0,6.0,1,0,2,0,0.0,0.0,0.0,0.0,0,0,24.75,3.304037933599835,1,2,4,0.25,0.5,1
A-2023-08-106,2023-08-27,02:30,CHOQUE,1,3,0,LIMA,LIMA,PUENTE PIEDRA,URBANA,AVENIDA,URBANO,NO CORRESPONDE,-11.85751839,-77.06821782,DESPEJADO,RESIDENCIAL,INTERSECCIÓN,PLANA ,AFIRMADO,,,,,EN PROCESO DE INVESTIGACIÓN,NO CUENTA CON CAUSA ESPECIFICA,2.0,0,2023.0,8.0,6.0,1,0,2,0,1.0,0.0,1.0,2.0,0,0,31.4,5.770615218501402,0,2,6,0.0,0.333,1
A-2023-08-135,2023-08-27,06:40,ATROPELLO FUGA,1,0,0,JUNIN,JAUJA,LEONOR ORDOÑEZ,RURAL,CARRETERA,NACIONAL,PE-3SB,-11.85659295524933,-75.41706556471469,DESPEJADO,RURAL,TRAMO RECTO,PLANA ,ASFALTADA,NO,,,SI,EN PROCESO DE INVESTIGACIÓN,NO CUENTA CON CAUSA ESPECIFICA,6.0,0,2023.0,8.0,6.0,1,1,2,1,0.0,0.0,0.0,0.0,0,1,46.0,0.0,0,0,2,0.0,0.0,0
A-2023-08-107,2023-08-27,07:46,DESPISTE,1,4,0,LIMA,LIMA,ATE,URBANA,CARRETERA,NACIONAL,PE-22,-12.010752,-76.873678,DESPEJADO,COMERCIAL,CURVA,PLANA ,ASFALTADA,,,,,EN PROCESO DE INVESTIGACIÓN,NO CUENTA CON CAUSA ESPECIFICA,7.0,0,2023.0,8.0,6.0,1,1,2,0,0.0,0.0,0.0,0.0,0,0,43.333333333333336,20.225396576252013,0,2,6,0.0,0.333,0
A-2023-08-140,2023-08-27,15:30,CHOQUE,1,8,2,AYACUCHO,HUAMANGA,ACOCRO,RURAL,CARRETERA,NACIONAL,PE-3S,-13.3992320501638,-73.9600298718296,DESPEJADO,RURAL,CURVA,INCLINADA,ASFALTADA,SI,PREVENTIVA (P),,NO,IMPRUDENCIA DEL CONDUCTOR,INVASIÓN DE CARRIL,15.0,0,2023.0,8.0,6.0,1,2,2,1,0.0,1.0,0.0,1.0,0,1,42.22222222222222,18.59286003939266,0,2,9,0.0,0.222,0
A-2023-08-45,2023-08-27,15:30,CHOQUE,1,0,0,AREQUIPA,CAMANA,QUILCA,RURAL,CARRETERA,NACIONAL,PE-3S,-16.700737,-72.455305,SOLEADO,RURAL,CURVA,INCLINADA,ASFALTADA,,,,,EN PROCESO DE INVESTIGACIÓN,NO CUENTA CON CAUSA ESPECIFICA,15.0,0,2023.0,8.0,6.0,1,2,2,0,0.0,1.0,0.0,1.0,0,0,42.0,8.48528137423857,0,1,2,0.0,0.5,0
A-2023-08-142,2023-08-27,16:27,DESPISTE,1,0,1,AYACUCHO,HUAMANGA,AYACUCHO,URBANA,JIRÓN,URBANO,NO CORRESPONDE,-13.1502901413876,-74.22507578849195,DESPEJADO,RESIDENCIAL,TRAMO RECTO,PLANA ,ASFALTADA,,,,,IMPRUDENCIA DEL CONDUCTOR,CONDUCIR EN ESTADO DE EBRIEDAD Y/O DROGADICCIÓN,16.0,0,2023.0,8.0,6.0,1,2,2,1,1.0,0.0,0.0,1.0,0,0,22.0,0.0,1,0,1,1.0,0.0,0
A-2023-08-44,2023-08-27,17:20,DESPISTE,1,0,1,ICA,NASCA,CHANGUILLO,RURAL,CARRETERA,PROVINCIAL,IC-782,-14.663484,-75.225382,DESPEJADO,RURAL,SINUOSA,INCLINADA,TROCHA,,,,,EN PROCESO DE INVESTIGACIÓN,NO CUENTA CON CAUSA ESPECIFICA,17.0,0,2023.0,8.0,6.0,1,2,2,0,0.0,1.0,2.0,3.0,0,0,57.0,0.0,0,0,1,0.0,0.0,0
A-2023-08-108,2023-08-27,17:45,DESPISTE,1,3,0,LIMA,LIMA,ATE,URBANA,AVENIDA,URBANO,NO CORRESPONDE,-12.01482726,-76.83918934,DESPEJADO,RESIDENCIAL,TRAMO RECTO,INCLINADA,ASFALTADA,,,,,EN PROCESO DE INVESTIGACIÓN,NO CUENTA CON CAUSA ESPECIFICA,17.0,0,2023.0,8.0,6.0,1,2,2,0,1.0,1.0,0.0,2.0,0,0,23.4,16.772000476985447,0,0,5,0.0,0.0,0
A-2023-08-141,2023-08-28,07:20,ATROPELLO,1,0,0,PUNO,SAN ROMAN,SAN MIGUEL,URBANA,CARRETERA,NACIONAL,PE-34H,-15.478719,-70.118576,DESPEJADO,COMERCIAL,TRAMO RECTO,PLANA ,ASFALTADA,,,,,IMPRUDENCIA DEL CONDUCTOR,EXCESO DE VELOCIDAD,7.0,0,2023.0,8.0,0.0,0,1,2,1,0.0,0.0,0.0,0.0,0,0,72.5,20.506096654409877,0,1,2,0.0,0.5,0
A-2023-08-163,2023-08-28,07:55,CHOQUE,1,1,2,CAJAMARCA,JAEN,JAEN,URBANA,CARRETERA,NACIONAL,PE-5N,-5.706962,-78.803394,DESPEJADO,COMERCIAL,TRAMO RECTO,PLANA ,CONCRETO,,,,,IMPRUDENCIA DEL CONDUCTOR,ADELANTAR INDEBIDAMENTE,7.0,0,2023.0,8.0,0.0,0,1,2,1,0.0,0.0,0.0,0.0,0,0,36.666666666666664,9.865765724632494,0,1,3,0.0,0.333,0
A-2023-08-110,2023-08-28,08:30,ATROPELLO,1,0,0,LIMA,LIMA,ATE,URBANA,AVENIDA,URBANO,NO CORRESPONDE,-12.06314424,-76.9827365,DESPEJADO,COMERCIAL,INTERSECCIÓN,PLANA ,ASFALTADA,,,,,EN PROCESO DE INVESTIGACIÓN,NO CUENTA CON CAUSA ESPECIFICA,8.0,0,2023.0,8.0,0.0,0,1,2,0,1.0,0.0,0.0,1.0,0,0,55.5,34.64823227814083,0,1,2,0.0,0.5,0
A-2023-08-109,2023-08-28,08:40,ATROPELLO,1,0,0,LIMA,LIMA,SAN MARTIN DE PORRES,URBANA,AVENIDA,URBANO,NO CORRESPONDE,-12.03186558,-77.07592757,DESPEJADO,COMERCIAL,INTERSECCIÓN,PLANA ,ASFALTADA,,,,,EN PROCESO DE INVESTIGACIÓN,NO CUENTA CON CAUSA ESPECIFICA,8.0,0,2023.0,8.0,0.0,0,1,2,0,1.0,0.0,0.0,1.0,0,0,34.0,11.313708498984761,0,0,2,0.0,0.0,0
A-2023-08-128,2023-08-28,13:05,ATROPELLO,1,0,1,UCAYALI,CORONEL PORTILLO,CALLERIA,RURAL,CARRETERA,NACIONAL,PE-18C,-8.396453,-74.597366,DESPEJADO,RURAL,TRAMO RECTO,PLANA ,ASFALTADA,,,,,IMPRUDENCIA DEL PEATÓN,CRUCE INDEBIDO POR LA CALZADA,13.0,0,2023.0,8.0,0.0,0,2,2,2,0.0,0.0,0.0,0.0,0,0,52.5,20.506096654409877,0,1,2,0.0,0.5,0
A-2023-08-144,2023-08-28,14:30,DESPISTE,1,0,1,AYACUCHO,CANGALLO,PARAS,RURAL,CARRETERA,NACIONAL,PE-28A,-13.35824135835442,-74.85072217671166,NUBLADO,RURAL,TRAMO RECTO,PLANA ,ASFALTADA,SI,PREVENTIVA (P),,NO,IMPRUDENCIA DEL CONDUCTOR,CONDUCIR EN ESTADO DE EBRIEDAD Y/O DROGADICCIÓN,14.0,0,2023.0,8.0,0.0,0,2,2,1,0.0,0.0,0.0,0.0,0,1,52.0,0.0,1,1,1,1.0,1.0,0
A-2023-08-148,2023-08-28,14:30,CHOQUE,1,1,2,TACNA,TACNA,POCOLLAY,URBANA,CARRETERA,NACIONAL,PE-40,-17.99221,-70.21711,DESPEJADO,RESIDENCIAL,INTERSECCIÓN,INCLINADA,ASFALTADA,,,,,IMPRUDENCIA DEL CONDUCTOR,GIRAR IMPRUDENTEMENTE,14.0,0,2023.0,8.0,0.0,0,2,2,0,0.0,1.0,0.0,1.0,0,0,39.333333333333336,6.110100926607787,0,2,3,0.0,0.667,0
A-2023-08-65,2023-08-28,19:15,CHOQUE,1,1,2,SAN MARTIN,RIOJA,AWAJUN,RURAL,CARRETERA,NACIONAL,PE-5N,-5.797532,-77.408875,DESPEJADO,RURAL,TRAMO RECTO,PLANA ,ASFALTADA,,,,,IMPERICIA DEL CONDUCTOR,,19.0,0,2023.0,8.0,0.0,0,3,2,2,0.0,0.0,0.0,0.0,0,0,28.666666666666668,2.886751345948129,0,1,3,0.0,0.333,1
A-2023-08-111,2023-08-28,20:50,ATROPELLO FUGA,1,0,0,LIMA,LIMA,SAN MARTIN DE PORRES,URBANA,AVENIDA,URBANO,NO CORRESPONDE,-11.98617786,-77.08302674,DESPEJADO,RESIDENCIAL,INTERSECCIÓN,PLANA ,ASFALTADA,,,,,EN PROCESO DE INVESTIGACIÓN,NO CUENTA CON CAUSA ESPECIFICA,20.0,0,2023.0,8.0,0.0,0,3,2,0,1.0,0.0,0.0,1.0,0,0,40.5,13.435028842544403,0,1,2,0.0,0.5,1
A-2023-08-112,2023-08-28,22:30,CHOQUE,1,1,0,LIMA,LIMA,PACHACAMAC,URBANA,AVENIDA,URBANO,NO CORRESPONDE,-12.12320828,-76.87235478,DESPEJADO,ESCOLAR,INTERSECCIÓN,PLANA ,ASFALTADA,,,,,EN PROCESO DE INVESTIGACIÓN,NO CUENTA CON CAUSA ESPECIFICA,22.0,0,2023.0,8.0,0.0,0,3,2,0,1.0,0.0,0.0,1.0,0,0,49.666666666666664,16.165807537309522,0,2,3,0.0,0.667,1
A-2023-08-62,2023-08-29,01:00,CHOQUE,2,6,1,LA LIBERTAD,PACASMAYO,SAN PEDRO DE LLOC,RURAL,CARRETERA,NACIONAL,PE-1N,-7.511729,-79.403963,DESPEJADO,RURAL,TRAMO RECTO,PLANA ,ASFALTADA,,,,,IMPRUDENCIA DEL CONDUCTOR,FATIGA Y/O CANSANCIO,1.0,1,2023.0,8.0,1.0,0,0,2,0,0.0,0.0,0.0,0.0,0,0,36.44444444444444,19.262081345944367,0,1,10,0.0,0.1,1
A-2023-08-150,2023-08-29,06:00,ATROPELLO FUGA,1,0,0,TACNA,TACNA,TACNA,RURAL,CARRETERA,NACIONAL,PE-1S,-18.108951,-70.320398,DESPEJADO,RURAL,TRAMO RECTO,PLANA ,ASFALTADA,,,,,EN PROCESO DE INVESTIGACIÓN,NO CUENTA CON CAUSA ESPECIFICA,6.0,0,2023.0,8.0,1.0,0,1,2,0,0.0,0.0,0.0,0.0,0,0,85.0,0.0,0,0,2,0.0,0.0,0
A-2023-08-126,2023-08-29,14:20,ATROPELLO,1,0,0,HUANCAVELICA,TAYACAJA,ACOSTAMBO,RURAL,CARRETERA,NACIONAL,PE-3S,-12.375907162588804,-75.0473868606343,DESPEJADO,RURAL,TRAMO RECTO,PLANA ,ASFALTADA,,,,,EN PROCESO DE INVESTIGACIÓN,NO CUENTA CON CAUSA ESPECIFICA,14.0,0,2023.0,8.0,1.0,0,2,2,1,0.0,0.0,0.0,0.0,0,0,72.0,8.48528137423857,0,1,2,0.0,0.5,0
A-2023-08-113,2023-08-29,19:30,ATROPELLO FUGA,1,0,0,LIMA,LIMA,VILLA EL SALVADOR,URBANA,CARRETERA,NACIONAL,PE-1S,-12.19290933,-76.97250582,DESPEJADO,COMERCIAL,CURVA,INCLINADA,ASFALTADA,,,,,EN PROCESO DE INVESTIGACIÓN,NO CUENTA CON CAUSA ESPECIFICA,19.0,0,2023.0,8.0,1.0,0,3,2,0,0.0,1.0,0.0,1.0,0,0,0.0,0.0,0,0,2,0.0,0.0,1
A-2023-08-136,2023-08-30,11:30,ATROPELLO,1,0,1,TACNA,TACNA,TACNA,URBANA,AVENIDA,URBANO,NO CORRESPONDE,-18.000806,-70.260145,DESPEJADO,COMERCIAL,TRAMO RECTO,PLANA ,ASFALTADA,,,,,IMPRUDENCIA DEL PEATÓN,CRUCE INDEBIDO POR LA CALZADA,11.0,0,2023.0,8.0,2.0,0,1,2,0,1.0,0.0,0.0,1.0,0,0,52.5,2.1213203435596424,0,1,2,0.0,0.5,0
A-2023-08-114,2023-08-30,20:07,ATROPELLO,1,0,0,LIMA,LIMA,SAN BORJA,URBANA,AVENIDA,URBANO,NO CORRESPONDE,-12.08751717,-76.99655155,DESPEJADO,COMERCIAL,INTERSECCIÓN,PLANA ,ASFALTADA,,,,,EN PROCESO DE INVESTIGACIÓN,NO CUENTA CON CAUSA ESPECIFICA,20.0,0,2023.0,8.0,2.0,0,3,2,0,1.0,0.0,0.0,1.0,0,0,47.5,31.81980515339464,0,1,2,0.0,0.5,1
A-2023-08-63,2023-08-30,22:30,CHOQUE,1,0,3,LA LIBERTAD,TRUJILLO,MOCHE,URBANA,CARRETERA,NACIONAL,PE-1N,-8.163953,-79.009976,DESPEJADO,RURAL,TRAMO RECTO,PLANA ,ASFALTADA,,,,,EN PROCESO DE INVESTIGACIÓN,NO CUENTA CON CAUSA ESPECIFICA,22.0,0,2023.0,8.0,2.0,0,3,2,0,0.0,0.0,0.0,0.0,0,0,49.666666666666664,18.036999011291577,0,2,3,0.0,0.667,1
A-2023-08-115,2023-08-31,02:30,ATROPELLO,2,1,0,LIMA,LIMA,PUENTE PIEDRA,URBANA,CARRETERA,NACIONAL,PE-1N,-11.866991,-77.072848,DESPEJADO,COMERCIAL,TRAMO RECTO,PLANA ,ASFALTADA,SI,INFORMATIVA (I),,NO,EN PROCESO DE INVESTIGACIÓN,NO CUENTA CON CAUSA ESPECIFICA,2.0,1,2023.0,8.0,3.0,0,0,2,0,0.0,0.0,0.0,0.0,0,1,28.0,0.0,0,1,3,0.0,0.333,1
A-2023-08-48,2023-08-31,03:00,DESPISTE,1,0,1,CUSCO,PAUCARTAMBO,HUANCARANI,RURAL,CARRETERA,SIN CLASIFICAR,SIN CLASIFICAR,-13.507493,-71.694943,DESPEJADO,RURAL,TRAMO RECTO,PLANA ,TROCHA,,,,,IMPRUDENCIA DEL CONDUCTOR,FATIGA Y/O CANSANCIO,3.0,0,2023.0,8.0,3.0,0,0,2,1,0.0,0.0,2.0,2.0,0,0,0.0,0.0,0,0,1,0.0,0.0,1
A-2023-08-84,2023-08-31,04:00,VOLCADURA,1,0,0,PUNO,AZANGARO,ASILLO,RURAL,CARRETERA,NACIONAL,PE-34B,-14.7190732,-70.36096,DESPEJADO,RURAL,TRAMO RECTO,PLANA ,ASFALTADA,,,,,IMPRUDENCIA DEL CONDUCTOR,INVASIÓN DE CARRIL,4.0,0,2023.0,8.0,3.0,0,0,2,1,0.0,0.0,0.0,0.0,0,0,40.0,0.0,0,0,1,0.0,0.0,1
A-2023-08-164,2023-08-31,11:00,DESPISTE,1,5,1,CAJAMARCA,CHOTA,CONCHAN,RURAL,CARRETERA,PROVINCIAL,CA-925,-6.488062,-78.579483,DESPEJADO,RURAL,TRAMO RECTO,INCLINADA,AFIRMADO,,,,,IMPRUDENCIA DEL CONDUCTOR,OTRO (IMPRUDENCIA DEL CONDUCTOR),11.0,0,2023.0,8.0,3.0,0,1,2,1,0.0,1.0,1.0,2.0,0,0,29.666666666666668,5.391351098441527,0,1,6,0.0,0.167,0
A-2023-08-116,2023-08-31,18:30,ATROPELLO FUGA,1,0,0,LIMA,LIMA,COMAS,URBANA,AVENIDA,URBANO,NO CORRESPONDE,-11.9412863,-77.05019059,DESPEJADO,COMERCIAL,TRAMO RECTO,INCLINADA,ASFALTADA,SI,PREVENTIVA (P),,NO,EN PROCESO DE INVESTIGACIÓN,NO CUENTA CON CAUSA ESPECIFICA,18.0,0,2023.0,8.0,3.0,0,3,2,0,1.0,1.0,0.0,2.0,0,1,75.0,0.0,0,0,2,0.0,0.0,1
A-2023-08-66,2023-08-31,19:10,ATROPELLO,1,0,1,SAN MARTIN,RIOJA,ELIAS SOPLIN VARGAS,URBANA,CARRETERA,NACIONAL,PE-5N,-5.992158,-77.278982,DESPEJADO,COMERCIAL,TRAMO RECTO,PLANA ,ASFALTADA,,,,,IMPRUDENCIA DEL PEATÓN,OTRO (IMPRUDENCIA DEL PEATÓN),19.0,0,2023.0,8.0,3.0,0,3,2,2,0.0,0.0,0.0,0.0,0,0,59.0,12.727922061357855,0,1,2,0.0,0.5,1
A-2023-08-117,2023-08-31,23:20,DESPISTE,1,1,0,LIMA,LIMA,CHACLACAYO,URBANA,CARRETERA,NACIONAL,PE-22,-11.981428,-76.794622,DESPEJADO,COMERCIAL,TRAMO RECTO,INCLINADA,ASFALTADA,,,,,EN PROCESO DE INVESTIGACIÓN,NO CUENTA CON CAUSA ESPECIFICA,23.0,0,2023.0,8.0,3.0,0,3,2,0,0.0,1.0,0.0,1.0,0,0,37.666666666666664,27.227437142216182,0,1,3,0.0,0.333,1
A-2023-09-66,2023-09-01,04:00,ATROPELLO FUGA,1,0,0,PUNO,HUANCANE,PUSI,RURAL,CARRETERA,NACIONAL,PE-34H,-15.357848270133491,-70.05109186182491,DESPEJADO,RURAL,TRAMO RECTO,PLANA ,ASFALTADA,,,,,EN PROCESO DE INVESTIGACIÓN,NO CUENTA CON CAUSA ESPECIFICA,4.0,0,2023.0,9.0,4.0,0,0,3,1,0.0,0.0,0.0,0.0,0,0,54.0,0.0,0,0,2,0.0,0.0,1
A-2023-09-14,2023-09-01,05:30,ATROPELLO FUGA,1,0,0,AREQUIPA,AREQUIPA,CERRO COLORADO,URBANA,CARRETERA,DEPARTAMENTAL,AR-123,-16.362204,-71.624628,DESPEJADO,RESIDENCIAL,TRAMO RECTO,INCLINADA,ASFALTADA,,,,,EN PROCESO DE INVESTIGACIÓN,NO CUENTA CON CAUSA ESPECIFICA,5.0,0,2023.0,9.0,4.0,0,0,3,0,0.0,1.0,0.0,1.0,0,0,55.0,0.0,0,0,2,0.0,0.0,1
A-2023-09-150,2023-09-01,13:00,DESPISTE,1,0,1,AYACUCHO,VILCAS HUAMAN,SAURAMA,RURAL,CARRETERA,SIN CLASIFICAR,SIN CLASIFICAR,-13.705622,-73.757363,DESPEJADO,RURAL,SINUOSA,INCLINADA,TROCHA,,,,,IMPRUDENCIA DEL CONDUCTOR,OTRO (IMPRUDENCIA DEL CONDUCTOR),13.0,0,2023.0,9.0,4.0,0,2,3,1,0.0,1.0,2.0,3.0,0,0,61.0,0.0,1,0,1,1.0,0.0,0
A-2023-09-84,2023-09-02,01:45,DESPISTE,1,0,0,LIMA,LIMA,SAN BORJA,URBANA,AVENIDA,URBANO,NO CORRESPONDE,-12.0884082,-77.00519157,DESPEJADO,COMERCIAL,TRAMO RECTO,PLANA ,ASFALTADA,,,,,EN PROCESO DE INVESTIGACIÓN,NO CUENTA CON CAUSA ESPECIFICA,1.0,0,2023.0,9.0,5.0,1,0,3,0,1.0,0.0,0.0,1.0,0,0,30.0,0.0,0,1,1,0.0,1.0,1
A-2023-09-151,2023-09-02,04:30,DESPISTE,1,0,1,CAJAMARCA,CAJAMARCA,CAJAMARCA,URBANA,CARRETERA,PROVINCIAL,CA-1107,-7.1456624,-78.4917039,DESPEJADO,RESIDENCIAL,CURVA,PLANA ,ASFALTADA,,,,,IMPRUDENCIA DEL CONDUCTOR,CONDUCIR EN ESTADO DE EBRIEDAD Y/O DROGADICCIÓN,4.0,0,2023.0,9.0,5.0,1,0,3,1,0.0,0.0,0.0,0.0,0,0,33.0,0.0,1,0,1,1.0,0.0,1
A-2023-09-10,2023-09-02,06:15,CHOQUE,2,0,2,CUSCO,CUSCO,SAN SEBASTIAN,URBANA,CARRETERA,NACIONAL,PE-28G,-13.487310542325693,-71.9180115647935,DESPEJADO,COMERCIAL,TRAMO RECTO,INCLINADA,ASFALTADA,NO,,,SI,IMPRUDENCIA DEL CONDUCTOR,FATIGA Y/O CANSANCIO,6.0,1,2023.0,9.0,5.0,1,1,3,1,0.0,1.0,0.0,1.0,0,1,43.666666666666664,11.590225767142472,0,1,3,0.0,0.333,0
A-2023-09-153,2023-09-02,06:30,DESPISTE,1,1,1,CAJAMARCA,CUTERVO,QUEROCOTILLO,RURAL,CARRETERA,PROVINCIAL,CA-826,-6.239888,-79.051608,DESPEJADO,RURAL,CURVA,INCLINADA,AFIRMADO,,,,,IMPERICIA DEL CONDUCTOR,,6.0,0,2023.0,9.0,5.0,1,1,3,1,0.0,1.0,1.0,2.0,0,0,38.5,31.81980515339464,0,0,2,0.0,0.0,0
A-2023-09-21,2023-09-02,08:00,DESPISTE,1,0,0,PUNO,EL COLLAO,CAPAZO,RURAL,CARRETERA,NACIONAL,PE-38,-17.20364587525543,-69.76388548947651,DESPEJADO,RURAL,TRAMO RECTO,PLANA ,ASFALTADA,,,,,IMPRUDENCIA DEL CONDUCTOR,EXCESO DE VELOCIDAD,8.0,0,2023.0,9.0,5.0,1,1,3,1,0.0,0.0,0.0,0.0,0,0,40.0,0.0,0,1,2,0.0,0.5,0
A-2023-09-64,2023-09-02,18:45,CHOQUE,1,0,0,PUNO,AZANGARO,MUÑANI,RURAL,CARRETERA,DEPARTAMENTAL,PU-111,-14.7467192421496,-69.9384659719067,DESPEJADO,RURAL,TRAMO RECTO,PLANA ,ASFALTADA,,,,,IMPRUDENCIA DEL CONDUCTOR,INVASIÓN DE CARRIL,18.0,0,2023.0,9.0,5.0,1,3,3,1,0.0,0.0,0.0,0.0,0,0,43.5,19.091883092036785,0,1,2,0.0,0.5,1