CODIGO_SINIESTRO,FECHA_SINIESTRO,HORA_SINIESTRO,CLASE_SINIESTRO,CANTIDAD_FALLECIDOS,CANTIDAD_LESIONADOS,CANTIDAD_VEHICULOS,DEPARTAMENTO,PROVINCIA,DISTRITO,ZONA,TIPO_VIA,RED_VIAL,COD_CARRETERA,LATITUD,LONGITUD,CONDICION_CLIMATICA,ZONIFICACION,CARACTERISTICAS_VIA,PERFIL_VIA,SUPERFICIE_CALZADA,EXISTE_SENIAL_VERTICAL,CLASIFICACION_SENIAL_VERTICAL_1,CLASIFICACION_SENIAL_VERTICAL_2,EXISTE_SENIAL_HORIZONTAL,CAUSA_FACTOR_PRINCIPAL,CAUSA_ESPECIFICA,HORA,severidad,ANIO,MES,DIA_SEMANA,FIN_SEMANA,FRANJA_HORARIA,TEMPORADA,MACROREGION,TIPO_VIA_SCORE,PERFIL_VIA_SCORE,SUPERFICIE_CALZADA_SCORE,RIESGO_INFRAESTRUCTURA,RIESGO_CLIMATICO,SENIALIZACION_DEFICIENTE,EDAD_PROMEDIO,EDAD_STD,TOTAL_ALCOHOL,TOTAL_LICENCIA,TOTAL_PERSONAS,PCT_ALCOHOL,PCT_LICENCIA,ES_NOCHE
A-2023-09-8,2023-09-02,19:30,CHOQUE,1,0,0,PUNO,EL COLLAO,ILAVE,RURAL,CARRETERA,NACIONAL,PE-3S,-16.096086,-69.620287,DESPEJADO,RURAL,TRAMO RECTO,PLANA ,ASFALTADA,,,,,IMPRUDENCIA DEL CONDUCTOR,OTRO (IMPRUDENCIA DEL CONDUCTOR),19.0,0,2023.0,9.0,5.0,1,3,3,1,0.0,0.0,0.0,0.0,0,0,39.5,21.920310216782973,0,1,2,0.0,0.5,1
A-2023-09-85,2023-09-02,20:56,ATROPELLO,1,0,0,LIMA,LIMA,CARABAYLLO,URBANA,AVENIDA,URBANO,NO CORRESPONDE,-11.8645445,-77.01586153,DESPEJADO,RESIDENCIAL,INTERSECCIÓN,PLANA ,ASFALTADA,,,,,EN PROCESO DE INVESTIGACIÓN,NO CUENTA CON CAUSA ESPECIFICA,20.0,0,2023.0,9.0,5.0,1,3,3,0,1.0,0.0,0.0,1.0,0,0,42.0,0.0,0,1,2,0.0,0.5,1
A-2023-09-58,2023-09-02,22:48,ATROPELLO,1,0,1,CUSCO,ANTA,ANCAHUASI,RURAL,CARRETERA,NACIONAL,PE-3S,-13.468504,-72.283308,DESPEJADO,RURAL,TRAMO RECTO,PLANA ,ASFALTADA,,,,,IMPRUDENCIA DEL PEATÓN,CRUCE INDEBIDO POR LA CALZADA,22.0,0,2023.0,9.0,5.0,1,3,3,1,0.0,0.0,0.0,0.0,0,0,29.0,19.79898987322333,0,1,2,0.0,0.5,1
A-2023-09-118,2023-09-02,23:00,DESPISTE,1,0,0,PUNO,SAN ANTONIO DE PUTINA,SINA,RURAL,CARRETERA,DEPARTAMENTAL,PU-109,-14.498504,-69.281092,DESPEJADO,RURAL,CURVA,PLANA ,TROCHA,,,,,IMPRUDENCIA DEL CONDUCTOR,FATIGA Y/O CANSANCIO,23.0,0,2023.0,9.0,5.0,1,3,3,1,0.0,0.0,2.0,2.0,0,0,50.0,0.0,1,1,1,1.0,1.0,1
A-2023-09-15,2023-09-03,08:00,ATROPELLO,1,0,0,AREQUIPA,AREQUIPA,CERRO COLORADO,URBANA,CALLE,URBANO,NO CORRESPONDE,-16.331323,-71.590875,SOLEADO,RESIDENCIAL,TRAMO RECTO,PLANA ,ASFALTADA,NO,,,SI,EN PROCESO DE INVESTIGACIÓN,NO CUENTA CON CAUSA ESPECIFICA,8.0,0,2023.0,9.0,6.0,1,1,3,0,2.0,0.0,0.0,2.0,0,1,57.0,36.76955262170047,0,1,2,0.0,0.5,0
A-2023-09-1,2023-09-03,14:30,CHOQUE FUGA,1,1,1,ANCASH,YUNGAY,MANCOS,RURAL,CARRETERA,NACIONAL,PE-3N,-9.2086436,-77.6912474,DESPEJADO,RURAL,CURVA,PLANA ,ASFALTADA,SI,PREVENTIVA (P),,SI,EN PROCESO DE INVESTIGACIÓN,NO CUENTA CON CAUSA ESPECIFICA,14.0,0,2023.0,9.0,6.0,1,2,3,0,0.0,0.0,0.0,0.0,0,0,34.0,2.8284271247461903,0,1,3,0.0,0.333,0
A-2023-09-59,2023-09-03,20:00,DESPISTE,2,0,1,LA LIBERTAD,BOLIVAR,BOLIVAR,RURAL,CARRETERA,SIN CLASIFICAR,SIN CLASIFICAR,-7.160296646886007,-77.69923457189383,DESPEJADO,RURAL,TRAMO RECTO,PLANA ,TROCHA,,,,,EN PROCESO DE INVESTIGACIÓN,NO CUENTA CON CAUSA ESPECIFICA,20.0,1,2023.0,9.0,6.0,1,3,3,0,0.0,0.0,2.0,2.0,0,0,45.0,14.142135623730951,0,0,2,0.0,0.0,1
A-2023-09-90,2023-09-03,21:30,DESPISTE,1,0,1,PIURA,PIURA,CASTILLA,RURAL,CALLE,URBANO,NO CORRESPONDE,-5.193018,-80.6073,DESPEJADO,RURAL,TRAMO RECTO,PLANA ,TROCHA,,,,,IMPRUDENCIA DEL CONDUCTOR,OTRO (IMPRUDENCIA DEL CONDUCTOR),21.0,0,2023.0,9.0,6.0,1,3,3,0,2.0,0.0,2.0,4.0,0,0,40.0,0.0,1,0,2,0.5,0.0,1
A-2023-09-60,2023-09-03,22:00,CHOQUE,1,0,2,LA LIBERTAD,SANTIAGO DE CHUCO,SANTIAGO DE CHUCO,URBANA,CALLE,URBANO,NO CORRESPONDE,-8.145349,-78.1717949,DESPEJADO,COMERCIAL,TRAMO RECTO,PLANA ,ASFALTADA,,,,,EN PROCESO DE INVESTIGACIÓN,NO CUENTA CON CAUSA ESPECIFICA,22.0,0,2023.0,9.0,6.0,1,3,3,0,2.0,0.0,0.0,2.0,0,0,36.5,10.606601717798213,0,1,2,0.0,0.5,1
A-2023-09-57,2023-09-03,22:30,CHOQUE,1,0,2,LA LIBERTAD,TRUJILLO,VICTOR LARCO HERRERA,URBANA,CARRETERA,NACIONAL,PE-1N,-8.1466663,-79.0302184,DESPEJADO,COMERCIAL,TRAMO RECTO,PLANA ,ASFALTADA,,,,,EN PROCESO DE INVESTIGACIÓN,NO CUENTA CON CAUSA ESPECIFICA,22.0,0,2023.0,9.0,6.0,1,3,3,0,0.0,0.0,0.0,0.0,0,0,41.5,9.192388155425117,0,1,2,0.0,0.5,1
A-2023-09-62,2023-09-04,07:40,ATROPELLO,1,0,0,PUNO,SAN ROMAN,JULIACA,URBANA,AVENIDA,URBANO,NO CORRESPONDE,-15.482187285737623,-70.12115114504586,DESPEJADO,RESIDENCIAL,INTERSECCIÓN,PLANA ,ASFALTADA,,,,,IMPRUDENCIA DEL PEATÓN,CRUCE INDEBIDO POR LA CALZADA,7.0,0,2023.0,9.0,0.0,0,1,3,1,1.0,0.0,0.0,1.0,0,0,55.5,30.405591591021544,0,1,2,0.0,0.5,0
A-2023-09-61,2023-09-04,15:20,ATROPELLO,1,0,1,LA LIBERTAD,SANCHEZ CARRION,HUAMACHUCO,URBANA,PASAJE,URBANO,NO CORRESPONDE,-7.821764251921266,-78.03807443047148,DESPEJADO,RURAL,INTERSECCIÓN,PLANA ,ASFALTADA,,,,,IMPRUDENCIA DEL CONDUCTOR,OTRO (IMPRUDENCIA DEL CONDUCTOR),15.0,0,2023.0,9.0,0.0,0,2,3,0,1.0,0.0,0.0,1.0,0,0,21.0,22.627416997969522,0,1,2,0.0,0.5,0
A-2023-09-2,2023-09-04,20:00,CHOQUE,1,0,2,ICA,NASCA,EL INGENIO,URBANA,CARRETERA,NACIONAL,PE-1S,-14.702352133349349,-75.105315495226,DESPEJADO,RURAL,TRAMO RECTO,PLANA ,ASFALTADA,,,,,EN PROCESO DE INVESTIGACIÓN,NO CUENTA CON CAUSA ESPECIFICA,20.0,0,2023.0,9.0,0.0,0,3,3,0,0.0,0.0,0.0,0.0,0,0,64.0,7.0710678118654755,1,1,2,0.5,0.5,1
A-2023-09-91,2023-09-04,20:50,ATROPELLO,1,0,0,PIURA,PIURA,VEINTISEIS DE OCTUBRE,RURAL,CARRETERA,NACIONAL,PE-1N,-5.153668,-80.695158,DESPEJADO,RURAL,TRAMO RECTO,PLANA ,ASFALTADA,,,,,EN PROCESO DE INVESTIGACIÓN,NO CUENTA CON CAUSA ESPECIFICA,20.0,0,2023.0,9.0,0.0,0,3,3,0,0.0,0.0,0.0,0.0,0,0,32.5,6.363961030678928,1,1,2,0.5,0.5,1
A-2023-09-34,2023-09-05,05:00,DESPISTE,1,0,1,APURIMAC,AYMARAES,LUCRE,RURAL,CARRETERA,DEPARTAMENTAL,AP-107,-13.916403,-73.241813,LLUVIOSO,RURAL,CURVA,PLANA ,ASFALTADA,,,,,IMPRUDENCIA DEL CONDUCTOR,EXCESO DE VELOCIDAD,5.0,0,2023.0,9.0,1.0,0,0,3,1,0.0,0.0,0.0,0.0,1,0,20.0,0.0,0,0,1,0.0,0.0,1
A-2023-09-16,2023-09-05,08:15,ATROPELLO,1,1,0,AREQUIPA,AREQUIPA,PAUCARPATA,URBANA,CALLE,URBANO,NO CORRESPONDE,-16.40645,-71.478831,DESPEJADO,RESIDENCIAL,TRAMO RECTO,PLANA ,ASFALTADA,,,,,EN PROCESO DE INVESTIGACIÓN,NO CUENTA CON CAUSA ESPECIFICA,8.0,0,2023.0,9.0,1.0,0,1,3,0,2.0,0.0,0.0,2.0,0,0,28.5,10.606601717798213,0,1,2,0.0,0.5,0
A-2023-09-152,2023-09-05,11:30,INCENDIO,1,8,1,CAJAMARCA,CELENDIN,CELENDIN,,CARRETERA,PROVINCIAL,CA-1000,-6.875006447,-78.17478259,DESPEJADO,RESIDENCIAL,CURVA,INCLINADA,AFIRMADO,,,,,EN PROCESO DE INVESTIGACIÓN,NO CUENTA CON CAUSA ESPECIFICA,11.0,0,2023.0,9.0,1.0,0,1,3,1,0.0,1.0,1.0,2.0,0,0,25.88888888888889,13.166666666666666,0,1,9,0.0,0.111,0
A-2023-09-92,2023-09-05,19:10,DESPISTE,1,0,0,PIURA,SECHURA,BELLAVISTA DE LA UNION,RURAL,CARRETERA,PROVINCIAL,PI-1040,-5.438252,-80.737267,DESPEJADO,RURAL,TRAMO RECTO,PLANA ,AFIRMADO,,,,,EN PROCESO DE INVESTIGACIÓN,NO CUENTA CON CAUSA ESPECIFICA,19.0,0,2023.0,9.0,1.0,0,3,3,0,0.0,0.0,1.0,1.0,0,0,38.0,0.0,0,1,1,0.0,1.0,1
A-2023-09-3,2023-09-05,20:30,ATROPELLO FUGA,1,0,0,ICA,ICA,SALAS,URBANA,CARRETERA,NACIONAL,PE-1S,-13.916091380116908,-76.00936130489674,DESPEJADO,COMERCIAL,TRAMO RECTO,PLANA ,ASFALTADA,,,,,EN PROCESO DE INVESTIGACIÓN,NO CUENTA CON CAUSA ESPECIFICA,20.0,0,2023.0,9.0,1.0,0,3,3,0,0.0,0.0,0.0,0.0,0,0,29.0,0.0,0,0,2,0.0,0.0,1
A-2023-09-154,2023-09-06,05:40,CHOQUE,1,2,1,CAJAMARCA,JAEN,BELLAVISTA,RURAL,CARRETERA,NACIONAL,PE-5N,-5.780258437,-78.70606548,DESPEJADO,RURAL,TRAMO RECTO,INCLINADA,ASFALTADA,SI,PREVENTIVA (P),,SI,IMPRUDENCIA DEL CONDUCTOR,EXCESO DE VELOCIDAD,5.0,0,2023.0,9.0,2.0,0,0,3,1,0.0,1.0,0.0,1.0,0,0,37.0,17.578395831246947,0,0,3,0.0,0.0,1
A-2023-09-63,2023-09-06,17:10,DESPISTE,1,0,1,LA LIBERTAD,ASCOPE,CHOCOPE,RURAL,CARRETERA,DEPARTAMENTAL,LI-102,-7.795505,-79.219141,DESPEJADO,RURAL,TRAMO RECTO,PLANA ,ASFALTADA,,,,,IMPRUDENCIA DEL CONDUCTOR,CONDUCIR EN ESTADO DE EBRIEDAD Y/O DROGADICCIÓN,17.0,0,2023.0,9.0,2.0,0,2,3,0,0.0,0.0,0.0,0.0,0,0,43.0,0.0,0,0,1,0.0,0.0,0
A-2023-09-17,2023-09-07,12:20,ATROPELLO FUGA,1,0,0,AREQUIPA,AREQUIPA,AREQUIPA,URBANA,AVENIDA,URBANO,NO CORRESPONDE,-16.41013373,-71.5510387,DESPEJADO,INDUSTRIAL,TRAMO RECTO,INCLINADA,ASFALTADA,,,,,EN PROCESO DE INVESTIGACIÓN,NO CUENTA CON CAUSA ESPECIFICA,12.0,0,2023.0,9.0,3.0,0,2,3,0,1.0,1.0,0.0,2.0,0,0,66.0,0.0,0,1,2,0.0,0.5,0
A-2023-09-106,2023-09-07,16:20,DESPISTE,1,1,0,JUNIN,JAUJA,JULCAN,RURAL,CARRETERA,SIN CLASIFICAR,SIN CLASIFICAR,-11.74488,-75.41777,SOLEADO,RURAL,TRAMO RECTO,INCLINADA,TROCHA,,,,,IMPRUDENCIA DEL CONDUCTOR,OTRO (IMPRUDENCIA DEL CONDUCTOR),16.0,0,2023.0,9.0,3.0,0,2,3,1,0.0,1.0,2.0,3.0,0,0,48.333333333333336,12.741009902410928,0,1,3,0.0,0.333,0
A-2023-09-113,2023-09-08,06:30,ESPECIAL,1,0,0,JUNIN,HUANCAYO,INGENIO,RURAL,CARRETERA,SIN CLASIFICAR,SIN CLASIFICAR,-11.923284,-75.273948,DESPEJADO,RURAL,OTRO,INCLINADA,TROCHA,,,,,IMPRUDENCIA DEL CONDUCTOR,CONDUCIR EN ESTADO DE EBRIEDAD Y/O DROGADICCIÓN,6.0,0,2023.0,9.0,4.0,0,1,3,1,0.0,1.0,2.0,3.0,0,0,35.0,0.0,0,0,1,0.0,0.0,0
A-2023-09-120,2023-09-08,11:00,CHOQUE,1,0,0,LIMA,LIMA,SAN MARTIN DE PORRES,URBANA,AVENIDA,URBANO,NO CORRESPONDE,-12.03111589,-77.08406933,DESPEJADO,RESIDENCIAL,TRAMO RECTO,PLANA ,ASFALTADA,,,,,EN PROCESO DE INVESTIGACIÓN,NO CUENTA CON CAUSA ESPECIFICA,11.0,0,2023.0,9.0,4.0,0,1,3,0,1.0,0.0,0.0,1.0,0,0,44.0,4.242640687119285,0,1,2,0.0,0.5,0
A-2023-09-105,2023-09-08,14:40,CHOQUE,6,14,0,JUNIN,TARMA,SAN PEDRO DE CAJAS,RURAL,CARRETERA,NACIONAL,PE-3N,-11.295471036196531,-75.9110748227024,DESPEJADO,RURAL,CURVA,INCLINADA,ASFALTADA,,,,,IMPRUDENCIA DEL CONDUCTOR,ADELANTAR INDEBIDAMENTE,14.0,2,2023.0,9.0,4.0,0,2,3,1,0.0,1.0,0.0,1.0,0,0,41.476190476190474,17.820266686048914,0,0,21,0.0,0.0,0
A-2023-09-5,2023-09-08,15:20,ATROPELLO,1,0,1,ICA,NASCA,NASCA,URBANA,CARRETERA,NACIONAL,PE-1S,-14.83116,-74.943432,DESPEJADO,COMERCIAL,TRAMO RECTO,PLANA ,ASFALTADA,,,,,EN PROCESO DE INVESTIGACIÓN,NO CUENTA CON CAUSA ESPECIFICA,15.0,0,2023.0,9.0,4.0,0,2,3,0,0.0,0.0,0.0,0.0,0,0,54.0,8.48528137423857,0,0,2,0.0,0.0,0
A-2023-09-49,2023-09-08,17:00,CHOQUE,1,0,2,CUSCO,URUBAMBA,URUBAMBA,URBANA,CARRETERA,NACIONAL,PE-28B,-13.31145,-72.10592,DESPEJADO,RURAL,TRAMO RECTO,PLANA ,ASFALTADA,SI,PREVENTIVA (P),,SI,IMPRUDENCIA DEL CONDUCTOR,FATIGA Y/O CANSANCIO,17.0,0,2023.0,9.0,4.0,0,2,3,1,0.0,0.0,0.0,0.0,0,0,55.5,14.849242404917497,0,1,2,0.0,0.5,0
A-2023-09-121,2023-09-08,18:00,CHOQUE,1,0,0,LIMA,LIMA,VILLA EL SALVADOR,URBANA,AVENIDA,URBANO,NO CORRESPONDE,-12.21545873,-76.92889863,DESPEJADO,RESIDENCIAL,INTERSECCIÓN,PLANA ,ASFALTADA,,,,,IMPRUDENCIA DEL CONDUCTOR,OTRO (IMPRUDENCIA DEL CONDUCTOR),18.0,0,2023.0,9.0,4.0,0,3,3,0,1.0,0.0,0.0,1.0,0,0,35.5,26.16295090390226,0,0,2,0.0,0.0,1
A-2023-09-122,2023-09-08,23:50,ATROPELLO,1,0,0,LIMA,LIMA,MIRAFLORES,URBANA,AVENIDA,URBANO,NO CORRESPONDE,-12.12627945,-77.01810026,DESPEJADO,COMERCIAL,INTERSECCIÓN,PLANA ,ASFALTADA,NO,,,NO,IMPRUDENCIA DEL PEATÓN,OTRO (IMPRUDENCIA DEL PEATÓN),23.0,0,2023.0,9.0,4.0,0,3,3,0,1.0,0.0,0.0,1.0,0,2,71.0,0.0,0,1,2,0.0,0.5,1
A-2023-09-31,2023-09-09,02:30,ESPECIAL,1,1,1,CUSCO,URUBAMBA,OLLANTAYTAMBO,RURAL,CARRETERA,PROVINCIAL,CU-917,-13.218509,-72.354399,DESPEJADO,RURAL,CURVA,INCLINADA,TROCHA,,,,,INFRAESTRUCTURA Y ENTORNO VIAL,OTRO (INFRAESTRUCTURA Y ENTORNO VIAL),2.0,0,2023.0,9.0,5.0,1,0,3,1,0.0,1.0,2.0,3.0,0,0,40.0,1.4142135623730951,0,1,2,0.0,0.5,1
A-2023-09-22,2023-09-09,03:10,DESPISTE,3,2,0,AREQUIPA,CAYLLOMA,SAN ANTONIO DE CHUCA,RURAL,CARRETERA,NACIONAL,PE-34J,-15.734174,-71.031393,DESPEJADO,RURAL,TRAMO RECTO,PLANA ,ASFALTADA,,,,,EN PROCESO DE INVESTIGACIÓN,NO CUENTA CON CAUSA ESPECIFICA,3.0,2,2023.0,9.0,5.0,1,0,3,0,0.0,0.0,0.0,0.0,0,0,40.75,8.80814017448254,0,1,5,0.0,0.2,1
A-2023-09-124,2023-09-09,06:30,CHOQUE,1,0,0,LIMA,LIMA,SAN JUAN DE MIRAFLORES,URBANA,CARRETERA,NACIONAL,PE-1S,-12.18818944,-76.97369258,DESPEJADO,RESIDENCIAL,TRAMO RECTO,PLANA ,ASFALTADA,,,,,IMPRUDENCIA DEL CONDUCTOR,OTRO (IMPRUDENCIA DEL CONDUCTOR),6.0,0,2023.0,9.0,5.0,1,1,3,0,0.0,0.0,0.0,0.0,0,0,47.0,16.97056274847714,0,2,2,0.0,1.0,0
A-2023-09-155,2023-09-09,10:30,ATROPELLO,1,0,1,CAJAMARCA,CAJABAMBA,SITACOCHA,URBANA,CARRETERA,SIN CLASIFICAR,SIN CLASIFICAR,-7.516598,-77.969934,DESPEJADO,COMERCIAL,TRAMO RECTO,INCLINADA,CASCAJO/RIPIO,,,,,IMPRUDENCIA DEL CONDUCTOR,EXCESO DE VELOCIDAD,10.0,0,2023.0,9.0,5.0,1,1,3,1,0.0,1.0,1.0,2.0,0,0,51.0,38.18376618407357,0,0,2,0.0,0.0,0
A-2023-09-179,2023-09-09,17:40,CHOQUE,1,0,0,ICA,NAZCA,VISTA ALEGRE,URBANA,CARRETERA,NACIONAL,PE-3N,-9.159621878,-77.73346021,DESPEJADO,RURAL,TRAMO RECTO,PLANA ,AFIRMADO,,,,,IMPERICIA DEL CONDUCTOR,,17.0,0,2023.0,9.0,5.0,1,2,3,0,0.0,0.0,1.0,1.0,0,0,39.5,9.192388155425117,0,0,2,0.0,0.0,0
A-2023-09-69,2023-09-09,18:40,ATROPELLO FUGA,1,0,0,PUNO,AZANGARO,SAMAN,RURAL,AVENIDA,URBANO,NO CORRESPONDE,-15.2962592,-70.0206447,DESPEJADO,RURAL,TRAMO RECTO,PLANA ,ASFALTADA,,,,,EN PROCESO DE INVESTIGACIÓN,NO CUENTA CON CAUSA ESPECIFICA,18.0,0,2023.0,9.0,5.0,1,3,3,1,1.0,0.0,0.0,1.0,0,0,20.0,0.0,0,0,2,0.0,0.0,1
A-2023-09-107,2023-09-09,19:30,CHOQUE,1,2,0,JUNIN,JUNIN,JUNIN,RURAL,CARRETERA,NACIONAL,PE-3N,-11.0874824,-75.9970533,DESPEJADO,RURAL,TRAMO RECTO,PLANA ,ASFALTADA,NO,,,SI,IMPRUDENCIA DEL CONDUCTOR,OTRO (IMPRUDENCIA DEL CONDUCTOR),19.0,0,2023.0,9.0,5.0,1,3,3,1,0.0,0.0,0.0,0.0,0,1,61.666666666666664,9.29157324317757,0,2,3,0.0,0.667,1
A-2023-09-93,2023-09-10,10:30,CHOQUE,1,1,0,PIURA,PIURA,CATACAOS,RURAL,CARRETERA,PROVINCIAL,PI-1023,-5.317156,-80.664956,DESPEJADO,RURAL,TRAMO RECTO,PLANA ,ASFALTADA,,,,,EN PROCESO DE INVESTIGACIÓN,NO CUENTA CON CAUSA ESPECIFICA,10.0,0,2023.0,9.0,6.0,1,1,3,0,0.0,0.0,0.0,0.0,0,0,16.0,3.605551275463989,0,1,3,0.0,0.333,0
A-2023-09-7,2023-09-10,10:45,DESPISTE,1,4,1,AMAZONAS,LUYA,SANTA CATALINA,URBANA,CARRETERA,SIN CLASIFICAR,SIN CLASIFICAR,-6.078438,-78.126134,DESPEJADO,RURAL,CURVA,INCLINADA,TROCHA,,,,,EN PROCESO DE INVESTIGACIÓN,NO CUENTA CON CAUSA ESPECIFICA,10.0,0,2023.0,9.0,6.0,1,1,3,2,0.0,1.0,2.0,3.0,0,0,41.4,27.42808779335519,0,1,5,0.0,0.2,0
A-2023-09-65,2023-09-10,13:40,ATROPELLO FUGA,1,0,0,LA LIBERTAD,VIRU,VIRU,RURAL,CARRETERA,NACIONAL,PE-1N,-8.40655,-78.822965,DESPEJADO,RURAL,TRAMO RECTO,PLANA ,ASFALTADA,,,,,EN PROCESO DE INVESTIGACIÓN,NO CUENTA CON CAUSA ESPECIFICA,13.0,0,2023.0,9.0,6.0,1,2,3,0,0.0,0.0,0.0,0.0,0,0,72.0,0.0,0,0,2,0.0,0.0,0
A-2023-09-67,2023-09-10,14:00,DESPISTE,1,0,1,LA LIBERTAD,CHEPEN,PACANGA,RURAL,CARRETERA,PROVINCIAL,LI-524,-7.1538183828558175,-79.38419858413377,DESPEJADO,COMERCIAL,TRAMO RECTO,PLANA ,ASFALTADA,,,,,IMPRUDENCIA DEL CONDUCTOR,CONDUCIR EN ESTADO DE EBRIEDAD Y/O DROGADICCIÓN,14.0,0,2023.0,9.0,6.0,1,2,3,0,0.0,0.0,0.0,0.0,0,0,65.0,1.4142135623730951,0,0,2,0.0,0.0,0
A-2023-09-125,2023-09-10,18:20,ATROPELLO,1,0,0,LIMA,LIMA,BREÑA,URBANA,JIRÓN,URBANO,NO CORRESPONDE,-12.05928678,-77.04611754,DESPEJADO,COMERCIAL,TRAMO RECTO,PLANA ,ASFALTADA,,,,,IMPRUDENCIA DEL CONDUCTOR,OTRO (IMPRUDENCIA DEL CONDUCTOR),18.0,0,2023.0,9.0,6.0,1,3,3,0,1.0,0.0,0.0,1.0,0,0,38.0,0.0,0,1,2,0.0,0.5,1
A-2023-09-123,2023-09-11,03:40,ATROPELLO,2,0,0,LIMA,LIMA,PUENTE PIEDRA,URBANA,CARRETERA,NACIONAL,PE-1N,-11.85076964,-77.0919663,DESPEJADO,COMERCIAL,TRAMO RECTO,PLANA ,ASFALTADA,,,,,IMPRUDENCIA DEL CONDUCTOR,OTRO (IMPRUDENCIA DEL CONDUCTOR),3.0,1,2023.0,9.0,0.0,0,0,3,0,0.0,0.0,0.0,0.0,0,0,39.0,0.0,0,1,3,0.0,0.333,1
A-2023-09-53,2023-09-11,04:30,CHOQUE,1,1,2,CUSCO,QUISPICANCHI,OCONGATE,RURAL,CARRETERA,NACIONAL,PE-30C,-13.66012,-71.42599,DESPEJADO,RURAL,CURVA,INCLINADA,ASFALTADA,SI,PREVENTIVA (P),REGULADORA (R),SI,IMPRUDENCIA DEL CONDUCTOR,INVASIÓN DE CARRIL,4.0,0,2023.0,9.0,0.0,0,0,3,1,0.0,1.0,0.0,1.0,0,0,15.5,4.949747468305833,0,1,3,0.0,0.333,1
A-2023-09-11,2023-09-12,05:50,ATROPELLO,1,1,1,AMAZONAS,RODRIGUEZ DE MENDOZA,SAN NICOLAS,URBANA,AVENIDA,URBANO,NO CORRESPONDE,-6.391068,-77.497284,DESPEJADO,INDUSTRIAL,TRAMO RECTO,INCLINADA,CONCRETO,SI,PREVENTIVA (P),,SI,EN PROCESO DE INVESTIGACIÓN,NO CUENTA CON CAUSA ESPECIFICA,5.0,0,2023.0,9.0,1.0,0,0,3,2,1.0,1.0,0.0,2.0,0,0,45.0,21.213203435596427,0,1,2,0.0,0.5,1
A-2023-09-115,2023-09-12,11:00,DESPISTE,2,35,1,AYACUCHO,HUAMANGA,VINCHOS,RURAL,CARRETERA,NACIONAL,PE-28A,-13.281071,-74.307477,DESPEJADO,RURAL,CURVA,INCLINADA,ASFALTADA,SI,PREVENTIVA (P),PREVENTIVA (P),NO,IMPRUDENCIA DEL CONDUCTOR,EXCESO DE VELOCIDAD,11.0,1,2023.0,9.0,1.0,0,1,3,1,0.0,1.0,0.0,1.0,0,1,46.4054054054054,19.293723014176077,0,1,37,0.0,0.027,0
A-2023-09-42,2023-09-12,21:10,CHOQUE,10,7,0,AREQUIPA,AREQUIPA,VITOR,RURAL,CARRETERA,NACIONAL,PE-1S,-16.466055,-71.954075,DESPEJADO,RESIDENCIAL,CURVA,INCLINADA,ASFALTADA,,,,,EN PROCESO DE INVESTIGACIÓN,NO CUENTA CON CAUSA ESPECIFICA,21.0,2,2023.0,9.0,1.0,0,3,3,0,0.0,1.0,0.0,1.0,0,0,33.411764705882355,13.825062493210526,1,2,17,0.059,0.118,1
A-2023-09-126,2023-09-13,00:30,ATROPELLO,1,0,0,LIMA,LIMA,RIMAC,URBANA,CARRETERA,NACIONAL,PE-1N,-12.04306636,-77.02281888,DESPEJADO,COMERCIAL,TRAMO RECTO,PLANA ,ASFALTADA,,,,,EN PROCESO DE INVESTIGACIÓN,NO CUENTA CON CAUSA ESPECIFICA,0.0,0,2023.0,9.0,2.0,0,0,3,0,0.0,0.0,0.0,0.0,0,0,26.0,0.0,0,1,2,0.0,0.5,1
A-2023-09-18,2023-09-13,06:30,DESPISTE,1,0,0,AREQUIPA,AREQUIPA,UCHUMAYO,RURAL,CARRETERA,NACIONAL,PE-34A,-16.420045,-71.646365,DESPEJADO,RURAL,CURVA,INCLINADA,ASFALTADA,SI,PREVENTIVA (P),,SI,EN PROCESO DE INVESTIGACIÓN,NO CUENTA CON CAUSA ESPECIFICA,6.0,0,2023.0,9.0,2.0,0,1,3,0,0.0,1.0,0.0,1.0,0,0,65.0,0.0,0,0,1,0.0,0.0,0
A-2023-09-4,2023-09-13,07:30,CHOQUE,1,7,2,LIMA,HUAURA,HUACHO,RURAL,CARRETERA,PROVINCIAL,LM-659,-11.191867685043611,-77.48083449283679,LLUVIOSO,RURAL,CURVA,INCLINADA,ASFALTADA,,,,,IMPRUDENCIA DEL CONDUCTOR,INVASIÓN DE CARRIL,7.0,0,2023.0,9.0,2.0,0,1,3,0,0.0,1.0,0.0,1.0,1,0,28.22222222222222,14.998148033822192,0,2,9,0.0,0.222,0
A-2023-09-29,2023-09-13,20:00,VOLCADURA,1,0,1,CUSCO,CHUMBIVILCAS,SANTO TOMAS,URBANA,CALLE,URBANO,NO CORRESPONDE,-14.450285,-72.083568,DESPEJADO,RESIDENCIAL,INTERSECCIÓN,PLANA ,ASFALTADA,SI,PREVENTIVA (P),,SI,IMPRUDENCIA DEL CONDUCTOR,CONDUCIR EN ESTADO DE EBRIEDAD Y/O DROGADICCIÓN,20.0,0,2023.0,9.0,2.0,0,3,3,1,2.0,0.0,0.0,2.0,0,0,31.5,30.405591591021544,0,0,2,0.0,0.0,1