CODIGO_SINIESTRO,FECHA_SINIESTRO,HORA_SINIESTRO,CLASE_SINIESTRO,CANTIDAD_FALLECIDOS,CANTIDAD_LESIONADOS,CANTIDAD_VEHICULOS,DEPARTAMENTO,PROVINCIA,DISTRITO,ZONA,TIPO_VIA,RED_VIAL,COD_CARRETERA,LATITUD,LONGITUD,CONDICION_CLIMATICA,ZONIFICACION,CARACTERISTICAS_VIA,PERFIL_VIA,SUPERFICIE_CALZADA,EXISTE_SENIAL_VERTICAL,CLASIFICACION_SENIAL_VERTICAL_1,CLASIFICACION_SENIAL_VERTICAL_2,EXISTE_SENIAL_HORIZONTAL,CAUSA_FACTOR_PRINCIPAL,CAUSA_ESPECIFICA,HORA,severidad,ANIO,MES,DIA_SEMANA,FIN_SEMANA,FRANJA_HORARIA,TEMPORADA,MACROREGION,TIPO_VIA_SCORE,PERFIL_VIA_SCORE,SUPERFICIE_CALZADA_SCORE,RIESGO_INFRAESTRUCTURA,RIESGO_CLIMATICO,SENIALIZACION_DEFICIENTE,EDAD_PROMEDIO,EDAD_STD,TOTAL_ALCOHOL,TOTAL_LICENCIA,TOTAL_PERSONAS,PCT_ALCOHOL,PCT_LICENCIA,ES_NOCHE
A-2023-09-71,2023-09-13,21:30,CHOQUE,2,0,2,LA LIBERTAD,ASCOPE,CASA GRANDE,RURAL,CARRETERA,DEPARTAMENTAL,LI-101,-7.761322,-79.157668,DESPEJADO,RURAL,TRAMO RECTO,PLANA ,CONCRETO,,,,,EN PROCESO DE INVESTIGACIÓN,NO CUENTA CON CAUSA ESPECIFICA,21.0,1,2023.0,9.0,2.0,0,3,3,0,0.0,0.0,0.0,0.0,0,0,36.5,4.949747468305833,0,0,2,0.0,0.0,1
A-2023-09-127,2023-09-14,09:00,CHOQUE,1,23,0,LIMA,LIMA,PUNTA NEGRA,RURAL,CARRETERA,NACIONAL,PE-1S,-12.355944,-76.800663,DESPEJADO,RURAL,TRAMO RECTO,PLANA ,ASFALTADA,,,,,IMPRUDENCIA DEL CONDUCTOR,OTRO (IMPRUDENCIA DEL CONDUCTOR),9.0,0,2023.0,9.0,3.0,0,1,3,0,0.0,0.0,0.0,0.0,0,0,5.142857142857143,13.894421364524147,0,2,25,0.0,0.08,0
A-2023-09-19,2023-09-14,13:14,CHOQUE,1,0,2,SAN MARTIN,LAMAS,ALONSO DE ALVARADO,RURAL,CARRETERA,NACIONAL,PE-5N,-6.27617,-76.767232,DESPEJADO,RURAL,TRAMO RECTO,PLANA ,ASFALTADA,,,,,IMPRUDENCIA DEL CONDUCTOR,OTRO (IMPRUDENCIA DEL CONDUCTOR),13.0,0,2023.0,9.0,3.0,0,2,3,2,0.0,0.0,0.0,0.0,0,0,50.333333333333336,12.34233905438241,0,2,3,0.0,0.667,0
A-2023-09-70,2023-09-14,17:15,CHOQUE,1,0,0,PUNO,LAMPA,PUCARA,RURAL,CARRETERA,NACIONAL,PE-3S,-14.9834147,-70.4124364,DESPEJADO,RURAL,TRAMO RECTO,PLANA ,ASFALTADA,,,,,IMPRUDENCIA DEL CONDUCTOR,INVASIÓN DE CARRIL,17.0,0,2023.0,9.0,3.0,0,2,3,1,0.0,0.0,0.0,0.0,0,0,51.0,2.8284271247461903,0,1,2,0.0,0.5,0
A-2023-09-9,2023-09-14,17:25,CHOQUE CON OBJETO FIJO,1,0,1,LIMA,OYON,PACHANGARA,URBANA,AVENIDA,URBANO,NO CORRESPONDE,-10.80949,-76.87457,DESPEJADO,RESIDENCIAL,TRAMO RECTO,INCLINADA,AFIRMADO,,,,,EN PROCESO DE INVESTIGACIÓN,NO CUENTA CON CAUSA ESPECIFICA,17.0,0,2023.0,9.0,3.0,0,2,3,0,1.0,1.0,1.0,3.0,0,0,23.5,3.5355339059327378,0,0,3,0.0,0.0,0
A-2023-09-128,2023-09-14,18:00,CHOQUE,1,2,0,LIMA,LIMA,LURIGANCHO,URBANA,AVENIDA,URBANO,NO CORRESPONDE,-11.94939127,-76.72162645,DESPEJADO,RESIDENCIAL,INTERSECCIÓN,PLANA ,ASFALTADA,,,,,EN PROCESO DE INVESTIGACIÓN,NO CUENTA CON CAUSA ESPECIFICA,18.0,0,2023.0,9.0,3.0,0,3,3,0,1.0,0.0,0.0,1.0,0,0,36.0,15.556349186104045,0,2,3,0.0,0.667,1
A-2023-09-25,2023-09-14,18:30,DESPISTE,1,0,1,ICA,ICA,ICA,URBANA,CARRETERA,DEPARTAMENTAL,IC-105,-14.078780314828554,-75.77511070970381,DESPEJADO,COMERCIAL,TRAMO RECTO,PLANA ,ASFALTADA,,,,,EN PROCESO DE INVESTIGACIÓN,NO CUENTA CON CAUSA ESPECIFICA,18.0,0,2023.0,9.0,3.0,0,3,3,0,0.0,0.0,0.0,0.0,0,0,39.0,0.0,0,1,1,0.0,1.0,1
A-2023-09-20,2023-09-14,19:00,ATROPELLO,1,0,0,ICA,ICA,LA TINGUIÑA,URBANA,AVENIDA,URBANO,NO CORRESPONDE,-14.040949,-75.701914,DESPEJADO,RESIDENCIAL,INTERSECCIÓN,PLANA ,ASFALTADA,,,,,EN PROCESO DE INVESTIGACIÓN,NO CUENTA CON CAUSA ESPECIFICA,19.0,0,2023.0,9.0,3.0,0,3,3,0,1.0,0.0,0.0,1.0,0,0,59.5,4.949747468305833,0,0,2,0.0,0.0,1
A-2023-09-94,2023-09-14,19:10,DESPISTE,1,0,0,PIURA,PIURA,VEINTISEIS DE OCTUBRE,RURAL,CARRETERA,NACIONAL,PE-1N,-5.1486916,-80.696743,DESPEJADO,RURAL,TRAMO RECTO,PLANA ,ASFALTADA,,,,,EN PROCESO DE INVESTIGACIÓN,NO CUENTA CON CAUSA ESPECIFICA,19.0,0,2023.0,9.0,3.0,0,3,3,0,0.0,0.0,0.0,0.0,0,0,48.0,15.556349186104045,0,1,2,0.0,0.5,1
A-2023-09-23,2023-09-14,20:50,DESPISTE,1,0,1,PUNO,PUNO,HUATA,RURAL,CARRETERA,PROVINCIAL,PU-936,-15.657703,-69.952775,DESPEJADO,RURAL,TRAMO RECTO,PLANA ,ASFALTADA,,,,,IMPRUDENCIA DEL CONDUCTOR,EXCESO DE VELOCIDAD,20.0,0,2023.0,9.0,3.0,0,3,3,1,0.0,0.0,0.0,0.0,0,0,29.0,0.0,0,0,1,0.0,0.0,1
A-2023-09-95,2023-09-15,11:30,CHOQUE,1,12,2,PIURA,PIURA,CASTILLA,RURAL,CARRETERA,NACIONAL,PE-1NJ,-5.17575,-80.556944,DESPEJADO,RURAL,TRAMO RECTO,PLANA ,ASFALTADA,,,,,EN PROCESO DE INVESTIGACIÓN,NO CUENTA CON CAUSA ESPECIFICA,11.0,0,2023.0,9.0,4.0,0,1,3,0,0.0,0.0,0.0,0.0,0,0,34.38461538461539,14.465697710667474,0,2,13,0.0,0.154,0
A-2023-09-96,2023-09-15,12:30,CHOQUE,1,0,0,PIURA,PIURA,PIURA,URBANA,AVENIDA,URBANO,NO CORRESPONDE,-5.179405,-80.63822,DESPEJADO,RURAL,TRAMO RECTO,PLANA ,ASFALTADA,,,,,EN PROCESO DE INVESTIGACIÓN,NO CUENTA CON CAUSA ESPECIFICA,12.0,0,2023.0,9.0,4.0,0,2,3,0,1.0,0.0,0.0,1.0,0,0,64.0,24.041630560342615,0,2,2,0.0,1.0,0
A-2023-09-108,2023-09-15,14:25,CHOQUE,1,4,0,PASCO,PASCO,NINACACA,RURAL,CARRETERA,NACIONAL,PE-3N,-10.892565,-76.081715,DESPEJADO,RURAL,TRAMO RECTO,PLANA ,ASFALTADA,NO,,,SI,IMPRUDENCIA DEL CONDUCTOR,OTRO (IMPRUDENCIA DEL CONDUCTOR),14.0,0,2023.0,9.0,4.0,0,2,3,1,0.0,0.0,0.0,0.0,0,1,44.6,10.737783756436894,0,2,5,0.0,0.4,0
A-2023-09-32,2023-09-15,16:30,ATROPELLO,1,0,1,CUSCO,CUSCO,CUSCO,URBANA,AVENIDA,URBANO,NO CORRESPONDE,-13.517041,-71.974792,DESPEJADO,RESIDENCIAL,TRAMO RECTO,INCLINADA,ASFALTADA,SI,REGULADORA (R),PREVENTIVA (P),SI,IMPRUDENCIA DEL PEATÓN,OTRO (IMPRUDENCIA DEL PEATÓN),16.0,0,2023.0,9.0,4.0,0,2,3,1,1.0,1.0,0.0,2.0,0,0,56.0,36.76955262170047,0,0,2,0.0,0.0,0
A-2023-09-68,2023-09-15,18:30,CHOQUE,1,0,0,PUNO,AZANGARO,ASILLO,RURAL,CARRETERA,NACIONAL,PE-34B,-14.7696937,-70.3384084,DESPEJADO,RURAL,TRAMO RECTO,PLANA ,ASFALTADA,,,,,IMPRUDENCIA DEL CONDUCTOR,EXCESO DE VELOCIDAD,18.0,0,2023.0,9.0,4.0,0,3,3,1,0.0,0.0,0.0,0.0,0,0,44.5,9.192388155425117,0,1,2,0.0,0.5,1
A-2023-09-129,2023-09-15,19:40,CHOQUE FUGA,3,0,0,LIMA,LIMA,SAN LUIS,URBANA,AVENIDA,URBANO,NO CORRESPONDE,-12.0685103,-76.99195231,DESPEJADO,INDUSTRIAL,INTERSECCIÓN,PLANA ,ASFALTADA,,,,,EN PROCESO DE INVESTIGACIÓN,NO CUENTA CON CAUSA ESPECIFICA,19.0,2,2023.0,9.0,4.0,0,3,3,0,1.0,0.0,0.0,1.0,0,0,67.0,0.0,0,1,5,0.0,0.2,1
A-2023-09-130,2023-09-16,01:40,CHOQUE,1,0,0,LIMA,LIMA,SAN BORJA,URBANA,CARRETERA,NACIONAL,PE-1S,-12.10280091,-76.97927519,DESPEJADO,RESIDENCIAL,TRAMO RECTO,PLANA ,ASFALTADA,,,,,IMPRUDENCIA DEL CONDUCTOR,OTRO (IMPRUDENCIA DEL CONDUCTOR),1.0,0,2023.0,9.0,5.0,1,0,3,0,0.0,0.0,0.0,0.0,0,0,24.5,3.5355339059327378,0,2,2,0.0,1.0,1
A-2023-09-13,2023-09-16,08:50,CHOQUE,2,0,2,TUMBES,ZARUMILLA,AGUAS VERDES,URBANA,CARRETERA,NACIONAL,PE-1NO,-3.4886237855487505,-80.2643809685904,DESPEJADO,RURAL,INTERSECCIÓN,PLANA ,ASFALTADA,,,,,IMPRUDENCIA DEL CONDUCTOR,OTRO (IMPRUDENCIA DEL CONDUCTOR),8.0,1,2023.0,9.0,5.0,1,1,3,0,0.0,0.0,0.0,0.0,0,0,23.333333333333332,18.0092568789868,0,0,3,0.0,0.0,0
A-2023-09-54,2023-09-16,14:30,DESPISTE,1,2,1,CUSCO,CHUMBIVILCAS,QUIÑOTA,RURAL,CARRETERA,NACIONAL,PE-3SG,-14.3178344,-72.1382859,DESPEJADO,RURAL,CURVA,PLANA ,ASFALTADA,SI,PREVENTIVA (P),,SI,IMPRUDENCIA DEL CONDUCTOR,EXCESO DE VELOCIDAD,14.0,0,2023.0,9.0,5.0,1,2,3,1,0.0,0.0,0.0,0.0,0,0,26.333333333333332,0.5773502691896255,0,1,3,0.0,0.333,0
A-2023-09-56,2023-09-16,16:20,ATROPELLO,1,0,1,CUSCO,ESPINAR,ESPINAR,URBANA,AVENIDA,URBANO,NO CORRESPONDE,-14.796816,-71.413482,DESPEJADO,RURAL,TRAMO RECTO,INCLINADA,ASFALTADA,,,,,IMPRUDENCIA DEL CONDUCTOR,CONDUCIR EN ESTADO DE EBRIEDAD Y/O DROGADICCIÓN,16.0,0,2023.0,9.0,5.0,1,2,3,1,1.0,1.0,0.0,2.0,0,0,35.5,2.1213203435596424,0,1,2,0.0,0.5,0
A-2023-09-131,2023-09-16,17:30,ATROPELLO,1,0,0,LIMA,LIMA,ATE,URBANA,CARRETERA,NACIONAL,PE-22,-12.017053,-76.892538,DESPEJADO,INDUSTRIAL,TRAMO RECTO,PLANA ,ASFALTADA,,,,,IMPRUDENCIA DEL PEATÓN,OTRO (IMPRUDENCIA DEL PEATÓN),17.0,0,2023.0,9.0,5.0,1,2,3,0,0.0,0.0,0.0,0.0,0,0,46.0,0.0,0,1,2,0.0,0.5,0
A-2023-09-132,2023-09-16,19:50,CHOQUE,1,0,0,LIMA,LIMA,SAN BORJA,URBANA,CARRETERA,NACIONAL,PE-1S,-12.10124,-76.979505,DESPEJADO,COMERCIAL,TRAMO RECTO,PLANA ,ASFALTADA,,,,,EN PROCESO DE INVESTIGACIÓN,NO CUENTA CON CAUSA ESPECIFICA,19.0,0,2023.0,9.0,5.0,1,3,3,0,0.0,0.0,0.0,0.0,0,0,44.0,18.384776310850235,0,2,3,0.0,0.667,1
A-2023-09-101,2023-09-17,02:00,DESPISTE,2,10,1,HUANCAVELICA,TAYACAJA,ACOSTAMBO,RURAL,CARRETERA,NACIONAL,PE-3S,-12.38882710304525,-75.05701122139159,DESPEJADO,RURAL,TRAMO RECTO,INCLINADA,ASFALTADA,,,,,NEGLIGENCIA DEL CONDUCTOR,CONDUCIR CON FALLAS DE FRENOS,2.0,1,2023.0,9.0,6.0,1,0,3,1,0.0,1.0,0.0,1.0,0,0,24.083333333333332,11.373480584502733,0,1,12,0.0,0.083,1
A-2023-09-40,2023-09-17,02:00,ATROPELLO FUGA,1,0,0,APURIMAC,CHINCHEROS,HUACCANA,RURAL,CARRETERA,NACIONAL,PE-3S,-13.472773070988938,-73.82694475932732,DESPEJADO,RURAL,TRAMO RECTO,PLANA ,ASFALTADA,NO,,,SI,EN PROCESO DE INVESTIGACIÓN,NO CUENTA CON CAUSA ESPECIFICA,2.0,0,2023.0,9.0,6.0,1,0,3,1,0.0,0.0,0.0,0.0,0,1,42.0,0.0,0,0,2,0.0,0.0,1
A-2023-09-72,2023-09-17,03:20,CHOQUE FUGA,2,0,1,LA LIBERTAD,VIRU,VIRU,RURAL,CARRETERA,NACIONAL,PE-1N,-8.434086,-78.768788,DESPEJADO,RURAL,TRAMO RECTO,PLANA ,ASFALTADA,,,,,EN PROCESO DE INVESTIGACIÓN,NO CUENTA CON CAUSA ESPECIFICA,3.0,1,2023.0,9.0,6.0,1,0,3,0,0.0,0.0,0.0,0.0,0,0,42.0,18.520259177452136,0,1,4,0.0,0.25,1
A-2023-09-26,2023-09-17,04:45,CHOQUE FUGA,1,1,1,SAN MARTIN,RIOJA,YURACYACU,RURAL,CARRETERA,DEPARTAMENTAL,SM-113,-5.944139,-77.250069,DESPEJADO,RURAL,TRAMO RECTO,PLANA ,ASFALTADA,,,,,IMPRUDENCIA DEL CONDUCTOR,OTRO (IMPRUDENCIA DEL CONDUCTOR),4.0,0,2023.0,9.0,6.0,1,0,3,2,0.0,0.0,0.0,0.0,0,0,22.5,3.5355339059327378,0,0,3,0.0,0.0,1
A-2023-09-73,2023-09-17,06:15,DESPISTE,1,0,1,LA LIBERTAD,PACASMAYO,GUADALUPE,RURAL,CARRETERA,NACIONAL,PE-08,-7.304836959278705,-79.43457265070167,DESPEJADO,RURAL,TRAMO RECTO,PLANA ,ASFALTADA,,,,,EN PROCESO DE INVESTIGACIÓN,NO CUENTA CON CAUSA ESPECIFICA,6.0,0,2023.0,9.0,6.0,1,1,3,0,0.0,0.0,0.0,0.0,0,0,21.0,0.0,0,0,1,0.0,0.0,0
A-2023-09-103,2023-09-17,07:30,DESPISTE,1,0,1,UCAYALI,CORONEL PORTILLO,YARINACOCHA,URBANA,AVENIDA,URBANO,NO CORRESPONDE,-8.3696889,-74.5670002,DESPEJADO,COMERCIAL,CURVA,PLANA ,CONCRETO,,,,,IMPRUDENCIA DEL CONDUCTOR,CONDUCIR EN ESTADO DE EBRIEDAD Y/O DROGADICCIÓN,7.0,0,2023.0,9.0,6.0,1,1,3,2,1.0,0.0,0.0,1.0,0,0,56.0,0.0,0,0,1,0.0,0.0,0
A-2023-09-77,2023-09-17,17:30,DESPISTE,1,0,1,LA LIBERTAD,PATAZ,HUANCASPATA,RURAL,CARRETERA,NACIONAL,PE-10C,-8.515026,-77.292021,DESPEJADO,RURAL,TRAMO RECTO,PLANA ,TROCHA,,,,,EN PROCESO DE INVESTIGACIÓN,NO CUENTA CON CAUSA ESPECIFICA,17.0,0,2023.0,9.0,6.0,1,2,3,0,0.0,0.0,2.0,2.0,0,0,37.0,0.0,0,1,1,0.0,1.0,0
A-2023-09-24,2023-09-17,21:35,ATROPELLO,1,0,1,PUNO,PUNO,PLATERIA,RURAL,CARRETERA,NACIONAL,PE-3S,-15.94125,-69.862361,DESPEJADO,RURAL,TRAMO RECTO,PLANA ,ASFALTADA,,,,,IMPRUDENCIA DEL PEATÓN,ESTADO DE EBRIEDAD Y/O DROGADICCIÓN,21.0,0,2023.0,9.0,6.0,1,3,3,1,0.0,0.0,0.0,0.0,0,0,31.0,12.727922061357855,0,1,2,0.0,0.5,1
A-2023-09-102,2023-09-18,01:30,DESPISTE,24,21,1,HUANCAVELICA,CHURCAMPA,COSME,RURAL,CARRETERA,NACIONAL,PE-3S,-12.58887799532532,-74.68519139948599,DESPEJADO,RURAL,CURVA,INCLINADA,TROCHA,,,,,EN PROCESO DE INVESTIGACIÓN,NO CUENTA CON CAUSA ESPECIFICA,1.0,2,2023.0,9.0,0.0,0,0,3,1,0.0,1.0,2.0,3.0,0,0,34.28888888888889,15.879692895791358,0,1,45,0.0,0.022,1
A-2023-09-33,2023-09-18,03:40,VOLCADURA,1,0,1,CUSCO,CANCHIS,SICUANI,URBANA,CARRETERA,NACIONAL,PE-3S,-14.2481248689667,-71.2390992764435,DESPEJADO,RESIDENCIAL,TRAMO RECTO,PLANA ,ASFALTADA,NO,,,SI,IMPRUDENCIA DEL CONDUCTOR,EXCESO DE VELOCIDAD,3.0,0,2023.0,9.0,0.0,0,0,3,1,0.0,0.0,0.0,0.0,0,1,34.0,0.0,0,0,1,0.0,0.0,1
A-2023-09-52,2023-09-18,11:45,DESPISTE,1,0,1,CUSCO,CUSCO,CUSCO,RURAL,CARRETERA,PROVINCIAL,CU-1259,-13.54554,-72.014757,DESPEJADO,RURAL,TRAMO RECTO,INCLINADA,ASFALTADA,,,,,IMPRUDENCIA DEL CONDUCTOR,FATIGA Y/O CANSANCIO,11.0,0,2023.0,9.0,0.0,0,1,3,1,0.0,1.0,0.0,1.0,0,0,44.0,0.0,0,0,1,0.0,0.0,0
A-2023-09-74,2023-09-18,16:00,ATROPELLO,1,0,1,LA LIBERTAD,TRUJILLO,LA ESPERANZA,URBANA,AVENIDA,URBANO,NO CORRESPONDE,-8.08722418120818,-79.0330512838194,DESPEJADO,RURAL,TRAMO RECTO,PLANA ,ASFALTADA,,,,,EN PROCESO DE INVESTIGACIÓN,NO CUENTA CON CAUSA ESPECIFICA,16.0,0,2023.0,9.0,0.0,0,2,3,0,1.0,0.0,0.0,1.0,0,0,56.5,33.23401871576773,0,1,2,0.0,0.5,0
A-2023-09-117,2023-09-18,20:10,ESPECIAL,1,0,1,AYACUCHO,HUAMANGA,VINCHOS,RURAL,CARRETERA,NACIONAL,PE-28A,-13.340325,-74.43667,DESPEJADO,RURAL,TRAMO RECTO,PLANA ,ASFALTADA,SI,PREVENTIVA (P),,NO,IMPRUDENCIA DEL CONDUCTOR,OTRO (IMPRUDENCIA DEL CONDUCTOR),20.0,0,2023.0,9.0,0.0,0,3,3,1,0.0,0.0,0.0,0.0,0,1,40.5,12.020815280171307,0,1,2,0.0,0.5,1
A-2023-09-116,2023-09-18,23:30,ATROPELLO,1,0,0,PUNO,SAN ROMAN,JULIACA,URBANA,CARRETERA,NACIONAL,PE-3S,-15.485922,-70.124254,DESPEJADO,COMERCIAL,TRAMO RECTO,PLANA ,ASFALTADA,,,,,NEGLIGENCIA DEL CONDUCTOR,OTRO (NEGLIGENCIA DEL CONDUCTOR),23.0,0,2023.0,9.0,0.0,0,3,3,1,0.0,0.0,0.0,0.0,0,0,25.5,30.405591591021544,0,1,2,0.0,0.5,1
A-2023-09-133,2023-09-19,06:00,CHOQUE,1,0,0,LIMA,LIMA,LIMA,URBANA,JIRÓN,URBANO,NO CORRESPONDE,-12.05112478,-77.03211089,DESPEJADO,COMERCIAL,INTERSECCIÓN,PLANA ,ASFALTADA,,,,,IMPRUDENCIA DEL CONDUCTOR,OTRO (IMPRUDENCIA DEL CONDUCTOR),6.0,0,2023.0,9.0,1.0,0,1,3,0,1.0,0.0,0.0,1.0,0,0,42.0,24.041630560342615,0,1,2,0.0,0.5,0
A-2023-09-134,2023-09-19,08:00,CAÍDA DE PASAJERO,1,0,0,LIMA,LIMA,SAN JUAN DE MIRAFLORES,URBANA,CARRETERA,NACIONAL,PE-1S,-12.144557,-76.981742,DESPEJADO,COMERCIAL,TRAMO RECTO,PLANA ,ASFALTADA,,,,,EN PROCESO DE INVESTIGACIÓN,NO CUENTA CON CAUSA ESPECIFICA,8.0,0,2023.0,9.0,1.0,0,1,3,0,0.0,0.0,0.0,0.0,0,0,0.0,0.0,0,0,2,0.0,0.0,0
A-2023-09-76,2023-09-19,17:00,ATROPELLO,1,0,1,LA LIBERTAD,SANTIAGO DE CHUCO,SANTIAGO DE CHUCO,RURAL,CARRETERA,DEPARTAMENTAL,LI-122,-8.336584689070525,-78.20781891674532,DESPEJADO,RURAL,TRAMO RECTO,PLANA ,TROCHA,,,,,IMPRUDENCIA DEL CONDUCTOR,OTRO (IMPRUDENCIA DEL CONDUCTOR),17.0,0,2023.0,9.0,1.0,0,2,3,0,0.0,0.0,2.0,2.0,0,0,50.5,30.405591591021544,0,0,2,0.0,0.0,0
A-2023-09-75,2023-09-19,20:10,ATROPELLO FUGA,1,0,1,LA LIBERTAD,TRUJILLO,LAREDO,RURAL,CARRETERA,NACIONAL,PE-10A,-8.045565484285317,-78.84785615104636,DESPEJADO,RURAL,TRAMO RECTO,PLANA ,ASFALTADA,,,,,EN PROCESO DE INVESTIGACIÓN,NO CUENTA CON CAUSA ESPECIFICA,20.0,0,2023.0,9.0,1.0,0,3,3,0,0.0,0.0,0.0,0.0,0,0,57.0,0.0,0,0,2,0.0,0.0,1
A-2023-09-27,2023-09-19,21:30,ATROPELLO,1,0,1,ICA,NASCA,MARCONA,RURAL,CARRETERA,NACIONAL,PE-1S,-15.14306,-74.980013,DESPEJADO,COMERCIAL,TRAMO RECTO,PLANA ,ASFALTADA,SI,INFORMATIVA (I),PREVENTIVA (P),NO,EN PROCESO DE INVESTIGACIÓN,NO CUENTA CON CAUSA ESPECIFICA,21.0,0,2023.0,9.0,1.0,0,3,3,0,0.0,0.0,0.0,0.0,0,1,56.0,12.727922061357855,0,1,2,0.0,0.5,1
A-2023-09-36,2023-09-20,06:45,ATROPELLO FUGA,1,0,0,PUNO,CHUCUITO,ZEPITA,RURAL,CARRETERA,NACIONAL,PE-3S,-16.40989,-69.18978,DESPEJADO,RURAL,TRAMO RECTO,PLANA ,ASFALTADA,,,,,IMPRUDENCIA DEL CONDUCTOR,OTRO (IMPRUDENCIA DEL CONDUCTOR),6.0,0,2023.0,9.0,2.0,0,1,3,1,0.0,0.0,0.0,0.0,0,0,80.0,0.0,0,0,2,0.0,0.0,0
A-2023-09-78,2023-09-20,13:30,DESPISTE,1,0,1,LA LIBERTAD,OTUZCO,OTUZCO,RURAL,CARRETERA,NACIONAL,PE-10A,-7.957323,-78.623727,DESPEJADO,RURAL,TRAMO RECTO,PLANA ,ASFALTADA,,,,,NEGLIGENCIA DEL CONDUCTOR,OTRO (NEGLIGENCIA DEL CONDUCTOR),13.0,0,2023.0,9.0,2.0,0,2,3,0,0.0,0.0,0.0,0.0,0,0,68.0,8.48528137423857,0,1,2,0.0,0.5,0
A-2023-09-37,2023-09-21,06:50,DESPISTE,1,1,1,PUNO,CHUCUITO,ZEPITA,RURAL,CARRETERA,NACIONAL,PE-3S,-16.48876,-69.109906,DESPEJADO,RURAL,TRAMO RECTO,PLANA ,ASFALTADA,,,,,IMPRUDENCIA DEL CONDUCTOR,FATIGA Y/O CANSANCIO,6.0,0,2023.0,9.0,3.0,0,1,3,1,0.0,0.0,0.0,0.0,0,0,41.0,11.313708498984761,0,0,2,0.0,0.0,0
A-2023-09-43,2023-09-21,09:00,ATROPELLO,1,0,0,AREQUIPA,AREQUIPA,CERRO COLORADO,URBANA,CARRETERA,DEPARTAMENTAL,AR-123,-16.35174,-71.610933,SOLEADO,RESIDENCIAL,TRAMO RECTO,PLANA ,ASFALTADA,,,,,EN PROCESO DE INVESTIGACIÓN,NO CUENTA CON CAUSA ESPECIFICA,9.0,0,2023.0,9.0,3.0,0,1,3,0,0.0,0.0,0.0,0.0,0,0,44.5,10.606601717798213,0,1,2,0.0,0.5,0
A-2023-09-135,2023-09-21,11:20,ATROPELLO,1,0,0,LIMA,LIMA,SAN JUAN DE LURIGANCHO,URBANA,CARRETERA,NACIONAL,PE-22,-12.023776,-76.961846,DESPEJADO,RESIDENCIAL,TRAMO RECTO,PLANA ,ASFALTADA,,,,,IMPRUDENCIA DEL PEATÓN,OTRO (IMPRUDENCIA DEL PEATÓN),11.0,0,2023.0,9.0,3.0,0,1,3,0,0.0,0.0,0.0,0.0,0,0,45.0,0.0,0,1,2,0.0,0.5,0
A-2023-09-157,2023-09-21,18:30,VOLCADURA,1,0,1,CAJAMARCA,CHOTA,ANGUIA,RURAL,CARRETERA,SIN CLASIFICAR,SIN CLASIFICAR,-6.298809,-78.521754,DESPEJADO,RURAL,TRAMO RECTO,INCLINADA,AFIRMADO,,,,,IMPRUDENCIA DEL CONDUCTOR,EXCESO DE VELOCIDAD,18.0,0,2023.0,9.0,3.0,0,3,3,1,0.0,1.0,1.0,2.0,0,0,27.0,0.0,0,1,1,0.0,1.0,1
A-2023-09-44,2023-09-21,18:30,ATROPELLO,1,0,0,AREQUIPA,AREQUIPA,QUEQUEÑA,URBANA,CARRETERA,PROVINCIAL,AR-787,-16.537847,-71.477564,DESPEJADO,RESIDENCIAL,CURVA,PLANA ,ASFALTADA,,,,,EN PROCESO DE INVESTIGACIÓN,NO CUENTA CON CAUSA ESPECIFICA,18.0,0,2023.0,9.0,3.0,0,3,3,0,0.0,0.0,0.0,0.0,0,0,40.0,0.0,0,0,2,0.0,0.0,1
A-2023-09-100,2023-09-22,01:20,CHOQUE,1,1,0,PIURA,PIURA,VEINTISEIS DE OCTUBRE,RURAL,CARRETERA,NACIONAL,PE-1N,-5.152539,-80.696009,DESPEJADO,RURAL,TRAMO RECTO,PLANA ,ASFALTADA,,,,,EN PROCESO DE INVESTIGACIÓN,NO CUENTA CON CAUSA ESPECIFICA,1.0,0,2023.0,9.0,4.0,0,0,3,0,0.0,0.0,0.0,0.0,0,0,44.0,4.358898943540674,2,1,3,0.667,0.333,1
A-2023-09-137,2023-09-22,09:45,CHOQUE,1,1,0,LIMA,LIMA,LIMA,URBANA,CARRETERA,NACIONAL,PE-1N,-12.03497018,-77.01010964,DESPEJADO,COMERCIAL,TRAMO RECTO,PLANA ,ASFALTADA,,,,,IMPRUDENCIA DEL CONDUCTOR,OTRO (IMPRUDENCIA DEL CONDUCTOR),9.0,0,2023.0,9.0,4.0,0,1,3,0,0.0,0.0,0.0,0.0,0,0,32.0,7.0710678118654755,0,1,3,0.0,0.333,0
A-2023-09-119,2023-09-22,17:15,ATROPELLO,1,0,0,PUNO,HUANCANE,TARACO,RURAL,CARRETERA,NACIONAL,PE-34H,-15.2768256,-69.9119287,DESPEJADO,RURAL,TRAMO RECTO,PLANA ,ASFALTADA,,,,,IMPRUDENCIA DEL PEATÓN,CRUCE INDEBIDO POR LA CALZADA,17.0,0,2023.0,9.0,4.0,0,2,3,1,0.0,0.0,0.0,0.0,0,0,27.5,14.849242404917497,0,1,2,0.0,0.5,0
A-2023-09-97,2023-09-23,01:00,CHOQUE FUGA,1,0,0,PIURA,PAITA,LA HUACA,RURAL,CARRETERA,NACIONAL,PE-02,-5.112458,-80.854823,DESPEJADO,RURAL,TRAMO RECTO,PLANA ,ASFALTADA,,,,,EN PROCESO DE INVESTIGACIÓN,NO CUENTA CON CAUSA ESPECIFICA,1.0,0,2023.0,9.0,5.0,1,0,3,0,0.0,0.0,0.0,0.0,0,0,32.0,0.0,0,0,2,0.0,0.0,1