CODIGO_SINIESTRO,FECHA_SINIESTRO,HORA_SINIESTRO,CLASE_SINIESTRO,CANTIDAD_FALLECIDOS,CANTIDAD_LESIONADOS,CANTIDAD_VEHICULOS,DEPARTAMENTO,PROVINCIA,DISTRITO,ZONA,TIPO_VIA,RED_VIAL,COD_CARRETERA,LATITUD,LONGITUD,CONDICION_CLIMATICA,ZONIFICACION,CARACTERISTICAS_VIA,PERFIL_VIA,SUPERFICIE_CALZADA,EXISTE_SENIAL_VERTICAL,CLASIFICACION_SENIAL_VERTICAL_1,CLASIFICACION_SENIAL_VERTICAL_2,EXISTE_SENIAL_HORIZONTAL,CAUSA_FACTOR_PRINCIPAL,CAUSA_ESPECIFICA,HORA,severidad,ANIO,MES,DIA_SEMANA,FIN_SEMANA,FRANJA_HORARIA,TEMPORADA,MACROREGION,TIPO_VIA_SCORE,PERFIL_VIA_SCORE,SUPERFICIE_CALZADA_SCORE,RIESGO_INFRAESTRUCTURA,RIESGO_CLIMATICO,SENIALIZACION_DEFICIENTE,EDAD_PROMEDIO,EDAD_STD,TOTAL_ALCOHOL,TOTAL_LICENCIA,TOTAL_PERSONAS,PCT_ALCOHOL,PCT_LICENCIA,ES_NOCHE
A-2023-09-28,2023-09-23,01:20,CHOQUE,1,0,2,LIMA,HUAURA,VEGUETA,URBANA,CARRETERA,NACIONAL,PE-1N,-10.98612,-77.64243,DESPEJADO,RESIDENCIAL,TRAMO RECTO,PLANA ,ASFALTADA,SI,PREVENTIVA (P),,NO,IMPRUDENCIA DEL CONDUCTOR,CONDUCIR EN ESTADO DE EBRIEDAD Y/O DROGADICCIÓN,1.0,0,2023.0,9.0,5.0,1,0,3,0,0.0,0.0,0.0,0.0,0,1,54.0,4.242640687119285,0,1,2,0.0,0.5,1
A-2023-09-79,2023-09-23,05:30,CHOQUE,2,0,2,LA LIBERTAD,PACASMAYO,PACASMAYO,RURAL,CARRETERA,NACIONAL,PE-1N,-7.4047290759,-79.557508393,DESPEJADO,RURAL,TRAMO RECTO,PLANA ,ASFALTADA,,,,,EN PROCESO DE INVESTIGACIÓN,NO CUENTA CON CAUSA ESPECIFICA,5.0,1,2023.0,9.0,5.0,1,0,3,0,0.0,0.0,0.0,0.0,0,0,34.666666666666664,6.658328118479392,0,1,3,0.0,0.333,1
A-2023-09-35,2023-09-23,08:30,DESPISTE,1,0,1,MADRE DE DIOS,MANU,MANU,RURAL,CARRETERA,DEPARTAMENTAL,MD-103,-12.860916,-71.360603,DESPEJADO,RURAL,TRAMO RECTO,PLANA ,AFIRMADO,,,,,IMPRUDENCIA DEL CONDUCTOR,EXCESO DE VELOCIDAD,8.0,0,2023.0,9.0,5.0,1,1,3,2,0.0,0.0,1.0,1.0,0,0,22.0,0.0,0,0,1,0.0,0.0,0
A-2023-09-38,2023-09-23,10:45,CHOQUE,2,0,2,PUNO,EL COLLAO,SANTA ROSA,RURAL,CARRETERA,NACIONAL,PE-36A,-16.74280844372543,-69.71780054364821,DESPEJADO,RURAL,CURVA,INCLINADA,ASFALTADA,,,,,IMPRUDENCIA DEL CONDUCTOR,EXCESO DE VELOCIDAD,10.0,1,2023.0,9.0,5.0,1,1,3,1,0.0,1.0,0.0,1.0,0,0,58.333333333333336,6.110100926607787,0,1,3,0.0,0.333,0
A-2023-09-87,2023-09-23,18:40,CHOQUE,1,0,0,AREQUIPA,ISLAY,MOLLENDO,RURAL,CARRETERA,NACIONAL,PE-34,-16.736232,-71.951757,DESPEJADO,RURAL,TRAMO RECTO,PLANA ,ASFALTADA,,,,,EN PROCESO DE INVESTIGACIÓN,NO CUENTA CON CAUSA ESPECIFICA,18.0,0,2023.0,9.0,5.0,1,3,3,0,0.0,0.0,0.0,0.0,0,0,30.0,5.656854249492381,0,2,2,0.0,1.0,1
A-2023-09-86,2023-09-23,22:00,CHOQUE,1,0,2,LA LIBERTAD,ASCOPE,CHICAMA,RURAL,CARRETERA,NACIONAL,PE-1NF,-7.77302808621274,-79.12517625987621,DESPEJADO,RURAL,TRAMO RECTO,PLANA ,ASFALTADA,,,,,EN PROCESO DE INVESTIGACIÓN,NO CUENTA CON CAUSA ESPECIFICA,22.0,0,2023.0,9.0,5.0,1,3,3,0,0.0,0.0,0.0,0.0,0,0,47.0,4.0,0,1,3,0.0,0.333,1
A-2023-09-136,2023-09-24,02:00,ATROPELLO FUGA,1,0,0,LIMA,LIMA,SANTA ANITA,URBANA,AVENIDA,URBANO,NO CORRESPONDE,-12.040662527667468,-76.98161261717986,DESPEJADO,RESIDENCIAL,TRAMO RECTO,PLANA ,ASFALTADA,,,,,EN PROCESO DE INVESTIGACIÓN,NO CUENTA CON CAUSA ESPECIFICA,2.0,0,2023.0,9.0,6.0,1,0,3,0,1.0,0.0,0.0,1.0,0,0,0.0,0.0,0,0,2,0.0,0.0,1
A-2023-09-110,2023-09-24,05:00,CHOQUE,1,1,0,JUNIN,HUANCAYO,EL TAMBO,URBANA,AVENIDA,URBANO,NO CORRESPONDE,-12.05062,-75.221539,DESPEJADO,COMERCIAL,INTERSECCIÓN,PLANA ,ASFALTADA,NO,,,SI,IMPRUDENCIA DEL CONDUCTOR,GIRAR IMPRUDENTEMENTE,5.0,0,2023.0,9.0,6.0,1,0,3,1,1.0,0.0,0.0,1.0,0,1,29.75,3.403429642777023,1,2,4,0.25,0.5,1
A-2023-09-104,2023-09-24,19:20,ATROPELLO,1,0,1,UCAYALI,CORONEL PORTILLO,CAMPOVERDE,RURAL,CARRETERA,NACIONAL,PE-18C,-8.420946,-74.694917,DESPEJADO,RURAL,TRAMO RECTO,PLANA ,ASFALTADA,,,,,IMPRUDENCIA DEL PEATÓN,OTRO (IMPRUDENCIA DEL PEATÓN),19.0,0,2023.0,9.0,6.0,1,3,3,2,0.0,0.0,0.0,0.0,0,0,50.0,29.698484809834994,0,0,2,0.0,0.0,1
A-2023-09-30,2023-09-24,23:40,ATROPELLO FUGA,1,0,0,LIMA,HUAURA,SANTA MARIA,URBANA,CARRETERA,NACIONAL,PE-1N,-11.10219,-77.58955,DESPEJADO,RESIDENCIAL,TRAMO RECTO,INCLINADA,ASFALTADA,,,,,EN PROCESO DE INVESTIGACIÓN,NO CUENTA CON CAUSA ESPECIFICA,23.0,0,2023.0,9.0,6.0,1,3,3,0,0.0,1.0,0.0,1.0,0,0,0.0,0.0,0,0,2,0.0,0.0,1
A-2023-09-148,2023-09-25,00:20,ATROPELLO,1,0,0,TACNA,TACNA,CIUDAD NUEVA,URBANA,CARRETERA,PROVINCIAL,TA-619,-17.97841,-70.2373,DESPEJADO,RESIDENCIAL,TRAMO RECTO,PLANA ,ASFALTADA,,,,,IMPRUDENCIA DEL PEATÓN,ESTADO DE EBRIEDAD Y/O DROGADICCIÓN,0.0,0,2023.0,9.0,0.0,0,0,3,0,0.0,0.0,0.0,0.0,0,0,52.5,20.506096654409877,0,1,2,0.0,0.5,1
A-2023-09-41,2023-09-25,05:40,CHOQUE FUGA,1,0,2,SAN MARTIN,RIOJA,YORONGOS,URBANA,CARRETERA,PROVINCIAL,SM-609,-6.11258098630191,-77.1445935258612,DESPEJADO,COMERCIAL,TRAMO RECTO,PLANA ,AFIRMADO,,,,,EN PROCESO DE INVESTIGACIÓN,NO CUENTA CON CAUSA ESPECIFICA,5.0,0,2023.0,9.0,0.0,0,0,3,2,0.0,0.0,1.0,1.0,0,0,23.5,2.1213203435596424,0,0,2,0.0,0.0,1
A-2023-09-114,2023-09-25,06:15,CHOQUE,1,1,2,UCAYALI,CORONEL PORTILLO,CAMPOVERDE,RURAL,CARRETERA,NACIONAL,PE-18C,-8.448886763473837,-74.76860408192664,DESPEJADO,RURAL,TRAMO RECTO,PLANA ,ASFALTADA,,,,,IMPRUDENCIA DEL CONDUCTOR,EXCESO DE VELOCIDAD,6.0,0,2023.0,9.0,0.0,0,1,3,2,0.0,0.0,0.0,0.0,0,0,31.0,21.656407827707714,0,1,3,0.0,0.333,0
A-2023-09-39,2023-09-25,08:30,ESPECIAL,1,0,0,PUNO,CHUCUITO,POMATA,RURAL,CARRETERA,NACIONAL,PE-3S,-16.26475074781152,-69.29588359557465,DESPEJADO,RURAL,OTRO,INCLINADA,CASCAJO/RIPIO,,,,,IMPRUDENCIA DEL CONDUCTOR,OTRO (IMPRUDENCIA DEL CONDUCTOR),8.0,0,2023.0,9.0,0.0,0,1,3,1,0.0,1.0,1.0,2.0,0,0,54.0,0.0,0,0,1,0.0,0.0,0
A-2023-09-99,2023-09-25,15:00,CHOQUE,1,1,0,PIURA,PIURA,CURA MORI,RURAL,CARRETERA,NACIONAL,PE-1N,-5.345303,-80.6183499,DESPEJADO,RURAL,TRAMO RECTO,PLANA ,ASFALTADA,,,,,EN PROCESO DE INVESTIGACIÓN,NO CUENTA CON CAUSA ESPECIFICA,15.0,0,2023.0,9.0,0.0,0,2,3,0,0.0,0.0,0.0,0.0,0,0,35.0,13.076696830622021,0,1,3,0.0,0.333,0
A-2023-09-80,2023-09-25,17:00,DESPISTE,3,0,1,LA LIBERTAD,OTUZCO,SINSICAP,RURAL,CARRETERA,DEPARTAMENTAL,LI-105,-7.872818324649157,-78.76951014581378,DESPEJADO,RURAL,CURVA,PLANA ,AFIRMADO,,,,,EN PROCESO DE INVESTIGACIÓN,NO CUENTA CON CAUSA ESPECIFICA,17.0,2,2023.0,9.0,0.0,0,2,3,0,0.0,0.0,1.0,1.0,0,0,31.0,10.816653826391969,0,0,3,0.0,0.0,0
A-2023-09-46,2023-09-25,18:30,ATROPELLO FUGA,1,1,0,AREQUIPA,AREQUIPA,LA JOYA,URBANA,CARRETERA,NACIONAL,PE-1S,-16.5123924,-71.8091597,DESPEJADO,COMERCIAL,TRAMO RECTO,PLANA ,ASFALTADA,,,,,EN PROCESO DE INVESTIGACIÓN,NO CUENTA CON CAUSA ESPECIFICA,18.0,0,2023.0,9.0,0.0,0,3,3,0,0.0,0.0,0.0,0.0,0,0,49.5,30.405591591021544,0,1,2,0.0,0.5,1
A-2023-09-55,2023-09-25,22:30,DESPISTE,1,0,1,CUSCO,CANAS,YANAOCA,RURAL,CARRETERA,DEPARTAMENTAL,CU-136,-14.200679,-71.43924058,DESPEJADO,RURAL,TRAMO RECTO,INCLINADA,ASFALTADA,,,,,IMPRUDENCIA DEL CONDUCTOR,EXCESO DE VELOCIDAD,22.0,0,2023.0,9.0,0.0,0,3,3,1,0.0,1.0,0.0,1.0,0,0,26.0,0.0,0,0,1,0.0,0.0,1
A-2023-09-138,2023-09-26,01:30,VOLCADURA,1,0,0,LIMA,LIMA,RIMAC,URBANA,CARRETERA,NACIONAL,PE-1N,-12.0424368,-77.03060399,DESPEJADO,COMERCIAL,TRAMO RECTO,PLANA ,ASFALTADA,,,,,IMPRUDENCIA DEL CONDUCTOR,OTRO (IMPRUDENCIA DEL CONDUCTOR),1.0,0,2023.0,9.0,1.0,0,0,3,0,0.0,0.0,0.0,0.0,0,0,34.0,0.0,0,1,1,0.0,1.0,1
A-2023-09-45,2023-09-26,07:55,CHOQUE,1,0,0,AREQUIPA,AREQUIPA,AREQUIPA,URBANA,AVENIDA,URBANO,NO CORRESPONDE,-16.409531,-71.533565,DESPEJADO,RESIDENCIAL,TRAMO RECTO,PLANA ,ASFALTADA,,,,,EN PROCESO DE INVESTIGACIÓN,NO CUENTA CON CAUSA ESPECIFICA,7.0,0,2023.0,9.0,1.0,0,1,3,0,1.0,0.0,0.0,1.0,0,0,32.5,4.949747468305833,0,2,2,0.0,1.0,0
A-2023-09-139,2023-09-26,19:25,ATROPELLO,1,1,0,LIMA,LIMA,ANCON,URBANA,CARRETERA,NACIONAL,PE-1N,-11.769943,-77.158992,DESPEJADO,RURAL,TRAMO RECTO,PLANA ,ASFALTADA,,,,,EN PROCESO DE INVESTIGACIÓN,NO CUENTA CON CAUSA ESPECIFICA,19.0,0,2023.0,9.0,1.0,0,3,3,0,0.0,0.0,0.0,0.0,0,0,0.0,0.0,0,0,3,0.0,0.0,1
A-2023-09-141,2023-09-27,06:30,CHOQUE,1,1,0,LIMA,LIMA,COMAS,URBANA,CALLE,URBANO,NO CORRESPONDE,-11.95251972,-77.05317792,DESPEJADO,COMERCIAL,INTERSECCIÓN,PLANA ,ASFALTADA,,,,,EN PROCESO DE INVESTIGACIÓN,NO CUENTA CON CAUSA ESPECIFICA,6.0,0,2023.0,9.0,2.0,0,1,3,0,2.0,0.0,0.0,2.0,0,0,25.0,5.656854249492381,0,2,4,0.0,0.5,0
A-2023-09-143,2023-09-27,15:50,DESPISTE,1,0,0,LIMA,HUAROCHIRI,SAN MATEO,RURAL,CARRETERA,NACIONAL,PE-22,-11.747355,-76.291037,DESPEJADO,RURAL,TRAMO RECTO,PLANA ,ASFALTADA,,,,,EN PROCESO DE INVESTIGACIÓN,NO CUENTA CON CAUSA ESPECIFICA,15.0,0,2023.0,9.0,2.0,0,2,3,0,0.0,0.0,0.0,0.0,0,0,48.0,0.0,0,1,2,0.0,0.5,0
A-2023-09-182,2023-09-27,15:50,DESPISTE,1,0,0,LIMA,HUAROCHIRI,SAN MATEO,RURAL,CARRETERA,NACIONAL,PE-22,-11.747348,-76.291009,DESPEJADO,RURAL,SINUOSA,PLANA ,ASFALTADA,,,,,EN PROCESO DE INVESTIGACIÓN,NO CUENTA CON CAUSA ESPECIFICA,15.0,0,2023.0,9.0,2.0,0,2,3,0,0.0,0.0,0.0,0.0,0,0,49.0,0.0,0,1,1,0.0,1.0,0
A-2023-09-81,2023-09-27,18:00,CHOQUE FUGA,1,0,1,LA LIBERTAD,TRUJILLO,FLORENCIA DE MORA,URBANA,CALLE,URBANO,NO CORRESPONDE,-8.08367955,-79.0257049,DESPEJADO,RURAL,INTERSECCIÓN,PLANA ,ASFALTADA,,,,,EN PROCESO DE INVESTIGACIÓN,NO CUENTA CON CAUSA ESPECIFICA,18.0,0,2023.0,9.0,2.0,0,3,3,0,2.0,0.0,0.0,2.0,0,0,69.0,0.0,0,0,2,0.0,0.0,1
A-2023-09-140,2023-09-27,18:30,CHOQUE,1,0,0,LIMA,LIMA,SANTA ANITA,URBANA,AVENIDA,URBANO,NO CORRESPONDE,-12.03663367,-76.95139408,DESPEJADO,COMERCIAL,TRAMO RECTO,PLANA ,ASFALTADA,,,,,EN PROCESO DE INVESTIGACIÓN,NO CUENTA CON CAUSA ESPECIFICA,18.0,0,2023.0,9.0,2.0,0,3,3,0,1.0,0.0,0.0,1.0,0,0,48.0,0.0,0,1,2,0.0,0.5,1
A-2023-09-89,2023-09-27,19:15,CHOQUE,1,2,2,SAN MARTIN,RIOJA,PARDO MIGUEL,URBANA,CARRETERA,NACIONAL,PE-5N,-5.745433,-77.484213,DESPEJADO,RURAL,TRAMO RECTO,PLANA ,ASFALTADA,SI,PREVENTIVA (P),REGULADORA (R),NO,IMPRUDENCIA DEL CONDUCTOR,OTRO (IMPRUDENCIA DEL CONDUCTOR),19.0,0,2023.0,9.0,2.0,0,3,3,2,0.0,0.0,0.0,0.0,0,1,21.75,11.672617529928752,0,1,4,0.0,0.25,1
A-2023-09-47,2023-09-27,19:30,CHOQUE,1,1,0,AREQUIPA,CAYLLOMA,SAN ANTONIO DE CHUCA,RURAL,CARRETERA,NACIONAL,PE-34A,-15.896758,-71.179783,DESPEJADO,RURAL,TRAMO RECTO,PLANA ,ASFALTADA,NO,,,SI,EN PROCESO DE INVESTIGACIÓN,NO CUENTA CON CAUSA ESPECIFICA,19.0,0,2023.0,9.0,2.0,0,3,3,0,0.0,0.0,0.0,0.0,0,1,55.333333333333336,11.372481406154654,0,1,3,0.0,0.333,1
A-2023-09-48,2023-09-28,01:30,DESPISTE,1,2,0,AREQUIPA,ISLAY,ISLAY,RURAL,CARRETERA,NACIONAL,PE-34,-16.921003,-72.052476,DESPEJADO,RURAL,CURVA,INCLINADA,ASFALTADA,SI,REGULADORA (R),,SI,EN PROCESO DE INVESTIGACIÓN,NO CUENTA CON CAUSA ESPECIFICA,1.0,0,2023.0,9.0,3.0,0,0,3,0,0.0,1.0,0.0,1.0,0,0,25.0,3.4641016151377544,0,1,3,0.0,0.333,1
A-2023-09-184,2023-09-28,12:00,CHOQUE CON OBJETO FIJO,1,0,0,LIMA,LIMA,CIENEGUILLA,URBANA,AVENIDA,URBANO,NO CORRESPONDE,-12.0813387450977,-76.74527129244025,DESPEJADO,RESIDENCIAL,TRAMO RECTO,INCLINADA,TROCHA,,,,,EN PROCESO DE INVESTIGACIÓN,NO CUENTA CON CAUSA ESPECIFICA,12.0,0,2023.0,9.0,3.0,0,2,3,0,1.0,1.0,2.0,4.0,0,0,54.0,0.0,0,1,1,0.0,1.0,0
A-2023-09-51,2023-09-28,15:40,CHOQUE,3,0,2,CUSCO,QUISPICANCHI,LUCRE,RURAL,CARRETERA,NACIONAL,PE-3S,-13.60728771674809,-71.75006585222444,LLUVIOSO,COMERCIAL,TRAMO RECTO,PLANA ,ASFALTADA,NO,,,SI,IMPRUDENCIA DEL CONDUCTOR,INVASIÓN DE CARRIL,15.0,2,2023.0,9.0,3.0,0,2,3,1,0.0,0.0,0.0,0.0,1,1,39.0,14.142135623730951,0,2,4,0.0,0.5,0
A-2023-09-82,2023-09-28,17:30,CHOQUE,1,0,2,LA LIBERTAD,CHEPEN,PACANGA,RURAL,CARRETERA,NACIONAL,PE-1N,-7.091828,-79.526483,DESPEJADO,RURAL,TRAMO RECTO,PLANA ,ASFALTADA,,,,,IMPRUDENCIA DEL CONDUCTOR,CONDUCIR EN ESTADO DE EBRIEDAD Y/O DROGADICCIÓN,17.0,0,2023.0,9.0,3.0,0,2,3,0,0.0,0.0,0.0,0.0,0,0,52.5,14.849242404917497,0,1,2,0.0,0.5,0
A-2023-09-88,2023-09-28,18:00,ESPECIAL,1,0,0,AREQUIPA,CAYLLOMA,TAPAY,URBANA,CARRETERA,SIN CLASIFICAR,SIN CLASIFICAR,-15.470647,-71.958601,DESPEJADO,RESIDENCIAL,TÚNEL,PLANA ,CONCRETO,,,,,EN PROCESO DE INVESTIGACIÓN,NO CUENTA CON CAUSA ESPECIFICA,18.0,0,2023.0,9.0,3.0,0,3,3,0,0.0,0.0,0.0,0.0,0,0,46.0,0.0,0,0,1,0.0,0.0,1
A-2023-09-142,2023-09-28,19:30,ATROPELLO FUGA,1,0,0,LIMA,LIMA,CHACLACAYO,URBANA,CARRETERA,NACIONAL,PE-22,-11.992203,-76.825113,DESPEJADO,RESIDENCIAL,INTERSECCIÓN,PLANA ,ASFALTADA,,,,,EN PROCESO DE INVESTIGACIÓN,NO CUENTA CON CAUSA ESPECIFICA,19.0,0,2023.0,9.0,3.0,0,3,3,0,0.0,0.0,0.0,0.0,0,0,0.0,0.0,0,0,2,0.0,0.0,1
A-2023-09-111,2023-09-28,20:50,ATROPELLO,1,0,0,JUNIN,HUANCAYO,SAPALLANGA,RURAL,CARRETERA,PROVINCIAL,JU-1044,-12.123967869128,-75.1731287049671,DESPEJADO,RURAL,TRAMO RECTO,PLANA ,ASFALTADA,,,,,IMPRUDENCIA DEL PEATÓN,ESTADO DE EBRIEDAD Y/O DROGADICCIÓN,20.0,0,2023.0,9.0,3.0,0,3,3,1,0.0,0.0,0.0,0.0,0,0,37.0,21.213203435596427,0,1,2,0.0,0.5,1
A-2023-09-145,2023-09-28,21:00,CHOQUE CON OBJETO FIJO,1,0,0,LIMA,LIMA,CIENEGUILLA,RURAL,AVENIDA,URBANO,NO CORRESPONDE,-12.09060189,-76.77498552,DESPEJADO,RURAL,INTERSECCIÓN,PLANA ,TROCHA,,,,,EN PROCESO DE INVESTIGACIÓN,NO CUENTA CON CAUSA ESPECIFICA,21.0,0,2023.0,9.0,3.0,0,3,3,0,1.0,0.0,2.0,3.0,0,0,54.0,0.0,0,1,1,0.0,1.0,1
A-2023-09-144,2023-09-29,05:30,ATROPELLO FUGA,1,0,0,LIMA,LIMA,ANCON,RURAL,CARRETERA,NACIONAL,PE-1N,-11.792218,-77.147074,DESPEJADO,RURAL,TRAMO RECTO,PLANA ,ASFALTADA,,,,,EN PROCESO DE INVESTIGACIÓN,NO CUENTA CON CAUSA ESPECIFICA,5.0,0,2023.0,9.0,4.0,0,0,3,0,0.0,0.0,0.0,0.0,0,0,0.0,0.0,0,0,2,0.0,0.0,1
A-2023-09-183,2023-09-29,05:30,ATROPELLO FUGA,1,0,0,LIMA,LIMA,ANCON,RURAL,CARRETERA,NACIONAL,PE-1N,-11.793869,-77.145334,DESPEJADO,RURAL,INTERSECCIÓN,PLANA ,ASFALTADA,,,,,IMPRUDENCIA DEL CONDUCTOR,EXCESO DE VELOCIDAD,5.0,0,2023.0,9.0,4.0,0,0,3,0,0.0,0.0,0.0,0.0,0,0,38.0,0.0,0,0,2,0.0,0.0,1
A-2023-09-50,2023-09-29,18:30,CHOQUE,1,0,2,CUSCO,URUBAMBA,YUCAY,URBANA,CARRETERA,NACIONAL,PE-28B,-13.315694,-72.092662,DESPEJADO,COMERCIAL,TRAMO RECTO,PLANA ,ASFALTADA,SI,PREVENTIVA (P),,SI,IMPRUDENCIA DEL CONDUCTOR,CONDUCIR EN ESTADO DE EBRIEDAD Y/O DROGADICCIÓN,18.0,0,2023.0,9.0,4.0,0,3,3,1,0.0,0.0,0.0,0.0,0,0,28.0,0.0,1,1,2,0.5,0.5,1
A-2023-09-83,2023-09-29,22:30,CHOQUE,1,1,2,LA LIBERTAD,TRUJILLO,MOCHE,URBANA,CARRETERA,NACIONAL,PE-1N,-8.157584445873631,-79.01213760061023,DESPEJADO,COMERCIAL,TRAMO RECTO,PLANA ,ASFALTADA,,,,,IMPRUDENCIA DEL CONDUCTOR,ADELANTAR INDEBIDAMENTE,22.0,0,2023.0,9.0,4.0,0,3,3,0,0.0,0.0,0.0,0.0,0,0,27.666666666666668,7.234178138070235,0,2,3,0.0,0.667,1
A-2023-09-146,2023-09-29,22:40,CHOQUE,1,0,0,LIMA,LIMA,LURIGANCHO,URBANA,AVENIDA,URBANO,NO CORRESPONDE,-11.9985009,-76.92684323,DESPEJADO,RURAL,INTERSECCIÓN,PLANA ,AFIRMADO,,,,,EN PROCESO DE INVESTIGACIÓN,NO CUENTA CON CAUSA ESPECIFICA,22.0,0,2023.0,9.0,4.0,0,3,3,0,1.0,0.0,1.0,2.0,0,0,29.0,11.313708498984761,0,1,3,0.0,0.333,1
A-2023-09-98,2023-09-30,13:15,ATROPELLO,1,0,0,PIURA,PIURA,CASTILLA,RURAL,CARRETERA,NACIONAL,PE-1NJ,-5.159041,-80.502282,DESPEJADO,RURAL,TRAMO RECTO,PLANA ,ASFALTADA,,,,,EN PROCESO DE INVESTIGACIÓN,NO CUENTA CON CAUSA ESPECIFICA,13.0,0,2023.0,9.0,5.0,1,2,3,0,0.0,0.0,0.0,0.0,0,0,35.5,16.263455967290593,0,0,2,0.0,0.0,0
A-2023-09-156,2023-09-30,13:30,VOLCADURA,1,0,0,CAJAMARCA,CHOTA,HUAMBOS,RURAL,CARRETERA,PROVINCIAL,CA-827,-6.430171,-79.007861,DESPEJADO,RURAL,CURVA,INCLINADA,AFIRMADO,SI,REGULADORA (R),,NO,IMPRUDENCIA DEL CONDUCTOR,OTRO (IMPRUDENCIA DEL CONDUCTOR),13.0,0,2023.0,9.0,5.0,1,2,3,1,0.0,1.0,1.0,2.0,0,1,36.0,0.0,0,0,1,0.0,0.0,0
A-2023-09-112,2023-09-30,17:30,DESPISTE,1,2,0,JUNIN,JUNIN,CARHUAMAYO,RURAL,CARRETERA,DEPARTAMENTAL,JU-107,-10.899831187343146,-75.97681054863266,LLUVIOSO,RURAL,CURVA,PLANA ,ASFALTADA,SI,PREVENTIVA (P),,SI,EN PROCESO DE INVESTIGACIÓN,NO CUENTA CON CAUSA ESPECIFICA,17.0,0,2023.0,9.0,5.0,1,2,3,1,0.0,0.0,0.0,0.0,1,0,60.0,27.386127875258307,0,1,4,0.0,0.25,0
A-2023-09-109,2023-09-30,19:00,ATROPELLO,1,1,1,TACNA,TACNA,CALANA,URBANA,CARRETERA,PROVINCIAL,TA-617,-17.962042,-70.187507,DESPEJADO,RESIDENCIAL,TRAMO RECTO,PLANA ,ASFALTADA,,,,,IMPRUDENCIA DEL CONDUCTOR,OTRO (IMPRUDENCIA DEL CONDUCTOR),19.0,0,2023.0,9.0,5.0,1,3,3,0,0.0,0.0,0.0,0.0,0,0,52.0,3.605551275463989,0,1,3,0.0,0.333,1
A-2023-09-147,2023-09-30,19:45,CHOQUE,1,1,0,LIMA,LIMA,SAN MIGUEL,URBANA,AVENIDA,URBANO,NO CORRESPONDE,-12.07537112,-77.0976693,DESPEJADO,COMERCIAL,TRAMO RECTO,PLANA ,ASFALTADA,,,,,EN PROCESO DE INVESTIGACIÓN,NO CUENTA CON CAUSA ESPECIFICA,19.0,0,2023.0,9.0,5.0,1,3,3,0,1.0,0.0,0.0,1.0,0,0,54.5,21.920310216782973,0,1,3,0.0,0.333,1
A-2023-09-149,2023-09-30,22:10,CHOQUE,1,0,0,PIURA,PIURA,VEINTISEIS DE OCTUBRE,URBANA,CALLE,URBANO,NO CORRESPONDE,-5.190595,-80.684413,DESPEJADO,RURAL,TRAMO RECTO,PLANA ,ASFALTADA,,,,,EN PROCESO DE INVESTIGACIÓN,NO CUENTA CON CAUSA ESPECIFICA,22.0,0,2023.0,9.0,5.0,1,3,3,0,2.0,0.0,0.0,2.0,0,0,58.0,0.0,0,0,2,0.0,0.0,1
A-2023-10-1,2023-10-01,16:50,ATROPELLO,1,0,0,ICA,ICA,SALAS,URBANA,CALLE,URBANO,NO CORRESPONDE,-13.929576,-75.922216,DESPEJADO,COMERCIAL,TRAMO RECTO,PLANA ,TROCHA,,,,,EN PROCESO DE INVESTIGACIÓN,NO CUENTA CON CAUSA ESPECIFICA,16.0,0,2023.0,10.0,6.0,1,2,3,0,2.0,0.0,2.0,4.0,0,0,14.0,15.556349186104045,0,1,2,0.0,0.5,0
A-2023-10-25,2023-10-01,18:30,ATROPELLO FUGA,1,0,0,CUSCO,CUSCO,SANTIAGO,RURAL,CARRETERA,DEPARTAMENTAL,CU-117,-13.5615,-71.993886,DESPEJADO,RURAL,TRAMO RECTO,PLANA ,ASFALTADA,,,,,IMPRUDENCIA DEL PEATÓN,ESTADO DE EBRIEDAD Y/O DROGADICCIÓN,18.0,0,2023.0,10.0,6.0,1,3,3,1,0.0,0.0,0.0,0.0,0,0,64.0,0.0,0,0,2,0.0,0.0,1
A-2023-10-147,2023-10-01,19:20,ATROPELLO FUGA,1,0,0,PUNO,LAMPA,CALAPUJA,RURAL,CARRETERA,NACIONAL,PE-3S,-15.3452921,-70.1809546,DESPEJADO,RURAL,TRAMO RECTO,PLANA ,ASFALTADA,,,,,EN PROCESO DE INVESTIGACIÓN,NO CUENTA CON CAUSA ESPECIFICA,19.0,0,2023.0,10.0,6.0,1,3,3,1,0.0,0.0,0.0,0.0,0,0,39.0,0.0,0,0,2,0.0,0.0,1
A-2023-10-2,2023-10-01,21:20,ATROPELLO FUGA,1,0,0,ICA,PISCO,SAN CLEMENTE,RURAL,CARRETERA,NACIONAL,PE-28A,-13.679633,-76.143351,DESPEJADO,RURAL,TRAMO RECTO,PLANA ,ASFALTADA,,,,,EN PROCESO DE INVESTIGACIÓN,NO CUENTA CON CAUSA ESPECIFICA,21.0,0,2023.0,10.0,6.0,1,3,3,0,0.0,0.0,0.0,0.0,0,0,54.0,0.0,0,0,2,0.0,0.0,1
A-2023-10-5,2023-10-02,02:50,CHOQUE,1,0,2,TUMBES,TUMBES,TUMBES,URBANA,CARRETERA,NACIONAL,PE-1N,-3.5549045070785783,-80.43617063825494,DESPEJADO,COMERCIAL,TRAMO RECTO,PLANA ,ASFALTADA,SI,PREVENTIVA (P),,NO,IMPRUDENCIA DEL CONDUCTOR,OTRO (IMPRUDENCIA DEL CONDUCTOR),2.0,0,2023.0,10.0,0.0,0,0,3,0,0.0,0.0,0.0,0.0,0,1,48.0,32.526911934581186,0,2,3,0.0,0.667,1