CODIGO_SINIESTRO,FECHA_SINIESTRO,HORA_SINIESTRO,CLASE_SINIESTRO,CANTIDAD_FALLECIDOS,CANTIDAD_LESIONADOS,CANTIDAD_VEHICULOS,DEPARTAMENTO,PROVINCIA,DISTRITO,ZONA,TIPO_VIA,RED_VIAL,COD_CARRETERA,LATITUD,LONGITUD,CONDICION_CLIMATICA,ZONIFICACION,CARACTERISTICAS_VIA,PERFIL_VIA,SUPERFICIE_CALZADA,EXISTE_SENIAL_VERTICAL,CLASIFICACION_SENIAL_VERTICAL_1,CLASIFICACION_SENIAL_VERTICAL_2,EXISTE_SENIAL_HORIZONTAL,CAUSA_FACTOR_PRINCIPAL,CAUSA_ESPECIFICA,HORA,severidad,ANIO,MES,DIA_SEMANA,FIN_SEMANA,FRANJA_HORARIA,TEMPORADA,MACROREGION,TIPO_VIA_SCORE,PERFIL_VIA_SCORE,SUPERFICIE_CALZADA_SCORE,RIESGO_INFRAESTRUCTURA,RIESGO_CLIMATICO,SENIALIZACION_DEFICIENTE,EDAD_PROMEDIO,EDAD_STD,TOTAL_ALCOHOL,TOTAL_LICENCIA,TOTAL_PERSONAS,PCT_ALCOHOL,PCT_LICENCIA,ES_NOCHE
A-2023-10-95,2023-10-02,12:35,ATROPELLO,1,0,0,LIMA,LIMA,LURIGANCHO,URBANA,AVENIDA,URBANO,NO CORRESPONDE,-12.00262488,-76.86713909,DESPEJADO,COMERCIAL,TRAMO RECTO,PLANA ,ASFALTADA,,,,,IMPRUDENCIA DEL CONDUCTOR,OTRO (IMPRUDENCIA DEL CONDUCTOR),12.0,0,2023.0,10.0,0.0,0,2,3,0,1.0,0.0,0.0,1.0,0,0,37.0,0.0,0,0,2,0.0,0.0,0
A-2023-10-3,2023-10-02,15:30,DESPISTE,3,2,1,HUANCAVELICA,HUAYTARA,HUAYTARA,RURAL,CARRETERA,NACIONAL,PE-28A,-13.591039,-75.29508,DESPEJADO,RURAL,CURVA,PLANA ,ASFALTADA,SI,PREVENTIVA (P),REGULADORA (R),SI,EN PROCESO DE INVESTIGACIÓN,NO CUENTA CON CAUSA ESPECIFICA,15.0,2,2023.0,10.0,0.0,0,2,3,1,0.0,0.0,0.0,0.0,0,0,45.6,4.9295030175464944,0,1,5,0.0,0.2,0
A-2023-10-61,2023-10-02,15:30,CHOQUE,1,14,2,CUSCO,URUBAMBA,OLLANTAYTAMBO,RURAL,CARRETERA,NACIONAL,PE-28B,-13.2604422283382,-72.2462892493201,DESPEJADO,RURAL,TRAMO RECTO,PLANA ,ASFALTADA,NO,,,SI,IMPRUDENCIA DEL CONDUCTOR,INVASIÓN DE CARRIL,15.0,0,2023.0,10.0,0.0,0,2,3,1,0.0,0.0,0.0,0.0,0,1,30.53846153846154,18.63963243832607,0,2,15,0.0,0.133,0
A-2023-10-34,2023-10-02,18:15,CHOQUE,1,0,2,LA LIBERTAD,TRUJILLO,TRUJILLO,URBANA,CARRETERA,NACIONAL,PE-10A,-8.118218,-79.003657,DESPEJADO,COMERCIAL,TRAMO RECTO,PLANA ,ASFALTADA,,,,,IMPRUDENCIA DEL CONDUCTOR,OTRO (IMPRUDENCIA DEL CONDUCTOR),18.0,0,2023.0,10.0,0.0,0,3,3,0,0.0,0.0,0.0,0.0,0,0,51.5,19.091883092036785,0,2,2,0.0,1.0,1
A-2023-10-96,2023-10-02,19:00,DESPISTE,1,0,0,LIMA,LIMA,INDEPENDENCIA,URBANA,AVENIDA,URBANO,NO CORRESPONDE,-11.99322374,-77.05684144,DESPEJADO,COMERCIAL,TRAMO RECTO,PLANA ,ASFALTADA,,,,,EN PROCESO DE INVESTIGACIÓN,NO CUENTA CON CAUSA ESPECIFICA,19.0,0,2023.0,10.0,0.0,0,3,3,0,1.0,0.0,0.0,1.0,0,0,18.0,0.0,0,0,1,0.0,0.0,1
A-2023-10-66,2023-10-02,22:00,CHOQUE,1,0,0,PIURA,PIURA,CATACAOS,RURAL,CARRETERA,PROVINCIAL,PI-1020,-5.247609,-80.678845,DESPEJADO,RURAL,TRAMO RECTO,PLANA ,AFIRMADO,,,,,EN PROCESO DE INVESTIGACIÓN,NO CUENTA CON CAUSA ESPECIFICA,22.0,0,2023.0,10.0,0.0,0,3,3,0,0.0,0.0,1.0,1.0,0,0,48.0,0.0,1,0,2,0.5,0.0,1
A-2023-10-70,2023-10-03,10:20,VOLCADURA,1,0,1,AMAZONAS,RODRIGUEZ DE MENDOZA,LONGAR,RURAL,CARRETERA,PROVINCIAL,AM-682,-6.388276,-77.529105,SOLEADO,RURAL,TRAMO RECTO,PLANA ,ASFALTADA,NO,,,SI,EN PROCESO DE INVESTIGACIÓN,NO CUENTA CON CAUSA ESPECIFICA,10.0,0,2023.0,10.0,1.0,0,1,3,2,0.0,0.0,0.0,0.0,0,1,46.0,0.0,0,0,1,0.0,0.0,0
A-2023-10-12,2023-10-03,15:00,DESPISTE,1,2,1,SAN MARTIN,RIOJA,SAN FERNANDO,RURAL,CARRETERA,PROVINCIAL,SM-532,-5.876039,-77.277891,DESPEJADO,RURAL,CURVA,INCLINADA,AFIRMADO,,,,,IMPRUDENCIA DEL CONDUCTOR,OTRO (IMPRUDENCIA DEL CONDUCTOR),15.0,0,2023.0,10.0,1.0,0,2,3,2,0.0,1.0,1.0,2.0,0,0,11.666666666666666,0.5773502691896255,0,0,3,0.0,0.0,0
A-2023-10-180,2023-10-04,10:48,ATROPELLO FUGA,1,0,0,LIMA,LIMA,ATE,URBANA,AVENIDA,URBANO,NO CORRESPONDE,-12.026901104856044,-76.95011943110866,DESPEJADO,RESIDENCIAL,TRAMO RECTO,PLANA ,ASFALTADA,,,,,IMPRUDENCIA DEL CONDUCTOR,OTRO (IMPRUDENCIA DEL CONDUCTOR),10.0,0,2023.0,10.0,2.0,0,1,3,0,1.0,0.0,0.0,1.0,0,0,71.0,0.0,0,0,2,0.0,0.0,0
A-2023-10-97,2023-10-04,10:48,ATROPELLO FUGA,1,0,0,LIMA,LIMA,ATE,URBANA,AVENIDA,URBANO,NO CORRESPONDE,-12.0268189,-76.9497764,DESPEJADO,RESIDENCIAL,TRAMO RECTO,PLANA ,ASFALTADA,,,,,EN PROCESO DE INVESTIGACIÓN,NO CUENTA CON CAUSA ESPECIFICA,10.0,0,2023.0,10.0,2.0,0,1,3,0,1.0,0.0,0.0,1.0,0,0,0.0,0.0,0,0,2,0.0,0.0,0
A-2023-10-36,2023-10-05,04:40,CHOQUE,1,0,2,LA LIBERTAD,TRUJILLO,LAREDO,RURAL,CARRETERA,NACIONAL,PE-10A,-8.0439928,-78.846576,DESPEJADO,RURAL,TRAMO RECTO,PLANA ,ASFALTADA,,,,,IMPRUDENCIA DEL CONDUCTOR,OTRO (IMPRUDENCIA DEL CONDUCTOR),4.0,0,2023.0,10.0,3.0,0,0,3,0,0.0,0.0,0.0,0.0,0,0,45.5,21.920310216782973,0,1,2,0.0,0.5,1
A-2023-10-179,2023-10-05,07:30,ATROPELLO,1,0,0,LIMA,LIMA,CARABAYLLO,URBANA,AVENIDA,URBANO,NO CORRESPONDE,-11.831418478139195,-77.06865083000119,DESPEJADO,COMERCIAL,TRAMO RECTO,PLANA ,ASFALTADA,,,,,EN PROCESO DE INVESTIGACIÓN,NO CUENTA CON CAUSA ESPECIFICA,7.0,0,2023.0,10.0,3.0,0,1,3,0,1.0,0.0,0.0,1.0,0,0,30.0,25.45584412271571,0,1,2,0.0,0.5,0
A-2023-10-92,2023-10-05,11:00,DESPISTE,1,0,1,AYACUCHO,SUCRE,QUEROBAMBA,RURAL,CARRETERA,NACIONAL,PE-32A,-14.065390292984306,-73.83334945850414,DESPEJADO,RURAL,SINUOSA,INCLINADA,AFIRMADO,,,,,IMPRUDENCIA DEL CONDUCTOR,OTRO (IMPRUDENCIA DEL CONDUCTOR),11.0,0,2023.0,10.0,3.0,0,1,3,1,0.0,1.0,1.0,2.0,0,0,38.0,0.0,0,0,1,0.0,0.0,0
A-2023-10-49,2023-10-05,14:50,CHOQUE,1,0,1,PUNO,AZANGARO,SAN JOSE,RURAL,CARRETERA,SIN CLASIFICAR,SIN CLASIFICAR,-14.757732486374506,-70.1459186728382,DESPEJADO,RURAL,CURVA,PLANA ,TROCHA,,,,,IMPRUDENCIA DEL CONDUCTOR,EXCESO DE VELOCIDAD,14.0,0,2023.0,10.0,3.0,0,2,3,1,0.0,0.0,2.0,2.0,0,0,58.5,2.1213203435596424,0,1,2,0.0,0.5,0
A-2023-10-98,2023-10-06,04:20,ATROPELLO,1,0,0,LIMA,LIMA,COMAS,URBANA,AVENIDA,URBANO,NO CORRESPONDE,-11.92211197,-77.0421882,DESPEJADO,RESIDENCIAL,TRAMO RECTO,PLANA ,ASFALTADA,,,,,EN PROCESO DE INVESTIGACIÓN,NO CUENTA CON CAUSA ESPECIFICA,4.0,0,2023.0,10.0,4.0,0,0,3,0,1.0,0.0,0.0,1.0,0,0,24.0,0.0,0,1,2,0.0,0.5,1
A-2023-10-162,2023-10-06,07:40,CHOQUE,1,4,2,CAJAMARCA,CUTERVO,SANTO DOMINGO DE LA CAPILLA,RURAL,CARRETERA,NACIONAL,PE-3N,-6.284175225,-78.83613878,DESPEJADO,RURAL,CURVA,INCLINADA,ASFALTADA,SI,PREVENTIVA (P),,SI,NEGLIGENCIA DEL CONDUCTOR,CONDUCIR CON FALLAS DE FRENOS,7.0,0,2023.0,10.0,4.0,0,1,3,1,0.0,1.0,0.0,1.0,0,0,44.4,9.939818911831342,0,2,5,0.0,0.4,0
A-2023-10-67,2023-10-06,12:50,CHOQUE,1,1,0,PIURA,PIURA,PIURA,RURAL,CARRETERA,NACIONAL,PE-1N,-5.102839,-80.704,DESPEJADO,RURAL,TRAMO RECTO,PLANA ,ASFALTADA,,,,,EN PROCESO DE INVESTIGACIÓN,NO CUENTA CON CAUSA ESPECIFICA,12.0,0,2023.0,10.0,4.0,0,2,3,0,0.0,0.0,0.0,0.0,0,0,33.666666666666664,3.214550253664317,0,2,3,0.0,0.667,0
A-2023-10-171,2023-10-06,20:20,CHOQUE,1,1,2,CAJAMARCA,JAEN,BELLAVISTA,RURAL,CARRETERA,NACIONAL,PE-5N,-5.598953,-78.781142,DESPEJADO,RESIDENCIAL,TRAMO RECTO,PLANA ,ASFALTADA,SI,INFORMATIVA (I),,SI,IMPRUDENCIA DEL CONDUCTOR,OTRO (IMPRUDENCIA DEL CONDUCTOR),20.0,0,2023.0,10.0,4.0,0,3,3,1,0.0,0.0,0.0,0.0,0,0,21.666666666666668,19.087517736293876,0,1,3,0.0,0.333,1
A-2023-10-4,2023-10-06,21:00,ATROPELLO,1,0,0,AREQUIPA,CAYLLOMA,MAJES,URBANA,CARRETERA,DEPARTAMENTAL,AR-108,-16.3638365470514,-72.1605508747011,DESPEJADO,RESIDENCIAL,OTRO,PLANA ,TROCHA,,,,,EN PROCESO DE INVESTIGACIÓN,NO CUENTA CON CAUSA ESPECIFICA,21.0,0,2023.0,10.0,4.0,0,3,3,0,0.0,0.0,2.0,2.0,0,0,40.0,1.4142135623730951,0,1,2,0.0,0.5,1
A-2023-10-156,2023-10-07,12:50,CAÍDA DE PASAJERO,1,0,1,CAJAMARCA,CAJAMARCA,CAJAMARCA,URBANA,AVENIDA,URBANO,NO CORRESPONDE,-7.1673763,-78.5109605,DESPEJADO,COMERCIAL,TRAMO RECTO,PLANA ,CONCRETO,,,,,IMPRUDENCIA DEL CONDUCTOR,OTRO (IMPRUDENCIA DEL CONDUCTOR),12.0,0,2023.0,10.0,5.0,1,2,3,1,1.0,0.0,0.0,1.0,0,0,18.0,22.627416997969522,0,1,2,0.0,0.5,0
A-2023-10-37,2023-10-07,13:40,ATROPELLO,1,0,1,LA LIBERTAD,VIRU,CHAO,RURAL,CARRETERA,NACIONAL,PE-1N,-8.548686,-78.67475,DESPEJADO,RURAL,TRAMO RECTO,PLANA ,ASFALTADA,,,,,IMPRUDENCIA DEL PEATÓN,CRUCE INDEBIDO POR LA CALZADA,13.0,0,2023.0,10.0,5.0,1,2,3,0,0.0,0.0,0.0,0.0,0,0,36.0,39.59797974644666,0,1,2,0.0,0.5,0
A-2023-10-140,2023-10-07,18:00,CHOQUE,1,0,0,CALLAO,CALLAO,BELLAVISTA,URBANA,AVENIDA,URBANO,NO CORRESPONDE,-12.0657239490399,-77.1214311651844,DESPEJADO,COMERCIAL,TRAMO RECTO,PLANA ,CONCRETO,NO,,,SI,IMPRUDENCIA DEL CONDUCTOR,CONDUCIR EN ESTADO DE EBRIEDAD Y/O DROGADICCIÓN,18.0,0,2023.0,10.0,5.0,1,3,3,0,1.0,0.0,0.0,1.0,0,1,61.0,7.0710678118654755,0,2,2,0.0,1.0,1
A-2023-10-9,2023-10-07,19:00,ATROPELLO,1,0,1,CALLAO,CALLAO,VENTANILLA,URBANA,AVENIDA,URBANO,NO CORRESPONDE,-11.8772184769745,-77.1166004247827,DESPEJADO,COMERCIAL,TRAMO RECTO,INCLINADA,ASFALTADA,,,,,IMPRUDENCIA DEL CONDUCTOR,OTRO (IMPRUDENCIA DEL CONDUCTOR),19.0,0,2023.0,10.0,5.0,1,3,3,0,1.0,1.0,0.0,2.0,0,0,60.5,36.062445840513924,0,1,2,0.0,0.5,1
A-2023-10-76,2023-10-07,20:50,CHOQUE,1,1,2,AMAZONAS,UTCUBAMBA,BAGUA GRANDE,RURAL,CARRETERA,NACIONAL,PE-5N,-5.758099,-78.43166,DESPEJADO,RURAL,TRAMO RECTO,PLANA ,ASFALTADA,NO,,,SI,EN PROCESO DE INVESTIGACIÓN,NO CUENTA CON CAUSA ESPECIFICA,20.0,0,2023.0,10.0,5.0,1,3,3,2,0.0,0.0,0.0,0.0,0,1,35.333333333333336,3.0550504633038944,0,2,3,0.0,0.667,1
A-2023-10-13,2023-10-07,22:00,ATROPELLO,1,0,1,SAN MARTIN,LAMAS,ALONSO DE ALVARADO,URBANA,CARRETERA,NACIONAL,PE-5N,-6.30653,-76.725493,DESPEJADO,RURAL,TRAMO RECTO,INCLINADA,ASFALTADA,,,,,IMPRUDENCIA DEL CONDUCTOR,OTRO (IMPRUDENCIA DEL CONDUCTOR),22.0,0,2023.0,10.0,5.0,1,3,3,2,0.0,1.0,0.0,1.0,0,0,69.5,10.606601717798213,0,1,2,0.0,0.5,1
A-2023-10-163,2023-10-08,01:00,CHOQUE CON OBJETO FIJO,1,0,1,CAJAMARCA,JAEN,POMAHUACA,RURAL,CARRETERA,NACIONAL,PE-3N,-5.94432,-79.256122,DESPEJADO,RURAL,TRAMO RECTO,PLANA ,ASFALTADA,SI,PREVENTIVA (P),,SI,IMPRUDENCIA DEL CONDUCTOR,OTRO (IMPRUDENCIA DEL CONDUCTOR),1.0,0,2023.0,10.0,6.0,1,0,3,1,0.0,0.0,0.0,0.0,0,0,24.0,0.0,0,0,1,0.0,0.0,1
A-2023-10-17,2023-10-08,07:32,CHOQUE,1,3,2,PUNO,PUNO,PUNO,URBANA,CARRETERA,PROVINCIAL,PU-943,-15.826657,-70.013769,DESPEJADO,COMERCIAL,TRAMO RECTO,PLANA ,ASFALTADA,SI,INFORMATIVA (I),,NO,IMPRUDENCIA DEL CONDUCTOR,INVASIÓN DE CARRIL,7.0,0,2023.0,10.0,6.0,1,1,3,1,0.0,0.0,0.0,0.0,0,1,33.5,3.5355339059327378,0,2,4,0.0,0.5,0
A-2023-10-136,2023-10-08,10:30,ATROPELLO,1,1,1,TACNA,TACNA,LA YARADA LOS PALOS,RURAL,CARRETERA,PROVINCIAL,TA-642,-18.164670246604132,-70.43743723441393,DESPEJADO,RURAL,INTERSECCIÓN,PLANA ,ASFALTADA,,,,,IMPRUDENCIA DEL PEATÓN,CRUCE INDEBIDO POR LA CALZADA,10.0,0,2023.0,10.0,6.0,1,1,3,0,0.0,0.0,0.0,0.0,0,0,68.5,0.7071067811865476,0,1,2,0.0,0.5,0
A-2023-10-51,2023-10-08,15:00,DESPISTE,1,0,1,CUSCO,URUBAMBA,OLLANTAYTAMBO,RURAL,CARRETERA,NACIONAL,PE-28B,-13.201511811463655,-72.29708512671704,DESPEJADO,RURAL,CURVA,INCLINADA,ASFALTADA,SI,PREVENTIVA (P),,SI,IMPRUDENCIA DEL CONDUCTOR,CONDUCIR EN ESTADO DE EBRIEDAD Y/O DROGADICCIÓN,15.0,0,2023.0,10.0,6.0,1,2,3,1,0.0,1.0,0.0,1.0,0,0,21.0,0.0,1,1,2,0.5,0.5,0
A-2023-10-151,2023-10-08,18:00,ATROPELLO FUGA,1,0,0,PUNO,SAN ROMAN,JULIACA,RURAL,CARRETERA,NACIONAL,PE-34A,-15.5200114,-70.1781321,DESPEJADO,RURAL,TRAMO RECTO,PLANA ,ASFALTADA,,,,,EN PROCESO DE INVESTIGACIÓN,NO CUENTA CON CAUSA ESPECIFICA,18.0,0,2023.0,10.0,6.0,1,3,3,1,0.0,0.0,0.0,0.0,0,0,64.0,0.0,0,0,2,0.0,0.0,1
A-2023-10-19,2023-10-08,22:50,CHOQUE,1,7,2,ICA,PISCO,PISCO,URBANA,AVENIDA,URBANO,NO CORRESPONDE,-13.717245,-76.204005,DESPEJADO,COMERCIAL,INTERSECCIÓN,PLANA ,ASFALTADA,SI,REGULADORA (R),,SI,EN PROCESO DE INVESTIGACIÓN,NO CUENTA CON CAUSA ESPECIFICA,22.0,0,2023.0,10.0,6.0,1,3,3,0,1.0,0.0,0.0,1.0,0,0,20.25,15.078366717159483,1,1,8,0.125,0.125,1
A-2023-10-26,2023-10-08,23:05,ATROPELLO FUGA,1,0,0,CUSCO,CANCHIS,COMBAPATA,RURAL,CARRETERA,NACIONAL,PE-3S,-14.1069984555172,-71.4211097485868,DESPEJADO,RURAL,TRAMO RECTO,PLANA ,ASFALTADA,SI,PREVENTIVA (P),,NO,IMPRUDENCIA DEL PEATÓN,ESTADO DE EBRIEDAD Y/O DROGADICCIÓN,23.0,0,2023.0,10.0,6.0,1,3,3,1,0.0,0.0,0.0,0.0,0,1,65.0,0.0,0,0,2,0.0,0.0,1
A-2023-10-59,2023-10-09,01:30,ATROPELLO,1,0,1,CUSCO,CANCHIS,COMBAPATA,RURAL,CARRETERA,NACIONAL,PE-3S,-14.107019,-71.421132,DESPEJADO,RURAL,TRAMO RECTO,PLANA ,ASFALTADA,SI,PREVENTIVA (P),,SI,IMPRUDENCIA DEL PEATÓN,OTRO (IMPRUDENCIA DEL PEATÓN),1.0,0,2023.0,10.0,0.0,0,0,3,1,0.0,0.0,0.0,0.0,0,0,46.5,10.606601717798213,0,1,2,0.0,0.5,1
A-2023-10-6,2023-10-09,03:30,DESPISTE,1,0,1,TUMBES,CONTRALMIRANTE VILLAR,CASITAS,RURAL,CARRETERA,PROVINCIAL,TU-548,-3.9716658460065672,-80.6539337766366,DESPEJADO,RURAL,TRAMO RECTO,PLANA ,TROCHA,,,,,IMPRUDENCIA DEL CONDUCTOR,OTRO (IMPRUDENCIA DEL CONDUCTOR),3.0,0,2023.0,10.0,0.0,0,0,3,0,0.0,0.0,2.0,2.0,0,0,25.0,0.0,0,0,1,0.0,0.0,1
A-2023-10-87,2023-10-09,09:30,DESPISTE,3,0,0,JUNIN,YAULI,LA OROYA,RURAL,CARRETERA,NACIONAL,PE-3S,-11.544940357566531,-75.88144236359715,LLUVIOSO,RURAL,CURVA,PLANA ,ASFALTADA,SI,PREVENTIVA (P),,SI,IMPRUDENCIA DEL CONDUCTOR,OTRO (IMPRUDENCIA DEL CONDUCTOR),9.0,2,2023.0,10.0,0.0,0,1,3,1,0.0,0.0,0.0,0.0,1,0,31.666666666666668,14.468356276140469,0,1,3,0.0,0.333,0
A-2023-10-153,2023-10-09,13:40,CHOQUE,1,4,2,CAJAMARCA,JAEN,JAEN,URBANA,CARRETERA,NACIONAL,PE-5N,-5.67153,-78.773026,DESPEJADO,INDUSTRIAL,TRAMO RECTO,INCLINADA,ASFALTADA,SI,REGULADORA (R),,SI,IMPRUDENCIA DEL CONDUCTOR,OTRO (IMPRUDENCIA DEL CONDUCTOR),13.0,0,2023.0,10.0,0.0,0,2,3,1,0.0,1.0,0.0,1.0,0,0,20.0,17.378147196982766,0,0,6,0.0,0.0,0
A-2023-10-77,2023-10-09,14:00,DESPISTE,1,0,1,AMAZONAS,UTCUBAMBA,BAGUA GRANDE,URBANA,CARRETERA,NACIONAL,PE-5N,-5.7141033,-78.553582,DESPEJADO,RURAL,CURVA,INCLINADA,ASFALTADA,NO,,,SI,EN PROCESO DE INVESTIGACIÓN,NO CUENTA CON CAUSA ESPECIFICA,14.0,0,2023.0,10.0,0.0,0,2,3,2,0.0,1.0,0.0,1.0,0,1,19.0,0.0,0,0,1,0.0,0.0,0
A-2023-10-100,2023-10-09,14:10,ATROPELLO,1,0,0,LIMA,LIMA,LA VICTORIA,URBANA,AVENIDA,URBANO,NO CORRESPONDE,-12.06244303,-77.01280273,DESPEJADO,COMERCIAL,INTERSECCIÓN,PLANA ,ASFALTADA,,,,,EN PROCESO DE INVESTIGACIÓN,NO CUENTA CON CAUSA ESPECIFICA,14.0,0,2023.0,10.0,0.0,0,2,3,0,1.0,0.0,0.0,1.0,0,0,38.0,0.0,0,1,2,0.0,0.5,0
A-2023-10-7,2023-10-09,15:00,CHOQUE,1,1,2,TUMBES,ZARUMILLA,PAPAYAL,RURAL,CARRETERA,DEPARTAMENTAL,TU-101,-3.5456365203265623,-80.22734484128469,SOLEADO,RURAL,TRAMO RECTO,PLANA ,ASFALTADA,,,,,IMPRUDENCIA DEL CONDUCTOR,INVASIÓN DE CARRIL,15.0,0,2023.0,10.0,0.0,0,2,3,0,0.0,0.0,0.0,0.0,0,0,47.333333333333336,15.50268793897798,0,0,3,0.0,0.0,0
A-2023-10-99,2023-10-09,18:35,ATROPELLO,1,0,0,LIMA,LIMA,SANTA ROSA,RURAL,AVENIDA,URBANO,NO CORRESPONDE,-11.7963214,-77.16488888,DESPEJADO,RURAL,TRAMO RECTO,PLANA ,ASFALTADA,,,,,EN PROCESO DE INVESTIGACIÓN,NO CUENTA CON CAUSA ESPECIFICA,18.0,0,2023.0,10.0,0.0,0,3,3,0,1.0,0.0,0.0,1.0,0,0,53.0,0.0,0,1,2,0.0,0.5,1
A-2023-10-101,2023-10-09,19:30,ATROPELLO,1,0,0,LIMA,LIMA,SAN JUAN DE LURIGANCHO,URBANA,CARRETERA,NACIONAL,PE-22,-12.02049653,-76.95266395,DESPEJADO,INDUSTRIAL,TRAMO RECTO,PLANA ,ASFALTADA,,,,,IMPRUDENCIA DEL PEATÓN,OTRO (IMPRUDENCIA DEL PEATÓN),19.0,0,2023.0,10.0,0.0,0,3,3,0,0.0,0.0,0.0,0.0,0,0,26.0,0.0,0,1,2,0.0,0.5,1
A-2023-10-38,2023-10-10,01:45,DESPISTE,2,2,1,LA LIBERTAD,TRUJILLO,HUANCHACO,URBANA,AVENIDA,URBANO,NO CORRESPONDE,-8.0988506,-79.067713,DESPEJADO,COMERCIAL,CURVA,PLANA ,ASFALTADA,,,,,EN PROCESO DE INVESTIGACIÓN,NO CUENTA CON CAUSA ESPECIFICA,1.0,1,2023.0,10.0,1.0,0,0,3,0,1.0,0.0,0.0,1.0,0,0,25.75,1.5,0,1,4,0.0,0.25,1
A-2023-10-91,2023-10-10,13:30,CHOQUE,1,1,2,AYACUCHO,HUAMANGA,SAN JUAN BAUTISTA,RURAL,CARRETERA,NACIONAL,PE-3S,-13.197496,-74.203549,DESPEJADO,RURAL,CURVA,INCLINADA,ASFALTADA,SI,REGULADORA (R),,NO,IMPRUDENCIA DEL CONDUCTOR,GIRAR IMPRUDENTEMENTE,13.0,0,2023.0,10.0,1.0,0,2,3,1,0.0,1.0,0.0,1.0,0,1,40.0,14.177446878757825,0,2,3,0.0,0.667,0
A-2023-10-102,2023-10-10,15:45,ATROPELLO,1,0,0,LIMA,LIMA,MAGDALENA DEL MAR,URBANA,AVENIDA,URBANO,NO CORRESPONDE,-12.09143431,-77.06724141,DESPEJADO,COMERCIAL,TRAMO RECTO,PLANA ,ASFALTADA,,,,,IMPRUDENCIA DEL PEATÓN,OTRO (IMPRUDENCIA DEL PEATÓN),15.0,0,2023.0,10.0,1.0,0,2,3,0,1.0,0.0,0.0,1.0,0,0,64.0,0.0,0,1,2,0.0,0.5,0
A-2023-10-53,2023-10-10,19:30,ATROPELLO,1,0,0,CUSCO,CANCHIS,SAN PEDRO,RURAL,CARRETERA,NACIONAL,PE-3S,-14.182708,-71.367209,DESPEJADO,RURAL,TRAMO RECTO,PLANA ,ASFALTADA,SI,PREVENTIVA (P),,SI,IMPRUDENCIA DEL PEATÓN,ESTADO DE EBRIEDAD Y/O DROGADICCIÓN,19.0,0,2023.0,10.0,1.0,0,3,3,1,0.0,0.0,0.0,0.0,0,0,48.5,12.020815280171307,0,1,2,0.0,0.5,1
A-2023-10-32,2023-10-11,05:30,DESPISTE,1,0,1,CUSCO,QUISPICANCHI,CAMANTI,RURAL,CARRETERA,NACIONAL,PE-30C,-13.350407,-70.878125,DESPEJADO,RURAL,CURVA,INCLINADA,ASFALTADA,SI,PREVENTIVA (P),,SI,EN PROCESO DE INVESTIGACIÓN,NO CUENTA CON CAUSA ESPECIFICA,5.0,0,2023.0,10.0,2.0,0,0,3,1,0.0,1.0,0.0,1.0,0,0,25.0,0.0,0,0,1,0.0,0.0,1
A-2023-10-39,2023-10-11,07:40,CHOQUE,1,0,2,LA LIBERTAD,SANCHEZ CARRION,HUAMACHUCO,RURAL,CARRETERA,NACIONAL,PE-3N,-7.846758356199034,-78.0971019854308,DESPEJADO,RURAL,CURVA,PLANA ,ASFALTADA,,,,,IMPRUDENCIA DEL CONDUCTOR,CONDUCIR EN ESTADO DE EBRIEDAD Y/O DROGADICCIÓN,7.0,0,2023.0,10.0,2.0,0,1,3,0,0.0,0.0,0.0,0.0,0,0,30.0,1.4142135623730951,0,2,2,0.0,1.0,0
A-2023-10-154,2023-10-11,10:00,DESPISTE,1,1,1,CAJAMARCA,CHOTA,LLAMA,RURAL,CARRETERA,NACIONAL,PE-06A,-6.538145,-79.20083,DESPEJADO,RURAL,CURVA,INCLINADA,ASFALTADA,SI,PREVENTIVA (P),,SI,IMPRUDENCIA DEL CONDUCTOR,EXCESO DE VELOCIDAD,10.0,0,2023.0,10.0,2.0,0,1,3,1,0.0,1.0,0.0,1.0,0,0,45.5,3.5355339059327378,0,1,2,0.0,0.5,0
A-2023-10-90,2023-10-11,21:10,ATROPELLO FUGA,1,0,0,JUNIN,CONCEPCION,CONCEPCION,RURAL,CARRETERA,NACIONAL,PE-3S,-11.927006,-75.315396,DESPEJADO,RURAL,TRAMO RECTO,INCLINADA,ASFALTADA,NO,,,SI,IMPRUDENCIA DEL CONDUCTOR,OTRO (IMPRUDENCIA DEL CONDUCTOR),21.0,0,2023.0,10.0,2.0,0,3,3,1,0.0,1.0,0.0,1.0,0,1,68.0,0.0,0,0,2,0.0,0.0,1
A-2023-10-103,2023-10-11,23:00,ATROPELLO,1,0,0,LIMA,LIMA,SANTA ANITA,URBANA,AVENIDA,URBANO,NO CORRESPONDE,-12.03580596,-76.94906151,DESPEJADO,COMERCIAL,INTERSECCIÓN,PLANA ,ASFALTADA,,,,,EN PROCESO DE INVESTIGACIÓN,NO CUENTA CON CAUSA ESPECIFICA,23.0,0,2023.0,10.0,2.0,0,3,3,0,1.0,0.0,0.0,1.0,0,0,40.0,0.0,0,0,2,0.0,0.0,1
A-2023-10-104,2023-10-12,06:45,CHOQUE,1,0,0,LIMA,LIMA,LURIGANCHO,RURAL,AUTOPISTA,URBANO,NO CORRESPONDE,-12.01146887,-76.89196235,DESPEJADO,RURAL,TRAMO RECTO,PLANA ,ASFALTADA,,,,,EN PROCESO DE INVESTIGACIÓN,NO CUENTA CON CAUSA ESPECIFICA,6.0,0,2023.0,10.0,3.0,0,1,3,0,1.0,0.0,0.0,1.0,0,0,20.0,0.0,0,0,3,0.0,0.0,0