CODIGO_SINIESTRO,FECHA_SINIESTRO,HORA_SINIESTRO,CLASE_SINIESTRO,CANTIDAD_FALLECIDOS,CANTIDAD_LESIONADOS,CANTIDAD_VEHICULOS,DEPARTAMENTO,PROVINCIA,DISTRITO,ZONA,TIPO_VIA,RED_VIAL,COD_CARRETERA,LATITUD,LONGITUD,CONDICION_CLIMATICA,ZONIFICACION,CARACTERISTICAS_VIA,PERFIL_VIA,SUPERFICIE_CALZADA,EXISTE_SENIAL_VERTICAL,CLASIFICACION_SENIAL_VERTICAL_1,CLASIFICACION_SENIAL_VERTICAL_2,EXISTE_SENIAL_HORIZONTAL,CAUSA_FACTOR_PRINCIPAL,CAUSA_ESPECIFICA,HORA,severidad,ANIO,MES,DIA_SEMANA,FIN_SEMANA,FRANJA_HORARIA,TEMPORADA,MACROREGION,TIPO_VIA_SCORE,PERFIL_VIA_SCORE,SUPERFICIE_CALZADA_SCORE,RIESGO_INFRAESTRUCTURA,RIESGO_CLIMATICO,SENIALIZACION_DEFICIENTE,EDAD_PROMEDIO,EDAD_STD,TOTAL_ALCOHOL,TOTAL_LICENCIA,TOTAL_PERSONAS,PCT_ALCOHOL,PCT_LICENCIA,ES_NOCHE
A-2023-10-164,2023-10-12,07:45,CHOQUE,1,0,2,CAJAMARCA,CAJAMARCA,LOS BAÑOS DEL INCA,URBANA,CARRETERA,PROVINCIAL,CA-1494,-7.167186,-78.459529,DESPEJADO,COMERCIAL,TRAMO RECTO,INCLINADA,CONCRETO,SI,REGULADORA (R),,NO,EN PROCESO DE INVESTIGACIÓN,NO CUENTA CON CAUSA ESPECIFICA,7.0,0,2023.0,10.0,3.0,0,1,3,1,0.0,1.0,0.0,1.0,0,1,44.5,19.091883092036785,0,0,2,0.0,0.0,0
A-2023-10-105,2023-10-12,14:00,ATROPELLO,1,0,0,LIMA,LIMA,SAN MARTIN DE PORRES,URBANA,AVENIDA,URBANO,NO CORRESPONDE,-11.99113432,-77.10739491,DESPEJADO,COMERCIAL,TRAMO RECTO,PLANA ,ASFALTADA,,,,,EN PROCESO DE INVESTIGACIÓN,NO CUENTA CON CAUSA ESPECIFICA,14.0,0,2023.0,10.0,3.0,0,2,3,0,1.0,0.0,0.0,1.0,0,0,21.0,0.0,0,1,2,0.0,0.5,0
A-2023-10-106,2023-10-12,20:15,ATROPELLO FUGA,1,0,0,LIMA,LIMA,LURIN,URBANA,CARRETERA,PROVINCIAL,LM-797,-12.26403368,-76.88118789,DESPEJADO,COMERCIAL,TRAMO RECTO,PLANA ,ASFALTADA,,,,,EN PROCESO DE INVESTIGACIÓN,NO CUENTA CON CAUSA ESPECIFICA,20.0,0,2023.0,10.0,3.0,0,3,3,0,0.0,0.0,0.0,0.0,0,0,0.0,0.0,0,0,2,0.0,0.0,1
A-2023-10-107,2023-10-13,03:55,ATROPELLO,1,1,0,LIMA,LIMA,VILLA MARIA DEL TRIUNFO,URBANA,AVENIDA,URBANO,NO CORRESPONDE,-12.16713023,-76.95165266,DESPEJADO,COMERCIAL,TRAMO RECTO,PLANA ,ASFALTADA,,,,,EN PROCESO DE INVESTIGACIÓN,NO CUENTA CON CAUSA ESPECIFICA,3.0,0,2023.0,10.0,4.0,0,0,3,0,1.0,0.0,0.0,1.0,0,0,19.0,0.0,0,1,3,0.0,0.333,1
A-2023-10-155,2023-10-13,05:30,CHOQUE FUGA,1,1,1,CAJAMARCA,CHOTA,TACABAMBA,URBANA,AVENIDA,URBANO,NO CORRESPONDE,-6.396261,-78.612985,DESPEJADO,COMERCIAL,TRAMO RECTO,PLANA ,CONCRETO,SI,REGULADORA (R),,NO,IMPRUDENCIA DEL CONDUCTOR,CONDUCIR EN ESTADO DE EBRIEDAD Y/O DROGADICCIÓN,5.0,0,2023.0,10.0,4.0,0,0,3,1,1.0,0.0,0.0,1.0,0,1,18.5,2.1213203435596424,1,0,3,0.333,0.0,1
A-2023-10-172,2023-10-13,05:30,ATROPELLO,1,1,1,CAJAMARCA,JAEN,JAEN,URBANA,CARRETERA,NACIONAL,PE-5N,-5.722853,-78.799423,DESPEJADO,COMERCIAL,TRAMO RECTO,INCLINADA,ASFALTADA,,,,,IMPRUDENCIA DEL PEATÓN,CRUCE INDEBIDO POR LA CALZADA,5.0,0,2023.0,10.0,4.0,0,0,3,1,0.0,1.0,0.0,1.0,0,0,55.5,9.192388155425117,0,1,2,0.0,0.5,1
A-2023-10-15,2023-10-13,16:15,CHOQUE,1,2,2,SAN MARTIN,MOYOBAMBA,MOYOBAMBA,RURAL,CARRETERA,NACIONAL,PE-5N,-6.045746,-77.002821,DESPEJADO,RURAL,TRAMO RECTO,INCLINADA,ASFALTADA,SI,PREVENTIVA (P),PREVENTIVA (P),SI,IMPRUDENCIA DEL CONDUCTOR,OTRO (IMPRUDENCIA DEL CONDUCTOR),16.0,0,2023.0,10.0,4.0,0,2,3,2,0.0,1.0,0.0,1.0,0,0,26.333333333333332,23.629078131263043,0,1,3,0.0,0.333,0
A-2023-10-145,2023-10-13,16:30,ATROPELLO,1,0,1,PUNO,SAN ROMAN,SAN MIGUEL,RURAL,CARRETERA,NACIONAL,PE-3S,-15.4032042,-70.1523401,DESPEJADO,RURAL,TRAMO RECTO,PLANA ,ASFALTADA,,,,,IMPRUDENCIA DEL PEATÓN,CRUCE INDEBIDO POR LA CALZADA,16.0,0,2023.0,10.0,4.0,0,2,3,1,0.0,0.0,0.0,0.0,0,0,64.0,8.48528137423857,0,1,2,0.0,0.5,0
A-2023-10-55,2023-10-14,02:00,CHOQUE,2,1,2,CUSCO,ESPINAR,CONDOROMA,RURAL,CARRETERA,NACIONAL,PE-34J,-15.40549552,-71.07847991,DESPEJADO,RURAL,CURVA,PLANA ,ASFALTADA,NO,,,SI,IMPRUDENCIA DEL CONDUCTOR,INVASIÓN DE CARRIL,2.0,1,2023.0,10.0,5.0,1,0,3,1,0.0,0.0,0.0,0.0,0,1,23.0,15.340577998671801,0,2,4,0.0,0.5,1
A-2023-10-11,2023-10-14,04:20,ATROPELLO,1,0,0,CALLAO,CALLAO,CALLAO,URBANA,CARRETERA,NACIONAL,PE-20,-11.9507783,-77.13154311775,DESPEJADO,COMERCIAL,TRAMO RECTO,PLANA ,ASFALTADA,NO,,,SI,IMPRUDENCIA DEL PEATÓN,CRUCE INDEBIDO POR LA CALZADA,4.0,0,2023.0,10.0,5.0,1,0,3,0,0.0,0.0,0.0,0.0,0,1,65.66666666666667,11.015141094572202,0,2,3,0.0,0.667,1
A-2023-10-150,2023-10-14,04:30,ATROPELLO FUGA,1,0,0,PUNO,AZANGARO,AZANGARO,RURAL,CARRETERA,NACIONAL,PE-34B,-14.90198413,-70.20091507,DESPEJADO,RURAL,TRAMO RECTO,PLANA ,CONCRETO,,,,,EN PROCESO DE INVESTIGACIÓN,NO CUENTA CON CAUSA ESPECIFICA,4.0,0,2023.0,10.0,5.0,1,0,3,1,0.0,0.0,0.0,0.0,0,0,34.0,0.0,0,0,2,0.0,0.0,1
A-2023-10-74,2023-10-14,05:00,ATROPELLO,1,0,0,PIURA,PIURA,CASTILLA,RURAL,CARRETERA,DEPARTAMENTAL,PI-126,-5.1424783,-80.6080116,DESPEJADO,RURAL,TRAMO RECTO,PLANA ,ASFALTADA,,,,,EN PROCESO DE INVESTIGACIÓN,NO CUENTA CON CAUSA ESPECIFICA,5.0,0,2023.0,10.0,5.0,1,0,3,0,0.0,0.0,0.0,0.0,0,0,54.5,9.192388155425117,0,0,2,0.0,0.0,1
A-2023-10-21,2023-10-14,06:00,ATROPELLO,1,0,0,ICA,NASCA,EL INGENIO,URBANA,CARRETERA,DEPARTAMENTAL,IC-113,-14.660909,-75.115472,DESPEJADO,RURAL,TRAMO RECTO,PLANA ,ASFALTADA,SI,REGULADORA (R),PREVENTIVA (P),SI,EN PROCESO DE INVESTIGACIÓN,NO CUENTA CON CAUSA ESPECIFICA,6.0,0,2023.0,10.0,5.0,1,1,3,0,0.0,0.0,0.0,0.0,0,0,51.0,26.870057685088806,0,0,2,0.0,0.0,0
A-2023-10-14,2023-10-14,09:40,DESPISTE,1,0,0,AREQUIPA,AREQUIPA,YURA,RURAL,CARRETERA,PROVINCIAL,AR-706,-16.231648,-71.819151,DESPEJADO,RURAL,CURVA,PLANA ,TROCHA,,,,,EN PROCESO DE INVESTIGACIÓN,NO CUENTA CON CAUSA ESPECIFICA,9.0,0,2023.0,10.0,5.0,1,1,3,0,0.0,0.0,2.0,2.0,0,0,35.0,0.0,0,1,1,0.0,1.0,0
A-2023-10-22,2023-10-14,11:00,DESPISTE,1,0,1,ICA,ICA,LOS AQUIJES,RURAL,CARRETERA,PROVINCIAL,IC-653,-14.093817095505702,-75.68518220651333,DESPEJADO,RURAL,TRAMO RECTO,PLANA ,ASFALTADA,,,,,EN PROCESO DE INVESTIGACIÓN,NO CUENTA CON CAUSA ESPECIFICA,11.0,0,2023.0,10.0,5.0,1,1,3,0,0.0,0.0,0.0,0.0,0,0,58.0,16.97056274847714,0,0,2,0.0,0.0,0
A-2023-10-18,2023-10-14,13:05,ATROPELLO,1,0,0,PUNO,PUNO,PUNO,RURAL,CARRETERA,DEPARTAMENTAL,PU-122,-15.81854,-70.038923,DESPEJADO,RURAL,TRAMO RECTO,PLANA ,ASFALTADA,,,,,IMPRUDENCIA DEL PEATÓN,CRUCE INDEBIDO POR LA CALZADA,13.0,0,2023.0,10.0,5.0,1,2,3,1,0.0,0.0,0.0,0.0,0,0,56.0,31.11269837220809,0,0,2,0.0,0.0,0
A-2023-10-27,2023-10-14,17:30,ATROPELLO,1,0,1,CUSCO,QUISPICANCHI,OCONGATE,RURAL,CARRETERA,NACIONAL,PE-30C,-13.647913,-71.291826,DESPEJADO,RURAL,CURVA,PLANA ,ASFALTADA,SI,PREVENTIVA (P),,SI,EN PROCESO DE INVESTIGACIÓN,NO CUENTA CON CAUSA ESPECIFICA,17.0,0,2023.0,10.0,5.0,1,2,3,1,0.0,0.0,0.0,0.0,0,0,22.0,22.627416997969522,0,0,2,0.0,0.0,0
A-2023-10-29,2023-10-14,17:50,CHOQUE,1,0,0,AREQUIPA,CAYLLOMA,SAN ANTONIO DE CHUCA,RURAL,CARRETERA,NACIONAL,PE-34A,-15.927939,-71.191227,DESPEJADO,RURAL,TRAMO RECTO,PLANA ,ASFALTADA,SI,REGULADORA (R),,NO,EN PROCESO DE INVESTIGACIÓN,NO CUENTA CON CAUSA ESPECIFICA,17.0,0,2023.0,10.0,5.0,1,2,3,0,0.0,0.0,0.0,0.0,0,1,31.333333333333332,6.5064070986477125,0,2,3,0.0,0.667,0
A-2023-10-40,2023-10-15,01:00,CHOQUE,1,0,2,LA LIBERTAD,VIRU,VIRU,RURAL,CARRETERA,NACIONAL,PE-1N,-8.409816,-78.809919,DESPEJADO,RURAL,TRAMO RECTO,PLANA ,ASFALTADA,,,,,EN PROCESO DE INVESTIGACIÓN,NO CUENTA CON CAUSA ESPECIFICA,1.0,0,2023.0,10.0,6.0,1,0,3,0,0.0,0.0,0.0,0.0,0,0,23.0,9.899494936611665,0,1,2,0.0,0.5,1
A-2023-10-165,2023-10-15,04:00,VOLCADURA,1,1,1,CAJAMARCA,CAJAMARCA,CAJAMARCA,URBANA,CARRETERA,NACIONAL,PE-3N,-7.145209,-78.509326,DESPEJADO,INDUSTRIAL,CURVA,PLANA ,CONCRETO,,,,,IMPRUDENCIA DEL CONDUCTOR,CONDUCIR EN ESTADO DE EBRIEDAD Y/O DROGADICCIÓN,4.0,0,2023.0,10.0,6.0,1,0,3,1,0.0,0.0,0.0,0.0,0,0,31.0,1.4142135623730951,1,1,2,0.5,0.5,1
A-2023-10-108,2023-10-15,07:50,ATROPELLO,1,1,0,LIMA,LIMA,VILLA MARIA DEL TRIUNFO,URBANA,AVENIDA,URBANO,NO CORRESPONDE,-12.22760672,-76.90909286,DESPEJADO,INDUSTRIAL,TRAMO RECTO,PLANA ,ASFALTADA,,,,,IMPRUDENCIA DEL CONDUCTOR,OTRO (IMPRUDENCIA DEL CONDUCTOR),7.0,0,2023.0,10.0,6.0,1,1,3,0,1.0,0.0,0.0,1.0,0,0,0.0,0.0,0,0,3,0.0,0.0,0
A-2023-10-109,2023-10-15,11:00,ATROPELLO,1,0,0,LIMA,LIMA,LINCE,URBANA,AVENIDA,URBANO,NO CORRESPONDE,-12.08776286,-77.03198609,DESPEJADO,RESIDENCIAL,INTERSECCIÓN,PLANA ,ASFALTADA,,,,,IMPRUDENCIA DEL CONDUCTOR,OTRO (IMPRUDENCIA DEL CONDUCTOR),11.0,0,2023.0,10.0,6.0,1,1,3,0,1.0,0.0,0.0,1.0,0,0,87.0,0.0,0,1,2,0.0,0.5,0
A-2023-10-146,2023-10-15,11:38,DESPISTE,1,0,1,PUNO,AZANGARO,SAN ANTON,RURAL,CARRETERA,NACIONAL,PE-34B,-14.41511738,-70.26822084,DESPEJADO,RURAL,TRAMO RECTO,PLANA ,ASFALTADA,,,,,IMPRUDENCIA DEL CONDUCTOR,EXCESO DE VELOCIDAD,11.0,0,2023.0,10.0,6.0,1,1,3,1,0.0,0.0,0.0,0.0,0,0,22.0,0.0,0,1,1,0.0,1.0,0
A-2023-10-138,2023-10-15,14:30,ATROPELLO,1,0,0,TACNA,TACNA,CORONEL GREGORIO ALBARRACIN LANCHIPA,URBANA,CARRETERA,PROVINCIAL,TA-632,-18.034512,-70.244819,DESPEJADO,RESIDENCIAL,INTERSECCIÓN,PLANA ,ASFALTADA,,,,,IMPRUDENCIA DEL PEATÓN,OTRO (IMPRUDENCIA DEL PEATÓN),14.0,0,2023.0,10.0,6.0,1,2,3,0,0.0,0.0,0.0,0.0,0,0,18.5,23.33452377915607,0,1,2,0.0,0.5,0
A-2023-10-35,2023-10-15,15:00,DESPISTE,1,31,1,CUSCO,QUISPICANCHI,CUSIPATA,RURAL,CARRETERA,PROVINCIAL,CU-1467,-13.877322,-71.452612,SOLEADO,RURAL,TRAMO RECTO,INCLINADA,TROCHA,,,,,IMPRUDENCIA DEL CONDUCTOR,OTRO (IMPRUDENCIA DEL CONDUCTOR),15.0,0,2023.0,10.0,6.0,1,2,3,1,0.0,1.0,2.0,3.0,0,0,37.0,1.4142135623730951,0,1,32,0.0,0.031,0
A-2023-10-166,2023-10-15,16:30,ATROPELLO,1,0,1,CAJAMARCA,CAJAMARCA,LLACANORA,RURAL,CARRETERA,PROVINCIAL,CA-1459,-7.217339,-78.432768,DESPEJADO,RURAL,TRAMO RECTO,PLANA ,ASFALTADA,NO,,,SI,IMPRUDENCIA DEL CONDUCTOR,FATIGA Y/O CANSANCIO,16.0,0,2023.0,10.0,6.0,1,2,3,1,0.0,0.0,0.0,0.0,0,1,19.0,22.627416997969522,0,0,2,0.0,0.0,0
A-2023-10-152,2023-10-15,19:30,ATROPELLO,1,0,1,PUNO,SAN ANTONIO DE PUTINA,ANANEA,URBANA,CALLE,URBANO,NO CORRESPONDE,-14.631376200948706,-69.44577367658343,LLUVIOSO,COMERCIAL,INTERSECCIÓN,PLANA ,TROCHA,,,,,IMPRUDENCIA DEL CONDUCTOR,VEHÍCULO MAL ESTACIONADO,19.0,0,2023.0,10.0,6.0,1,3,3,1,2.0,0.0,2.0,4.0,1,0,28.5,12.020815280171307,0,1,2,0.0,0.5,1
A-2023-10-71,2023-10-15,19:45,CHOQUE,1,1,2,LIMA,HUAURA,SAYAN,RURAL,CARRETERA,NACIONAL,PE-18,-11.134274,-77.198307,DESPEJADO,RURAL,TRAMO RECTO,PLANA ,ASFALTADA,SI,PREVENTIVA (P),,NO,IMPRUDENCIA DEL CONDUCTOR,OTRO (IMPRUDENCIA DEL CONDUCTOR),19.0,0,2023.0,10.0,6.0,1,3,3,0,0.0,0.0,0.0,0.0,0,1,63.333333333333336,22.94195574342635,0,2,3,0.0,0.667,1
A-2023-10-8,2023-10-15,19:50,CHOQUE,1,0,0,AREQUIPA,ISLAY,MOLLENDO,RURAL,CARRETERA,NACIONAL,PE-34,-16.730864,-71.947974,SOLEADO,RURAL,TRAMO RECTO,PLANA ,ASFALTADA,NO,,,NO,EN PROCESO DE INVESTIGACIÓN,NO CUENTA CON CAUSA ESPECIFICA,19.0,0,2023.0,10.0,6.0,1,3,3,0,0.0,0.0,0.0,0.0,0,2,35.5,7.7781745930520225,0,1,2,0.0,0.5,1
A-2023-10-112,2023-10-15,20:05,CHOQUE,1,0,0,LIMA,LIMA,SANTIAGO DE SURCO,URBANA,AVENIDA,URBANO,NO CORRESPONDE,-12.09859749,-76.97776456,DESPEJADO,RESIDENCIAL,TRAMO RECTO,PLANA ,ASFALTADA,,,,,IMPRUDENCIA DEL CONDUCTOR,OTRO (IMPRUDENCIA DEL CONDUCTOR),20.0,0,2023.0,10.0,6.0,1,3,3,0,1.0,0.0,0.0,1.0,0,0,37.5,17.67766952966369,0,2,2,0.0,1.0,1
A-2023-10-111,2023-10-15,21:45,DESPISTE,1,0,0,LIMA,LIMA,CHACLACAYO,URBANA,AVENIDA,URBANO,NO CORRESPONDE,-11.97987364,-76.77468805,DESPEJADO,RESIDENCIAL,TRAMO RECTO,PLANA ,ASFALTADA,,,,,EN PROCESO DE INVESTIGACIÓN,NO CUENTA CON CAUSA ESPECIFICA,21.0,0,2023.0,10.0,6.0,1,3,3,0,1.0,0.0,0.0,1.0,0,0,42.0,0.0,0,0,1,0.0,0.0,1
A-2023-10-69,2023-10-16,01:00,ATROPELLO,1,0,0,PIURA,HUANCABAMBA,HUANCABAMBA,RURAL,CARRETERA,NACIONAL,PE-02A,-5.279396,-79.47701,DESPEJADO,RURAL,CURVA,INCLINADA,TROCHA,,,,,EN PROCESO DE INVESTIGACIÓN,NO CUENTA CON CAUSA ESPECIFICA,1.0,0,2023.0,10.0,0.0,0,0,3,0,0.0,1.0,2.0,3.0,0,0,25.0,12.727922061357855,0,0,2,0.0,0.0,1
A-2023-10-113,2023-10-16,10:20,ATROPELLO,1,0,0,LIMA,LIMA,ANCON,RURAL,CARRETERA,NACIONAL,PE-1N,-11.771752,-77.159192,DESPEJADO,RURAL,TRAMO RECTO,PLANA ,ASFALTADA,,,,,EN PROCESO DE INVESTIGACIÓN,NO CUENTA CON CAUSA ESPECIFICA,10.0,0,2023.0,10.0,0.0,0,1,3,0,0.0,0.0,0.0,0.0,0,0,42.0,0.0,0,1,2,0.0,0.5,0
A-2023-10-114,2023-10-16,12:00,ATROPELLO,1,0,0,LIMA,LIMA,VILLA EL SALVADOR,URBANA,CALLE,URBANO,NO CORRESPONDE,-12.19457061,-76.96104695,DESPEJADO,RESIDENCIAL,TRAMO RECTO,PLANA ,AFIRMADO,,,,,IMPRUDENCIA DEL CONDUCTOR,OTRO (IMPRUDENCIA DEL CONDUCTOR),12.0,0,2023.0,10.0,0.0,0,2,3,0,2.0,0.0,1.0,3.0,0,0,30.0,0.0,0,0,2,0.0,0.0,0
A-2023-10-20,2023-10-16,20:30,CHOQUE FUGA,1,0,0,PUNO,EL COLLAO,ILAVE,RURAL,CARRETERA,NACIONAL,PE-38A,-16.127999,-69.641889,DESPEJADO,RURAL,TRAMO RECTO,PLANA ,ASFALTADA,,,,,IMPRUDENCIA DEL CONDUCTOR,EXCESO DE VELOCIDAD,20.0,0,2023.0,10.0,0.0,0,3,3,1,0.0,0.0,0.0,0.0,0,0,60.0,0.0,0,0,2,0.0,0.0,1
A-2023-10-157,2023-10-17,05:30,DESPISTE,1,0,1,CAJAMARCA,CHOTA,TACABAMBA,RURAL,CARRETERA,PROVINCIAL,CA-915,-6.422162,-78.632533,DESPEJADO,COMERCIAL,CURVA,INCLINADA,ASFALTADA,SI,PREVENTIVA (P),,SI,IMPRUDENCIA DEL CONDUCTOR,EXCESO DE VELOCIDAD,5.0,0,2023.0,10.0,1.0,0,0,3,1,0.0,1.0,0.0,1.0,0,0,31.0,7.0710678118654755,0,1,2,0.0,0.5,1
A-2023-10-80,2023-10-17,05:30,DESPISTE,1,5,1,LIMA,HUAURA,HUACHO,RURAL,CARRETERA,NACIONAL,PE-1N,-11.33571,-77.46727,DESPEJADO,RURAL,TRAMO RECTO,PLANA ,ASFALTADA,,,,,IMPRUDENCIA DEL CONDUCTOR,FATIGA Y/O CANSANCIO,5.0,0,2023.0,10.0,1.0,0,0,3,0,0.0,0.0,0.0,0.0,0,0,27.666666666666668,17.56891193747258,0,1,6,0.0,0.167,1
A-2023-10-159,2023-10-17,06:30,DESPISTE,1,0,1,CAJAMARCA,CHOTA,CHOROPAMPA,RURAL,CARRETERA,SIN CLASIFICAR,SIN CLASIFICAR,-6.381552,-78.404302,DESPEJADO,RURAL,CURVA,INCLINADA,AFIRMADO,,,,,IMPRUDENCIA DEL CONDUCTOR,OTRO (IMPRUDENCIA DEL CONDUCTOR),6.0,0,2023.0,10.0,1.0,0,1,3,1,0.0,1.0,1.0,2.0,0,0,16.5,0.7071067811865476,0,0,2,0.0,0.0,0
A-2023-10-79,2023-10-17,16:40,DESPISTE,1,3,1,LIMA,OYON,OYON,RURAL,CARRETERA,PROVINCIAL,LM-599,-10.508070729406093,-76.74588572107888,NIEBLA,RURAL,CURVA,INCLINADA,AFIRMADO,,,,,IMPRUDENCIA DEL CONDUCTOR,OTRO (IMPRUDENCIA DEL CONDUCTOR),16.0,0,2023.0,10.0,1.0,0,2,3,0,0.0,1.0,1.0,2.0,0,0,34.8,9.497368056467012,0,1,5,0.0,0.2,0
A-2023-10-41,2023-10-17,16:50,ATROPELLO,1,0,1,LA LIBERTAD,ASCOPE,CASA GRANDE,RURAL,CARRETERA,PROVINCIAL,LI-621,-7.658556,-79.243271,DESPEJADO,RURAL,TRAMO RECTO,PLANA ,TROCHA,,,,,IMPRUDENCIA DEL CONDUCTOR,OTRO (IMPRUDENCIA DEL CONDUCTOR),16.0,0,2023.0,10.0,1.0,0,2,3,0,0.0,0.0,2.0,2.0,0,0,45.0,0.0,0,1,2,0.0,0.5,0
A-2023-10-88,2023-10-17,19:15,ATROPELLO,1,0,0,JUNIN,HUANCAYO,SAN AGUSTIN,URBANA,CARRETERA,NACIONAL,PE-3S,-12.017494,-75.242797,DESPEJADO,COMERCIAL,TRAMO RECTO,PLANA ,ASFALTADA,NO,,,SI,IMPRUDENCIA DEL PEATÓN,CRUCE INDEBIDO POR LA CALZADA,19.0,0,2023.0,10.0,1.0,0,3,3,1,0.0,0.0,0.0,0.0,0,1,56.0,16.97056274847714,0,1,2,0.0,0.5,1
A-2023-10-170,2023-10-17,20:30,ATROPELLO,1,0,1,CAJAMARCA,SAN MIGUEL,UNION AGUA BLANCA,RURAL,CARRETERA,PROVINCIAL,CA-1219,-7.043479,-79.058026,LLUVIOSO,RESIDENCIAL,TRAMO RECTO,PLANA ,AFIRMADO,,,,,IMPRUDENCIA DEL CONDUCTOR,NO DAR PASO PREFERENTE AL PEATÓN,20.0,0,2023.0,10.0,1.0,0,3,3,1,0.0,0.0,1.0,1.0,1,0,42.5,30.405591591021544,0,1,2,0.0,0.5,1
A-2023-10-81,2023-10-17,23:20,DESPISTE,2,7,1,LIMA,HUAURA,HUAURA,RURAL,CARRETERA,NACIONAL,PE-1NE,-11.101413968669668,-77.40114921141894,DESPEJADO,RURAL,TRAMO RECTO,PLANA ,ASFALTADA,,,,,IMPRUDENCIA DEL CONDUCTOR,FATIGA Y/O CANSANCIO,23.0,1,2023.0,10.0,1.0,0,3,3,0,0.0,0.0,0.0,0.0,0,0,48.4,8.971560003081342,0,1,10,0.0,0.1,1
A-2023-10-16,2023-10-18,05:10,CHOQUE,1,1,2,ICA,CHINCHA,GROCIO PRADO,RURAL,CARRETERA,NACIONAL,PE-1S,-13.33906,-76.2317293,DESPEJADO,RURAL,TRAMO RECTO,PLANA ,ASFALTADA,,,,,EN PROCESO DE INVESTIGACIÓN,NO CUENTA CON CAUSA ESPECIFICA,5.0,0,2023.0,10.0,2.0,0,0,3,0,0.0,0.0,0.0,0.0,0,0,35.666666666666664,15.143755588800731,0,2,3,0.0,0.667,1
A-2023-10-23,2023-10-18,06:40,ESPECIAL,1,0,1,ICA,ICA,SUBTANJALLA,RURAL,CALLE,URBANO,NO CORRESPONDE,-14.0193240625753,-75.7503560174169,DESPEJADO,RURAL,TRAMO RECTO,INCLINADA,TROCHA,,,,,IMPRUDENCIA DEL PEATÓN,OTRO (IMPRUDENCIA DEL PEATÓN),6.0,0,2023.0,10.0,2.0,0,1,3,0,2.0,1.0,2.0,5.0,0,0,52.0,0.0,0,0,2,0.0,0.0,0
A-2023-10-115,2023-10-18,07:40,DESPISTE,1,8,0,LIMA,LIMA,SAN JUAN DE LURIGANCHO,URBANA,AVENIDA,URBANO,NO CORRESPONDE,-11.97214164,-76.99659911,DESPEJADO,COMERCIAL,INTERSECCIÓN,PLANA ,ASFALTADA,,,,,IMPRUDENCIA DEL CONDUCTOR,OTRO (IMPRUDENCIA DEL CONDUCTOR),7.0,0,2023.0,10.0,2.0,0,1,3,0,1.0,0.0,0.0,1.0,0,0,40.0,0.0,0,0,10,0.0,0.0,0
A-2023-10-148,2023-10-18,09:50,DESPISTE,1,0,1,PUNO,MELGAR,ANTAUTA,RURAL,CARRETERA,SIN CLASIFICAR,SIN CLASIFICAR,-14.260264444840638,-70.41806095649035,NUBLADO,RURAL,TRAMO RECTO,PLANA ,ASFALTADA,,,,,IMPRUDENCIA DEL CONDUCTOR,EXCESO DE VELOCIDAD,9.0,0,2023.0,10.0,2.0,0,1,3,1,0.0,0.0,0.0,0.0,0,0,51.0,0.0,0,0,1,0.0,0.0,0
A-2023-10-42,2023-10-18,13:00,CHOQUE,1,0,2,LA LIBERTAD,PACASMAYO,GUADALUPE,RURAL,CARRETERA,NACIONAL,PE-1N,-7.323775,-79.4810385,DESPEJADO,RURAL,TRAMO RECTO,PLANA ,ASFALTADA,,,,,EN PROCESO DE INVESTIGACIÓN,NO CUENTA CON CAUSA ESPECIFICA,13.0,0,2023.0,10.0,2.0,0,2,3,0,0.0,0.0,0.0,0.0,0,0,37.0,19.79898987322333,0,1,2,0.0,0.5,0
A-2023-10-43,2023-10-18,19:15,DESPISTE,1,2,1,LA LIBERTAD,SANTIAGO DE CHUCO,QUIRUVILCA,RURAL,CARRETERA,PROVINCIAL,LI-810,-7.997279654339144,-78.31764369228196,DESPEJADO,RURAL,TRAMO RECTO,PLANA ,TROCHA,,,,,EN PROCESO DE INVESTIGACIÓN,NO CUENTA CON CAUSA ESPECIFICA,19.0,0,2023.0,10.0,2.0,0,3,3,0,0.0,0.0,2.0,2.0,0,0,30.0,8.18535277187245,0,1,3,0.0,0.333,1
A-2023-10-116,2023-10-18,19:40,ATROPELLO FUGA,1,0,0,LIMA,LIMA,LA MOLINA,URBANA,CARRETERA,NACIONAL,PE-1S,-12.07414826,-76.97435069,DESPEJADO,RESIDENCIAL,TRAMO RECTO,PLANA ,ASFALTADA,,,,,EN PROCESO DE INVESTIGACIÓN,NO CUENTA CON CAUSA ESPECIFICA,19.0,0,2023.0,10.0,2.0,0,3,3,0,0.0,0.0,0.0,0.0,0,0,0.0,0.0,0,0,2,0.0,0.0,1
A-2023-10-139,2023-10-18,20:15,CHOQUE,1,0,0,CALLAO,CALLAO,CALLAO,URBANA,AVENIDA,URBANO,NO CORRESPONDE,-11.9823370203939,-77.1177450785481,DESPEJADO,INDUSTRIAL,TRAMO RECTO,PLANA ,TROCHA,,,,,IMPRUDENCIA DEL CONDUCTOR,OTRO (IMPRUDENCIA DEL CONDUCTOR),20.0,0,2023.0,10.0,2.0,0,3,3,0,1.0,0.0,2.0,3.0,0,0,39.0,0.0,0,0,2,0.0,0.0,1