CODIGO_SINIESTRO,FECHA_SINIESTRO,HORA_SINIESTRO,CLASE_SINIESTRO,CANTIDAD_FALLECIDOS,CANTIDAD_LESIONADOS,CANTIDAD_VEHICULOS,DEPARTAMENTO,PROVINCIA,DISTRITO,ZONA,TIPO_VIA,RED_VIAL,COD_CARRETERA,LATITUD,LONGITUD,CONDICION_CLIMATICA,ZONIFICACION,CARACTERISTICAS_VIA,PERFIL_VIA,SUPERFICIE_CALZADA,EXISTE_SENIAL_VERTICAL,CLASIFICACION_SENIAL_VERTICAL_1,CLASIFICACION_SENIAL_VERTICAL_2,EXISTE_SENIAL_HORIZONTAL,CAUSA_FACTOR_PRINCIPAL,CAUSA_ESPECIFICA,HORA,severidad,ANIO,MES,DIA_SEMANA,FIN_SEMANA,FRANJA_HORARIA,TEMPORADA,MACROREGION,TIPO_VIA_SCORE,PERFIL_VIA_SCORE,SUPERFICIE_CALZADA_SCORE,RIESGO_INFRAESTRUCTURA,RIESGO_CLIMATICO,SENIALIZACION_DEFICIENTE,EDAD_PROMEDIO,EDAD_STD,TOTAL_ALCOHOL,TOTAL_LICENCIA,TOTAL_PERSONAS,PCT_ALCOHOL,PCT_LICENCIA,ES_NOCHE
A-2023-10-133,2023-10-19,05:50,DESPISTE,2,12,1,AYACUCHO,VILCAS HUAMAN,VISCHONGO,RURAL,CARRETERA,SIN CLASIFICAR,SIN CLASIFICAR,-13.569775267636992,-74.0076451725366,DESPEJADO,RURAL,SINUOSA,INCLINADA,AFIRMADO,,,,,INFRAESTRUCTURA Y ENTORNO VIAL,SUPERFICIE DETERIORADA,5.0,1,2023.0,10.0,3.0,0,0,3,1,0.0,1.0,1.0,2.0,0,0,37.92857142857143,13.187781557850526,0,0,14,0.0,0.0,1
A-2023-10-117,2023-10-19,06:00,DESPISTE,1,0,0,LIMA,LIMA,INDEPENDENCIA,URBANA,CARRETERA,NACIONAL,PE-1N,-11.993519,-77.063545,DESPEJADO,COMERCIAL,TRAMO RECTO,PLANA ,ASFALTADA,,,,,EN PROCESO DE INVESTIGACIÓN,NO CUENTA CON CAUSA ESPECIFICA,6.0,0,2023.0,10.0,3.0,0,1,3,0,0.0,0.0,0.0,0.0,0,0,26.0,0.0,0,0,1,0.0,0.0,0
A-2023-10-158,2023-10-19,07:50,DESPISTE,1,2,1,CAJAMARCA,CAJAMARCA,CAJAMARCA,URBANA,CARRETERA,NACIONAL,PE-3N,-7.103537,-78.549797,DESPEJADO,INDUSTRIAL,CURVA,INCLINADA,ASFALTADA,SI,PREVENTIVA (P),,SI,IMPRUDENCIA DEL CONDUCTOR,EXCESO DE VELOCIDAD,7.0,0,2023.0,10.0,3.0,0,1,3,1,0.0,1.0,0.0,1.0,0,0,34.0,23.62202362203543,0,1,4,0.0,0.25,0
A-2023-10-68,2023-10-19,19:00,CHOQUE,1,1,0,PIURA,MORROPON,LA MATANZA,RURAL,CARRETERA,NACIONAL,PE-1NJ,-5.41045,-80.03939,DESPEJADO,RURAL,TRAMO RECTO,PLANA ,ASFALTADA,,,,,EN PROCESO DE INVESTIGACIÓN,NO CUENTA CON CAUSA ESPECIFICA,19.0,0,2023.0,10.0,3.0,0,3,3,0,0.0,0.0,0.0,0.0,0,0,37.0,11.357816691600547,0,2,3,0.0,0.667,1
A-2023-10-44,2023-10-20,04:30,ATROPELLO,1,0,1,LA LIBERTAD,ASCOPE,CHICAMA,RURAL,CARRETERA,NACIONAL,PE-1N,-7.92058,-79.11048,DESPEJADO,RURAL,TRAMO RECTO,PLANA ,ASFALTADA,,,,,EN PROCESO DE INVESTIGACIÓN,NO CUENTA CON CAUSA ESPECIFICA,4.0,0,2023.0,10.0,4.0,0,0,3,0,0.0,0.0,0.0,0.0,0,0,25.0,5.656854249492381,0,1,2,0.0,0.5,1
A-2023-10-45,2023-10-20,05:00,CHOQUE,1,0,2,LA LIBERTAD,PACASMAYO,SAN PEDRO DE LLOC,RURAL,CARRETERA,NACIONAL,PE-1N,-7.574162,-79.370599,DESPEJADO,RURAL,TRAMO RECTO,PLANA ,ASFALTADA,,,,,IMPRUDENCIA DEL CONDUCTOR,OTRO (IMPRUDENCIA DEL CONDUCTOR),5.0,0,2023.0,10.0,4.0,0,0,3,0,0.0,0.0,0.0,0.0,0,0,46.0,16.97056274847714,0,1,2,0.0,0.5,1
A-2023-10-82,2023-10-20,09:30,DESPISTE,1,5,1,LIMA,HUAURA,HUACHO,RURAL,CARRETERA,NACIONAL,PE-1N,-11.3287,-77.4721,DESPEJADO,RURAL,TRAMO RECTO,PLANA ,ASFALTADA,,,,,IMPRUDENCIA DEL CONDUCTOR,FATIGA Y/O CANSANCIO,9.0,0,2023.0,10.0,4.0,0,1,3,0,0.0,0.0,0.0,0.0,0,0,34.42857142857143,31.458211131897627,0,1,7,0.0,0.143,0
A-2023-10-28,2023-10-20,20:32,CHOQUE,1,0,0,AREQUIPA,AREQUIPA,LA JOYA,RURAL,CARRETERA,PROVINCIAL,AR-798,-16.6878486,-71.8914404,DESPEJADO,RURAL,TRAMO RECTO,PLANA ,ASFALTADA,,,,,EN PROCESO DE INVESTIGACIÓN,NO CUENTA CON CAUSA ESPECIFICA,20.0,0,2023.0,10.0,4.0,0,3,3,0,0.0,0.0,0.0,0.0,0,0,18.0,0.0,0,0,2,0.0,0.0,1
A-2023-10-168,2023-10-20,23:50,DESPISTE,1,0,1,CAJAMARCA,SAN MARCOS,ICHOCAN,RURAL,CARRETERA,NACIONAL,PE-3N,-7.37952,-78.125574,DESPEJADO,RURAL,TRAMO RECTO,INCLINADA,ASFALTADA,SI,PREVENTIVA (P),,SI,IMPRUDENCIA DEL CONDUCTOR,CONDUCIR EN ESTADO DE EBRIEDAD Y/O DROGADICCIÓN,23.0,0,2023.0,10.0,4.0,0,3,3,1,0.0,1.0,0.0,1.0,0,0,41.0,0.0,1,0,1,1.0,0.0,1
A-2023-10-47,2023-10-21,10:00,ATROPELLO,1,0,1,LA LIBERTAD,PATAZ,CHILLIA,URBANA,JIRÓN,URBANO,NO CORRESPONDE,-8.124813,-77.51463,DESPEJADO,COMERCIAL,TRAMO RECTO,PLANA ,ASFALTADA,,,,,IMPRUDENCIA DEL PEATÓN,OTRO (IMPRUDENCIA DEL PEATÓN),10.0,0,2023.0,10.0,5.0,1,1,3,0,1.0,0.0,0.0,1.0,0,0,24.5,31.81980515339464,0,1,2,0.0,0.5,0
A-2023-10-50,2023-10-21,13:00,DESPISTE,1,0,1,CUSCO,QUISPICANCHI,LUCRE,RURAL,CARRETERA,NACIONAL,PE-3S,-13.613521496903386,-71.72405856994195,DESPEJADO,RURAL,CURVA,INCLINADA,ASFALTADA,SI,PREVENTIVA (P),,SI,IMPRUDENCIA DEL CONDUCTOR,FATIGA Y/O CANSANCIO,13.0,0,2023.0,10.0,5.0,1,2,3,1,0.0,1.0,0.0,1.0,0,0,20.0,0.0,0,1,1,0.0,1.0,0
A-2023-10-118,2023-10-21,17:35,VOLCADURA,1,0,0,LIMA,LIMA,COMAS,URBANA,AVENIDA,URBANO,NO CORRESPONDE,-11.94234917,-77.06034459,DESPEJADO,COMERCIAL,INTERSECCIÓN,PLANA ,ASFALTADA,,,,,EN PROCESO DE INVESTIGACIÓN,NO CUENTA CON CAUSA ESPECIFICA,17.0,0,2023.0,10.0,5.0,1,2,3,0,1.0,0.0,0.0,1.0,0,0,30.0,0.0,0,0,1,0.0,0.0,0
A-2023-10-24,2023-10-21,18:40,CHOQUE,1,4,2,ICA,NASCA,NASCA,URBANA,CARRETERA,NACIONAL,PE-1S,-14.968164,-74.985823,DESPEJADO,RESIDENCIAL,TRAMO RECTO,PLANA ,ASFALTADA,,,,,EN PROCESO DE INVESTIGACIÓN,NO CUENTA CON CAUSA ESPECIFICA,18.0,0,2023.0,10.0,5.0,1,3,3,0,0.0,0.0,0.0,0.0,0,0,49.0,9.082951062292475,0,2,5,0.0,0.4,1
A-2023-10-141,2023-10-21,20:05,ATROPELLO FUGA,1,0,0,PUNO,SAN ROMAN,CARACOTO,RURAL,CARRETERA,NACIONAL,PE-3S,-15.552110584431,-70.1077107742993,DESPEJADO,RURAL,TRAMO RECTO,PLANA ,ASFALTADA,,,,,IMPRUDENCIA DEL CONDUCTOR,OTRO (IMPRUDENCIA DEL CONDUCTOR),20.0,0,2023.0,10.0,5.0,1,3,3,1,0.0,0.0,0.0,0.0,0,0,54.0,0.0,0,0,2,0.0,0.0,1
A-2023-10-46,2023-10-21,23:00,CHOQUE,1,0,2,LA LIBERTAD,TRUJILLO,TRUJILLO,URBANA,AVENIDA,URBANO,NO CORRESPONDE,-8.092607,-79.018043,DESPEJADO,COMERCIAL,INTERSECCIÓN,PLANA ,ASFALTADA,,,,,IMPRUDENCIA DEL CONDUCTOR,CONDUCIR EN ESTADO DE EBRIEDAD Y/O DROGADICCIÓN,23.0,0,2023.0,10.0,5.0,1,3,3,0,1.0,0.0,0.0,1.0,0,0,27.333333333333332,6.8068592855540455,0,1,3,0.0,0.333,1
A-2023-10-119,2023-10-22,02:10,DESPISTE,1,0,0,LIMA,LIMA,SAN MARTIN DE PORRES,URBANA,AVENIDA,URBANO,NO CORRESPONDE,-11.99458396,-77.10969428,DESPEJADO,RESIDENCIAL,INTERSECCIÓN,PLANA ,ASFALTADA,,,,,EN PROCESO DE INVESTIGACIÓN,NO CUENTA CON CAUSA ESPECIFICA,2.0,0,2023.0,10.0,6.0,1,0,3,0,1.0,0.0,0.0,1.0,0,0,0.0,0.0,0,0,1,0.0,0.0,1
A-2023-10-167,2023-10-22,05:00,DESPISTE,1,1,1,CAJAMARCA,CAJAMARCA,ENCAÑADA,RURAL,CARRETERA,NACIONAL,PE-08B,-7.115858,-78.330569,DESPEJADO,RURAL,CURVA,INCLINADA,ASFALTADA,NO,,,SI,IMPRUDENCIA DEL CONDUCTOR,CONDUCIR EN ESTADO DE EBRIEDAD Y/O DROGADICCIÓN,5.0,0,2023.0,10.0,6.0,1,0,3,1,0.0,1.0,0.0,1.0,0,1,33.5,21.920310216782973,1,0,2,0.5,0.0,1
A-2023-10-120,2023-10-22,05:50,DESPISTE,1,0,0,LIMA,LIMA,PUNTA NEGRA,RURAL,CARRETERA,NACIONAL,PE-1S,-12.349599,-76.807167,DESPEJADO,RURAL,TRAMO RECTO,PLANA ,ASFALTADA,,,,,EN PROCESO DE INVESTIGACIÓN,NO CUENTA CON CAUSA ESPECIFICA,5.0,0,2023.0,10.0,6.0,1,0,3,0,0.0,0.0,0.0,0.0,0,0,25.0,0.0,0,0,1,0.0,0.0,1
A-2023-10-169,2023-10-22,07:26,DESPISTE,1,0,1,CAJAMARCA,SAN MARCOS,PEDRO GALVEZ,URBANA,CARRETERA,NACIONAL,PE-3N,-7.324751,-78.170838,DESPEJADO,RESIDENCIAL,TRAMO RECTO,INCLINADA,ASFALTADA,NO,,,SI,IMPRUDENCIA DEL CONDUCTOR,EXCESO DE VELOCIDAD,7.0,0,2023.0,10.0,6.0,1,1,3,1,0.0,1.0,0.0,1.0,0,1,26.0,0.0,1,1,1,1.0,1.0,0
A-2023-10-161,2023-10-22,07:30,DESPISTE,5,0,1,CAJAMARCA,CONTUMAZA,CHILETE,RURAL,CARRETERA,NACIONAL,PE-1NF,-7.298050298,-78.80646329,DESPEJADO,RURAL,CURVA,INCLINADA,ASFALTADA,SI,PREVENTIVA (P),,SI,IMPRUDENCIA DEL CONDUCTOR,OTRO (IMPRUDENCIA DEL CONDUCTOR),7.0,2,2023.0,10.0,6.0,1,1,3,1,0.0,1.0,0.0,1.0,0,0,57.4,8.018728078691783,0,1,5,0.0,0.2,0
A-2023-10-89,2023-10-22,11:00,CHOQUE CON OBJETO FIJO,1,0,0,JUNIN,JAUJA,RICRAN,RURAL,CARRETERA,DEPARTAMENTAL,JU-103,-11.555447660836156,-75.51647355135484,DESPEJADO,RURAL,TRAMO RECTO,PLANA ,TROCHA,,,,,EN PROCESO DE INVESTIGACIÓN,NO CUENTA CON CAUSA ESPECIFICA,11.0,0,2023.0,10.0,6.0,1,1,3,1,0.0,0.0,2.0,2.0,0,0,45.0,0.0,0,1,1,0.0,1.0,0
A-2023-10-121,2023-10-22,12:40,CHOQUE,2,0,0,LIMA,LIMA,CHORRILLOS,URBANA,CARRETERA,NACIONAL,PE-1S,-12.209975373625198,-76.97553830208496,DESPEJADO,INDUSTRIAL,TRAMO RECTO,PLANA ,ASFALTADA,,,,,EN PROCESO DE INVESTIGACIÓN,NO CUENTA CON CAUSA ESPECIFICA,12.0,1,2023.0,10.0,6.0,1,2,3,0,0.0,0.0,0.0,0.0,0,0,40.0,5.656854249492381,0,2,4,0.0,0.5,0
A-2023-10-30,2023-10-22,17:40,DESPISTE,1,11,0,AREQUIPA,AREQUIPA,CAYMA,URBANA,CALLE,URBANO,NO CORRESPONDE,-16.2952277,-71.5448658,DESPEJADO,COMERCIAL,TRAMO RECTO,INCLINADA,TROCHA,,,,,EN PROCESO DE INVESTIGACIÓN,NO CUENTA CON CAUSA ESPECIFICA,17.0,0,2023.0,10.0,6.0,1,2,3,0,2.0,1.0,2.0,5.0,0,0,22.0,16.32993161855452,0,0,13,0.0,0.0,0
A-2023-10-134,2023-10-22,19:00,ATROPELLO,1,0,1,AYACUCHO,HUANTA,HUANTA,URBANA,CARRETERA,PROVINCIAL,AY-619,-12.9384113,-74.25021219999999,DESPEJADO,RESIDENCIAL,TRAMO RECTO,INCLINADA,ASFALTADA,SI,PREVENTIVA (P),,NO,IMPRUDENCIA DEL PEATÓN,CRUCE INDEBIDO POR LA CALZADA,19.0,0,2023.0,10.0,6.0,1,3,3,1,0.0,1.0,0.0,1.0,0,1,53.5,26.16295090390226,0,1,2,0.0,0.5,1
A-2023-10-135,2023-10-22,19:00,ATROPELLO FUGA,1,0,2,TACNA,TACNA,LA YARADA LOS PALOS,RURAL,CARRETERA,NACIONAL,PE-1SD,-18.150442,-70.444978,DESPEJADO,RURAL,TRAMO RECTO,PLANA ,ASFALTADA,,,,,IMPRUDENCIA DEL PEATÓN,CRUCE INDEBIDO POR LA CALZADA,19.0,0,2023.0,10.0,6.0,1,3,3,0,0.0,0.0,0.0,0.0,0,0,50.0,26.870057685088806,0,1,3,0.0,0.333,1
A-2023-10-78,2023-10-22,23:00,CHOQUE,1,9,2,ICA,CHINCHA,CHINCHA BAJA,RURAL,CARRETERA,NACIONAL,PE-1S,-13.490222,-76.139538,DESPEJADO,RURAL,TRAMO RECTO,PLANA ,ASFALTADA,,,,,EN PROCESO DE INVESTIGACIÓN,NO CUENTA CON CAUSA ESPECIFICA,23.0,0,2023.0,10.0,6.0,1,3,3,0,0.0,0.0,0.0,0.0,0,0,31.5,20.817994353176505,0,2,10,0.0,0.2,1
A-2023-10-52,2023-10-23,01:50,CHOQUE CON OBJETO FIJO,1,0,1,PUNO,YUNGUYO,YUNGUYO,URBANA,CARRETERA,PROVINCIAL,PU-1309,-16.241691,-69.092277,DESPEJADO,COMERCIAL,TRAMO RECTO,PLANA ,ASFALTADA,,,,,INFRAESTRUCTURA Y ENTORNO VIAL,OBRAS TEMPORALES,1.0,0,2023.0,10.0,0.0,0,0,3,1,0.0,0.0,0.0,0.0,0,0,26.0,0.0,0,0,1,0.0,0.0,1
A-2023-10-137,2023-10-23,04:10,CHOQUE CON OBJETO FIJO,1,0,1,TACNA,TACNA,TACNA,URBANA,AVENIDA,URBANO,NO CORRESPONDE,-18.0102861,-70.24608055555555,DESPEJADO,COMERCIAL,TRAMO RECTO,PLANA ,ASFALTADA,,,,,IMPRUDENCIA DEL CONDUCTOR,CONDUCIR EN ESTADO DE EBRIEDAD Y/O DROGADICCIÓN,4.0,0,2023.0,10.0,0.0,0,0,3,0,1.0,0.0,0.0,1.0,0,0,43.0,0.0,0,1,1,0.0,1.0,1
A-2023-10-124,2023-10-23,07:00,CHOQUE,1,0,0,LIMA,LIMA,LURIN,RURAL,CARRETERA,NACIONAL,PE-1S,-12.27658158,-76.88905695,DESPEJADO,RURAL,TRAMO RECTO,PLANA ,ASFALTADA,,,,,EN PROCESO DE INVESTIGACIÓN,NO CUENTA CON CAUSA ESPECIFICA,7.0,0,2023.0,10.0,0.0,0,1,3,0,0.0,0.0,0.0,0.0,0,0,49.0,11.313708498984761,0,2,2,0.0,1.0,0
A-2023-10-173,2023-10-23,10:30,DESPISTE,1,0,1,CAJAMARCA,CAJAMARCA,COSPAN,RURAL,CARRETERA,PROVINCIAL,CA-1421,-7.477163,-78.426502,DESPEJADO,RESIDENCIAL,CURVA,INCLINADA,ASFALTADA,,,,,IMPRUDENCIA DEL CONDUCTOR,OTRO (IMPRUDENCIA DEL CONDUCTOR),10.0,0,2023.0,10.0,0.0,0,1,3,1,0.0,1.0,0.0,1.0,0,0,30.0,0.0,1,0,1,1.0,0.0,0
A-2023-10-160,2023-10-23,15:20,DESPISTE,2,7,8,CAJAMARCA,CUTERVO,SOCOTA,RURAL,CARRETERA,PROVINCIAL,CA-789,-6.294487,-78.662876,DESPEJADO,RURAL,TRAMO RECTO,INCLINADA,AFIRMADO,,,,,IMPRUDENCIA DEL CONDUCTOR,NO DAR PASO PREFERENTE AL PEATÓN,15.0,1,2023.0,10.0,0.0,0,2,3,1,0.0,1.0,1.0,2.0,0,0,53.111111111111114,14.251705550954632,0,1,9,0.0,0.111,0
A-2023-10-72,2023-10-24,03:50,DESPISTE,1,0,0,PIURA,MORROPON,LA MATANZA,RURAL,CARRETERA,NACIONAL,PE-02A,-5.239378,-80.080188,DESPEJADO,RURAL,TRAMO RECTO,PLANA ,ASFALTADA,,,,,EN PROCESO DE INVESTIGACIÓN,NO CUENTA CON CAUSA ESPECIFICA,3.0,0,2023.0,10.0,1.0,0,0,3,0,0.0,0.0,0.0,0.0,0,0,27.0,0.0,0,1,1,0.0,1.0,1
A-2023-10-125,2023-10-24,07:00,CHOQUE,2,0,0,LIMA,LIMA,LURIN,RURAL,CARRETERA,NACIONAL,PE-1S,-12.262158,-76.912015,DESPEJADO,RURAL,TRAMO RECTO,PLANA ,ASFALTADA,,,,,EN PROCESO DE INVESTIGACIÓN,NO CUENTA CON CAUSA ESPECIFICA,7.0,1,2023.0,10.0,1.0,0,1,3,0,0.0,0.0,0.0,0.0,0,0,31.0,0.0,0,1,4,0.0,0.25,0
A-2023-10-128,2023-10-25,00:23,ATROPELLO,1,0,0,LIMA,LIMA,SURQUILLO,URBANA,AVENIDA,URBANO,NO CORRESPONDE,-12.11273705,-77.01369594,DESPEJADO,RESIDENCIAL,TRAMO RECTO,PLANA ,ASFALTADA,,,,,EN PROCESO DE INVESTIGACIÓN,NO CUENTA CON CAUSA ESPECIFICA,0.0,0,2023.0,10.0,2.0,0,0,3,0,1.0,0.0,0.0,1.0,0,0,34.0,0.0,0,1,2,0.0,0.5,1
A-2023-10-62,2023-10-25,02:00,CHOQUE,5,47,2,CUSCO,ESPINAR,OCORURO,RURAL,CARRETERA,NACIONAL,PE-34J,-15.142256,-71.122031,DESPEJADO,RURAL,CURVA,PLANA ,ASFALTADA,SI,PREVENTIVA (P),REGULADORA (R),SI,IMPRUDENCIA DEL CONDUCTOR,INVASIÓN DE CARRIL,2.0,2,2023.0,10.0,2.0,0,0,3,1,0.0,0.0,0.0,0.0,0,0,48.16326530612245,15.974389579854988,0,2,52,0.0,0.038,1
A-2023-10-122,2023-10-25,02:40,ATROPELLO FUGA,1,0,0,LIMA,LIMA,LOS OLIVOS,URBANA,CARRETERA,NACIONAL,PE-1N,-11.9438279,-77.07116192,DESPEJADO,COMERCIAL,TRAMO RECTO,PLANA ,ASFALTADA,,,,,EN PROCESO DE INVESTIGACIÓN,NO CUENTA CON CAUSA ESPECIFICA,2.0,0,2023.0,10.0,2.0,0,0,3,0,0.0,0.0,0.0,0.0,0,0,0.0,0.0,0,0,2,0.0,0.0,1
A-2023-10-56,2023-10-25,12:10,DESPISTE,1,0,1,LA LIBERTAD,PACASMAYO,JEQUETEPEQUE,RURAL,CARRETERA,PROVINCIAL,LI-561,-7.345671,-79.52181,DESPEJADO,RURAL,TRAMO RECTO,PLANA ,AFIRMADO,,,,,IMPRUDENCIA DEL CONDUCTOR,OTRO (IMPRUDENCIA DEL CONDUCTOR),12.0,0,2023.0,10.0,2.0,0,2,3,0,0.0,0.0,1.0,1.0,0,0,32.0,0.0,0,0,1,0.0,0.0,0
A-2023-10-127,2023-10-26,05:45,ATROPELLO,1,0,0,LIMA,LIMA,SAN LUIS,URBANA,AVENIDA,URBANO,NO CORRESPONDE,-12.07004287,-76.99492787,DESPEJADO,COMERCIAL,TRAMO RECTO,PLANA ,ASFALTADA,,,,,EN PROCESO DE INVESTIGACIÓN,NO CUENTA CON CAUSA ESPECIFICA,5.0,0,2023.0,10.0,3.0,0,0,3,0,1.0,0.0,0.0,1.0,0,0,29.0,0.0,0,0,2,0.0,0.0,1
A-2023-10-54,2023-10-26,06:00,CHOQUE,1,1,2,PUNO,PUNO,COATA,RURAL,CARRETERA,DEPARTAMENTAL,PU-118,-15.5658622428654,-69.9565131310587,DESPEJADO,RURAL,TRAMO RECTO,PLANA ,ASFALTADA,,,,,IMPRUDENCIA DEL CONDUCTOR,GIRAR IMPRUDENTEMENTE,6.0,0,2023.0,10.0,3.0,0,1,3,1,0.0,0.0,0.0,0.0,0,0,49.333333333333336,12.583057392117915,0,1,3,0.0,0.333,0
A-2023-10-123,2023-10-27,01:30,ATROPELLO FUGA,1,0,0,LIMA,LIMA,LOS OLIVOS,URBANA,CARRETERA,NACIONAL,PE-1N,-11.93712142,-77.07179395,DESPEJADO,COMERCIAL,TRAMO RECTO,PLANA ,ASFALTADA,,,,,EN PROCESO DE INVESTIGACIÓN,NO CUENTA CON CAUSA ESPECIFICA,1.0,0,2023.0,10.0,4.0,0,0,3,0,0.0,0.0,0.0,0.0,0,0,0.0,0.0,0,0,2,0.0,0.0,1
A-2023-10-126,2023-10-27,06:30,ATROPELLO,1,0,0,LIMA,LIMA,SAN MARTIN DE PORRES,URBANA,AVENIDA,URBANO,NO CORRESPONDE,-11.99380244,-77.08386695,DESPEJADO,COMERCIAL,TRAMO RECTO,PLANA ,ASFALTADA,,,,,EN PROCESO DE INVESTIGACIÓN,NO CUENTA CON CAUSA ESPECIFICA,6.0,0,2023.0,10.0,4.0,0,1,3,0,1.0,0.0,0.0,1.0,0,0,0.0,0.0,0,0,2,0.0,0.0,0
A-2023-10-33,2023-10-27,12:00,ATROPELLO,1,0,0,AREQUIPA,AREQUIPA,AREQUIPA,URBANA,CALLE,URBANO,NO CORRESPONDE,-16.39808,-71.54057,DESPEJADO,COMERCIAL,TRAMO RECTO,INCLINADA,ADOQUINADO,,,,,EN PROCESO DE INVESTIGACIÓN,NO CUENTA CON CAUSA ESPECIFICA,12.0,0,2023.0,10.0,4.0,0,2,3,0,2.0,1.0,1.0,4.0,0,0,66.0,29.698484809834994,0,1,2,0.0,0.5,0
A-2023-10-143,2023-10-27,15:00,ATROPELLO,1,0,1,PUNO,SAN ROMAN,JULIACA,URBANA,JIRÓN,URBANO,NO CORRESPONDE,-15.476914061278007,-70.11482919129101,DESPEJADO,COMERCIAL,INTERSECCIÓN,PLANA ,ASFALTADA,,,,,IMPRUDENCIA DEL CONDUCTOR,NO DAR PASO PREFERENTE AL PEATÓN,15.0,0,2023.0,10.0,4.0,0,2,3,1,1.0,0.0,0.0,1.0,0,0,47.5,10.606601717798213,0,0,2,0.0,0.0,0
A-2023-10-142,2023-10-27,16:30,ATROPELLO,1,0,1,PUNO,SAN ROMAN,JULIACA,RURAL,CARRETERA,DEPARTAMENTAL,PU-124,-15.436153,-70.243903,DESPEJADO,RURAL,TRAMO RECTO,PLANA ,ASFALTADA,,,,,IMPRUDENCIA DEL PEATÓN,CRUCE INDEBIDO POR LA CALZADA,16.0,0,2023.0,10.0,4.0,0,2,3,1,0.0,0.0,0.0,0.0,0,0,22.5,10.606601717798213,0,1,2,0.0,0.5,0
A-2023-10-57,2023-10-27,19:40,DESPISTE,1,1,1,LA LIBERTAD,CHEPEN,PACANGA,RURAL,CARRETERA,NACIONAL,PE-1N,-7.131068,-79.473718,DESPEJADO,RURAL,TRAMO RECTO,PLANA ,ASFALTADA,,,,,EN PROCESO DE INVESTIGACIÓN,NO CUENTA CON CAUSA ESPECIFICA,19.0,0,2023.0,10.0,4.0,0,3,3,0,0.0,0.0,0.0,0.0,0,0,16.0,0.0,0,0,2,0.0,0.0,1
A-2023-10-31,2023-10-27,21:45,ATROPELLO,2,0,0,ICA,ICA,SANTIAGO,URBANA,CARRETERA,NACIONAL,PE-1S,-14.2639002,-75.68571,DESPEJADO,RESIDENCIAL,TRAMO RECTO,PLANA ,ASFALTADA,SI,PREVENTIVA (P),,SI,EN PROCESO DE INVESTIGACIÓN,NO CUENTA CON CAUSA ESPECIFICA,21.0,1,2023.0,10.0,4.0,0,3,3,0,0.0,0.0,0.0,0.0,0,0,37.333333333333336,35.38832199092426,0,1,3,0.0,0.333,1
A-2023-10-129,2023-10-28,02:00,ATROPELLO,1,2,0,LIMA,LIMA,LURIGANCHO,URBANA,CARRETERA,NACIONAL,PE-22,-12.021163150147276,-76.92976775024461,DESPEJADO,INDUSTRIAL,TRAMO RECTO,PLANA ,ASFALTADA,,,,,EN PROCESO DE INVESTIGACIÓN,NO CUENTA CON CAUSA ESPECIFICA,2.0,0,2023.0,10.0,5.0,1,0,3,0,0.0,0.0,0.0,0.0,0,0,31.0,0.0,0,0,4,0.0,0.0,1
A-2023-10-130,2023-10-28,04:30,ATROPELLO FUGA,1,0,0,LIMA,LIMA,EL AGUSTINO,URBANA,AVENIDA,URBANO,NO CORRESPONDE,-12.04343902,-76.98602879,DESPEJADO,RESIDENCIAL,TRAMO RECTO,PLANA ,ASFALTADA,,,,,EN PROCESO DE INVESTIGACIÓN,NO CUENTA CON CAUSA ESPECIFICA,4.0,0,2023.0,10.0,5.0,1,0,3,0,1.0,0.0,0.0,1.0,0,0,0.0,0.0,0,0,2,0.0,0.0,1
A-2023-10-73,2023-10-28,07:10,CHOQUE FUGA,1,0,0,PIURA,PIURA,CASTILLA,RURAL,CARRETERA,NACIONAL,PE-1NJ,-5.191842,-80.608285,DESPEJADO,RURAL,TRAMO RECTO,PLANA ,ASFALTADA,,,,,EN PROCESO DE INVESTIGACIÓN,NO CUENTA CON CAUSA ESPECIFICA,7.0,0,2023.0,10.0,5.0,1,1,3,0,0.0,0.0,0.0,0.0,0,0,43.0,18.384776310850235,0,1,2,0.0,0.5,0
A-2023-10-174,2023-10-28,17:50,ATROPELLO,1,0,1,CAJAMARCA,JAEN,JAEN,URBANA,JIRÓN,URBANO,NO CORRESPONDE,-5.719661653,-78.80206699,DESPEJADO,RESIDENCIAL,TRAMO RECTO,INCLINADA,CONCRETO,,,,,IMPRUDENCIA DEL CONDUCTOR,EXCESO DE VELOCIDAD,17.0,0,2023.0,10.0,5.0,1,2,3,1,1.0,1.0,0.0,2.0,0,0,61.5,2.1213203435596424,0,0,2,0.0,0.0,0
A-2023-10-131,2023-10-29,00:40,ATROPELLO,1,0,0,LIMA,LIMA,ATE,URBANA,CARRETERA,NACIONAL,PE-22,-12.00698,-76.853398,DESPEJADO,COMERCIAL,TRAMO RECTO,PLANA ,ASFALTADA,,,,,EN PROCESO DE INVESTIGACIÓN,NO CUENTA CON CAUSA ESPECIFICA,0.0,0,2023.0,10.0,6.0,1,0,3,0,0.0,0.0,0.0,0.0,0,0,0.0,0.0,0,0,2,0.0,0.0,1
A-2023-10-48,2023-10-29,04:40,CHOQUE,1,4,3,ICA,NASCA,NASCA,RURAL,CARRETERA,NACIONAL,PE-1S,-14.803779,-75.000062,DESPEJADO,RURAL,TRAMO RECTO,PLANA ,ASFALTADA,,,,,EN PROCESO DE INVESTIGACIÓN,NO CUENTA CON CAUSA ESPECIFICA,4.0,0,2023.0,10.0,6.0,1,0,3,0,0.0,0.0,0.0,0.0,0,0,35.285714285714285,13.780593670258257,0,3,7,0.0,0.429,1