CODIGO_SINIESTRO,FECHA_SINIESTRO,HORA_SINIESTRO,CLASE_SINIESTRO,CANTIDAD_FALLECIDOS,CANTIDAD_LESIONADOS,CANTIDAD_VEHICULOS,DEPARTAMENTO,PROVINCIA,DISTRITO,ZONA,TIPO_VIA,RED_VIAL,COD_CARRETERA,LATITUD,LONGITUD,CONDICION_CLIMATICA,ZONIFICACION,CARACTERISTICAS_VIA,PERFIL_VIA,SUPERFICIE_CALZADA,EXISTE_SENIAL_VERTICAL,CLASIFICACION_SENIAL_VERTICAL_1,CLASIFICACION_SENIAL_VERTICAL_2,EXISTE_SENIAL_HORIZONTAL,CAUSA_FACTOR_PRINCIPAL,CAUSA_ESPECIFICA,HORA,severidad,ANIO,MES,DIA_SEMANA,FIN_SEMANA,FRANJA_HORARIA,TEMPORADA,MACROREGION,TIPO_VIA_SCORE,PERFIL_VIA_SCORE,SUPERFICIE_CALZADA_SCORE,RIESGO_INFRAESTRUCTURA,RIESGO_CLIMATICO,SENIALIZACION_DEFICIENTE,EDAD_PROMEDIO,EDAD_STD,TOTAL_ALCOHOL,TOTAL_LICENCIA,TOTAL_PERSONAS,PCT_ALCOHOL,PCT_LICENCIA,ES_NOCHE
A-2023-10-84,2023-10-29,05:20,DESPISTE,1,0,1,PUNO,HUANCANE,TARACO,RURAL,CARRETERA,SIN CLASIFICAR,SIN CLASIFICAR,-15.293861,-69.977401,DESPEJADO,RURAL,TRAMO RECTO,PLANA ,TROCHA,,,,,IMPRUDENCIA DEL CONDUCTOR,EXCESO DE VELOCIDAD,5.0,0,2023.0,10.0,6.0,1,0,3,1,0.0,0.0,2.0,2.0,0,0,41.0,0.0,0,0,1,0.0,0.0,1
A-2023-10-132,2023-10-29,06:10,CHOQUE,1,0,0,LIMA,LIMA,RIMAC,URBANA,CARRETERA,NACIONAL,PE-1N,-12.03665,-77.043149,DESPEJADO,COMERCIAL,TRAMO RECTO,PLANA ,ASFALTADA,,,,,EN PROCESO DE INVESTIGACIÓN,NO CUENTA CON CAUSA ESPECIFICA,6.0,0,2023.0,10.0,6.0,1,1,3,0,0.0,0.0,0.0,0.0,0,0,35.5,20.506096654409877,0,1,2,0.0,0.5,0
A-2023-10-149,2023-10-29,06:30,CHOQUE,1,0,2,PUNO,SAN ROMAN,SAN MIGUEL,URBANA,CARRETERA,NACIONAL,PE-3S,-15.480436,-70.130458,DESPEJADO,COMERCIAL,INTERSECCIÓN,PLANA ,ASFALTADA,,,,,IMPRUDENCIA DEL CONDUCTOR,INVASIÓN DE CARRIL,6.0,0,2023.0,10.0,6.0,1,1,3,1,0.0,0.0,0.0,0.0,0,0,24.0,7.0710678118654755,0,2,2,0.0,1.0,0
A-2023-10-93,2023-10-29,12:10,ATROPELLO,1,0,0,LIMA,LIMA,CARABAYLLO,URBANA,AVENIDA,URBANO,NO CORRESPONDE,-11.8922989,-77.02813565,DESPEJADO,COMERCIAL,TRAMO RECTO,INCLINADA,ASFALTADA,,,,,EN PROCESO DE INVESTIGACIÓN,NO CUENTA CON CAUSA ESPECIFICA,12.0,0,2023.0,10.0,6.0,1,2,3,0,1.0,1.0,0.0,2.0,0,0,53.5,17.67766952966369,0,0,2,0.0,0.0,0
A-2023-10-60,2023-10-29,18:30,CHOQUE FUGA,1,0,0,PUNO,EL COLLAO,PILCUYO,RURAL,CARRETERA,DEPARTAMENTAL,PU-127,-16.106972210562557,-69.55916854146624,DESPEJADO,RURAL,TRAMO RECTO,PLANA ,ASFALTADA,,,,,IMPRUDENCIA DEL CONDUCTOR,EXCESO DE VELOCIDAD,18.0,0,2023.0,10.0,6.0,1,3,3,1,0.0,0.0,0.0,0.0,0,0,80.0,0.0,0,0,2,0.0,0.0,1
A-2023-10-83,2023-10-29,18:30,DESPISTE,1,0,0,PIURA,PIURA,LA ARENA,RURAL,CARRETERA,SIN CLASIFICAR,SIN CLASIFICAR,-5.35234692,-80.72421371,DESPEJADO,RURAL,CURVA,PLANA ,TROCHA,,,,,EN PROCESO DE INVESTIGACIÓN,NO CUENTA CON CAUSA ESPECIFICA,18.0,0,2023.0,10.0,6.0,1,3,3,0,0.0,0.0,2.0,2.0,0,0,62.0,0.0,0,0,1,0.0,0.0,1
A-2023-10-75,2023-10-29,22:00,CHOQUE,1,0,0,PIURA,PIURA,VEINTISEIS DE OCTUBRE,URBANA,CARRETERA,NACIONAL,PE-1N,-5.1339,-80.699741,DESPEJADO,RURAL,TRAMO RECTO,PLANA ,ASFALTADA,,,,,EN PROCESO DE INVESTIGACIÓN,NO CUENTA CON CAUSA ESPECIFICA,22.0,0,2023.0,10.0,6.0,1,3,3,0,0.0,0.0,0.0,0.0,0,0,29.0,7.0710678118654755,0,1,2,0.0,0.5,1
A-2023-10-94,2023-10-30,05:40,DESPISTE,1,8,1,AYACUCHO,HUAMANGA,CHIARA,URBANA,CARRETERA,NACIONAL,PE-3S,-13.278107874413228,-74.23038639661108,DESPEJADO,RURAL,CURVA,INCLINADA,ASFALTADA,,,,,IMPRUDENCIA DEL CONDUCTOR,EXCESO DE VELOCIDAD,5.0,0,2023.0,10.0,0.0,0,0,3,1,0.0,1.0,0.0,1.0,0,0,45.4,15.699964614255949,0,0,10,0.0,0.0,1
A-2023-10-58,2023-10-30,18:20,CHOQUE,1,2,2,LA LIBERTAD,CHEPEN,PACANGA,RURAL,CARRETERA,NACIONAL,PE-1N,-7.122333313929911,-79.4840239937687,DESPEJADO,RURAL,TRAMO RECTO,PLANA ,ASFALTADA,,,,,IMPRUDENCIA DEL CONDUCTOR,ADELANTAR INDEBIDAMENTE,18.0,0,2023.0,10.0,0.0,0,3,3,0,0.0,0.0,0.0,0.0,0,0,25.0,13.076696830622021,0,0,3,0.0,0.0,1
A-2023-10-64,2023-10-30,19:10,ATROPELLO,1,3,1,TUMBES,ZARUMILLA,PAPAYAL,RURAL,CARRETERA,DEPARTAMENTAL,TU-101,-3.5492023771904098,-80.22660463446178,DESPEJADO,RURAL,TRAMO RECTO,PLANA ,ASFALTADA,,,,,IMPRUDENCIA DEL CONDUCTOR,CONDUCIR EN ESTADO DE EBRIEDAD Y/O DROGADICCIÓN,19.0,0,2023.0,10.0,0.0,0,3,3,0,0.0,0.0,0.0,0.0,0,0,30.25,14.430869689661812,0,0,4,0.0,0.0,1
A-2023-10-85,2023-10-30,23:50,DESPISTE,1,0,1,PUNO,AZANGARO,SAN ANTON,RURAL,CARRETERA,NACIONAL,PE-34B,-14.539008229102206,-70.28918346384991,DESPEJADO,RURAL,TRAMO RECTO,PLANA ,ASFALTADA,,,,,INFRAESTRUCTURA Y ENTORNO VIAL,OTRO (INFRAESTRUCTURA Y ENTORNO VIAL),23.0,0,2023.0,10.0,0.0,0,3,3,1,0.0,0.0,0.0,0.0,0,0,33.0,9.899494936611665,0,1,2,0.0,0.5,1
A-2023-10-144,2023-10-31,08:30,CHOQUE,1,0,2,PUNO,SAN ROMAN,CARACOTO,RURAL,CARRETERA,NACIONAL,PE-3S,-15.545217,-70.110825,DESPEJADO,INDUSTRIAL,TRAMO RECTO,PLANA ,ASFALTADA,,,,,IMPRUDENCIA DEL CONDUCTOR,EXCESO DE VELOCIDAD,8.0,0,2023.0,10.0,1.0,0,1,3,1,0.0,0.0,0.0,0.0,0,0,39.0,1.4142135623730951,0,1,2,0.0,0.5,0
A-2023-10-65,2023-10-31,09:00,DESPISTE,1,0,1,PUNO,EL COLLAO,SANTA ROSA,RURAL,CARRETERA,NACIONAL,PE-36A,-16.801885124618327,-70.03709084660409,DESPEJADO,RURAL,CURVA,INCLINADA,ASFALTADA,,,,,IMPRUDENCIA DEL CONDUCTOR,OTRO (IMPRUDENCIA DEL CONDUCTOR),9.0,0,2023.0,10.0,1.0,0,1,3,1,0.0,1.0,0.0,1.0,0,0,41.0,0.0,0,1,1,0.0,1.0,0
A-2023-10-86,2023-10-31,20:30,DESPISTE,1,1,1,PUNO,SAN ANTONIO DE PUTINA,PUTINA,RURAL,CARRETERA,NACIONAL,PE-34H,-14.937619,-69.867581,DESPEJADO,RURAL,TRAMO RECTO,PLANA ,ASFALTADA,,,,,IMPRUDENCIA DEL CONDUCTOR,EXCESO DE VELOCIDAD,20.0,0,2023.0,10.0,1.0,0,3,3,1,0.0,0.0,0.0,0.0,0,0,28.5,0.7071067811865476,0,1,2,0.0,0.5,1
A-2023-10-63,2023-10-31,23:30,CHOQUE,2,1,2,LA LIBERTAD,PACASMAYO,SAN JOSE,RURAL,CARRETERA,NACIONAL,PE-1N,-7.3389259,-79.5007404,DESPEJADO,RURAL,TRAMO RECTO,PLANA ,ASFALTADA,,,,,EN PROCESO DE INVESTIGACIÓN,NO CUENTA CON CAUSA ESPECIFICA,23.0,1,2023.0,10.0,1.0,0,3,3,0,0.0,0.0,0.0,0.0,0,0,33.333333333333336,7.767453465154028,0,1,3,0.0,0.333,1
A-2023-11-105,2023-11-01,05:20,ATROPELLO,1,0,0,LIMA,LIMA,LOS OLIVOS,URBANA,AVENIDA,URBANO,NO CORRESPONDE,-11.96297688,-77.0632051,DESPEJADO,RESIDENCIAL,TRAMO RECTO,PLANA ,ASFALTADA,,,,,EN PROCESO DE INVESTIGACIÓN,NO CUENTA CON CAUSA ESPECIFICA,5.0,0,2023.0,11.0,2.0,0,0,3,0,1.0,0.0,0.0,1.0,0,0,33.0,9.899494936611665,0,1,2,0.0,0.5,1
A-2023-11-57,2023-11-01,07:45,CHOQUE,1,0,2,AMAZONAS,UTCUBAMBA,BAGUA GRANDE,RURAL,CARRETERA,NACIONAL,PE-5N,-5.723041,-78.477425,DESPEJADO,RURAL,TRAMO RECTO,PLANA ,ASFALTADA,NO,,,SI,EN PROCESO DE INVESTIGACIÓN,NO CUENTA CON CAUSA ESPECIFICA,7.0,0,2023.0,11.0,2.0,0,1,3,2,0.0,0.0,0.0,0.0,0,1,37.5,3.5355339059327378,0,0,2,0.0,0.0,0
A-2023-11-78,2023-11-01,14:30,DESPISTE,1,0,0,JUNIN,CONCEPCION,SAN JOSE DE QUERO,RURAL,CARRETERA,NACIONAL,PE-24,-12.094406,-75.546458,DESPEJADO,RURAL,SINUOSA,PLANA ,ASFALTADA,SI,PREVENTIVA (P),,SI,IMPRUDENCIA DEL CONDUCTOR,OTRO (IMPRUDENCIA DEL CONDUCTOR),14.0,0,2023.0,11.0,2.0,0,2,3,1,0.0,0.0,0.0,0.0,0,0,50.0,0.0,0,0,1,0.0,0.0,0
A-2023-11-64,2023-11-01,16:50,DESPISTE,1,0,1,PUNO,MELGAR,UMACHIRI,RURAL,CARRETERA,NACIONAL,PE-3SG,-14.869368897990238,-70.67279845512074,DESPEJADO,RURAL,TRAMO RECTO,PLANA ,ASFALTADA,,,,,IMPRUDENCIA DEL CONDUCTOR,OTRO (IMPRUDENCIA DEL CONDUCTOR),16.0,0,2023.0,11.0,2.0,0,2,3,1,0.0,0.0,0.0,0.0,0,0,29.5,3.5355339059327378,0,1,2,0.0,0.5,0
A-2023-11-2,2023-11-01,17:00,ATROPELLO,1,0,0,PUNO,CHUCUITO,ZEPITA,RURAL,CARRETERA,SIN CLASIFICAR,SIN CLASIFICAR,-16.414853,-69.088975,DESPEJADO,RURAL,TRAMO RECTO,PLANA ,ASFALTADA,,,,,IMPRUDENCIA DEL CONDUCTOR,NO ENCENDER LAS LUCES,17.0,0,2023.0,11.0,2.0,0,2,3,1,0.0,0.0,0.0,0.0,0,0,31.0,0.0,0,1,2,0.0,0.5,0
A-2023-11-1,2023-11-01,18:44,CHOQUE,3,3,2,PUNO,PUNO,PAUCARCOLLA,RURAL,CARRETERA,SIN CLASIFICAR,SIN CLASIFICAR,-15.787059627319664,-70.03850691114089,DESPEJADO,RURAL,CURVA,PLANA ,ASFALTADA,,,,,IMPRUDENCIA DEL CONDUCTOR,CONDUCIR EN ESTADO DE EBRIEDAD Y/O DROGADICCIÓN,18.0,2,2023.0,11.0,2.0,0,3,3,1,0.0,0.0,0.0,0.0,0,0,52.25,10.904891868637058,0,2,6,0.0,0.333,1
A-2023-11-106,2023-11-01,19:00,ESPECIAL,1,0,0,LIMA,LIMA,CHORRILLOS,URBANA,VIA EXPRESA,URBANO,NO CORRESPONDE,-12.16949027,-77.03635813,DESPEJADO,RURAL,CURVA,INCLINADA,ASFALTADA,SI,PREVENTIVA (P),,SI,EN PROCESO DE INVESTIGACIÓN,NO CUENTA CON CAUSA ESPECIFICA,19.0,0,2023.0,11.0,2.0,0,3,3,0,1.0,1.0,0.0,2.0,0,0,56.0,0.0,0,1,1,0.0,1.0,1
A-2023-11-107,2023-11-02,04:40,ATROPELLO,1,0,0,LIMA,LIMA,SAN MARTIN DE PORRES,URBANA,AVENIDA,URBANO,NO CORRESPONDE,-12.03225906,-77.06423077,DESPEJADO,COMERCIAL,TRAMO RECTO,PLANA ,ASFALTADA,,,,,EN PROCESO DE INVESTIGACIÓN,NO CUENTA CON CAUSA ESPECIFICA,4.0,0,2023.0,11.0,3.0,0,0,3,0,1.0,0.0,0.0,1.0,0,0,43.5,9.192388155425117,0,1,2,0.0,0.5,1
A-2023-11-108,2023-11-02,05:00,ATROPELLO,1,0,0,LIMA,LIMA,SAN JUAN DE LURIGANCHO,URBANA,AVENIDA,URBANO,NO CORRESPONDE,-12.02576411,-77.01010623,DESPEJADO,COMERCIAL,CURVA,PLANA ,ASFALTADA,,,,,EN PROCESO DE INVESTIGACIÓN,NO CUENTA CON CAUSA ESPECIFICA,5.0,0,2023.0,11.0,3.0,0,0,3,0,1.0,0.0,0.0,1.0,0,0,53.0,31.11269837220809,0,1,2,0.0,0.5,1
A-2023-11-109,2023-11-02,11:45,ATROPELLO FUGA,1,0,0,LIMA,LIMA,SAN BARTOLO,URBANA,CARRETERA,NACIONAL,PE-1S,-12.381164,-76.774431,DESPEJADO,RURAL,TRAMO RECTO,PLANA ,ASFALTADA,,,,,EN PROCESO DE INVESTIGACIÓN,NO CUENTA CON CAUSA ESPECIFICA,11.0,0,2023.0,11.0,3.0,0,1,3,0,0.0,0.0,0.0,0.0,0,0,50.0,0.0,0,0,2,0.0,0.0,0
A-2023-11-65,2023-11-02,11:50,DESPISTE,1,0,1,PUNO,AZANGARO,SANTIAGO DE PUPUJA,RURAL,CARRETERA,NACIONAL,PE-34B,-15.0007276,-70.1823811,DESPEJADO,RURAL,TRAMO RECTO,PLANA ,ASFALTADA,,,,,IMPRUDENCIA DEL CONDUCTOR,EXCESO DE VELOCIDAD,11.0,0,2023.0,11.0,3.0,0,1,3,1,0.0,0.0,0.0,0.0,0,0,34.0,0.0,0,0,1,0.0,0.0,0
A-2023-11-4,2023-11-02,12:04,ATROPELLO,1,0,0,APURIMAC,ANDAHUAYLAS,SAN JERONIMO,URBANA,JIRÓN,URBANO,NO CORRESPONDE,-13.649608,-73.363528,SOLEADO,RESIDENCIAL,OTRO,PLANA ,ASFALTADA,,,,,IMPRUDENCIA DEL PEATÓN,CRUCE INDEBIDO POR LA CALZADA,12.0,0,2023.0,11.0,3.0,0,2,3,1,1.0,0.0,0.0,1.0,0,0,22.0,22.627416997969522,0,1,2,0.0,0.5,0
A-2023-11-19,2023-11-02,14:30,DESPISTE,1,2,1,APURIMAC,ANDAHUAYLAS,PACUCHA,RURAL,CARRETERA,PROVINCIAL,AP-576,-13.569,-73.289505,DESPEJADO,RURAL,CURVA,INCLINADA,AFIRMADO,,,,,EN PROCESO DE INVESTIGACIÓN,NO CUENTA CON CAUSA ESPECIFICA,14.0,0,2023.0,11.0,3.0,0,2,3,1,0.0,1.0,1.0,2.0,0,0,40.75,32.90769920044041,0,1,4,0.0,0.25,0
A-2023-11-157,2023-11-02,15:30,DESPISTE,1,3,1,CAJAMARCA,HUALGAYOC,BAMBAMARCA,RURAL,CARRETERA,SIN CLASIFICAR,SIN CLASIFICAR,-6.686448,-78.454184,LLUVIOSO,RURAL,TRAMO RECTO,INCLINADA,AFIRMADO,,,,,IMPRUDENCIA DEL CONDUCTOR,OTRO (IMPRUDENCIA DEL CONDUCTOR),15.0,0,2023.0,11.0,3.0,0,2,3,1,0.0,1.0,1.0,2.0,1,0,39.4,11.104053313993049,0,1,5,0.0,0.2,0
A-2023-11-155,2023-11-02,16:00,DESPISTE,1,0,1,CAJAMARCA,SAN IGNACIO,CHIRINOS,RURAL,CARRETERA,PROVINCIAL,CA-549,-5.221688,-78.933737,LLUVIOSO,RURAL,CURVA,PLANA ,AFIRMADO,,,,,IMPRUDENCIA DEL CONDUCTOR,OTRO (IMPRUDENCIA DEL CONDUCTOR),16.0,0,2023.0,11.0,3.0,0,2,3,1,0.0,0.0,1.0,1.0,1,0,28.0,0.0,0,0,1,0.0,0.0,0
A-2023-11-111,2023-11-02,17:40,CHOQUE,1,0,0,LIMA,LIMA,SAN JUAN DE LURIGANCHO,URBANA,AVENIDA,URBANO,NO CORRESPONDE,-12.01796391,-77.00180065,DESPEJADO,COMERCIAL,TRAMO RECTO,PLANA ,ASFALTADA,,,,,EN PROCESO DE INVESTIGACIÓN,NO CUENTA CON CAUSA ESPECIFICA,17.0,0,2023.0,11.0,3.0,0,2,3,0,1.0,0.0,0.0,1.0,0,0,34.0,9.899494936611665,0,1,2,0.0,0.5,0
A-2023-11-79,2023-11-02,19:15,ATROPELLO FUGA,1,0,0,JUNIN,CONCEPCION,CHAMBARA,RURAL,CARRETERA,NACIONAL,PE-24,-12.026391,-75.411418,DESPEJADO,RURAL,TRAMO RECTO,PLANA ,ASFALTADA,SI,PREVENTIVA (P),,SI,IMPRUDENCIA DEL CONDUCTOR,OTRO (IMPRUDENCIA DEL CONDUCTOR),19.0,0,2023.0,11.0,3.0,0,3,3,1,0.0,0.0,0.0,0.0,0,0,37.5,16.263455967290593,0,1,2,0.0,0.5,1
A-2023-11-110,2023-11-02,19:45,ATROPELLO,1,0,0,LIMA,LIMA,ATE,URBANA,CARRETERA,NACIONAL,PE-22,-12.009693,-76.868245,DESPEJADO,INDUSTRIAL,TRAMO RECTO,PLANA ,ASFALTADA,SI,PREVENTIVA (P),PREVENTIVA (P),SI,EN PROCESO DE INVESTIGACIÓN,NO CUENTA CON CAUSA ESPECIFICA,19.0,0,2023.0,11.0,3.0,0,3,3,0,0.0,0.0,0.0,0.0,0,0,24.0,16.97056274847714,0,1,2,0.0,0.5,1
A-2023-11-13,2023-11-02,23:10,CHOQUE,1,1,0,PIURA,PIURA,CASTILLA,RURAL,CARRETERA,DEPARTAMENTAL,PI-126,-4.982013,-80.56318,DESPEJADO,RURAL,TRAMO RECTO,PLANA ,ASFALTADA,,,,,EN PROCESO DE INVESTIGACIÓN,NO CUENTA CON CAUSA ESPECIFICA,23.0,0,2023.0,11.0,3.0,0,3,3,0,0.0,0.0,0.0,0.0,0,0,34.0,26.0,1,0,3,0.333,0.0,1
A-2023-11-24,2023-11-03,00:20,CHOQUE CON OBJETO FIJO,1,1,1,CUSCO,LA CONVENCION,SANTA ANA,RURAL,CARRETERA,NACIONAL,PE-28B,-12.943439,-72.67007,NUBLADO,RURAL,SINUOSA,PLANA ,ASFALTADA,SI,PREVENTIVA (P),,SI,IMPRUDENCIA DEL CONDUCTOR,CONDUCIR EN ESTADO DE EBRIEDAD Y/O DROGADICCIÓN,0.0,0,2023.0,11.0,4.0,0,0,3,1,0.0,0.0,0.0,0.0,0,0,29.0,0.0,0,0,2,0.0,0.0,1
A-2023-11-112,2023-11-03,03:06,ATROPELLO,1,0,0,LIMA,LIMA,RIMAC,URBANA,CARRETERA,NACIONAL,PE-1N,-12.04125586,-77.03303703,DESPEJADO,COMERCIAL,TRAMO RECTO,PLANA ,ASFALTADA,SI,INFORMATIVA (I),,SI,EN PROCESO DE INVESTIGACIÓN,NO CUENTA CON CAUSA ESPECIFICA,3.0,0,2023.0,11.0,4.0,0,0,3,0,0.0,0.0,0.0,0.0,0,0,36.0,19.79898987322333,0,1,2,0.0,0.5,1
A-2023-11-9,2023-11-03,20:15,CHOQUE,1,4,2,JUNIN,HUANCAYO,SAN AGUSTIN,RURAL,CARRETERA,NACIONAL,PE-3S,-12.00325,-75.250725,DESPEJADO,RURAL,TRAMO RECTO,PLANA ,ASFALTADA,NO,,,SI,IMPRUDENCIA DEL CONDUCTOR,OTRO (IMPRUDENCIA DEL CONDUCTOR),20.0,0,2023.0,11.0,4.0,0,3,3,1,0.0,0.0,0.0,0.0,0,1,39.285714285714285,13.792682670100668,0,2,7,0.0,0.286,1
A-2023-11-3,2023-11-04,02:10,CHOQUE,1,1,2,ICA,ICA,ICA,URBANA,CARRETERA,NACIONAL,PE-1S,-14.090215,-75.71941,DESPEJADO,COMERCIAL,TRAMO RECTO,PLANA ,ASFALTADA,SI,PREVENTIVA (P),INFORMATIVA (I),NO,EN PROCESO DE INVESTIGACIÓN,NO CUENTA CON CAUSA ESPECIFICA,2.0,0,2023.0,11.0,5.0,1,0,3,0,0.0,0.0,0.0,0.0,0,1,28.0,12.12435565298214,0,2,3,0.0,0.667,1
A-2023-11-80,2023-11-04,05:30,DESPISTE,1,5,0,JUNIN,YAULI,LA OROYA,RURAL,CARRETERA,NACIONAL,PE-3S,-11.586712004795071,-75.84584888500075,LLUVIOSO,RURAL,TRAMO RECTO,PLANA ,ASFALTADA,SI,PREVENTIVA (P),,SI,IMPRUDENCIA DEL CONDUCTOR,OTRO (IMPRUDENCIA DEL CONDUCTOR),5.0,0,2023.0,11.0,5.0,1,0,3,1,0.0,0.0,0.0,0.0,1,0,13.333333333333334,13.291601358251256,0,1,6,0.0,0.167,1
A-2023-11-45,2023-11-04,09:30,DESPISTE,1,4,1,LA LIBERTAD,PATAZ,PATAZ,RURAL,CARRETERA,PROVINCIAL,LI-860,-7.758597200141111,-77.56816824320808,DESPEJADO,RURAL,TRAMO RECTO,PLANA ,TROCHA,,,,,EN PROCESO DE INVESTIGACIÓN,NO CUENTA CON CAUSA ESPECIFICA,9.0,0,2023.0,11.0,5.0,1,1,3,0,0.0,0.0,2.0,2.0,0,0,28.0,6.985699678629192,0,1,6,0.0,0.167,0
A-2023-11-152,2023-11-04,12:00,CHOQUE,1,1,2,CAJAMARCA,CELENDIN,CELENDIN,RURAL,CARRETERA,NACIONAL,PE-08B,-6.891779228,-78.11679699,DESPEJADO,RESIDENCIAL,CURVA,INCLINADA,ASFALTADA,,,,,IMPRUDENCIA DEL CONDUCTOR,EXCESO DE VELOCIDAD,12.0,0,2023.0,11.0,5.0,1,2,3,1,0.0,1.0,0.0,1.0,0,0,22.0,11.269427669584644,0,1,3,0.0,0.333,0
A-2023-11-10,2023-11-04,18:00,CHOQUE,1,0,0,PIURA,PIURA,CASTILLA,URBANA,AVENIDA,URBANO,NO CORRESPONDE,-5.183442,-80.61185,DESPEJADO,RURAL,TRAMO RECTO,PLANA ,ASFALTADA,,,,,EN PROCESO DE INVESTIGACIÓN,NO CUENTA CON CAUSA ESPECIFICA,18.0,0,2023.0,11.0,5.0,1,3,3,0,1.0,0.0,0.0,1.0,0,0,31.5,6.363961030678928,0,0,2,0.0,0.0,1
A-2023-11-25,2023-11-04,19:30,DESPISTE,1,0,1,CUSCO,CHUMBIVILCAS,COLQUEMARCA,RURAL,CARRETERA,PROVINCIAL,CU-1536,-14.174067,-72.005272,DESPEJADO,RURAL,CURVA,INCLINADA,TROCHA,,,,,IMPRUDENCIA DEL CONDUCTOR,EXCESO DE VELOCIDAD,19.0,0,2023.0,11.0,5.0,1,3,3,1,0.0,1.0,2.0,3.0,0,0,19.0,0.0,0,0,1,0.0,0.0,1
A-2023-11-22,2023-11-05,04:30,ATROPELLO,1,0,1,CUSCO,QUISPICANCHI,ANDAHUAYLILLAS,RURAL,CARRETERA,PROVINCIAL,CU-1321,-13.696585,-71.720025,DESPEJADO,RURAL,TRAMO RECTO,INCLINADA,AFIRMADO,,,,,IMPRUDENCIA DEL CONDUCTOR,CONDUCIR EN ESTADO DE EBRIEDAD Y/O DROGADICCIÓN,4.0,0,2023.0,11.0,6.0,1,0,3,1,0.0,1.0,1.0,2.0,0,0,51.0,32.526911934581186,1,1,2,0.5,0.5,1
A-2023-11-113,2023-11-05,06:30,CHOQUE,1,0,0,LIMA,LIMA,COMAS,URBANA,AVENIDA,URBANO,NO CORRESPONDE,-11.92577677,-77.05206846,DESPEJADO,COMERCIAL,INTERSECCIÓN,PLANA ,ASFALTADA,SI,REGULADORA (R),,NO,EN PROCESO DE INVESTIGACIÓN,NO CUENTA CON CAUSA ESPECIFICA,6.0,0,2023.0,11.0,6.0,1,1,3,0,1.0,0.0,0.0,1.0,0,1,37.0,12.727922061357855,0,2,2,0.0,1.0,0
A-2023-11-141,2023-11-05,18:00,CHOQUE,1,0,2,AYACUCHO,HUAMANGA,ANDRES AVELINO CACERES DORREGARAY,URBANA,AVENIDA,URBANO,NO CORRESPONDE,-13.16384962905658,-74.20762316868363,NUBLADO,RESIDENCIAL,TRAMO RECTO,PLANA ,ASFALTADA,,,,,IMPRUDENCIA DEL CONDUCTOR,CONDUCIR EN ESTADO DE EBRIEDAD Y/O DROGADICCIÓN,18.0,0,2023.0,11.0,6.0,1,3,3,1,1.0,0.0,0.0,1.0,0,0,31.5,0.7071067811865476,1,0,2,0.5,0.0,1
A-2023-11-81,2023-11-05,21:30,CHOQUE CON OBJETO FIJO,1,0,0,JUNIN,JAUJA,CANCHAYLLO,URBANA,AVENIDA,URBANO,NO CORRESPONDE,-11.80235,-75.71653,DESPEJADO,RURAL,TRAMO RECTO,PLANA ,CONCRETO,,,,,IMPRUDENCIA DEL CONDUCTOR,CONDUCIR EN ESTADO DE EBRIEDAD Y/O DROGADICCIÓN,21.0,0,2023.0,11.0,6.0,1,3,3,1,1.0,0.0,0.0,1.0,0,0,38.0,0.0,0,0,1,0.0,0.0,1
A-2023-11-62,2023-11-06,05:00,DESPISTE,1,4,1,HUANCAVELICA,TAYACAJA,PAMPAS,RURAL,CARRETERA,NACIONAL,PE-3S,-12.49823110463927,-74.82433490056125,DESPEJADO,RURAL,TRAMO RECTO,PLANA ,ASFALTADA,,,,,EN PROCESO DE INVESTIGACIÓN,NO CUENTA CON CAUSA ESPECIFICA,5.0,0,2023.0,11.0,0.0,0,0,3,1,0.0,0.0,0.0,0.0,0,0,36.2,11.734564329364767,0,1,5,0.0,0.2,1
A-2023-11-114,2023-11-06,05:40,ATROPELLO,1,0,0,LIMA,LIMA,SAN MARTIN DE PORRES,URBANA,AVENIDA,URBANO,NO CORRESPONDE,-12.02683672,-77.0552162,DESPEJADO,COMERCIAL,TRAMO RECTO,PLANA ,ASFALTADA,,,,,EN PROCESO DE INVESTIGACIÓN,NO CUENTA CON CAUSA ESPECIFICA,5.0,0,2023.0,11.0,0.0,0,0,3,0,1.0,0.0,0.0,1.0,0,0,34.0,8.48528137423857,0,1,2,0.0,0.5,1
A-2023-11-82,2023-11-06,11:30,ATROPELLO,1,0,0,JUNIN,HUANCAYO,VIQUES,RURAL,CARRETERA,NACIONAL,PE-3S,-12.151213,-75.218905,SOLEADO,RURAL,TRAMO RECTO,PLANA ,ASFALTADA,NO,,,SI,IMPRUDENCIA DEL CONDUCTOR,OTRO (IMPRUDENCIA DEL CONDUCTOR),11.0,0,2023.0,11.0,0.0,0,1,3,1,0.0,0.0,0.0,0.0,0,1,70.0,21.213203435596427,0,1,3,0.0,0.333,0
A-2023-11-66,2023-11-06,18:00,CHOQUE,1,0,2,PUNO,SAN ROMAN,CARACOTO,RURAL,CARRETERA,NACIONAL,PE-3S,-15.552096,-70.107664,DESPEJADO,RURAL,TRAMO RECTO,PLANA ,ASFALTADA,,,,,IMPRUDENCIA DEL CONDUCTOR,CONDUCIR EN ESTADO DE EBRIEDAD Y/O DROGADICCIÓN,18.0,0,2023.0,11.0,0.0,0,3,3,1,0.0,0.0,0.0,0.0,0,0,47.0,5.656854249492381,0,1,2,0.0,0.5,1