CODIGO_SINIESTRO,FECHA_SINIESTRO,HORA_SINIESTRO,CLASE_SINIESTRO,CANTIDAD_FALLECIDOS,CANTIDAD_LESIONADOS,CANTIDAD_VEHICULOS,DEPARTAMENTO,PROVINCIA,DISTRITO,ZONA,TIPO_VIA,RED_VIAL,COD_CARRETERA,LATITUD,LONGITUD,CONDICION_CLIMATICA,ZONIFICACION,CARACTERISTICAS_VIA,PERFIL_VIA,SUPERFICIE_CALZADA,EXISTE_SENIAL_VERTICAL,CLASIFICACION_SENIAL_VERTICAL_1,CLASIFICACION_SENIAL_VERTICAL_2,EXISTE_SENIAL_HORIZONTAL,CAUSA_FACTOR_PRINCIPAL,CAUSA_ESPECIFICA,HORA,severidad,ANIO,MES,DIA_SEMANA,FIN_SEMANA,FRANJA_HORARIA,TEMPORADA,MACROREGION,TIPO_VIA_SCORE,PERFIL_VIA_SCORE,SUPERFICIE_CALZADA_SCORE,RIESGO_INFRAESTRUCTURA,RIESGO_CLIMATICO,SENIALIZACION_DEFICIENTE,EDAD_PROMEDIO,EDAD_STD,TOTAL_ALCOHOL,TOTAL_LICENCIA,TOTAL_PERSONAS,PCT_ALCOHOL,PCT_LICENCIA,ES_NOCHE
A-2023-11-42,2023-11-06,20:30,DESPISTE,1,0,1,TUMBES,ZARUMILLA,AGUAS VERDES,URBANA,AVENIDA,URBANO,NO CORRESPONDE,-3.4851540779029397,-80.26634545858244,DESPEJADO,RURAL,TRAMO RECTO,PLANA ,ASFALTADA,,,,,IMPRUDENCIA DEL CONDUCTOR,OTRO (IMPRUDENCIA DEL CONDUCTOR),20.0,0,2023.0,11.0,0.0,0,3,3,0,1.0,0.0,0.0,1.0,0,0,63.0,0.0,0,1,1,0.0,1.0,1
A-2023-11-67,2023-11-06,20:40,ATROPELLO,1,0,1,PUNO,SAN ROMAN,CARACOTO,RURAL,CARRETERA,NACIONAL,PE-3S,-15.550033,-70.108568,DESPEJADO,RURAL,TRAMO RECTO,PLANA ,ASFALTADA,,,,,IMPRUDENCIA DEL PEATÓN,CRUCE INDEBIDO POR LA CALZADA,20.0,0,2023.0,11.0,0.0,0,3,3,1,0.0,0.0,0.0,0.0,0,0,43.0,25.45584412271571,0,0,2,0.0,0.0,1
A-2023-11-32,2023-11-07,08:00,CHOQUE,1,0,2,CUSCO,URUBAMBA,HUAYLLABAMBA,RURAL,CARRETERA,NACIONAL,PE-28B,-13.329566,-72.05532,DESPEJADO,RURAL,TRAMO RECTO,PLANA ,ASFALTADA,NO,,,SI,IMPRUDENCIA DEL CONDUCTOR,EXCESO DE VELOCIDAD,8.0,0,2023.0,11.0,1.0,0,1,3,1,0.0,0.0,0.0,0.0,0,1,21.5,10.606601717798213,0,1,2,0.0,0.5,0
A-2023-11-140,2023-11-07,10:30,DESPISTE,3,0,1,AYACUCHO,VILCAS HUAMAN,CONCEPCION,RURAL,CARRETERA,PROVINCIAL,AY-953,-13.599089,-73.85935,DESPEJADO,RURAL,CURVA,PLANA ,TROCHA,,,,,IMPRUDENCIA DEL CONDUCTOR,EXCESO DE VELOCIDAD,10.0,2,2023.0,11.0,1.0,0,1,3,1,0.0,0.0,2.0,2.0,0,0,50.333333333333336,4.04145188432738,0,0,3,0.0,0.0,0
A-2023-11-46,2023-11-07,19:15,ATROPELLO,1,0,1,LA LIBERTAD,PACASMAYO,GUADALUPE,URBANA,AVENIDA,URBANO,NO CORRESPONDE,-7.309388415851915,-79.48448321442999,DESPEJADO,COMERCIAL,TRAMO RECTO,PLANA ,ASFALTADA,,,,,EN PROCESO DE INVESTIGACIÓN,NO CUENTA CON CAUSA ESPECIFICA,19.0,0,2023.0,11.0,1.0,0,3,3,0,1.0,0.0,0.0,1.0,0,0,47.0,28.284271247461902,0,0,2,0.0,0.0,1
A-2023-11-115,2023-11-08,12:00,ATROPELLO,1,0,0,LIMA,LIMA,LA VICTORIA,URBANA,JIRÓN,URBANO,NO CORRESPONDE,-12.06099302,-77.02302769,DESPEJADO,COMERCIAL,INTERSECCIÓN,PLANA ,ASFALTADA,SI,PREVENTIVA (P),,SI,EN PROCESO DE INVESTIGACIÓN,NO CUENTA CON CAUSA ESPECIFICA,12.0,0,2023.0,11.0,2.0,0,2,3,0,1.0,0.0,0.0,1.0,0,0,43.0,2.8284271247461903,0,1,2,0.0,0.5,0
A-2023-11-116,2023-11-09,17:40,CHOQUE FUGA,1,0,0,LIMA,LIMA,CARABAYLLO,URBANA,CARRETERA,NACIONAL,PE-20A,-11.83463782,-76.99971482,DESPEJADO,COMERCIAL,CURVA,INCLINADA,ASFALTADA,SI,PREVENTIVA (P),,SI,EN PROCESO DE INVESTIGACIÓN,NO CUENTA CON CAUSA ESPECIFICA,17.0,0,2023.0,11.0,3.0,0,2,3,0,0.0,1.0,0.0,1.0,0,0,54.0,11.313708498984761,0,1,2,0.0,0.5,0
A-2023-11-139,2023-11-09,18:00,DESPISTE,1,12,1,AYACUCHO,VILCAS HUAMAN,CONCEPCION,RURAL,CARRETERA,NACIONAL,PE-32A,-13.58085987,-73.82843947,DESPEJADO,RURAL,CURVA,INCLINADA,CASCAJO/RIPIO,,,,,IMPRUDENCIA DEL CONDUCTOR,EXCESO DE VELOCIDAD,18.0,0,2023.0,11.0,3.0,0,3,3,1,0.0,1.0,1.0,2.0,0,0,32.0,24.589970855343985,0,1,13,0.0,0.077,1
A-2023-11-68,2023-11-10,02:30,DESPISTE,3,0,1,PUNO,LAMPA,SANTA LUCIA,RURAL,CARRETERA,NACIONAL,PE-34A,-15.6619293,-70.6614533,DESPEJADO,RURAL,TRAMO RECTO,PLANA ,ASFALTADA,,,,,IMPRUDENCIA DEL CONDUCTOR,EXCESO DE VELOCIDAD,2.0,2,2023.0,11.0,4.0,0,0,3,1,0.0,0.0,0.0,0.0,0,0,38.5,19.226717521892983,0,1,4,0.0,0.25,1
A-2023-11-5,2023-11-10,06:40,DESPISTE,2,1,1,PUNO,CHUCUITO,DESAGUADERO,RURAL,CARRETERA,NACIONAL,PE-3S,-16.545718,-69.052722,DESPEJADO,RURAL,TRAMO RECTO,PLANA ,ASFALTADA,,,,,IMPRUDENCIA DEL CONDUCTOR,OTRO (IMPRUDENCIA DEL CONDUCTOR),6.0,1,2023.0,11.0,4.0,0,1,3,1,0.0,0.0,0.0,0.0,0,0,35.666666666666664,11.239810200058242,0,1,3,0.0,0.333,0
A-2023-11-6,2023-11-10,13:00,CHOQUE,1,1,2,PUNO,EL COLLAO,SANTA ROSA,RURAL,CARRETERA,NACIONAL,PE-36A,-16.842473314572764,-70.08972600893924,DESPEJADO,RURAL,TRAMO RECTO,PLANA ,ASFALTADA,,,,,IMPRUDENCIA DEL CONDUCTOR,ADELANTAR INDEBIDAMENTE,13.0,0,2023.0,11.0,4.0,0,2,3,1,0.0,0.0,0.0,0.0,0,0,39.5,12.020815280171307,0,2,2,0.0,1.0,0
A-2023-11-69,2023-11-10,21:30,ATROPELLO FUGA,1,0,0,PUNO,SAN ROMAN,JULIACA,URBANA,AVENIDA,URBANO,NO CORRESPONDE,-15.525459,-70.118926,DESPEJADO,INDUSTRIAL,TRAMO RECTO,PLANA ,ASFALTADA,,,,,EN PROCESO DE INVESTIGACIÓN,NO CUENTA CON CAUSA ESPECIFICA,21.0,0,2023.0,11.0,4.0,0,3,3,1,1.0,0.0,0.0,1.0,0,0,14.0,0.0,0,0,2,0.0,0.0,1
A-2023-11-23,2023-11-11,05:40,ATROPELLO,1,0,1,CUSCO,CANCHIS,SICUANI,URBANA,CARRETERA,NACIONAL,PE-3S,-14.2881316058993,-71.2230098708344,NUBLADO,RESIDENCIAL,INTERSECCIÓN,PLANA ,ASFALTADA,SI,REGULADORA (R),,NO,IMPRUDENCIA DEL CONDUCTOR,OTRO (IMPRUDENCIA DEL CONDUCTOR),5.0,0,2023.0,11.0,5.0,1,0,3,1,0.0,0.0,0.0,0.0,0,1,76.0,4.242640687119285,0,1,2,0.0,0.5,1
A-2023-11-28,2023-11-11,15:15,CHOQUE,1,0,2,ICA,CHINCHA,PUEBLO NUEVO,URBANA,CARRETERA,PROVINCIAL,IC-505,-13.396273,-76.139316,DESPEJADO,RESIDENCIAL,INTERSECCIÓN,PLANA ,ASFALTADA,,,,,EN PROCESO DE INVESTIGACIÓN,NO CUENTA CON CAUSA ESPECIFICA,15.0,0,2023.0,11.0,5.0,1,2,3,0,0.0,0.0,0.0,0.0,0,0,44.0,21.213203435596427,0,2,2,0.0,1.0,0
A-2023-11-70,2023-11-11,15:20,DESPISTE,1,0,1,PUNO,MELGAR,AYAVIRI,RURAL,CARRETERA,NACIONAL,PE-3SG,-14.893966,-70.614402,DESPEJADO,RURAL,TRAMO RECTO,PLANA ,ASFALTADA,,,,,IMPRUDENCIA DEL CONDUCTOR,EXCESO DE VELOCIDAD,15.0,0,2023.0,11.0,5.0,1,2,3,1,0.0,0.0,0.0,0.0,0,0,47.5,17.67766952966369,0,0,2,0.0,0.0,0
A-2023-11-87,2023-11-11,16:49,CAÍDA DE PASAJERO,1,0,0,AREQUIPA,AREQUIPA,AREQUIPA,URBANA,AVENIDA,URBANO,NO CORRESPONDE,-16.415154,-71.534074,DESPEJADO,COMERCIAL,TRAMO RECTO,PLANA ,ASFALTADA,NO,,,SI,EN PROCESO DE INVESTIGACIÓN,NO CUENTA CON CAUSA ESPECIFICA,16.0,0,2023.0,11.0,5.0,1,2,3,0,1.0,0.0,0.0,1.0,0,1,52.5,10.606601717798213,0,1,2,0.0,0.5,0
A-2023-11-7,2023-11-11,22:00,ATROPELLO,1,0,0,PUNO,PUNO,PLATERIA,RURAL,CARRETERA,NACIONAL,PE-3S,-15.941882,-69.857224,DESPEJADO,RURAL,TRAMO RECTO,PLANA ,ASFALTADA,,,,,IMPRUDENCIA DEL PEATÓN,CRUCE INDEBIDO POR LA CALZADA,22.0,0,2023.0,11.0,5.0,1,3,3,1,0.0,0.0,0.0,0.0,0,0,49.0,8.48528137423857,0,1,2,0.0,0.5,1
A-2023-11-117,2023-11-11,22:10,CHOQUE,1,0,0,LIMA,LIMA,CARABAYLLO,RURAL,CARRETERA,NACIONAL,PE-20A,-11.793955,-76.982986,DESPEJADO,RURAL,CURVA,INCLINADA,ASFALTADA,SI,PREVENTIVA (P),,SI,EN PROCESO DE INVESTIGACIÓN,NO CUENTA CON CAUSA ESPECIFICA,22.0,0,2023.0,11.0,5.0,1,3,3,0,0.0,1.0,0.0,1.0,0,0,40.5,9.192388155425117,0,1,2,0.0,0.5,1
A-2023-11-88,2023-11-12,06:40,CHOQUE FUGA,1,0,1,UCAYALI,CORONEL PORTILLO,CALLERIA,URBANA,CARRETERA,NACIONAL,PE-18C,-8.397929,-74.603119,DESPEJADO,RURAL,TRAMO RECTO,PLANA ,ASFALTADA,,,,,EN PROCESO DE INVESTIGACIÓN,NO CUENTA CON CAUSA ESPECIFICA,6.0,0,2023.0,11.0,6.0,1,1,3,2,0.0,0.0,0.0,0.0,0,0,26.0,0.0,0,0,2,0.0,0.0,0
A-2023-11-118,2023-11-12,10:20,ATROPELLO,1,0,0,LIMA,LIMA,SANTIAGO DE SURCO,URBANA,AVENIDA,URBANO,NO CORRESPONDE,-12.14921673,-76.98387065,DESPEJADO,COMERCIAL,TRAMO RECTO,INCLINADA,ASFALTADA,,,,,EN PROCESO DE INVESTIGACIÓN,NO CUENTA CON CAUSA ESPECIFICA,10.0,0,2023.0,11.0,6.0,1,1,3,0,1.0,1.0,0.0,2.0,0,0,46.0,19.79898987322333,0,0,2,0.0,0.0,0
A-2023-11-76,2023-11-12,18:30,ATROPELLO FUGA,1,0,0,PUNO,AZANGARO,ARAPA,RURAL,CARRETERA,DEPARTAMENTAL,PU-114,-15.1639781989052,-69.99935205155246,LLUVIOSO,RURAL,TRAMO RECTO,PLANA ,ASFALTADA,,,,,IMPRUDENCIA DEL CONDUCTOR,OTRO (IMPRUDENCIA DEL CONDUCTOR),18.0,0,2023.0,11.0,6.0,1,3,3,1,0.0,0.0,0.0,0.0,1,0,85.0,0.0,0,0,2,0.0,0.0,1
A-2023-11-119,2023-11-12,20:20,ATROPELLO FUGA,1,0,0,LIMA,LIMA,LURIN,RURAL,CARRETERA,NACIONAL,PE-1S,-12.30567,-76.838985,DESPEJADO,INDUSTRIAL,CURVA,PLANA ,ASFALTADA,,,,,EN PROCESO DE INVESTIGACIÓN,NO CUENTA CON CAUSA ESPECIFICA,20.0,0,2023.0,11.0,6.0,1,3,3,0,0.0,0.0,0.0,0.0,0,0,30.0,0.0,0,0,2,0.0,0.0,1
A-2023-11-71,2023-11-12,23:10,ATROPELLO FUGA,1,0,1,PUNO,SAN ROMAN,JULIACA,RURAL,CARRETERA,NACIONAL,PE-34A,-15.5247418,-70.1823241,DESPEJADO,RURAL,TRAMO RECTO,PLANA ,ASFALTADA,,,,,EN PROCESO DE INVESTIGACIÓN,NO CUENTA CON CAUSA ESPECIFICA,23.0,0,2023.0,11.0,6.0,1,3,3,1,0.0,0.0,0.0,0.0,0,0,53.0,0.0,0,0,2,0.0,0.0,1
A-2023-11-47,2023-11-12,23:25,DESPISTE,1,0,1,LA LIBERTAD,PACASMAYO,SAN PEDRO DE LLOC,RURAL,CARRETERA,PROVINCIAL,LI-602,-7.45037106654107,-79.50387555052012,DESPEJADO,RURAL,TRAMO RECTO,PLANA ,AFIRMADO,,,,,IMPRUDENCIA DEL CONDUCTOR,CONDUCIR EN ESTADO DE EBRIEDAD Y/O DROGADICCIÓN,23.0,0,2023.0,11.0,6.0,1,3,3,0,0.0,0.0,1.0,1.0,0,0,55.0,0.0,0,1,1,0.0,1.0,1
A-2023-11-99,2023-11-13,04:00,ATROPELLO,1,0,1,AREQUIPA,AREQUIPA,UCHUMAYO,URBANA,CARRETERA,NACIONAL,PE-34A,-16.408196,-71.6101992,DESPEJADO,RESIDENCIAL,TRAMO RECTO,INCLINADA,ASFALTADA,,,,,EN PROCESO DE INVESTIGACIÓN,NO CUENTA CON CAUSA ESPECIFICA,4.0,0,2023.0,11.0,0.0,0,0,3,0,0.0,1.0,0.0,1.0,0,0,58.5,0.7071067811865476,0,1,2,0.0,0.5,1
A-2023-11-154,2023-11-13,04:10,DESPISTE,2,0,1,CAJAMARCA,SAN IGNACIO,CHIRINOS,URBANA,CARRETERA,PROVINCIAL,CA-549,-5.221654,-78.933761,DESPEJADO,RESIDENCIAL,TRAMO RECTO,INCLINADA,CASCAJO/RIPIO,,,,,NEGLIGENCIA DEL CONDUCTOR,OTRO (NEGLIGENCIA DEL CONDUCTOR),4.0,1,2023.0,11.0,0.0,0,0,3,1,0.0,1.0,1.0,2.0,0,0,50.666666666666664,25.106440076867397,0,1,3,0.0,0.333,1
A-2023-11-48,2023-11-13,04:30,ATROPELLO FUGA,1,0,0,LA LIBERTAD,TRUJILLO,SIMBAL,RURAL,CARRETERA,NACIONAL,PE-10A,-8.011188,-78.795686,DESPEJADO,RURAL,TRAMO RECTO,PLANA ,ASFALTADA,,,,,EN PROCESO DE INVESTIGACIÓN,NO CUENTA CON CAUSA ESPECIFICA,4.0,0,2023.0,11.0,0.0,0,0,3,0,0.0,0.0,0.0,0.0,0,0,18.0,0.0,0,0,2,0.0,0.0,1
A-2023-11-160,2023-11-13,08:00,ESPECIAL,1,0,0,CAJAMARCA,CUTERVO,SOCOTA,RURAL,CARRETERA,PROVINCIAL,CA-787,-6.263568,-78.660124,DESPEJADO,RURAL,TRAMO RECTO,INCLINADA,AFIRMADO,,,,,EN PROCESO DE INVESTIGACIÓN,NO CUENTA CON CAUSA ESPECIFICA,8.0,0,2023.0,11.0,0.0,0,1,3,1,0.0,1.0,1.0,2.0,0,0,30.0,0.0,0,1,1,0.0,1.0,0
A-2023-11-98,2023-11-13,09:45,DESPISTE,1,0,1,AREQUIPA,AREQUIPA,CERRO COLORADO,URBANA,JIRÓN,URBANO,NO CORRESPONDE,-16.401474,-71.577233,DESPEJADO,RESIDENCIAL,INTERSECCIÓN,INCLINADA,ASFALTADA,,,,,EN PROCESO DE INVESTIGACIÓN,NO CUENTA CON CAUSA ESPECIFICA,9.0,0,2023.0,11.0,0.0,0,1,3,0,1.0,1.0,0.0,2.0,0,0,63.0,0.0,0,0,1,0.0,0.0,0
A-2023-11-142,2023-11-13,13:30,DESPISTE,1,0,1,TACNA,TARATA,TARUCACHI,RURAL,CARRETERA,NACIONAL,PE-38,-17.525325915244892,-70.03849085687142,DESPEJADO,RURAL,CURVA,INCLINADA,ASFALTADA,,,,,IMPRUDENCIA DEL CONDUCTOR,CONDUCIR EN ESTADO DE EBRIEDAD Y/O DROGADICCIÓN,13.0,0,2023.0,11.0,0.0,0,2,3,0,0.0,1.0,0.0,1.0,0,0,41.0,0.0,0,0,1,0.0,0.0,0
A-2023-11-59,2023-11-13,13:30,DESPISTE,1,1,1,LIMA,HUAURA,SAYAN,RURAL,CARRETERA,NACIONAL,PE-18,-11.30426,-77.32223,DESPEJADO,RURAL,TRAMO RECTO,PLANA ,ASFALTADA,,,,,IMPRUDENCIA DEL CONDUCTOR,EXCESO DE VELOCIDAD,13.0,0,2023.0,11.0,0.0,0,2,3,0,0.0,0.0,0.0,0.0,0,0,39.5,10.606601717798213,0,1,2,0.0,0.5,0
A-2023-11-20,2023-11-14,13:40,DESPISTE,1,0,1,CUSCO,QUISPICANCHI,OCONGATE,RURAL,CARRETERA,SIN CLASIFICAR,SIN CLASIFICAR,-13.631193,-71.317345,LLUVIOSO,RURAL,SINUOSA,INCLINADA,TROCHA,,,,,EN PROCESO DE INVESTIGACIÓN,NO CUENTA CON CAUSA ESPECIFICA,13.0,0,2023.0,11.0,1.0,0,2,3,1,0.0,1.0,2.0,3.0,1,0,29.0,0.0,0,0,1,0.0,0.0,0
A-2023-11-29,2023-11-14,14:10,DESPISTE,1,0,1,CUSCO,URUBAMBA,CHINCHERO,RURAL,CARRETERA,PROVINCIAL,CU-1155,-13.424269,-72.02432569,DESPEJADO,RURAL,CURVA,INCLINADA,AFIRMADO,,,,,EN PROCESO DE INVESTIGACIÓN,NO CUENTA CON CAUSA ESPECIFICA,14.0,0,2023.0,11.0,1.0,0,2,3,1,0.0,1.0,1.0,2.0,0,0,30.0,0.0,0,0,1,0.0,0.0,0
A-2023-11-61,2023-11-14,16:05,DESPISTE,1,4,1,LIMA,HUAURA,HUAURA,RURAL,CARRETERA,NACIONAL,PE-1NE,-11.088769474361936,-77.46909763804207,DESPEJADO,RURAL,TRAMO RECTO,PLANA ,ASFALTADA,,,,,IMPRUDENCIA DEL CONDUCTOR,EXCESO DE VELOCIDAD,16.0,0,2023.0,11.0,1.0,0,2,3,0,0.0,0.0,0.0,0.0,0,0,64.83333333333333,3.6560452221856696,0,1,6,0.0,0.167,0
A-2023-11-177,2023-11-14,20:45,CHOQUE,1,0,0,LIMA,LIMA,SAN MARTIN DE PORRES,URBANA,CARRETERA,NACIONAL,PE-1N,-12.035383,-77.047746,DESPEJADO,RESIDENCIAL,TRAMO RECTO,PLANA ,ASFALTADA,,,,,EN PROCESO DE INVESTIGACIÓN,NO CUENTA CON CAUSA ESPECIFICA,20.0,0,2023.0,11.0,1.0,0,3,3,0,0.0,0.0,0.0,0.0,0,0,45.0,14.0,0,3,3,0.0,1.0,1
A-2023-11-120,2023-11-15,06:15,ATROPELLO,1,0,0,LIMA,LIMA,LOS OLIVOS,URBANA,AVENIDA,URBANO,NO CORRESPONDE,-11.97078095,-77.0725454,DESPEJADO,COMERCIAL,CURVA,PLANA ,ASFALTADA,,,,,EN PROCESO DE INVESTIGACIÓN,NO CUENTA CON CAUSA ESPECIFICA,6.0,0,2023.0,11.0,2.0,0,1,3,0,1.0,0.0,0.0,1.0,0,0,48.0,24.041630560342615,0,1,2,0.0,0.5,0
A-2023-11-97,2023-11-15,07:02,ATROPELLO,1,0,0,AREQUIPA,AREQUIPA,CERRO COLORADO,URBANA,CARRETERA,DEPARTAMENTAL,AR-123,-16.360668,-71.6191802,DESPEJADO,RESIDENCIAL,TRAMO RECTO,PLANA ,ASFALTADA,,,,,EN PROCESO DE INVESTIGACIÓN,NO CUENTA CON CAUSA ESPECIFICA,7.0,0,2023.0,11.0,2.0,0,1,3,0,0.0,0.0,0.0,0.0,0,0,21.5,16.263455967290593,0,0,2,0.0,0.0,0
A-2023-11-122,2023-11-15,07:20,ATROPELLO,1,0,0,LIMA,LIMA,CARABAYLLO,URBANA,AVENIDA,URBANO,NO CORRESPONDE,-11.8737479,-77.02348169,DESPEJADO,COMERCIAL,TRAMO RECTO,PLANA ,ASFALTADA,,,,,EN PROCESO DE INVESTIGACIÓN,NO CUENTA CON CAUSA ESPECIFICA,7.0,0,2023.0,11.0,2.0,0,1,3,0,1.0,0.0,0.0,1.0,0,0,60.5,27.577164466275352,0,1,2,0.0,0.5,0
A-2023-11-121,2023-11-15,11:40,ESPECIAL,1,0,0,LIMA,LIMA,SAN JUAN DE LURIGANCHO,URBANA,CALLE,URBANO,NO CORRESPONDE,-11.97046575,-76.9943926,DESPEJADO,RESIDENCIAL,TRAMO RECTO,PLANA ,ASFALTADA,,,,,EN PROCESO DE INVESTIGACIÓN,NO CUENTA CON CAUSA ESPECIFICA,11.0,0,2023.0,11.0,2.0,0,1,3,0,2.0,0.0,0.0,2.0,0,0,28.0,4.242640687119285,0,1,2,0.0,0.5,0
A-2023-11-123,2023-11-15,17:10,DESPISTE,1,0,0,LIMA,LIMA,SAN JUAN DE LURIGANCHO,URBANA,CARRETERA,NACIONAL,PE-22,-12.020908,-76.954216,DESPEJADO,RURAL,TRAMO RECTO,INCLINADA,ASFALTADA,SI,PREVENTIVA (P),,SI,EN PROCESO DE INVESTIGACIÓN,NO CUENTA CON CAUSA ESPECIFICA,17.0,0,2023.0,11.0,2.0,0,2,3,0,0.0,1.0,0.0,1.0,0,0,35.0,0.0,0,0,1,0.0,0.0,0
A-2023-11-8,2023-11-15,18:30,DESPISTE,1,0,1,PUNO,EL COLLAO,SANTA ROSA,RURAL,CARRETERA,NACIONAL,PE-36A,-16.784123,-70.003715,DESPEJADO,RURAL,TRAMO RECTO,PLANA ,ASFALTADA,,,,,IMPRUDENCIA DEL CONDUCTOR,FATIGA Y/O CANSANCIO,18.0,0,2023.0,11.0,2.0,0,3,3,1,0.0,0.0,0.0,0.0,0,0,27.0,0.0,0,1,1,0.0,1.0,1
A-2023-11-37,2023-11-15,18:40,CHOQUE,1,3,2,ICA,CHINCHA,TAMBO DE MORA,RURAL,CARRETERA,NACIONAL,PE-1SE,-13.481297,-76.184637,DESPEJADO,RURAL,TRAMO RECTO,PLANA ,ASFALTADA,,,,,EN PROCESO DE INVESTIGACIÓN,NO CUENTA CON CAUSA ESPECIFICA,18.0,0,2023.0,11.0,2.0,0,3,3,0,0.0,0.0,0.0,0.0,0,0,42.8,13.535139452550904,0,1,6,0.0,0.167,1
A-2023-11-153,2023-11-15,21:30,CHOQUE,1,1,2,CAJAMARCA,SAN IGNACIO,SAN IGNACIO,RURAL,CARRETERA,PROVINCIAL,CA-538,-5.139634,-78.990668,DESPEJADO,RESIDENCIAL,TRAMO RECTO,INCLINADA,ASFALTADA,,,,,IMPRUDENCIA DEL CONDUCTOR,CONDUCIR EN ESTADO DE EBRIEDAD Y/O DROGADICCIÓN,21.0,0,2023.0,11.0,2.0,0,3,3,1,0.0,1.0,0.0,1.0,0,0,29.5,6.363961030678928,1,1,2,0.5,0.5,1
A-2023-11-159,2023-11-16,01:10,DESPISTE,1,1,1,CAJAMARCA,JAEN,SAN FELIPE,RURAL,CARRETERA,SIN CLASIFICAR,SIN CLASIFICAR,-5.774709,-79.32,DESPEJADO,RURAL,TRAMO RECTO,PLANA ,AFIRMADO,,,,,IMPRUDENCIA DEL CONDUCTOR,OTRO (IMPRUDENCIA DEL CONDUCTOR),1.0,0,2023.0,11.0,3.0,0,0,3,1,0.0,0.0,1.0,1.0,0,0,47.0,1.4142135623730951,0,0,2,0.0,0.0,1
A-2023-11-149,2023-11-16,12:10,ATROPELLO,1,1,0,CALLAO,CALLAO,CALLAO,URBANA,AVENIDA,URBANO,NO CORRESPONDE,-12.0191663939596,-77.1008733202518,DESPEJADO,COMERCIAL,TRAMO RECTO,PLANA ,ASFALTADA,NO,,,SI,IMPRUDENCIA DEL PEATÓN,CRUCE INDEBIDO POR LA CALZADA,12.0,0,2023.0,11.0,3.0,0,2,3,0,1.0,0.0,0.0,1.0,0,1,33.0,29.0516780926679,0,1,3,0.0,0.333,0
A-2023-11-156,2023-11-16,19:00,DESPISTE,1,1,1,CAJAMARCA,CAJAMARCA,COSPAN,RURAL,CARRETERA,PROVINCIAL,CA-1421,-7.477095,-78.426412,DESPEJADO,RURAL,TRAMO RECTO,INCLINADA,AFIRMADO,,,,,NEGLIGENCIA DEL CONDUCTOR,OTRO (NEGLIGENCIA DEL CONDUCTOR),19.0,0,2023.0,11.0,3.0,0,3,3,1,0.0,1.0,1.0,2.0,0,0,43.0,19.79898987322333,0,0,2,0.0,0.0,1
A-2023-11-84,2023-11-17,04:00,ATROPELLO,1,0,0,JUNIN,JAUJA,APATA,RURAL,CARRETERA,PROVINCIAL,JU-1146,-11.836813,-75.332099,DESPEJADO,RURAL,TRAMO RECTO,PLANA ,ASFALTADA,SI,PREVENTIVA (P),,NO,IMPRUDENCIA DEL CONDUCTOR,OTRO (IMPRUDENCIA DEL CONDUCTOR),4.0,0,2023.0,11.0,4.0,0,0,3,1,0.0,0.0,0.0,0.0,0,1,42.0,36.76955262170047,0,0,2,0.0,0.0,1
A-2023-11-72,2023-11-17,05:00,CHOQUE,1,2,2,PUNO,SAN ROMAN,JULIACA,RURAL,AVENIDA,URBANO,NO CORRESPONDE,-15.508990764074426,-70.13181564361365,DESPEJADO,RURAL,CURVA,INCLINADA,ASFALTADA,,,,,IMPRUDENCIA DEL CONDUCTOR,CONDUCIR EN ESTADO DE EBRIEDAD Y/O DROGADICCIÓN,5.0,0,2023.0,11.0,4.0,0,0,3,1,1.0,1.0,0.0,2.0,0,0,36.5,15.609825965290794,0,2,4,0.0,0.5,1
A-2023-11-49,2023-11-17,05:50,ATROPELLO,1,0,1,LA LIBERTAD,VIRU,VIRU,RURAL,CARRETERA,NACIONAL,PE-1N,-8.4327699,-78.7718468,DESPEJADO,RURAL,TRAMO RECTO,PLANA ,ASFALTADA,,,,,IMPRUDENCIA DEL CONDUCTOR,OTRO (IMPRUDENCIA DEL CONDUCTOR),5.0,0,2023.0,11.0,4.0,0,0,3,0,0.0,0.0,0.0,0.0,0,0,50.5,10.606601717798213,0,1,2,0.0,0.5,1
A-2023-11-73,2023-11-17,08:30,ATROPELLO,1,0,1,PUNO,SAN ROMAN,CABANA,RURAL,CARRETERA,NACIONAL,PE-34A,-15.56271647194228,-70.24105123062142,DESPEJADO,RURAL,TRAMO RECTO,PLANA ,ASFALTADA,,,,,IMPRUDENCIA DEL CONDUCTOR,EXCESO DE VELOCIDAD,8.0,0,2023.0,11.0,4.0,0,1,3,1,0.0,0.0,0.0,0.0,0,0,53.5,17.67766952966369,0,1,2,0.0,0.5,0
A-2023-11-96,2023-11-17,10:30,DESPISTE,2,5,1,AREQUIPA,CAYLLOMA,HUANCA,RURAL,CARRETERA,PROVINCIAL,AR-706,-16.059055,-71.871447,DESPEJADO,RURAL,CURVA,INCLINADA,TROCHA,,,,,EN PROCESO DE INVESTIGACIÓN,NO CUENTA CON CAUSA ESPECIFICA,10.0,1,2023.0,11.0,4.0,0,1,3,0,0.0,1.0,2.0,3.0,0,0,34.0,25.845695966640168,0,1,7,0.0,0.143,0
A-2023-11-33,2023-11-17,11:50,DESPISTE,3,0,1,APURIMAC,ANDAHUAYLAS,TALAVERA,RURAL,CARRETERA,DEPARTAMENTAL,AP-102,-13.624194,-73.455308,DESPEJADO,RURAL,TRAMO RECTO,INCLINADA,CASCAJO/RIPIO,,,,,IMPRUDENCIA DEL CONDUCTOR,CONDUCIR EN ESTADO DE EBRIEDAD Y/O DROGADICCIÓN,11.0,2,2023.0,11.0,4.0,0,1,3,1,0.0,1.0,1.0,2.0,0,0,15.333333333333334,0.5773502691896255,0,0,3,0.0,0.0,0