CODIGO_SINIESTRO,FECHA_SINIESTRO,HORA_SINIESTRO,CLASE_SINIESTRO,CANTIDAD_FALLECIDOS,CANTIDAD_LESIONADOS,CANTIDAD_VEHICULOS,DEPARTAMENTO,PROVINCIA,DISTRITO,ZONA,TIPO_VIA,RED_VIAL,COD_CARRETERA,LATITUD,LONGITUD,CONDICION_CLIMATICA,ZONIFICACION,CARACTERISTICAS_VIA,PERFIL_VIA,SUPERFICIE_CALZADA,EXISTE_SENIAL_VERTICAL,CLASIFICACION_SENIAL_VERTICAL_1,CLASIFICACION_SENIAL_VERTICAL_2,EXISTE_SENIAL_HORIZONTAL,CAUSA_FACTOR_PRINCIPAL,CAUSA_ESPECIFICA,HORA,severidad,ANIO,MES,DIA_SEMANA,FIN_SEMANA,FRANJA_HORARIA,TEMPORADA,MACROREGION,TIPO_VIA_SCORE,PERFIL_VIA_SCORE,SUPERFICIE_CALZADA_SCORE,RIESGO_INFRAESTRUCTURA,RIESGO_CLIMATICO,SENIALIZACION_DEFICIENTE,EDAD_PROMEDIO,EDAD_STD,TOTAL_ALCOHOL,TOTAL_LICENCIA,TOTAL_PERSONAS,PCT_ALCOHOL,PCT_LICENCIA,ES_NOCHE
A-2023-11-95,2023-11-17,12:40,DESPISTE,1,1,1,AREQUIPA,LA UNION,HUAYNACOTAS,RURAL,CARRETERA,DEPARTAMENTAL,AR-105,-14.7547768453233,-72.7354812705576,DESPEJADO,RURAL,TRAMO RECTO,PLANA ,AFIRMADO,,,,,EN PROCESO DE INVESTIGACIÓN,NO CUENTA CON CAUSA ESPECIFICA,12.0,0,2023.0,11.0,4.0,0,2,3,0,0.0,0.0,1.0,1.0,0,0,29.0,0.0,0,1,2,0.0,0.5,0
A-2023-11-35,2023-11-17,22:45,ATROPELLO,1,0,2,PUNO,PUNO,PUNO,URBANA,AVENIDA,URBANO,NO CORRESPONDE,-15.826731,-70.029974,DESPEJADO,ESCOLAR,TRAMO RECTO,PLANA ,ASFALTADA,,,,,IMPRUDENCIA DEL PEATÓN,ESTADO DE EBRIEDAD Y/O DROGADICCIÓN,22.0,0,2023.0,11.0,4.0,0,3,3,1,1.0,0.0,0.0,1.0,0,0,38.0,10.392304845413264,0,1,3,0.0,0.333,1
A-2023-11-124,2023-11-18,00:20,DESPISTE,1,0,0,LIMA,LIMA,INDEPENDENCIA,URBANA,CARRETERA,NACIONAL,PE-1N,-11.99914034,-77.06266004,DESPEJADO,COMERCIAL,TRAMO RECTO,INCLINADA,ASFALTADA,,,,,EN PROCESO DE INVESTIGACIÓN,NO CUENTA CON CAUSA ESPECIFICA,0.0,0,2023.0,11.0,5.0,1,0,3,0,0.0,1.0,0.0,1.0,0,0,0.0,0.0,0,0,1,0.0,0.0,1
A-2024-01-14-A,2023-11-18,00:30,ATROPELLO FUGA,1,0,0,AREQUIPA,CAYLLOMA,CALLALLI,RURAL,CARRETERA,DEPARTAMENTAL,AR-111,-15.497639,-71.45739,DESPEJADO,RURAL,TRAMO RECTO,PLANA ,ASFALTADA,,,,,EN PROCESO DE INVESTIGACIÓN,NO CUENTA CON CAUSA ESPECIFICA,0.0,0,2023.0,11.0,5.0,1,0,3,0,0.0,0.0,0.0,0.0,0,0,68.0,0.0,0,0,2,0.0,0.0,1
A-2023-11-27,2023-11-18,04:00,DESPISTE,1,1,1,APURIMAC,ANDAHUAYLAS,TURPO,RURAL,CARRETERA,SIN CLASIFICAR,SIN CLASIFICAR,-13.776478,-73.498398,DESPEJADO,RURAL,CURVA,INCLINADA,TROCHA,,,,,IMPRUDENCIA DEL CONDUCTOR,OTRO (IMPRUDENCIA DEL CONDUCTOR),4.0,0,2023.0,11.0,5.0,1,0,3,1,0.0,1.0,2.0,3.0,0,0,46.666666666666664,2.5166114784235822,0,1,3,0.0,0.333,1
A-2023-11-94,2023-11-18,05:40,DESPISTE,1,0,1,AREQUIPA,AREQUIPA,YURA,URBANA,CARRETERA,NACIONAL,PE-34A,-16.1045639,-71.6183088,DESPEJADO,RURAL,CURVA,INCLINADA,ASFALTADA,SI,REGULADORA (R),PREVENTIVA (P),SI,EN PROCESO DE INVESTIGACIÓN,NO CUENTA CON CAUSA ESPECIFICA,5.0,0,2023.0,11.0,5.0,1,0,3,0,0.0,1.0,0.0,1.0,0,0,48.0,18.384776310850235,0,1,2,0.0,0.5,1
A-2023-11-50,2023-11-18,06:30,DESPISTE,1,2,1,LA LIBERTAD,PACASMAYO,SAN PEDRO DE LLOC,RURAL,CARRETERA,PROVINCIAL,LI-585,-7.397253158049472,-79.49910126191534,DESPEJADO,RURAL,TRAMO RECTO,PLANA ,ASFALTADA,,,,,IMPRUDENCIA DEL CONDUCTOR,OTRO (IMPRUDENCIA DEL CONDUCTOR),6.0,0,2023.0,11.0,5.0,1,1,3,0,0.0,0.0,0.0,0.0,0,0,41.25,13.768926368215256,0,1,4,0.0,0.25,0
A-2023-11-125,2023-11-18,07:10,DESPISTE,1,1,0,LIMA,LIMA,SAN JUAN DE LURIGANCHO,URBANA,CALLE,URBANO,NO CORRESPONDE,-11.96844547,-76.96975104,DESPEJADO,ESCOLAR,CURVA,INCLINADA,ASFALTADA,,,,,EN PROCESO DE INVESTIGACIÓN,NO CUENTA CON CAUSA ESPECIFICA,7.0,0,2023.0,11.0,5.0,1,1,3,0,2.0,1.0,0.0,3.0,0,0,47.5,17.67766952966369,0,1,2,0.0,0.5,0
A-2023-11-14,2023-11-18,15:00,CHOQUE,2,0,0,PIURA,MORROPON,LA MATANZA,RURAL,CARRETERA,NACIONAL,PE-1NJ,-5.212804,-80.122035,DESPEJADO,RURAL,TRAMO RECTO,PLANA ,ASFALTADA,,,,,EN PROCESO DE INVESTIGACIÓN,NO CUENTA CON CAUSA ESPECIFICA,15.0,1,2023.0,11.0,5.0,1,2,3,0,0.0,0.0,0.0,0.0,0,0,45.0,18.0,0,1,3,0.0,0.333,0
A-2023-11-12,2023-11-18,15:28,ATROPELLO,1,0,0,PUNO,PUNO,PUNO,URBANA,JIRÓN,URBANO,NO CORRESPONDE,-15.862453,-70.020058,DESPEJADO,COMERCIAL,OTRO,INCLINADA,ASFALTADA,,,,,NEGLIGENCIA DEL CONDUCTOR,CONDUCIR CON FALLAS DE FRENOS,15.0,0,2023.0,11.0,5.0,1,2,3,1,1.0,1.0,0.0,2.0,0,0,46.0,0.0,0,0,2,0.0,0.0,0
A-2023-11-51,2023-11-18,21:25,CHOQUE,1,0,2,LA LIBERTAD,PACASMAYO,GUADALUPE,URBANA,CARRETERA,PROVINCIAL,LI-508,-7.23887,-79.467492,DESPEJADO,COMERCIAL,TRAMO RECTO,PLANA ,ASFALTADA,,,,,EN PROCESO DE INVESTIGACIÓN,NO CUENTA CON CAUSA ESPECIFICA,21.0,0,2023.0,11.0,5.0,1,3,3,0,0.0,0.0,0.0,0.0,0,0,36.0,26.870057685088806,0,0,2,0.0,0.0,1
A-2023-11-102,2023-11-18,22:00,CHOQUE,2,2,0,PIURA,PIURA,CATACAOS,RURAL,CARRETERA,PROVINCIAL,PI-1023,-5.316261,-80.67095,DESPEJADO,RURAL,TRAMO RECTO,PLANA ,ASFALTADA,,,,,EN PROCESO DE INVESTIGACIÓN,NO CUENTA CON CAUSA ESPECIFICA,22.0,1,2023.0,11.0,5.0,1,3,3,0,0.0,0.0,0.0,0.0,0,0,31.75,21.51549828999242,1,0,4,0.25,0.0,1
A-2023-11-101,2023-11-19,02:00,DESPISTE,2,0,1,AREQUIPA,AREQUIPA,LA JOYA,RURAL,CARRETERA,SIN CLASIFICAR,SIN CLASIFICAR,-16.489694,-71.854093,DESPEJADO,RURAL,TRAMO RECTO,PLANA ,TROCHA,,,,,EN PROCESO DE INVESTIGACIÓN,NO CUENTA CON CAUSA ESPECIFICA,2.0,1,2023.0,11.0,6.0,1,0,3,0,0.0,0.0,2.0,2.0,0,0,17.5,0.7071067811865476,0,0,2,0.0,0.0,1
A-2023-11-126,2023-11-19,05:30,ATROPELLO FUGA,1,0,0,LIMA,LIMA,SAN JUAN DE MIRAFLORES,URBANA,CARRETERA,NACIONAL,PE-1S,-12.179902,-76.976303,DESPEJADO,COMERCIAL,TRAMO RECTO,PLANA ,ASFALTADA,NO,,,SI,EN PROCESO DE INVESTIGACIÓN,NO CUENTA CON CAUSA ESPECIFICA,5.0,0,2023.0,11.0,6.0,1,0,3,0,0.0,0.0,0.0,0.0,0,1,0.0,0.0,0,0,2,0.0,0.0,1
A-2023-11-34,2023-11-19,09:30,CHOQUE CON OBJETO FIJO,1,0,1,CUSCO,URUBAMBA,URUBAMBA,RURAL,CARRETERA,SIN CLASIFICAR,SIN CLASIFICAR,-13.269785,-72.103578,DESPEJADO,RURAL,SINUOSA,INCLINADA,TROCHA,,,,,IMPRUDENCIA DEL CONDUCTOR,EXCESO DE VELOCIDAD,9.0,0,2023.0,11.0,6.0,1,1,3,1,0.0,1.0,2.0,3.0,0,0,26.5,4.949747468305833,0,1,2,0.0,0.5,0
A-2023-11-36,2023-11-19,11:20,CHOQUE,1,0,2,PUNO,EL COLLAO,SANTA ROSA,RURAL,CARRETERA,NACIONAL,PE-38,-16.80554663730018,-69.72881843667389,DESPEJADO,RURAL,TRAMO RECTO,PLANA ,ASFALTADA,,,,,IMPRUDENCIA DEL CONDUCTOR,INVASIÓN DE CARRIL,11.0,0,2023.0,11.0,6.0,1,1,3,1,0.0,0.0,0.0,0.0,0,0,31.5,6.363961030678928,0,1,3,0.0,0.333,0
A-2023-11-127,2023-11-19,14:15,ATROPELLO,1,0,0,LIMA,LIMA,ANCON,URBANA,CARRETERA,NACIONAL,PE-1N,-11.73451895,-77.13611622,DESPEJADO,RESIDENCIAL,CURVA,INCLINADA,ASFALTADA,,,,,EN PROCESO DE INVESTIGACIÓN,NO CUENTA CON CAUSA ESPECIFICA,14.0,0,2023.0,11.0,6.0,1,2,3,0,0.0,1.0,0.0,1.0,0,0,38.5,3.5355339059327378,0,0,2,0.0,0.0,0
A-2023-11-143,2023-11-20,04:18,ATROPELLO,1,0,1,TACNA,TACNA,CIUDAD NUEVA,URBANA,CARRETERA,PROVINCIAL,TA-621,-17.981544,-70.234855,DESPEJADO,RESIDENCIAL,TRAMO RECTO,PLANA ,ASFALTADA,,,,,IMPRUDENCIA DEL CONDUCTOR,NO DAR PASO PREFERENTE AL PEATÓN,4.0,0,2023.0,11.0,0.0,0,0,3,0,0.0,0.0,0.0,0.0,0,0,58.0,39.59797974644666,0,1,2,0.0,0.5,1
A-2023-11-128,2023-11-20,17:20,CHOQUE,2,0,0,LIMA,LIMA,LURIN,URBANA,CARRETERA,NACIONAL,PE-1S,-12.300015,-76.849084,DESPEJADO,COMERCIAL,TRAMO RECTO,PLANA ,ASFALTADA,,,,,EN PROCESO DE INVESTIGACIÓN,NO CUENTA CON CAUSA ESPECIFICA,17.0,1,2023.0,11.0,0.0,0,2,3,0,0.0,0.0,0.0,0.0,0,0,34.666666666666664,4.509249752822893,0,1,3,0.0,0.333,0
A-2023-11-85,2023-11-21,01:43,ATROPELLO FUGA,1,0,0,JUNIN,YAULI,SANTA ROSA DE SACCO,URBANA,CARRETERA,NACIONAL,PE-22,-11.5494319,-75.94024,DESPEJADO,RESIDENCIAL,INTERSECCIÓN,PLANA ,ASFALTADA,SI,PREVENTIVA (P),,SI,EN PROCESO DE INVESTIGACIÓN,NO CUENTA CON CAUSA ESPECIFICA,1.0,0,2023.0,11.0,1.0,0,0,3,1,0.0,0.0,0.0,0.0,0,0,77.0,0.0,0,0,2,0.0,0.0,1
A-2023-11-129,2023-11-21,03:10,ATROPELLO,1,0,0,LIMA,LIMA,SAN MARTIN DE PORRES,URBANA,CARRETERA,NACIONAL,PE-1N,-12.024616,-77.05868041,DESPEJADO,COMERCIAL,TRAMO RECTO,INCLINADA,ASFALTADA,,,,,EN PROCESO DE INVESTIGACIÓN,NO CUENTA CON CAUSA ESPECIFICA,3.0,0,2023.0,11.0,1.0,0,0,3,0,0.0,1.0,0.0,1.0,0,0,31.0,0.0,0,1,2,0.0,0.5,1
A-2023-11-158,2023-11-21,09:22,DESPISTE,2,4,1,CAJAMARCA,SANTA CRUZ,CATACHE,RURAL,CARRETERA,NACIONAL,PE-06B,-6.608457109,-78.9807255,DESPEJADO,RURAL,CURVA,INCLINADA,ASFALTADA,,,,,IMPRUDENCIA DEL CONDUCTOR,FATIGA Y/O CANSANCIO,9.0,1,2023.0,11.0,1.0,0,1,3,1,0.0,1.0,0.0,1.0,0,0,47.0,17.017637908946117,0,0,6,0.0,0.0,0
A-2023-11-103,2023-11-21,20:30,CHOQUE,1,0,0,PIURA,MORROPON,SALITRAL,RURAL,CARRETERA,NACIONAL,PE-02A,-5.434296,-79.77158,DESPEJADO,RURAL,TRAMO RECTO,PLANA ,ASFALTADA,,,,,EN PROCESO DE INVESTIGACIÓN,NO CUENTA CON CAUSA ESPECIFICA,20.0,0,2023.0,11.0,1.0,0,3,3,0,0.0,0.0,0.0,0.0,0,0,25.5,9.192388155425117,0,0,2,0.0,0.0,1
A-2023-11-74,2023-11-21,21:00,ATROPELLO,1,0,1,PUNO,HUANCANE,ROSASPATA,RURAL,CARRETERA,SIN CLASIFICAR,SIN CLASIFICAR,-15.220533,-69.550224,DESPEJADO,RURAL,TRAMO RECTO,PLANA ,ASFALTADA,,,,,IMPRUDENCIA DEL CONDUCTOR,EXCESO DE VELOCIDAD,21.0,0,2023.0,11.0,1.0,0,3,3,1,0.0,0.0,0.0,0.0,0,0,48.0,25.45584412271571,0,0,2,0.0,0.0,1
A-2023-11-58,2023-11-22,05:50,CHOQUE,2,4,2,LIMA,HUAURA,HUAURA,URBANA,CARRETERA,NACIONAL,PE-1NE,-11.06209,-77.55274,DESPEJADO,RESIDENCIAL,TRAMO RECTO,PLANA ,ASFALTADA,SI,REGULADORA (R),PREVENTIVA (P),NO,IMPRUDENCIA DEL CONDUCTOR,CONDUCIR EN ESTADO DE EBRIEDAD Y/O DROGADICCIÓN,5.0,1,2023.0,11.0,2.0,0,0,3,0,0.0,0.0,0.0,0.0,0,1,39.714285714285715,20.377391767301702,1,2,7,0.143,0.286,1
A-2023-11-93,2023-11-22,12:15,ATROPELLO,1,0,1,AREQUIPA,CAYLLOMA,ACHOMA,RURAL,CARRETERA,SIN CLASIFICAR,SIN CLASIFICAR,-15.6858186513221,-71.6811662831479,SOLEADO,RURAL,OTRO,INCLINADA,TROCHA,,,,,EN PROCESO DE INVESTIGACIÓN,NO CUENTA CON CAUSA ESPECIFICA,12.0,0,2023.0,11.0,2.0,0,2,3,0,0.0,1.0,2.0,3.0,0,0,44.0,0.0,0,1,2,0.0,0.5,0
A-2023-11-41,2023-11-22,21:30,CHOQUE FUGA,1,1,0,PUNO,CHUCUITO,POMATA,RURAL,CARRETERA,DEPARTAMENTAL,PU-130,-16.2880844058182,-69.2259101218504,,,,,,,,,,IMPRUDENCIA DEL CONDUCTOR,INVASIÓN DE CARRIL,21.0,0,2023.0,11.0,2.0,0,3,3,1,0.0,1.0,1.0,2.0,0,0,33.0,7.0710678118654755,0,0,3,0.0,0.0,1
A-2023-11-130,2023-11-22,23:30,CHOQUE,1,0,0,LIMA,LIMA,PUENTE PIEDRA,URBANA,CARRETERA,NACIONAL,PE-1N,-11.88600505,-77.06853415,DESPEJADO,ESCOLAR,TRAMO RECTO,PLANA ,ASFALTADA,NO,,,SI,EN PROCESO DE INVESTIGACIÓN,NO CUENTA CON CAUSA ESPECIFICA,23.0,0,2023.0,11.0,2.0,0,3,3,0,0.0,0.0,0.0,0.0,0,1,26.5,4.949747468305833,0,1,2,0.0,0.5,1
A-2023-11-43,2023-11-23,21:30,CHOQUE,1,1,2,PUNO,EL COLLAO,ILAVE,RURAL,CARRETERA,NACIONAL,PE-3S,-16.076368,-69.6619044,DESPEJADO,RURAL,TRAMO RECTO,PLANA ,ASFALTADA,,,,,IMPRUDENCIA DEL CONDUCTOR,OTRO (IMPRUDENCIA DEL CONDUCTOR),21.0,0,2023.0,11.0,3.0,0,3,3,1,0.0,0.0,0.0,0.0,0,0,36.0,7.0710678118654755,0,2,2,0.0,1.0,1
A-2023-11-44,2023-11-24,00:40,CHOQUE FUGA,1,0,0,PUNO,PUNO,ACORA,RURAL,CARRETERA,NACIONAL,PE-3S,-16.06202,-69.691973,DESPEJADO,RURAL,TRAMO RECTO,PLANA ,ASFALTADA,,,,,EN PROCESO DE INVESTIGACIÓN,NO CUENTA CON CAUSA ESPECIFICA,0.0,0,2023.0,11.0,4.0,0,0,3,1,0.0,0.0,0.0,0.0,0,0,22.0,0.0,0,0,2,0.0,0.0,1
A-2023-11-26,2023-11-24,06:00,VOLCADURA,2,1,1,CUSCO,URUBAMBA,OLLANTAYTAMBO,RURAL,CARRETERA,NACIONAL,PE-28B,-13.209254,-72.299232,DESPEJADO,RURAL,CURVA,INCLINADA,ASFALTADA,SI,PREVENTIVA (P),,SI,IMPRUDENCIA DEL CONDUCTOR,EXCESO DE VELOCIDAD,6.0,1,2023.0,11.0,4.0,0,1,3,1,0.0,1.0,0.0,1.0,0,0,36.666666666666664,30.353473167552565,0,1,3,0.0,0.333,0
A-2023-11-131,2023-11-24,12:45,ATROPELLO FUGA,1,0,0,LIMA,LIMA,PUENTE PIEDRA,URBANA,AVENIDA,URBANO,NO CORRESPONDE,-11.82885522,-77.11022089,DESPEJADO,RESIDENCIAL,TRAMO RECTO,INCLINADA,ASFALTADA,,,,,EN PROCESO DE INVESTIGACIÓN,NO CUENTA CON CAUSA ESPECIFICA,12.0,0,2023.0,11.0,4.0,0,2,3,0,1.0,1.0,0.0,2.0,0,0,65.0,0.0,0,0,2,0.0,0.0,0
A-2023-11-132,2023-11-25,01:30,ATROPELLO FUGA,1,0,0,LIMA,LIMA,PUNTA NEGRA,RURAL,CARRETERA,NACIONAL,PE-1S,-12.36371115,-76.79252318,DESPEJADO,INDUSTRIAL,TRAMO RECTO,PLANA ,ASFALTADA,,,,,EN PROCESO DE INVESTIGACIÓN,NO CUENTA CON CAUSA ESPECIFICA,1.0,0,2023.0,11.0,5.0,1,0,3,0,0.0,0.0,0.0,0.0,0,0,50.0,0.0,0,0,2,0.0,0.0,1
A-2023-11-39,2023-11-25,03:45,ATROPELLO,1,0,0,ICA,CHINCHA,EL CARMEN,RURAL,CARRETERA,NACIONAL,PE-1SE,-13.560465,-76.180318,DESPEJADO,RURAL,TRAMO RECTO,PLANA ,ASFALTADA,,,,,EN PROCESO DE INVESTIGACIÓN,NO CUENTA CON CAUSA ESPECIFICA,3.0,0,2023.0,11.0,5.0,1,0,3,0,0.0,0.0,0.0,0.0,0,0,39.5,20.506096654409877,0,1,2,0.0,0.5,1
A-2023-11-189,2023-11-25,08:40,ATROPELLO,1,0,0,LIMA,LIMA,VILLA MARIA DEL TRIUNFO,URBANA,AVENIDA,URBANO,NO CORRESPONDE,-12.148134,-76.934364,DESPEJADO,RESIDENCIAL,TRAMO RECTO,PLANA ,ASFALTADA,,,,,EN PROCESO DE INVESTIGACIÓN,NO CUENTA CON CAUSA ESPECIFICA,8.0,0,2023.0,11.0,5.0,1,1,3,0,1.0,0.0,0.0,1.0,0,0,21.0,0.0,0,0,2,0.0,0.0,0
A-2023-11-63,2023-11-25,12:50,DESPISTE,1,3,1,HUANCAVELICA,TAYACAJA,ACOSTAMBO,RURAL,CARRETERA,NACIONAL,PE-3S,-12.411749902772916,-75.0394585092174,DESPEJADO,RURAL,CURVA,INCLINADA,ASFALTADA,,,,,EN PROCESO DE INVESTIGACIÓN,NO CUENTA CON CAUSA ESPECIFICA,12.0,0,2023.0,11.0,5.0,1,2,3,1,0.0,1.0,0.0,1.0,0,0,41.0,24.494897427831784,0,1,4,0.0,0.25,0
A-2023-11-92,2023-11-25,16:00,CHOQUE,1,4,2,AREQUIPA,AREQUIPA,SAN JUAN DE TARUCANI,RURAL,CARRETERA,NACIONAL,PE-34A,-16.019116,-71.283545,DESPEJADO,RURAL,CURVA,INCLINADA,ASFALTADA,,,,,EN PROCESO DE INVESTIGACIÓN,NO CUENTA CON CAUSA ESPECIFICA,16.0,0,2023.0,11.0,5.0,1,2,3,0,0.0,1.0,0.0,1.0,0,0,30.666666666666668,18.4246212082275,0,2,6,0.0,0.333,0
A-2023-11-21,2023-11-25,18:30,ATROPELLO,1,0,0,CUSCO,QUISPICANCHI,OCONGATE,RURAL,CARRETERA,NACIONAL,PE-30C,-13.649487,-71.298013,NUBLADO,RURAL,TRAMO RECTO,PLANA ,ASFALTADA,SI,INFORMATIVA (I),,SI,IMPRUDENCIA DEL PEATÓN,OTRO (IMPRUDENCIA DEL PEATÓN),18.0,0,2023.0,11.0,5.0,1,3,3,1,0.0,0.0,0.0,0.0,0,0,22.5,27.577164466275352,0,1,2,0.0,0.5,1
A-2023-11-91,2023-11-25,20:00,ATROPELLO,1,0,1,AREQUIPA,AREQUIPA,LA JOYA,RURAL,CARRETERA,NACIONAL,PE-1S,-16.512043,-71.809521,DESPEJADO,RURAL,TRAMO RECTO,PLANA ,ASFALTADA,,,,,EN PROCESO DE INVESTIGACIÓN,NO CUENTA CON CAUSA ESPECIFICA,20.0,0,2023.0,11.0,5.0,1,3,3,0,0.0,0.0,0.0,0.0,0,0,64.5,3.5355339059327378,0,1,2,0.0,0.5,1
A-2023-11-31,2023-11-25,20:30,CHOQUE,1,0,2,SAN MARTIN,RIOJA,PARDO MIGUEL,URBANA,CARRETERA,NACIONAL,PE-5N,-5.730906,-77.513107,DESPEJADO,COMERCIAL,TRAMO RECTO,INCLINADA,ASFALTADA,,,,,EN PROCESO DE INVESTIGACIÓN,NO CUENTA CON CAUSA ESPECIFICA,20.0,0,2023.0,11.0,5.0,1,3,3,2,0.0,1.0,0.0,1.0,0,0,34.5,26.16295090390226,0,1,2,0.0,0.5,1
A-2023-11-133,2023-11-26,00:30,ATROPELLO FUGA,1,0,0,LIMA,LIMA,LURIN,URBANA,CARRETERA,NACIONAL,PE-1S,-12.297378,-76.8552,DESPEJADO,RURAL,TRAMO RECTO,PLANA ,ASFALTADA,,,,,EN PROCESO DE INVESTIGACIÓN,NO CUENTA CON CAUSA ESPECIFICA,0.0,0,2023.0,11.0,6.0,1,0,3,0,0.0,0.0,0.0,0.0,0,0,30.0,0.0,0,0,2,0.0,0.0,1
A-2023-11-148,2023-11-26,14:30,DESPISTE,1,0,0,PIURA,AYABACA,PACAIPAMPA,RURAL,CARRETERA,NACIONAL,PE-3N,-4.946504,-79.57293,DESPEJADO,RURAL,TRAMO RECTO,PLANA ,ASFALTADA,,,,,EN PROCESO DE INVESTIGACIÓN,NO CUENTA CON CAUSA ESPECIFICA,14.0,0,2023.0,11.0,6.0,1,2,3,0,0.0,0.0,0.0,0.0,0,0,28.0,0.0,0,1,1,0.0,1.0,0
A-2023-11-30,2023-11-27,17:30,DESPISTE,1,0,1,CUSCO,ACOMAYO,ACOPIA,RURAL,CARRETERA,PROVINCIAL,CU-1627,-14.045195934840285,-71.49847893716822,LLUVIOSO,RURAL,CURVA,PLANA ,ASFALTADA,,,,,EN PROCESO DE INVESTIGACIÓN,NO CUENTA CON CAUSA ESPECIFICA,17.0,0,2023.0,11.0,0.0,0,2,3,1,0.0,0.0,0.0,0.0,1,0,52.0,0.0,0,0,1,0.0,0.0,0
A-2023-11-135,2023-11-27,17:45,ATROPELLO,1,0,0,LIMA,LIMA,LOS OLIVOS,URBANA,AVENIDA,URBANO,NO CORRESPONDE,-11.97830745,-77.07583634,DESPEJADO,ESCOLAR,TRAMO RECTO,PLANA ,ASFALTADA,SI,PREVENTIVA (P),,SI,EN PROCESO DE INVESTIGACIÓN,NO CUENTA CON CAUSA ESPECIFICA,17.0,0,2023.0,11.0,0.0,0,2,3,0,1.0,0.0,0.0,1.0,0,0,32.0,9.899494936611665,0,1,2,0.0,0.5,0
A-2023-11-40,2023-11-27,18:55,ATROPELLO,1,0,1,SAN MARTIN,MOYOBAMBA,JEPELACIO,URBANA,CARRETERA,NACIONAL,PE-5N,-6.170109,-76.833266,NUBLADO,COMERCIAL,TRAMO RECTO,INCLINADA,ASFALTADA,,,,,EN PROCESO DE INVESTIGACIÓN,NO CUENTA CON CAUSA ESPECIFICA,18.0,0,2023.0,11.0,0.0,0,3,3,2,0.0,1.0,0.0,1.0,0,0,53.0,36.76955262170047,0,1,2,0.0,0.5,1
A-2023-11-137,2023-11-27,20:20,CHOQUE,1,0,0,LIMA,LIMA,CHORRILLOS,URBANA,CARRETERA,NACIONAL,PE-1S,-12.222561,-76.974531,DESPEJADO,INDUSTRIAL,TRAMO RECTO,PLANA ,ASFALTADA,,,,,EN PROCESO DE INVESTIGACIÓN,NO CUENTA CON CAUSA ESPECIFICA,20.0,0,2023.0,11.0,0.0,0,3,3,0,0.0,0.0,0.0,0.0,0,0,40.0,0.0,0,1,2,0.0,0.5,1
A-2023-11-136,2023-11-27,20:30,DESPISTE,1,6,0,LIMA,LIMA,COMAS,URBANA,AVENIDA,URBANO,NO CORRESPONDE,-11.92831933,-77.05579317,DESPEJADO,COMERCIAL,TRAMO RECTO,PLANA ,ASFALTADA,,,,,EN PROCESO DE INVESTIGACIÓN,NO CUENTA CON CAUSA ESPECIFICA,20.0,0,2023.0,11.0,0.0,0,3,3,0,1.0,0.0,0.0,1.0,0,0,30.5,6.363961030678928,0,0,8,0.0,0.0,1
A-2023-11-134,2023-11-27,21:10,ATROPELLO FUGA,1,0,0,LIMA,LIMA,PUNTA NEGRA,RURAL,CARRETERA,NACIONAL,PE-1S,-12.368539,-76.787526,DESPEJADO,RURAL,TRAMO RECTO,PLANA ,ASFALTADA,SI,INFORMATIVA (I),,SI,EN PROCESO DE INVESTIGACIÓN,NO CUENTA CON CAUSA ESPECIFICA,21.0,0,2023.0,11.0,0.0,0,3,3,0,0.0,0.0,0.0,0.0,0,0,60.0,0.0,0,0,2,0.0,0.0,1
A-2023-11-138,2023-11-28,04:40,ATROPELLO FUGA,1,0,0,LIMA,LIMA,RIMAC,URBANA,CARRETERA,NACIONAL,PE-1N,-12.04196646,-77.01998696,DESPEJADO,COMERCIAL,TRAMO RECTO,INCLINADA,ASFALTADA,,,,,EN PROCESO DE INVESTIGACIÓN,NO CUENTA CON CAUSA ESPECIFICA,4.0,0,2023.0,11.0,1.0,0,0,3,0,0.0,1.0,0.0,1.0,0,0,25.0,0.0,0,0,2,0.0,0.0,1
A-2023-11-60,2023-11-28,09:15,ATROPELLO,1,0,1,LIMA,HUAURA,SANTA MARIA,URBANA,CALLE,URBANO,NO CORRESPONDE,-11.109567850540602,-77.58845593015225,DESPEJADO,RESIDENCIAL,INTERSECCIÓN,PLANA ,ASFALTADA,,,,,IMPRUDENCIA DEL PEATÓN,CRUCE INDEBIDO POR LA CALZADA,9.0,0,2023.0,11.0,1.0,0,1,3,0,2.0,0.0,0.0,2.0,0,0,55.5,36.062445840513924,0,1,2,0.0,0.5,0
A-2023-11-104,2023-11-28,11:45,CHOQUE,1,0,0,PIURA,PIURA,VEINTISEIS DE OCTUBRE,URBANA,AVENIDA,URBANO,NO CORRESPONDE,-5.17956956966073,-80.6778761225774,DESPEJADO,RURAL,INTERSECCIÓN,PLANA ,ASFALTADA,,,,,IMPRUDENCIA DEL CONDUCTOR,OTRO (IMPRUDENCIA DEL CONDUCTOR),11.0,0,2023.0,11.0,1.0,0,1,3,0,1.0,0.0,0.0,1.0,0,0,53.5,12.020815280171307,0,1,2,0.0,0.5,0