CODIGO_SINIESTRO,FECHA_SINIESTRO,HORA_SINIESTRO,CLASE_SINIESTRO,CANTIDAD_FALLECIDOS,CANTIDAD_LESIONADOS,CANTIDAD_VEHICULOS,DEPARTAMENTO,PROVINCIA,DISTRITO,ZONA,TIPO_VIA,RED_VIAL,COD_CARRETERA,LATITUD,LONGITUD,CONDICION_CLIMATICA,ZONIFICACION,CARACTERISTICAS_VIA,PERFIL_VIA,SUPERFICIE_CALZADA,EXISTE_SENIAL_VERTICAL,CLASIFICACION_SENIAL_VERTICAL_1,CLASIFICACION_SENIAL_VERTICAL_2,EXISTE_SENIAL_HORIZONTAL,CAUSA_FACTOR_PRINCIPAL,CAUSA_ESPECIFICA,HORA,severidad,ANIO,MES,DIA_SEMANA,FIN_SEMANA,FRANJA_HORARIA,TEMPORADA,MACROREGION,TIPO_VIA_SCORE,PERFIL_VIA_SCORE,SUPERFICIE_CALZADA_SCORE,RIESGO_INFRAESTRUCTURA,RIESGO_CLIMATICO,SENIALIZACION_DEFICIENTE,EDAD_PROMEDIO,EDAD_STD,TOTAL_ALCOHOL,TOTAL_LICENCIA,TOTAL_PERSONAS,PCT_ALCOHOL,PCT_LICENCIA,ES_NOCHE
A-2023-12-72,2023-12-17,03:00,VOLCADURA,1,0,1,AREQUIPA,CAYLLOMA,MAJES,RURAL,CALLE,URBANO,NO CORRESPONDE,-16.356588,-72.197789,DESPEJADO,RESIDENCIAL,CURVA,PLANA ,ASFALTADA,,,,,EN PROCESO DE INVESTIGACIÓN,NO CUENTA CON CAUSA ESPECIFICA,3.0,0,2023.0,12.0,6.0,1,0,0,0,2.0,0.0,0.0,2.0,0,0,42.0,0.0,0,1,1,0.0,1.0,1
A-2023-12-4,2023-12-17,05:00,DESPISTE,1,0,1,TUMBES,ZARUMILLA,AGUAS VERDES,URBANA,CARRETERA,NACIONAL,PE-1NO,-3.487611788808024,-80.262036290587,DESPEJADO,RURAL,TRAMO RECTO,PLANA ,CONCRETO,,,,,IMPRUDENCIA DEL CONDUCTOR,CONDUCIR EN ESTADO DE EBRIEDAD Y/O DROGADICCIÓN,5.0,0,2023.0,12.0,6.0,1,0,0,0,0.0,0.0,0.0,0.0,0,0,36.0,0.0,0,0,1,0.0,0.0,1
A-2023-12-104,2023-12-17,07:00,DESPISTE,1,0,0,LIMA,LIMA,SAN JUAN DE LURIGANCHO,URBANA,AUTOPISTA,URBANO,NO CORRESPONDE,-12.02057149,-76.95790562,DESPEJADO,COMERCIAL,INTERSECCIÓN,INCLINADA,ASFALTADA,,,,,EN PROCESO DE INVESTIGACIÓN,NO CUENTA CON CAUSA ESPECIFICA,7.0,0,2023.0,12.0,6.0,1,1,0,0,1.0,1.0,0.0,2.0,0,0,30.0,0.0,0,0,1,0.0,0.0,0
A-2023-12-79,2023-12-17,10:30,ATROPELLO FUGA,1,0,1,LIMA,HUAURA,HUACHO,RURAL,CARRETERA,NACIONAL,PE-1N,-11.390197134798148,-77.4275368674903,DESPEJADO,RURAL,TRAMO RECTO,PLANA ,ASFALTADA,,,,,EN PROCESO DE INVESTIGACIÓN,NO CUENTA CON CAUSA ESPECIFICA,10.0,0,2023.0,12.0,6.0,1,1,0,0,0.0,0.0,0.0,0.0,0,0,0.0,0.0,0,0,2,0.0,0.0,0
A-2023-12-43,2023-12-17,16:10,DESPISTE,1,0,1,LA LIBERTAD,TRUJILLO,EL PORVENIR,URBANA,CARRETERA,PROVINCIAL,LI-733,-8.0870723,-78.991273,DESPEJADO,RURAL,TRAMO RECTO,PLANA ,ASFALTADA,,,,,EN PROCESO DE INVESTIGACIÓN,NO CUENTA CON CAUSA ESPECIFICA,16.0,0,2023.0,12.0,6.0,1,2,0,0,0.0,0.0,0.0,0.0,0,0,43.0,0.0,0,0,1,0.0,0.0,0
A-2023-12-126,2023-12-17,18:20,ATROPELLO,1,0,0,AYACUCHO,HUANTA,HUANTA,URBANA,OTRO,URBANO,NO CORRESPONDE,-12.9357256,-74.2607587,DESPEJADO,RESIDENCIAL,OTRO,PLANA ,EMPEDRADO,,,,,IMPRUDENCIA DEL CONDUCTOR,OTRO (IMPRUDENCIA DEL CONDUCTOR),18.0,0,2023.0,12.0,6.0,1,3,0,1,2.0,0.0,1.0,3.0,0,0,19.0,24.041630560342615,0,1,2,0.0,0.5,1
A-2023-12-9,2023-12-17,20:30,CHOQUE,1,0,2,ICA,CHINCHA,CHINCHA BAJA,URBANA,CARRETERA,DEPARTAMENTAL,IC-102,-13.45991,-76.170285,DESPEJADO,RESIDENCIAL,TRAMO RECTO,PLANA ,ASFALTADA,,,,,EN PROCESO DE INVESTIGACIÓN,NO CUENTA CON CAUSA ESPECIFICA,20.0,0,2023.0,12.0,6.0,1,3,0,0,0.0,0.0,0.0,0.0,0,0,33.0,5.656854249492381,0,2,2,0.0,1.0,1
A-2023-12-26,2023-12-17,21:40,DESPISTE,1,0,0,CUSCO,CALCA,LARES,RURAL,CARRETERA,DEPARTAMENTAL,CU-105,-13.02482,-71.98756,DESPEJADO,RURAL,CURVA,PLANA ,AFIRMADO,,,,,IMPRUDENCIA DEL CONDUCTOR,FATIGA Y/O CANSANCIO,21.0,0,2023.0,12.0,6.0,1,3,0,1,0.0,0.0,1.0,1.0,0,0,44.0,0.0,0,0,1,0.0,0.0,1
A-2023-12-173,2023-12-18,07:00,DESPISTE,1,0,1,CAJAMARCA,CELENDIN,SUCRE,RURAL,CARRETERA,PROVINCIAL,CA-1537,-7.024679,-78.187867,DESPEJADO,RESIDENCIAL,CURVA,INCLINADA,AFIRMADO,,,,,IMPRUDENCIA DEL CONDUCTOR,OTRO (IMPRUDENCIA DEL CONDUCTOR),7.0,0,2023.0,12.0,0.0,0,1,0,1,0.0,1.0,1.0,2.0,0,0,20.0,0.0,0,0,1,0.0,0.0,0
A-2023-12-105,2023-12-18,08:30,CHOQUE,2,0,0,LIMA,LIMA,LIMA,URBANA,JIRÓN,URBANO,NO CORRESPONDE,-12.07937206,-77.03324363,DESPEJADO,RESIDENCIAL,INTERSECCIÓN,PLANA ,ASFALTADA,NO,,,SI,EN PROCESO DE INVESTIGACIÓN,NO CUENTA CON CAUSA ESPECIFICA,8.0,1,2023.0,12.0,0.0,0,1,0,0,1.0,0.0,0.0,1.0,0,1,62.25,19.36276495407272,0,2,4,0.0,0.5,0
A-2023-12-157,2023-12-18,11:00,ATROPELLO,1,0,1,PUNO,AZANGARO,ASILLO,RURAL,CARRETERA,NACIONAL,PE-34B,-14.64756463358904,-70.36885057179829,DESPEJADO,RURAL,TRAMO RECTO,PLANA ,ASFALTADA,,,,,IMPRUDENCIA DEL CONDUCTOR,EXCESO DE VELOCIDAD,11.0,0,2023.0,12.0,0.0,0,1,0,1,0.0,0.0,0.0,0.0,0,0,76.0,1.4142135623730951,0,1,2,0.0,0.5,0
A-2023-12-107,2023-12-18,16:00,CHOQUE,1,0,0,LIMA,LIMA,PUEBLO LIBRE,URBANA,AVENIDA,URBANO,NO CORRESPONDE,-12.08308744,-77.06718489,DESPEJADO,COMERCIAL,INTERSECCIÓN,PLANA ,ASFALTADA,SI,REGULADORA (R),INFORMATIVA (I),SI,EN PROCESO DE INVESTIGACIÓN,NO CUENTA CON CAUSA ESPECIFICA,16.0,0,2023.0,12.0,0.0,0,2,0,0,1.0,0.0,0.0,1.0,0,0,53.5,9.192388155425117,0,1,2,0.0,0.5,0
A-2023-12-6,2023-12-18,18:30,CAÍDA DE PASAJERO,1,0,0,APURIMAC,ANDAHUAYLAS,SANTA MARIA DE CHICMO,RURAL,CARRETERA,NACIONAL,PE-3S,-13.60984006482,-73.5743559429463,NUBLADO,RURAL,TRAMO RECTO,PLANA ,TROCHA,,,,,IMPRUDENCIA DEL PASAJERO/OCUPANTE,PASAJEROS FUERA DE LA CARROCERÍA,18.0,0,2023.0,12.0,0.0,0,3,0,1,0.0,0.0,2.0,2.0,0,0,33.0,8.48528137423857,0,0,2,0.0,0.0,1
A-2023-12-106,2023-12-18,22:15,ATROPELLO,1,0,0,LIMA,LIMA,SAN MARTIN DE PORRES,URBANA,AVENIDA,URBANO,NO CORRESPONDE,-12.00390755,-77.08317803,DESPEJADO,COMERCIAL,TRAMO RECTO,PLANA ,ASFALTADA,SI,PREVENTIVA (P),,NO,EN PROCESO DE INVESTIGACIÓN,NO CUENTA CON CAUSA ESPECIFICA,22.0,0,2023.0,12.0,0.0,0,3,0,0,1.0,0.0,0.0,1.0,0,1,52.0,32.526911934581186,0,0,2,0.0,0.0,1
A-2023-12-80,2023-12-19,05:45,CHOQUE,1,0,2,LIMA,HUAURA,VEGUETA,URBANA,CARRETERA,PROVINCIAL,LM-551,-11.010621549294225,-77.57984335595006,DESPEJADO,RESIDENCIAL,INTERSECCIÓN,PLANA ,AFIRMADO,,,,,IMPRUDENCIA DEL CONDUCTOR,NO ESTABLECER EL DERECHO DE PASO,5.0,0,2023.0,12.0,1.0,0,0,0,0,0.0,0.0,1.0,1.0,0,0,44.5,19.091883092036785,0,1,2,0.0,0.5,1
A-2023-12-108,2023-12-19,18:00,ATROPELLO,1,0,0,LIMA,LIMA,SAN JUAN DE MIRAFLORES,URBANA,AVENIDA,URBANO,NO CORRESPONDE,-12.16465691,-76.96921895,DESPEJADO,COMERCIAL,INTERSECCIÓN,PLANA ,ASFALTADA,,,,,EN PROCESO DE INVESTIGACIÓN,NO CUENTA CON CAUSA ESPECIFICA,18.0,0,2023.0,12.0,1.0,0,3,0,0,1.0,0.0,0.0,1.0,0,0,34.0,0.0,0,0,2,0.0,0.0,1
A-2023-12-15,2023-12-21,13:50,DESPISTE,1,1,1,HUANCAVELICA,HUANCAVELICA,HUANCAVELICA,RURAL,CARRETERA,NACIONAL,PE-26,-12.831734369066428,-75.08390838623534,LLUVIOSO,RURAL,TRAMO RECTO,PLANA ,ASFALTADA,,,,,EN PROCESO DE INVESTIGACIÓN,NO CUENTA CON CAUSA ESPECIFICA,13.0,0,2023.0,12.0,3.0,0,2,0,1,0.0,0.0,0.0,0.0,1,0,50.0,26.870057685088806,0,1,2,0.0,0.5,0
A-2023-12-31,2023-12-21,14:47,ATROPELLO,1,1,1,CUSCO,CUSCO,SANTIAGO,URBANA,CARRETERA,DEPARTAMENTAL,CU-117,-13.55038694136356,-71.98662865934945,SOLEADO,RURAL,TRAMO RECTO,INCLINADA,AFIRMADO,,,,,EN PROCESO DE INVESTIGACIÓN,NO CUENTA CON CAUSA ESPECIFICA,14.0,0,2023.0,12.0,3.0,0,2,0,1,0.0,1.0,1.0,2.0,0,0,52.5,7.7781745930520225,0,1,2,0.0,0.5,0
A-2023-12-151,2023-12-22,01:35,CHOQUE,3,1,2,PUNO,LAMPA,SANTA LUCIA,RURAL,CARRETERA,NACIONAL,PE-34A,-15.693221,-70.813807,DESPEJADO,RURAL,TRAMO RECTO,INCLINADA,ASFALTADA,,,,,IMPRUDENCIA DEL CONDUCTOR,INVASIÓN DE CARRIL,1.0,2,2023.0,12.0,4.0,0,0,0,1,0.0,1.0,0.0,1.0,0,0,26.4,10.430723848324238,0,2,5,0.0,0.4,1
A-2023-12-189,2023-12-22,13:20,ATROPELLO,1,0,0,MOQUEGUA,ILO,ILO,URBANA,CARRETERA,NACIONAL,PE-1SD,-17.6421361,-71.338513,,,,,,,,,,EN PROCESO DE INVESTIGACIÓN,NO CUENTA CON CAUSA ESPECIFICA,13.0,0,2023.0,12.0,4.0,0,2,0,0,0.0,1.0,1.0,2.0,0,0,77.0,1.4142135623730951,0,0,2,0.0,0.0,0
A-2023-12-109,2023-12-22,17:45,ATROPELLO,1,0,0,LIMA,LIMA,LIMA,URBANA,AVENIDA,URBANO,NO CORRESPONDE,-12.05552699,-77.08157899,DESPEJADO,RESIDENCIAL,TRAMO RECTO,PLANA ,ASFALTADA,SI,REGULADORA (R),,NO,EN PROCESO DE INVESTIGACIÓN,NO CUENTA CON CAUSA ESPECIFICA,17.0,0,2023.0,12.0,4.0,0,2,0,0,1.0,0.0,0.0,1.0,0,1,52.5,4.949747468305833,0,1,2,0.0,0.5,0
A-2023-12-172,2023-12-22,20:15,ATROPELLO FUGA,1,0,1,CAJAMARCA,CHOTA,CHOTA,RURAL,CARRETERA,NACIONAL,PE-3N,-6.54677903,-78.67892783,DESPEJADO,RURAL,TRAMO RECTO,PLANA ,ASFALTADA,,,,,IMPRUDENCIA DEL CONDUCTOR,OTRO (IMPRUDENCIA DEL CONDUCTOR),20.0,0,2023.0,12.0,4.0,0,3,0,1,0.0,0.0,0.0,0.0,0,0,53.0,35.35533905932738,0,1,2,0.0,0.5,1
A-2023-12-190,2023-12-22,21:00,DESPISTE,1,1,0,MOQUEGUA,MARISCAL NIETO,MOQUEGUA,RURAL,CARRETERA,DEPARTAMENTAL,MO-107,-17.4848099,-70.84169263,,,,,,,,,,EN PROCESO DE INVESTIGACIÓN,NO CUENTA CON CAUSA ESPECIFICA,21.0,0,2023.0,12.0,4.0,0,3,0,0,0.0,1.0,1.0,2.0,0,0,43.5,19.091883092036785,0,0,2,0.0,0.0,1
A-2023-12-156,2023-12-22,21:30,ATROPELLO FUGA,1,0,0,PUNO,HUANCANE,HUANCANE,RURAL,CARRETERA,NACIONAL,PE-34H,-15.201595545830134,-69.82884143686498,DESPEJADO,RURAL,TRAMO RECTO,PLANA ,ASFALTADA,,,,,EN PROCESO DE INVESTIGACIÓN,NO CUENTA CON CAUSA ESPECIFICA,21.0,0,2023.0,12.0,4.0,0,3,0,1,0.0,0.0,0.0,0.0,0,0,53.0,0.0,0,0,2,0.0,0.0,1
A-2023-12-110,2023-12-23,04:30,ATROPELLO FUGA,1,0,0,LIMA,LIMA,INDEPENDENCIA,URBANA,CARRETERA,NACIONAL,PE-1N,-11.998718,-77.062731,DESPEJADO,COMERCIAL,TRAMO RECTO,PLANA ,ASFALTADA,SI,INFORMATIVA (I),,SI,EN PROCESO DE INVESTIGACIÓN,NO CUENTA CON CAUSA ESPECIFICA,4.0,0,2023.0,12.0,5.0,1,0,0,0,0.0,0.0,0.0,0.0,0,0,38.0,0.0,0,0,2,0.0,0.0,1
A-2023-12-174,2023-12-23,06:21,DESPISTE,1,0,1,CAJAMARCA,CAJAMARCA,ENCAÑADA,RURAL,CARRETERA,NACIONAL,PE-08B,-7.109593,-78.327777,DESPEJADO,RURAL,TRAMO RECTO,PLANA ,ASFALTADA,NO,,,SI,IMPRUDENCIA DEL CONDUCTOR,CONDUCIR EN ESTADO DE EBRIEDAD Y/O DROGADICCIÓN,6.0,0,2023.0,12.0,5.0,1,1,0,1,0.0,0.0,0.0,0.0,0,1,31.0,0.0,1,1,1,1.0,1.0,0
A-2023-12-65,2023-12-23,13:45,ATROPELLO,1,0,0,JUNIN,HUANCAYO,EL TAMBO,URBANA,AVENIDA,URBANO,NO CORRESPONDE,-12.062483,-75.226161,DESPEJADO,RESIDENCIAL,INTERSECCIÓN,PLANA ,ASFALTADA,SI,PREVENTIVA (P),,SI,EN PROCESO DE INVESTIGACIÓN,NO CUENTA CON CAUSA ESPECIFICA,13.0,0,2023.0,12.0,5.0,1,2,0,1,1.0,0.0,0.0,1.0,0,0,57.5,20.506096654409877,0,0,2,0.0,0.0,0
A-2023-12-111,2023-12-23,17:30,ATROPELLO,1,0,0,LIMA,LIMA,SANTA ANITA,URBANA,AVENIDA,URBANO,NO CORRESPONDE,-12.04496998,-76.97418154,DESPEJADO,COMERCIAL,INTERSECCIÓN,PLANA ,ASFALTADA,NO,,,SI,EN PROCESO DE INVESTIGACIÓN,NO CUENTA CON CAUSA ESPECIFICA,17.0,0,2023.0,12.0,5.0,1,2,0,0,1.0,0.0,0.0,1.0,0,1,53.5,24.748737341529164,0,1,2,0.0,0.5,0
A-2023-12-71,2023-12-23,19:50,CHOQUE,1,1,2,AREQUIPA,AREQUIPA,CERRO COLORADO,URBANA,CALLE,URBANO,NO CORRESPONDE,-16.320154115538,-71.5915550012864,DESPEJADO,RESIDENCIAL,INTERSECCIÓN,INCLINADA,ASFALTADA,,,,,EN PROCESO DE INVESTIGACIÓN,NO CUENTA CON CAUSA ESPECIFICA,19.0,0,2023.0,12.0,5.0,1,3,0,0,2.0,1.0,0.0,3.0,0,0,28.0,8.888194417315589,0,1,3,0.0,0.333,1
A-2023-12-21,2023-12-23,21:00,DESPISTE,1,0,1,CUSCO,CANCHIS,PITUMARCA,RURAL,CARRETERA,SIN CLASIFICAR,SIN CLASIFICAR,-13.978510949534074,-71.30501492111347,DESPEJADO,RURAL,CURVA,PLANA ,AFIRMADO,,,,,IMPRUDENCIA DEL CONDUCTOR,CONDUCIR EN ESTADO DE EBRIEDAD Y/O DROGADICCIÓN,21.0,0,2023.0,12.0,5.0,1,3,0,1,0.0,0.0,1.0,1.0,0,0,36.0,0.0,0,0,1,0.0,0.0,1
A-2023-12-112,2023-12-23,22:00,CHOQUE,1,0,0,LIMA,LIMA,LURIN,RURAL,CARRETERA,NACIONAL,PE-1S,-12.266209,-76.905593,DESPEJADO,INDUSTRIAL,TRAMO RECTO,PLANA ,ASFALTADA,,,,,EN PROCESO DE INVESTIGACIÓN,NO CUENTA CON CAUSA ESPECIFICA,22.0,0,2023.0,12.0,5.0,1,3,0,0,0.0,0.0,0.0,0.0,0,0,34.0,0.0,0,0,2,0.0,0.0,1
A-2023-12-147,2023-12-24,02:30,DESPISTE,1,1,0,CALLAO,CALLAO,LA PERLA,URBANA,CARRETERA,DEPARTAMENTAL,CL-100,-12.0740293,-77.122524217,DESPEJADO,COMERCIAL,TRAMO RECTO,PLANA ,ASFALTADA,SI,REGULADORA (R),,SI,IMPRUDENCIA DEL CONDUCTOR,CONDUCIR EN ESTADO DE EBRIEDAD Y/O DROGADICCIÓN,2.0,0,2023.0,12.0,6.0,1,0,0,0,0.0,0.0,0.0,0.0,0,0,30.0,7.0710678118654755,0,0,2,0.0,0.0,1
A-2023-12-55,2023-12-24,02:50,CHOQUE FUGA,1,1,2,TACNA,TACNA,TACNA,RURAL,CARRETERA,NACIONAL,PE-1SD,-18.101873147100203,-70.3391611262834,DESPEJADO,RURAL,TRAMO RECTO,PLANA ,ASFALTADA,,,,,IMPRUDENCIA DEL CONDUCTOR,CONDUCIR EN ESTADO DE EBRIEDAD Y/O DROGADICCIÓN,2.0,0,2023.0,12.0,6.0,1,0,0,0,0.0,0.0,0.0,0.0,0,0,51.5,6.363961030678928,1,2,2,0.5,1.0,1
A-2023-12-177,2023-12-24,11:38,ATROPELLO,1,0,1,CAJAMARCA,JAEN,JAEN,URBANA,CARRETERA,NACIONAL,PE-5N,-5.697833023,-78.80674342,DESPEJADO,COMERCIAL,TRAMO RECTO,PLANA ,CONCRETO,,,,,IMPRUDENCIA DEL CONDUCTOR,EXCESO DE VELOCIDAD,11.0,0,2023.0,12.0,6.0,1,1,0,1,0.0,0.0,0.0,0.0,0,0,73.5,7.7781745930520225,0,1,2,0.0,0.5,0
A-2023-12-70,2023-12-24,13:00,DESPISTE,1,1,1,AREQUIPA,ISLAY,MEJIA,RURAL,CARRETERA,PROVINCIAL,AR-815,-17.090562,-71.899891,DESPEJADO,RURAL,CURVA,PLANA ,ASFALTADA,SI,PREVENTIVA (P),REGULADORA (R),SI,EN PROCESO DE INVESTIGACIÓN,NO CUENTA CON CAUSA ESPECIFICA,13.0,0,2023.0,12.0,6.0,1,2,0,0,0.0,0.0,0.0,0.0,0,0,23.0,4.242640687119285,0,0,2,0.0,0.0,0
A-2023-12-44,2023-12-24,23:30,CHOQUE,1,0,2,LA LIBERTAD,VIRU,VIRU,RURAL,CARRETERA,PROVINCIAL,LI-1122,-8.409477664072075,-78.82451730642427,DESPEJADO,RURAL,TRAMO RECTO,PLANA ,CONCRETO,,,,,EN PROCESO DE INVESTIGACIÓN,NO CUENTA CON CAUSA ESPECIFICA,23.0,0,2023.0,12.0,6.0,1,3,0,0,0.0,0.0,0.0,0.0,0,0,20.5,7.7781745930520225,0,0,2,0.0,0.0,1
A-2023-12-66,2023-12-25,05:30,ATROPELLO FUGA,1,0,0,JUNIN,CHUPACA,HUACHAC,RURAL,CARRETERA,PROVINCIAL,JU-877,-12.043074546334696,-75.31396169737516,NUBLADO,RURAL,TRAMO RECTO,PLANA ,ASFALTADA,NO,,,SI,EN PROCESO DE INVESTIGACIÓN,NO CUENTA CON CAUSA ESPECIFICA,5.0,0,2023.0,12.0,0.0,0,0,0,1,0.0,0.0,0.0,0.0,0,1,57.0,0.0,0,0,2,0.0,0.0,1
A-2023-12-113,2023-12-25,05:45,DESPISTE,1,0,0,LIMA,LIMA,SANTIAGO DE SURCO,URBANA,JIRÓN,URBANO,NO CORRESPONDE,-12.11164265,-76.97831698,DESPEJADO,RESIDENCIAL,CURVA,PLANA ,ASFALTADA,,,,,EN PROCESO DE INVESTIGACIÓN,NO CUENTA CON CAUSA ESPECIFICA,5.0,0,2023.0,12.0,0.0,0,0,0,0,1.0,0.0,0.0,1.0,0,0,26.0,0.0,0,0,1,0.0,0.0,1
A-2023-12-16,2023-12-25,06:00,DESPISTE,2,0,1,HUANCAVELICA,TAYACAJA,PAZOS,RURAL,CARRETERA,NACIONAL,PE-3SC,-12.25171435148508,-75.08043804415979,NUBLADO,RURAL,TRAMO RECTO,PLANA ,ASFALTADA,,,,,EN PROCESO DE INVESTIGACIÓN,NO CUENTA CON CAUSA ESPECIFICA,6.0,1,2023.0,12.0,0.0,0,1,0,1,0.0,0.0,0.0,0.0,0,0,40.0,24.041630560342615,0,1,2,0.0,0.5,0
A-2023-12-45,2023-12-25,10:30,DESPISTE,1,0,1,LA LIBERTAD,TRUJILLO,TRUJILLO,URBANA,CARRETERA,NACIONAL,PE-1N,-8.138102230312912,-79.01567181001322,DESPEJADO,INDUSTRIAL,TRAMO RECTO,PLANA ,ASFALTADA,,,,,IMPRUDENCIA DEL CONDUCTOR,CONDUCIR EN ESTADO DE EBRIEDAD Y/O DROGADICCIÓN,10.0,0,2023.0,12.0,0.0,0,1,0,0,0.0,0.0,0.0,0.0,0,0,47.0,0.0,0,0,1,0.0,0.0,0
A-2023-12-149,2023-12-25,11:50,DESPISTE,1,0,1,PUNO,SANDIA,SAN PEDRO DE PUTINA PUNCO,RURAL,CARRETERA,NACIONAL,PE-34H,-14.121790215217096,-69.06377609506747,DESPEJADO,RURAL,TRAMO RECTO,PLANA ,ASFALTADA,,,,,IMPRUDENCIA DEL CONDUCTOR,EXCESO DE VELOCIDAD,11.0,0,2023.0,12.0,0.0,0,1,0,1,0.0,0.0,0.0,0.0,0,0,41.0,0.0,0,0,1,0.0,0.0,0
A-2023-12-164,2023-12-25,14:00,DESPISTE,1,1,1,LIMA,LIMA,ANCON,RURAL,CARRETERA,NACIONAL,PE-1N,-11.6910913,-77.1813526,DESPEJADO,RURAL,OTRO,PLANA ,ASFALTADA,,,,,EN PROCESO DE INVESTIGACIÓN,NO CUENTA CON CAUSA ESPECIFICA,14.0,0,2023.0,12.0,0.0,0,2,0,0,0.0,0.0,0.0,0.0,0,0,64.0,0.0,1,1,2,0.5,0.5,0
A-2023-12-46,2023-12-25,20:15,CHOQUE,1,0,2,LA LIBERTAD,ASCOPE,CHICAMA,RURAL,CARRETERA,NACIONAL,PE-1N,-7.8605314,-79.1406393,DESPEJADO,RURAL,ÓVALO,INCLINADA,ASFALTADA,,,,,IMPRUDENCIA DEL CONDUCTOR,CONDUCIR EN ESTADO DE EBRIEDAD Y/O DROGADICCIÓN,20.0,0,2023.0,12.0,0.0,0,3,0,0,0.0,1.0,0.0,1.0,0,0,53.5,3.5355339059327378,0,1,2,0.0,0.5,1
A-2023-12-34,2023-12-25,20:40,CHOQUE,1,2,3,TUMBES,CONTRALMIRANTE VILLAR,CANOAS DE PUNTA SAL,URBANA,CARRETERA,NACIONAL,PE-1N,-3.947829765679749,-80.94430414407145,DESPEJADO,COMERCIAL,TRAMO RECTO,PLANA ,ASFALTADA,,,,,IMPRUDENCIA DEL CONDUCTOR,OTRO (IMPRUDENCIA DEL CONDUCTOR),20.0,0,2023.0,12.0,0.0,0,3,0,0,0.0,0.0,0.0,0.0,0,0,40.0,10.099504938362077,0,1,4,0.0,0.25,1
A-2023-12-25,2023-12-25,21:30,ATROPELLO FUGA,1,0,0,CUSCO,CANCHIS,MARANGANI,RURAL,CARRETERA,NACIONAL,PE-3S,-14.372931589022834,-71.14914119457288,DESPEJADO,RURAL,TRAMO RECTO,PLANA ,ASFALTADA,,,,,EN PROCESO DE INVESTIGACIÓN,NO CUENTA CON CAUSA ESPECIFICA,21.0,0,2023.0,12.0,0.0,0,3,0,1,0.0,0.0,0.0,0.0,0,0,51.0,0.0,0,0,2,0.0,0.0,1
A-2023-12-150,2023-12-25,21:35,CHOQUE,1,0,2,PUNO,LAMPA,LAMPA,RURAL,CARRETERA,DEPARTAMENTAL,PU-123,-15.3733736,-70.3673645,DESPEJADO,RURAL,TRAMO RECTO,PLANA ,ASFALTADA,,,,,IMPRUDENCIA DEL CONDUCTOR,INVASIÓN DE CARRIL,21.0,0,2023.0,12.0,0.0,0,3,0,1,0.0,0.0,0.0,0.0,0,0,51.0,0.0,0,0,2,0.0,0.0,1
A-2023-12-114,2023-12-26,06:00,DESPISTE,1,1,0,LIMA,LIMA,CHORRILLOS,URBANA,VIA EXPRESA,URBANO,NO CORRESPONDE,-12.16205808,-77.0258943,DESPEJADO,COMERCIAL,TRAMO RECTO,PLANA ,ASFALTADA,SI,PREVENTIVA (P),,NO,EN PROCESO DE INVESTIGACIÓN,NO CUENTA CON CAUSA ESPECIFICA,6.0,0,2023.0,12.0,1.0,0,1,0,0,1.0,0.0,0.0,1.0,0,1,33.5,4.949747468305833,0,1,2,0.0,0.5,0
A-2023-12-87,2023-12-26,16:10,DESPISTE,1,0,0,PIURA,PIURA,PIURA,URBANA,AVENIDA,URBANO,NO CORRESPONDE,-5.192199,-80.631063,DESPEJADO,ESCOLAR,CURVA,PLANA ,ASFALTADA,,,,,EN PROCESO DE INVESTIGACIÓN,NO CUENTA CON CAUSA ESPECIFICA,16.0,0,2023.0,12.0,1.0,0,2,0,0,1.0,0.0,0.0,1.0,0,0,21.0,0.0,1,0,1,1.0,0.0,0
A-2023-12-35,2023-12-26,17:15,CHOQUE,1,1,2,PUNO,PUNO,PUNO,RURAL,CARRETERA,NACIONAL,PE-3S,-15.86372675,-69.98775771,DESPEJADO,RURAL,CURVA,INCLINADA,ASFALTADA,,,,,IMPRUDENCIA DEL CONDUCTOR,INVASIÓN DE CARRIL,17.0,0,2023.0,12.0,1.0,0,2,0,1,0.0,1.0,0.0,1.0,0,0,55.0,4.242640687119285,0,2,2,0.0,1.0,0
A-2023-12-30,2023-12-26,19:00,CHOQUE,1,1,3,CUSCO,ACOMAYO,SANGARARA,RURAL,CARRETERA,DEPARTAMENTAL,CU-117,-13.956021,-71.588207,NUBLADO,RURAL,TRAMO RECTO,PLANA ,ASFALTADA,,,,,IMPRUDENCIA DEL CONDUCTOR,EXCESO DE VELOCIDAD,19.0,0,2023.0,12.0,1.0,0,3,0,1,0.0,0.0,0.0,0.0,0,0,36.333333333333336,11.547005383792515,0,1,4,0.0,0.25,1
A-2023-12-11,2023-12-26,19:30,ATROPELLO FUGA,1,0,0,PUNO,CHUCUITO,ZEPITA,RURAL,CARRETERA,NACIONAL,PE-36A,-16.61062347869506,-69.17170818280924,DESPEJADO,RURAL,TRAMO RECTO,PLANA ,ASFALTADA,,,,,IMPRUDENCIA DEL PEATÓN,CRUCE INDEBIDO POR LA CALZADA,19.0,0,2023.0,12.0,1.0,0,3,0,1,0.0,0.0,0.0,0.0,0,0,67.0,0.0,0,0,2,0.0,0.0,1
A-2023-12-148,2023-12-26,19:40,CAÍDA DE PASAJERO,1,0,0,PUNO,AZANGARO,AZANGARO,RURAL,CARRETERA,SIN CLASIFICAR,SIN CLASIFICAR,-14.85748505063668,-70.29490435768139,DESPEJADO,RURAL,TRAMO RECTO,PLANA ,TROCHA,,,,,IMPRUDENCIA DEL PASAJERO/OCUPANTE,OTRO (IMPRUDENCIA DEL PASAJERO/OCUPANTE),19.0,0,2023.0,12.0,1.0,0,3,0,1,0.0,0.0,2.0,2.0,0,0,52.5,6.363961030678928,0,0,2,0.0,0.0,1