CODIGO_SINIESTRO,FECHA_SINIESTRO,HORA_SINIESTRO,CLASE_SINIESTRO,CANTIDAD_FALLECIDOS,CANTIDAD_LESIONADOS,CANTIDAD_VEHICULOS,DEPARTAMENTO,PROVINCIA,DISTRITO,ZONA,TIPO_VIA,RED_VIAL,COD_CARRETERA,LATITUD,LONGITUD,CONDICION_CLIMATICA,ZONIFICACION,CARACTERISTICAS_VIA,PERFIL_VIA,SUPERFICIE_CALZADA,EXISTE_SENIAL_VERTICAL,CLASIFICACION_SENIAL_VERTICAL_1,CLASIFICACION_SENIAL_VERTICAL_2,EXISTE_SENIAL_HORIZONTAL,CAUSA_FACTOR_PRINCIPAL,CAUSA_ESPECIFICA,HORA,severidad,ANIO,MES,DIA_SEMANA,FIN_SEMANA,FRANJA_HORARIA,TEMPORADA,MACROREGION,TIPO_VIA_SCORE,PERFIL_VIA_SCORE,SUPERFICIE_CALZADA_SCORE,RIESGO_INFRAESTRUCTURA,RIESGO_CLIMATICO,SENIALIZACION_DEFICIENTE,EDAD_PROMEDIO,EDAD_STD,TOTAL_ALCOHOL,TOTAL_LICENCIA,TOTAL_PERSONAS,PCT_ALCOHOL,PCT_LICENCIA,ES_NOCHE
A-2023-12-53,2023-12-26,22:00,DESPISTE,1,23,1,LA LIBERTAD,PATAZ,PARCOY,RURAL,CARRETERA,SIN CLASIFICAR,SIN CLASIFICAR,-7.977535819843551,-77.52872581979386,DESPEJADO,RURAL,CURVA,PLANA ,TROCHA,,,,,IMPRUDENCIA DEL CONDUCTOR,OTRO (IMPRUDENCIA DEL CONDUCTOR),22.0,0,2023.0,12.0,1.0,0,3,0,0,0.0,0.0,2.0,2.0,0,0,41.041666666666664,13.359507823095967,0,0,25,0.0,0.0,1
A-2023-12-47,2023-12-26,22:30,DESPISTE,1,0,1,LA LIBERTAD,VIRU,CHAO,RURAL,CARRETERA,PROVINCIAL,LI-1208,-8.60177564528355,-78.72191186286202,DESPEJADO,RURAL,TRAMO RECTO,PLANA ,ASFALTADA,,,,,EN PROCESO DE INVESTIGACIÓN,NO CUENTA CON CAUSA ESPECIFICA,22.0,0,2023.0,12.0,1.0,0,3,0,0,0.0,0.0,0.0,0.0,0,0,35.0,0.0,0,0,1,0.0,0.0,1
A-2023-12-69,2023-12-27,06:58,ATROPELLO,1,0,1,AREQUIPA,AREQUIPA,CERRO COLORADO,URBANA,CALLE,URBANO,NO CORRESPONDE,-16.333175,-71.586086,DESPEJADO,RESIDENCIAL,INTERSECCIÓN,PLANA ,ASFALTADA,NO,,,SI,EN PROCESO DE INVESTIGACIÓN,NO CUENTA CON CAUSA ESPECIFICA,6.0,0,2023.0,12.0,2.0,0,1,0,0,2.0,0.0,0.0,2.0,0,1,53.5,34.64823227814083,0,1,2,0.0,0.5,0
A-2023-12-127,2023-12-27,14:42,FERROVIARIO,1,0,0,JUNIN,HUANCAYO,CHILCA,URBANA,AVENIDA,URBANO,NO CORRESPONDE,-12.090553,-75.21517,LLUVIOSO,RURAL,TRAMO RECTO,PLANA ,ASFALTADA,SI,PREVENTIVA (P),,NO,IMPRUDENCIA DEL PEATÓN,ESTADO DE EBRIEDAD Y/O DROGADICCIÓN,14.0,0,2023.0,12.0,2.0,0,2,0,1,1.0,0.0,0.0,1.0,1,1,59.0,8.48528137423857,0,1,2,0.0,0.5,0
A-2023-12-48,2023-12-27,15:00,CHOQUE,1,0,4,LA LIBERTAD,OTUZCO,OTUZCO,RURAL,CARRETERA,NACIONAL,PE-10A,-7.956949348274883,-78.62499827373745,LLUVIOSO,RURAL,CURVA,PLANA ,ASFALTADA,,,,,IMPRUDENCIA DEL CONDUCTOR,OTRO (IMPRUDENCIA DEL CONDUCTOR),15.0,0,2023.0,12.0,2.0,0,2,0,0,0.0,0.0,0.0,0.0,1,0,34.0,16.537835408541227,0,3,5,0.0,0.6,0
A-2023-12-115,2023-12-27,16:40,CHOQUE,1,1,0,LIMA,LIMA,LOS OLIVOS,URBANA,AVENIDA,URBANO,NO CORRESPONDE,-11.97705171,-77.06361958,DESPEJADO,COMERCIAL,TRAMO RECTO,PLANA ,ASFALTADA,,,,,EN PROCESO DE INVESTIGACIÓN,NO CUENTA CON CAUSA ESPECIFICA,16.0,0,2023.0,12.0,2.0,0,2,0,0,1.0,0.0,0.0,1.0,0,0,45.75,13.647344063956181,0,1,4,0.0,0.25,0
A-2023-12-33,2023-12-27,17:00,ATROPELLO,1,0,0,CUSCO,CHUMBIVILCAS,COLQUEMARCA,URBANA,CARRETERA,PROVINCIAL,CU-1538,-14.24355444970659,-72.03712904981707,DESPEJADO,RURAL,TRAMO RECTO,INCLINADA,AFIRMADO,,,,,IMPRUDENCIA DEL PEATÓN,CRUCE INDEBIDO POR LA CALZADA,17.0,0,2023.0,12.0,2.0,0,2,0,1,0.0,1.0,1.0,2.0,0,0,3.0,0.0,0,1,2,0.0,0.5,0
A-2023-12-116,2023-12-27,19:30,DESPISTE,1,0,0,LIMA,LIMA,PUNTA HERMOSA,RURAL,CARRETERA,NACIONAL,PE-1S,-12.316706,-76.831093,DESPEJADO,INDUSTRIAL,TRAMO RECTO,PLANA ,ASFALTADA,,,,,EN PROCESO DE INVESTIGACIÓN,NO CUENTA CON CAUSA ESPECIFICA,19.0,0,2023.0,12.0,2.0,0,3,0,0,0.0,0.0,0.0,0.0,0,0,48.0,11.313708498984761,0,2,2,0.0,1.0,1
A-2023-12-13,2023-12-28,01:30,DESPISTE,1,0,1,PASCO,PASCO,SIMON BOLIVAR,RURAL,CARRETERA,DEPARTAMENTAL,PA-102,-10.602638680610726,-76.33222433217885,DESPEJADO,RURAL,TRAMO RECTO,PLANA ,ASFALTADA,,,,,IMPRUDENCIA DEL CONDUCTOR,EXCESO DE VELOCIDAD,1.0,0,2023.0,12.0,3.0,0,0,0,1,0.0,0.0,0.0,0.0,0,0,29.0,0.0,0,1,1,0.0,1.0,1
A-2023-12-49,2023-12-28,17:00,CHOQUE,1,1,2,LA LIBERTAD,SANTIAGO DE CHUCO,QUIRUVILCA,RURAL,CARRETERA,PROVINCIAL,LI-931,-8.0029553613037,-78.28939473539764,DESPEJADO,RURAL,TRAMO RECTO,PLANA ,ASFALTADA,,,,,IMPRUDENCIA DEL CONDUCTOR,INVASIÓN DE CARRIL,17.0,0,2023.0,12.0,3.0,0,2,0,0,0.0,0.0,0.0,0.0,0,0,26.0,8.717797887081348,0,1,3,0.0,0.333,0
A-2023-12-29,2023-12-28,18:50,DESPISTE,1,5,15,CUSCO,CUSCO,SANTIAGO,RURAL,CARRETERA,DEPARTAMENTAL,CU-117,-13.588124,-71.977648,LLUVIOSO,RURAL,CURVA,INCLINADA,ASFALTADA,SI,PREVENTIVA (P),,SI,IMPRUDENCIA DEL CONDUCTOR,EXCESO DE VELOCIDAD,18.0,0,2023.0,12.0,3.0,0,3,0,1,0.0,1.0,0.0,1.0,1,0,26.166666666666668,16.70229525145172,0,1,6,0.0,0.167,1
A-2023-12-117,2023-12-28,21:10,ATROPELLO,1,0,0,LIMA,LIMA,SAN BARTOLO,RURAL,CARRETERA,NACIONAL,PE-1S,-12.387481,-76.767881,DESPEJADO,RURAL,TRAMO RECTO,PLANA ,ASFALTADA,,,,,EN PROCESO DE INVESTIGACIÓN,NO CUENTA CON CAUSA ESPECIFICA,21.0,0,2023.0,12.0,3.0,0,3,0,0,0.0,0.0,0.0,0.0,0,0,48.0,11.313708498984761,0,1,2,0.0,0.5,1
A-2023-12-130,2023-12-28,23:30,ATROPELLO,1,0,1,TACNA,TACNA,PALCA,RURAL,CARRETERA,SIN CLASIFICAR,SIN CLASIFICAR,-17.548349,-69.535402,DESPEJADO,RURAL,OTRO,PLANA ,TROCHA,,,,,IMPRUDENCIA DEL CONDUCTOR,OTRO (IMPRUDENCIA DEL CONDUCTOR),23.0,0,2023.0,12.0,3.0,0,3,0,0,0.0,0.0,2.0,2.0,0,0,31.5,13.435028842544403,0,1,2,0.0,0.5,1
A-2023-12-50,2023-12-29,20:30,CHOQUE,1,0,1,LA LIBERTAD,PACASMAYO,PACASMAYO,RURAL,CALLE,URBANO,NO CORRESPONDE,-7.42177411,-79.55591726,DESPEJADO,RURAL,TRAMO RECTO,PLANA ,CONCRETO,,,,,EN PROCESO DE INVESTIGACIÓN,NO CUENTA CON CAUSA ESPECIFICA,20.0,0,2023.0,12.0,4.0,0,3,0,0,2.0,0.0,0.0,2.0,0,0,46.5,9.192388155425117,0,1,2,0.0,0.5,1
A-2023-12-118,2023-12-29,21:10,ATROPELLO,1,0,0,LIMA,LIMA,SURQUILLO,URBANA,CALLE,URBANO,NO CORRESPONDE,-12.11137253,-77.01930247,DESPEJADO,RESIDENCIAL,TRAMO RECTO,PLANA ,ASFALTADA,NO,,,SI,EN PROCESO DE INVESTIGACIÓN,NO CUENTA CON CAUSA ESPECIFICA,21.0,0,2023.0,12.0,4.0,0,3,0,0,2.0,0.0,0.0,2.0,0,1,51.5,30.405591591021544,0,1,2,0.0,0.5,1
A-2023-12-136,2023-12-30,05:00,ATROPELLO FUGA,1,0,0,TACNA,TACNA,CORONEL GREGORIO ALBARRACIN LANCHIPA,URBANA,CALLE,URBANO,NO CORRESPONDE,-18.04527,-70.25699,DESPEJADO,COMERCIAL,TRAMO RECTO,PLANA ,ASFALTADA,,,,,IMPRUDENCIA DEL CONDUCTOR,OTRO (IMPRUDENCIA DEL CONDUCTOR),5.0,0,2023.0,12.0,5.0,1,0,0,0,2.0,0.0,0.0,2.0,0,0,32.0,0.0,0,0,2,0.0,0.0,1
A-2023-12-120,2023-12-30,08:30,ATROPELLO,1,0,0,LIMA,LIMA,LA VICTORIA,URBANA,AVENIDA,URBANO,NO CORRESPONDE,-12.06107519,-77.02373421,DESPEJADO,RESIDENCIAL,INTERSECCIÓN,PLANA ,ASFALTADA,,,,,EN PROCESO DE INVESTIGACIÓN,NO CUENTA CON CAUSA ESPECIFICA,8.0,0,2023.0,12.0,5.0,1,1,0,0,1.0,0.0,0.0,1.0,0,0,54.0,22.627416997969522,0,1,2,0.0,0.5,0
A-2023-12-119,2023-12-30,11:52,CHOQUE,1,0,0,LIMA,LIMA,SAN MIGUEL,URBANA,AVENIDA,URBANO,NO CORRESPONDE,-12.07471664,-77.0989776,DESPEJADO,COMERCIAL,INTERSECCIÓN,PLANA ,ASFALTADA,SI,INFORMATIVA (I),,SI,EN PROCESO DE INVESTIGACIÓN,NO CUENTA CON CAUSA ESPECIFICA,11.0,0,2023.0,12.0,5.0,1,1,0,0,1.0,0.0,0.0,1.0,0,0,32.0,7.0710678118654755,0,2,2,0.0,1.0,0
A-2023-12-68,2023-12-30,14:15,CHOQUE,1,3,2,AREQUIPA,AREQUIPA,LA JOYA,RURAL,CARRETERA,NACIONAL,PE-1S,-16.600953,-71.855038,DESPEJADO,RURAL,TRAMO RECTO,PLANA ,ASFALTADA,NO,,,SI,EN PROCESO DE INVESTIGACIÓN,NO CUENTA CON CAUSA ESPECIFICA,14.0,0,2023.0,12.0,5.0,1,2,0,0,0.0,0.0,0.0,0.0,0,1,26.4,13.202272531651511,0,2,5,0.0,0.4,0
A-2023-12-144,2023-12-30,18:50,CHOQUE,1,0,2,PUNO,LAMPA,SANTA LUCIA,RURAL,CARRETERA,NACIONAL,PE-34A,-15.6931912,-70.5982846,DESPEJADO,RURAL,TRAMO RECTO,PLANA ,ASFALTADA,,,,,IMPRUDENCIA DEL CONDUCTOR,INVASIÓN DE CARRIL,18.0,0,2023.0,12.0,5.0,1,3,0,1,0.0,0.0,0.0,0.0,0,0,40.0,1.4142135623730951,0,1,2,0.0,0.5,1
A-2023-12-51,2023-12-30,19:40,CHOQUE FUGA,1,2,1,LA LIBERTAD,VIRU,CHAO,RURAL,CARRETERA,NACIONAL,PE-1N,-8.524511100100609,-78.68306559031146,DESPEJADO,RURAL,TRAMO RECTO,PLANA ,ASFALTADA,,,,,EN PROCESO DE INVESTIGACIÓN,NO CUENTA CON CAUSA ESPECIFICA,19.0,0,2023.0,12.0,5.0,1,3,0,0,0.0,0.0,0.0,0.0,0,0,30.0,15.394804318340652,0,0,4,0.0,0.0,1
A-2023-12-122,2023-12-30,22:30,CHOQUE,1,0,1,SAN MARTIN,RIOJA,NUEVA CAJAMARCA,URBANA,CARRETERA,NACIONAL,PE-5N,-5.90816563543019,-77.3238866475747,DESPEJADO,ESCOLAR,TRAMO RECTO,PLANA ,ASFALTADA,SI,PREVENTIVA (P),REGULADORA (R),NO,IMPRUDENCIA DEL CONDUCTOR,OTRO (IMPRUDENCIA DEL CONDUCTOR),22.0,0,2023.0,12.0,5.0,1,3,0,2,0.0,0.0,0.0,0.0,0,1,41.0,22.627416997969522,0,2,2,0.0,1.0,1
A-2023-12-176,2023-12-31,11:00,CHOQUE,1,1,1,CAJAMARCA,HUALGAYOC,BAMBAMARCA,RURAL,CARRETERA,NACIONAL,PE-3N,-6.710869,-78.546986,LLUVIOSO,RURAL,TRAMO RECTO,INCLINADA,ASFALTADA,SI,PREVENTIVA (P),,SI,IMPRUDENCIA DEL CONDUCTOR,OTRO (IMPRUDENCIA DEL CONDUCTOR),11.0,0,2023.0,12.0,6.0,1,1,0,1,0.0,1.0,0.0,1.0,1,0,45.5,3.5355339059327378,0,1,2,0.0,0.5,0
A-2023-12-128,2023-12-31,11:57,ATROPELLO,1,0,0,JUNIN,HUANCAYO,SAN JERONIMO DE TUNAN,URBANA,CARRETERA,NACIONAL,PE-3S,-11.938189,-75.309347,DESPEJADO,RURAL,TRAMO RECTO,PLANA ,ASFALTADA,NO,,,SI,IMPRUDENCIA DEL PEATÓN,OTRO (IMPRUDENCIA DEL PEATÓN),11.0,0,2023.0,12.0,6.0,1,1,0,1,0.0,0.0,0.0,0.0,0,1,23.0,18.384776310850235,0,1,2,0.0,0.5,0
A-2023-12-52,2023-12-31,17:00,ATROPELLO,1,0,1,LA LIBERTAD,VIRU,CHAO,RURAL,CARRETERA,NACIONAL,PE-1N,-8.53974,-78.676508,DESPEJADO,RURAL,TRAMO RECTO,PLANA ,ASFALTADA,,,,,EN PROCESO DE INVESTIGACIÓN,NO CUENTA CON CAUSA ESPECIFICA,17.0,0,2023.0,12.0,6.0,1,2,0,0,0.0,0.0,0.0,0.0,0,0,52.5,6.363961030678928,0,1,2,0.0,0.5,0
A-2023-12-142,2023-12-31,18:50,ATROPELLO,1,0,0,PUNO,SAN ROMAN,JULIACA,URBANA,JIRÓN,URBANO,NO CORRESPONDE,-15.492683,-70.130365,DESPEJADO,COMERCIAL,INTERSECCIÓN,PLANA ,ASFALTADA,,,,,IMPRUDENCIA DEL PEATÓN,CRUCE INDEBIDO POR LA CALZADA,18.0,0,2023.0,12.0,6.0,1,3,0,1,1.0,0.0,0.0,1.0,0,0,49.5,23.33452377915607,0,1,2,0.0,0.5,1
A-2023-12-143,2023-12-31,19:15,DESPISTE,1,3,0,PUNO,MELGAR,AYAVIRI,RURAL,CARRETERA,NACIONAL,PE-3S,-14.8261374,-70.6743896,DESPEJADO,RURAL,TRAMO RECTO,PLANA ,ASFALTADA,,,,,IMPRUDENCIA DEL CONDUCTOR,EXCESO DE VELOCIDAD,19.0,0,2023.0,12.0,6.0,1,3,0,1,0.0,0.0,0.0,0.0,0,0,37.4,19.30802941783547,0,1,5,0.0,0.2,1
A-2023-12-135,2023-12-31,21:25,ATROPELLO,1,0,0,TACNA,TACNA,TACNA,URBANA,CARRETERA,SIN CLASIFICAR,SIN CLASIFICAR,-18.033175,-70.277754,DESPEJADO,RESIDENCIAL,TRAMO RECTO,PLANA ,ASFALTADA,,,,,IMPRUDENCIA DEL PEATÓN,CRUCE INDEBIDO POR LA CALZADA,21.0,0,2023.0,12.0,6.0,1,3,0,0,0.0,0.0,0.0,0.0,0,0,40.0,24.041630560342615,0,1,2,0.0,0.5,1
A-2024-01-64,2024-01-01,00:29,ATROPELLO,1,1,1,ICA,ICA,ICA,URBANA,AVENIDA,URBANO,NO CORRESPONDE,-14.0595505,-75.7372631,DESPEJADO,ESCOLAR,TRAMO RECTO,PLANA ,ASFALTADA,,,,,IMPRUDENCIA DEL PEATÓN,CRUCE INDEBIDO POR LA CALZADA,0.0,0,2024.0,1.0,0.0,0,0,0,0,1.0,0.0,0.0,1.0,0,0,37.0,21.213203435596427,0,1,2,0.0,0.5,1
A-2024-01-1,2024-01-01,01:30,ATROPELLO FUGA,1,0,0,APURIMAC,ANDAHUAYLAS,KISHUARA,URBANA,CARRETERA,NACIONAL,PE-3S,-13.693044,-73.113426,DESPEJADO,RURAL,CURVA,PLANA ,ASFALTADA,SI,PREVENTIVA (P),,SI,IMPRUDENCIA DEL PEATÓN,ESTADO DE EBRIEDAD Y/O DROGADICCIÓN,1.0,0,2024.0,1.0,0.0,0,0,0,1,0.0,0.0,0.0,0.0,0,0,13.0,0.0,0,0,2,0.0,0.0,1
A-2024-01-139,2024-01-01,02:00,CHOQUE,1,2,0,LIMA,LIMA,PUNTA NEGRA,URBANA,CARRETERA,NACIONAL,PE-1S,-12.370873,-76.785224,DESPEJADO,INDUSTRIAL,TRAMO RECTO,PLANA ,ASFALTADA,,,,,EN PROCESO DE INVESTIGACIÓN,NO CUENTA CON CAUSA ESPECIFICA,2.0,0,2024.0,1.0,0.0,0,0,0,0,0.0,0.0,0.0,0.0,0,0,27.333333333333332,21.221058723196006,0,1,4,0.0,0.25,1
A-2024-01-141,2024-01-01,06:58,DESPISTE,1,0,0,LIMA,LIMA,SAN MIGUEL,URBANA,VIA EXPRESA,URBANO,NO CORRESPONDE,-12.081205518288693,-77.10803472707839,DESPEJADO,COMERCIAL,TRAMO RECTO,PLANA ,ASFALTADA,,,,,IMPRUDENCIA DEL CONDUCTOR,CONDUCIR EN ESTADO DE EBRIEDAD Y/O DROGADICCIÓN,6.0,0,2024.0,1.0,0.0,0,1,0,0,1.0,0.0,0.0,1.0,0,0,27.0,0.0,0,1,1,0.0,1.0,0
A-2024-01-39,2024-01-01,08:30,DESPISTE,1,0,1,CUSCO,CALCA,CALCA,URBANA,CARRETERA,NACIONAL,PE-28B,-13.338803,-71.951487,DESPEJADO,RESIDENCIAL,CURVA,PLANA ,ASFALTADA,SI,PREVENTIVA (P),,SI,IMPRUDENCIA DEL CONDUCTOR,CONDUCIR EN ESTADO DE EBRIEDAD Y/O DROGADICCIÓN,8.0,0,2024.0,1.0,0.0,0,1,0,1,0.0,0.0,0.0,0.0,0,0,24.0,0.0,0,0,1,0.0,0.0,0
A-2024-01-2,2024-01-01,09:30,DESPISTE,1,0,1,APURIMAC,ANDAHUAYLAS,KAQUIABAMBA,RURAL,CARRETERA,PROVINCIAL,AP-576,-13.557894,-73.276306,NUBLADO,RURAL,CURVA,INCLINADA,AFIRMADO,,,,,IMPRUDENCIA DEL CONDUCTOR,CONDUCIR EN ESTADO DE EBRIEDAD Y/O DROGADICCIÓN,9.0,0,2024.0,1.0,0.0,0,1,0,1,0.0,1.0,1.0,2.0,0,0,24.0,0.0,0,0,1,0.0,0.0,0
A-2024-01-111,2024-01-01,13:00,DESPISTE,1,3,1,CAJAMARCA,CELENDIN,UTCO,RURAL,CARRETERA,SIN CLASIFICAR,SIN CLASIFICAR,-6.894347193,-78.0908866,DESPEJADO,RURAL,CURVA,INCLINADA,ASFALTADA,SI,PREVENTIVA (P),,NO,IMPRUDENCIA DEL CONDUCTOR,OTRO (IMPRUDENCIA DEL CONDUCTOR),13.0,0,2024.0,1.0,0.0,0,2,0,1,0.0,1.0,0.0,1.0,0,1,45.0,31.822423959633664,0,1,4,0.0,0.25,0
A-2024-01-107,2024-01-01,23:58,VOLCADURA,1,1,2,LIMA,HUARAL,AUCALLAMA,RURAL,CARRETERA,NACIONAL,PE-1N,-11.6088642,-77.1985057,DESPEJADO,RURAL,OTRO,INCLINADA,ASFALTADA,SI,REGULADORA (R),,NO,EN PROCESO DE INVESTIGACIÓN,NO CUENTA CON CAUSA ESPECIFICA,23.0,0,2024.0,1.0,0.0,0,3,0,0,0.0,1.0,0.0,1.0,0,1,28.0,2.8284271247461903,0,2,2,0.0,1.0,1
A-2024-01-66,2024-01-02,01:00,DESPISTE,1,5,1,ICA,ICA,SALAS,RURAL,CARRETERA,NACIONAL,PE-1S,-13.93429,-75.8748407,DESPEJADO,RURAL,TRAMO RECTO,PLANA ,ASFALTADA,,,,,IMPRUDENCIA DEL CONDUCTOR,FATIGA Y/O CANSANCIO,1.0,0,2024.0,1.0,1.0,0,0,0,0,0.0,0.0,0.0,0.0,0,0,27.666666666666668,24.295404229332483,0,0,6,0.0,0.0,1
A-2024-01-122,2024-01-02,03:20,ATROPELLO FUGA,1,0,0,LIMA,LIMA,ATE,URBANA,CARRETERA,NACIONAL,PE-22,-12.002245,-76.841545,DESPEJADO,COMERCIAL,TRAMO RECTO,PLANA ,ASFALTADA,,,,,IMPRUDENCIA DEL PEATÓN,ESTADO DE EBRIEDAD Y/O DROGADICCIÓN,3.0,0,2024.0,1.0,1.0,0,0,0,0,0.0,0.0,0.0,0.0,0,0,46.0,19.79898987322333,0,1,2,0.0,0.5,1
A-2024-01-140,2024-01-02,08:45,DESPISTE,1,0,0,LIMA,LIMA,SAN MARTIN DE PORRES,URBANA,AVENIDA,URBANO,NO CORRESPONDE,-12.013290984806098,-77.05262391547176,DESPEJADO,RESIDENCIAL,TRAMO RECTO,PLANA ,ASFALTADA,,,,,IMPRUDENCIA DEL CONDUCTOR,CONDUCIR EN ESTADO DE EBRIEDAD Y/O DROGADICCIÓN,8.0,0,2024.0,1.0,1.0,0,1,0,0,1.0,0.0,0.0,1.0,0,0,29.0,0.0,0,1,1,0.0,1.0,0
A-2024-01-3,2024-01-02,11:30,ATROPELLO,1,0,0,AREQUIPA,AREQUIPA,JACOBO HUNTER,URBANA,PASAJE,URBANO,NO CORRESPONDE,-16.448458,-71.565911,DESPEJADO,RESIDENCIAL,TRAMO RECTO,PLANA ,CONCRETO,,,,,EN PROCESO DE INVESTIGACIÓN,NO CUENTA CON CAUSA ESPECIFICA,11.0,0,2024.0,1.0,1.0,0,1,0,0,1.0,0.0,0.0,1.0,0,0,70.0,12.727922061357855,0,1,2,0.0,0.5,0
A-2024-01-4,2024-01-03,02:00,DESPISTE,1,0,1,AREQUIPA,AREQUIPA,LA JOYA,RURAL,CARRETERA,PROVINCIAL,AR-720,-16.41918,-71.82605,DESPEJADO,RURAL,TRAMO RECTO,PLANA ,ASFALTADA,NO,,,SI,EN PROCESO DE INVESTIGACIÓN,NO CUENTA CON CAUSA ESPECIFICA,2.0,0,2024.0,1.0,2.0,0,0,0,0,0.0,0.0,0.0,0.0,0,1,28.0,0.0,0,0,1,0.0,0.0,1
A-2024-01-160,2024-01-03,16:20,DESPISTE,1,1,0,MOQUEGUA,MARISCAL NIETO,CARUMAS,RURAL,CARRETERA,NACIONAL,PE-36A,-16.8732611,-70.6061388,,,,,,,,,,EN PROCESO DE INVESTIGACIÓN,NO CUENTA CON CAUSA ESPECIFICA,16.0,0,2024.0,1.0,2.0,0,2,0,0,0.0,1.0,1.0,2.0,0,0,59.5,4.949747468305833,0,0,2,0.0,0.0,0
A-2024-01-18,2024-01-03,17:00,CHOQUE FUGA,1,0,1,LA LIBERTAD,TRUJILLO,HUANCHACO,URBANA,CARRETERA,NACIONAL,PE-1N,-8.04705989803064,-79.08575599323305,DESPEJADO,INDUSTRIAL,TRAMO RECTO,PLANA ,ASFALTADA,,,,,IMPRUDENCIA DEL CONDUCTOR,CONDUCIR EN ESTADO DE EBRIEDAD Y/O DROGADICCIÓN,17.0,0,2024.0,1.0,2.0,0,2,0,0,0.0,0.0,0.0,0.0,0,0,22.0,0.0,0,1,2,0.0,0.5,0
A-2024-01-20,2024-01-03,23:00,CHOQUE CON OBJETO FIJO,1,1,1,AMAZONAS,BAGUA,BAGUA,URBANA,CARRETERA,DEPARTAMENTAL,AM-101,-5.683117,-78.483259,DESPEJADO,RURAL,INTERSECCIÓN,PLANA ,ASFALTADA,,,,,EN PROCESO DE INVESTIGACIÓN,NO CUENTA CON CAUSA ESPECIFICA,23.0,0,2024.0,1.0,2.0,0,3,0,2,0.0,0.0,0.0,0.0,0,0,42.5,23.33452377915607,0,0,2,0.0,0.0,1
A-2024-01-30,2024-01-04,11:00,CHOQUE,1,5,2,CUSCO,CANCHIS,SICUANI,RURAL,CARRETERA,NACIONAL,PE-3S,-14.293865525830997,-71.21766143678256,DESPEJADO,RURAL,TRAMO RECTO,PLANA ,ASFALTADA,SI,PREVENTIVA (P),,SI,IMPRUDENCIA DEL CONDUCTOR,INVASIÓN DE CARRIL,11.0,0,2024.0,1.0,3.0,0,1,0,1,0.0,0.0,0.0,0.0,0,0,56.25,10.436314802968846,0,2,7,0.0,0.286,0
A-2024-01-42,2024-01-04,12:00,CHOQUE,1,1,2,TUMBES,CONTRALMIRANTE VILLAR,ZORRITOS,RURAL,CARRETERA,NACIONAL,PE-1N,-3.711744570937884,-80.72526452116942,SOLEADO,RURAL,TRAMO RECTO,PLANA ,ASFALTADA,,,,,IMPRUDENCIA DEL CONDUCTOR,OTRO (IMPRUDENCIA DEL CONDUCTOR),12.0,0,2024.0,1.0,3.0,0,2,0,0,0.0,0.0,0.0,0.0,0,0,36.666666666666664,2.0816659994661326,0,1,3,0.0,0.333,0
A-2024-01-65,2024-01-04,15:45,CHOQUE,5,3,2,ICA,PISCO,INDEPENDENCIA,RURAL,CARRETERA,NACIONAL,PE-28A,-13.6928243,-76.0222522,DESPEJADO,RURAL,TRAMO RECTO,PLANA ,ASFALTADA,,,,,EN PROCESO DE INVESTIGACIÓN,NO CUENTA CON CAUSA ESPECIFICA,15.0,2,2024.0,1.0,3.0,0,2,0,0,0.0,0.0,0.0,0.0,0,0,53.125,20.904117844509553,0,2,8,0.0,0.25,0
A-2024-01-96,2024-01-04,16:50,VOLCADURA,1,0,1,AYACUCHO,HUAMANGA,QUINUA,RURAL,CARRETERA,NACIONAL,PE-28B,-13.0115568993304,-74.1223643561845,LLUVIOSO,RURAL,CURVA,INCLINADA,ASFALTADA,SI,PREVENTIVA (P),,NO,IMPRUDENCIA DEL CONDUCTOR,OTRO (IMPRUDENCIA DEL CONDUCTOR),16.0,0,2024.0,1.0,3.0,0,2,0,1,0.0,1.0,0.0,1.0,1,1,32.0,1.4142135623730951,0,1,2,0.0,0.5,0
A-2024-01-82,2024-01-04,17:00,CHOQUE,1,0,1,PUNO,SAN ROMAN,SAN MIGUEL,RURAL,CARRETERA,NACIONAL,PE-3S,-15.4239746,-70.1448474,DESPEJADO,RURAL,TRAMO RECTO,PLANA ,ASFALTADA,,,,,IMPRUDENCIA DEL CONDUCTOR,CONDUCIR EN ESTADO DE EBRIEDAD Y/O DROGADICCIÓN,17.0,0,2024.0,1.0,3.0,0,2,0,1,0.0,0.0,0.0,0.0,0,0,37.5,4.949747468305833,0,1,2,0.0,0.5,0
A-2024-01-62,2024-01-05,12:15,CHOQUE,1,8,0,JUNIN,HUANCAYO,PILCOMAYO,URBANA,CARRETERA,NACIONAL,PE-3SB,-12.035144,-75.261397,DESPEJADO,RURAL,TRAMO RECTO,PLANA ,ASFALTADA,NO,,,SI,IMPRUDENCIA DEL CONDUCTOR,INVASIÓN DE CARRIL,12.0,0,2024.0,1.0,4.0,0,2,0,1,0.0,0.0,0.0,0.0,0,1,29.555555555555557,24.36242553149784,0,1,9,0.0,0.111,0