CODIGO_SINIESTRO,FECHA_SINIESTRO,HORA_SINIESTRO,CLASE_SINIESTRO,CANTIDAD_FALLECIDOS,CANTIDAD_LESIONADOS,CANTIDAD_VEHICULOS,DEPARTAMENTO,PROVINCIA,DISTRITO,ZONA,TIPO_VIA,RED_VIAL,COD_CARRETERA,LATITUD,LONGITUD,CONDICION_CLIMATICA,ZONIFICACION,CARACTERISTICAS_VIA,PERFIL_VIA,SUPERFICIE_CALZADA,EXISTE_SENIAL_VERTICAL,CLASIFICACION_SENIAL_VERTICAL_1,CLASIFICACION_SENIAL_VERTICAL_2,EXISTE_SENIAL_HORIZONTAL,CAUSA_FACTOR_PRINCIPAL,CAUSA_ESPECIFICA,HORA,severidad,ANIO,MES,DIA_SEMANA,FIN_SEMANA,FRANJA_HORARIA,TEMPORADA,MACROREGION,TIPO_VIA_SCORE,PERFIL_VIA_SCORE,SUPERFICIE_CALZADA_SCORE,RIESGO_INFRAESTRUCTURA,RIESGO_CLIMATICO,SENIALIZACION_DEFICIENTE,EDAD_PROMEDIO,EDAD_STD,TOTAL_ALCOHOL,TOTAL_LICENCIA,TOTAL_PERSONAS,PCT_ALCOHOL,PCT_LICENCIA,ES_NOCHE
A-2024-01-5,2024-01-05,14:50,CHOQUE,1,0,2,AREQUIPA,AREQUIPA,UCHUMAYO,RURAL,CARRETERA,NACIONAL,PE-34A,-16.470623,-71.694365,DESPEJADO,RURAL,OTRO,PLANA ,ASFALTADA,NO,,,SI,EN PROCESO DE INVESTIGACIÓN,NO CUENTA CON CAUSA ESPECIFICA,14.0,0,2024.0,1.0,4.0,0,2,0,0,0.0,0.0,0.0,0.0,0,1,51.0,14.142135623730951,0,2,2,0.0,1.0,0
A-2024-01-60,2024-01-05,15:40,DESPISTE,2,3,1,TACNA,TARATA,TARATA,RURAL,CARRETERA,NACIONAL,PE-38,-17.437390990135217,-69.97383887291441,NUBLADO,RURAL,CURVA,PLANA ,ASFALTADA,,,,,IMPRUDENCIA DEL CONDUCTOR,EXCESO DE VELOCIDAD,15.0,1,2024.0,1.0,4.0,0,2,0,0,0.0,0.0,0.0,0.0,0,0,20.6,11.392980294900891,0,1,5,0.0,0.2,0
A-2024-01-27,2024-01-05,18:30,ESPECIAL,1,1,1,CUSCO,CHUMBIVILCAS,SANTO TOMAS,RURAL,CARRETERA,NACIONAL,PE-3SG,-14.515837,-72.036882,NUBLADO,RURAL,CURVA,INCLINADA,ASFALTADA,SI,PREVENTIVA (P),,NO,IMPRUDENCIA DEL CONDUCTOR,EXCESO DE VELOCIDAD,18.0,0,2024.0,1.0,4.0,0,3,0,1,0.0,1.0,0.0,1.0,0,1,19.0,1.4142135623730951,0,0,2,0.0,0.0,1
A-2024-01-37,2024-01-05,20:00,DESPISTE,1,0,1,CUSCO,ANTA,CHINCHAYPUJIO,RURAL,CARRETERA,NACIONAL,PE-3SF,-13.633740337236652,-72.23675544699353,DESPEJADO,RURAL,CURVA,INCLINADA,CONCRETO,SI,PREVENTIVA (P),,NO,IMPRUDENCIA DEL CONDUCTOR,FATIGA Y/O CANSANCIO,20.0,0,2024.0,1.0,4.0,0,3,0,1,0.0,1.0,0.0,1.0,0,1,51.5,23.33452377915607,0,1,2,0.0,0.5,1
A-2024-01-36,2024-01-06,07:52,ATROPELLO FUGA,1,0,0,CUSCO,CANCHIS,SICUANI,RURAL,CARRETERA,DEPARTAMENTAL,CU-125,-14.224506447388,-71.2596676030477,DESPEJADO,RURAL,TRAMO RECTO,PLANA ,ASFALTADA,SI,PREVENTIVA (P),,SI,EN PROCESO DE INVESTIGACIÓN,NO CUENTA CON CAUSA ESPECIFICA,7.0,0,2024.0,1.0,5.0,1,1,0,1,0.0,0.0,0.0,0.0,0,0,47.0,0.0,0,0,2,0.0,0.0,0
A-2024-01-108,2024-01-06,09:40,ATROPELLO,1,0,1,LIMA,HUARAL,HUARAL,URBANA,CALLE,URBANO,NO CORRESPONDE,-11.4888391,-77.2029653,DESPEJADO,INDUSTRIAL,OTRO,PLANA ,TROCHA,,,,,EN PROCESO DE INVESTIGACIÓN,NO CUENTA CON CAUSA ESPECIFICA,9.0,0,2024.0,1.0,5.0,1,1,0,0,2.0,0.0,2.0,4.0,0,0,24.5,33.23401871576773,1,1,2,0.5,0.5,0
A-2024-01-41,2024-01-06,10:00,CHOQUE,1,1,2,CUSCO,ESPINAR,COPORAQUE,RURAL,CARRETERA,NACIONAL,PE-3SG,-14.608693,-71.671846,DESPEJADO,RURAL,TRAMO RECTO,PLANA ,ASFALTADA,NO,,,SI,IMPRUDENCIA DEL CONDUCTOR,INVASIÓN DE CARRIL,10.0,0,2024.0,1.0,5.0,1,1,0,1,0.0,0.0,0.0,0.0,0,1,27.666666666666668,4.725815626252609,0,0,3,0.0,0.0,0
A-2024-01-113,2024-01-06,13:00,ATROPELLO,1,0,1,CAJAMARCA,CUTERVO,CUTERVO,RURAL,CARRETERA,DEPARTAMENTAL,CA-105,-6.405112,-78.7398,DESPEJADO,INDUSTRIAL,TRAMO RECTO,INCLINADA,ASFALTADA,NO,,,SI,IMPRUDENCIA DEL CONDUCTOR,EXCESO DE VELOCIDAD,13.0,0,2024.0,1.0,5.0,1,2,0,1,0.0,1.0,0.0,1.0,0,1,64.0,33.94112549695428,0,0,2,0.0,0.0,0
A-2024-01-102-B,2024-01-06,20:50,CHOQUE,1,0,0,PASCO,PASCO,YANACANCHA,RURAL,CARRETERA,NACIONAL,PE-3N,-10.56308671,-76.19286605,,,,,,,,,,EN PROCESO DE INVESTIGACIÓN,NO CUENTA CON CAUSA ESPECIFICA,20.0,0,2024.0,1.0,5.0,1,3,0,1,0.0,1.0,1.0,2.0,0,0,49.0,0.0,0,0,1,0.0,0.0,1
A-2024-01-83,2024-01-07,06:40,ATROPELLO,1,0,0,PUNO,SAN ROMAN,JULIACA,URBANA,AVENIDA,URBANO,NO CORRESPONDE,-15.492295,-70.147604,DESPEJADO,RESIDENCIAL,TRAMO RECTO,PLANA ,ASFALTADA,,,,,IMPRUDENCIA DEL CONDUCTOR,EXCESO DE VELOCIDAD,6.0,0,2024.0,1.0,6.0,1,1,0,1,1.0,0.0,0.0,1.0,0,0,38.5,16.263455967290593,0,0,2,0.0,0.0,0
A-2024-01-123,2024-01-07,12:40,ATROPELLO,1,0,0,LIMA,LIMA,LURIGANCHO,URBANA,AVENIDA,URBANO,NO CORRESPONDE,-11.932458689402498,-76.69278927045862,DESPEJADO,RESIDENCIAL,INTERSECCIÓN,PLANA ,ASFALTADA,,,,,IMPRUDENCIA DEL CONDUCTOR,ADELANTAR INDEBIDAMENTE,12.0,0,2024.0,1.0,6.0,1,2,0,0,1.0,0.0,0.0,1.0,0,0,23.0,8.48528137423857,0,0,2,0.0,0.0,0
A-2024-01-7,2024-01-07,13:50,DESPISTE,1,0,1,AREQUIPA,AREQUIPA,UCHUMAYO,URBANA,CARRETERA,NACIONAL,PE-34A,-16.425136,-71.662889,SOLEADO,RURAL,TRAMO RECTO,INCLINADA,ASFALTADA,NO,,,SI,EN PROCESO DE INVESTIGACIÓN,NO CUENTA CON CAUSA ESPECIFICA,13.0,0,2024.0,1.0,6.0,1,2,0,0,0.0,1.0,0.0,1.0,0,1,51.0,0.0,0,1,1,0.0,1.0,0
A-2024-01-93,2024-01-07,15:50,DESPISTE,1,3,2,AYACUCHO,CANGALLO,MARIA PARADO DE BELLIDO,RURAL,CARRETERA,NACIONAL,PE-30D,-13.61998,-74.261692,DESPEJADO,RURAL,CURVA,INCLINADA,ASFALTADA,SI,PREVENTIVA (P),,NO,IMPRUDENCIA DEL CONDUCTOR,EXCESO DE VELOCIDAD,15.0,0,2024.0,1.0,6.0,1,2,0,1,0.0,1.0,0.0,1.0,0,1,38.0,22.427661492005804,1,2,5,0.2,0.4,0
A-2024-01-88,2024-01-07,18:20,DESPISTE,1,0,1,PUNO,CARABAYA,MACUSANI,URBANA,AVENIDA,URBANO,NO CORRESPONDE,-14.073512948609627,-70.42898559229926,LLUVIOSO,ESCOLAR,TRAMO RECTO,PLANA ,TROCHA,,,,,IMPRUDENCIA DEL CONDUCTOR,CONDUCIR EN ESTADO DE EBRIEDAD Y/O DROGADICCIÓN,18.0,0,2024.0,1.0,6.0,1,3,0,1,1.0,0.0,2.0,3.0,1,0,37.0,0.0,1,0,1,1.0,0.0,1
A-2024-01-142,2024-01-08,04:45,CHOQUE FUGA,1,0,0,LIMA,LIMA,VILLA EL SALVADOR,URBANA,CARRETERA,NACIONAL,PE-1S,-12.232089,-76.963748,DESPEJADO,INDUSTRIAL,TRAMO RECTO,PLANA ,ASFALTADA,,,,,EN PROCESO DE INVESTIGACIÓN,NO CUENTA CON CAUSA ESPECIFICA,4.0,0,2024.0,1.0,0.0,0,0,0,0,0.0,0.0,0.0,0.0,0,0,19.0,0.0,0,0,2,0.0,0.0,1
A-2024-01-19,2024-01-08,20:20,DESPISTE,7,8,1,LA LIBERTAD,ASCOPE,CHICAMA,RURAL,CARRETERA,NACIONAL,PE-1N,-7.957124,-79.088982,DESPEJADO,RURAL,TRAMO RECTO,PLANA ,ASFALTADA,,,,,IMPRUDENCIA DEL CONDUCTOR,OTRO (IMPRUDENCIA DEL CONDUCTOR),20.0,2,2024.0,1.0,0.0,0,3,0,0,0.0,0.0,0.0,0.0,0,0,40.1875,16.046676706824165,0,1,16,0.0,0.062,1
A-2024-01-21,2024-01-09,00:55,CHOQUE,1,0,2,LA LIBERTAD,VIRU,GUADALUPITO,RURAL,CARRETERA,NACIONAL,PE-1N,-8.71681945078552,-78.63644593856343,DESPEJADO,RURAL,TRAMO RECTO,PLANA ,ASFALTADA,,,,,IMPRUDENCIA DEL CONDUCTOR,OTRO (IMPRUDENCIA DEL CONDUCTOR),0.0,0,2024.0,1.0,1.0,0,0,0,0,0.0,0.0,0.0,0.0,0,0,36.0,4.358898943540674,0,2,3,0.0,0.667,1
A-2024-01-143,2024-01-09,12:30,CHOQUE,1,0,0,LIMA,LIMA,LURIGANCHO,URBANA,AVENIDA,URBANO,NO CORRESPONDE,-11.938854521481424,-76.6929789798185,DESPEJADO,RESIDENCIAL,INTERSECCIÓN,PLANA ,ASFALTADA,,,,,IMPRUDENCIA DEL CONDUCTOR,OTRO (IMPRUDENCIA DEL CONDUCTOR),12.0,0,2024.0,1.0,1.0,0,2,0,0,1.0,0.0,0.0,1.0,0,0,43.5,7.7781745930520225,0,2,2,0.0,1.0,0
A-2024-01-144,2024-01-10,08:50,CHOQUE,1,0,0,LIMA,LIMA,SAN MIGUEL,URBANA,AVENIDA,URBANO,NO CORRESPONDE,-12.069580184148702,-77.08203696851281,DESPEJADO,COMERCIAL,TRAMO RECTO,PLANA ,ASFALTADA,,,,,IMPRUDENCIA DEL CONDUCTOR,NO ESTABLECER EL DERECHO DE PASO,8.0,0,2024.0,1.0,2.0,0,1,0,0,1.0,0.0,0.0,1.0,0,0,55.5,31.81980515339464,0,0,2,0.0,0.0,0
A-2024-01-145,2024-01-10,13:00,CHOQUE,1,0,0,LIMA,LIMA,COMAS,URBANA,AVENIDA,URBANO,NO CORRESPONDE,-11.974824,-77.058419,DESPEJADO,RESIDENCIAL,TRAMO RECTO,PLANA ,ASFALTADA,,,,,IMPRUDENCIA DEL CONDUCTOR,NO ENCENDER LAS LUCES,13.0,0,2024.0,1.0,2.0,0,2,0,0,1.0,0.0,0.0,1.0,0,0,45.0,28.284271247461902,0,0,2,0.0,0.0,0
A-2024-01-67,2024-01-10,14:30,CHOQUE,2,2,2,ICA,ICA,SANTIAGO,RURAL,CARRETERA,NACIONAL,PE-1S,-14.3350689,-75.6615314,SOLEADO,RURAL,TRAMO RECTO,PLANA ,ASFALTADA,,,,,EN PROCESO DE INVESTIGACIÓN,NO CUENTA CON CAUSA ESPECIFICA,14.0,1,2024.0,1.0,2.0,0,2,0,0,0.0,0.0,0.0,0.0,0,0,42.25,12.010412149464313,0,2,4,0.0,0.5,0
A-2024-01-103,2024-01-11,07:46,DESPISTE,1,2,1,PASCO,PASCO,YANACANCHA,RURAL,CARRETERA,PROVINCIAL,PA-559,-10.654741669026311,-76.23984076254537,DESPEJADO,RURAL,TRAMO RECTO,PLANA ,TROCHA,,,,,IMPRUDENCIA DEL CONDUCTOR,FATIGA Y/O CANSANCIO,7.0,0,2024.0,1.0,3.0,0,1,0,1,0.0,0.0,2.0,2.0,0,0,37.333333333333336,24.78574859336174,0,0,3,0.0,0.0,0
A-2024-01-59,2024-01-11,12:50,DESPISTE,1,3,1,TACNA,CANDARAVE,CAIRANI,RURAL,CARRETERA,PROVINCIAL,TA-524,-17.247328,-70.337243,DESPEJADO,RURAL,TRAMO RECTO,PLANA ,TROCHA,,,,,INFRAESTRUCTURA Y ENTORNO VIAL,FACTOR AMBIENTAL,12.0,0,2024.0,1.0,3.0,0,2,0,0,0.0,0.0,2.0,2.0,0,0,58.75,14.614490525958589,0,1,4,0.0,0.25,0
A-2024-01-29,2024-01-11,17:00,DESPISTE,1,1,1,CUSCO,ANTA,ANTA,RURAL,CARRETERA,PROVINCIAL,CU-1247,-13.555065368515,-72.1724414712503,DESPEJADO,RURAL,SINUOSA,INCLINADA,TROCHA,,,,,EN PROCESO DE INVESTIGACIÓN,NO CUENTA CON CAUSA ESPECIFICA,17.0,0,2024.0,1.0,3.0,0,2,0,1,0.0,1.0,2.0,3.0,0,0,41.5,2.1213203435596424,0,1,2,0.0,0.5,0
A-2024-01-99,2024-01-11,20:30,ATROPELLO,1,0,0,CALLAO,CALLAO,VENTANILLA,URBANA,CARRETERA,NACIONAL,PE-20,-11.8693538236127,-77.1277735826605,DESPEJADO,INDUSTRIAL,TRAMO RECTO,INCLINADA,ASFALTADA,NO,,,SI,NEGLIGENCIA DEL CONDUCTOR,OTRO (NEGLIGENCIA DEL CONDUCTOR),20.0,0,2024.0,1.0,3.0,0,3,0,0,0.0,1.0,0.0,1.0,0,1,60.0,11.313708498984761,0,1,2,0.0,0.5,1
A-2024-01-146,2024-01-11,22:30,DESPISTE,2,0,0,LIMA,LIMA,SAN JUAN DE LURIGANCHO,URBANA,JIRÓN,URBANO,NO CORRESPONDE,-11.95567088322478,-76.98983207317977,DESPEJADO,RESIDENCIAL,INTERSECCIÓN,PLANA ,ASFALTADA,,,,,IMPRUDENCIA DEL CONDUCTOR,EXCESO DE VELOCIDAD,22.0,1,2024.0,1.0,3.0,0,3,0,0,1.0,0.0,0.0,1.0,0,0,36.5,9.192388155425117,0,0,2,0.0,0.0,1
A-2024-01-74,2024-01-12,19:00,CHOQUE,2,0,0,PIURA,PIURA,LA UNION,RURAL,CARRETERA,NACIONAL,PE-1NK,-5.3674,-80.73084,DESPEJADO,RURAL,TRAMO RECTO,PLANA ,ASFALTADA,,,,,EN PROCESO DE INVESTIGACIÓN,NO CUENTA CON CAUSA ESPECIFICA,19.0,1,2024.0,1.0,4.0,0,3,0,0,0.0,0.0,0.0,0.0,0,0,22.5,2.1213203435596424,0,0,3,0.0,0.0,1
A-2024-01-124,2024-01-12,21:45,ATROPELLO,1,0,0,LIMA,LIMA,BARRANCO,URBANA,AVENIDA,URBANO,NO CORRESPONDE,-12.142745876897738,-77.02203523036745,DESPEJADO,COMERCIAL,TRAMO RECTO,PLANA ,ASFALTADA,,,,,IMPRUDENCIA DEL PEATÓN,ESTADO DE EBRIEDAD Y/O DROGADICCIÓN,21.0,0,2024.0,1.0,4.0,0,3,0,0,1.0,0.0,0.0,1.0,0,0,59.0,7.0710678118654755,0,1,2,0.0,0.5,1
A-2024-01-63,2024-01-13,07:03,DESPISTE,1,0,0,JUNIN,JAUJA,CURICACA,URBANA,CARRETERA,NACIONAL,PE-3S,-11.81468,-75.620389,DESPEJADO,RURAL,CURVA,PLANA ,ASFALTADA,NO,,,SI,IMPRUDENCIA DEL CONDUCTOR,OTRO (IMPRUDENCIA DEL CONDUCTOR),7.0,0,2024.0,1.0,5.0,1,1,0,1,0.0,0.0,0.0,0.0,0,1,37.0,0.0,0,1,1,0.0,1.0,0
A-2024-01-8,2024-01-13,07:10,VOLCADURA,1,0,1,AREQUIPA,AREQUIPA,AREQUIPA,URBANA,AVENIDA,URBANO,NO CORRESPONDE,-16.397392,-71.541465,DESPEJADO,COMERCIAL,TRAMO RECTO,PLANA ,ASFALTADA,,,,,EN PROCESO DE INVESTIGACIÓN,NO CUENTA CON CAUSA ESPECIFICA,7.0,0,2024.0,1.0,5.0,1,1,0,0,1.0,0.0,0.0,1.0,0,0,20.0,0.0,0,0,1,0.0,0.0,0
A-2024-01-109,2024-01-13,09:40,CHOQUE FUGA,1,0,1,LIMA,HUARAL,CHANCAY,RURAL,CARRETERA,NACIONAL,PE-1N,-11.573817,-77.2631322,DESPEJADO,RURAL,TRAMO RECTO,PLANA ,ASFALTADA,SI,PREVENTIVA (P),,NO,EN PROCESO DE INVESTIGACIÓN,NO CUENTA CON CAUSA ESPECIFICA,9.0,0,2024.0,1.0,5.0,1,1,0,0,0.0,0.0,0.0,0.0,0,1,27.0,0.0,0,1,2,0.0,0.5,0
A-2024-01-104,2024-01-13,15:00,CHOQUE,2,1,2,PASCO,PASCO,SIMON BOLIVAR,RURAL,CARRETERA,DEPARTAMENTAL,PA-103,-10.5907969921831,-76.33560766605758,DESPEJADO,RURAL,TRAMO RECTO,PLANA ,ASFALTADA,,,,,IMPRUDENCIA DEL CONDUCTOR,EXCESO DE VELOCIDAD,15.0,1,2024.0,1.0,5.0,1,2,0,1,0.0,0.0,0.0,0.0,0,0,43.75,11.7011395456454,0,2,4,0.0,0.5,0
A-2024-01-9,2024-01-13,15:30,DESPISTE,2,2,1,AREQUIPA,AREQUIPA,LA JOYA,RURAL,CARRETERA,DEPARTAMENTAL,AR-115,-16.542312,-71.707481,DESPEJADO,RURAL,TRAMO RECTO,INCLINADA,ASFALTADA,NO,,,SI,EN PROCESO DE INVESTIGACIÓN,NO CUENTA CON CAUSA ESPECIFICA,15.0,1,2024.0,1.0,5.0,1,2,0,0,0.0,1.0,0.0,1.0,0,1,33.25,11.324751652906125,0,0,4,0.0,0.0,0
A-2024-01-10,2024-01-13,19:30,ATROPELLO,1,0,1,AREQUIPA,AREQUIPA,CERRO COLORADO,URBANA,CARRETERA,NACIONAL,PE-34A,-16.407098,-71.603607,DESPEJADO,COMERCIAL,TRAMO RECTO,INCLINADA,ASFALTADA,NO,,,SI,EN PROCESO DE INVESTIGACIÓN,NO CUENTA CON CAUSA ESPECIFICA,19.0,0,2024.0,1.0,5.0,1,3,0,0,0.0,1.0,0.0,1.0,0,1,60.5,0.7071067811865476,0,1,2,0.0,0.5,1
A-2024-01-125,2024-01-14,02:00,ATROPELLO,1,0,0,LIMA,LIMA,SAN MARTIN DE PORRES,URBANA,AVENIDA,URBANO,NO CORRESPONDE,-11.987163877543772,-77.10339021699738,DESPEJADO,COMERCIAL,TRAMO RECTO,PLANA ,ASFALTADA,,,,,EN PROCESO DE INVESTIGACIÓN,NO CUENTA CON CAUSA ESPECIFICA,2.0,0,2024.0,1.0,6.0,1,0,0,0,1.0,0.0,0.0,1.0,0,0,56.0,5.656854249492381,0,1,2,0.0,0.5,1
A-2024-01-112,2024-01-14,02:10,CHOQUE,1,3,3,CAJAMARCA,JAEN,JAEN,RURAL,CARRETERA,NACIONAL,PE-5N,-5.655685,-78.754393,DESPEJADO,RURAL,TRAMO RECTO,PLANA ,ASFALTADA,NO,,,SI,IMPRUDENCIA DEL CONDUCTOR,CONDUCIR EN ESTADO DE EBRIEDAD Y/O DROGADICCIÓN,2.0,0,2024.0,1.0,6.0,1,0,0,1,0.0,0.0,0.0,0.0,0,1,47.0,14.583095236151571,1,1,5,0.2,0.2,1
A-2024-01-22,2024-01-14,05:20,CHOQUE,4,0,2,LA LIBERTAD,TRUJILLO,VICTOR LARCO HERRERA,URBANA,CARRETERA,NACIONAL,PE-1N,-8.142941,-79.027475,DESPEJADO,RESIDENCIAL,TRAMO RECTO,PLANA ,ASFALTADA,,,,,IMPRUDENCIA DEL CONDUCTOR,CONDUCIR EN ESTADO DE EBRIEDAD Y/O DROGADICCIÓN,5.0,2,2024.0,1.0,6.0,1,0,0,0,0.0,0.0,0.0,0.0,0,0,24.8,10.497618777608569,0,1,5,0.0,0.2,1
A-2024-01-126,2024-01-14,05:30,CHOQUE,1,0,0,LIMA,LIMA,PUENTE PIEDRA,URBANA,CARRETERA,NACIONAL,PE-1N,-11.841075,-77.104197,DESPEJADO,COMERCIAL,TRAMO RECTO,PLANA ,ASFALTADA,,,,,IMPRUDENCIA DEL CONDUCTOR,INVASIÓN DE CARRIL,5.0,0,2024.0,1.0,6.0,1,0,0,0,0.0,0.0,0.0,0.0,0,0,25.5,2.1213203435596424,0,0,3,0.0,0.0,1
A-2024-01-119,2024-01-14,08:00,ATROPELLO FUGA,1,0,0,PIURA,SECHURA,VICE,RURAL,CARRETERA,PROVINCIAL,PI-1061,-5.45133,-80.815121,DESPEJADO,RURAL,TRAMO RECTO,PLANA ,TROCHA,,,,,EN PROCESO DE INVESTIGACIÓN,NO CUENTA CON CAUSA ESPECIFICA,8.0,0,2024.0,1.0,6.0,1,1,0,0,0.0,0.0,2.0,2.0,0,0,23.0,0.0,0,0,2,0.0,0.0,0
A-2024-01-127,2024-01-14,11:40,ATROPELLO FUGA,1,0,0,LIMA,LIMA,VILLA EL SALVADOR,URBANA,AVENIDA,URBANO,NO CORRESPONDE,-12.220862595284473,-76.94377197644376,DESPEJADO,COMERCIAL,INTERSECCIÓN,PLANA ,ASFALTADA,,,,,EN PROCESO DE INVESTIGACIÓN,NO CUENTA CON CAUSA ESPECIFICA,11.0,0,2024.0,1.0,6.0,1,1,0,0,1.0,0.0,0.0,1.0,0,0,77.0,0.0,0,0,2,0.0,0.0,0
A-2024-01-92,2024-01-14,16:00,CHOQUE,1,0,2,AYACUCHO,LUCANAS,PUQUIO,URBANA,CARRETERA,NACIONAL,PE-30A,-14.69072,-74.121177,NUBLADO,RESIDENCIAL,TRAMO RECTO,INCLINADA,ASFALTADA,,,,,IMPRUDENCIA DEL CONDUCTOR,ADELANTAR INDEBIDAMENTE,16.0,0,2024.0,1.0,6.0,1,2,0,1,0.0,1.0,0.0,1.0,0,0,38.333333333333336,29.501412395567325,0,1,3,0.0,0.333,0
A-2024-01-68,2024-01-14,16:15,ATROPELLO,1,0,1,ICA,PISCO,SAN ANDRES,URBANA,AVENIDA,URBANO,NO CORRESPONDE,-13.7122905689337,-76.16830907213804,DESPEJADO,INDUSTRIAL,TRAMO RECTO,PLANA ,ASFALTADA,,,,,EN PROCESO DE INVESTIGACIÓN,NO CUENTA CON CAUSA ESPECIFICA,16.0,0,2024.0,1.0,6.0,1,2,0,0,1.0,0.0,0.0,1.0,0,0,52.0,29.698484809834994,0,1,2,0.0,0.5,0
A-2024-01-95,2024-01-14,17:00,DESPISTE,3,17,1,AYACUCHO,VILCAS HUAMAN,VISCHONGO,RURAL,CARRETERA,PROVINCIAL,AY-995,-13.645463,-73.980771,DESPEJADO,RURAL,SINUOSA,INCLINADA,AFIRMADO,,,,,NEGLIGENCIA DEL CONDUCTOR,CONDUCIR CON FALLAS DE DIRECCIÓN,17.0,2,2024.0,1.0,6.0,1,2,0,1,0.0,1.0,1.0,2.0,0,0,31.55,21.66606611853272,0,0,20,0.0,0.0,0
A-2024-01-13,2024-01-14,23:40,DESPISTE,1,1,1,APURIMAC,ANDAHUAYLAS,ANDAHUAYLAS,URBANA,CARRETERA,PROVINCIAL,AP-560,-13.657647,-73.390972,LLUVIOSO,COMERCIAL,CURVA,INCLINADA,ASFALTADA,,,,,IMPRUDENCIA DEL CONDUCTOR,CONDUCIR EN ESTADO DE EBRIEDAD Y/O DROGADICCIÓN,23.0,0,2024.0,1.0,6.0,1,3,0,1,0.0,1.0,0.0,1.0,1,0,18.5,0.7071067811865476,0,0,2,0.0,0.0,1
A-2024-01-89,2024-01-15,06:00,DESPISTE,1,0,1,PUNO,SANDIA,QUIACA,RURAL,CARRETERA,PROVINCIAL,PU-593,-14.546854158236757,-69.41843646651559,NUBLADO,RURAL,CURVA,PLANA ,TROCHA,,,,,IMPRUDENCIA DEL CONDUCTOR,FATIGA Y/O CANSANCIO,6.0,0,2024.0,1.0,0.0,0,1,0,1,0.0,0.0,2.0,2.0,0,0,52.0,21.213203435596427,0,1,2,0.0,0.5,0
A-2024-01-129,2024-01-15,09:30,ATROPELLO,1,0,0,LIMA,LIMA,SAN MIGUEL,URBANA,AVENIDA,URBANO,NO CORRESPONDE,-12.08688556219166,-77.08382684494106,DESPEJADO,RESIDENCIAL,INTERSECCIÓN,PLANA ,ASFALTADA,,,,,IMPRUDENCIA DEL CONDUCTOR,GIRAR IMPRUDENTEMENTE,9.0,0,2024.0,1.0,0.0,0,1,0,0,1.0,0.0,0.0,1.0,0,0,30.5,13.435028842544403,0,1,2,0.0,0.5,0
A-2024-01-128,2024-01-15,11:30,DESPISTE,1,2,0,LIMA,LIMA,SAN JUAN DE LURIGANCHO,URBANA,AVENIDA,URBANO,NO CORRESPONDE,-11.9358891128,-76.9593308809,DESPEJADO,RESIDENCIAL,TRAMO RECTO,PLANA ,ASFALTADA,,,,,IMPRUDENCIA DEL CONDUCTOR,OTRO (IMPRUDENCIA DEL CONDUCTOR),11.0,0,2024.0,1.0,0.0,0,1,0,0,1.0,0.0,0.0,1.0,0,0,26.0,15.556349186104045,0,1,4,0.0,0.25,0
A-2024-01-43,2024-01-15,14:05,CHOQUE,1,0,2,TUMBES,TUMBES,TUMBES,URBANA,CARRETERA,DEPARTAMENTAL,TU-104,-3.579795362841696,-80.44893260337105,SOLEADO,COMERCIAL,TRAMO RECTO,PLANA ,ASFALTADA,,,,,IMPRUDENCIA DEL CONDUCTOR,OTRO (IMPRUDENCIA DEL CONDUCTOR),14.0,0,2024.0,1.0,0.0,0,2,0,0,0.0,0.0,0.0,0.0,0,0,52.0,14.142135623730951,0,0,2,0.0,0.0,0
A-2024-01-58,2024-01-15,14:30,CHOQUE,1,0,2,AMAZONAS,UTCUBAMBA,EL MILAGRO,RURAL,CARRETERA,NACIONAL,PE-5NC,-5.711679,-78.614155,SOLEADO,RURAL,TRAMO RECTO,PLANA ,ASFALTADA,SI,REGULADORA (R),,SI,EN PROCESO DE INVESTIGACIÓN,NO CUENTA CON CAUSA ESPECIFICA,14.0,0,2024.0,1.0,0.0,0,2,0,2,0.0,0.0,0.0,0.0,0,0,58.5,3.5355339059327378,0,1,2,0.0,0.5,0
A-2024-01-50,2024-01-15,17:30,DESPISTE,4,0,1,HUANCAVELICA,HUANCAVELICA,HUANCAVELICA,RURAL,CARRETERA,NACIONAL,PE-26,-12.779638933721444,-75.02764086671536,DESPEJADO,RURAL,CURVA,PLANA ,ASFALTADA,,,,,EN PROCESO DE INVESTIGACIÓN,NO CUENTA CON CAUSA ESPECIFICA,17.0,2,2024.0,1.0,0.0,0,2,0,1,0.0,0.0,0.0,0.0,0,0,45.25,5.852349955359813,0,0,4,0.0,0.0,0
A-2024-01-23,2024-01-15,20:15,CHOQUE,1,0,2,LA LIBERTAD,TRUJILLO,TRUJILLO,URBANA,CARRETERA,NACIONAL,PE-10A,-8.108898137812147,-78.9962266928641,DESPEJADO,INDUSTRIAL,INTERSECCIÓN,PLANA ,ASFALTADA,,,,,EN PROCESO DE INVESTIGACIÓN,NO CUENTA CON CAUSA ESPECIFICA,20.0,0,2024.0,1.0,0.0,0,3,0,0,0.0,0.0,0.0,0.0,0,0,46.0,11.313708498984761,0,1,2,0.0,0.5,1
A-2024-01-69,2024-01-16,19:15,ATROPELLO,1,0,1,ICA,PISCO,SAN CLEMENTE,RURAL,CARRETERA,NACIONAL,PE-1S,-13.6702363,-76.1543612,DESPEJADO,RURAL,TRAMO RECTO,PLANA ,ASFALTADA,,,,,EN PROCESO DE INVESTIGACIÓN,NO CUENTA CON CAUSA ESPECIFICA,19.0,0,2024.0,1.0,1.0,0,3,0,0,0.0,0.0,0.0,0.0,0,0,42.5,14.849242404917497,0,1,2,0.0,0.5,1