CODIGO_SINIESTRO,FECHA_SINIESTRO,HORA_SINIESTRO,CLASE_SINIESTRO,CANTIDAD_FALLECIDOS,CANTIDAD_LESIONADOS,CANTIDAD_VEHICULOS,DEPARTAMENTO,PROVINCIA,DISTRITO,ZONA,TIPO_VIA,RED_VIAL,COD_CARRETERA,LATITUD,LONGITUD,CONDICION_CLIMATICA,ZONIFICACION,CARACTERISTICAS_VIA,PERFIL_VIA,SUPERFICIE_CALZADA,EXISTE_SENIAL_VERTICAL,CLASIFICACION_SENIAL_VERTICAL_1,CLASIFICACION_SENIAL_VERTICAL_2,EXISTE_SENIAL_HORIZONTAL,CAUSA_FACTOR_PRINCIPAL,CAUSA_ESPECIFICA,HORA,severidad,ANIO,MES,DIA_SEMANA,FIN_SEMANA,FRANJA_HORARIA,TEMPORADA,MACROREGION,TIPO_VIA_SCORE,PERFIL_VIA_SCORE,SUPERFICIE_CALZADA_SCORE,RIESGO_INFRAESTRUCTURA,RIESGO_CLIMATICO,SENIALIZACION_DEFICIENTE,EDAD_PROMEDIO,EDAD_STD,TOTAL_ALCOHOL,TOTAL_LICENCIA,TOTAL_PERSONAS,PCT_ALCOHOL,PCT_LICENCIA,ES_NOCHE
A-2024-01-76,2024-01-17,02:00,DESPISTE,1,0,0,JUNIN,HUANCAYO,SICAYA,RURAL,CARRETERA,PROVINCIAL,JU-877,-12.046583,-75.305283,DESPEJADO,RURAL,TRAMO RECTO,INCLINADA,ASFALTADA,NO,,,SI,IMPRUDENCIA DEL CONDUCTOR,CONDUCIR EN ESTADO DE EBRIEDAD Y/O DROGADICCIÓN,2.0,0,2024.0,1.0,2.0,0,0,0,1,0.0,1.0,0.0,1.0,0,1,44.0,0.0,0,1,1,0.0,1.0,1
A-2024-01-130,2024-01-17,07:20,ATROPELLO,1,0,0,LIMA,LIMA,VILLA EL SALVADOR,URBANA,AVENIDA,URBANO,NO CORRESPONDE,-12.23626556918445,-76.91630281426208,DESPEJADO,COMERCIAL,INTERSECCIÓN,PLANA ,ASFALTADA,,,,,EN PROCESO DE INVESTIGACIÓN,NO CUENTA CON CAUSA ESPECIFICA,7.0,0,2024.0,1.0,2.0,0,1,0,0,1.0,0.0,0.0,1.0,0,0,48.0,2.8284271247461903,0,1,2,0.0,0.5,0
A-2024-01-12,2024-01-17,14:30,DESPISTE,1,0,1,PUNO,CHUCUITO,POMATA,RURAL,CARRETERA,NACIONAL,PE-3S,-16.275652406868424,-69.28982171871066,DESPEJADO,RURAL,TRAMO RECTO,PLANA ,ASFALTADA,SI,REGULADORA (R),,NO,IMPRUDENCIA DEL CONDUCTOR,EXCESO DE VELOCIDAD,14.0,0,2024.0,1.0,2.0,0,2,0,1,0.0,0.0,0.0,0.0,0,1,46.0,0.0,0,0,1,0.0,0.0,0
A-2024-01-26,2024-01-17,17:10,ATROPELLO,1,2,1,CUSCO,CUSCO,SAN SEBASTIAN,URBANA,AVENIDA,URBANO,NO CORRESPONDE,-13.530218,-71.938333,DESPEJADO,ESCOLAR,CURVA,PLANA ,CONCRETO,SI,PREVENTIVA (P),,NO,IMPRUDENCIA DEL CONDUCTOR,EXCESO DE VELOCIDAD,17.0,0,2024.0,1.0,2.0,0,2,0,1,1.0,0.0,0.0,1.0,0,1,21.0,3.605551275463989,0,1,3,0.0,0.333,0
A-2024-01-44,2024-01-17,21:00,CHOQUE FUGA,1,0,2,TUMBES,TUMBES,SAN JACINTO,RURAL,CARRETERA,DEPARTAMENTAL,TU-105,-3.715058174141169,-80.45305257065677,DESPEJADO,RURAL,CURVA,INCLINADA,ASFALTADA,,,,,IMPRUDENCIA DEL CONDUCTOR,INVASIÓN DE CARRIL,21.0,0,2024.0,1.0,2.0,0,3,0,0,0.0,1.0,0.0,1.0,0,0,15.0,0.0,0,0,2,0.0,0.0,1
A-2024-01-114,2024-01-18,06:00,DESPISTE,1,1,1,CAJAMARCA,CUTERVO,LA RAMADA,RURAL,CARRETERA,SIN CLASIFICAR,SIN CLASIFICAR,-6.243248754,-78.5524646,DESPEJADO,RURAL,CURVA,PLANA ,AFIRMADO,,,,,IMPRUDENCIA DEL CONDUCTOR,OTRO (IMPRUDENCIA DEL CONDUCTOR),6.0,0,2024.0,1.0,3.0,0,1,0,1,0.0,0.0,1.0,1.0,0,0,43.5,12.020815280171307,0,1,2,0.0,0.5,0
A-2024-01-51,2024-01-18,06:00,DESPISTE,6,0,6,HUANCAVELICA,TAYACAJA,ACOSTAMBO,RURAL,CARRETERA,NACIONAL,PE-3S,-12.510753175346013,-74.96593179652756,DESPEJADO,RURAL,TRAMO RECTO,PLANA ,ASFALTADA,,,,,EN PROCESO DE INVESTIGACIÓN,NO CUENTA CON CAUSA ESPECIFICA,6.0,2,2024.0,1.0,3.0,0,1,0,1,0.0,0.0,0.0,0.0,0,0,26.0,14.170391667134682,0,1,6,0.0,0.167,0
A-2024-01-79,2024-01-18,17:31,CHOQUE,1,3,0,PIURA,PIURA,LA UNION,RURAL,CARRETERA,NACIONAL,PE-1NK,-5.37521,-80.73528,DESPEJADO,RURAL,TRAMO RECTO,PLANA ,ASFALTADA,,,,,EN PROCESO DE INVESTIGACIÓN,NO CUENTA CON CAUSA ESPECIFICA,17.0,0,2024.0,1.0,3.0,0,2,0,0,0.0,0.0,0.0,0.0,0,0,22.0,18.439088914585774,0,0,5,0.0,0.0,0
A-2024-01-131,2024-01-18,17:40,ATROPELLO,1,0,0,LIMA,LIMA,LURIGANCHO,URBANA,CARRETERA,NACIONAL,PE-22,-11.965511815118944,-76.74331488726784,DESPEJADO,COMERCIAL,TRAMO RECTO,PLANA ,ASFALTADA,,,,,IMPRUDENCIA DEL PEATÓN,CRUCE INDEBIDO POR LA CALZADA,17.0,0,2024.0,1.0,3.0,0,2,0,0,0.0,0.0,0.0,0.0,0,0,49.5,27.577164466275352,0,1,2,0.0,0.5,0
A-2024-01-132,2024-01-18,20:20,ATROPELLO,1,0,0,LIMA,LIMA,CIENEGUILLA,URBANA,AVENIDA,URBANO,NO CORRESPONDE,-12.1316414773373,-76.81870127468785,DESPEJADO,INDUSTRIAL,TRAMO RECTO,PLANA ,ASFALTADA,,,,,IMPRUDENCIA DEL PEATÓN,ESTADO DE EBRIEDAD Y/O DROGADICCIÓN,20.0,0,2024.0,1.0,3.0,0,3,0,0,1.0,0.0,0.0,1.0,0,0,43.0,9.899494936611665,0,0,2,0.0,0.0,1
A-2024-01-98,2024-01-19,16:00,CHOQUE,3,3,0,JUNIN,YAULI,LA OROYA,RURAL,CARRETERA,NACIONAL,PE-3S,-11.678067474093126,-75.77899216746763,DESPEJADO,RURAL,OTRO,PLANA ,ASFALTADA,SI,PREVENTIVA (P),PREVENTIVA (P),SI,IMPRUDENCIA DEL CONDUCTOR,INVASIÓN DE CARRIL,16.0,2,2024.0,1.0,4.0,0,2,0,1,0.0,0.0,0.0,0.0,0,0,44.166666666666664,21.72019029996438,0,1,6,0.0,0.167,0
A-2024-01-90,2024-01-19,19:30,DESPISTE,1,1,1,PUNO,CARABAYA,AYAPATA,RURAL,CARRETERA,NACIONAL,PE-34B,-13.2086247,-70.3664761,DESPEJADO,RURAL,TRAMO RECTO,PLANA ,ASFALTADA,,,,,IMPRUDENCIA DEL CONDUCTOR,EXCESO DE VELOCIDAD,19.0,0,2024.0,1.0,4.0,0,3,0,1,0.0,0.0,0.0,0.0,0,0,24.5,0.7071067811865476,0,0,2,0.0,0.0,1
A-2024-01-147,2024-01-20,20:30,CHOQUE,1,0,0,LIMA,LIMA,SAN BORJA,URBANA,AVENIDA,URBANO,NO CORRESPONDE,-12.0838647309721,-76.98433887076354,DESPEJADO,COMERCIAL,TRAMO RECTO,PLANA ,ASFALTADA,,,,,IMPRUDENCIA DEL CONDUCTOR,CONDUCIR EN ESTADO DE EBRIEDAD Y/O DROGADICCIÓN,20.0,0,2024.0,1.0,5.0,1,3,0,0,1.0,0.0,0.0,1.0,0,0,41.0,2.8284271247461903,0,1,2,0.0,0.5,1
A-2024-01-84,2024-01-20,20:40,VOLCADURA,1,0,1,PUNO,LAMPA,CALAPUJA,RURAL,CARRETERA,NACIONAL,PE-3S,-15.314595,-70.205073,DESPEJADO,RURAL,INTERSECCIÓN,PLANA ,ASFALTADA,,,,,IMPRUDENCIA DEL CONDUCTOR,CONDUCIR EN ESTADO DE EBRIEDAD Y/O DROGADICCIÓN,20.0,0,2024.0,1.0,5.0,1,3,0,1,0.0,0.0,0.0,0.0,0,0,54.0,0.0,1,0,1,1.0,0.0,1
A-2024-01-24,2024-01-21,01:00,ATROPELLO FUGA,1,1,0,LA LIBERTAD,TRUJILLO,LA ESPERANZA,URBANA,AVENIDA,URBANO,NO CORRESPONDE,-8.062266762020558,-79.05231172886009,DESPEJADO,COMERCIAL,INTERSECCIÓN,PLANA ,ASFALTADA,,,,,IMPRUDENCIA DEL PEATÓN,OTRO (IMPRUDENCIA DEL PEATÓN),1.0,0,2024.0,1.0,6.0,1,0,0,0,1.0,0.0,0.0,1.0,0,0,53.5,6.363961030678928,0,0,3,0.0,0.0,1
A-2024-01-105,2024-01-21,03:00,DESPISTE,1,0,1,PASCO,DANIEL ALCIDES CARRION,SAN PEDRO DE PILLAO,RURAL,CARRETERA,PROVINCIAL,PA-504,-10.4385373311166,-76.5229298237029,NUBLADO,RURAL,TRAMO RECTO,PLANA ,TROCHA,,,,,IMPRUDENCIA DEL CONDUCTOR,FATIGA Y/O CANSANCIO,3.0,0,2024.0,1.0,6.0,1,0,0,1,0.0,0.0,2.0,2.0,0,0,23.0,0.0,0,1,1,0.0,1.0,1
A-2024-01-115,2024-01-21,06:30,DESPISTE,1,5,1,CAJAMARCA,CUTERVO,CUTERVO,URBANA,CARRETERA,SIN CLASIFICAR,SIN CLASIFICAR,-6.476581,-78.769667,DESPEJADO,RESIDENCIAL,TRAMO RECTO,PLANA ,AFIRMADO,,,,,IMPRUDENCIA DEL CONDUCTOR,EXCESO DE VELOCIDAD,6.0,0,2024.0,1.0,6.0,1,1,0,1,0.0,0.0,1.0,1.0,0,0,43.5,19.336493994517205,0,0,6,0.0,0.0,0
A-2024-01-80,2024-01-21,17:40,DESPISTE,1,0,0,PIURA,PIURA,PIURA,URBANA,CARRETERA,NACIONAL,PE-1N,-5.10959,-80.70302,DESPEJADO,RURAL,TRAMO RECTO,PLANA ,ASFALTADA,,,,,EN PROCESO DE INVESTIGACIÓN,NO CUENTA CON CAUSA ESPECIFICA,17.0,0,2024.0,1.0,6.0,1,2,0,0,0.0,0.0,0.0,0.0,0,0,39.0,0.0,0,1,1,0.0,1.0,0
A-2024-01-14-B,2024-01-21,18:20,DESPISTE,1,0,1,AREQUIPA,AREQUIPA,QUEQUEÑA,URBANA,CARRETERA,DEPARTAMENTAL,AR-117,-16.527119,-71.483392,DESPEJADO,RESIDENCIAL,TRAMO RECTO,INCLINADA,ASFALTADA,NO,,,SI,EN PROCESO DE INVESTIGACIÓN,NO CUENTA CON CAUSA ESPECIFICA,18.0,0,2024.0,1.0,6.0,1,3,0,0,0.0,1.0,0.0,1.0,0,1,29.0,0.0,0,1,1,0.0,1.0,1
A-2024-01-28,2024-01-21,19:00,CHOQUE,1,0,2,LA LIBERTAD,TRUJILLO,LAREDO,RURAL,CARRETERA,PROVINCIAL,LI-1078,-8.068459803953903,-78.82128769711494,DESPEJADO,RURAL,TRAMO RECTO,PLANA ,CONCRETO,,,,,IMPRUDENCIA DEL CONDUCTOR,CONDUCIR EN ESTADO DE EBRIEDAD Y/O DROGADICCIÓN,19.0,0,2024.0,1.0,6.0,1,3,0,0,0.0,0.0,0.0,0.0,0,0,26.5,12.020815280171307,0,0,2,0.0,0.0,1
A-2024-01-134,2024-01-22,08:00,ATROPELLO FUGA,1,0,0,LIMA,LIMA,LA VICTORIA,URBANA,AVENIDA,URBANO,NO CORRESPONDE,-12.059578248293343,-77.03489691480442,DESPEJADO,COMERCIAL,TRAMO RECTO,PLANA ,ASFALTADA,,,,,EN PROCESO DE INVESTIGACIÓN,NO CUENTA CON CAUSA ESPECIFICA,8.0,0,2024.0,1.0,0.0,0,1,0,0,1.0,0.0,0.0,1.0,0,0,0.0,0.0,0,0,2,0.0,0.0,0
A-2024-01-133,2024-01-22,12:20,ATROPELLO,1,0,0,LIMA,LIMA,SAN JUAN DE MIRAFLORES,URBANA,AVENIDA,URBANO,NO CORRESPONDE,-12.158505450698426,-76.9583225023919,DESPEJADO,RESIDENCIAL,TRAMO RECTO,PLANA ,ASFALTADA,,,,,EN PROCESO DE INVESTIGACIÓN,NO CUENTA CON CAUSA ESPECIFICA,12.0,0,2024.0,1.0,0.0,0,2,0,0,1.0,0.0,0.0,1.0,0,0,73.0,25.45584412271571,0,1,2,0.0,0.5,0
A-2024-01-31,2024-01-22,18:25,ESPECIAL,1,0,0,LA LIBERTAD,CHEPEN,PACANGA,RURAL,CARRETERA,SIN CLASIFICAR,SIN CLASIFICAR,-7.147052772545051,-79.41986076164667,DESPEJADO,RURAL,TRAMO RECTO,PLANA ,AFIRMADO,,,,,EN PROCESO DE INVESTIGACIÓN,NO CUENTA CON CAUSA ESPECIFICA,18.0,0,2024.0,1.0,0.0,0,3,0,0,0.0,0.0,1.0,1.0,0,0,51.0,0.0,0,0,2,0.0,0.0,1
A-2024-01-116,2024-01-22,22:00,CAÍDA DE PASAJERO,1,0,1,CAJAMARCA,SAN MIGUEL,CALQUIS,RURAL,CARRETERA,PROVINCIAL,CA-1217,-6.936034002,-78.98634244,DESPEJADO,RURAL,CURVA,INCLINADA,AFIRMADO,,,,,NEGLIGENCIA DEL CONDUCTOR,OTRO (NEGLIGENCIA DEL CONDUCTOR),22.0,0,2024.0,1.0,0.0,0,3,0,1,0.0,1.0,1.0,2.0,0,0,47.5,9.192388155425117,0,1,2,0.0,0.5,1
A-2024-01-77,2024-01-23,00:10,DESPISTE,1,2,0,JUNIN,JUNIN,CARHUAMAYO,RURAL,CARRETERA,NACIONAL,PE-3N,-10.9724482455096,-76.03874266751114,DESPEJADO,RURAL,TRAMO RECTO,PLANA ,ASFALTADA,NO,,,SI,IMPRUDENCIA DEL CONDUCTOR,OTRO (IMPRUDENCIA DEL CONDUCTOR),0.0,0,2024.0,1.0,1.0,0,0,0,1,0.0,0.0,0.0,0.0,0,1,52.25,23.44319375284292,0,1,4,0.0,0.25,1
A-2024-01-45,2024-01-23,05:10,DESPISTE,1,0,1,TUMBES,ZARUMILLA,PAPAYAL,RURAL,CARRETERA,DEPARTAMENTAL,TU-101,-3.5353029536023084,-80.23492817048577,DESPEJADO,RURAL,TRAMO RECTO,PLANA ,ASFALTADA,,,,,IMPRUDENCIA DEL CONDUCTOR,OTRO (IMPRUDENCIA DEL CONDUCTOR),5.0,0,2024.0,1.0,1.0,0,0,0,0,0.0,0.0,0.0,0.0,0,0,64.0,0.0,0,0,1,0.0,0.0,1
A-2024-01-100,2024-01-23,18:20,DESPISTE,3,3,1,AYACUCHO,PAUCAR DEL SARA SARA,COLTA,RURAL,CARRETERA,SIN CLASIFICAR,SIN CLASIFICAR,-15.206664,-73.286689,LLUVIOSO,RURAL,CURVA,INCLINADA,AFIRMADO,,,,,IMPRUDENCIA DEL CONDUCTOR,OTRO (IMPRUDENCIA DEL CONDUCTOR),18.0,2,2024.0,1.0,1.0,0,3,0,1,0.0,1.0,1.0,2.0,1,0,57.142857142857146,8.89622712968015,0,1,7,0.0,0.143,1
A-2024-01-32,2024-01-23,19:40,DESPISTE,1,3,1,LA LIBERTAD,CHEPEN,PACANGA,RURAL,CARRETERA,NACIONAL,PE-1N,-7.155462619631218,-79.44490654375898,DESPEJADO,RURAL,TRAMO RECTO,PLANA ,ASFALTADA,,,,,EN PROCESO DE INVESTIGACIÓN,NO CUENTA CON CAUSA ESPECIFICA,19.0,0,2024.0,1.0,1.0,0,3,0,0,0.0,0.0,0.0,0.0,0,0,16.6,13.903237033151669,0,0,5,0.0,0.0,1
A-2024-01-81,2024-01-24,02:10,DESPISTE,1,0,0,PIURA,PIURA,CASTILLA,URBANA,AVENIDA,URBANO,NO CORRESPONDE,-5.18044,-80.598875,DESPEJADO,ESCOLAR,TRAMO RECTO,PLANA ,ASFALTADA,,,,,EN PROCESO DE INVESTIGACIÓN,NO CUENTA CON CAUSA ESPECIFICA,2.0,0,2024.0,1.0,2.0,0,0,0,0,1.0,0.0,0.0,1.0,0,0,20.0,0.0,1,0,1,1.0,0.0,1
A-2024-01-85,2024-01-24,14:30,DESPISTE,2,3,1,PUNO,CARABAYA,USICAYOS,RURAL,CARRETERA,PROVINCIAL,PU-552,-14.116957225811891,-69.88846676825034,NUBLADO,RURAL,CURVA,INCLINADA,TROCHA,,,,,IMPRUDENCIA DEL CONDUCTOR,CONDUCIR EN ESTADO DE EBRIEDAD Y/O DROGADICCIÓN,14.0,1,2024.0,1.0,2.0,0,2,0,1,0.0,1.0,2.0,3.0,0,0,31.8,12.94990347454374,1,1,5,0.2,0.2,0
A-2024-01-94,2024-01-24,14:40,DESPISTE,1,2,1,AYACUCHO,HUAMANGA,SAN JUAN BAUTISTA,URBANA,AVENIDA,URBANO,NO CORRESPONDE,-13.1682625313772,-74.2217132817071,DESPEJADO,RESIDENCIAL,TRAMO RECTO,INCLINADA,ASFALTADA,,,,,IMPRUDENCIA DEL CONDUCTOR,CONDUCIR EN ESTADO DE EBRIEDAD Y/O DROGADICCIÓN,14.0,0,2024.0,1.0,2.0,0,2,0,1,1.0,1.0,0.0,2.0,0,0,20.333333333333332,0.5773502691896255,1,0,3,0.333,0.0,0
A-2024-01-33,2024-01-24,17:00,DESPISTE,1,1,1,LA LIBERTAD,PATAZ,PIAS,RURAL,CARRETERA,NACIONAL,PE-10C,-7.8781268327924305,-77.62553922514466,DESPEJADO,RURAL,TRAMO RECTO,PLANA ,AFIRMADO,,,,,EN PROCESO DE INVESTIGACIÓN,NO CUENTA CON CAUSA ESPECIFICA,17.0,0,2024.0,1.0,2.0,0,2,0,0,0.0,0.0,1.0,1.0,0,0,46.5,2.1213203435596424,0,1,2,0.0,0.5,0
A-2024-01-118,2024-01-24,20:00,ATROPELLO,1,0,0,CAJAMARCA,CHOTA,CHALAMARCA,URBANA,OTRO,URBANO,NO CORRESPONDE,-6.504739,-78.48141,DESPEJADO,COMERCIAL,OTRO,PLANA ,CASCAJO/RIPIO,,,,,NEGLIGENCIA DEL CONDUCTOR,OTRO (NEGLIGENCIA DEL CONDUCTOR),20.0,0,2024.0,1.0,2.0,0,3,0,1,2.0,0.0,1.0,3.0,0,0,40.5,33.23401871576773,0,1,2,0.0,0.5,1
A-2024-01-15,2024-01-24,21:10,CHOQUE,1,1,2,AREQUIPA,AREQUIPA,CERRO COLORADO,URBANA,AVENIDA,URBANO,NO CORRESPONDE,-16.323002,-71.591658,DESPEJADO,RESIDENCIAL,TRAMO RECTO,PLANA ,ASFALTADA,NO,,,SI,EN PROCESO DE INVESTIGACIÓN,NO CUENTA CON CAUSA ESPECIFICA,21.0,0,2024.0,1.0,2.0,0,3,0,0,1.0,0.0,0.0,1.0,0,1,25.333333333333332,4.041451884327381,0,1,3,0.0,0.333,1
A-2024-01-55,2024-01-24,21:10,CHOQUE,1,0,2,SAN MARTIN,RIOJA,RIOJA,RURAL,CARRETERA,NACIONAL,PE-5N,-6.032884,-77.203903,DESPEJADO,RURAL,TRAMO RECTO,PLANA ,ASFALTADA,SI,PREVENTIVA (P),PREVENTIVA (P),NO,IMPRUDENCIA DEL CONDUCTOR,OTRO (IMPRUDENCIA DEL CONDUCTOR),21.0,0,2024.0,1.0,2.0,0,3,0,2,0.0,0.0,0.0,0.0,0,1,43.0,11.269427669584644,0,2,3,0.0,0.667,1
A-2024-01-120,2024-01-24,23:00,ATROPELLO,1,1,1,CAJAMARCA,CAJAMARCA,LLACANORA,RURAL,CARRETERA,NACIONAL,PE-3N,-7.2038385,-78.4449817,DESPEJADO,RURAL,TRAMO RECTO,PLANA ,ASFALTADA,NO,,,SI,IMPRUDENCIA DEL CONDUCTOR,OTRO (IMPRUDENCIA DEL CONDUCTOR),23.0,0,2024.0,1.0,2.0,0,3,0,1,0.0,0.0,0.0,0.0,0,1,65.0,4.242640687119285,0,1,2,0.0,0.5,1
A-2024-01-34,2024-01-25,06:30,DESPISTE,1,0,1,LA LIBERTAD,OTUZCO,USQUIL,RURAL,CARRETERA,DEPARTAMENTAL,LI-111,-7.837362762741589,-78.39338888675216,DESPEJADO,RURAL,TRAMO RECTO,PLANA ,ASFALTADA,,,,,EN PROCESO DE INVESTIGACIÓN,NO CUENTA CON CAUSA ESPECIFICA,6.0,0,2024.0,1.0,3.0,0,1,0,0,0.0,0.0,0.0,0.0,0,0,35.0,0.0,0,1,1,0.0,1.0,0
A-2024-01-135,2024-01-25,10:30,ATROPELLO,1,0,0,LIMA,LIMA,LIMA,URBANA,AVENIDA,URBANO,NO CORRESPONDE,-12.05817981286889,-77.00937774120148,DESPEJADO,COMERCIAL,TRAMO RECTO,PLANA ,ASFALTADA,,,,,IMPRUDENCIA DEL CONDUCTOR,OTRO (IMPRUDENCIA DEL CONDUCTOR),10.0,0,2024.0,1.0,3.0,0,1,0,0,1.0,0.0,0.0,1.0,0,0,56.0,35.35533905932738,0,1,2,0.0,0.5,0
A-2024-01-40,2024-01-25,15:00,ESPECIAL,1,1,1,CUSCO,LA CONVENCION,HUAYOPATA,RURAL,CARRETERA,NACIONAL,PE-28B,-13.08333444,-72.37108182,DESPEJADO,RURAL,CURVA,INCLINADA,ASFALTADA,NO,,,SI,IMPRUDENCIA DEL CONDUCTOR,OTRO (IMPRUDENCIA DEL CONDUCTOR),15.0,0,2024.0,1.0,3.0,0,2,0,1,0.0,1.0,0.0,1.0,0,1,23.0,2.8284271247461903,0,0,2,0.0,0.0,0
A-2024-01-149,2024-01-25,16:30,DESPISTE,1,0,0,LIMA,LIMA,LA MOLINA,URBANA,AVENIDA,URBANO,NO CORRESPONDE,-12.09106130186471,-76.94727790126784,DESPEJADO,RESIDENCIAL,TRAMO RECTO,PLANA ,ASFALTADA,,,,,IMPRUDENCIA DEL CONDUCTOR,OTRO (IMPRUDENCIA DEL CONDUCTOR),16.0,0,2024.0,1.0,3.0,0,2,0,0,1.0,0.0,0.0,1.0,0,0,70.0,0.0,0,0,1,0.0,0.0,0
A-2024-01-148,2024-01-25,20:00,CHOQUE,1,0,0,LIMA,LIMA,EL AGUSTINO,URBANA,AVENIDA,URBANO,NO CORRESPONDE,-12.03341727976962,-76.99823582679089,DESPEJADO,COMERCIAL,INTERSECCIÓN,PLANA ,ASFALTADA,SI,REGULADORA (R),PREVENTIVA (P),NO,IMPRUDENCIA DEL CONDUCTOR,ADELANTAR INDEBIDAMENTE,20.0,0,2024.0,1.0,3.0,0,3,0,0,1.0,0.0,0.0,1.0,0,1,20.5,0.7071067811865476,0,2,2,0.0,1.0,1
A-2024-01-16,2024-01-25,20:20,ATROPELLO,1,0,2,AREQUIPA,AREQUIPA,AREQUIPA,URBANA,CALLE,URBANO,NO CORRESPONDE,-16.404338,-71.532858,DESPEJADO,COMERCIAL,INTERSECCIÓN,INCLINADA,ASFALTADA,NO,,,NO,EN PROCESO DE INVESTIGACIÓN,NO CUENTA CON CAUSA ESPECIFICA,20.0,0,2024.0,1.0,3.0,0,3,0,0,2.0,1.0,0.0,3.0,0,2,55.0,11.789826122551595,0,2,3,0.0,0.667,1
A-2024-01-97,2024-01-26,14:00,VOLCADURA,1,0,1,AYACUCHO,HUAMANGA,VINCHOS,RURAL,CARRETERA,PROVINCIAL,AY-864,-13.382,-74.376,LLUVIOSO,RURAL,CURVA,INCLINADA,AFIRMADO,,,,,INFRAESTRUCTURA Y ENTORNO VIAL,FACTOR AMBIENTAL,14.0,0,2024.0,1.0,4.0,0,2,0,1,0.0,1.0,1.0,2.0,1,0,25.5,2.1213203435596424,0,1,2,0.0,0.5,0
A-2024-01-150,2024-01-26,16:00,CHOQUE,1,0,0,LIMA,LIMA,SANTIAGO DE SURCO,URBANA,CARRETERA,NACIONAL,PE-1S,-12.103571,-76.979097,DESPEJADO,RESIDENCIAL,TRAMO RECTO,PLANA ,ASFALTADA,,,,,IMPRUDENCIA DEL CONDUCTOR,INVASIÓN DE CARRIL,16.0,0,2024.0,1.0,4.0,0,2,0,0,0.0,0.0,0.0,0.0,0,0,59.0,9.899494936611665,0,2,3,0.0,0.667,0
A-2024-01-151,2024-01-26,16:12,CHOQUE,2,12,0,LIMA,LIMA,LURIGANCHO,URBANA,CARRETERA,NACIONAL,PE-22,-12.019916,-76.949666,DESPEJADO,INDUSTRIAL,TRAMO RECTO,PLANA ,ASFALTADA,,,,,IMPRUDENCIA DEL CONDUCTOR,EXCESO DE VELOCIDAD,16.0,1,2024.0,1.0,4.0,0,2,0,0,0.0,0.0,0.0,0.0,0,0,34.266666666666666,18.425396551912744,0,2,15,0.0,0.133,0
A-2024-01-17,2024-01-26,19:00,ATROPELLO,1,0,1,AREQUIPA,ISLAY,MOLLENDO,RURAL,CARRETERA,NACIONAL,PE-34,-16.697181,-71.923837,DESPEJADO,RURAL,TRAMO RECTO,INCLINADA,ASFALTADA,NO,,,SI,EN PROCESO DE INVESTIGACIÓN,NO CUENTA CON CAUSA ESPECIFICA,19.0,0,2024.0,1.0,4.0,0,3,0,0,0.0,1.0,0.0,1.0,0,1,60.0,1.4142135623730951,0,1,2,0.0,0.5,1
A-2024-01-70,2024-01-26,19:00,ATROPELLO,1,0,1,ICA,ICA,PARCONA,URBANA,CALLE,URBANO,NO CORRESPONDE,-14.0462891,-75.70471,DESPEJADO,RESIDENCIAL,TRAMO RECTO,PLANA ,ASFALTADA,,,,,IMPRUDENCIA DEL CONDUCTOR,CONDUCIR EN ESTADO DE EBRIEDAD Y/O DROGADICCIÓN,19.0,0,2024.0,1.0,4.0,0,3,0,0,2.0,0.0,0.0,2.0,0,0,44.5,20.506096654409877,1,1,2,0.5,0.5,1
A-2024-01-101,2024-01-27,16:07,CHOQUE,1,0,0,CALLAO,CALLAO,LA PERLA,URBANA,CARRETERA,DEPARTAMENTAL,CL-100,-12.07487,-77.12069,DESPEJADO,RESIDENCIAL,TRAMO RECTO,PLANA ,ASFALTADA,SI,REGULADORA (R),,SI,IMPRUDENCIA DEL CONDUCTOR,OTRO (IMPRUDENCIA DEL CONDUCTOR),16.0,0,2024.0,1.0,5.0,1,2,0,0,0.0,0.0,0.0,0.0,0,0,43.5,21.920310216782973,0,2,2,0.0,1.0,0
A-2024-01-86,2024-01-27,18:17,CHOQUE,1,1,2,PUNO,SAN ROMAN,SAN MIGUEL,RURAL,CARRETERA,NACIONAL,PE-3S,-15.4093744,-70.1501147,DESPEJADO,RURAL,TRAMO RECTO,PLANA ,ASFALTADA,,,,,IMPRUDENCIA DEL CONDUCTOR,EXCESO DE VELOCIDAD,18.0,0,2024.0,1.0,5.0,1,3,0,1,0.0,0.0,0.0,0.0,0,0,18.0,6.244997998398398,0,1,3,0.0,0.333,1
A-2024-01-25,2024-01-28,01:00,DESPISTE,1,0,1,AREQUIPA,AREQUIPA,JOSE LUIS BUSTAMANTE Y RIVERO,URBANA,CARRETERA,NACIONAL,PE-34C,-16.424799,-71.53698,DESPEJADO,COMERCIAL,TRAMO RECTO,INCLINADA,ASFALTADA,NO,,,SI,EN PROCESO DE INVESTIGACIÓN,NO CUENTA CON CAUSA ESPECIFICA,1.0,0,2024.0,1.0,6.0,1,0,0,0,0.0,1.0,0.0,1.0,0,1,35.0,0.0,0,1,1,0.0,1.0,1