CODIGO_SINIESTRO,FECHA_SINIESTRO,HORA_SINIESTRO,CLASE_SINIESTRO,CANTIDAD_FALLECIDOS,CANTIDAD_LESIONADOS,CANTIDAD_VEHICULOS,DEPARTAMENTO,PROVINCIA,DISTRITO,ZONA,TIPO_VIA,RED_VIAL,COD_CARRETERA,LATITUD,LONGITUD,CONDICION_CLIMATICA,ZONIFICACION,CARACTERISTICAS_VIA,PERFIL_VIA,SUPERFICIE_CALZADA,EXISTE_SENIAL_VERTICAL,CLASIFICACION_SENIAL_VERTICAL_1,CLASIFICACION_SENIAL_VERTICAL_2,EXISTE_SENIAL_HORIZONTAL,CAUSA_FACTOR_PRINCIPAL,CAUSA_ESPECIFICA,HORA,severidad,ANIO,MES,DIA_SEMANA,FIN_SEMANA,FRANJA_HORARIA,TEMPORADA,MACROREGION,TIPO_VIA_SCORE,PERFIL_VIA_SCORE,SUPERFICIE_CALZADA_SCORE,RIESGO_INFRAESTRUCTURA,RIESGO_CLIMATICO,SENIALIZACION_DEFICIENTE,EDAD_PROMEDIO,EDAD_STD,TOTAL_ALCOHOL,TOTAL_LICENCIA,TOTAL_PERSONAS,PCT_ALCOHOL,PCT_LICENCIA,ES_NOCHE
A-2024-01-71,2024-01-28,02:40,DESPISTE,1,0,1,ICA,ICA,LA TINGUIÑA,RURAL,CARRETERA,PROVINCIAL,IC-631,-14.01119101954584,-75.70242705736425,DESPEJADO,RURAL,TRAMO RECTO,PLANA ,TROCHA,,,,,EN PROCESO DE INVESTIGACIÓN,NO CUENTA CON CAUSA ESPECIFICA,2.0,0,2024.0,1.0,6.0,1,0,0,0,0.0,0.0,2.0,2.0,0,0,23.0,0.0,0,0,1,0.0,0.0,1
A-2024-01-38,2024-01-28,14:00,ATROPELLO,1,0,1,CUSCO,QUISPICANCHI,OCONGATE,URBANA,CARRETERA,NACIONAL,PE-30C,-13.630470178023907,-71.3863074300969,DESPEJADO,COMERCIAL,TRAMO RECTO,PLANA ,ASFALTADA,SI,PREVENTIVA (P),,SI,IMPRUDENCIA DEL PEATÓN,CRUCE INDEBIDO POR LA CALZADA,14.0,0,2024.0,1.0,6.0,1,2,0,1,0.0,0.0,0.0,0.0,0,0,41.5,6.363961030678928,0,1,2,0.0,0.5,0
A-2024-01-87,2024-01-28,19:20,DESPISTE,1,0,1,PUNO,AZANGARO,MUÑANI,RURAL,CARRETERA,DEPARTAMENTAL,PU-111,-14.759242030337152,-69.98416814582984,DESPEJADO,RURAL,TRAMO RECTO,PLANA ,ASFALTADA,,,,,INFRAESTRUCTURA Y ENTORNO VIAL,FACTOR AMBIENTAL,19.0,0,2024.0,1.0,6.0,1,3,0,1,0.0,0.0,0.0,0.0,0,0,40.0,4.242640687119285,0,1,2,0.0,0.5,1
A-2024-01-136,2024-01-28,19:30,ATROPELLO FUGA,1,0,0,LIMA,LIMA,LURIN,RURAL,CARRETERA,NACIONAL,PE-1S,-12.2904,-76.866898,DESPEJADO,RURAL,TRAMO RECTO,PLANA ,ASFALTADA,,,,,EN PROCESO DE INVESTIGACIÓN,NO CUENTA CON CAUSA ESPECIFICA,19.0,0,2024.0,1.0,6.0,1,3,0,0,0.0,0.0,0.0,0.0,0,0,59.0,0.0,0,0,2,0.0,0.0,1
A-2024-01-35,2024-01-28,19:30,CHOQUE,2,0,2,LA LIBERTAD,PACASMAYO,PACASMAYO,RURAL,CARRETERA,NACIONAL,PE-1N,-7.389810801077667,-79.55393808511957,DESPEJADO,RURAL,TRAMO RECTO,PLANA ,ASFALTADA,,,,,IMPRUDENCIA DEL CONDUCTOR,NO ESTABLECER EL DERECHO DE PASO,19.0,1,2024.0,1.0,6.0,1,3,0,0,0.0,0.0,0.0,0.0,0,0,33.666666666666664,13.503086067019394,0,1,3,0.0,0.333,1
A-2024-01-46,2024-01-28,20:10,CHOQUE CON OBJETO FIJO,1,1,1,TUMBES,TUMBES,SAN JACINTO,RURAL,CARRETERA,DEPARTAMENTAL,TU-105,-3.7094748258659513,-80.45115354555172,DESPEJADO,RURAL,TRAMO RECTO,PLANA ,ASFALTADA,,,,,IMPRUDENCIA DEL CONDUCTOR,OTRO (IMPRUDENCIA DEL CONDUCTOR),20.0,0,2024.0,1.0,6.0,1,3,0,0,0.0,0.0,0.0,0.0,0,0,15.5,0.7071067811865476,1,0,2,0.5,0.0,1
A-2024-01-106,2024-01-29,01:50,CHOQUE,1,2,2,PASCO,PASCO,HUARIACA,URBANA,CARRETERA,NACIONAL,PE-3N,-10.41961269,-76.19828078,DESPEJADO,RURAL,TRAMO RECTO,PLANA ,ASFALTADA,,,,,IMPRUDENCIA DEL CONDUCTOR,EXCESO DE VELOCIDAD,1.0,0,2024.0,1.0,0.0,0,0,0,1,0.0,0.0,0.0,0.0,0,0,27.75,16.879474715365603,0,1,4,0.0,0.25,1
A-2024-01-52,2024-01-30,06:00,DESPISTE,1,0,1,HUANCAVELICA,CHURCAMPA,ANCO,RURAL,CARRETERA,DEPARTAMENTAL,HV-103,-12.676848908905349,-74.58553920712949,DESPEJADO,RURAL,CURVA,PLANA ,ASFALTADA,,,,,EN PROCESO DE INVESTIGACIÓN,NO CUENTA CON CAUSA ESPECIFICA,6.0,0,2024.0,1.0,1.0,0,1,0,1,0.0,0.0,0.0,0.0,0,0,34.0,0.0,0,0,1,0.0,0.0,0
A-2024-01-54,2024-01-30,06:00,ATROPELLO,1,0,1,CALLAO,CALLAO,CALLAO,URBANA,AVENIDA,URBANO,NO CORRESPONDE,-11.9853807,-77.126034917,DESPEJADO,INDUSTRIAL,TRAMO RECTO,PLANA ,ASFALTADA,SI,REGULADORA (R),,SI,IMPRUDENCIA DEL CONDUCTOR,OTRO (IMPRUDENCIA DEL CONDUCTOR),6.0,0,2024.0,1.0,1.0,0,1,0,0,1.0,0.0,0.0,1.0,0,0,40.0,5.656854249492381,0,1,2,0.0,0.5,0
A-2024-01-110,2024-01-30,07:00,CHOQUE CON OBJETO FIJO,1,1,1,AMAZONAS,BAGUA,BAGUA,URBANA,CARRETERA,DEPARTAMENTAL,AM-101,-5.651065,-78.503129,DESPEJADO,RURAL,TRAMO RECTO,PLANA ,ASFALTADA,,,,,EN PROCESO DE INVESTIGACIÓN,NO CUENTA CON CAUSA ESPECIFICA,7.0,0,2024.0,1.0,1.0,0,1,0,2,0.0,0.0,0.0,0.0,0,0,34.0,0.0,0,0,1,0.0,0.0,0
A-2024-01-121,2024-01-30,13:00,DESPISTE,1,0,1,CAJAMARCA,CAJAMARCA,CAJAMARCA,RURAL,CARRETERA,PROVINCIAL,CA-1310,-7.137502,-78.54782468,DESPEJADO,RURAL,CURVA,INCLINADA,AFIRMADO,,,,,IMPRUDENCIA DEL CONDUCTOR,OTRO (IMPRUDENCIA DEL CONDUCTOR),13.0,0,2024.0,1.0,1.0,0,2,0,1,0.0,1.0,1.0,2.0,0,0,49.0,0.0,0,1,1,0.0,1.0,0
A-2024-01-53,2024-01-30,20:00,CHOQUE,1,2,0,ICA,CHINCHA,TAMBO DE MORA,RURAL,CARRETERA,NACIONAL,PE-1SE,-13.451202,-76.179654,,,,,,,,,,EN PROCESO DE INVESTIGACIÓN,NO CUENTA CON CAUSA ESPECIFICA,20.0,0,2024.0,1.0,1.0,0,3,0,0,0.0,1.0,1.0,2.0,0,0,54.75,11.557825631723873,0,0,4,0.0,0.0,1
A-2024-01-47,2024-01-30,22:40,CHOQUE,1,0,2,TUMBES,ZARUMILLA,PAPAYAL,RURAL,CARRETERA,NACIONAL,PE-1N,-3.519941599485532,-80.33883849157193,DESPEJADO,RURAL,TRAMO RECTO,PLANA ,ASFALTADA,,,,,IMPRUDENCIA DEL CONDUCTOR,INVASIÓN DE CARRIL,22.0,0,2024.0,1.0,1.0,0,3,0,0,0.0,0.0,0.0,0.0,0,0,44.0,28.284271247461902,0,2,2,0.0,1.0,1
A-2024-01-152,2024-01-30,22:50,VOLCADURA,1,1,0,LIMA,LIMA,LURIN,RURAL,CARRETERA,NACIONAL,PE-1S,-12.25405336401733,-76.90392935782728,DESPEJADO,RURAL,INTERSECCIÓN,PLANA ,ASFALTADA,,,,,EN PROCESO DE INVESTIGACIÓN,NO CUENTA CON CAUSA ESPECIFICA,22.0,0,2024.0,1.0,1.0,0,3,0,0,0.0,0.0,0.0,0.0,0,0,21.0,2.8284271247461903,0,1,2,0.0,0.5,1
A-2024-01-61,2024-01-31,02:05,CHOQUE CON OBJETO FIJO,1,0,1,TACNA,TACNA,CORONEL GREGORIO ALBARRACIN LANCHIPA,URBANA,CARRETERA,PROVINCIAL,TA-634,-18.055101,-70.243549,DESPEJADO,RESIDENCIAL,TRAMO RECTO,PLANA ,ASFALTADA,,,,,IMPRUDENCIA DEL CONDUCTOR,OTRO (IMPRUDENCIA DEL CONDUCTOR),2.0,0,2024.0,1.0,2.0,0,0,0,0,0.0,0.0,0.0,0.0,0,0,39.0,0.0,0,1,1,0.0,1.0,1
A-2024-01-73,2024-01-31,11:20,CHOQUE,1,2,2,ICA,PISCO,INDEPENDENCIA,RURAL,CARRETERA,NACIONAL,PE-28A,-13.687974,-76.036773,DESPEJADO,RURAL,TRAMO RECTO,PLANA ,ASFALTADA,,,,,EN PROCESO DE INVESTIGACIÓN,NO CUENTA CON CAUSA ESPECIFICA,11.0,0,2024.0,1.0,2.0,0,1,0,0,0.0,0.0,0.0,0.0,0,0,34.0,20.800641015763592,0,1,4,0.0,0.25,0
A-2024-01-72,2024-01-31,11:35,ATROPELLO,1,1,1,ICA,ICA,ICA,URBANA,CARRETERA,NACIONAL,PE-1S,-14.0477823,-75.7486046,DESPEJADO,COMERCIAL,TRAMO RECTO,PLANA ,ASFALTADA,SI,REGULADORA (R),REGULADORA (R),NO,IMPRUDENCIA DEL CONDUCTOR,NO DAR PASO PREFERENTE AL PEATÓN,11.0,0,2024.0,1.0,2.0,0,1,0,0,0.0,0.0,0.0,0.0,0,1,72.0,8.48528137423857,0,1,2,0.0,0.5,0
A-2024-01-153,2024-01-31,13:50,CHOQUE,1,0,0,LIMA,LIMA,COMAS,URBANA,AVENIDA,URBANO,NO CORRESPONDE,-11.9157420088707,-77.04079077956345,DESPEJADO,COMERCIAL,TRAMO RECTO,PLANA ,ASFALTADA,,,,,EN PROCESO DE INVESTIGACIÓN,NO CUENTA CON CAUSA ESPECIFICA,13.0,0,2024.0,1.0,2.0,0,2,0,0,1.0,0.0,0.0,1.0,0,0,34.0,4.358898943540674,0,0,3,0.0,0.0,0
A-2024-01-137,2024-01-31,14:30,ATROPELLO,1,0,0,LIMA,LIMA,PUENTE PIEDRA,URBANA,CARRETERA,NACIONAL,PE-1N,-11.833299,-77.113696,DESPEJADO,COMERCIAL,TRAMO RECTO,PLANA ,ASFALTADA,,,,,IMPRUDENCIA DEL PEATÓN,CRUCE INDEBIDO POR LA CALZADA,14.0,0,2024.0,1.0,2.0,0,2,0,0,0.0,0.0,0.0,0.0,0,0,37.5,4.949747468305833,0,1,2,0.0,0.5,0
A-2024-01-138,2024-01-31,16:30,CHOQUE,1,0,0,LIMA,LIMA,SAN JUAN DE LURIGANCHO,URBANA,AVENIDA,URBANO,NO CORRESPONDE,-12.0126407089,-77.0115990152,DESPEJADO,RESIDENCIAL,TRAMO RECTO,PLANA ,ASFALTADA,,,,,IMPRUDENCIA DEL CONDUCTOR,ADELANTAR INDEBIDAMENTE,16.0,0,2024.0,1.0,2.0,0,2,0,0,1.0,0.0,0.0,1.0,0,0,44.0,9.643650760992955,0,2,3,0.0,0.667,0
A-2024-02-97,2024-02-01,04:00,CHOQUE,1,0,0,LIMA,LIMA,SAN JUAN DE MIRAFLORES,URBANA,CALLE,URBANO,NO CORRESPONDE,-12.168540346217902,-76.97067254025909,DESPEJADO,RESIDENCIAL,TRAMO RECTO,PLANA ,ASFALTADA,,,,,EN PROCESO DE INVESTIGACIÓN,NO CUENTA CON CAUSA ESPECIFICA,4.0,0,2024.0,2.0,3.0,0,0,0,0,2.0,0.0,0.0,2.0,0,0,42.0,19.79898987322333,0,1,2,0.0,0.5,1
A-2024-02-98,2024-02-01,06:40,CHOQUE,1,0,0,LIMA,LIMA,SAN MARTIN DE PORRES,URBANA,AVENIDA,URBANO,NO CORRESPONDE,-12.019856293791491,-77.05555832925123,DESPEJADO,COMERCIAL,TRAMO RECTO,PLANA ,ASFALTADA,,,,,IMPRUDENCIA DEL CONDUCTOR,EXCESO DE VELOCIDAD,6.0,0,2024.0,2.0,3.0,0,1,0,0,1.0,0.0,0.0,1.0,0,0,42.5,20.506096654409877,0,1,2,0.0,0.5,0
A-2024-02-87,2024-02-01,13:00,DESPISTE,1,2,1,AYACUCHO,HUAMANGA,CHIARA,RURAL,CARRETERA,SIN CLASIFICAR,SIN CLASIFICAR,-13.291,-74.189,DESPEJADO,RURAL,INTERSECCIÓN,PLANA ,TROCHA,,,,,INFRAESTRUCTURA Y ENTORNO VIAL,SUPERFICIE DETERIORADA,13.0,0,2024.0,2.0,3.0,0,2,0,1,0.0,0.0,2.0,2.0,0,0,28.25,13.889444433333777,0,0,4,0.0,0.0,0
A-2024-02-2,2024-02-01,19:30,CHOQUE,1,1,2,AREQUIPA,AREQUIPA,CERRO COLORADO,URBANA,CARRETERA,NACIONAL,PE-34A,-16.405828,-71.590258,NUBLADO,COMERCIAL,TRAMO RECTO,PLANA ,ASFALTADA,NO,,,SI,EN PROCESO DE INVESTIGACIÓN,NO CUENTA CON CAUSA ESPECIFICA,19.0,0,2024.0,2.0,3.0,0,3,0,0,0.0,0.0,0.0,0.0,0,1,42.0,14.798648586948742,0,2,3,0.0,0.667,1
A-2024-02-1,2024-02-01,20:00,DESPISTE,1,0,1,LA LIBERTAD,SANCHEZ CARRION,MARCABAL,RURAL,CARRETERA,PROVINCIAL,LI-832,-7.7346989532098,-78.03052480256594,DESPEJADO,RURAL,TRAMO RECTO,PLANA ,TROCHA,,,,,EN PROCESO DE INVESTIGACIÓN,NO CUENTA CON CAUSA ESPECIFICA,20.0,0,2024.0,2.0,3.0,0,3,0,0,0.0,0.0,2.0,2.0,0,0,16.0,0.0,0,0,1,0.0,0.0,1
A-2024-02-113,2024-02-01,20:00,CHOQUE,1,0,2,CAJAMARCA,CONTUMAZA,YONAN,RURAL,CARRETERA,NACIONAL,PE-08,-7.193164069,-79.03659464,DESPEJADO,RURAL,TRAMO RECTO,PLANA ,ASFALTADA,,,,,IMPRUDENCIA DEL CONDUCTOR,EXCESO DE VELOCIDAD,20.0,0,2024.0,2.0,3.0,0,3,0,1,0.0,0.0,0.0,0.0,0,0,46.5,7.7781745930520225,0,1,2,0.0,0.5,1
A-2024-02-112,2024-02-01,21:00,DESPISTE,1,0,1,CAJAMARCA,JAEN,JAEN,URBANA,CARRETERA,NACIONAL,PE-5N,-5.819416,-78.761322,DESPEJADO,COMERCIAL,TRAMO RECTO,PLANA ,ASFALTADA,NO,,,SI,IMPRUDENCIA DEL CONDUCTOR,EXCESO DE VELOCIDAD,21.0,0,2024.0,2.0,3.0,0,3,0,1,0.0,0.0,0.0,0.0,0,1,49.0,0.0,0,1,1,0.0,1.0,1
A-2024-02-122,2024-02-02,07:50,ATROPELLO,1,0,0,LIMA,LIMA,SAN JUAN DE LURIGANCHO,URBANA,AVENIDA,URBANO,NO CORRESPONDE,-11.9719184767,-76.9962720044,DESPEJADO,COMERCIAL,INTERSECCIÓN,PLANA ,ASFALTADA,,,,,IMPRUDENCIA DEL CONDUCTOR,OTRO (IMPRUDENCIA DEL CONDUCTOR),7.0,0,2024.0,2.0,4.0,0,1,0,0,1.0,0.0,0.0,1.0,0,0,70.5,2.1213203435596424,0,1,2,0.0,0.5,0
A-2024-02-144,2024-02-03,01:00,CHOQUE,1,0,0,LIMA,LIMA,LA MOLINA,URBANA,AVENIDA,URBANO,NO CORRESPONDE,-12.063511344572303,-76.9519081336249,DESPEJADO,RESIDENCIAL,TRAMO RECTO,PLANA ,ASFALTADA,,,,,IMPRUDENCIA DEL CONDUCTOR,CONDUCIR EN ESTADO DE EBRIEDAD Y/O DROGADICCIÓN,1.0,0,2024.0,2.0,5.0,1,0,0,0,1.0,0.0,0.0,1.0,0,0,24.0,5.656854249492381,0,1,2,0.0,0.5,1
A-2024-02-5,2024-02-03,05:15,DESPISTE,1,42,1,AREQUIPA,AREQUIPA,SANTA ISABEL DE SIGUAS,RURAL,CARRETERA,NACIONAL,PE-1S,-16.344522,-72.13654,DESPEJADO,RURAL,CURVA,INCLINADA,ASFALTADA,NO,,,SI,EN PROCESO DE INVESTIGACIÓN,NO CUENTA CON CAUSA ESPECIFICA,5.0,0,2024.0,2.0,5.0,1,0,0,0,0.0,1.0,0.0,1.0,0,1,46.29545454545455,13.892577147116496,0,1,44,0.0,0.023,1
A-2024-02-123,2024-02-03,12:20,ATROPELLO,1,0,0,LIMA,LIMA,VILLA EL SALVADOR,URBANA,CALLE,URBANO,NO CORRESPONDE,-12.197375606331104,-76.94245700956884,DESPEJADO,RESIDENCIAL,TRAMO RECTO,PLANA ,ASFALTADA,,,,,EN PROCESO DE INVESTIGACIÓN,NO CUENTA CON CAUSA ESPECIFICA,12.0,0,2024.0,2.0,5.0,1,2,0,0,2.0,0.0,0.0,2.0,0,0,22.0,26.870057685088806,0,1,2,0.0,0.5,0
A-2024-02-145,2024-02-03,13:50,VOLCADURA,1,0,0,LIMA,LIMA,LIMA,URBANA,AVENIDA,URBANO,NO CORRESPONDE,-12.062883742683857,-77.04022529718159,DESPEJADO,COMERCIAL,TRAMO RECTO,PLANA ,ASFALTADA,,,,,EN PROCESO DE INVESTIGACIÓN,NO CUENTA CON CAUSA ESPECIFICA,13.0,0,2024.0,2.0,5.0,1,2,0,0,1.0,0.0,0.0,1.0,0,0,17.5,0.7071067811865476,0,0,2,0.0,0.0,0
A-2024-02-4,2024-02-03,16:40,CHOQUE,1,1,0,ICA,CHINCHA,PUEBLO NUEVO,URBANA,AVENIDA,URBANO,NO CORRESPONDE,-13.403801,-76.132932,,,,,,,,,,EN PROCESO DE INVESTIGACIÓN,NO CUENTA CON CAUSA ESPECIFICA,16.0,0,2024.0,2.0,5.0,1,2,0,0,1.0,1.0,1.0,3.0,0,0,34.75,11.586630226256467,0,0,4,0.0,0.0,0
A-2024-02-40,2024-02-03,19:20,ATROPELLO FUGA,1,0,0,CUSCO,ANTA,CACHIMAYO,RURAL,CARRETERA,NACIONAL,PE-3S,-13.48309722,-72.07851111,NUBLADO,RURAL,TRAMO RECTO,PLANA ,ASFALTADA,NO,,,SI,EN PROCESO DE INVESTIGACIÓN,NO CUENTA CON CAUSA ESPECIFICA,19.0,0,2024.0,2.0,5.0,1,3,0,1,0.0,0.0,0.0,0.0,0,1,79.0,0.0,0,0,2,0.0,0.0,1
A-2024-02-52,2024-02-04,02:40,CHOQUE,1,0,1,CUSCO,URUBAMBA,URUBAMBA,URBANA,CARRETERA,PROVINCIAL,CU-1165,-13.303219,-72.12661,DESPEJADO,RESIDENCIAL,CURVA,PLANA ,ASFALTADA,,,,,IMPRUDENCIA DEL CONDUCTOR,CONDUCIR EN ESTADO DE EBRIEDAD Y/O DROGADICCIÓN,2.0,0,2024.0,2.0,6.0,1,0,0,1,0.0,0.0,0.0,0.0,0,0,36.5,7.7781745930520225,0,1,2,0.0,0.5,1
A-2024-02-124,2024-02-04,03:30,ATROPELLO,1,0,0,LIMA,LIMA,SANTIAGO DE SURCO,URBANA,CARRETERA,NACIONAL,PE-1S,-12.137127886611736,-76.98051980293926,DESPEJADO,RESIDENCIAL,TRAMO RECTO,PLANA ,ASFALTADA,,,,,IMPRUDENCIA DEL PEATÓN,CRUCE INDEBIDO POR LA CALZADA,3.0,0,2024.0,2.0,6.0,1,0,0,0,0.0,0.0,0.0,0.0,0,0,36.0,1.4142135623730951,0,1,2,0.0,0.5,1
A-2024-02-15,2024-02-04,04:20,CHOQUE,1,1,2,CUSCO,CANCHIS,CHECACUPE,URBANA,CARRETERA,NACIONAL,PE-3S,-14.021116,-71.457318,DESPEJADO,COMERCIAL,TRAMO RECTO,PLANA ,ASFALTADA,NO,,,SI,IMPRUDENCIA DEL CONDUCTOR,INVASIÓN DE CARRIL,4.0,0,2024.0,2.0,6.0,1,0,0,1,0.0,0.0,0.0,0.0,0,1,36.0,5.656854249492381,0,1,2,0.0,0.5,1
A-2024-02-146,2024-02-04,05:10,CHOQUE,1,0,0,LIMA,LIMA,ATE,URBANA,CARRETERA,NACIONAL,PE-22,-12.005740351005828,-76.84699142372398,DESPEJADO,COMERCIAL,TRAMO RECTO,PLANA ,ASFALTADA,,,,,IMPRUDENCIA DEL CONDUCTOR,CONDUCIR EN ESTADO DE EBRIEDAD Y/O DROGADICCIÓN,5.0,0,2024.0,2.0,6.0,1,0,0,0,0.0,0.0,0.0,0.0,0,0,44.5,23.33452377915607,0,2,2,0.0,1.0,1
A-2024-02-6,2024-02-04,07:30,CHOQUE,1,6,2,AREQUIPA,ISLAY,MEJIA,RURAL,CARRETERA,NACIONAL,PE-1SD,-17.086773,-71.916507,DESPEJADO,RURAL,CURVA,INCLINADA,ASFALTADA,NO,,,SI,EN PROCESO DE INVESTIGACIÓN,NO CUENTA CON CAUSA ESPECIFICA,7.0,0,2024.0,2.0,6.0,1,1,0,0,0.0,1.0,0.0,1.0,0,1,31.714285714285715,21.73870807043115,0,0,7,0.0,0.0,0
A-2024-02-14,2024-02-04,19:30,ATROPELLO,1,0,1,CUSCO,CANCHIS,SAN PEDRO,URBANA,CARRETERA,NACIONAL,PE-3S,-14.191723,-71.334076,DESPEJADO,RURAL,TRAMO RECTO,PLANA ,ASFALTADA,NO,,,SI,IMPRUDENCIA DEL CONDUCTOR,OTRO (IMPRUDENCIA DEL CONDUCTOR),19.0,0,2024.0,2.0,6.0,1,3,0,1,0.0,0.0,0.0,0.0,0,1,0.0,0.0,0,1,2,0.0,0.5,1
A-2024-02-19,2024-02-05,02:45,DESPISTE,1,2,1,SAN MARTIN,MOYOBAMBA,MOYOBAMBA,RURAL,CARRETERA,NACIONAL,PE-5N,-6.049091,-77.039877,DESPEJADO,RURAL,CURVA,PLANA ,ASFALTADA,,,,,IMPRUDENCIA DEL CONDUCTOR,OTRO (IMPRUDENCIA DEL CONDUCTOR),2.0,0,2024.0,2.0,0.0,0,0,0,2,0.0,0.0,0.0,0.0,0,0,35.333333333333336,7.505553499465134,0,0,3,0.0,0.0,1
A-2024-02-125,2024-02-05,09:40,ATROPELLO,1,0,0,LIMA,LIMA,SAN MARTIN DE PORRES,URBANA,AVENIDA,URBANO,NO CORRESPONDE,-11.989706543956794,-77.08174369955721,DESPEJADO,COMERCIAL,TRAMO RECTO,PLANA ,ASFALTADA,,,,,IMPRUDENCIA DEL CONDUCTOR,CONDUCIR EN ESTADO DE EBRIEDAD Y/O DROGADICCIÓN,9.0,0,2024.0,2.0,0.0,0,1,0,0,1.0,0.0,0.0,1.0,0,0,36.0,7.0710678118654755,0,1,2,0.0,0.5,0
A-2024-02-111,2024-02-05,15:45,CHOQUE,1,0,2,PIURA,PIURA,CATACAOS,RURAL,CARRETERA,NACIONAL,PE-1N,-5.2430366,-80.63186833,DESPEJADO,RURAL,TRAMO RECTO,PLANA ,ASFALTADA,,,,,IMPRUDENCIA DEL CONDUCTOR,INVASIÓN DE CARRIL,15.0,0,2024.0,2.0,0.0,0,2,0,0,0.0,0.0,0.0,0.0,0,0,33.5,6.363961030678928,0,1,2,0.0,0.5,0
A-2024-02-89,2024-02-07,12:00,ATROPELLO,1,0,0,CALLAO,CALLAO,CALLAO,URBANA,AVENIDA,URBANO,NO CORRESPONDE,-12.0535541,-77.117413517,DESPEJADO,RESIDENCIAL,TRAMO RECTO,PLANA ,ASFALTADA,SI,PREVENTIVA (P),,NO,IMPRUDENCIA DEL CONDUCTOR,CONDUCIR EN ESTADO DE EBRIEDAD Y/O DROGADICCIÓN,12.0,0,2024.0,2.0,2.0,0,2,0,0,1.0,0.0,0.0,1.0,0,1,64.0,15.556349186104045,0,1,2,0.0,0.5,0
A-2024-02-99,2024-02-07,13:00,CHOQUE,1,0,0,LIMA,LIMA,ATE,URBANA,AVENIDA,URBANO,NO CORRESPONDE,-12.055053144444134,-76.93773323199756,DESPEJADO,COMERCIAL,TRAMO RECTO,PLANA ,ASFALTADA,,,,,IMPRUDENCIA DEL CONDUCTOR,ADELANTAR INDEBIDAMENTE,13.0,0,2024.0,2.0,2.0,0,2,0,0,1.0,0.0,0.0,1.0,0,0,17.0,5.656854249492381,0,1,2,0.0,0.5,0
A-2024-02-20,2024-02-07,16:20,ATROPELLO,1,0,1,SAN MARTIN,RIOJA,ELIAS SOPLIN VARGAS,URBANA,CARRETERA,NACIONAL,PE-5N,-5.995798,-77.272301,DESPEJADO,RESIDENCIAL,TRAMO RECTO,INCLINADA,ASFALTADA,,,,,IMPRUDENCIA DEL PEATÓN,CRUCE INDEBIDO POR LA CALZADA,16.0,0,2024.0,2.0,2.0,0,2,0,2,0.0,1.0,0.0,1.0,0,0,46.0,15.556349186104045,0,0,2,0.0,0.0,0
A-2024-02-126,2024-02-07,18:45,ATROPELLO,1,0,0,LIMA,LIMA,SAN JUAN DE LURIGANCHO,URBANA,AVENIDA,URBANO,NO CORRESPONDE,-11.966288081994277,-76.98397487663554,DESPEJADO,RESIDENCIAL,INTERSECCIÓN,PLANA ,ASFALTADA,,,,,IMPRUDENCIA DEL PEATÓN,CRUCE INDEBIDO POR LA CALZADA,18.0,0,2024.0,2.0,2.0,0,3,0,0,1.0,0.0,0.0,1.0,0,0,56.5,40.30508652763321,0,0,2,0.0,0.0,1
A-2024-02-3,2024-02-08,05:00,CHOQUE,2,16,2,LA LIBERTAD,VIRU,VIRU,RURAL,CARRETERA,NACIONAL,PE-1N,-8.4216244,-78.783933,DESPEJADO,RURAL,TRAMO RECTO,PLANA ,ASFALTADA,,,,,EN PROCESO DE INVESTIGACIÓN,NO CUENTA CON CAUSA ESPECIFICA,5.0,1,2024.0,2.0,3.0,0,0,0,0,0.0,0.0,0.0,0.0,0,0,29.105263157894736,9.011688316613567,0,1,19,0.0,0.053,1
A-2024-02-114,2024-02-08,10:00,DESPISTE,1,1,1,CAJAMARCA,SAN IGNACIO,SAN JOSE DE LOURDES,RURAL,CARRETERA,PROVINCIAL,CA-556,-5.074936,-78.819638,DESPEJADO,RURAL,TRAMO RECTO,PLANA ,AFIRMADO,,,,,IMPRUDENCIA DEL CONDUCTOR,OTRO (IMPRUDENCIA DEL CONDUCTOR),10.0,0,2024.0,2.0,3.0,0,1,0,1,0.0,0.0,1.0,1.0,0,0,28.5,6.363961030678928,0,1,2,0.0,0.5,0
A-2024-02-127,2024-02-08,14:40,ATROPELLO,1,0,0,LIMA,LIMA,SAN ISIDRO,URBANA,CALLE,URBANO,NO CORRESPONDE,-12.0927908062141,-77.03143804755321,DESPEJADO,RESIDENCIAL,INTERSECCIÓN,PLANA ,ASFALTADA,,,,,IMPRUDENCIA DEL CONDUCTOR,CONDUCIR EN SENTIDO CONTRARIO,14.0,0,2024.0,2.0,3.0,0,2,0,0,2.0,0.0,0.0,2.0,0,0,51.0,35.35533905932738,0,1,2,0.0,0.5,0
A-2024-02-77,2024-02-08,15:30,CHOQUE,1,1,0,PIURA,MORROPON,CHULUCANAS,RURAL,CARRETERA,NACIONAL,PE-1NJ,-5.1395028,-80.299236,DESPEJADO,RURAL,TRAMO RECTO,PLANA ,ASFALTADA,,,,,EN PROCESO DE INVESTIGACIÓN,NO CUENTA CON CAUSA ESPECIFICA,15.0,0,2024.0,2.0,3.0,0,2,0,0,0.0,0.0,0.0,0.0,0,0,65.66666666666667,23.965252624024924,0,1,3,0.0,0.333,0