CODIGO_SINIESTRO,FECHA_SINIESTRO,HORA_SINIESTRO,CLASE_SINIESTRO,CANTIDAD_FALLECIDOS,CANTIDAD_LESIONADOS,CANTIDAD_VEHICULOS,DEPARTAMENTO,PROVINCIA,DISTRITO,ZONA,TIPO_VIA,RED_VIAL,COD_CARRETERA,LATITUD,LONGITUD,CONDICION_CLIMATICA,ZONIFICACION,CARACTERISTICAS_VIA,PERFIL_VIA,SUPERFICIE_CALZADA,EXISTE_SENIAL_VERTICAL,CLASIFICACION_SENIAL_VERTICAL_1,CLASIFICACION_SENIAL_VERTICAL_2,EXISTE_SENIAL_HORIZONTAL,CAUSA_FACTOR_PRINCIPAL,CAUSA_ESPECIFICA,HORA,severidad,ANIO,MES,DIA_SEMANA,FIN_SEMANA,FRANJA_HORARIA,TEMPORADA,MACROREGION,TIPO_VIA_SCORE,PERFIL_VIA_SCORE,SUPERFICIE_CALZADA_SCORE,RIESGO_INFRAESTRUCTURA,RIESGO_CLIMATICO,SENIALIZACION_DEFICIENTE,EDAD_PROMEDIO,EDAD_STD,TOTAL_ALCOHOL,TOTAL_LICENCIA,TOTAL_PERSONAS,PCT_ALCOHOL,PCT_LICENCIA,ES_NOCHE
A-2024-02-7,2024-02-08,23:00,ATROPELLO,1,0,1,AREQUIPA,AREQUIPA,SANTA RITA DE SIGUAS,RURAL,CARRETERA,NACIONAL,PE-1S,-16.4109775,-72.054234,DESPEJADO,RURAL,TRAMO RECTO,PLANA ,ASFALTADA,NO,,,SI,EN PROCESO DE INVESTIGACIÓN,NO CUENTA CON CAUSA ESPECIFICA,23.0,0,2024.0,2.0,3.0,0,3,0,0,0.0,0.0,0.0,0.0,0,1,63.0,5.656854249492381,0,1,2,0.0,0.5,1
A-2024-02-62,2024-02-09,10:30,CHOQUE,1,1,2,CUSCO,LA CONVENCION,ECHARATE,RURAL,CARRETERA,NACIONAL,PE-28B,-12.5978,-72.7246,DESPEJADO,RURAL,CURVA,INCLINADA,ASFALTADA,,,,,IMPRUDENCIA DEL CONDUCTOR,EXCESO DE VELOCIDAD,10.0,0,2024.0,2.0,4.0,0,1,0,1,0.0,1.0,0.0,1.0,0,0,54.0,2.8284271247461903,1,1,2,0.5,0.5,0
A-2024-02-22,2024-02-09,15:45,FERROVIARIO,1,0,0,CUSCO,CUSCO,CUSCO,URBANA,OTRO,URBANO,NO CORRESPONDE,-13.52123,-71.988879,DESPEJADO,RESIDENCIAL,TRAMO RECTO,INCLINADA,CASCAJO/RIPIO,SI,PREVENTIVA (P),,NO,IMPRUDENCIA DEL PEATÓN,ESTADO DE EBRIEDAD Y/O DROGADICCIÓN,15.0,0,2024.0,2.0,4.0,0,2,0,1,2.0,1.0,1.0,4.0,0,1,47.5,0.7071067811865476,0,1,2,0.0,0.5,0
A-2024-02-9,2024-02-09,20:20,CHOQUE,1,1,0,PUNO,EL COLLAO,ILAVE,RURAL,CARRETERA,PROVINCIAL,PU-1250,-16.352183825865584,-69.73449876880373,,,,,,,,,,IMPRUDENCIA DEL CONDUCTOR,OTRO (IMPRUDENCIA DEL CONDUCTOR),20.0,0,2024.0,2.0,4.0,0,3,0,1,0.0,1.0,1.0,2.0,0,0,36.0,11.269427669584644,0,0,3,0.0,0.0,1
A-2024-02-142,2024-02-09,21:30,ATROPELLO,1,0,0,LIMA,LIMA,LOS OLIVOS,URBANA,AVENIDA,URBANO,NO CORRESPONDE,-11.97227764039764,-77.07569801860032,DESPEJADO,COMERCIAL,TRAMO RECTO,PLANA ,ASFALTADA,,,,,EN PROCESO DE INVESTIGACIÓN,NO CUENTA CON CAUSA ESPECIFICA,21.0,0,2024.0,2.0,4.0,0,3,0,0,1.0,0.0,0.0,1.0,0,0,51.0,28.284271247461902,0,0,2,0.0,0.0,1
A-2024-02-93,2024-02-10,06:00,DESPISTE,2,3,1,AYACUCHO,LUCANAS,LEONCIO PRADO,RURAL,CARRETERA,NACIONAL,PE-30A,-14.692914,-74.514535,DESPEJADO,RURAL,CURVA,INCLINADA,ASFALTADA,SI,PREVENTIVA (P),,NO,IMPRUDENCIA DEL CONDUCTOR,EXCESO DE VELOCIDAD,6.0,1,2024.0,2.0,5.0,1,1,0,1,0.0,1.0,0.0,1.0,0,1,23.6,12.198360545581526,0,1,5,0.0,0.2,0
A-2024-02-8,2024-02-10,21:30,CHOQUE,5,4,2,AREQUIPA,CAYLLOMA,SAN ANTONIO DE CHUCA,RURAL,CARRETERA,NACIONAL,PE-34A,-15.77775,-71.02783,DESPEJADO,RURAL,TRAMO RECTO,PLANA ,ASFALTADA,NO,,,SI,EN PROCESO DE INVESTIGACIÓN,NO CUENTA CON CAUSA ESPECIFICA,21.0,2,2024.0,2.0,5.0,1,3,0,0,0.0,0.0,0.0,0.0,0,1,28.333333333333332,20.43281674170255,0,2,9,0.0,0.222,1
A-2024-02-11,2024-02-10,22:00,ATROPELLO,1,0,1,AREQUIPA,CAYLLOMA,MAJES,URBANA,CARRETERA,DEPARTAMENTAL,AR-108,-16.359106,-72.169388,DESPEJADO,COMERCIAL,TRAMO RECTO,PLANA ,ASFALTADA,NO,,,SI,EN PROCESO DE INVESTIGACIÓN,NO CUENTA CON CAUSA ESPECIFICA,22.0,0,2024.0,2.0,5.0,1,3,0,0,0.0,0.0,0.0,0.0,0,1,38.5,7.7781745930520225,0,1,2,0.0,0.5,1
A-2024-02-84,2024-02-10,22:00,ATROPELLO FUGA,1,0,0,JUNIN,JAUJA,JAUJA,URBANA,CARRETERA,DEPARTAMENTAL,JU-103,-11.765995,-75.492538,DESPEJADO,RURAL,TRAMO RECTO,PLANA ,ASFALTADA,NO,,,SI,EN PROCESO DE INVESTIGACIÓN,NO CUENTA CON CAUSA ESPECIFICA,22.0,0,2024.0,2.0,5.0,1,3,0,1,0.0,0.0,0.0,0.0,0,1,43.0,0.0,0,0,2,0.0,0.0,1
A-2024-02-129,2024-02-10,23:30,ATROPELLO,1,0,0,LIMA,LIMA,COMAS,URBANA,CARRETERA,NACIONAL,PE-1N,-11.924761,-77.072911,DESPEJADO,INDUSTRIAL,TRAMO RECTO,PLANA ,ASFALTADA,,,,,EN PROCESO DE INVESTIGACIÓN,NO CUENTA CON CAUSA ESPECIFICA,23.0,0,2024.0,2.0,5.0,1,3,0,0,0.0,0.0,0.0,0.0,0,0,35.0,2.8284271247461903,0,0,2,0.0,0.0,1
A-2024-02-128,2024-02-11,02:20,ATROPELLO FUGA,1,0,0,LIMA,LIMA,RIMAC,URBANA,CARRETERA,NACIONAL,PE-1N,-12.039285459106347,-77.01535039521532,DESPEJADO,COMERCIAL,TRAMO RECTO,PLANA ,ASFALTADA,,,,,EN PROCESO DE INVESTIGACIÓN,NO CUENTA CON CAUSA ESPECIFICA,2.0,0,2024.0,2.0,6.0,1,0,0,0,0.0,0.0,0.0,0.0,0,0,35.0,0.0,0,0,2,0.0,0.0,1
A-2024-02-10,2024-02-11,06:35,DESPISTE,2,0,1,PUNO,PUNO,PUNO,URBANA,JIRÓN,URBANO,NO CORRESPONDE,-15.834304,-70.029758,NUBLADO,COMERCIAL,OTRO,INCLINADA,ASFALTADA,,,,,IMPRUDENCIA DEL CONDUCTOR,EXCESO DE VELOCIDAD,6.0,1,2024.0,2.0,6.0,1,1,0,1,1.0,1.0,0.0,2.0,0,0,33.0,12.12435565298214,0,0,3,0.0,0.0,0
A-2024-02-96,2024-02-11,11:16,CHOQUE CON OBJETO FIJO,1,1,1,AMAZONAS,UTCUBAMBA,BAGUA GRANDE,URBANA,JIRÓN,URBANO,NO CORRESPONDE,-5.756663,-78.450465,SOLEADO,COMERCIAL,INTERSECCIÓN,PLANA ,CONCRETO,,,,,EN PROCESO DE INVESTIGACIÓN,NO CUENTA CON CAUSA ESPECIFICA,11.0,0,2024.0,2.0,6.0,1,1,0,2,1.0,0.0,0.0,1.0,0,0,51.0,0.0,0,1,1,0.0,1.0,0
A-2024-02-115,2024-02-11,11:30,DESPISTE,1,1,1,CAJAMARCA,HUALGAYOC,BAMBAMARCA,RURAL,CARRETERA,DEPARTAMENTAL,CA-107,-6.658232,-78.509626,DESPEJADO,RURAL,TRAMO RECTO,INCLINADA,AFIRMADO,,,,,IMPRUDENCIA DEL CONDUCTOR,EXCESO DE VELOCIDAD,11.0,0,2024.0,2.0,6.0,1,1,0,1,0.0,1.0,1.0,2.0,0,0,43.0,1.4142135623730951,0,1,2,0.0,0.5,0
A-2024-02-130,2024-02-11,18:30,ATROPELLO,1,0,0,LIMA,CAÑETE,CHILCA,RURAL,CARRETERA,NACIONAL,PE-1S,-12.414608,-76.755467,DESPEJADO,RURAL,TRAMO RECTO,PLANA ,ASFALTADA,,,,,EN PROCESO DE INVESTIGACIÓN,NO CUENTA CON CAUSA ESPECIFICA,18.0,0,2024.0,2.0,6.0,1,3,0,0,0.0,0.0,0.0,0.0,0,0,44.0,7.0710678118654755,0,1,2,0.0,0.5,1
A-2024-02-147,2024-02-11,18:50,CHOQUE,1,1,0,LIMA,LIMA,SAN JUAN DE MIRAFLORES,URBANA,CARRETERA,NACIONAL,PE-1S,-12.162197,-76.981838,DESPEJADO,RESIDENCIAL,TRAMO RECTO,PLANA ,ASFALTADA,,,,,EN PROCESO DE INVESTIGACIÓN,NO CUENTA CON CAUSA ESPECIFICA,18.0,0,2024.0,2.0,6.0,1,3,0,0,0.0,0.0,0.0,0.0,0,0,38.666666666666664,25.026652459594615,0,2,3,0.0,0.667,1
A-2024-02-92,2024-02-11,22:35,ATROPELLO,1,0,0,ICA,PISCO,PISCO,URBANA,CARRETERA,NACIONAL,PE-1S,-13.712522,-76.153459,DESPEJADO,COMERCIAL,TRAMO RECTO,PLANA ,ASFALTADA,,,,,EN PROCESO DE INVESTIGACIÓN,NO CUENTA CON CAUSA ESPECIFICA,22.0,0,2024.0,2.0,6.0,1,3,0,0,0.0,0.0,0.0,0.0,0,0,29.5,10.606601717798213,0,1,2,0.0,0.5,1
A-2024-02-78,2024-02-12,01:30,ATROPELLO,1,0,0,PIURA,PIURA,CATACAOS,RURAL,CARRETERA,PROVINCIAL,PI-1021,-5.295847,-80.68059,DESPEJADO,RURAL,INTERSECCIÓN,PLANA ,ASFALTADA,,,,,EN PROCESO DE INVESTIGACIÓN,NO CUENTA CON CAUSA ESPECIFICA,1.0,0,2024.0,2.0,0.0,0,0,0,0,0.0,0.0,0.0,0.0,0,0,28.0,1.4142135623730951,2,0,2,1.0,0.0,1
A-2024-02-47,2024-02-12,03:10,DESPISTE,5,0,1,CUSCO,LA CONVENCION,HUAYOPATA,RURAL,CARRETERA,NACIONAL,PE-28B,-13.085378,-72.380995,LLUVIOSO,RURAL,SINUOSA,INCLINADA,ASFALTADA,,,,,IMPRUDENCIA DEL CONDUCTOR,FATIGA Y/O CANSANCIO,3.0,2,2024.0,2.0,0.0,0,0,0,1,0.0,1.0,0.0,1.0,1,0,37.2,16.991174179555692,0,1,5,0.0,0.2,1
A-2024-02-68,2024-02-12,07:15,CHOQUE,1,3,2,ICA,PISCO,SAN ANDRES,URBANA,CARRETERA,NACIONAL,PE-1SE,-13.760777,-76.16635,SOLEADO,RURAL,TRAMO RECTO,PLANA ,ASFALTADA,,,,,EN PROCESO DE INVESTIGACIÓN,NO CUENTA CON CAUSA ESPECIFICA,7.0,0,2024.0,2.0,0.0,0,1,0,0,0.0,0.0,0.0,0.0,0,0,39.6,4.560701700396551,0,2,5,0.0,0.4,0
A-2024-02-79,2024-02-12,15:30,DESPISTE,1,0,0,PIURA,MORROPON,LA MATANZA,RURAL,CARRETERA,NACIONAL,PE-1NJ,-5.36539292581917,-80.0604099705959,DESPEJADO,RURAL,TRAMO RECTO,PLANA ,ASFALTADA,,,,,EN PROCESO DE INVESTIGACIÓN,NO CUENTA CON CAUSA ESPECIFICA,15.0,0,2024.0,2.0,0.0,0,2,0,0,0.0,0.0,0.0,0.0,0,0,69.0,0.0,0,1,1,0.0,1.0,0
A-2024-02-131,2024-02-12,20:30,ATROPELLO,1,0,0,LIMA,LIMA,INDEPENDENCIA,URBANA,CALLE,URBANO,NO CORRESPONDE,-12.002652856575253,-77.05314196543797,DESPEJADO,RESIDENCIAL,TRAMO RECTO,PLANA ,ASFALTADA,,,,,IMPRUDENCIA DEL PEATÓN,ESTADO DE EBRIEDAD Y/O DROGADICCIÓN,20.0,0,2024.0,2.0,0.0,0,3,0,0,2.0,0.0,0.0,2.0,0,0,58.0,31.11269837220809,0,1,2,0.0,0.5,1
A-2024-02-12,2024-02-13,20:00,ATROPELLO,1,0,1,AREQUIPA,AREQUIPA,CERRO COLORADO,URBANA,CARRETERA,DEPARTAMENTAL,AR-123,-16.364146,-71.63048,DESPEJADO,RESIDENCIAL,TRAMO RECTO,INCLINADA,ASFALTADA,,,,,EN PROCESO DE INVESTIGACIÓN,NO CUENTA CON CAUSA ESPECIFICA,20.0,0,2024.0,2.0,1.0,0,3,0,0,0.0,1.0,0.0,1.0,0,0,50.0,21.213203435596427,0,1,2,0.0,0.5,1
A-2024-02-69,2024-02-13,22:40,DESPISTE,1,0,1,ICA,PALPA,PALPA,RURAL,CARRETERA,NACIONAL,PE-30D,-14.458532,-75.134393,SOLEADO,RURAL,TRAMO RECTO,PLANA ,ASFALTADA,,,,,EN PROCESO DE INVESTIGACIÓN,NO CUENTA CON CAUSA ESPECIFICA,22.0,0,2024.0,2.0,1.0,0,3,0,0,0.0,0.0,0.0,0.0,0,0,0.0,0.0,0,0,1,0.0,0.0,1
A-2024-02-133,2024-02-13,23:15,ATROPELLO FUGA,1,0,0,LIMA,LIMA,SAN JUAN DE LURIGANCHO,URBANA,AUTOPISTA,URBANO,NO CORRESPONDE,-12.025040265918996,-76.9660849391908,DESPEJADO,INDUSTRIAL,TRAMO RECTO,PLANA ,ASFALTADA,,,,,EN PROCESO DE INVESTIGACIÓN,NO CUENTA CON CAUSA ESPECIFICA,23.0,0,2024.0,2.0,1.0,0,3,0,0,1.0,0.0,0.0,1.0,0,0,0.0,0.0,0,0,2,0.0,0.0,1
A-2024-02-132,2024-02-13,23:50,ATROPELLO,1,0,0,LIMA,LIMA,LURIN,URBANA,CARRETERA,NACIONAL,PE-1S,-12.305581,-76.838982,DESPEJADO,INDUSTRIAL,TRAMO RECTO,PLANA ,ASFALTADA,,,,,EN PROCESO DE INVESTIGACIÓN,NO CUENTA CON CAUSA ESPECIFICA,23.0,0,2024.0,2.0,1.0,0,3,0,0,0.0,0.0,0.0,0.0,0,0,46.0,0.0,0,1,2,0.0,0.5,1
A-2024-02-39,2024-02-14,00:30,DESPISTE,1,3,1,CUSCO,CHUMBIVILCAS,VELILLE,RURAL,CARRETERA,NACIONAL,PE-3SG,-14.580281502022988,-71.72681799304192,NIEBLA,RURAL,TRAMO RECTO,PLANA ,ASFALTADA,,,,,IMPRUDENCIA DEL CONDUCTOR,OTRO (IMPRUDENCIA DEL CONDUCTOR),0.0,0,2024.0,2.0,2.0,0,0,0,1,0.0,0.0,0.0,0.0,0,0,37.25,20.902551678363736,0,1,4,0.0,0.25,1
A-2024-02-24,2024-02-14,05:30,DESPISTE,1,3,1,PUNO,CHUCUITO,ZEPITA,RURAL,CARRETERA,NACIONAL,PE-3S,-16.468774098015313,-69.12988720003219,LLUVIOSO,RURAL,TRAMO RECTO,PLANA ,ASFALTADA,,,,,INFRAESTRUCTURA Y ENTORNO VIAL,OTRO (INFRAESTRUCTURA Y ENTORNO VIAL),5.0,0,2024.0,2.0,2.0,0,0,0,1,0.0,0.0,0.0,0.0,1,0,38.0,10.977249200050075,0,1,5,0.0,0.2,1
A-2024-02-50,2024-02-14,10:00,ESPECIAL,1,0,0,CUSCO,CANAS,CHECCA,RURAL,CARRETERA,PROVINCIAL,CU-1781,-14.545302503119563,-71.39402028162532,LLUVIOSO,RURAL,TRAMO RECTO,INCLINADA,TROCHA,,,,,NEGLIGENCIA DEL CONDUCTOR,OTRO (NEGLIGENCIA DEL CONDUCTOR),10.0,0,2024.0,2.0,2.0,0,1,0,1,0.0,1.0,2.0,3.0,1,0,45.0,0.0,0,1,1,0.0,1.0,0
A-2024-02-25,2024-02-14,21:03,CHOQUE,1,0,1,PUNO,EL COLLAO,ILAVE,RURAL,CARRETERA,NACIONAL,PE-3S,-16.0952657,-69.6220801,DESPEJADO,RURAL,TRAMO RECTO,PLANA ,ASFALTADA,,,,,EN PROCESO DE INVESTIGACIÓN,NO CUENTA CON CAUSA ESPECIFICA,21.0,0,2024.0,2.0,2.0,0,3,0,1,0.0,0.0,0.0,0.0,0,0,64.0,0.0,0,0,2,0.0,0.0,1
A-2024-02-26,2024-02-15,05:20,CHOQUE,1,0,2,PUNO,CHUCUITO,ZEPITA,RURAL,CARRETERA,DEPARTAMENTAL,PU-130,-16.46889241778657,-69.12971020673335,DESPEJADO,RURAL,TRAMO RECTO,PLANA ,ASFALTADA,,,,,IMPRUDENCIA DEL CONDUCTOR,INVASIÓN DE CARRIL,5.0,0,2024.0,2.0,3.0,0,0,0,1,0.0,0.0,0.0,0.0,0,0,38.5,10.606601717798213,0,0,2,0.0,0.0,1
A-2024-02-41,2024-02-15,12:20,ATROPELLO,1,0,0,CUSCO,CUSCO,SANTIAGO,URBANA,JIRÓN,URBANO,NO CORRESPONDE,-13.52876389,-71.97397222,DESPEJADO,RESIDENCIAL,TRAMO RECTO,INCLINADA,CONCRETO,,,,,IMPRUDENCIA DEL CONDUCTOR,OTRO (IMPRUDENCIA DEL CONDUCTOR),12.0,0,2024.0,2.0,3.0,0,2,0,1,1.0,1.0,0.0,2.0,0,0,68.0,26.870057685088806,0,1,2,0.0,0.5,0
A-2024-02-27,2024-02-16,08:00,ATROPELLO FUGA,1,0,0,PUNO,PUNO,CAPACHICA,RURAL,CARRETERA,DEPARTAMENTAL,PU-119,-15.620742045578927,-69.83510993607737,DESPEJADO,RURAL,TRAMO RECTO,PLANA ,ASFALTADA,,,,,IMPRUDENCIA DEL PEATÓN,CRUCE INDEBIDO POR LA CALZADA,8.0,0,2024.0,2.0,4.0,0,1,0,1,0.0,0.0,0.0,0.0,0,0,64.0,0.0,0,0,2,0.0,0.0,0
A-2024-02-134,2024-02-16,11:00,ATROPELLO,1,0,0,LIMA,LIMA,LIMA,URBANA,JIRÓN,URBANO,NO CORRESPONDE,-12.044786028411,-77.02475469896787,DESPEJADO,COMERCIAL,TRAMO RECTO,PLANA ,ASFALTADA,,,,,IMPRUDENCIA DEL PEATÓN,DESACATO DE SEÑAL DE TRÁNSITO,11.0,0,2024.0,2.0,4.0,0,1,0,0,1.0,0.0,0.0,1.0,0,0,43.5,34.64823227814083,0,1,2,0.0,0.5,0
A-2024-02-17,2024-02-16,19:30,DESPISTE,2,1,1,APURIMAC,ANDAHUAYLAS,JOSE MARIA ARGUEDAS,RURAL,CARRETERA,PROVINCIAL,AP-692,-13.760188,-73.376633,LLUVIOSO,RURAL,CURVA,INCLINADA,TROCHA,,,,,EN PROCESO DE INVESTIGACIÓN,NO CUENTA CON CAUSA ESPECIFICA,19.0,1,2024.0,2.0,4.0,0,3,0,1,0.0,1.0,2.0,3.0,1,0,27.25,19.03286631067428,0,1,4,0.0,0.25,1
A-2024-02-148,2024-02-16,23:50,DESPISTE,1,0,0,LIMA,LIMA,VILLA EL SALVADOR,URBANA,CARRETERA,NACIONAL,PE-1S,-12.233846,-76.960711,DESPEJADO,RURAL,TRAMO RECTO,PLANA ,ASFALTADA,,,,,EN PROCESO DE INVESTIGACIÓN,NO CUENTA CON CAUSA ESPECIFICA,23.0,0,2024.0,2.0,4.0,0,3,0,0,0.0,0.0,0.0,0.0,0,0,0.0,0.0,0,0,1,0.0,0.0,1
A-2024-02-116,2024-02-17,04:10,ATROPELLO FUGA,1,0,0,CAJAMARCA,CAJAMARCA,MAGDALENA,RURAL,CARRETERA,NACIONAL,PE-08,-7.271027,-78.623922,DESPEJADO,RURAL,TRAMO RECTO,PLANA ,ASFALTADA,,,,,EN PROCESO DE INVESTIGACIÓN,NO CUENTA CON CAUSA ESPECIFICA,4.0,0,2024.0,2.0,5.0,1,0,0,1,0.0,0.0,0.0,0.0,0,0,33.0,0.0,0,0,2,0.0,0.0,1
A-2024-02-70,2024-02-17,06:30,ATROPELLO FUGA,1,0,0,ICA,NASCA,MARCONA,RURAL,CARRETERA,NACIONAL,PE-30,-15.25923313,-75.04067431,DESPEJADO,RURAL,OTRO,PLANA ,TROCHA,,,,,EN PROCESO DE INVESTIGACIÓN,NO CUENTA CON CAUSA ESPECIFICA,6.0,0,2024.0,2.0,5.0,1,1,0,0,0.0,0.0,2.0,2.0,0,0,24.0,0.0,0,0,2,0.0,0.0,0
A-2024-02-71,2024-02-17,07:20,DESPISTE,1,1,1,ICA,PISCO,HUMAY,RURAL,CARRETERA,NACIONAL,PE-28A,-13.718896,-75.868129,DESPEJADO,RURAL,CURVA,INCLINADA,ASFALTADA,,,,,EN PROCESO DE INVESTIGACIÓN,NO CUENTA CON CAUSA ESPECIFICA,7.0,0,2024.0,2.0,5.0,1,1,0,0,0.0,1.0,0.0,1.0,0,0,33.5,3.5355339059327378,0,1,2,0.0,0.5,0
A-2024-02-118,2024-02-17,16:45,CHOQUE,1,0,2,CAJAMARCA,SAN IGNACIO,CHIRINOS,RURAL,CARRETERA,NACIONAL,PE-5N,-5.305776,-78.812628,DESPEJADO,RURAL,CURVA,INCLINADA,ASFALTADA,,,,,IMPRUDENCIA DEL CONDUCTOR,EXCESO DE VELOCIDAD,16.0,0,2024.0,2.0,5.0,1,2,0,1,0.0,1.0,0.0,1.0,0,0,30.5,2.1213203435596424,0,1,2,0.0,0.5,0
A-2024-02-31,2024-02-17,19:00,DESPISTE,1,3,1,LA LIBERTAD,SANTIAGO DE CHUCO,QUIRUVILCA,RURAL,CARRETERA,PROVINCIAL,LI-939,-8.012174998632194,-78.3037855466062,DESPEJADO,RURAL,TRAMO RECTO,PLANA ,ASFALTADA,,,,,IMPRUDENCIA DEL CONDUCTOR,OTRO (IMPRUDENCIA DEL CONDUCTOR),19.0,0,2024.0,2.0,5.0,1,3,0,0,0.0,0.0,0.0,0.0,0,0,22.5,1.290994448735806,0,0,5,0.0,0.0,1
A-2024-02-117,2024-02-17,19:30,ATROPELLO,1,0,1,CAJAMARCA,CAJAMARCA,CAJAMARCA,RURAL,CARRETERA,NACIONAL,PE-08B,-7.1651918,-78.4820803,DESPEJADO,RURAL,TRAMO RECTO,PLANA ,ASFALTADA,,,,,IMPRUDENCIA DEL CONDUCTOR,EXCESO DE VELOCIDAD,19.0,0,2024.0,2.0,5.0,1,3,0,1,0.0,0.0,0.0,0.0,0,0,52.5,4.949747468305833,0,1,2,0.0,0.5,1
A-2024-02-21,2024-02-17,23:30,ATROPELLO FUGA,1,0,0,CUSCO,CUSCO,SAYLLA,URBANA,CARRETERA,NACIONAL,PE-3S,-13.5641,-71.8394,DESPEJADO,COMERCIAL,TRAMO RECTO,PLANA ,ASFALTADA,,,,,EN PROCESO DE INVESTIGACIÓN,NO CUENTA CON CAUSA ESPECIFICA,23.0,0,2024.0,2.0,5.0,1,3,0,1,0.0,0.0,0.0,0.0,0,0,21.0,0.0,0,0,2,0.0,0.0,1
A-2024-02-28,2024-02-18,02:00,ATROPELLO FUGA,1,0,0,PUNO,CHUCUITO,JULI,RURAL,CARRETERA,NACIONAL,PE-3S,-16.177411068268153,-69.53393190086886,DESPEJADO,RURAL,TRAMO RECTO,PLANA ,ASFALTADA,,,,,IMPRUDENCIA DEL CONDUCTOR,OTRO (IMPRUDENCIA DEL CONDUCTOR),2.0,0,2024.0,2.0,6.0,1,0,0,1,0.0,0.0,0.0,0.0,0,0,69.0,0.0,0,0,2,0.0,0.0,1
A-2024-02-63,2024-02-18,05:00,ATROPELLO FUGA,1,0,0,TACNA,TACNA,LA YARADA LOS PALOS,RURAL,CARRETERA,NACIONAL,PE-1SD,-18.177781,-70.504505,DESPEJADO,RURAL,TRAMO RECTO,PLANA ,ASFALTADA,,,,,EN PROCESO DE INVESTIGACIÓN,NO CUENTA CON CAUSA ESPECIFICA,5.0,0,2024.0,2.0,6.0,1,0,0,0,0.0,0.0,0.0,0.0,0,0,43.0,0.0,0,0,2,0.0,0.0,1
A-2024-02-30,2024-02-18,05:10,ATROPELLO,1,0,1,LA LIBERTAD,PATAZ,PATAZ,RURAL,CARRETERA,SIN CLASIFICAR,SIN CLASIFICAR,-7.7177953695,-77.6632707699,DESPEJADO,RURAL,TRAMO RECTO,PLANA ,TROCHA,,,,,EN PROCESO DE INVESTIGACIÓN,NO CUENTA CON CAUSA ESPECIFICA,5.0,0,2024.0,2.0,6.0,1,0,0,0,0.0,0.0,2.0,2.0,0,0,37.5,14.849242404917497,0,0,2,0.0,0.0,1
A-2024-02-23,2024-02-18,10:40,DESPISTE,1,0,1,CUSCO,LA CONVENCION,QUELLOUNO,RURAL,CARRETERA,DEPARTAMENTAL,CU-104,-12.575459,-72.53775,DESPEJADO,RURAL,TRAMO RECTO,PLANA ,AFIRMADO,,,,,IMPRUDENCIA DEL CONDUCTOR,OTRO (IMPRUDENCIA DEL CONDUCTOR),10.0,0,2024.0,2.0,6.0,1,1,0,1,0.0,0.0,1.0,1.0,0,0,26.0,0.0,0,0,1,0.0,0.0,0
A-2024-02-82,2024-02-18,13:30,ATROPELLO FUGA,1,0,0,ICA,ICA,SANTIAGO,RURAL,CARRETERA,NACIONAL,PE-1S,-14.398034,-75.578175,DESPEJADO,RURAL,TRAMO RECTO,PLANA ,ASFALTADA,,,,,EN PROCESO DE INVESTIGACIÓN,NO CUENTA CON CAUSA ESPECIFICA,13.0,0,2024.0,2.0,6.0,1,2,0,0,0.0,0.0,0.0,0.0,0,0,46.0,0.0,0,0,2,0.0,0.0,0
A-2024-02-32,2024-02-18,20:10,ATROPELLO,1,0,1,LA LIBERTAD,TRUJILLO,MOCHE,URBANA,CARRETERA,NACIONAL,PE-1N,-8.15767336,-79.01224176,DESPEJADO,COMERCIAL,TRAMO RECTO,PLANA ,ASFALTADA,,,,,EN PROCESO DE INVESTIGACIÓN,NO CUENTA CON CAUSA ESPECIFICA,20.0,0,2024.0,2.0,6.0,1,3,0,0,0.0,0.0,0.0,0.0,0,0,59.0,26.870057685088806,0,1,2,0.0,0.5,1
A-2024-02-13,2024-02-18,20:45,ATROPELLO,1,0,1,AREQUIPA,AREQUIPA,UCHUMAYO,URBANA,CARRETERA,NACIONAL,PE-34A,-16.409664,-71.619861,DESPEJADO,COMERCIAL,TRAMO RECTO,PLANA ,ASFALTADA,NO,,,SI,EN PROCESO DE INVESTIGACIÓN,NO CUENTA CON CAUSA ESPECIFICA,20.0,0,2024.0,2.0,6.0,1,3,0,0,0.0,0.0,0.0,0.0,0,1,33.0,11.313708498984761,0,1,2,0.0,0.5,1
A-2024-02-16,2024-02-19,03:15,CHOQUE,3,0,2,CUSCO,QUISPICANCHI,OROPESA,URBANA,CARRETERA,NACIONAL,PE-3S,-13.590847627281422,-71.7892386920133,LLUVIOSO,COMERCIAL,TRAMO RECTO,PLANA ,ASFALTADA,NO,,,SI,IMPRUDENCIA DEL CONDUCTOR,INVASIÓN DE CARRIL,3.0,2,2024.0,2.0,0.0,0,0,0,1,0.0,0.0,0.0,0.0,1,1,48.666666666666664,2.309401076758502,0,2,3,0.0,0.667,1
A-2024-02-80,2024-02-19,05:15,DESPISTE,1,1,0,PIURA,PIURA,CASTILLA,URBANA,AVENIDA,URBANO,NO CORRESPONDE,-5.183406873301657,-80.62150573803714,DESPEJADO,ESCOLAR,TRAMO RECTO,PLANA ,ASFALTADA,,,,,EN PROCESO DE INVESTIGACIÓN,NO CUENTA CON CAUSA ESPECIFICA,5.0,0,2024.0,2.0,0.0,0,0,0,0,1.0,0.0,0.0,1.0,0,0,20.5,2.1213203435596424,1,0,2,0.5,0.0,1