CODIGO_SINIESTRO,FECHA_SINIESTRO,HORA_SINIESTRO,CLASE_SINIESTRO,CANTIDAD_FALLECIDOS,CANTIDAD_LESIONADOS,CANTIDAD_VEHICULOS,DEPARTAMENTO,PROVINCIA,DISTRITO,ZONA,TIPO_VIA,RED_VIAL,COD_CARRETERA,LATITUD,LONGITUD,CONDICION_CLIMATICA,ZONIFICACION,CARACTERISTICAS_VIA,PERFIL_VIA,SUPERFICIE_CALZADA,EXISTE_SENIAL_VERTICAL,CLASIFICACION_SENIAL_VERTICAL_1,CLASIFICACION_SENIAL_VERTICAL_2,EXISTE_SENIAL_HORIZONTAL,CAUSA_FACTOR_PRINCIPAL,CAUSA_ESPECIFICA,HORA,severidad,ANIO,MES,DIA_SEMANA,FIN_SEMANA,FRANJA_HORARIA,TEMPORADA,MACROREGION,TIPO_VIA_SCORE,PERFIL_VIA_SCORE,SUPERFICIE_CALZADA_SCORE,RIESGO_INFRAESTRUCTURA,RIESGO_CLIMATICO,SENIALIZACION_DEFICIENTE,EDAD_PROMEDIO,EDAD_STD,TOTAL_ALCOHOL,TOTAL_LICENCIA,TOTAL_PERSONAS,PCT_ALCOHOL,PCT_LICENCIA,ES_NOCHE
A-2024-02-141,2024-02-29,23:00,ATROPELLO,1,0,0,LIMA,LIMA,PUENTE PIEDRA,URBANA,CARRETERA,NACIONAL,PE-1N,-11.833358,-77.113633,DESPEJADO,COMERCIAL,TRAMO RECTO,PLANA ,ASFALTADA,SI,PREVENTIVA (P),,NO,EN PROCESO DE INVESTIGACIÓN,NO CUENTA CON CAUSA ESPECIFICA,23.0,0,2024.0,2.0,3.0,0,3,0,0,0.0,0.0,0.0,0.0,0,1,28.0,9.899494936611665,0,1,2,0.0,0.5,1
A-2024-03-12,2024-03-01,01:30,DESPISTE,6,0,1,APURIMAC,ANDAHUAYLAS,SAN JERONIMO,URBANA,CALLE,URBANO,NO CORRESPONDE,-13.654273,-73.365219,LLUVIOSO,INDUSTRIAL,TRAMO RECTO,INCLINADA,AFIRMADO,SI,REGULADORA (R),INFORMATIVA (I),NO,IMPRUDENCIA DEL CONDUCTOR,CONDUCIR EN ESTADO DE EBRIEDAD Y/O DROGADICCIÓN,1.0,2,2024.0,3.0,4.0,0,0,1,1,2.0,1.0,1.0,4.0,1,1,17.166666666666668,1.1690451944500122,0,0,6,0.0,0.0,1
A-2024-03-101,2024-03-01,06:20,ATROPELLO,1,0,1,CAJAMARCA,JAEN,POMAHUACA,RURAL,CARRETERA,NACIONAL,PE-3N,-5.975196833,-79.20603217,LLUVIOSO,RURAL,TRAMO RECTO,INCLINADA,ASFALTADA,SI,PREVENTIVA (P),,SI,IMPRUDENCIA DEL CONDUCTOR,EXCESO DE VELOCIDAD,6.0,0,2024.0,3.0,4.0,0,1,1,1,0.0,1.0,0.0,1.0,1,0,65.5,6.363961030678928,0,1,2,0.0,0.5,0
A-2024-03-42,2024-03-01,12:30,DESPISTE,2,2,1,TACNA,CANDARAVE,CANDARAVE,RURAL,CARRETERA,NACIONAL,PE-36A,-16.86079,-70.27348,LLUVIOSO,RURAL,TRAMO RECTO,PLANA ,ASFALTADA,,,,,IMPRUDENCIA DEL CONDUCTOR,OTRO (IMPRUDENCIA DEL CONDUCTOR),12.0,1,2024.0,3.0,4.0,0,2,1,0,0.0,0.0,0.0,0.0,1,0,27.8,16.422545478700922,0,1,5,0.0,0.2,0
A-2024-03-1,2024-03-01,19:30,CHOQUE,1,1,2,PUNO,CHUCUITO,ZEPITA,RURAL,CARRETERA,NACIONAL,PE-3S,-16.491531,-69.107214,DESPEJADO,RURAL,TRAMO RECTO,PLANA ,ASFALTADA,,,,,IMPRUDENCIA DEL CONDUCTOR,GIRAR IMPRUDENTEMENTE,19.0,0,2024.0,3.0,4.0,0,3,1,1,0.0,0.0,0.0,0.0,0,0,48.0,16.46207763315433,0,1,3,0.0,0.333,1
A-2024-03-127,2024-03-02,01:40,DESPISTE,2,0,0,LIMA,LIMA,LOS OLIVOS,URBANA,AVENIDA,URBANO,NO CORRESPONDE,-11.977787026572498,-77.0680142388189,DESPEJADO,RESIDENCIAL,TRAMO RECTO,PLANA ,ASFALTADA,,,,,IMPRUDENCIA DEL CONDUCTOR,CONDUCIR EN ESTADO DE EBRIEDAD Y/O DROGADICCIÓN,1.0,1,2024.0,3.0,5.0,1,0,1,0,1.0,0.0,0.0,1.0,0,0,30.0,7.0710678118654755,0,0,2,0.0,0.0,1
A-2024-03-112,2024-03-02,19:54,ATROPELLO,1,0,0,LIMA,LIMA,SAN JUAN DE LURIGANCHO,URBANA,AVENIDA,URBANO,NO CORRESPONDE,-12.0259166667,-77.01675,DESPEJADO,RESIDENCIAL,TRAMO RECTO,PLANA ,ASFALTADA,,,,,IMPRUDENCIA DEL PEATÓN,CRUCE INDEBIDO POR LA CALZADA,19.0,0,2024.0,3.0,5.0,1,3,1,0,1.0,0.0,0.0,1.0,0,0,54.5,48.79036790187178,0,0,2,0.0,0.0,1
A-2024-03-102,2024-03-02,22:15,ATROPELLO,1,4,1,CAJAMARCA,JAEN,JAEN,URBANA,CARRETERA,NACIONAL,PE-5N,-5.792305492,-78.78330377,DESPEJADO,COMERCIAL,TRAMO RECTO,INCLINADA,ASFALTADA,NO,,,SI,IMPRUDENCIA DEL CONDUCTOR,CONDUCIR EN ESTADO DE EBRIEDAD Y/O DROGADICCIÓN,22.0,0,2024.0,3.0,5.0,1,3,1,1,0.0,1.0,0.0,1.0,0,1,48.8,18.86001060445089,1,1,5,0.2,0.2,1
A-2024-03-64,2024-03-03,01:36,ATROPELLO,1,0,0,JUNIN,YAULI,LA OROYA,RURAL,CARRETERA,NACIONAL,PE-22,-11.601806,-75.96812,DESPEJADO,RURAL,TRAMO RECTO,PLANA ,ASFALTADA,NO,,,SI,IMPRUDENCIA DEL PEATÓN,CRUCE INDEBIDO POR LA CALZADA,1.0,0,2024.0,3.0,6.0,1,0,1,1,0.0,0.0,0.0,0.0,0,1,33.5,2.1213203435596424,0,1,2,0.0,0.5,1
A-2024-03-48,2024-03-03,19:50,CHOQUE,1,0,3,LA LIBERTAD,TRUJILLO,HUANCHACO,RURAL,CARRETERA,NACIONAL,PE-1N,-8.03412959,-79.0809804,DESPEJADO,RURAL,TRAMO RECTO,PLANA ,ASFALTADA,,,,,IMPRUDENCIA DEL CONDUCTOR,OTRO (IMPRUDENCIA DEL CONDUCTOR),19.0,0,2024.0,3.0,6.0,1,3,1,0,0.0,0.0,0.0,0.0,0,0,34.75,15.75595125658873,0,3,4,0.0,0.75,1
A-2024-03-69,2024-03-03,23:30,DESPISTE,1,0,1,AYACUCHO,HUAMANGA,AYACUCHO,URBANA,JIRÓN,URBANO,NO CORRESPONDE,-13.160939,-74.219694,LLUVIOSO,RESIDENCIAL,CURVA,PLANA ,ASFALTADA,,,,,IMPRUDENCIA DEL CONDUCTOR,CONDUCIR EN ESTADO DE EBRIEDAD Y/O DROGADICCIÓN,23.0,0,2024.0,3.0,6.0,1,3,1,1,1.0,0.0,0.0,1.0,1,0,57.0,0.0,1,1,1,1.0,1.0,1
A-2024-03-126,2024-03-04,14:00,CHOQUE,1,0,2,PUNO,CARABAYA,AJOYANI,RURAL,CARRETERA,NACIONAL,PE-34B,-14.201346,-70.275216,DESPEJADO,RURAL,TRAMO RECTO,PLANA ,ASFALTADA,,,,,IMPRUDENCIA DEL CONDUCTOR,EXCESO DE VELOCIDAD,14.0,0,2024.0,3.0,0.0,0,2,1,1,0.0,0.0,0.0,0.0,0,0,45.5,10.606601717798213,0,0,2,0.0,0.0,0
A-2024-03-43,2024-03-04,14:30,ATROPELLO,1,0,2,TACNA,TACNA,TACNA,RURAL,CARRETERA,NACIONAL,PE-1SD,-18.088054558503693,-70.32660836697112,DESPEJADO,RURAL,TRAMO RECTO,PLANA ,ASFALTADA,,,,,IMPRUDENCIA DEL PEATÓN,CRUCE INDEBIDO POR LA CALZADA,14.0,0,2024.0,3.0,0.0,0,2,1,0,0.0,0.0,0.0,0.0,0,0,43.0,32.526911934581186,0,1,2,0.0,0.5,0
A-2024-03-44,2024-03-04,14:30,DESPISTE,1,3,1,TACNA,CANDARAVE,CANDARAVE,RURAL,CARRETERA,NACIONAL,PE-36A,-16.883502,-70.328848,GRANIZADO,RURAL,TRAMO RECTO,PLANA ,ASFALTADA,,,,,IMPRUDENCIA DEL CONDUCTOR,OTRO (IMPRUDENCIA DEL CONDUCTOR),14.0,0,2024.0,3.0,0.0,0,2,1,0,0.0,0.0,0.0,0.0,1,0,23.0,16.911534525287763,0,1,4,0.0,0.25,0
A-2024-03-128,2024-03-04,15:25,CHOQUE,1,11,0,LIMA,LIMA,LOS OLIVOS,URBANA,CALLE,URBANO,NO CORRESPONDE,-11.96582267741549,-77.08147297444664,DESPEJADO,RESIDENCIAL,INTERSECCIÓN,PLANA ,ASFALTADA,,,,,EN PROCESO DE INVESTIGACIÓN,NO CUENTA CON CAUSA ESPECIFICA,15.0,0,2024.0,3.0,0.0,0,2,1,0,2.0,0.0,0.0,2.0,0,0,32.92857142857143,16.945452240892,0,0,14,0.0,0.0,0
A-2024-03-113,2024-03-04,19:50,ATROPELLO FUGA,1,0,0,LIMA,LIMA,SAN BORJA,URBANA,AVENIDA,URBANO,NO CORRESPONDE,-12.111956993423773,-77.00471068048802,DESPEJADO,RESIDENCIAL,TRAMO RECTO,PLANA ,ASFALTADA,,,,,EN PROCESO DE INVESTIGACIÓN,NO CUENTA CON CAUSA ESPECIFICA,19.0,0,2024.0,3.0,0.0,0,3,1,0,1.0,0.0,0.0,1.0,0,0,82.0,0.0,0,0,2,0.0,0.0,1
A-2024-03-49,2024-03-05,01:45,CAÍDA DE PASAJERO,1,0,0,LA LIBERTAD,CHEPEN,PACANGA,RURAL,CARRETERA,PROVINCIAL,LI-521,-7.15463760983915,-79.4410544772877,DESPEJADO,RURAL,TRAMO RECTO,PLANA ,CONCRETO,,,,,EN PROCESO DE INVESTIGACIÓN,NO CUENTA CON CAUSA ESPECIFICA,1.0,0,2024.0,3.0,1.0,0,0,1,0,0.0,0.0,0.0,0.0,0,0,66.0,0.0,0,0,2,0.0,0.0,1
A-2024-03-23,2024-03-05,04:38,CHOQUE,1,9,2,CUSCO,ANTA,ANTA,URBANA,CARRETERA,NACIONAL,PE-3S,-13.486048,-72.16768,DESPEJADO,RURAL,TRAMO RECTO,PLANA ,ASFALTADA,,,,,IMPRUDENCIA DEL CONDUCTOR,EXCESO DE VELOCIDAD,4.0,0,2024.0,3.0,1.0,0,0,1,1,0.0,0.0,0.0,0.0,0,0,26.6,18.596295927474973,0,1,10,0.0,0.1,1
A-2024-03-4,2024-03-05,05:45,CHOQUE,1,9,2,AREQUIPA,ISLAY,MEJIA,RURAL,CARRETERA,NACIONAL,PE-1SD,-17.065638688857888,-71.94577130940831,DESPEJADO,RURAL,PASE A DESNIVEL,INCLINADA,ASFALTADA,,,,,EN PROCESO DE INVESTIGACIÓN,NO CUENTA CON CAUSA ESPECIFICA,5.0,0,2024.0,3.0,1.0,0,0,1,0,0.0,1.0,0.0,1.0,0,0,29.9,17.804181780943736,0,2,10,0.0,0.2,1
A-2024-03-5,2024-03-05,05:45,CHOQUE,1,0,2,AREQUIPA,CAYLLOMA,MAJES,RURAL,CARRETERA,NACIONAL,PE-1S,-16.395898,-72.210062,DESPEJADO,RURAL,INTERSECCIÓN,PLANA ,ASFALTADA,NO,,,SI,EN PROCESO DE INVESTIGACIÓN,NO CUENTA CON CAUSA ESPECIFICA,5.0,0,2024.0,3.0,1.0,0,0,1,0,0.0,0.0,0.0,0.0,0,1,28.0,4.242640687119285,0,1,2,0.0,0.5,1
A-2024-03-6,2024-03-06,07:05,ATROPELLO,1,0,1,ICA,CHINCHA,CHINCHA ALTA,URBANA,AVENIDA,URBANO,NO CORRESPONDE,-13.411333,-76.125299,DESPEJADO,RURAL,TRAMO RECTO,PLANA ,ASFALTADA,,,,,EN PROCESO DE INVESTIGACIÓN,NO CUENTA CON CAUSA ESPECIFICA,7.0,0,2024.0,3.0,2.0,0,1,1,0,1.0,0.0,0.0,1.0,0,0,54.0,31.11269837220809,0,1,2,0.0,0.5,0
A-2024-03-104,2024-03-06,11:15,DESPISTE,1,0,1,CAJAMARCA,SAN MIGUEL,BOLIVAR,URBANA,CARRETERA,PROVINCIAL,CA-1227,-6.977739,-79.181244,DESPEJADO,RESIDENCIAL,CURVA,PLANA ,ASFALTADA,,,,,IMPRUDENCIA DEL CONDUCTOR,EXCESO DE VELOCIDAD,11.0,0,2024.0,3.0,2.0,0,1,1,1,0.0,0.0,0.0,0.0,0,0,53.0,0.0,0,0,1,0.0,0.0,0
A-2024-03-73,2024-03-06,12:45,CHOQUE,1,1,2,ICA,ICA,SANTIAGO,RURAL,CARRETERA,NACIONAL,PE-1S,-14.23154183,-75.69959456,DESPEJADO,RURAL,TRAMO RECTO,PLANA ,ASFALTADA,,,,,EN PROCESO DE INVESTIGACIÓN,NO CUENTA CON CAUSA ESPECIFICA,12.0,0,2024.0,3.0,2.0,0,2,1,0,0.0,0.0,0.0,0.0,0,0,32.666666666666664,6.110100926607787,0,2,3,0.0,0.667,0
A-2024-03-114,2024-03-06,15:40,ATROPELLO,1,0,0,LIMA,LIMA,COMAS,URBANA,AVENIDA,URBANO,NO CORRESPONDE,-11.927542934871184,-77.04060583376312,DESPEJADO,RESIDENCIAL,TRAMO RECTO,PLANA ,ASFALTADA,,,,,IMPRUDENCIA DEL CONDUCTOR,CONDUCIR EN SENTIDO CONTRARIO,15.0,0,2024.0,3.0,2.0,0,2,1,0,1.0,0.0,0.0,1.0,0,0,74.0,25.45584412271571,0,1,2,0.0,0.5,0
A-2024-03-129,2024-03-07,08:50,VOLCADURA,1,0,0,LIMA,LIMA,LURIN,URBANA,CARRETERA,NACIONAL,PE-1S,-12.261037623414726,-76.91396622142159,DESPEJADO,COMERCIAL,TRAMO RECTO,PLANA ,ASFALTADA,,,,,EN PROCESO DE INVESTIGACIÓN,NO CUENTA CON CAUSA ESPECIFICA,8.0,0,2024.0,3.0,3.0,0,1,1,0,0.0,0.0,0.0,0.0,0,0,44.5,7.7781745930520225,0,1,2,0.0,0.5,0
A-2024-03-63,2024-03-07,09:30,ESPECIAL,1,0,0,ICA,NASCA,MARCONA,URBANA,OTRO,URBANO,NO CORRESPONDE,-15.362239,-75.156284,DESPEJADO,RURAL,OTRO,PLANA ,TROCHA,,,,,EN PROCESO DE INVESTIGACIÓN,NO CUENTA CON CAUSA ESPECIFICA,9.0,0,2024.0,3.0,3.0,0,1,1,0,2.0,0.0,2.0,4.0,0,0,52.0,0.0,0,0,2,0.0,0.0,0
A-2024-03-8,2024-03-07,10:20,DESPISTE,1,0,1,AREQUIPA,ISLAY,PUNTA DE BOMBON,RURAL,CARRETERA,PROVINCIAL,AR-827,-17.09368,-71.47387,SOLEADO,RURAL,CURVA,PLANA ,ASFALTADA,NO,,,SI,EN PROCESO DE INVESTIGACIÓN,NO CUENTA CON CAUSA ESPECIFICA,10.0,0,2024.0,3.0,3.0,0,1,1,0,0.0,0.0,0.0,0.0,0,1,31.0,0.0,0,0,1,0.0,0.0,0
A-2024-03-106,2024-03-07,18:00,DESPISTE,1,1,1,CAJAMARCA,CUTERVO,CHOROS,RURAL,CARRETERA,NACIONAL,PE-04C,-5.984831605,-78.85661114,DESPEJADO,RURAL,CURVA,INCLINADA,ASFALTADA,,,,,EN PROCESO DE INVESTIGACIÓN,NO CUENTA CON CAUSA ESPECIFICA,18.0,0,2024.0,3.0,3.0,0,3,1,1,0.0,1.0,0.0,1.0,0,0,45.5,2.1213203435596424,0,0,2,0.0,0.0,1
A-2024-03-50,2024-03-07,20:20,DESPISTE,1,0,1,LA LIBERTAD,GRAN CHIMU,SAYAPULLO,RURAL,CARRETERA,DEPARTAMENTAL,LI-106,-7.592402753210327,-78.47473016501577,DESPEJADO,RURAL,CURVA,PLANA ,AFIRMADO,,,,,EN PROCESO DE INVESTIGACIÓN,NO CUENTA CON CAUSA ESPECIFICA,20.0,0,2024.0,3.0,3.0,0,3,1,0,0.0,0.0,1.0,1.0,0,0,33.0,0.0,0,0,1,0.0,0.0,1
A-2024-03-2,2024-03-07,23:30,DESPISTE,1,0,1,PUNO,EL COLLAO,ILAVE,RURAL,CARRETERA,NACIONAL,PE-38A,-16.0972077,-69.6350236,DESPEJADO,RURAL,TRAMO RECTO,PLANA ,ASFALTADA,,,,,IMPRUDENCIA DEL CONDUCTOR,FATIGA Y/O CANSANCIO,23.0,0,2024.0,3.0,3.0,0,3,1,1,0.0,0.0,0.0,0.0,0,0,22.0,0.0,0,0,1,0.0,0.0,1
A-2024-03-78,2024-03-08,07:10,CHOQUE,1,0,0,CALLAO,CALLAO,VENTANILLA,URBANA,CARRETERA,NACIONAL,PE-20,-11.8705249904349,-77.1276858994913,DESPEJADO,COMERCIAL,TRAMO RECTO,INCLINADA,ASFALTADA,NO,,,SI,EN PROCESO DE INVESTIGACIÓN,NO CUENTA CON CAUSA ESPECIFICA,7.0,0,2024.0,3.0,4.0,0,1,1,0,0.0,1.0,0.0,1.0,0,1,39.0,6.082762530298219,0,2,3,0.0,0.667,0
A-2024-03-51,2024-03-08,08:30,DESPISTE,1,0,1,LA LIBERTAD,GRAN CHIMU,SAYAPULLO,RURAL,CARRETERA,DEPARTAMENTAL,LI-106,-7.593301390934798,-78.4780937119887,DESPEJADO,RURAL,TRAMO RECTO,PLANA ,TROCHA,,,,,IMPRUDENCIA DEL CONDUCTOR,OTRO (IMPRUDENCIA DEL CONDUCTOR),8.0,0,2024.0,3.0,4.0,0,1,1,0,0.0,0.0,2.0,2.0,0,0,35.0,0.0,0,1,1,0.0,1.0,0
A-2024-03-115,2024-03-08,09:00,ATROPELLO,1,0,0,LIMA,LIMA,SAN JUAN DE LURIGANCHO,URBANA,AVENIDA,URBANO,NO CORRESPONDE,-12.01120456509693,-77.01416593426782,DESPEJADO,RESIDENCIAL,TRAMO RECTO,PLANA ,ASFALTADA,,,,,IMPRUDENCIA DEL PEATÓN,CRUCE INDEBIDO POR LA CALZADA,9.0,0,2024.0,3.0,4.0,0,1,1,0,1.0,0.0,0.0,1.0,0,0,51.0,9.899494936611665,0,1,2,0.0,0.5,0
A-2024-03-108,2024-03-08,23:45,CHOQUE,1,0,2,CAJAMARCA,SANTA CRUZ,SANTA CRUZ,URBANA,JIRÓN,URBANO,NO CORRESPONDE,-6.62591,-78.944629,DESPEJADO,ESCOLAR,TRAMO RECTO,PLANA ,CONCRETO,,,,,IMPRUDENCIA DEL CONDUCTOR,EXCESO DE VELOCIDAD,23.0,0,2024.0,3.0,4.0,0,3,1,1,1.0,0.0,0.0,1.0,0,0,25.666666666666668,6.658328118479393,0,0,3,0.0,0.0,1
A-2024-03-116,2024-03-09,03:30,ATROPELLO FUGA,1,0,0,LIMA,LIMA,VILLA EL SALVADOR,URBANA,AVENIDA,URBANO,NO CORRESPONDE,-12.19311629857046,-76.96481013918248,DESPEJADO,COMERCIAL,INTERSECCIÓN,PLANA ,ASFALTADA,,,,,EN PROCESO DE INVESTIGACIÓN,NO CUENTA CON CAUSA ESPECIFICA,3.0,0,2024.0,3.0,5.0,1,0,1,0,1.0,0.0,0.0,1.0,0,0,48.0,0.0,0,0,2,0.0,0.0,1
A-2024-03-103,2024-03-09,18:30,CHOQUE,1,1,1,CAJAMARCA,CHOTA,LLAMA,RURAL,CARRETERA,NACIONAL,PE-06A,-6.539576,-79.117665,DESPEJADO,RURAL,CURVA,INCLINADA,ASFALTADA,,,,,IMPRUDENCIA DEL CONDUCTOR,CONDUCIR EN ESTADO DE EBRIEDAD Y/O DROGADICCIÓN,18.0,0,2024.0,3.0,5.0,1,3,1,1,0.0,1.0,0.0,1.0,0,0,41.666666666666664,23.437861108329262,1,1,3,0.333,0.333,1
A-2024-02-95-B,2024-03-10,02:00,ATROPELLO FUGA,1,0,1,LIMA,HUARAL,CHANCAY,RURAL,CARRETERA,NACIONAL,PE-1N,-11.5282159,-77.2877995,DESPEJADO,RURAL,TRAMO RECTO,PLANA ,ASFALTADA,,,,,EN PROCESO DE INVESTIGACIÓN,NO CUENTA CON CAUSA ESPECIFICA,2.0,0,2024.0,3.0,6.0,1,0,1,0,0.0,0.0,0.0,0.0,0,0,56.0,0.0,0,0,2,0.0,0.0,1
A-2024-03-91,2024-03-10,02:00,ATROPELLO,1,0,1,LIMA,HUARAL,HUARAL,RURAL,CARRETERA,NACIONAL,PE-20C,-11.5580842,-77.2033308,DESPEJADO,RURAL,TRAMO RECTO,PLANA ,ASFALTADA,SI,REGULADORA (R),,NO,IMPRUDENCIA DEL CONDUCTOR,OTRO (IMPRUDENCIA DEL CONDUCTOR),2.0,0,2024.0,3.0,6.0,1,0,1,0,0.0,0.0,0.0,0.0,0,1,33.0,1.4142135623730951,1,1,2,0.5,0.5,1
A-2024-03-9,2024-03-10,13:30,DESPISTE,1,0,1,AREQUIPA,ISLAY,ISLAY,RURAL,CARRETERA,NACIONAL,PE-34,-16.963857,-72.055883,DESPEJADO,RURAL,CURVA,INCLINADA,ASFALTADA,NO,,,SI,EN PROCESO DE INVESTIGACIÓN,NO CUENTA CON CAUSA ESPECIFICA,13.0,0,2024.0,3.0,6.0,1,2,1,0,0.0,1.0,0.0,1.0,0,1,30.0,0.0,0,1,1,0.0,1.0,0
A-2024-03-52,2024-03-10,16:35,DESPISTE,1,3,1,LA LIBERTAD,ASCOPE,RAZURI,RURAL,CARRETERA,NACIONAL,PE-1N,-7.589483496988363,-79.37012667340991,DESPEJADO,RURAL,TRAMO RECTO,PLANA ,ASFALTADA,,,,,IMPRUDENCIA DEL CONDUCTOR,OTRO (IMPRUDENCIA DEL CONDUCTOR),16.0,0,2024.0,3.0,6.0,1,2,1,0,0.0,0.0,0.0,0.0,0,0,32.0,22.978250586152114,0,1,5,0.0,0.2,0
A-2024-03-45,2024-03-10,17:30,CHOQUE CON OBJETO FIJO,1,0,2,TACNA,TACNA,CIUDAD NUEVA,URBANA,CALLE,URBANO,NO CORRESPONDE,-17.979624,-70.234748,DESPEJADO,RESIDENCIAL,TRAMO RECTO,INCLINADA,ASFALTADA,,,,,EN PROCESO DE INVESTIGACIÓN,NO CUENTA CON CAUSA ESPECIFICA,17.0,0,2024.0,3.0,6.0,1,2,1,0,2.0,1.0,0.0,3.0,0,0,62.5,23.33452377915607,0,1,2,0.0,0.5,0
A-2024-03-117,2024-03-10,20:10,ATROPELLO,1,0,0,LIMA,LIMA,SANTA ANITA,URBANA,CALLE,URBANO,NO CORRESPONDE,-12.04702210612724,-76.97387310749917,DESPEJADO,RESIDENCIAL,INTERSECCIÓN,PLANA ,ASFALTADA,,,,,IMPRUDENCIA DEL PEATÓN,CRUCE INDEBIDO POR LA CALZADA,20.0,0,2024.0,3.0,6.0,1,3,1,0,2.0,0.0,0.0,2.0,0,0,42.0,21.213203435596427,0,1,2,0.0,0.5,1
A-2024-03-66,2024-03-11,09:50,ATROPELLO,1,0,0,JUNIN,HUANCAYO,HUANCAYO,URBANA,AVENIDA,URBANO,NO CORRESPONDE,-12.07657,-75.223213,DESPEJADO,RESIDENCIAL,TRAMO RECTO,INCLINADA,ASFALTADA,NO,,,SI,IMPRUDENCIA DEL CONDUCTOR,OTRO (IMPRUDENCIA DEL CONDUCTOR),9.0,0,2024.0,3.0,0.0,0,1,1,1,1.0,1.0,0.0,2.0,0,1,52.0,45.254833995939045,0,1,2,0.0,0.5,0
A-2024-03-105,2024-03-11,15:30,CHOQUE,2,3,2,CAJAMARCA,SAN IGNACIO,SAN IGNACIO,RURAL,CARRETERA,NACIONAL,PE-5N,-5.143763088,-79.02858354,DESPEJADO,ESCOLAR,CURVA,INCLINADA,ASFALTADA,,,,,IMPRUDENCIA DEL CONDUCTOR,EXCESO DE VELOCIDAD,15.0,1,2024.0,3.0,0.0,0,2,1,1,0.0,1.0,0.0,1.0,0,0,30.4,11.349008767288886,0,1,5,0.0,0.2,0
A-2024-03-24,2024-03-11,19:15,CHOQUE,1,0,2,CUSCO,CUSCO,CUSCO,RURAL,CARRETERA,NACIONAL,PE-3S,-13.50623,-72.022167,DESPEJADO,RURAL,CURVA,INCLINADA,ASFALTADA,NO,,,SI,IMPRUDENCIA DEL CONDUCTOR,CONDUCIR EN SENTIDO CONTRARIO,19.0,0,2024.0,3.0,0.0,0,3,1,1,0.0,1.0,0.0,1.0,0,1,26.5,12.020815280171307,0,2,2,0.0,1.0,1
A-2024-03-118,2024-03-11,21:10,ATROPELLO,2,0,0,LIMA,LIMA,RIMAC,URBANA,AVENIDA,URBANO,NO CORRESPONDE,-12.014924334852047,-77.05189610488354,DESPEJADO,COMERCIAL,INTERSECCIÓN,PLANA ,ASFALTADA,,,,,IMPRUDENCIA DEL CONDUCTOR,EXCESO DE VELOCIDAD,21.0,1,2024.0,3.0,0.0,0,3,1,0,1.0,0.0,0.0,1.0,0,0,23.666666666666668,12.42309676905615,0,0,3,0.0,0.0,1
A-2024-03-119,2024-03-12,03:30,ATROPELLO,1,0,0,LIMA,LIMA,ANCON,RURAL,CARRETERA,NACIONAL,PE-1N,-11.727196,-77.144874,DESPEJADO,RURAL,TRAMO RECTO,PLANA ,ASFALTADA,,,,,EN PROCESO DE INVESTIGACIÓN,NO CUENTA CON CAUSA ESPECIFICA,3.0,0,2024.0,3.0,1.0,0,0,1,0,0.0,0.0,0.0,0.0,0,0,28.0,0.0,0,1,2,0.0,0.5,1
A-2024-03-130,2024-03-12,07:00,CHOQUE,1,0,0,LIMA,LIMA,LURIN,URBANA,CALLE,URBANO,NO CORRESPONDE,-12.228754228154024,-76.89342716346955,DESPEJADO,COMERCIAL,INTERSECCIÓN,PLANA ,ASFALTADA,,,,,EN PROCESO DE INVESTIGACIÓN,NO CUENTA CON CAUSA ESPECIFICA,7.0,0,2024.0,3.0,1.0,0,1,1,0,2.0,0.0,0.0,2.0,0,0,47.0,5.656854249492381,0,1,2,0.0,0.5,0
A-2024-03-76,2024-03-12,07:00,DESPISTE,4,2,1,AYACUCHO,VICTOR FAJARDO,SARHUA,RURAL,CARRETERA,NACIONAL,PE-30D,-13.701,-74.312,DESPEJADO,RURAL,TRAMO RECTO,INCLINADA,ASFALTADA,,,,,IMPRUDENCIA DEL CONDUCTOR,CONDUCIR EN ESTADO DE EBRIEDAD Y/O DROGADICCIÓN,7.0,2,2024.0,3.0,1.0,0,1,1,1,0.0,1.0,0.0,1.0,0,0,32.333333333333336,24.28717082466928,1,1,6,0.167,0.167,0
A-2024-03-96,2024-03-12,07:20,CHOQUE,1,1,2,LIMA,HUARAL,SANTA CRUZ DE ANDAMARCA,RURAL,CARRETERA,NACIONAL,PE-20C,-11.1570751,-76.6272413,DESPEJADO,RURAL,CURVA,INCLINADA,CASCAJO/RIPIO,,,,,EN PROCESO DE INVESTIGACIÓN,NO CUENTA CON CAUSA ESPECIFICA,7.0,0,2024.0,3.0,1.0,0,1,1,0,0.0,1.0,1.0,2.0,0,0,30.0,14.142135623730951,1,0,2,0.5,0.0,0
A-2024-03-131,2024-03-12,07:30,CHOQUE,1,2,0,LIMA,LIMA,PUEBLO LIBRE,URBANA,AVENIDA,URBANO,NO CORRESPONDE,-12.07569757470148,-77.06360663738873,DESPEJADO,COMERCIAL,INTERSECCIÓN,PLANA ,ASFALTADA,NO,,,SI,IMPRUDENCIA DEL CONDUCTOR,FATIGA Y/O CANSANCIO,7.0,0,2024.0,3.0,1.0,0,1,1,0,1.0,0.0,0.0,1.0,0,1,25.4,13.221195104830729,0,2,5,0.0,0.4,0