CODIGO_SINIESTRO,FECHA_SINIESTRO,HORA_SINIESTRO,CLASE_SINIESTRO,CANTIDAD_FALLECIDOS,CANTIDAD_LESIONADOS,CANTIDAD_VEHICULOS,DEPARTAMENTO,PROVINCIA,DISTRITO,ZONA,TIPO_VIA,RED_VIAL,COD_CARRETERA,LATITUD,LONGITUD,CONDICION_CLIMATICA,ZONIFICACION,CARACTERISTICAS_VIA,PERFIL_VIA,SUPERFICIE_CALZADA,EXISTE_SENIAL_VERTICAL,CLASIFICACION_SENIAL_VERTICAL_1,CLASIFICACION_SENIAL_VERTICAL_2,EXISTE_SENIAL_HORIZONTAL,CAUSA_FACTOR_PRINCIPAL,CAUSA_ESPECIFICA,HORA,severidad,ANIO,MES,DIA_SEMANA,FIN_SEMANA,FRANJA_HORARIA,TEMPORADA,MACROREGION,TIPO_VIA_SCORE,PERFIL_VIA_SCORE,SUPERFICIE_CALZADA_SCORE,RIESGO_INFRAESTRUCTURA,RIESGO_CLIMATICO,SENIALIZACION_DEFICIENTE,EDAD_PROMEDIO,EDAD_STD,TOTAL_ALCOHOL,TOTAL_LICENCIA,TOTAL_PERSONAS,PCT_ALCOHOL,PCT_LICENCIA,ES_NOCHE
A-2024-03-10,2024-03-12,10:30,DESPISTE,2,4,1,AREQUIPA,CAYLLOMA,LLUTA,RURAL,CARRETERA,DEPARTAMENTAL,AR-109,-16.040663,-72.143059,SOLEADO,RURAL,TRAMO RECTO,PLANA ,TROCHA,,,,,EN PROCESO DE INVESTIGACIÓN,NO CUENTA CON CAUSA ESPECIFICA,10.0,1,2024.0,3.0,1.0,0,1,1,0,0.0,0.0,2.0,2.0,0,0,33.833333333333336,26.87315885166213,0,0,7,0.0,0.0,0
A-2024-03-72,2024-03-12,12:30,ATROPELLO,1,0,0,AYACUCHO,PAUCAR DEL SARA SARA,PAUSA,URBANA,CARRETERA,DEPARTAMENTAL,AY-116,-15.278079,-73.347941,DESPEJADO,RESIDENCIAL,OTRO,PLANA ,TROCHA,,,,,IMPRUDENCIA DEL CONDUCTOR,OTRO (IMPRUDENCIA DEL CONDUCTOR),12.0,0,2024.0,3.0,1.0,0,2,1,1,0.0,0.0,2.0,2.0,0,0,65.0,25.45584412271571,0,1,2,0.0,0.5,0
A-2024-03-13,2024-03-12,19:00,CHOQUE,2,3,3,AREQUIPA,ISLAY,MOLLENDO,RURAL,CARRETERA,NACIONAL,PE-1S,-16.736004,-71.870004,DESPEJADO,RURAL,TRAMO RECTO,PLANA ,ASFALTADA,NO,,,SI,EN PROCESO DE INVESTIGACIÓN,NO CUENTA CON CAUSA ESPECIFICA,19.0,1,2024.0,3.0,1.0,0,3,1,0,0.0,0.0,0.0,0.0,0,1,39.6,7.733045971672481,0,2,5,0.0,0.4,1
A-2024-03-3,2024-03-12,20:20,ATROPELLO FUGA,1,0,0,PUNO,PUNO,PAUCARCOLLA,RURAL,CARRETERA,NACIONAL,PE-3S,-15.684618343546209,-70.07143393809483,DESPEJADO,RURAL,TRAMO RECTO,PLANA ,ASFALTADA,,,,,EN PROCESO DE INVESTIGACIÓN,NO CUENTA CON CAUSA ESPECIFICA,20.0,0,2024.0,3.0,1.0,0,3,1,1,0.0,0.0,0.0,0.0,0,0,27.0,0.0,0,0,2,0.0,0.0,1
A-2024-03-40,2024-03-13,01:00,DESPISTE,1,0,1,CUSCO,PAUCARTAMBO,COLQUEPATA,RURAL,CARRETERA,PROVINCIAL,CU-973,-13.34184,-71.70344,SOLEADO,RURAL,CURVA,INCLINADA,ASFALTADA,,,,,IMPRUDENCIA DEL CONDUCTOR,EXCESO DE VELOCIDAD,1.0,0,2024.0,3.0,2.0,0,0,1,1,0.0,1.0,0.0,1.0,0,0,34.0,0.0,0,0,1,0.0,0.0,1
A-2024-03-46,2024-03-13,14:00,CHOQUE,1,0,2,TACNA,TACNA,SAMA,URBANA,CARRETERA,NACIONAL,PE-1SD,-18.11418,-70.72238,DESPEJADO,RESIDENCIAL,TRAMO RECTO,PLANA ,ASFALTADA,,,,,IMPRUDENCIA DEL CONDUCTOR,OTRO (IMPRUDENCIA DEL CONDUCTOR),14.0,0,2024.0,3.0,2.0,0,2,1,0,0.0,0.0,0.0,0.0,0,0,51.5,4.949747468305833,0,2,2,0.0,1.0,0
A-2024-03-120,2024-03-13,15:25,ATROPELLO,1,0,0,LIMA,LIMA,LOS OLIVOS,URBANA,AVENIDA,URBANO,NO CORRESPONDE,-11.976024501279866,-77.06038030358486,DESPEJADO,COMERCIAL,TRAMO RECTO,PLANA ,ASFALTADA,,,,,EN PROCESO DE INVESTIGACIÓN,NO CUENTA CON CAUSA ESPECIFICA,15.0,0,2024.0,3.0,2.0,0,2,1,0,1.0,0.0,0.0,1.0,0,0,49.0,18.384776310850235,0,1,2,0.0,0.5,0
A-2024-03-132,2024-03-14,09:30,DESPISTE,1,0,0,LIMA,LIMA,LURIGANCHO,RURAL,AVENIDA,URBANO,NO CORRESPONDE,-11.9962833405,-76.9133625397,DESPEJADO,RURAL,TRAMO RECTO,PLANA ,ASFALTADA,,,,,IMPRUDENCIA DEL CONDUCTOR,GIRAR IMPRUDENTEMENTE,9.0,0,2024.0,3.0,3.0,0,1,1,0,1.0,0.0,0.0,1.0,0,0,61.0,0.0,0,0,1,0.0,0.0,0
A-2024-03-32,2024-03-14,18:30,ATROPELLO FUGA,1,0,0,CUSCO,URUBAMBA,OLLANTAYTAMBO,RURAL,CARRETERA,NACIONAL,PE-28B,-13.2513905001651,-72.27623645181572,DESPEJADO,RURAL,TRAMO RECTO,PLANA ,ASFALTADA,NO,,,SI,IMPRUDENCIA DEL CONDUCTOR,EXCESO DE VELOCIDAD,18.0,0,2024.0,3.0,3.0,0,3,1,1,0.0,0.0,0.0,0.0,0,1,73.0,0.0,0,0,2,0.0,0.0,1
A-2024-03-134,2024-03-14,22:40,CHOQUE,1,3,0,LIMA,LIMA,ANCON,URBANA,CARRETERA,NACIONAL,PE-1N,-11.766331,-77.158654,DESPEJADO,INDUSTRIAL,TRAMO RECTO,PLANA ,ASFALTADA,,,,,IMPRUDENCIA DEL CONDUCTOR,INVASIÓN DE CARRIL,22.0,0,2024.0,3.0,3.0,0,3,1,0,0.0,0.0,0.0,0.0,0,0,33.166666666666664,9.17423929634859,0,2,6,0.0,0.333,1
A-2024-03-79,2024-03-15,05:45,ATROPELLO FUGA,1,0,0,ICA,ICA,PARCONA,URBANA,CALLE,URBANO,NO CORRESPONDE,-14.050486733273146,-75.7043469316855,DESPEJADO,RESIDENCIAL,INTERSECCIÓN,PLANA ,ASFALTADA,,,,,EN PROCESO DE INVESTIGACIÓN,NO CUENTA CON CAUSA ESPECIFICA,5.0,0,2024.0,3.0,4.0,0,0,1,0,2.0,0.0,0.0,2.0,0,0,62.0,0.0,0,0,2,0.0,0.0,1
A-2024-03-80,2024-03-15,05:45,ATROPELLO FUGA,1,0,0,ICA,ICA,PARCONA,URBANA,AVENIDA,URBANO,NO CORRESPONDE,-14.058877,-75.722746,DESPEJADO,COMERCIAL,TRAMO RECTO,PLANA ,ASFALTADA,,,,,EN PROCESO DE INVESTIGACIÓN,NO CUENTA CON CAUSA ESPECIFICA,5.0,0,2024.0,3.0,4.0,0,0,1,0,1.0,0.0,0.0,1.0,0,0,85.0,0.0,0,0,2,0.0,0.0,1
A-2024-03-81,2024-03-15,16:45,ESPECIAL,1,0,0,ICA,NASCA,NASCA,URBANA,CARRETERA,NACIONAL,PE-1S,-14.837916,-74.942439,DESPEJADO,RESIDENCIAL,TRAMO RECTO,PLANA ,ASFALTADA,,,,,EN PROCESO DE INVESTIGACIÓN,NO CUENTA CON CAUSA ESPECIFICA,16.0,0,2024.0,3.0,4.0,0,2,1,0,0.0,0.0,0.0,0.0,0,0,62.0,1.4142135623730951,0,1,2,0.0,0.5,0
A-2024-03-107,2024-03-15,19:10,CHOQUE,2,0,2,CAJAMARCA,HUALGAYOC,BAMBAMARCA,RURAL,CARRETERA,NACIONAL,PE-3N,-6.683483,-78.530502,DESPEJADO,RURAL,CURVA,INCLINADA,ASFALTADA,SI,PREVENTIVA (P),,SI,IMPRUDENCIA DEL CONDUCTOR,OTRO (IMPRUDENCIA DEL CONDUCTOR),19.0,1,2024.0,3.0,4.0,0,3,1,1,0.0,1.0,0.0,1.0,0,0,20.0,7.211102550927978,0,1,3,0.0,0.333,1
A-2024-03-121,2024-03-15,22:55,ATROPELLO,1,0,0,LIMA,LIMA,SAN MARTIN DE PORRES,URBANA,AVENIDA,URBANO,NO CORRESPONDE,-11.98993572333433,-77.1065006007696,DESPEJADO,COMERCIAL,TRAMO RECTO,PLANA ,ASFALTADA,,,,,IMPRUDENCIA DEL PEATÓN,ESTADO DE EBRIEDAD Y/O DROGADICCIÓN,22.0,0,2024.0,3.0,4.0,0,3,1,0,1.0,0.0,0.0,1.0,0,0,43.5,17.67766952966369,0,1,2,0.0,0.5,1
A-2024-03-67,2024-03-16,23:30,CHOQUE,1,0,0,JUNIN,YAULI,LA OROYA,RURAL,CARRETERA,NACIONAL,PE-3S,-11.61207197136618,-75.84257120446206,LLUVIOSO,RURAL,TRAMO RECTO,PLANA ,ASFALTADA,NO,,,SI,IMPRUDENCIA DEL CONDUCTOR,INVASIÓN DE CARRIL,23.0,0,2024.0,3.0,5.0,1,3,1,1,0.0,0.0,0.0,0.0,1,1,40.0,4.242640687119285,0,2,2,0.0,1.0,1
A-2024-03-18,2024-03-17,01:30,CHOQUE CON OBJETO FIJO,1,1,1,APURIMAC,CHINCHEROS,ANCO_HUALLO,URBANA,AVENIDA,URBANO,NO CORRESPONDE,-13.523365389935542,-73.68417624024546,LLUVIOSO,COMERCIAL,CURVA,INCLINADA,AFIRMADO,,,,,IMPRUDENCIA DEL CONDUCTOR,EXCESO DE VELOCIDAD,1.0,0,2024.0,3.0,6.0,1,0,1,1,1.0,1.0,1.0,3.0,1,0,19.5,2.1213203435596424,0,0,2,0.0,0.0,1
A-2024-03-14,2024-03-17,02:00,CHOQUE,1,0,2,AREQUIPA,ISLAY,PUNTA DE BOMBON,URBANA,CARRETERA,NACIONAL,PE-1SD,-17.147878,-71.784527,DESPEJADO,RESIDENCIAL,CURVA,INCLINADA,ASFALTADA,NO,,,SI,EN PROCESO DE INVESTIGACIÓN,NO CUENTA CON CAUSA ESPECIFICA,2.0,0,2024.0,3.0,6.0,1,0,1,0,0.0,1.0,0.0,1.0,0,1,60.5,21.920310216782973,0,1,2,0.0,0.5,1
A-2024-03-7,2024-03-17,05:40,CHOQUE,6,3,2,LIMA,HUAURA,HUACHO,RURAL,CARRETERA,NACIONAL,PE-1N,-11.1323,-77.5959,DESPEJADO,RURAL,TRAMO RECTO,INCLINADA,ASFALTADA,,,,,IMPRUDENCIA DEL CONDUCTOR,EXCESO DE VELOCIDAD,5.0,2,2024.0,3.0,6.0,1,0,1,0,0.0,1.0,0.0,1.0,0,0,22.4,14.523544103741804,0,2,10,0.0,0.2,1
A-2024-03-122,2024-03-17,10:50,ATROPELLO,1,0,0,LIMA,LIMA,VILLA EL SALVADOR,URBANA,AVENIDA,URBANO,NO CORRESPONDE,-12.235893614367797,-76.91603828356973,DESPEJADO,COMERCIAL,INTERSECCIÓN,PLANA ,ASFALTADA,,,,,EN PROCESO DE INVESTIGACIÓN,NO CUENTA CON CAUSA ESPECIFICA,10.0,0,2024.0,3.0,6.0,1,1,1,0,1.0,0.0,0.0,1.0,0,0,28.0,36.76955262170047,0,0,2,0.0,0.0,0
A-2024-03-137,2024-03-17,14:20,CHOQUE,1,1,0,LIMA,LIMA,SAN JUAN DE LURIGANCHO,URBANA,AVENIDA,URBANO,NO CORRESPONDE,-12.0202483773,-77.0051237513,DESPEJADO,RESIDENCIAL,TRAMO RECTO,PLANA ,ASFALTADA,,,,,IMPRUDENCIA DEL CONDUCTOR,NO ESTABLECER EL DERECHO DE PASO,14.0,0,2024.0,3.0,6.0,1,2,1,0,1.0,0.0,0.0,1.0,0,0,25.333333333333332,2.516611478423583,0,2,3,0.0,0.667,0
A-2024-03-26,2024-03-17,19:00,ATROPELLO,1,0,1,CUSCO,CANAS,PAMPAMARCA,RURAL,CARRETERA,NACIONAL,PE-34F,-14.180895,-71.445859,DESPEJADO,RURAL,TRAMO RECTO,PLANA ,ASFALTADA,SI,REGULADORA (R),REGULADORA (R),NO,IMPRUDENCIA DEL CONDUCTOR,EXCESO DE VELOCIDAD,19.0,0,2024.0,3.0,6.0,1,3,1,1,0.0,0.0,0.0,0.0,0,1,67.0,12.727922061357855,0,1,2,0.0,0.5,1
A-2024-03-11,2024-03-18,00:45,DESPISTE,1,0,1,PUNO,CHUCUITO,POMATA,RURAL,CARRETERA,DEPARTAMENTAL,PU-150,-16.399664,-69.27306,DESPEJADO,RURAL,TRAMO RECTO,PLANA ,TROCHA,,,,,IMPRUDENCIA DEL CONDUCTOR,OTRO (IMPRUDENCIA DEL CONDUCTOR),0.0,0,2024.0,3.0,0.0,0,0,1,1,0.0,0.0,2.0,2.0,0,0,33.0,0.0,0,0,1,0.0,0.0,1
A-2024-03-53,2024-03-18,01:35,DESPISTE,1,0,1,LA LIBERTAD,SANCHEZ CARRION,HUAMACHUCO,RURAL,CALLE,URBANO,NO CORRESPONDE,-7.811762946620671,-78.03042658736254,DESPEJADO,RURAL,TRAMO RECTO,PLANA ,TROCHA,,,,,EN PROCESO DE INVESTIGACIÓN,NO CUENTA CON CAUSA ESPECIFICA,1.0,0,2024.0,3.0,0.0,0,0,1,0,2.0,0.0,2.0,4.0,0,0,18.0,0.0,0,0,1,0.0,0.0,1
A-2024-03-133,2024-03-18,08:10,DESPISTE,1,0,0,LIMA,LIMA,LURIGANCHO,RURAL,AVENIDA,URBANO,NO CORRESPONDE,-11.978838405007334,-76.92725795920653,DESPEJADO,RURAL,TRAMO RECTO,PLANA ,ASFALTADA,,,,,IMPRUDENCIA DEL CONDUCTOR,CONDUCIR EN ESTADO DE EBRIEDAD Y/O DROGADICCIÓN,8.0,0,2024.0,3.0,0.0,0,1,1,0,1.0,0.0,0.0,1.0,0,0,26.0,0.0,0,0,1,0.0,0.0,0
A-2024-03-135,2024-03-18,10:50,VOLCADURA,1,0,0,LIMA,LIMA,SAN JUAN DE MIRAFLORES,URBANA,AVENIDA,URBANO,NO CORRESPONDE,-12.162988322400883,-76.96899721644822,DESPEJADO,RESIDENCIAL,INTERSECCIÓN,PLANA ,ASFALTADA,,,,,EN PROCESO DE INVESTIGACIÓN,NO CUENTA CON CAUSA ESPECIFICA,10.0,0,2024.0,3.0,0.0,0,1,1,0,1.0,0.0,0.0,1.0,0,0,24.0,0.0,0,0,1,0.0,0.0,0
A-2024-03-136,2024-03-18,12:10,DESPISTE,1,0,0,LIMA,LIMA,COMAS,URBANA,AVENIDA,URBANO,NO CORRESPONDE,-11.93007133823279,-77.06953497903264,DESPEJADO,RESIDENCIAL,INTERSECCIÓN,PLANA ,ASFALTADA,,,,,IMPRUDENCIA DEL CONDUCTOR,NO ESTABLECER EL DERECHO DE PASO,12.0,0,2024.0,3.0,0.0,0,2,1,0,1.0,0.0,0.0,1.0,0,0,26.5,9.192388155425117,0,1,2,0.0,0.5,0
A-2024-03-25,2024-03-18,14:00,ATROPELLO,1,0,1,CUSCO,LA CONVENCION,SANTA ANA,RURAL,CARRETERA,NACIONAL,PE-28B,-12.877701,-72.691292,SOLEADO,RURAL,TRAMO RECTO,PLANA ,ASFALTADA,,,,,IMPRUDENCIA DEL PEATÓN,OTRO (IMPRUDENCIA DEL PEATÓN),14.0,0,2024.0,3.0,0.0,0,2,1,1,0.0,0.0,0.0,0.0,0,0,57.5,23.33452377915607,0,1,2,0.0,0.5,0
A-2024-03-98,2024-03-18,20:00,CHOQUE,1,1,2,AMAZONAS,UTCUBAMBA,BAGUA GRANDE,RURAL,CARRETERA,NACIONAL,PE-5N,-5.797684,-78.332197,DESPEJADO,RURAL,TRAMO RECTO,PLANA ,ASFALTADA,,,,,IMPRUDENCIA DEL CONDUCTOR,CONDUCIR EN ESTADO DE EBRIEDAD Y/O DROGADICCIÓN,20.0,0,2024.0,3.0,0.0,0,3,1,2,0.0,0.0,0.0,0.0,0,0,48.0,0.0,0,0,1,0.0,0.0,1
A-2024-03-27,2024-03-19,07:30,CHOQUE,1,0,2,CUSCO,ESPINAR,CONDOROMA,RURAL,CARRETERA,NACIONAL,PE-34J,-15.323607,-71.124161,DESPEJADO,RURAL,TRAMO RECTO,PLANA ,ASFALTADA,NO,,,SI,IMPRUDENCIA DEL CONDUCTOR,GIRAR IMPRUDENTEMENTE,7.0,0,2024.0,3.0,1.0,0,1,1,1,0.0,0.0,0.0,0.0,0,1,32.5,7.7781745930520225,0,1,2,0.0,0.5,0
A-2024-03-56,2024-03-19,18:25,DESPISTE,1,1,0,PIURA,SECHURA,SECHURA,RURAL,CARRETERA,NACIONAL,PE-04,-5.895401,-80.897005,DESPEJADO,RURAL,TRAMO RECTO,PLANA ,ASFALTADA,,,,,EN PROCESO DE INVESTIGACIÓN,NO CUENTA CON CAUSA ESPECIFICA,18.0,0,2024.0,3.0,1.0,0,3,1,0,0.0,0.0,0.0,0.0,0,0,53.5,3.5355339059327378,0,0,2,0.0,0.0,1
A-2024-03-15,2024-03-19,18:45,CHOQUE FUGA,1,1,3,AREQUIPA,AREQUIPA,SAN JUAN DE TARUCANI,RURAL,CARRETERA,NACIONAL,PE-34A,-16.02783,-71.280901,LLUVIOSO,RURAL,CURVA,INCLINADA,ASFALTADA,NO,,,SI,EN PROCESO DE INVESTIGACIÓN,NO CUENTA CON CAUSA ESPECIFICA,18.0,0,2024.0,3.0,1.0,0,3,1,0,0.0,1.0,0.0,1.0,1,1,37.0,5.0,0,1,4,0.0,0.25,1
A-2024-03-16,2024-03-20,07:30,CAÍDA DE PASAJERO,1,0,0,AREQUIPA,AREQUIPA,CHARACATO,URBANA,AVENIDA,URBANO,NO CORRESPONDE,-16.475883,-71.485256,DESPEJADO,RESIDENCIAL,CURVA,PLANA ,ASFALTADA,,,,,EN PROCESO DE INVESTIGACIÓN,NO CUENTA CON CAUSA ESPECIFICA,7.0,0,2024.0,3.0,2.0,0,1,1,0,1.0,0.0,0.0,1.0,0,0,23.5,23.33452377915607,0,1,2,0.0,0.5,0
A-2024-03-20,2024-03-20,08:05,CHOQUE,1,0,2,PUNO,EL COLLAO,ILAVE,URBANA,AVENIDA,URBANO,NO CORRESPONDE,-16.083489,-69.635469,DESPEJADO,COMERCIAL,INTERSECCIÓN,PLANA ,ASFALTADA,,,,,IMPRUDENCIA DEL CONDUCTOR,EXCESO DE VELOCIDAD,8.0,0,2024.0,3.0,2.0,0,1,1,1,1.0,0.0,0.0,1.0,0,0,33.5,9.192388155425117,0,2,2,0.0,1.0,0
A-2024-03-109,2024-03-21,01:00,CHOQUE,1,0,2,CAJAMARCA,JAEN,JAEN,RURAL,CARRETERA,NACIONAL,PE-04C,-5.878931,-78.808966,DESPEJADO,RURAL,CURVA,PLANA ,ASFALTADA,,,,,IMPRUDENCIA DEL CONDUCTOR,EXCESO DE VELOCIDAD,1.0,0,2024.0,3.0,3.0,0,0,1,1,0.0,0.0,0.0,0.0,0,0,43.0,1.4142135623730951,0,1,2,0.0,0.5,1
A-2024-03-70,2024-03-21,19:10,ATROPELLO,1,0,0,AYACUCHO,HUAMANGA,AYACUCHO,URBANA,OTRO,URBANO,NO CORRESPONDE,-13.134532,-74.229607,DESPEJADO,RESIDENCIAL,ÓVALO,PLANA ,ASFALTADA,,,,,IMPRUDENCIA DEL CONDUCTOR,OTRO (IMPRUDENCIA DEL CONDUCTOR),19.0,0,2024.0,3.0,3.0,0,3,1,1,2.0,0.0,0.0,2.0,0,0,59.5,21.920310216782973,0,1,2,0.0,0.5,1
A-2024-03-89,2024-03-21,23:55,DESPISTE,2,1,0,JUNIN,YAULI,YAULI,RURAL,CARRETERA,NACIONAL,PE-22,-11.624472,-75.999669,DESPEJADO,RURAL,CURVA,PLANA ,ASFALTADA,SI,REGULADORA (R),,SI,IMPRUDENCIA DEL CONDUCTOR,OTRO (IMPRUDENCIA DEL CONDUCTOR),23.0,1,2024.0,3.0,3.0,0,3,1,1,0.0,0.0,0.0,0.0,0,0,23.0,6.082762530298219,0,0,3,0.0,0.0,1
A-2024-03-123,2024-03-22,01:45,ATROPELLO FUGA,1,0,0,LIMA,LIMA,LIMA,URBANA,AVENIDA,URBANO,NO CORRESPONDE,-12.044728666670592,-77.01944000360743,DESPEJADO,COMERCIAL,INTERSECCIÓN,PLANA ,ASFALTADA,,,,,EN PROCESO DE INVESTIGACIÓN,NO CUENTA CON CAUSA ESPECIFICA,1.0,0,2024.0,3.0,4.0,0,0,1,0,1.0,0.0,0.0,1.0,0,0,65.0,0.0,0,0,2,0.0,0.0,1
A-2024-03-138,2024-03-22,03:00,CAÍDA DE PASAJERO,1,0,0,LIMA,CAÑETE,CHILCA,RURAL,CARRETERA,NACIONAL,PE-1S,-12.502039,-76.74102,DESPEJADO,INDUSTRIAL,TRAMO RECTO,PLANA ,ASFALTADA,,,,,IMPRUDENCIA DEL CONDUCTOR,CONDUCIR EN ESTADO DE EBRIEDAD Y/O DROGADICCIÓN,3.0,0,2024.0,3.0,4.0,0,0,1,0,0.0,0.0,0.0,0.0,0,0,32.5,10.606601717798213,0,0,2,0.0,0.0,1
A-2024-03-68,2024-03-22,11:03,DESPISTE,1,0,0,JUNIN,JAUJA,CURICACA,RURAL,CARRETERA,NACIONAL,PE-3S,-11.800147,-75.653837,DESPEJADO,RURAL,CURVA,PLANA ,ASFALTADA,,,,,IMPRUDENCIA DEL CONDUCTOR,OTRO (IMPRUDENCIA DEL CONDUCTOR),11.0,0,2024.0,3.0,4.0,0,1,1,1,0.0,0.0,0.0,0.0,0,0,30.0,0.0,0,1,1,0.0,1.0,0
A-2024-03-62,2024-03-22,12:20,DESPISTE,1,1,1,HUANCAVELICA,CHURCAMPA,ANCO,RURAL,CARRETERA,DEPARTAMENTAL,HV-103,-12.66950697179475,-74.57024320214848,SOLEADO,RURAL,TRAMO RECTO,PLANA ,ASFALTADA,,,,,EN PROCESO DE INVESTIGACIÓN,NO CUENTA CON CAUSA ESPECIFICA,12.0,0,2024.0,3.0,4.0,0,2,1,1,0.0,0.0,0.0,0.0,0,0,37.0,0.0,0,0,2,0.0,0.0,0
A-2024-03-22,2024-03-22,15:30,DESPISTE,1,3,1,AREQUIPA,CAYLLOMA,CALLALLI,RURAL,CARRETERA,NACIONAL,PE-34J,-15.50136330555385,-71.05974279742226,NUBLADO,RURAL,TRAMO RECTO,PLANA ,ASFALTADA,NO,,,SI,EN PROCESO DE INVESTIGACIÓN,NO CUENTA CON CAUSA ESPECIFICA,15.0,0,2024.0,3.0,4.0,0,2,1,0,0.0,0.0,0.0,0.0,0,1,31.75,26.107150999933587,0,1,4,0.0,0.25,0
A-2024-03-17,2024-03-22,16:20,ATROPELLO,1,0,1,AREQUIPA,AREQUIPA,LA JOYA,URBANA,CARRETERA,NACIONAL,PE-1S,-16.518255,-71.799233,DESPEJADO,COMERCIAL,TRAMO RECTO,PLANA ,ASFALTADA,NO,,,SI,EN PROCESO DE INVESTIGACIÓN,NO CUENTA CON CAUSA ESPECIFICA,16.0,0,2024.0,3.0,4.0,0,2,1,0,0.0,0.0,0.0,0.0,0,1,34.0,0.0,0,1,2,0.0,0.5,0
A-2024-03-19,2024-03-22,18:00,CHOQUE,1,0,2,LIMA,HUAURA,VEGUETA,RURAL,CARRETERA,NACIONAL,PE-1N,-11.02663927766893,-77.59436482605076,DESPEJADO,RURAL,TRAMO RECTO,PLANA ,ASFALTADA,SI,REGULADORA (R),REGULADORA (R),NO,IMPRUDENCIA DEL CONDUCTOR,NO ESTABLECER EL DERECHO DE PASO,18.0,0,2024.0,3.0,4.0,0,3,1,0,0.0,0.0,0.0,0.0,0,1,61.0,4.242640687119285,0,1,2,0.0,0.5,1
A-2024-03-139,2024-03-23,01:40,DESPISTE,1,0,0,LIMA,LIMA,LINCE,URBANA,VIA EXPRESA,URBANO,NO CORRESPONDE,-12.079679335081144,-77.0278352483514,DESPEJADO,COMERCIAL,TRAMO RECTO,PLANA ,ASFALTADA,,,,,IMPRUDENCIA DEL CONDUCTOR,EXCESO DE VELOCIDAD,1.0,0,2024.0,3.0,5.0,1,0,1,0,1.0,0.0,0.0,1.0,0,0,29.0,0.0,0,1,1,0.0,1.0,1
A-2024-03-21,2024-03-23,07:40,CHOQUE,1,0,2,PUNO,YUNGUYO,YUNGUYO,RURAL,CARRETERA,DEPARTAMENTAL,PU-130,-16.264004036685165,-69.16516896929004,DESPEJADO,RURAL,TRAMO RECTO,PLANA ,ASFALTADA,,,,,IMPRUDENCIA DEL CONDUCTOR,GIRAR IMPRUDENTEMENTE,7.0,0,2024.0,3.0,5.0,1,1,1,1,0.0,0.0,0.0,0.0,0,0,55.0,36.76955262170047,0,1,2,0.0,0.5,0
A-2024-03-90,2024-03-23,08:40,DESPISTE,2,1,0,JUNIN,YAULI,YAULI,RURAL,CARRETERA,NACIONAL,PE-22,-11.608938,-76.036395,,,,,,,,,,EN PROCESO DE INVESTIGACIÓN,NO CUENTA CON CAUSA ESPECIFICA,8.0,1,2024.0,3.0,5.0,1,1,1,1,0.0,1.0,1.0,2.0,0,0,30.75,14.430869689661812,0,0,4,0.0,0.0,0
A-2024-03-110,2024-03-23,20:00,CHOQUE,1,1,2,CAJAMARCA,JAEN,BELLAVISTA,RURAL,CARRETERA,NACIONAL,PE-5N,-5.620572,-78.771171,DESPEJADO,RURAL,TRAMO RECTO,PLANA ,ASFALTADA,,,,,IMPRUDENCIA DEL CONDUCTOR,EXCESO DE VELOCIDAD,20.0,0,2024.0,3.0,5.0,1,3,1,1,0.0,0.0,0.0,0.0,0,0,42.5,0.7071067811865476,0,2,2,0.0,1.0,1
A-2024-03-124,2024-03-23,20:30,ATROPELLO,1,0,0,LIMA,LIMA,PUENTE PIEDRA,URBANA,AVENIDA,URBANO,NO CORRESPONDE,-11.839902439475097,-77.11323842805432,DESPEJADO,COMERCIAL,TRAMO RECTO,PLANA ,ASFALTADA,,,,,EN PROCESO DE INVESTIGACIÓN,NO CUENTA CON CAUSA ESPECIFICA,20.0,0,2024.0,3.0,5.0,1,3,1,0,1.0,0.0,0.0,1.0,0,0,35.0,0.0,0,0,2,0.0,0.0,1
A-2024-03-82,2024-03-24,00:00,ATROPELLO,1,0,1,ICA,PISCO,SAN CLEMENTE,URBANA,CARRETERA,NACIONAL,PE-1SE,-13.6702,-76.1685,DESPEJADO,COMERCIAL,TRAMO RECTO,PLANA ,ASFALTADA,,,,,EN PROCESO DE INVESTIGACIÓN,NO CUENTA CON CAUSA ESPECIFICA,0.0,0,2024.0,3.0,6.0,1,0,1,0,0.0,0.0,0.0,0.0,0,0,27.0,9.899494936611665,0,1,2,0.0,0.5,1
A-2024-03-140,2024-03-24,05:30,CHOQUE,1,0,0,LIMA,LIMA,SAN JUAN DE LURIGANCHO,URBANA,AVENIDA,URBANO,NO CORRESPONDE,-12.013773512009433,-77.01176489019718,DESPEJADO,RESIDENCIAL,TRAMO RECTO,PLANA ,ASFALTADA,,,,,IMPRUDENCIA DEL CONDUCTOR,CONDUCIR EN ESTADO DE EBRIEDAD Y/O DROGADICCIÓN,5.0,0,2024.0,3.0,6.0,1,0,1,0,1.0,0.0,0.0,1.0,0,0,23.333333333333332,4.041451884327381,0,1,3,0.0,0.333,1
A-2024-03-28,2024-03-24,06:00,CHOQUE,1,0,2,PUNO,CHUCUITO,ZEPITA,RURAL,CARRETERA,NACIONAL,PE-3S,-16.513158,-69.087568,DESPEJADO,RURAL,TRAMO RECTO,PLANA ,ASFALTADA,,,,,IMPRUDENCIA DEL CONDUCTOR,EXCESO DE VELOCIDAD,6.0,0,2024.0,3.0,6.0,1,1,1,1,0.0,0.0,0.0,0.0,0,0,43.5,20.506096654409877,0,1,2,0.0,0.5,0