CODIGO_SINIESTRO,FECHA_SINIESTRO,HORA_SINIESTRO,CLASE_SINIESTRO,CANTIDAD_FALLECIDOS,CANTIDAD_LESIONADOS,CANTIDAD_VEHICULOS,DEPARTAMENTO,PROVINCIA,DISTRITO,ZONA,TIPO_VIA,RED_VIAL,COD_CARRETERA,LATITUD,LONGITUD,CONDICION_CLIMATICA,ZONIFICACION,CARACTERISTICAS_VIA,PERFIL_VIA,SUPERFICIE_CALZADA,EXISTE_SENIAL_VERTICAL,CLASIFICACION_SENIAL_VERTICAL_1,CLASIFICACION_SENIAL_VERTICAL_2,EXISTE_SENIAL_HORIZONTAL,CAUSA_FACTOR_PRINCIPAL,CAUSA_ESPECIFICA,HORA,severidad,ANIO,MES,DIA_SEMANA,FIN_SEMANA,FRANJA_HORARIA,TEMPORADA,MACROREGION,TIPO_VIA_SCORE,PERFIL_VIA_SCORE,SUPERFICIE_CALZADA_SCORE,RIESGO_INFRAESTRUCTURA,RIESGO_CLIMATICO,SENIALIZACION_DEFICIENTE,EDAD_PROMEDIO,EDAD_STD,TOTAL_ALCOHOL,TOTAL_LICENCIA,TOTAL_PERSONAS,PCT_ALCOHOL,PCT_LICENCIA,ES_NOCHE
A-2024-03-83,2024-03-24,08:45,CHOQUE CON OBJETO FIJO,1,0,1,ICA,PISCO,SAN ANDRES,URBANA,CALLE,URBANO,NO CORRESPONDE,-13.726037,-76.183027,DESPEJADO,RESIDENCIAL,INTERSECCIÓN,PLANA ,TROCHA,,,,,EN PROCESO DE INVESTIGACIÓN,NO CUENTA CON CAUSA ESPECIFICA,8.0,0,2024.0,3.0,6.0,1,1,1,0,2.0,0.0,2.0,4.0,0,0,30.0,0.0,0,1,1,0.0,1.0,0
A-2024-03-54,2024-03-24,13:00,CHOQUE,2,0,2,LA LIBERTAD,ASCOPE,CHICAMA,RURAL,CARRETERA,NACIONAL,PE-1N,-7.8757739884,-79.1322128472,DESPEJADO,RURAL,TRAMO RECTO,PLANA ,ASFALTADA,,,,,INFRAESTRUCTURA Y ENTORNO VIAL,SEÑALIZACIÓN DEFECTUOSA,13.0,1,2024.0,3.0,6.0,1,2,1,0,0.0,0.0,0.0,0.0,0,0,54.0,14.674240468703427,0,2,4,0.0,0.5,0
A-2024-03-35,2024-03-24,18:30,DESPISTE,1,0,1,LIMA,HUAURA,HUACHO,RURAL,CARRETERA,NACIONAL,PE-1N,-11.230463837060595,-77.54308373677155,DESPEJADO,RURAL,TRAMO RECTO,PLANA ,ASFALTADA,SI,REGULADORA (R),,NO,IMPRUDENCIA DEL CONDUCTOR,FATIGA Y/O CANSANCIO,18.0,0,2024.0,3.0,6.0,1,3,1,0,0.0,0.0,0.0,0.0,0,1,39.5,21.920310216782973,0,1,2,0.0,0.5,1
A-2024-03-86,2024-03-24,18:30,ATROPELLO FUGA,1,0,1,HUANCAVELICA,CHURCAMPA,LOCROJA,RURAL,CARRETERA,PROVINCIAL,HV-733,-12.71108,-74.443487,LLUVIOSO,RURAL,TRAMO RECTO,INCLINADA,AFIRMADO,SI,PREVENTIVA (P),,NO,IMPRUDENCIA DEL CONDUCTOR,EXCESO DE VELOCIDAD,18.0,0,2024.0,3.0,6.0,1,3,1,1,0.0,1.0,1.0,2.0,1,1,23.5,10.606601717798213,0,0,2,0.0,0.0,1
A-2024-03-33,2024-03-24,22:00,CHOQUE,1,0,2,AREQUIPA,AREQUIPA,UCHUMAYO,RURAL,CARRETERA,NACIONAL,PE-34A,-16.415234,-71.640274,SOLEADO,RURAL,TRAMO RECTO,PLANA ,ASFALTADA,,,,,EN PROCESO DE INVESTIGACIÓN,NO CUENTA CON CAUSA ESPECIFICA,22.0,0,2024.0,3.0,6.0,1,3,1,0,0.0,0.0,0.0,0.0,0,0,41.0,22.627416997969522,0,2,2,0.0,1.0,1
A-2024-03-57,2024-03-25,00:30,DESPISTE,1,0,0,PIURA,PIURA,CATACAOS,URBANA,CARRETERA,NACIONAL,PE-1N,-5.23145842995732,-80.6488168187739,DESPEJADO,RURAL,TRAMO RECTO,PLANA ,ASFALTADA,,,,,EN PROCESO DE INVESTIGACIÓN,NO CUENTA CON CAUSA ESPECIFICA,0.0,0,2024.0,3.0,0.0,0,0,1,0,0.0,0.0,0.0,0.0,0,0,21.0,0.0,1,0,1,1.0,0.0,1
A-2024-03-58,2024-03-25,00:30,DESPISTE,1,0,0,PIURA,PIURA,PIURA,,AVENIDA,URBANO,NO CORRESPONDE,-5.182572,-80.632569,,,,,,,,,,EN PROCESO DE INVESTIGACIÓN,NO CUENTA CON CAUSA ESPECIFICA,0.0,0,2024.0,3.0,0.0,0,0,1,0,1.0,1.0,1.0,3.0,0,0,35.0,0.0,0,0,1,0.0,0.0,1
A-2024-03-141,2024-03-25,01:30,VOLCADURA,1,0,0,LIMA,LIMA,INDEPENDENCIA,URBANA,CARRETERA,NACIONAL,PE-1N,-11.986382,-77.064734,DESPEJADO,COMERCIAL,TRAMO RECTO,PLANA ,ASFALTADA,,,,,IMPRUDENCIA DEL CONDUCTOR,CONDUCIR EN ESTADO DE EBRIEDAD Y/O DROGADICCIÓN,1.0,0,2024.0,3.0,0.0,0,0,1,0,0.0,0.0,0.0,0.0,0,0,37.5,2.1213203435596424,0,1,2,0.0,0.5,1
A-2024-03-99,2024-03-25,08:40,CHOQUE,1,0,0,LIMA,LIMA,SANTIAGO DE SURCO,URBANA,AVENIDA,URBANO,NO CORRESPONDE,-12.128816477649847,-77.00238000955726,DESPEJADO,COMERCIAL,TRAMO RECTO,PLANA ,ASFALTADA,,,,,IMPRUDENCIA DEL CONDUCTOR,OTRO (IMPRUDENCIA DEL CONDUCTOR),8.0,0,2024.0,3.0,0.0,0,1,1,0,1.0,0.0,0.0,1.0,0,0,55.5,28.991378028648448,0,1,2,0.0,0.5,0
A-2024-03-84,2024-03-25,08:45,CHOQUE,1,0,2,ICA,NASCA,NASCA,URBANA,AVENIDA,URBANO,NO CORRESPONDE,-14.83786,-74.94163,DESPEJADO,COMERCIAL,TRAMO RECTO,PLANA ,ASFALTADA,,,,,EN PROCESO DE INVESTIGACIÓN,NO CUENTA CON CAUSA ESPECIFICA,8.0,0,2024.0,3.0,0.0,0,1,1,0,1.0,0.0,0.0,1.0,0,0,77.0,0.0,0,1,2,0.0,0.5,0
A-2024-03-30,2024-03-25,16:15,DESPISTE,1,0,1,CUSCO,URUBAMBA,MARAS,URBANA,CARRETERA,NACIONAL,PE-28F,-13.3123113943718,-72.1184390085434,DESPEJADO,RURAL,TRAMO RECTO,PLANA ,ASFALTADA,,,,,IMPERICIA DEL CONDUCTOR,,16.0,0,2024.0,3.0,0.0,0,2,1,1,0.0,0.0,0.0,0.0,0,0,52.0,0.0,0,1,1,0.0,1.0,0
A-2024-03-29,2024-03-26,01:30,DESPISTE,1,1,1,PUNO,PUNO,ACORA,RURAL,CARRETERA,NACIONAL,PE-3S,-16.024359,-69.736909,DESPEJADO,RURAL,TRAMO RECTO,PLANA ,ASFALTADA,,,,,IMPRUDENCIA DEL CONDUCTOR,CONDUCIR EN ESTADO DE EBRIEDAD Y/O DROGADICCIÓN,1.0,0,2024.0,3.0,1.0,0,0,1,1,0.0,0.0,0.0,0.0,0,0,22.5,2.1213203435596424,0,1,2,0.0,0.5,1
A-2024-03-41,2024-03-26,09:40,DESPISTE,1,2,1,CUSCO,URUBAMBA,OLLANTAYTAMBO,RURAL,CARRETERA,NACIONAL,PE-28B,-13.258691101416444,-72.26394920340877,NIEBLA,RURAL,TRAMO RECTO,PLANA ,ASFALTADA,NO,,,NO,IMPRUDENCIA DEL CONDUCTOR,EXCESO DE VELOCIDAD,9.0,0,2024.0,3.0,1.0,0,1,1,1,0.0,0.0,0.0,0.0,0,2,27.666666666666668,7.094598884597588,0,1,3,0.0,0.333,0
A-2024-03-142,2024-03-26,14:00,CHOQUE,1,0,0,LIMA,LIMA,BARRANCO,URBANA,AVENIDA,URBANO,NO CORRESPONDE,-12.151154711900746,-77.02222259254,DESPEJADO,COMERCIAL,INTERSECCIÓN,PLANA ,ASFALTADA,,,,,IMPRUDENCIA DEL CONDUCTOR,DESACATO DE SEÑAL DE TRÁNSITO,14.0,0,2024.0,3.0,1.0,0,2,1,0,1.0,0.0,0.0,1.0,0,0,46.0,31.11269837220809,0,1,2,0.0,0.5,0
A-2024-03-34,2024-03-26,22:30,CHOQUE,2,5,3,AREQUIPA,AREQUIPA,SAN JUAN DE TARUCANI,RURAL,CARRETERA,NACIONAL,PE-34A,-16.0026029,-71.2677608,DESPEJADO,RURAL,CURVA,PLANA ,ASFALTADA,NO,,,SI,EN PROCESO DE INVESTIGACIÓN,NO CUENTA CON CAUSA ESPECIFICA,22.0,1,2024.0,3.0,1.0,0,3,1,0,0.0,0.0,0.0,0.0,0,1,24.375,13.190229067652423,0,3,8,0.0,0.375,1
A-2024-03-60,2024-03-27,21:40,CHOQUE FUGA,1,0,0,PIURA,PIURA,PIURA,RURAL,CARRETERA,NACIONAL,PE-1N,-5.088159,-80.705994,DESPEJADO,RURAL,TRAMO RECTO,PLANA ,ASFALTADA,,,,,EN PROCESO DE INVESTIGACIÓN,NO CUENTA CON CAUSA ESPECIFICA,21.0,0,2024.0,3.0,2.0,0,3,1,0,0.0,0.0,0.0,0.0,0,0,60.0,0.0,0,0,2,0.0,0.0,1
A-2024-03-88,2024-03-28,02:40,CHOQUE,1,2,2,ICA,CHINCHA,TAMBO DE MORA,RURAL,CARRETERA,NACIONAL,PE-1SE,-13.453134,-76.1795333,DESPEJADO,RURAL,TRAMO RECTO,PLANA ,ASFALTADA,,,,,EN PROCESO DE INVESTIGACIÓN,NO CUENTA CON CAUSA ESPECIFICA,2.0,0,2024.0,3.0,3.0,0,0,1,0,0.0,0.0,0.0,0.0,0,0,45.5,7.7781745930520225,0,1,3,0.0,0.333,1
A-2024-03-87,2024-03-28,04:20,DESPISTE,1,3,1,ICA,NASCA,NASCA,RURAL,CARRETERA,NACIONAL,PE-1S,-14.8161,-74.98039,DESPEJADO,RURAL,TRAMO RECTO,PLANA ,ASFALTADA,,,,,EN PROCESO DE INVESTIGACIÓN,NO CUENTA CON CAUSA ESPECIFICA,4.0,0,2024.0,3.0,3.0,0,0,1,0,0.0,0.0,0.0,0.0,0,0,26.75,2.4999999999999996,0,1,4,0.0,0.25,1
A-2024-03-85,2024-03-28,04:50,VOLCADURA,1,21,1,ICA,PALPA,LLIPATA,RURAL,CARRETERA,NACIONAL,PE-1S,-14.6456541,-75.1804584,DESPEJADO,RURAL,CURVA,INCLINADA,ASFALTADA,,,,,EN PROCESO DE INVESTIGACIÓN,NO CUENTA CON CAUSA ESPECIFICA,4.0,0,2024.0,3.0,3.0,0,0,1,0,0.0,1.0,0.0,1.0,0,0,35.1,16.864475275435918,0,1,23,0.0,0.043,1
A-2024-03-97,2024-03-28,09:00,DESPISTE,2,0,1,AMAZONAS,RODRIGUEZ DE MENDOZA,MARISCAL BENAVIDES,RURAL,CARRETERA,NACIONAL,PE-08B,-6.368051851,-77.51478583,DESPEJADO,RURAL,CURVA,INCLINADA,TROCHA,,,,,EN PROCESO DE INVESTIGACIÓN,NO CUENTA CON CAUSA ESPECIFICA,9.0,1,2024.0,3.0,3.0,0,1,1,2,0.0,1.0,2.0,3.0,0,0,56.0,5.656854249492381,0,1,2,0.0,0.5,0
A-2024-03-77,2024-03-29,01:30,ATROPELLO FUGA,1,0,0,AYACUCHO,HUAMANGA,VINCHOS,RURAL,CARRETERA,NACIONAL,PE-28A,-13.340377,-74.382811,DESPEJADO,RURAL,TRAMO RECTO,PLANA ,ASFALTADA,NO,,,SI,IMPRUDENCIA DEL PEATÓN,ESTADO DE EBRIEDAD Y/O DROGADICCIÓN,1.0,0,2024.0,3.0,4.0,0,0,1,1,0.0,0.0,0.0,0.0,0,1,53.0,0.0,1,0,2,0.5,0.0,1
A-2024-03-47,2024-03-29,03:00,CHOQUE CON OBJETO FIJO,1,0,1,TACNA,TACNA,TACNA,URBANA,AVENIDA,URBANO,NO CORRESPONDE,-18.088985,-70.286894,DESPEJADO,RESIDENCIAL,TRAMO RECTO,PLANA ,ASFALTADA,,,,,IMPRUDENCIA DEL CONDUCTOR,OTRO (IMPRUDENCIA DEL CONDUCTOR),3.0,0,2024.0,3.0,4.0,0,0,1,0,1.0,0.0,0.0,1.0,0,0,21.0,0.0,0,1,1,0.0,1.0,1
A-2024-03-143,2024-03-29,05:00,DESPISTE,1,0,0,LIMA,LIMA,RIMAC,URBANA,CARRETERA,NACIONAL,PE-1N,-12.03759524285303,-77.0130790931527,DESPEJADO,INDUSTRIAL,TRAMO RECTO,PLANA ,ASFALTADA,,,,,IMPRUDENCIA DEL CONDUCTOR,CONDUCIR EN ESTADO DE EBRIEDAD Y/O DROGADICCIÓN,5.0,0,2024.0,3.0,4.0,0,0,1,0,0.0,0.0,0.0,0.0,0,0,24.0,0.0,0,1,1,0.0,1.0,1
A-2024-03-59,2024-03-29,05:00,DESPISTE,2,0,0,PIURA,PIURA,PIURA,URBANA,AVENIDA,URBANO,NO CORRESPONDE,-5.175045,-80.64503,DESPEJADO,RURAL,TRAMO RECTO,PLANA ,ASFALTADA,,,,,EN PROCESO DE INVESTIGACIÓN,NO CUENTA CON CAUSA ESPECIFICA,5.0,1,2024.0,3.0,4.0,0,0,1,0,1.0,0.0,0.0,1.0,0,0,30.0,0.0,1,1,2,0.5,0.5,1
A-2024-03-38,2024-03-29,11:40,CHOQUE CON OBJETO FIJO,1,0,0,PUNO,CHUCUITO,ZEPITA,RURAL,CARRETERA,SIN CLASIFICAR,SIN CLASIFICAR,-16.448555789905352,-69.12716740759494,DESPEJADO,RURAL,TRAMO RECTO,PLANA ,ASFALTADA,,,,,EN PROCESO DE INVESTIGACIÓN,NO CUENTA CON CAUSA ESPECIFICA,11.0,0,2024.0,3.0,4.0,0,1,1,1,0.0,0.0,0.0,0.0,0,0,50.0,0.0,0,0,2,0.0,0.0,0
A-2024-03-31,2024-03-29,12:30,DESPISTE,1,0,1,PUNO,CHUCUITO,ZEPITA,RURAL,CARRETERA,NACIONAL,PE-3S,-16.469139345772156,-69.12946874617933,DESPEJADO,RURAL,TRAMO RECTO,PLANA ,ASFALTADA,,,,,IMPRUDENCIA DEL CONDUCTOR,GIRAR IMPRUDENTEMENTE,12.0,0,2024.0,3.0,4.0,0,2,1,1,0.0,0.0,0.0,0.0,0,0,64.5,20.506096654409877,0,1,2,0.0,0.5,0
A-2024-03-55,2024-03-29,17:30,DESPISTE,1,2,1,LA LIBERTAD,SANTIAGO DE CHUCO,QUIRUVILCA,RURAL,CARRETERA,NACIONAL,PE-3N,-8.001967295859894,-78.31115287991875,DESPEJADO,RURAL,TRAMO RECTO,PLANA ,AFIRMADO,,,,,IMPRUDENCIA DEL CONDUCTOR,CONDUCIR EN ESTADO DE EBRIEDAD Y/O DROGADICCIÓN,17.0,0,2024.0,3.0,4.0,0,2,1,0,0.0,0.0,1.0,1.0,0,0,24.5,18.627936010197157,0,1,4,0.0,0.25,0
A-2024-03-71,2024-03-30,05:20,CHOQUE,1,0,2,AYACUCHO,HUAMANGA,JESUS NAZARENO,URBANA,CARRETERA,NACIONAL,PE-3S,-13.156,-74.213,DESPEJADO,RESIDENCIAL,TRAMO RECTO,INCLINADA,ASFALTADA,,,,,IMPRUDENCIA DEL CONDUCTOR,GIRAR IMPRUDENTEMENTE,5.0,0,2024.0,3.0,5.0,1,0,1,1,0.0,1.0,0.0,1.0,0,0,38.0,14.142135623730951,0,1,2,0.0,0.5,1
A-2024-03-100,2024-03-30,06:10,VOLCADURA,1,0,0,LIMA,LIMA,LIMA,URBANA,JIRÓN,URBANO,NO CORRESPONDE,-12.05131263585747,-77.0664524523711,DESPEJADO,RESIDENCIAL,CURVA,PLANA ,ASFALTADA,,,,,IMPRUDENCIA DEL CONDUCTOR,CONDUCIR EN ESTADO DE EBRIEDAD Y/O DROGADICCIÓN,6.0,0,2024.0,3.0,5.0,1,1,1,0,1.0,0.0,0.0,1.0,0,0,28.0,0.0,0,0,1,0.0,0.0,0
A-2024-03-125,2024-03-30,06:25,ATROPELLO,1,0,0,LIMA,LIMA,CARABAYLLO,URBANA,AVENIDA,URBANO,NO CORRESPONDE,-11.860208939125888,-77.00614312897999,DESPEJADO,COMERCIAL,TRAMO RECTO,PLANA ,ASFALTADA,,,,,IMPRUDENCIA DEL PEATÓN,CRUCE INDEBIDO POR LA CALZADA,6.0,0,2024.0,3.0,5.0,1,1,1,0,1.0,0.0,0.0,1.0,0,0,66.5,12.020815280171307,0,1,2,0.0,0.5,0
A-2024-03-111,2024-03-30,21:30,DESPISTE,1,0,1,CAJAMARCA,SANTA CRUZ,CHANCAYBAÑOS,RURAL,CARRETERA,PROVINCIAL,CA-883,-6.550523017,-78.89190787,DESPEJADO,RURAL,CURVA,INCLINADA,AFIRMADO,SI,PREVENTIVA (P),PREVENTIVA (P),SI,IMPRUDENCIA DEL CONDUCTOR,CONDUCIR EN ESTADO DE EBRIEDAD Y/O DROGADICCIÓN,21.0,0,2024.0,3.0,5.0,1,3,1,1,0.0,1.0,1.0,2.0,0,0,43.0,0.0,1,0,1,1.0,0.0,1
A-2024-03-39,2024-03-31,07:30,DESPISTE,5,6,1,CUSCO,CUSCO,SAN JERONIMO,RURAL,CARRETERA,DEPARTAMENTAL,CU-123,-13.61962,-71.85423,DESPEJADO,RURAL,TRAMO RECTO,PLANA ,ASFALTADA,,,,,EN PROCESO DE INVESTIGACIÓN,NO CUENTA CON CAUSA ESPECIFICA,7.0,2,2024.0,3.0,6.0,1,1,1,1,0.0,0.0,0.0,0.0,0,0,34.9,22.46701285588867,0,1,11,0.0,0.091,0
A-2024-03-36,2024-03-31,20:45,CHOQUE,1,4,2,AREQUIPA,ISLAY,MOLLENDO,RURAL,CARRETERA,NACIONAL,PE-34,-16.76297,-71.970914,DESPEJADO,RURAL,TRAMO RECTO,PLANA ,ASFALTADA,NO,,,SI,EN PROCESO DE INVESTIGACIÓN,NO CUENTA CON CAUSA ESPECIFICA,20.0,0,2024.0,3.0,6.0,1,3,1,0,0.0,0.0,0.0,0.0,0,1,47.166666666666664,18.400181158528486,0,2,6,0.0,0.333,1
A-2024-04-107,2024-04-01,06:20,CHOQUE CON OBJETO FIJO,1,0,0,LIMA,LIMA,SAN JUAN DE LURIGANCHO,URBANA,AVENIDA,URBANO,NO CORRESPONDE,-11.97249386041031,-77.00410772384268,DESPEJADO,COMERCIAL,TRAMO RECTO,PLANA ,ASFALTADA,,,,,EN PROCESO DE INVESTIGACIÓN,NO CUENTA CON CAUSA ESPECIFICA,6.0,0,2024.0,4.0,0.0,0,1,1,0,1.0,0.0,0.0,1.0,0,0,32.0,0.0,0,1,1,0.0,1.0,0
A-2024-04-28,2024-04-01,10:30,DESPISTE,1,0,1,LA LIBERTAD,SANTIAGO DE CHUCO,QUIRUVILCA,RURAL,CARRETERA,NACIONAL,PE-3N,-8.003343149774901,-78.31784777760758,DESPEJADO,RURAL,CURVA,PLANA ,AFIRMADO,,,,,EN PROCESO DE INVESTIGACIÓN,NO CUENTA CON CAUSA ESPECIFICA,10.0,0,2024.0,4.0,0.0,0,1,1,0,0.0,0.0,1.0,1.0,0,0,40.0,0.0,0,0,1,0.0,0.0,0
A-2024-04-108,2024-04-01,14:20,DESPISTE,1,0,0,LIMA,LIMA,SAN JUAN DE LURIGANCHO,URBANA,CALLE,URBANO,NO CORRESPONDE,-11.970444409004696,-77.00068071299575,DESPEJADO,RESIDENCIAL,TRAMO RECTO,PLANA ,ASFALTADA,,,,,IMPRUDENCIA DEL CONDUCTOR,GIRAR IMPRUDENTEMENTE,14.0,0,2024.0,4.0,0.0,0,2,1,0,2.0,0.0,0.0,2.0,0,0,32.0,0.0,0,0,1,0.0,0.0,0
A-2024-04-95,2024-04-01,19:00,ATROPELLO FUGA,1,0,0,LIMA,LIMA,PUNTA NEGRA,URBANA,CARRETERA,NACIONAL,PE-1S,-12.365017715910405,-76.79093862427143,DESPEJADO,INDUSTRIAL,TRAMO RECTO,PLANA ,ASFALTADA,,,,,EN PROCESO DE INVESTIGACIÓN,NO CUENTA CON CAUSA ESPECIFICA,19.0,0,2024.0,4.0,0.0,0,3,1,0,0.0,0.0,0.0,0.0,0,0,0.0,0.0,0,0,2,0.0,0.0,1
A-2024-04-96,2024-04-01,20:00,ATROPELLO,1,0,0,LIMA,LIMA,LURIN,URBANA,AVENIDA,URBANO,NO CORRESPONDE,-12.244931239003275,-76.89775135446929,DESPEJADO,RESIDENCIAL,TRAMO RECTO,PLANA ,ASFALTADA,,,,,EN PROCESO DE INVESTIGACIÓN,NO CUENTA CON CAUSA ESPECIFICA,20.0,0,2024.0,4.0,0.0,0,3,1,0,1.0,0.0,0.0,1.0,0,0,19.5,21.920310216782973,0,0,2,0.0,0.0,1
A-2024-04-52,2024-04-01,23:40,CHOQUE,1,0,0,PIURA,PIURA,PIURA,URBANA,AVENIDA,URBANO,NO CORRESPONDE,-5.166519,-80.639939,,,,,,,,,,EN PROCESO DE INVESTIGACIÓN,NO CUENTA CON CAUSA ESPECIFICA,23.0,0,2024.0,4.0,0.0,0,3,1,0,1.0,1.0,1.0,3.0,0,0,39.0,0.0,0,0,1,0.0,0.0,1
A-2024-04-58,2024-04-02,02:00,DESPISTE,3,2,1,HUANCAVELICA,TAYACAJA,QUICHUAS,RURAL,CARRETERA,NACIONAL,PE-3S,-12.493182302239129,-74.72242612376444,DESPEJADO,RURAL,TRAMO RECTO,PLANA ,ASFALTADA,,,,,EN PROCESO DE INVESTIGACIÓN,NO CUENTA CON CAUSA ESPECIFICA,2.0,2,2024.0,4.0,1.0,0,0,1,1,0.0,0.0,0.0,0.0,0,0,29.0,11.313708498984761,0,1,5,0.0,0.2,1
A-2024-04-30,2024-04-02,06:20,CHOQUE,1,11,2,LA LIBERTAD,ASCOPE,CHICAMA,RURAL,CARRETERA,NACIONAL,PE-1N,-7.882915482323604,-79.12875608848309,DESPEJADO,RURAL,TRAMO RECTO,PLANA ,ASFALTADA,,,,,IMPRUDENCIA DEL CONDUCTOR,FATIGA Y/O CANSANCIO,6.0,0,2024.0,4.0,1.0,0,1,1,0,0.0,0.0,0.0,0.0,0,0,40.92307692307692,18.83463803059644,0,2,13,0.0,0.154,0
A-2024-04-79,2024-04-02,07:05,CHOQUE,1,0,0,LIMA,LIMA,SANTIAGO DE SURCO,URBANA,AVENIDA,URBANO,NO CORRESPONDE,-12.142915299425834,-76.99040679746041,DESPEJADO,COMERCIAL,TRAMO RECTO,PLANA ,ASFALTADA,SI,PREVENTIVA (P),INFORMATIVA (I),SI,IMPRUDENCIA DEL CONDUCTOR,ADELANTAR INDEBIDAMENTE,7.0,0,2024.0,4.0,1.0,0,1,1,0,1.0,0.0,0.0,1.0,0,0,45.5,37.476659402887016,0,1,2,0.0,0.5,0
A-2024-04-109,2024-04-02,10:20,ATROPELLO,1,0,0,LIMA,LIMA,COMAS,URBANA,AVENIDA,URBANO,NO CORRESPONDE,-11.939643263098914,-77.06750795851691,DESPEJADO,COMERCIAL,TRAMO RECTO,PLANA ,ASFALTADA,,,,,EN PROCESO DE INVESTIGACIÓN,NO CUENTA CON CAUSA ESPECIFICA,10.0,0,2024.0,4.0,1.0,0,1,1,0,1.0,0.0,0.0,1.0,0,0,49.0,19.79898987322333,0,1,2,0.0,0.5,0
A-2024-04-110,2024-04-02,16:00,CHOQUE,1,1,0,LIMA,LIMA,EL AGUSTINO,URBANA,AVENIDA,URBANO,NO CORRESPONDE,-12.039572267880349,-76.9880879427569,DESPEJADO,COMERCIAL,PASE A DESNIVEL,INCLINADA,ASFALTADA,,,,,IMPRUDENCIA DEL CONDUCTOR,GIRAR IMPRUDENTEMENTE,16.0,0,2024.0,4.0,1.0,0,2,1,0,1.0,1.0,0.0,2.0,0,0,47.0,2.0,0,1,3,0.0,0.333,0
A-2024-04-81,2024-04-02,19:30,ATROPELLO FUGA,1,0,1,CAJAMARCA,CAJAMARCA,MAGDALENA,RURAL,CARRETERA,NACIONAL,PE-08,-7.279240198,-78.59024462,DESPEJADO,RURAL,CURVA,INCLINADA,ASFALTADA,SI,PREVENTIVA (P),,SI,EN PROCESO DE INVESTIGACIÓN,NO CUENTA CON CAUSA ESPECIFICA,19.0,0,2024.0,4.0,1.0,0,3,1,1,0.0,1.0,0.0,1.0,0,0,67.0,0.0,0,0,2,0.0,0.0,1
A-2024-04-84,2024-04-02,19:30,DESPISTE,1,1,1,CAJAMARCA,SAN IGNACIO,SAN IGNACIO,URBANA,CARRETERA,NACIONAL,PE-5N,-5.139213647,-79.01097589,DESPEJADO,COMERCIAL,CURVA,INCLINADA,ASFALTADA,,,,,IMPRUDENCIA DEL CONDUCTOR,CONDUCIR EN ESTADO DE EBRIEDAD Y/O DROGADICCIÓN,19.0,0,2024.0,4.0,1.0,0,3,1,1,0.0,1.0,0.0,1.0,0,0,30.5,6.363961030678928,1,0,2,0.5,0.0,1
A-2024-04-49,2024-04-03,07:50,CHOQUE FUGA,1,0,2,TUMBES,ZARUMILLA,ZARUMILLA,URBANA,CARRETERA,NACIONAL,PE-1NO,-3.5013673548466584,-80.27929739224587,SOLEADO,RURAL,TRAMO RECTO,PLANA ,ASFALTADA,SI,PREVENTIVA (P),,NO,IMPRUDENCIA DEL CONDUCTOR,NO ESTABLECER EL DERECHO DE PASO,7.0,0,2024.0,4.0,2.0,0,1,1,0,0.0,0.0,0.0,0.0,0,1,67.0,0.0,0,0,2,0.0,0.0,0
A-2024-04-106,2024-04-03,20:30,CHOQUE,2,2,0,LIMA,LIMA,SAN MIGUEL,URBANA,AVENIDA,URBANO,NO CORRESPONDE,-12.083088684434156,-77.10415089750616,DESPEJADO,COMERCIAL,TRAMO RECTO,PLANA ,ASFALTADA,,,,,IMPRUDENCIA DEL CONDUCTOR,CONDUCIR EN ESTADO DE EBRIEDAD Y/O DROGADICCIÓN,20.0,1,2024.0,4.0,2.0,0,3,1,0,1.0,0.0,0.0,1.0,0,0,35.2,16.66433316997713,0,1,5,0.0,0.2,1
A-2024-04-23,2024-04-04,01:00,VOLCADURA,1,0,1,CUSCO,LA CONVENCION,ECHARATE,RURAL,CARRETERA,NACIONAL,PE-28B,-12.63934,-72.87988,DESPEJADO,RURAL,CURVA,PLANA ,ASFALTADA,,,,,IMPRUDENCIA DEL CONDUCTOR,EXCESO DE VELOCIDAD,1.0,0,2024.0,4.0,3.0,0,0,1,1,0.0,0.0,0.0,0.0,0,0,32.5,12.020815280171307,0,0,2,0.0,0.0,1
A-2024-04-53,2024-04-04,02:00,ATROPELLO,1,0,0,PIURA,PIURA,CURA MORI,RURAL,CARRETERA,NACIONAL,PE-1N,-5.333727,-80.619572,DESPEJADO,RURAL,TRAMO RECTO,PLANA ,ASFALTADA,,,,,EN PROCESO DE INVESTIGACIÓN,NO CUENTA CON CAUSA ESPECIFICA,2.0,0,2024.0,4.0,3.0,0,0,1,0,0.0,0.0,0.0,0.0,0,0,0.0,0.0,0,0,2,0.0,0.0,1
A-2024-04-97,2024-04-04,04:30,ATROPELLO,1,0,0,LIMA,LIMA,PUCUSANA,URBANA,CARRETERA,NACIONAL,PE-1S,-12.458707,-76.753204,DESPEJADO,INDUSTRIAL,TRAMO RECTO,PLANA ,ASFALTADA,,,,,EN PROCESO DE INVESTIGACIÓN,NO CUENTA CON CAUSA ESPECIFICA,4.0,0,2024.0,4.0,3.0,0,0,1,0,0.0,0.0,0.0,0.0,0,0,46.5,17.67766952966369,0,1,2,0.0,0.5,1
A-2024-04-21,2024-04-04,08:00,DESPISTE,1,0,1,CUSCO,ANTA,CHINCHAYPUJIO,RURAL,CARRETERA,PROVINCIAL,CU-1220,-13.55849,-72.32591,DESPEJADO,RURAL,CURVA,INCLINADA,TROCHA,,,,,IMPRUDENCIA DEL CONDUCTOR,OTRO (IMPRUDENCIA DEL CONDUCTOR),8.0,0,2024.0,4.0,3.0,0,1,1,1,0.0,1.0,2.0,3.0,0,0,69.0,0.0,0,1,1,0.0,1.0,0