CODIGO_SINIESTRO,FECHA_SINIESTRO,HORA_SINIESTRO,CLASE_SINIESTRO,CANTIDAD_FALLECIDOS,CANTIDAD_LESIONADOS,CANTIDAD_VEHICULOS,DEPARTAMENTO,PROVINCIA,DISTRITO,ZONA,TIPO_VIA,RED_VIAL,COD_CARRETERA,LATITUD,LONGITUD,CONDICION_CLIMATICA,ZONIFICACION,CARACTERISTICAS_VIA,PERFIL_VIA,SUPERFICIE_CALZADA,EXISTE_SENIAL_VERTICAL,CLASIFICACION_SENIAL_VERTICAL_1,CLASIFICACION_SENIAL_VERTICAL_2,EXISTE_SENIAL_HORIZONTAL,CAUSA_FACTOR_PRINCIPAL,CAUSA_ESPECIFICA,HORA,severidad,ANIO,MES,DIA_SEMANA,FIN_SEMANA,FRANJA_HORARIA,TEMPORADA,MACROREGION,TIPO_VIA_SCORE,PERFIL_VIA_SCORE,SUPERFICIE_CALZADA_SCORE,RIESGO_INFRAESTRUCTURA,RIESGO_CLIMATICO,SENIALIZACION_DEFICIENTE,EDAD_PROMEDIO,EDAD_STD,TOTAL_ALCOHOL,TOTAL_LICENCIA,TOTAL_PERSONAS,PCT_ALCOHOL,PCT_LICENCIA,ES_NOCHE
A-2024-04-12,2024-04-04,15:00,CHOQUE,1,1,3,TACNA,TACNA,CORONEL GREGORIO ALBARRACIN LANCHIPA,URBANA,AVENIDA,URBANO,NO CORRESPONDE,-18.059667,-70.251762,DESPEJADO,RESIDENCIAL,INTERSECCIÓN,PLANA ,ASFALTADA,SI,REGULADORA (R),PREVENTIVA (P),SI,IMPRUDENCIA DEL CONDUCTOR,DESACATO DE SEÑAL DE TRÁNSITO,15.0,0,2024.0,4.0,3.0,0,2,1,0,1.0,0.0,0.0,1.0,0,0,46.666666666666664,15.17673658377628,0,3,3,0.0,1.0,0
A-2024-04-31,2024-04-05,09:30,DESPISTE,1,2,1,LA LIBERTAD,PATAZ,PATAZ,RURAL,CARRETERA,DEPARTAMENTAL,LI-124,-7.733418562833825,-77.66625880256798,NUBLADO,RURAL,TRAMO RECTO,PLANA ,TROCHA,,,,,EN PROCESO DE INVESTIGACIÓN,NO CUENTA CON CAUSA ESPECIFICA,9.0,0,2024.0,4.0,4.0,0,1,1,0,0.0,0.0,2.0,2.0,0,0,26.75,9.535023160258536,0,1,4,0.0,0.25,0
A-2024-04-111,2024-04-05,16:15,CHOQUE,1,0,0,LIMA,LIMA,SANTA ANITA,URBANA,AVENIDA,URBANO,NO CORRESPONDE,-12.03806793687904,-76.94046611660572,DESPEJADO,INDUSTRIAL,TRAMO RECTO,PLANA ,ASFALTADA,,,,,IMPRUDENCIA DEL CONDUCTOR,CONDUCIR EN ESTADO DE EBRIEDAD Y/O DROGADICCIÓN,16.0,0,2024.0,4.0,4.0,0,2,1,0,1.0,0.0,0.0,1.0,0,0,27.0,2.6457513110645907,0,2,3,0.0,0.667,0
A-2024-04-32,2024-04-05,16:20,CHOQUE,1,1,1,LA LIBERTAD,ASCOPE,SANTIAGO DE CAO,RURAL,CARRETERA,PROVINCIAL,LI-662,-7.988286093293267,-79.21753460404763,DESPEJADO,RURAL,TRAMO RECTO,PLANA ,ASFALTADA,,,,,IMPRUDENCIA DEL CONDUCTOR,CONDUCIR EN ESTADO DE EBRIEDAD Y/O DROGADICCIÓN,16.0,0,2024.0,4.0,4.0,0,2,1,0,0.0,0.0,0.0,0.0,0,0,39.333333333333336,24.90649179096352,0,0,3,0.0,0.0,0
A-2024-04-77,2024-04-05,17:00,DESPISTE,1,0,1,PASCO,DANIEL ALCIDES CARRION,YANAHUANCA,RURAL,CARRETERA,NACIONAL,PE-18,-10.60609257,-76.67376031,NUBLADO,RURAL,TRAMO RECTO,PLANA ,TROCHA,,,,,IMPRUDENCIA DEL CONDUCTOR,FATIGA Y/O CANSANCIO,17.0,0,2024.0,4.0,4.0,0,2,1,1,0.0,0.0,2.0,2.0,0,0,48.0,0.0,0,1,1,0.0,1.0,0
A-2024-04-67,2024-04-05,18:00,CHOQUE,1,0,0,CALLAO,CALLAO,LA PERLA,URBANA,CALLE,URBANO,NO CORRESPONDE,-12.0667557378516,-77.1120735740057,DESPEJADO,COMERCIAL,TRAMO RECTO,PLANA ,ASFALTADA,NO,,,SI,IMPRUDENCIA DEL CONDUCTOR,CONDUCIR EN ESTADO DE EBRIEDAD Y/O DROGADICCIÓN,18.0,0,2024.0,4.0,4.0,0,3,1,0,2.0,0.0,0.0,2.0,0,1,39.0,15.556349186104045,1,1,2,0.5,0.5,1
A-2024-04-98,2024-04-05,18:23,ATROPELLO,1,0,0,LIMA,LIMA,RIMAC,URBANA,AVENIDA,URBANO,NO CORRESPONDE,-12.031948637387734,-77.02786578112412,DESPEJADO,RESIDENCIAL,INTERSECCIÓN,PLANA ,ASFALTADA,,,,,IMPRUDENCIA DEL PEATÓN,DESACATO DE SEÑAL DE TRÁNSITO,18.0,0,2024.0,4.0,4.0,0,3,1,0,1.0,0.0,0.0,1.0,0,0,57.0,26.870057685088806,0,1,2,0.0,0.5,1
A-2024-04-1,2024-04-05,18:50,ATROPELLO FUGA,1,0,0,SAN MARTIN,RIOJA,RIOJA,RURAL,CARRETERA,NACIONAL,PE-5N,-6.043031,-77.185088,DESPEJADO,RURAL,TRAMO RECTO,PLANA ,ASFALTADA,,,,,EN PROCESO DE INVESTIGACIÓN,NO CUENTA CON CAUSA ESPECIFICA,18.0,0,2024.0,4.0,4.0,0,3,1,2,0.0,0.0,0.0,0.0,0,0,55.0,0.0,0,0,2,0.0,0.0,1
A-2024-04-68,2024-04-06,08:20,ATROPELLO,1,0,1,ICA,NASCA,EL INGENIO,URBANA,CARRETERA,NACIONAL,PE-1S,-14.678984,-75.141221,DESPEJADO,COMERCIAL,INTERSECCIÓN,PLANA ,ASFALTADA,,,,,EN PROCESO DE INVESTIGACIÓN,NO CUENTA CON CAUSA ESPECIFICA,8.0,0,2024.0,4.0,5.0,1,1,1,0,0.0,0.0,0.0,0.0,0,0,23.0,14.142135623730951,0,1,2,0.0,0.5,0
A-2024-04-4,2024-04-06,14:30,VOLCADURA,2,0,2,AREQUIPA,CAYLLOMA,YANQUE,RURAL,CARRETERA,DEPARTAMENTAL,AR-109,-15.856426,-71.428309,NIEBLA,RURAL,TRAMO RECTO,PLANA ,ASFALTADA,,,,,EN PROCESO DE INVESTIGACIÓN,NO CUENTA CON CAUSA ESPECIFICA,14.0,1,2024.0,4.0,5.0,1,2,1,0,0.0,0.0,0.0,0.0,0,0,30.0,11.357816691600547,0,2,3,0.0,0.667,0
A-2024-04-9,2024-04-06,15:30,DESPISTE,1,1,1,APURIMAC,ANDAHUAYLAS,PACUCHA,RURAL,CARRETERA,SIN CLASIFICAR,SIN CLASIFICAR,-13.588357,-73.278221,DESPEJADO,RURAL,TRAMO RECTO,INCLINADA,TROCHA,,,,,EN PROCESO DE INVESTIGACIÓN,NO CUENTA CON CAUSA ESPECIFICA,15.0,0,2024.0,4.0,5.0,1,2,1,1,0.0,1.0,2.0,3.0,0,0,23.0,22.627416997969522,0,0,2,0.0,0.0,0
A-2024-04-55,2024-04-06,20:00,DESPISTE,1,0,0,PIURA,MORROPON,SAN JUAN DE BIGOTE,RURAL,CARRETERA,PROVINCIAL,PI-663,-5.318531,-79.7766033,DESPEJADO,RURAL,TRAMO RECTO,PLANA ,ASFALTADA,,,,,EN PROCESO DE INVESTIGACIÓN,NO CUENTA CON CAUSA ESPECIFICA,20.0,0,2024.0,4.0,5.0,1,3,1,0,0.0,0.0,0.0,0.0,0,0,17.0,0.0,1,0,1,1.0,0.0,1
A-2024-04-33,2024-04-07,01:15,DESPISTE,1,0,1,LA LIBERTAD,CHEPEN,CHEPEN,RURAL,CARRETERA,NACIONAL,PE-1N,-7.18931573,-79.43042277,DESPEJADO,RURAL,TRAMO RECTO,PLANA ,ASFALTADA,,,,,IMPRUDENCIA DEL PASAJERO/OCUPANTE,SUBIR Y BAJAR DEL VEHÍCULO EN MOVIMIENTO,1.0,0,2024.0,4.0,6.0,1,0,1,0,0.0,0.0,0.0,0.0,0,0,34.5,2.1213203435596424,0,0,2,0.0,0.0,1
A-2024-04-59,2024-04-07,06:30,DESPISTE,1,3,1,HUANCAVELICA,CASTROVIRREYNA,ARMA,RURAL,CARRETERA,NACIONAL,PE-26,-13.149595382313358,-75.5542971142341,DESPEJADO,RURAL,CURVA,PLANA ,ASFALTADA,,,,,EN PROCESO DE INVESTIGACIÓN,NO CUENTA CON CAUSA ESPECIFICA,6.0,0,2024.0,4.0,6.0,1,1,1,1,0.0,0.0,0.0,0.0,0,0,27.5,9.814954576223638,0,1,4,0.0,0.25,0
A-2024-04-3,2024-04-07,12:30,DESPISTE,1,0,1,CUSCO,QUISPICANCHI,OCONGATE,URBANA,CARRETERA,NACIONAL,PE-30C,-13.626946,-71.389015,LLUVIOSO,INDUSTRIAL,CURVA,INCLINADA,ASFALTADA,SI,REGULADORA (R),,SI,IMPRUDENCIA DEL CONDUCTOR,EXCESO DE VELOCIDAD,12.0,0,2024.0,4.0,6.0,1,2,1,1,0.0,1.0,0.0,1.0,1,0,17.0,0.0,0,0,1,0.0,0.0,0
A-2024-04-2,2024-04-07,14:25,ATROPELLO,1,0,0,PUNO,PUNO,PUNO,URBANA,JIRÓN,URBANO,NO CORRESPONDE,-15.861002,-70.012911,DESPEJADO,COMERCIAL,TRAMO RECTO,INCLINADA,ASFALTADA,,,,,IMPRUDENCIA DEL CONDUCTOR,EXCESO DE VELOCIDAD,14.0,0,2024.0,4.0,6.0,1,2,1,1,1.0,1.0,0.0,2.0,0,0,44.5,27.577164466275352,0,1,2,0.0,0.5,0
A-2024-04-50,2024-04-08,01:30,CHOQUE CON OBJETO FIJO,1,1,1,TUMBES,TUMBES,TUMBES,URBANA,CARRETERA,DEPARTAMENTAL,TU-104,-3.574098741245128,-80.45422187038837,DESPEJADO,COMERCIAL,INTERSECCIÓN,PLANA ,ASFALTADA,,,,,IMPRUDENCIA DEL CONDUCTOR,OTRO (IMPRUDENCIA DEL CONDUCTOR),1.0,0,2024.0,4.0,0.0,0,0,1,0,0.0,0.0,0.0,0.0,0,0,21.0,1.4142135623730951,0,0,2,0.0,0.0,1
A-2024-04-22,2024-04-08,05:20,ATROPELLO FUGA,1,0,1,CUSCO,CHUMBIVILCAS,VELILLE,URBANA,CARRETERA,NACIONAL,PE-3SG,-14.512244,-71.86787,DESPEJADO,COMERCIAL,TRAMO RECTO,PLANA ,ASFALTADA,SI,REGULADORA (R),REGULADORA (R),NO,IMPRUDENCIA DEL PEATÓN,CRUCE INDEBIDO POR LA CALZADA,5.0,0,2024.0,4.0,0.0,0,0,1,1,0.0,0.0,0.0,0.0,0,1,48.0,21.213203435596427,0,1,2,0.0,0.5,1
A-2024-04-34,2024-04-08,06:10,DESPISTE,3,1,1,LA LIBERTAD,PATAZ,PARCOY,RURAL,CARRETERA,NACIONAL,PE-10C,-7.901820334500921,-77.60441776144371,DESPEJADO,RURAL,TRAMO RECTO,PLANA ,TROCHA,,,,,IMPRUDENCIA DEL CONDUCTOR,CONDUCIR EN ESTADO DE EBRIEDAD Y/O DROGADICCIÓN,6.0,2,2024.0,4.0,0.0,0,1,1,0,0.0,0.0,2.0,2.0,0,0,30.5,6.557438524302001,0,1,4,0.0,0.25,0
A-2024-04-112,2024-04-08,10:54,CHOQUE,1,0,0,LIMA,LIMA,PUENTE PIEDRA,URBANA,CARRETERA,NACIONAL,PE-1N,-11.848831718451336,-77.09444039299724,DESPEJADO,COMERCIAL,TRAMO RECTO,PLANA ,ASFALTADA,,,,,IMPRUDENCIA DEL CONDUCTOR,EXCESO DE VELOCIDAD,10.0,0,2024.0,4.0,0.0,0,1,1,0,0.0,0.0,0.0,0.0,0,0,38.0,12.727922061357855,0,2,2,0.0,1.0,0
A-2024-04-7,2024-04-08,21:50,CAÍDA DE PASAJERO,1,0,0,AREQUIPA,CAYLLOMA,MAJES,URBANA,CARRETERA,DEPARTAMENTAL,AR-108,-16.346615,-72.190576,SOLEADO,RURAL,ÓVALO,PLANA ,ASFALTADA,,,,,EN PROCESO DE INVESTIGACIÓN,NO CUENTA CON CAUSA ESPECIFICA,21.0,0,2024.0,4.0,0.0,0,3,1,0,0.0,0.0,0.0,0.0,0,0,30.0,2.8284271247461903,1,1,2,0.5,0.5,1
A-2024-04-8,2024-04-09,18:30,ATROPELLO,1,0,1,AREQUIPA,AREQUIPA,JOSE LUIS BUSTAMANTE Y RIVERO,URBANA,AVENIDA,URBANO,NO CORRESPONDE,-16.430746,-71.54062,DESPEJADO,COMERCIAL,TRAMO RECTO,PLANA ,ASFALTADA,,,,,EN PROCESO DE INVESTIGACIÓN,NO CUENTA CON CAUSA ESPECIFICA,18.0,0,2024.0,4.0,1.0,0,3,1,0,1.0,0.0,0.0,1.0,0,0,43.5,26.16295090390226,0,1,2,0.0,0.5,1
A-2024-04-54,2024-04-09,21:15,ATROPELLO,1,1,0,PIURA,PIURA,PIURA,RURAL,CARRETERA,NACIONAL,PE-1N,-5.10777967398986,-80.7034728522577,DESPEJADO,RURAL,TRAMO RECTO,PLANA ,ASFALTADA,,,,,EN PROCESO DE INVESTIGACIÓN,NO CUENTA CON CAUSA ESPECIFICA,21.0,0,2024.0,4.0,1.0,0,3,1,0,0.0,0.0,0.0,0.0,0,0,18.0,0.0,0,0,2,0.0,0.0,1
A-2024-04-113,2024-04-09,21:44,CHOQUE,1,0,0,LIMA,LIMA,MIRAFLORES,URBANA,VIA EXPRESA,URBANO,NO CORRESPONDE,-12.122250530006108,-77.0439749969983,DESPEJADO,COMERCIAL,CURVA,PLANA ,ASFALTADA,,,,,IMPRUDENCIA DEL CONDUCTOR,CONDUCIR EN ESTADO DE EBRIEDAD Y/O DROGADICCIÓN,21.0,0,2024.0,4.0,1.0,0,3,1,0,1.0,0.0,0.0,1.0,0,0,44.0,12.727922061357855,0,1,5,0.0,0.2,1
A-2024-04-114,2024-04-09,22:30,VOLCADURA,1,0,0,LIMA,LIMA,LOS OLIVOS,URBANA,AVENIDA,URBANO,NO CORRESPONDE,-11.94824562049126,-77.0710703402811,DESPEJADO,COMERCIAL,TRAMO RECTO,PLANA ,ASFALTADA,,,,,IMPRUDENCIA DEL CONDUCTOR,OTRO (IMPRUDENCIA DEL CONDUCTOR),22.0,0,2024.0,4.0,1.0,0,3,1,0,1.0,0.0,0.0,1.0,0,0,12.0,16.97056274847714,0,0,2,0.0,0.0,1
A-2024-04-5,2024-04-10,10:30,VOLCADURA,1,0,1,TACNA,CANDARAVE,CANDARAVE,RURAL,CARRETERA,NACIONAL,PE-36A,-16.8468028,-70.2351222,DESPEJADO,RURAL,CURVA,PLANA ,ASFALTADA,,,,,IMPRUDENCIA DEL CONDUCTOR,INVASIÓN DE CARRIL,10.0,0,2024.0,4.0,2.0,0,1,1,0,0.0,0.0,0.0,0.0,0,0,30.5,4.949747468305833,0,1,2,0.0,0.5,0
A-2024-04-83,2024-04-10,17:00,CHOQUE,1,1,2,CAJAMARCA,SAN IGNACIO,HUARANGO,RURAL,CARRETERA,PROVINCIAL,CA-585,-5.208002,-78.767698,DESPEJADO,RURAL,TRAMO RECTO,INCLINADA,AFIRMADO,,,,,IMPRUDENCIA DEL CONDUCTOR,EXCESO DE VELOCIDAD,17.0,0,2024.0,4.0,2.0,0,2,1,1,0.0,1.0,1.0,2.0,0,0,26.666666666666668,2.081665999466132,0,2,3,0.0,0.667,0
A-2024-04-82,2024-04-10,17:30,ATROPELLO,1,0,1,CAJAMARCA,JAEN,JAEN,URBANA,AVENIDA,URBANO,NO CORRESPONDE,-5.708558,-78.807426,DESPEJADO,COMERCIAL,INTERSECCIÓN,PLANA ,ASFALTADA,NO,,,SI,IMPRUDENCIA DEL CONDUCTOR,OTRO (IMPRUDENCIA DEL CONDUCTOR),17.0,0,2024.0,4.0,2.0,0,2,1,1,1.0,0.0,0.0,1.0,0,1,60.5,37.476659402887016,0,1,2,0.0,0.5,0
A-2024-04-6,2024-04-10,18:30,DESPISTE,2,4,1,PUNO,PUNO,PUNO,URBANA,AVENIDA,URBANO,NO CORRESPONDE,-15.859174,-70.013567,DESPEJADO,COMERCIAL,TRAMO RECTO,INCLINADA,ASFALTADA,,,,,NEGLIGENCIA DEL CONDUCTOR,CONDUCIR CON FALLAS DE FRENOS,18.0,1,2024.0,4.0,2.0,0,3,1,1,1.0,1.0,0.0,2.0,0,0,22.166666666666668,16.570053309107568,0,0,6,0.0,0.0,1
A-2024-04-69,2024-04-10,19:40,ATROPELLO,1,0,1,ICA,NASCA,NASCA,RURAL,CARRETERA,NACIONAL,PE-1S,-14.823433,-74.96026,DESPEJADO,RURAL,TRAMO RECTO,PLANA ,ASFALTADA,,,,,EN PROCESO DE INVESTIGACIÓN,NO CUENTA CON CAUSA ESPECIFICA,19.0,0,2024.0,4.0,2.0,0,3,1,0,0.0,0.0,0.0,0.0,0,0,31.5,2.1213203435596424,0,1,2,0.0,0.5,1
A-2024-04-13,2024-04-10,22:30,ATROPELLO,1,0,0,TACNA,TACNA,TACNA,RURAL,CARRETERA,NACIONAL,PE-1S,-18.234015,-70.323367,DESPEJADO,RURAL,TRAMO RECTO,PLANA ,ASFALTADA,,,,,IMPRUDENCIA DEL PEATÓN,OTRO (IMPRUDENCIA DEL PEATÓN),22.0,0,2024.0,4.0,2.0,0,3,1,0,0.0,0.0,0.0,0.0,0,0,46.0,0.0,0,1,2,0.0,0.5,1
A-2024-04-62,2024-04-11,06:20,CHOQUE,1,4,2,AYACUCHO,HUAMANGA,VINCHOS,RURAL,CARRETERA,NACIONAL,PE-28A,-13.3450099578771,-74.5314421324361,DESPEJADO,RURAL,SINUOSA,INCLINADA,ASFALTADA,SI,PREVENTIVA (P),,SI,IMPRUDENCIA DEL CONDUCTOR,INVASIÓN DE CARRIL,6.0,0,2024.0,4.0,3.0,0,1,1,1,0.0,1.0,0.0,1.0,0,0,37.333333333333336,16.1203804752452,0,2,6,0.0,0.333,0
A-2024-04-78,2024-04-11,14:00,DESPISTE,2,0,1,PASCO,PASCO,YANACANCHA,RURAL,CARRETERA,NACIONAL,PE-3N,-10.69360019,-76.19884841,DESPEJADO,RURAL,TRAMO RECTO,INCLINADA,ASFALTADA,NO,,,NO,IMPRUDENCIA DEL CONDUCTOR,FATIGA Y/O CANSANCIO,14.0,1,2024.0,4.0,3.0,0,2,1,1,0.0,1.0,0.0,1.0,0,2,46.5,19.091883092036785,0,1,2,0.0,0.5,0
A-2024-04-85,2024-04-12,01:00,CHOQUE,1,0,1,CAJAMARCA,CAJAMARCA,ENCAÑADA,RURAL,CARRETERA,NACIONAL,PE-08B,-7.127146,-78.345043,DESPEJADO,RURAL,CURVA,PLANA ,ASFALTADA,,,,,IMPRUDENCIA DEL CONDUCTOR,EXCESO DE VELOCIDAD,1.0,0,2024.0,4.0,4.0,0,0,1,1,0.0,0.0,0.0,0.0,0,0,34.5,0.7071067811865476,0,1,2,0.0,0.5,1
A-2024-04-74,2024-04-12,13:08,CHOQUE,1,0,0,ICA,CHINCHA,GROCIO PRADO,RURAL,CARRETERA,NACIONAL,PE-1S,-13.404688,-76.193044,,,,,,,,,,EN PROCESO DE INVESTIGACIÓN,NO CUENTA CON CAUSA ESPECIFICA,13.0,0,2024.0,4.0,4.0,0,2,1,0,0.0,1.0,1.0,2.0,0,0,28.5,13.435028842544403,0,0,2,0.0,0.0,0
A-2024-04-70,2024-04-12,15:10,CHOQUE,1,0,2,ICA,ICA,SALAS,URBANA,CARRETERA,NACIONAL,PE-1S,-13.9839724,-75.7732386,DESPEJADO,COMERCIAL,TRAMO RECTO,PLANA ,ASFALTADA,,,,,EN PROCESO DE INVESTIGACIÓN,NO CUENTA CON CAUSA ESPECIFICA,15.0,0,2024.0,4.0,4.0,0,2,1,0,0.0,0.0,0.0,0.0,0,0,45.0,9.899494936611665,0,1,2,0.0,0.5,0
A-2024-04-10,2024-04-12,19:20,CHOQUE,1,1,2,PUNO,EL COLLAO,ILAVE,RURAL,CARRETERA,NACIONAL,PE-3S,-16.09254093406196,-69.62838108224628,DESPEJADO,RURAL,CURVA,PLANA ,ASFALTADA,,,,,IMPRUDENCIA DEL CONDUCTOR,EXCESO DE VELOCIDAD,19.0,0,2024.0,4.0,4.0,0,3,1,1,0.0,0.0,0.0,0.0,0,0,31.666666666666668,4.041451884327381,0,1,3,0.0,0.333,1
A-2024-04-35,2024-04-12,21:40,CHOQUE,1,0,2,LA LIBERTAD,SANCHEZ CARRION,HUAMACHUCO,RURAL,CARRETERA,NACIONAL,PE-3N,-7.8156478910921745,-78.00949600349817,DESPEJADO,RURAL,TRAMO RECTO,PLANA ,ASFALTADA,,,,,EN PROCESO DE INVESTIGACIÓN,NO CUENTA CON CAUSA ESPECIFICA,21.0,0,2024.0,4.0,4.0,0,3,1,0,0.0,0.0,0.0,0.0,0,0,25.5,16.263455967290593,0,1,2,0.0,0.5,1
A-2024-04-11,2024-04-13,05:00,DESPISTE,1,0,1,CUSCO,PAUCARTAMBO,PAUCARTAMBO,RURAL,CARRETERA,PROVINCIAL,CU-1040,-13.35414029,-71.5668891,DESPEJADO,RURAL,CURVA,INCLINADA,TROCHA,NO,,,NO,IMPRUDENCIA DEL CONDUCTOR,EXCESO DE VELOCIDAD,5.0,0,2024.0,4.0,5.0,1,0,1,1,0.0,1.0,2.0,3.0,0,2,23.0,0.0,0,0,1,0.0,0.0,1
A-2024-04-56,2024-04-13,14:00,CHOQUE,1,1,0,PIURA,PIURA,VEINTISEIS DE OCTUBRE,RURAL,CARRETERA,NACIONAL,PE-1N,-5.1473536,-80.697009,DESPEJADO,RURAL,TRAMO RECTO,PLANA ,ASFALTADA,,,,,EN PROCESO DE INVESTIGACIÓN,NO CUENTA CON CAUSA ESPECIFICA,14.0,0,2024.0,4.0,5.0,1,2,1,0,0.0,0.0,0.0,0.0,0,0,25.0,5.5677643628300215,1,1,3,0.333,0.333,0
A-2024-04-36,2024-04-13,20:20,CHOQUE,1,1,3,LA LIBERTAD,TRUJILLO,MOCHE,URBANA,CARRETERA,NACIONAL,PE-1N,-8.167848811579546,-79.00640839403039,DESPEJADO,INDUSTRIAL,TRAMO RECTO,PLANA ,ASFALTADA,,,,,IMPRUDENCIA DEL CONDUCTOR,OTRO (IMPRUDENCIA DEL CONDUCTOR),20.0,0,2024.0,4.0,5.0,1,3,1,0,0.0,0.0,0.0,0.0,0,0,53.0,10.893423092245461,0,2,4,0.0,0.5,1
A-2024-04-73,2024-04-14,05:30,ATROPELLO,1,0,1,CUSCO,CUSCO,SAN SEBASTIAN,URBANA,AVENIDA,URBANO,NO CORRESPONDE,-13.532795166452072,-71.92240478907334,DESPEJADO,INDUSTRIAL,TRAMO RECTO,PLANA ,ASFALTADA,SI,PREVENTIVA (P),,NO,IMPRUDENCIA DEL PEATÓN,OTRO (IMPRUDENCIA DEL PEATÓN),5.0,0,2024.0,4.0,6.0,1,0,1,1,1.0,0.0,0.0,1.0,0,1,49.5,20.506096654409877,0,1,2,0.0,0.5,1
A-2024-04-99,2024-04-14,11:30,ATROPELLO FUGA,1,0,0,LIMA,LIMA,SAN JUAN DE LURIGANCHO,URBANA,AVENIDA,URBANO,NO CORRESPONDE,-11.9548333333,-76.9861111111,DESPEJADO,COMERCIAL,TRAMO RECTO,PLANA ,ASFALTADA,,,,,IMPRUDENCIA DEL PEATÓN,CRUCE INDEBIDO POR LA CALZADA,11.0,0,2024.0,4.0,6.0,1,1,1,0,1.0,0.0,0.0,1.0,0,0,45.5,27.577164466275352,0,1,2,0.0,0.5,0
A-2024-04-14,2024-04-14,12:00,CHOQUE,1,0,0,PUNO,PUNO,ACORA,RURAL,CARRETERA,NACIONAL,PE-3S,-16.065127,-69.6880774,,,,,,,,,,EN PROCESO DE INVESTIGACIÓN,NO CUENTA CON CAUSA ESPECIFICA,12.0,0,2024.0,4.0,6.0,1,2,1,1,0.0,1.0,1.0,2.0,0,0,44.0,5.656854249492381,0,0,2,0.0,0.0,0
A-2024-04-20,2024-04-14,13:20,CHOQUE,1,1,2,AREQUIPA,AREQUIPA,CHIGUATA,RURAL,CARRETERA,DEPARTAMENTAL,CU-115,-16.3102,-71.37598,SOLEADO,RURAL,CURVA,INCLINADA,ASFALTADA,,,,,EN PROCESO DE INVESTIGACIÓN,NO CUENTA CON CAUSA ESPECIFICA,13.0,0,2024.0,4.0,6.0,1,2,1,0,0.0,1.0,0.0,1.0,0,0,27.0,12.727922061357855,0,2,2,0.0,1.0,0
A-2024-04-24,2024-04-14,17:00,CHOQUE,1,1,2,AREQUIPA,CAYLLOMA,MAJES,RURAL,CARRETERA,NACIONAL,PE-1S,-16.363366,-72.156526,DESPEJADO,RURAL,TRAMO RECTO,PLANA ,ASFALTADA,,,,,EN PROCESO DE INVESTIGACIÓN,NO CUENTA CON CAUSA ESPECIFICA,17.0,0,2024.0,4.0,6.0,1,2,1,0,0.0,0.0,0.0,0.0,0,0,36.333333333333336,15.044378795195676,0,1,3,0.0,0.333,0
A-2024-04-44,2024-04-14,23:15,CHOQUE FUGA,1,1,2,LIMA,HUAURA,HUAURA,RURAL,CARRETERA,NACIONAL,PE-1N,-11.06132,-77.58895,DESPEJADO,RURAL,TRAMO RECTO,PLANA ,ASFALTADA,,,,,EN PROCESO DE INVESTIGACIÓN,NO CUENTA CON CAUSA ESPECIFICA,23.0,0,2024.0,4.0,6.0,1,3,1,0,0.0,0.0,0.0,0.0,0,0,20.0,0.0,0,0,3,0.0,0.0,1
A-2024-04-45,2024-04-15,03:30,ATROPELLO,1,0,1,LIMA,HUAURA,SANTA MARIA,URBANA,CARRETERA,NACIONAL,PE-1N,-11.11468957203389,-77.59310419894447,DESPEJADO,COMERCIAL,TRAMO RECTO,PLANA ,ASFALTADA,,,,,IMPRUDENCIA DEL PEATÓN,ESTADO DE EBRIEDAD Y/O DROGADICCIÓN,3.0,0,2024.0,4.0,0.0,0,0,1,0,0.0,0.0,0.0,0.0,0,0,37.5,10.606601717798213,0,1,2,0.0,0.5,1
A-2024-04-64,2024-04-15,10:20,ATROPELLO,1,0,1,AYACUCHO,HUAMANGA,SAN JUAN BAUTISTA,URBANA,CARRETERA,NACIONAL,PE-3SL,-13.168515110290071,-74.20965074392826,DESPEJADO,RESIDENCIAL,TRAMO RECTO,PLANA ,ASFALTADA,,,,,IMPRUDENCIA DEL CONDUCTOR,EXCESO DE VELOCIDAD,10.0,0,2024.0,4.0,0.0,0,1,1,1,0.0,0.0,0.0,0.0,0,0,54.5,43.1335136523794,0,0,2,0.0,0.0,0
A-2024-04-46,2024-04-15,14:50,ATROPELLO,1,0,1,LIMA,HUAURA,HUAURA,RURAL,CARRETERA,NACIONAL,PE-1N,-11.04594,-77.58882,DESPEJADO,RURAL,TRAMO RECTO,PLANA ,ASFALTADA,,,,,IMPRUDENCIA DEL CONDUCTOR,OTRO (IMPRUDENCIA DEL CONDUCTOR),14.0,0,2024.0,4.0,0.0,0,2,1,0,0.0,0.0,0.0,0.0,0,0,62.0,25.45584412271571,0,1,2,0.0,0.5,0
A-2024-04-63,2024-04-15,17:30,CHOQUE,1,1,2,AYACUCHO,HUAMANGA,OCROS,RURAL,CARRETERA,NACIONAL,PE-3S,-13.437383,-73.829608,DESPEJADO,RURAL,CURVA,INCLINADA,ASFALTADA,SI,PREVENTIVA (P),,SI,IMPRUDENCIA DEL CONDUCTOR,CONDUCIR EN ESTADO DE EBRIEDAD Y/O DROGADICCIÓN,17.0,0,2024.0,4.0,0.0,0,2,1,1,0.0,1.0,0.0,1.0,0,0,28.0,2.6457513110645907,1,1,3,0.333,0.333,0