CODIGO_SINIESTRO,FECHA_SINIESTRO,HORA_SINIESTRO,CLASE_SINIESTRO,CANTIDAD_FALLECIDOS,CANTIDAD_LESIONADOS,CANTIDAD_VEHICULOS,DEPARTAMENTO,PROVINCIA,DISTRITO,ZONA,TIPO_VIA,RED_VIAL,COD_CARRETERA,LATITUD,LONGITUD,CONDICION_CLIMATICA,ZONIFICACION,CARACTERISTICAS_VIA,PERFIL_VIA,SUPERFICIE_CALZADA,EXISTE_SENIAL_VERTICAL,CLASIFICACION_SENIAL_VERTICAL_1,CLASIFICACION_SENIAL_VERTICAL_2,EXISTE_SENIAL_HORIZONTAL,CAUSA_FACTOR_PRINCIPAL,CAUSA_ESPECIFICA,HORA,severidad,ANIO,MES,DIA_SEMANA,FIN_SEMANA,FRANJA_HORARIA,TEMPORADA,MACROREGION,TIPO_VIA_SCORE,PERFIL_VIA_SCORE,SUPERFICIE_CALZADA_SCORE,RIESGO_INFRAESTRUCTURA,RIESGO_CLIMATICO,SENIALIZACION_DEFICIENTE,EDAD_PROMEDIO,EDAD_STD,TOTAL_ALCOHOL,TOTAL_LICENCIA,TOTAL_PERSONAS,PCT_ALCOHOL,PCT_LICENCIA,ES_NOCHE
A-2024-05-119,2024-05-01,11:30,ATROPELLO,1,0,0,LIMA,LIMA,LOS OLIVOS,URBANA,CARRETERA,NACIONAL,PE-1N,-11.930494754097852,-77.07249372671109,DESPEJADO,COMERCIAL,INTERSECCIÓN,PLANA ,ASFALTADA,,,,,IMPRUDENCIA DEL PEATÓN,CRUCE INDEBIDO POR LA CALZADA,11.0,0,2024.0,5.0,2.0,0,1,1,0,0.0,0.0,0.0,0.0,0,0,27.5,37.476659402887016,0,0,2,0.0,0.0,0
A-2024-05-21,2024-05-01,17:30,CHOQUE,1,2,2,LA LIBERTAD,SANCHEZ CARRION,HUAMACHUCO,RURAL,CARRETERA,NACIONAL,PE-3N,-7.8002935855,-77.9881664265,DESPEJADO,RURAL,TRAMO RECTO,PLANA ,ASFALTADA,,,,,EN PROCESO DE INVESTIGACIÓN,NO CUENTA CON CAUSA ESPECIFICA,17.0,0,2024.0,5.0,2.0,0,2,1,0,0.0,0.0,0.0,0.0,0,0,23.8,21.580083410404143,0,2,5,0.0,0.4,0
A-2024-05-96,2024-05-01,17:30,DESPISTE,1,0,1,PASCO,DANIEL ALCIDES CARRION,YANAHUANCA,RURAL,CARRETERA,DEPARTAMENTAL,PA-102,-10.49865951,-76.52936263,DESPEJADO,RURAL,TRAMO RECTO,INCLINADA,ASFALTADA,,,,,IMPRUDENCIA DEL CONDUCTOR,EXCESO DE VELOCIDAD,17.0,0,2024.0,5.0,2.0,0,2,1,1,0.0,1.0,0.0,1.0,0,0,40.0,0.0,0,0,1,0.0,0.0,0
A-2024-05-57,2024-05-01,18:15,CHOQUE,1,1,0,CALLAO,CALLAO,VENTANILLA,URBANA,AVENIDA,URBANO,NO CORRESPONDE,-11.8352697,-77.163536617,DESPEJADO,RESIDENCIAL,TRAMO RECTO,INCLINADA,AFIRMADO,,,,,NEGLIGENCIA DEL CONDUCTOR,OTRO (NEGLIGENCIA DEL CONDUCTOR),18.0,0,2024.0,5.0,2.0,0,3,1,0,1.0,1.0,1.0,3.0,0,0,49.0,2.8284271247461903,0,2,4,0.0,0.5,1
A-2024-05-13,2024-05-01,20:00,VOLCADURA,2,0,0,PIURA,PIURA,PIURA,URBANA,AVENIDA,URBANO,NO CORRESPONDE,-5.185413,-80.64937,DESPEJADO,RESIDENCIAL,ÓVALO,PLANA ,ASFALTADA,,,,,EN PROCESO DE INVESTIGACIÓN,NO CUENTA CON CAUSA ESPECIFICA,20.0,1,2024.0,5.0,2.0,0,3,1,0,1.0,0.0,0.0,1.0,0,0,28.0,8.48528137423857,1,0,2,0.5,0.0,1
A-2024-05-22,2024-05-01,21:20,DESPISTE,1,0,1,LA LIBERTAD,PACASMAYO,GUADALUPE,RURAL,CARRETERA,NACIONAL,PE-1N,-7.2331677838,-79.4523904431,DESPEJADO,RURAL,TRAMO RECTO,PLANA ,ASFALTADA,,,,,IMPRUDENCIA DEL CONDUCTOR,OTRO (IMPRUDENCIA DEL CONDUCTOR),21.0,0,2024.0,5.0,2.0,0,3,1,0,0.0,0.0,0.0,0.0,0,0,41.0,0.0,0,1,1,0.0,1.0,1
A-2024-05-8,2024-05-02,03:45,CHOQUE CON OBJETO FIJO,1,0,1,AREQUIPA,AREQUIPA,CERRO COLORADO,URBANA,AVENIDA,URBANO,NO CORRESPONDE,-16.326364,-71.590201,DESPEJADO,RESIDENCIAL,TRAMO RECTO,PLANA ,ASFALTADA,,,,,EN PROCESO DE INVESTIGACIÓN,NO CUENTA CON CAUSA ESPECIFICA,3.0,0,2024.0,5.0,3.0,0,0,1,0,1.0,0.0,0.0,1.0,0,0,22.0,0.0,0,1,1,0.0,1.0,1
A-2024-05-74,2024-05-02,04:00,VOLCADURA,1,0,1,CUSCO,ESPINAR,ESPINAR,RURAL,CALLE,URBANO,NO CORRESPONDE,-14.785918481541,-71.413439598388,DESPEJADO,RURAL,TRAMO RECTO,PLANA ,ASFALTADA,,,,,IMPRUDENCIA DEL CONDUCTOR,EXCESO DE VELOCIDAD,4.0,0,2024.0,5.0,3.0,0,0,1,1,2.0,0.0,0.0,2.0,0,0,19.0,0.0,0,0,1,0.0,0.0,1
A-2024-05-1,2024-05-02,05:30,ATROPELLO,1,0,2,PUNO,PUNO,ACORA,RURAL,CARRETERA,NACIONAL,PE-3S,-16.003964,-69.761705,DESPEJADO,RURAL,TRAMO RECTO,PLANA ,ASFALTADA,,,,,NEGLIGENCIA DEL CONDUCTOR,CONDUCIR CON FALLAS ELÉCTRICAS,5.0,0,2024.0,5.0,3.0,0,0,1,1,0.0,0.0,0.0,0.0,0,0,50.0,8.888194417315589,0,1,3,0.0,0.333,1
A-2024-05-120,2024-05-02,06:00,ATROPELLO,1,0,0,LIMA,LIMA,VILLA EL SALVADOR,URBANA,AVENIDA,URBANO,NO CORRESPONDE,-12.210591929870656,-76.95533548680481,DESPEJADO,RESIDENCIAL,INTERSECCIÓN,PLANA ,ASFALTADA,,,,,EN PROCESO DE INVESTIGACIÓN,NO CUENTA CON CAUSA ESPECIFICA,6.0,0,2024.0,5.0,3.0,0,1,1,0,1.0,0.0,0.0,1.0,0,0,40.5,2.1213203435596424,0,0,2,0.0,0.0,0
A-2024-05-139,2024-05-02,06:30,DESPISTE,1,0,0,LIMA,LIMA,PUEBLO LIBRE,URBANA,AVENIDA,URBANO,NO CORRESPONDE,-12.072136199104516,-77.0782893308353,DESPEJADO,COMERCIAL,SINUOSA,PLANA ,ASFALTADA,,,,,IMPRUDENCIA DEL CONDUCTOR,CONDUCIR EN ESTADO DE EBRIEDAD Y/O DROGADICCIÓN,6.0,0,2024.0,5.0,3.0,0,1,1,0,1.0,0.0,0.0,1.0,0,0,22.0,0.0,0,1,1,0.0,1.0,0
A-2024-05-121,2024-05-02,07:50,CHOQUE,1,33,0,LIMA,LIMA,SAN BORJA,URBANA,CARRETERA,NACIONAL,PE-1S,-12.092293,-76.980857,DESPEJADO,COMERCIAL,TRAMO RECTO,PLANA ,ASFALTADA,,,,,IMPRUDENCIA DEL CONDUCTOR,INVASIÓN DE CARRIL,7.0,0,2024.0,5.0,3.0,0,1,1,0,0.0,0.0,0.0,0.0,0,0,45.0,13.856406460551018,0,2,36,0.0,0.056,0
A-2024-05-109,2024-05-02,15:20,DESPISTE,1,0,1,CAJAMARCA,CAJABAMBA,CAJABAMBA,URBANA,JIRÓN,URBANO,NO CORRESPONDE,-7.619482,-78.044672,DESPEJADO,COMERCIAL,TRAMO RECTO,PLANA ,CONCRETO,,,,,IMPRUDENCIA DEL CONDUCTOR,CONDUCIR EN ESTADO DE EBRIEDAD Y/O DROGADICCIÓN,15.0,0,2024.0,5.0,3.0,0,2,1,1,1.0,0.0,0.0,1.0,0,0,24.0,0.0,1,1,1,1.0,1.0,0
A-2024-05-4,2024-05-02,18:50,CHOQUE,1,0,2,PUNO,PUNO,COATA,RURAL,CARRETERA,DEPARTAMENTAL,PU-120,-15.566421711216536,-69.97179505563115,DESPEJADO,RURAL,TRAMO RECTO,PLANA ,ASFALTADA,,,,,IMPRUDENCIA DEL CONDUCTOR,CONDUCIR EN ESTADO DE EBRIEDAD Y/O DROGADICCIÓN,18.0,0,2024.0,5.0,3.0,0,3,1,1,0.0,0.0,0.0,0.0,0,0,61.0,0.0,0,1,2,0.0,0.5,1
A-2024-05-122,2024-05-02,21:20,ATROPELLO,1,0,0,LIMA,LIMA,PUNTA NEGRA,URBANA,CARRETERA,NACIONAL,PE-1S,-12.37177720361196,-76.78410972011952,DESPEJADO,INDUSTRIAL,TRAMO RECTO,PLANA ,ASFALTADA,,,,,EN PROCESO DE INVESTIGACIÓN,NO CUENTA CON CAUSA ESPECIFICA,21.0,0,2024.0,5.0,3.0,0,3,1,0,0.0,0.0,0.0,0.0,0,0,33.0,0.0,0,1,2,0.0,0.5,1
A-2024-05-10,2024-05-03,08:00,ATROPELLO FUGA,1,0,1,AREQUIPA,CAYLLOMA,MAJES,URBANA,CALLE,URBANO,NO CORRESPONDE,-16.307641385217,-72.1892234441462,SOLEADO,RURAL,TRAMO RECTO,PLANA ,TROCHA,,,,,EN PROCESO DE INVESTIGACIÓN,NO CUENTA CON CAUSA ESPECIFICA,8.0,0,2024.0,5.0,4.0,0,1,1,0,2.0,0.0,2.0,4.0,0,0,5.0,0.0,0,0,2,0.0,0.0,0
A-2024-05-25,2024-05-04,06:30,CHOQUE,1,0,2,LIMA,HUAURA,SAYAN,RURAL,CARRETERA,NACIONAL,PE-18,-11.28498138747742,-77.32506043281998,DESPEJADO,RURAL,TRAMO RECTO,PLANA ,ASFALTADA,,,,,IMPRUDENCIA DEL CONDUCTOR,INVASIÓN DE CARRIL,6.0,0,2024.0,5.0,5.0,1,1,1,0,0.0,0.0,0.0,0.0,0,0,50.0,13.0,0,2,3,0.0,0.667,0
A-2024-05-84,2024-05-04,06:30,ATROPELLO,1,0,1,CUSCO,CANCHIS,SICUANI,URBANA,CARRETERA,NACIONAL,PE-3S,-14.246629,-71.242679,DESPEJADO,RESIDENCIAL,TRAMO RECTO,PLANA ,ASFALTADA,,,,,IMPRUDENCIA DEL PEATÓN,CRUCE INDEBIDO POR LA CALZADA,6.0,0,2024.0,5.0,5.0,1,1,1,1,0.0,0.0,0.0,0.0,0,0,57.0,12.727922061357855,0,1,2,0.0,0.5,0
A-2024-05-123,2024-05-04,08:10,ATROPELLO FUGA,1,0,0,LIMA,CAÑETE,CHILCA,URBANA,CARRETERA,NACIONAL,PE-1S,-12.485454,-76.74597,DESPEJADO,INDUSTRIAL,TRAMO RECTO,PLANA ,ASFALTADA,,,,,EN PROCESO DE INVESTIGACIÓN,NO CUENTA CON CAUSA ESPECIFICA,8.0,0,2024.0,5.0,5.0,1,1,1,0,0.0,0.0,0.0,0.0,0,0,0.0,0.0,0,0,2,0.0,0.0,0
A-2024-05-105,2024-05-04,12:00,CHOQUE,1,0,2,CUSCO,CANCHIS,MARANGANI,RURAL,CARRETERA,NACIONAL,PE-3S,-14.35187854,-71.1730461,DESPEJADO,RURAL,TRAMO RECTO,PLANA ,ASFALTADA,,,,,IMPRUDENCIA DEL CONDUCTOR,EXCESO DE VELOCIDAD,12.0,0,2024.0,5.0,5.0,1,2,1,1,0.0,0.0,0.0,0.0,0,0,59.0,0.0,0,0,2,0.0,0.0,0
A-2024-05-23,2024-05-04,17:00,DESPISTE,1,0,1,LA LIBERTAD,PACASMAYO,SAN PEDRO DE LLOC,RURAL,CARRETERA,PROVINCIAL,LI-598,-7.423961086783124,-79.50308939406725,DESPEJADO,RURAL,TRAMO RECTO,PLANA ,ASFALTADA,,,,,IMPRUDENCIA DEL CONDUCTOR,OTRO (IMPRUDENCIA DEL CONDUCTOR),17.0,0,2024.0,5.0,5.0,1,2,1,0,0.0,0.0,0.0,0.0,0,0,35.0,0.0,0,0,1,0.0,0.0,0
A-2024-05-83,2024-05-04,18:50,CHOQUE,1,0,2,CUSCO,CANCHIS,MARANGANI,RURAL,CARRETERA,NACIONAL,PE-3S,-14.3288253,-71.1955179,DESPEJADO,RURAL,TRAMO RECTO,PLANA ,ASFALTADA,,,,,IMPRUDENCIA DEL CONDUCTOR,ADELANTAR INDEBIDAMENTE,18.0,0,2024.0,5.0,5.0,1,3,1,1,0.0,0.0,0.0,0.0,0,0,53.0,8.48528137423857,0,0,2,0.0,0.0,1
A-2024-05-102,2024-05-04,21:00,VOLCADURA,1,0,1,PIURA,PIURA,CASTILLA,URBANA,AVENIDA,URBANO,NO CORRESPONDE,-5.20492,-80.621518,DESPEJADO,RURAL,TRAMO RECTO,PLANA ,ASFALTADA,,,,,EN PROCESO DE INVESTIGACIÓN,NO CUENTA CON CAUSA ESPECIFICA,21.0,0,2024.0,5.0,5.0,1,3,1,0,1.0,0.0,0.0,1.0,0,0,41.0,0.0,1,0,1,1.0,0.0,1
A-2024-05-79,2024-05-05,00:00,VOLCADURA,1,0,0,CUSCO,ESPINAR,COPORAQUE,RURAL,CARRETERA,PROVINCIAL,CU-1851,-14.815048,-71.496903,DESPEJADO,RURAL,TRAMO RECTO,PLANA ,ASFALTADA,,,,,IMPRUDENCIA DEL CONDUCTOR,EXCESO DE VELOCIDAD,0.0,0,2024.0,5.0,6.0,1,0,1,1,0.0,0.0,0.0,0.0,0,0,27.0,0.0,0,1,1,0.0,1.0,1
A-2024-05-140,2024-05-05,07:00,CHOQUE,1,0,0,LIMA,LIMA,RIMAC,URBANA,CARRETERA,NACIONAL,PE-1N,-12.04092762705622,-77.03359750530842,DESPEJADO,COMERCIAL,TRAMO RECTO,PLANA ,ASFALTADA,,,,,EN PROCESO DE INVESTIGACIÓN,NO CUENTA CON CAUSA ESPECIFICA,7.0,0,2024.0,5.0,6.0,1,1,1,0,0.0,0.0,0.0,0.0,0,0,21.0,0.0,0,2,3,0.0,0.667,0
A-2024-05-75,2024-05-05,11:00,DESPISTE,1,0,1,CUSCO,CALCA,CALCA,URBANA,CARRETERA,NACIONAL,PE-28B,-13.317981,-72.034401,DESPEJADO,RURAL,TRAMO RECTO,PLANA ,ASFALTADA,,,,,IMPERICIA DEL CONDUCTOR,,11.0,0,2024.0,5.0,6.0,1,1,1,1,0.0,0.0,0.0,0.0,0,0,20.0,0.0,0,0,1,0.0,0.0,0
A-2024-05-24,2024-05-05,14:40,CHOQUE,1,0,2,LA LIBERTAD,TRUJILLO,LA ESPERANZA,URBANA,AVENIDA,URBANO,NO CORRESPONDE,-8.050661063295253,-79.05154544639286,DESPEJADO,INDUSTRIAL,INTERSECCIÓN,PLANA ,ASFALTADA,,,,,IMPRUDENCIA DEL CONDUCTOR,GIRAR IMPRUDENTEMENTE,14.0,0,2024.0,5.0,6.0,1,2,1,0,1.0,0.0,0.0,1.0,0,0,40.0,16.97056274847714,0,2,2,0.0,1.0,0
A-2024-05-48,2024-05-06,07:40,CHOQUE,1,0,2,TUMBES,ZARUMILLA,PAPAYAL,RURAL,CARRETERA,NACIONAL,PE-1N,-3.529353403850634,-80.36389408213292,DESPEJADO,RURAL,TRAMO RECTO,PLANA ,ASFALTADA,,,,,IMPRUDENCIA DEL CONDUCTOR,OTRO (IMPRUDENCIA DEL CONDUCTOR),7.0,0,2024.0,5.0,0.0,0,1,1,0,0.0,0.0,0.0,0.0,0,0,40.5,0.7071067811865476,0,1,2,0.0,0.5,0
A-2024-05-5,2024-05-06,15:50,DESPISTE,1,0,1,PUNO,PUNO,PLATERIA,RURAL,CARRETERA,NACIONAL,PE-1N,-15.94117228,-69.86260569,DESPEJADO,RURAL,TRAMO RECTO,PLANA ,ASFALTADA,,,,,IMPRUDENCIA DEL CONDUCTOR,ADELANTAR INDEBIDAMENTE,15.0,0,2024.0,5.0,0.0,0,2,1,1,0.0,0.0,0.0,0.0,0,0,33.0,14.142135623730951,0,0,2,0.0,0.0,0
A-2024-05-124,2024-05-06,21:30,ATROPELLO,1,0,0,LIMA,LIMA,COMAS,URBANA,AVENIDA,URBANO,NO CORRESPONDE,-11.921251787818989,-77.04196330816289,DESPEJADO,COMERCIAL,TRAMO RECTO,PLANA ,ASFALTADA,,,,,EN PROCESO DE INVESTIGACIÓN,NO CUENTA CON CAUSA ESPECIFICA,21.0,0,2024.0,5.0,0.0,0,3,1,0,1.0,0.0,0.0,1.0,0,0,58.0,1.4142135623730951,0,1,2,0.0,0.5,1
A-2024-05-141,2024-05-07,09:20,CHOQUE,1,2,0,LIMA,LIMA,LURIN,URBANA,CARRETERA,PROVINCIAL,LM-801,-12.268766484904434,-76.84410294687619,DESPEJADO,RURAL,TRAMO RECTO,PLANA ,ASFALTADA,,,,,EN PROCESO DE INVESTIGACIÓN,NO CUENTA CON CAUSA ESPECIFICA,9.0,0,2024.0,5.0,1.0,0,1,1,0,0.0,0.0,0.0,0.0,0,0,40.6,4.979959839195493,0,2,5,0.0,0.4,0
A-2024-05-6,2024-05-07,16:30,CHOQUE,1,0,2,PUNO,EL COLLAO,SANTA ROSA,RURAL,CARRETERA,NACIONAL,PE-36A,-16.738935101004,-69.71669550114505,DESPEJADO,RURAL,TRAMO RECTO,PLANA ,ASFALTADA,,,,,IMPRUDENCIA DEL CONDUCTOR,GIRAR IMPRUDENTEMENTE,16.0,0,2024.0,5.0,1.0,0,2,1,1,0.0,0.0,0.0,0.0,0,0,48.5,10.606601717798213,0,1,2,0.0,0.5,0
A-2024-05-106,2024-05-07,19:40,ATROPELLO,1,0,1,CAJAMARCA,CHOTA,CHOTA,URBANA,CARRETERA,NACIONAL,PE-3N,-6.57019,-78.642682,LLUVIOSO,RESIDENCIAL,CURVA,INCLINADA,ASFALTADA,,,,,IMPRUDENCIA DEL PEATÓN,CRUCE INDEBIDO POR LA CALZADA,19.0,0,2024.0,5.0,1.0,0,3,1,1,0.0,1.0,0.0,1.0,1,0,45.0,31.11269837220809,0,1,2,0.0,0.5,1
A-2024-05-89,2024-05-08,20:40,CHOQUE,1,0,2,ICA,ICA,ICA,URBANA,CARRETERA,NACIONAL,PE-1S,-14.086836,-75.727742,DESPEJADO,RESIDENCIAL,INTERSECCIÓN,PLANA ,ASFALTADA,,,,,IMPRUDENCIA DEL CONDUCTOR,EXCESO DE VELOCIDAD,20.0,0,2024.0,5.0,2.0,0,3,1,0,0.0,0.0,0.0,0.0,0,0,29.5,2.1213203435596424,0,1,2,0.0,0.5,1
A-2024-05-31,2024-05-09,15:05,ATROPELLO,1,0,1,LA LIBERTAD,TRUJILLO,TRUJILLO,URBANA,AVENIDA,URBANO,NO CORRESPONDE,-8.1032196276,-79.023969781,DESPEJADO,COMERCIAL,INTERSECCIÓN,PLANA ,ASFALTADA,,,,,EN PROCESO DE INVESTIGACIÓN,NO CUENTA CON CAUSA ESPECIFICA,15.0,0,2024.0,5.0,3.0,0,2,1,0,1.0,0.0,0.0,1.0,0,0,58.5,21.920310216782973,0,1,2,0.0,0.5,0
A-2024-05-9,2024-05-09,16:00,DESPISTE,1,2,1,AREQUIPA,ISLAY,COCACHACRA,RURAL,CARRETERA,NACIONAL,PE-1S,-17.0299219497234,-71.6447817311079,SOLEADO,RURAL,CURVA,PLANA ,ASFALTADA,,,,,EN PROCESO DE INVESTIGACIÓN,NO CUENTA CON CAUSA ESPECIFICA,16.0,0,2024.0,5.0,3.0,0,2,1,0,0.0,0.0,0.0,0.0,0,0,67.0,27.073972741361768,0,1,3,0.0,0.333,0
A-2024-05-103,2024-05-09,21:52,DESPISTE,1,1,0,PIURA,PIURA,PIURA,URBANA,AVENIDA,URBANO,NO CORRESPONDE,-5.163911,-80.648004,DESPEJADO,RESIDENCIAL,TRAMO RECTO,PLANA ,ASFALTADA,,,,,EN PROCESO DE INVESTIGACIÓN,NO CUENTA CON CAUSA ESPECIFICA,21.0,0,2024.0,5.0,3.0,0,3,1,0,1.0,0.0,0.0,1.0,0,0,19.5,0.7071067811865476,0,0,2,0.0,0.0,1
A-2024-05-142,2024-05-10,02:30,CHOQUE,1,3,0,LIMA,LIMA,LURIN,URBANA,CARRETERA,NACIONAL,PE-1S,-12.25012472194049,-76.93102612571977,DESPEJADO,INDUSTRIAL,TRAMO RECTO,PLANA ,ASFALTADA,,,,,EN PROCESO DE INVESTIGACIÓN,NO CUENTA CON CAUSA ESPECIFICA,2.0,0,2024.0,5.0,4.0,0,0,1,0,0.0,0.0,0.0,0.0,0,0,23.4,16.727223320085137,0,2,6,0.0,0.333,1
A-2024-05-107,2024-05-10,03:30,DESPISTE,1,2,1,CAJAMARCA,CELENDIN,CELENDIN,RURAL,CARRETERA,NACIONAL,PE-08B,-6.882722,-78.135623,DESPEJADO,RURAL,CURVA,INCLINADA,ASFALTADA,SI,PREVENTIVA (P),,NO,IMPRUDENCIA DEL CONDUCTOR,CONDUCIR EN ESTADO DE EBRIEDAD Y/O DROGADICCIÓN,3.0,0,2024.0,5.0,4.0,0,0,1,1,0.0,1.0,0.0,1.0,0,1,23.0,0.0,1,1,3,0.333,0.333,1
A-2024-05-60,2024-05-10,07:13,DESPISTE,1,1,1,CUSCO,URUBAMBA,URUBAMBA,RURAL,CARRETERA,NACIONAL,PE-28B,-13.31189558,-72.10391432,DESPEJADO,RURAL,TRAMO RECTO,PLANA ,ASFALTADA,SI,PREVENTIVA (P),PREVENTIVA (P),NO,IMPRUDENCIA DEL PEATÓN,OTRO (IMPRUDENCIA DEL PEATÓN),7.0,0,2024.0,5.0,4.0,0,1,1,1,0.0,0.0,0.0,0.0,0,1,39.5,3.5355339059327378,0,1,2,0.0,0.5,0
A-2024-05-32,2024-05-10,20:30,ATROPELLO,1,2,1,LA LIBERTAD,PACASMAYO,SAN PEDRO DE LLOC,URBANA,CARRETERA,PROVINCIAL,LI-598,-7.424026822749218,-79.50308374665642,DESPEJADO,COMERCIAL,TRAMO RECTO,PLANA ,ASFALTADA,,,,,IMPRUDENCIA DEL CONDUCTOR,GIRAR IMPRUDENTEMENTE,20.0,0,2024.0,5.0,4.0,0,3,1,0,0.0,0.0,0.0,0.0,0,0,67.33333333333333,3.5118845842842448,0,0,3,0.0,0.0,1
A-2024-05-53,2024-05-10,21:00,ATROPELLO,1,0,1,CUSCO,QUISPICANCHI,OROPESA,RURAL,CARRETERA,NACIONAL,PE-3S,-13.597937,-71.773723,DESPEJADO,RURAL,TRAMO RECTO,PLANA ,ASFALTADA,,,,,IMPRUDENCIA DEL PEATÓN,OTRO (IMPRUDENCIA DEL PEATÓN),21.0,0,2024.0,5.0,4.0,0,3,1,1,0.0,0.0,0.0,0.0,0,0,54.5,20.506096654409877,0,1,2,0.0,0.5,1
A-2024-05-111,2024-05-11,04:30,DESPISTE,1,1,1,CAJAMARCA,CUTERVO,SANTO DOMINGO DE LA CAPILLA,RURAL,CARRETERA,PROVINCIAL,CA-814,-6.249418,-78.862041,DESPEJADO,RURAL,CURVA,INCLINADA,TROCHA,,,,,INFRAESTRUCTURA Y ENTORNO VIAL,OTRO (INFRAESTRUCTURA Y ENTORNO VIAL),4.0,0,2024.0,5.0,5.0,1,0,1,1,0.0,1.0,2.0,3.0,0,0,44.5,9.192388155425117,0,0,2,0.0,0.0,1
A-2024-05-33,2024-05-11,04:45,ATROPELLO FUGA,1,0,0,LA LIBERTAD,ASCOPE,CHICAMA,RURAL,CARRETERA,NACIONAL,PE-1NF,-7.746122048401552,-79.092496577822,DESPEJADO,RURAL,TRAMO RECTO,PLANA ,ASFALTADA,,,,,EN PROCESO DE INVESTIGACIÓN,NO CUENTA CON CAUSA ESPECIFICA,4.0,0,2024.0,5.0,5.0,1,0,1,0,0.0,0.0,0.0,0.0,0,0,0.0,0.0,0,0,2,0.0,0.0,1
A-2024-05-90,2024-05-11,06:30,CHOQUE,1,0,2,ICA,ICA,ICA,URBANA,CARRETERA,NACIONAL,PE-1SC,-14.087787,-75.718012,DESPEJADO,RESIDENCIAL,TRAMO RECTO,PLANA ,ASFALTADA,,,,,IMPRUDENCIA DEL CONDUCTOR,CONDUCIR EN ESTADO DE EBRIEDAD Y/O DROGADICCIÓN,6.0,0,2024.0,5.0,5.0,1,1,1,0,0.0,0.0,0.0,0.0,0,0,52.0,24.041630560342615,1,1,2,0.5,0.5,0
A-2024-05-110,2024-05-11,14:40,CHOQUE,1,2,2,CAJAMARCA,JAEN,JAEN,RURAL,CARRETERA,NACIONAL,PE-5N,-5.777851,-78.782939,DESPEJADO,RURAL,TRAMO RECTO,PLANA ,ASFALTADA,,,,,IMPRUDENCIA DEL CONDUCTOR,OTRO (IMPRUDENCIA DEL CONDUCTOR),14.0,0,2024.0,5.0,5.0,1,2,1,1,0.0,0.0,0.0,0.0,0,0,35.333333333333336,6.429100507328636,0,0,3,0.0,0.0,0
A-2024-05-7,2024-05-11,19:10,DESPISTE,1,0,1,AREQUIPA,CAYLLOMA,SAN ANTONIO DE CHUCA,RURAL,CARRETERA,NACIONAL,PE-34A,-15.90465,-71.188063,DESPEJADO,RURAL,CURVA,PLANA ,ASFALTADA,SI,PREVENTIVA (P),INFORMATIVA (I),SI,EN PROCESO DE INVESTIGACIÓN,NO CUENTA CON CAUSA ESPECIFICA,19.0,0,2024.0,5.0,5.0,1,3,1,0,0.0,0.0,0.0,0.0,0,0,54.5,0.7071067811865476,0,0,2,0.0,0.0,1
A-2024-05-125,2024-05-11,21:30,ATROPELLO,1,0,0,LIMA,LIMA,LURIN,URBANA,CARRETERA,NACIONAL,PE-1S,-12.297371,-76.855202,DESPEJADO,RESIDENCIAL,TRAMO RECTO,PLANA ,ASFALTADA,,,,,EN PROCESO DE INVESTIGACIÓN,NO CUENTA CON CAUSA ESPECIFICA,21.0,0,2024.0,5.0,5.0,1,3,1,0,0.0,0.0,0.0,0.0,0,0,34.0,5.656854249492381,0,1,2,0.0,0.5,1
A-2024-05-15,2024-05-11,21:32,DESPISTE,1,0,0,PIURA,SECHURA,BERNAL,RURAL,CARRETERA,PROVINCIAL,PI-1051,-5.476569,-80.745771,DESPEJADO,RURAL,INTERSECCIÓN,PLANA ,ASFALTADA,,,,,EN PROCESO DE INVESTIGACIÓN,NO CUENTA CON CAUSA ESPECIFICA,21.0,0,2024.0,5.0,5.0,1,3,1,0,0.0,0.0,0.0,0.0,0,0,45.0,0.0,0,0,1,0.0,0.0,1
A-2024-05-85,2024-05-11,23:55,CHOQUE,1,1,3,CUSCO,CANCHIS,SICUANI,RURAL,CARRETERA,NACIONAL,PE-3S,-14.216545983228846,-71.29374342360288,DESPEJADO,RURAL,TRAMO RECTO,PLANA ,ASFALTADA,,,,,IMPRUDENCIA DEL CONDUCTOR,ADELANTAR INDEBIDAMENTE,23.0,0,2024.0,5.0,5.0,1,3,1,1,0.0,0.0,0.0,0.0,0,0,31.25,0.9574271077563382,0,2,4,0.0,0.5,1
A-2024-05-108,2024-05-12,10:41,DESPISTE,1,8,1,CAJAMARCA,CAJAMARCA,MAGDALENA,RURAL,CARRETERA,NACIONAL,PE-1NA,-7.280434079,-78.54343163,DESPEJADO,RURAL,CURVA,INCLINADA,ASFALTADA,SI,PREVENTIVA (P),REGULADORA (R),SI,IMPRUDENCIA DEL CONDUCTOR,EXCESO DE VELOCIDAD,10.0,0,2024.0,5.0,6.0,1,1,1,1,0.0,1.0,0.0,1.0,0,0,37.22222222222222,12.407435046956502,0,1,9,0.0,0.111,0
A-2024-05-127,2024-05-12,17:10,ATROPELLO FUGA,1,0,0,LIMA,LIMA,LA VICTORIA,URBANA,AVENIDA,URBANO,NO CORRESPONDE,-12.062222412658771,-77.01142928202842,DESPEJADO,COMERCIAL,TRAMO RECTO,PLANA ,ASFALTADA,,,,,EN PROCESO DE INVESTIGACIÓN,NO CUENTA CON CAUSA ESPECIFICA,17.0,0,2024.0,5.0,6.0,1,2,1,0,1.0,0.0,0.0,1.0,0,0,44.0,0.0,0,0,2,0.0,0.0,0