CODIGO_SINIESTRO,FECHA_SINIESTRO,HORA_SINIESTRO,CLASE_SINIESTRO,CANTIDAD_FALLECIDOS,CANTIDAD_LESIONADOS,CANTIDAD_VEHICULOS,DEPARTAMENTO,PROVINCIA,DISTRITO,ZONA,TIPO_VIA,RED_VIAL,COD_CARRETERA,LATITUD,LONGITUD,CONDICION_CLIMATICA,ZONIFICACION,CARACTERISTICAS_VIA,PERFIL_VIA,SUPERFICIE_CALZADA,EXISTE_SENIAL_VERTICAL,CLASIFICACION_SENIAL_VERTICAL_1,CLASIFICACION_SENIAL_VERTICAL_2,EXISTE_SENIAL_HORIZONTAL,CAUSA_FACTOR_PRINCIPAL,CAUSA_ESPECIFICA,HORA,severidad,ANIO,MES,DIA_SEMANA,FIN_SEMANA,FRANJA_HORARIA,TEMPORADA,MACROREGION,TIPO_VIA_SCORE,PERFIL_VIA_SCORE,SUPERFICIE_CALZADA_SCORE,RIESGO_INFRAESTRUCTURA,RIESGO_CLIMATICO,SENIALIZACION_DEFICIENTE,EDAD_PROMEDIO,EDAD_STD,TOTAL_ALCOHOL,TOTAL_LICENCIA,TOTAL_PERSONAS,PCT_ALCOHOL,PCT_LICENCIA,ES_NOCHE
A-2024-05-54,2024-05-24,11:00,CHOQUE,2,0,0,AREQUIPA,ISLAY,DEAN VALDIVIA,RURAL,CARRETERA,NACIONAL,PE-1SD,-17.133403,-71.856379,SOLEADO,RURAL,TRAMO RECTO,PLANA ,ASFALTADA,NO,,,SI,EN PROCESO DE INVESTIGACIÓN,NO CUENTA CON CAUSA ESPECIFICA,11.0,1,2024.0,5.0,4.0,0,1,1,0,0.0,0.0,0.0,0.0,0,1,42.0,12.649110640673518,1,5,6,0.167,0.833,0
A-2024-05-134,2024-05-24,20:30,ATROPELLO FUGA,1,0,0,LIMA,LIMA,LOS OLIVOS,URBANA,AVENIDA,URBANO,NO CORRESPONDE,-11.953146506266997,-77.06964522085592,DESPEJADO,COMERCIAL,INTERSECCIÓN,PLANA ,ASFALTADA,,,,,EN PROCESO DE INVESTIGACIÓN,NO CUENTA CON CAUSA ESPECIFICA,20.0,0,2024.0,5.0,4.0,0,3,1,0,1.0,0.0,0.0,1.0,0,0,66.0,0.0,0,0,2,0.0,0.0,1
A-2024-05-50,2024-05-25,06:17,DESPISTE,1,0,1,TUMBES,CONTRALMIRANTE VILLAR,CANOAS DE PUNTA SAL,RURAL,CARRETERA,NACIONAL,PE-1N,-3.976005929454473,-80.95257632364411,DESPEJADO,RURAL,TRAMO RECTO,PLANA ,ASFALTADA,,,,,IMPRUDENCIA DEL CONDUCTOR,OTRO (IMPRUDENCIA DEL CONDUCTOR),6.0,0,2024.0,5.0,5.0,1,1,1,0,0.0,0.0,0.0,0.0,0,0,65.0,0.0,0,0,1,0.0,0.0,0
A-2024-05-55,2024-05-25,23:00,CHOQUE,1,2,2,AREQUIPA,AREQUIPA,PAUCARPATA,URBANA,CARRETERA,NACIONAL,PE-34C,-16.424584,-71.505872,DESPEJADO,RESIDENCIAL,INTERSECCIÓN,PLANA ,ASFALTADA,,,,,EN PROCESO DE INVESTIGACIÓN,NO CUENTA CON CAUSA ESPECIFICA,23.0,0,2024.0,5.0,5.0,1,3,1,0,0.0,0.0,0.0,0.0,0,0,46.75,26.030430909482334,0,2,4,0.0,0.5,1
A-2024-05-70,2024-05-26,04:30,DESPISTE,3,4,1,CUSCO,ANTA,ANTA,RURAL,CARRETERA,NACIONAL,PE-3SF,-13.542062,-72.194637,DESPEJADO,RURAL,CURVA,PLANA ,ASFALTADA,,,,,NEGLIGENCIA DEL CONDUCTOR,ABANDONO DE OBJETOS EN LA VÍA,4.0,2,2024.0,5.0,6.0,1,0,1,1,0.0,0.0,0.0,0.0,0,0,39.857142857142854,7.668736780560656,0,1,7,0.0,0.143,1
A-2024-05-149,2024-05-26,07:30,CHOQUE,1,1,0,LIMA,LIMA,LURIGANCHO,URBANA,CARRETERA,NACIONAL,PE-22,-12.021266114678584,-76.93017588085614,DESPEJADO,INDUSTRIAL,CURVA,PLANA ,ASFALTADA,,,,,EN PROCESO DE INVESTIGACIÓN,NO CUENTA CON CAUSA ESPECIFICA,7.0,0,2024.0,5.0,6.0,1,1,1,0,0.0,0.0,0.0,0.0,0,0,31.5,4.949747468305833,0,1,3,0.0,0.333,0
A-2024-05-28,2024-05-26,07:30,ATROPELLO,1,0,1,LIMA,HUAURA,HUACHO,URBANA,CARRETERA,PROVINCIAL,LM-657,-11.123795802276002,-77.6104688217317,DESPEJADO,RESIDENCIAL,TRAMO RECTO,PLANA ,ASFALTADA,,,,,IMPRUDENCIA DEL CONDUCTOR,OTRO (IMPRUDENCIA DEL CONDUCTOR),7.0,0,2024.0,5.0,6.0,1,1,1,0,0.0,0.0,0.0,0.0,0,0,50.5,41.71930009000631,0,0,2,0.0,0.0,0
A-2024-05-63,2024-05-26,10:31,DESPISTE,1,0,1,CUSCO,PAUCARTAMBO,PAUCARTAMBO,RURAL,CARRETERA,DEPARTAMENTAL,CU-116,-13.44427,-71.474343,DESPEJADO,RURAL,CURVA,PLANA ,TROCHA,,,,,IMPRUDENCIA DEL CONDUCTOR,FATIGA Y/O CANSANCIO,10.0,0,2024.0,5.0,6.0,1,1,1,1,0.0,0.0,2.0,2.0,0,0,40.0,0.0,0,0,1,0.0,0.0,0
A-2024-05-73,2024-05-26,17:41,CHOQUE,1,0,1,CUSCO,ANTA,ANTA,RURAL,CARRETERA,DEPARTAMENTAL,CU-111,-13.450167,-72.145675,DESPEJADO,RURAL,CURVA,PLANA ,ASFALTADA,SI,REGULADORA (R),REGULADORA (R),SI,IMPRUDENCIA DEL CONDUCTOR,EXCESO DE VELOCIDAD,17.0,0,2024.0,5.0,6.0,1,2,1,1,0.0,0.0,0.0,0.0,0,0,51.0,1.4142135623730951,0,2,2,0.0,1.0,0
A-2024-05-77,2024-05-26,19:00,CHOQUE,1,6,2,CUSCO,QUISPICANCHI,URCOS,RURAL,CARRETERA,NACIONAL,PE-30C,-13.660308,-71.591075,DESPEJADO,RURAL,TRAMO RECTO,PLANA ,ASFALTADA,SI,PREVENTIVA (P),PREVENTIVA (P),SI,IMPERICIA DEL CONDUCTOR,,19.0,0,2024.0,5.0,6.0,1,3,1,1,0.0,0.0,0.0,0.0,0,0,31.125,14.65252294219083,0,1,8,0.0,0.125,1
A-2024-05-98,2024-05-26,20:00,CHOQUE,1,1,2,AMAZONAS,CHACHAPOYAS,CHACHAPOYAS,URBANA,CARRETERA,DEPARTAMENTAL,AM-110,-6.244095,-77.85522,LLUVIOSO,RURAL,TRAMO RECTO,PLANA ,AFIRMADO,,,,,EN PROCESO DE INVESTIGACIÓN,NO CUENTA CON CAUSA ESPECIFICA,20.0,0,2024.0,5.0,6.0,1,3,1,2,0.0,0.0,1.0,1.0,1,0,33.666666666666664,9.073771725877467,0,1,3,0.0,0.333,1
A-2024-05-87,2024-05-26,23:00,DESPISTE,1,0,1,CUSCO,PAUCARTAMBO,PAUCARTAMBO,RURAL,CARRETERA,DEPARTAMENTAL,CU-113,-13.298784,-71.596764,DESPEJADO,RURAL,TRAMO RECTO,PLANA ,AFIRMADO,,,,,IMPRUDENCIA DEL CONDUCTOR,FATIGA Y/O CANSANCIO,23.0,0,2024.0,5.0,6.0,1,3,1,1,0.0,0.0,1.0,1.0,0,0,54.0,0.0,0,1,1,0.0,1.0,1
A-2024-05-101,2024-05-27,01:40,ATROPELLO FUGA,1,0,0,UCAYALI,CORONEL PORTILLO,CALLERIA,URBANA,CARRETERA,NACIONAL,PE-18C,-8.399332104483923,-74.60846295231482,DESPEJADO,INDUSTRIAL,TRAMO RECTO,PLANA ,ASFALTADA,,,,,EN PROCESO DE INVESTIGACIÓN,NO CUENTA CON CAUSA ESPECIFICA,1.0,0,2024.0,5.0,0.0,0,0,1,2,0.0,0.0,0.0,0.0,0,0,25.0,0.0,0,0,2,0.0,0.0,1
A-2024-05-51,2024-05-27,10:00,CHOQUE,1,0,1,SAN MARTIN,RIOJA,NUEVA CAJAMARCA,URBANA,JIRÓN,URBANO,NO CORRESPONDE,-5.947354,-77.302978,DESPEJADO,COMERCIAL,INTERSECCIÓN,PLANA ,AFIRMADO,,,,,IMPRUDENCIA DEL CONDUCTOR,OTRO (IMPRUDENCIA DEL CONDUCTOR),10.0,0,2024.0,5.0,0.0,0,1,1,2,1.0,0.0,1.0,2.0,0,0,46.0,5.656854249492381,0,1,2,0.0,0.5,0
A-2024-05-95,2024-05-27,16:40,DESPISTE,1,2,0,ICA,PALPA,LLIPATA,RURAL,CARRETERA,NACIONAL,PE-1S,-14.551381,-75.1938561,DESPEJADO,RURAL,TRAMO RECTO,PLANA ,ASFALTADA,,,,,EN PROCESO DE INVESTIGACIÓN,NO CUENTA CON CAUSA ESPECIFICA,16.0,0,2024.0,5.0,0.0,0,2,1,0,0.0,0.0,0.0,0.0,0,0,28.666666666666668,27.30079363925769,0,0,3,0.0,0.0,0
A-2024-05-56,2024-05-27,20:30,ATROPELLO FUGA,1,0,0,AREQUIPA,AREQUIPA,YURA,RURAL,CARRETERA,NACIONAL,PE-34A,-16.0721902064238,-71.5931876876696,DESPEJADO,RURAL,TRAMO RECTO,PLANA ,ASFALTADA,NO,,,SI,EN PROCESO DE INVESTIGACIÓN,NO CUENTA CON CAUSA ESPECIFICA,20.0,0,2024.0,5.0,0.0,0,3,1,0,0.0,0.0,0.0,0.0,0,1,0.0,0.0,0,0,2,0.0,0.0,1
A-2024-05-94,2024-05-28,11:30,ATROPELLO,1,0,0,ICA,ICA,SUBTANJALLA,URBANA,CARRETERA,PROVINCIAL,IC-636,-14.029773,-75.754567,DESPEJADO,RESIDENCIAL,TRAMO RECTO,PLANA ,ASFALTADA,,,,,EN PROCESO DE INVESTIGACIÓN,NO CUENTA CON CAUSA ESPECIFICA,11.0,0,2024.0,5.0,1.0,0,1,1,0,0.0,0.0,0.0,0.0,0,0,19.5,2.1213203435596424,0,0,2,0.0,0.0,0
A-2024-05-135,2024-05-28,14:30,ATROPELLO,1,0,0,LIMA,LIMA,ATE,URBANA,CARRETERA,NACIONAL,PE-1S,-12.06171738079492,-76.97183037251226,DESPEJADO,INDUSTRIAL,TRAMO RECTO,PLANA ,ASFALTADA,,,,,EN PROCESO DE INVESTIGACIÓN,NO CUENTA CON CAUSA ESPECIFICA,14.0,0,2024.0,5.0,1.0,0,2,1,0,0.0,0.0,0.0,0.0,0,0,38.0,0.0,0,0,2,0.0,0.0,0
A-2024-05-136,2024-05-29,05:30,ATROPELLO FUGA,1,0,0,LIMA,LIMA,LOS OLIVOS,URBANA,AVENIDA,URBANO,NO CORRESPONDE,-11.975816198074757,-77.08559173403523,DESPEJADO,COMERCIAL,TRAMO RECTO,PLANA ,ASFALTADA,,,,,EN PROCESO DE INVESTIGACIÓN,NO CUENTA CON CAUSA ESPECIFICA,5.0,0,2024.0,5.0,2.0,0,0,1,0,1.0,0.0,0.0,1.0,0,0,70.0,0.0,0,0,2,0.0,0.0,1
A-2024-05-46,2024-05-29,10:30,DESPISTE,1,4,0,PUNO,CHUCUITO,JULI,URBANA,AVENIDA,URBANO,NO CORRESPONDE,-16.212925,-69.454835,,,,,,,,,,EN PROCESO DE INVESTIGACIÓN,NO CUENTA CON CAUSA ESPECIFICA,10.0,0,2024.0,5.0,2.0,0,1,1,1,1.0,1.0,1.0,3.0,0,0,73.0,0.0,0,0,5,0.0,0.0,0
A-2024-05-113,2024-05-29,15:05,DESPISTE,1,0,1,CAJAMARCA,CHOTA,LLAMA,RURAL,CARRETERA,NACIONAL,PE-06A,-6.558534,-79.226609,DESPEJADO,RURAL,TRAMO RECTO,INCLINADA,ASFALTADA,SI,PREVENTIVA (P),,SI,IMPRUDENCIA DEL CONDUCTOR,EXCESO DE VELOCIDAD,15.0,0,2024.0,5.0,2.0,0,2,1,1,0.0,1.0,0.0,1.0,0,0,37.0,0.0,0,0,1,0.0,0.0,0
A-2024-05-61,2024-05-29,19:30,CHOQUE,1,0,2,CUSCO,QUISPICANCHI,OCONGATE,URBANA,CARRETERA,NACIONAL,PE-30C,-13.627811673831856,-71.38850439742114,DESPEJADO,RURAL,TRAMO RECTO,PLANA ,ASFALTADA,SI,REGULADORA (R),PREVENTIVA (P),NO,IMPRUDENCIA DEL PEATÓN,EXCESO DE VELOCIDAD,19.0,0,2024.0,5.0,2.0,0,3,1,1,0.0,0.0,0.0,0.0,0,1,30.0,9.539392014169456,0,1,3,0.0,0.333,1
A-2024-05-47,2024-05-29,20:30,DESPISTE,1,0,1,PUNO,EL COLLAO,ILAVE,RURAL,CARRETERA,NACIONAL,PE-3S,-16.14884789071628,-69.56266699225276,DESPEJADO,RURAL,TRAMO RECTO,PLANA ,ASFALTADA,,,,,IMPRUDENCIA DEL CONDUCTOR,ADELANTAR INDEBIDAMENTE,20.0,0,2024.0,5.0,2.0,0,3,1,1,0.0,0.0,0.0,0.0,0,0,45.5,4.949747468305833,0,1,2,0.0,0.5,1
A-2024-05-49,2024-05-30,06:00,ATROPELLO FUGA,1,0,0,PUNO,CHUCUITO,POMATA,RURAL,CARRETERA,NACIONAL,PE-3S,-16.274627666398704,-69.29014380638111,DESPEJADO,RURAL,TRAMO RECTO,PLANA ,ASFALTADA,,,,,IMPRUDENCIA DEL PEATÓN,CRUCE INDEBIDO POR LA CALZADA,6.0,0,2024.0,5.0,3.0,0,1,1,1,0.0,0.0,0.0,0.0,0,0,39.0,0.0,0,0,2,0.0,0.0,0
A-2024-05-44,2024-05-30,09:45,ATROPELLO,1,0,0,LA LIBERTAD,TRUJILLO,VICTOR LARCO HERRERA,URBANA,CARRETERA,NACIONAL,PE-1N,-8.140600574,-79.0524999253,DESPEJADO,INDUSTRIAL,INTERSECCIÓN,PLANA ,ASFALTADA,,,,,IMPRUDENCIA DEL PEATÓN,CRUCE INDEBIDO POR LA CALZADA,9.0,0,2024.0,5.0,3.0,0,1,1,0,0.0,0.0,0.0,0.0,0,0,75.0,18.384776310850235,0,1,2,0.0,0.5,0
A-2024-05-52,2024-05-30,15:15,CHOQUE,1,0,2,PUNO,PUNO,CHUCUITO,RURAL,CARRETERA,NACIONAL,PE-3S,-15.898477993412756,-69.88927924278664,DESPEJADO,RURAL,TRAMO RECTO,PLANA ,ASFALTADA,,,,,IMPRUDENCIA DEL CONDUCTOR,INVASIÓN DE CARRIL,15.0,0,2024.0,5.0,3.0,0,2,1,1,0.0,0.0,0.0,0.0,0,0,36.0,2.8284271247461903,0,1,2,0.0,0.5,0
A-2024-05-114,2024-05-30,17:30,DESPISTE,1,0,1,CAJAMARCA,JAEN,SAN FELIPE,URBANA,CALLE,URBANO,NO CORRESPONDE,-5.770172843,-79.31305658,DESPEJADO,COMERCIAL,TRAMO RECTO,PLANA ,CONCRETO,,,,,IMPRUDENCIA DEL CONDUCTOR,OTRO (IMPRUDENCIA DEL CONDUCTOR),17.0,0,2024.0,5.0,3.0,0,2,1,1,2.0,0.0,0.0,2.0,0,0,12.0,0.0,0,0,1,0.0,0.0,0
A-2024-05-115,2024-05-31,16:00,DESPISTE,1,2,1,CAJAMARCA,JAEN,PUCARA,RURAL,CARRETERA,SIN CLASIFICAR,SIN CLASIFICAR,-6.028413,-79.100487,DESPEJADO,RURAL,CURVA,INCLINADA,AFIRMADO,,,,,IMPRUDENCIA DEL CONDUCTOR,EXCESO DE VELOCIDAD,16.0,0,2024.0,5.0,4.0,0,2,1,1,0.0,1.0,1.0,2.0,0,0,31.0,11.269427669584644,0,1,3,0.0,0.333,0
A-2024-05-126,2024-05-31,22:00,DESPISTE,1,0,0,LIMA,LIMA,VILLA MARIA DEL TRIUNFO,URBANA,AVENIDA,URBANO,NO CORRESPONDE,-12.134083605369293,-76.95033769074475,DESPEJADO,RESIDENCIAL,INTERSECCIÓN,INCLINADA,TROCHA,,,,,EN PROCESO DE INVESTIGACIÓN,NO CUENTA CON CAUSA ESPECIFICA,22.0,0,2024.0,5.0,4.0,0,3,1,0,1.0,1.0,2.0,4.0,0,0,68.0,0.0,0,1,1,0.0,1.0,1
A-2024-06-15,2024-06-01,17:00,CHOQUE,1,0,1,LA LIBERTAD,CHEPEN,CHEPEN,RURAL,CARRETERA,NACIONAL,PE-08,-7.273730020529267,-79.28734084682289,DESPEJADO,RURAL,TRAMO RECTO,PLANA ,ASFALTADA,,,,,EN PROCESO DE INVESTIGACIÓN,NO CUENTA CON CAUSA ESPECIFICA,17.0,0,2024.0,6.0,5.0,1,2,2,0,0.0,0.0,0.0,0.0,0,0,41.0,15.556349186104045,0,1,2,0.0,0.5,0
A-2024-06-16,2024-06-01,19:30,CHOQUE,1,0,2,LA LIBERTAD,PACASMAYO,SAN JOSE,RURAL,CARRETERA,PROVINCIAL,LI-581,-7.341020661291783,-79.49572045823975,DESPEJADO,RURAL,TRAMO RECTO,PLANA ,ASFALTADA,,,,,EN PROCESO DE INVESTIGACIÓN,NO CUENTA CON CAUSA ESPECIFICA,19.0,0,2024.0,6.0,5.0,1,3,2,0,0.0,0.0,0.0,0.0,0,0,24.0,6.082762530298219,0,1,3,0.0,0.333,1
A-2024-06-90,2024-06-02,02:20,ATROPELLO FUGA,1,0,0,LIMA,LIMA,LOS OLIVOS,URBANA,CARRETERA,NACIONAL,PE-1N,-11.930176,-77.072415,DESPEJADO,COMERCIAL,INTERSECCIÓN,PLANA ,ASFALTADA,SI,REGULADORA (R),,NO,EN PROCESO DE INVESTIGACIÓN,NO CUENTA CON CAUSA ESPECIFICA,2.0,0,2024.0,6.0,6.0,1,0,2,0,0.0,0.0,0.0,0.0,0,1,35.0,0.0,0,0,2,0.0,0.0,1
A-2024-06-17,2024-06-02,09:20,CHOQUE,1,2,2,LA LIBERTAD,OTUZCO,SALPO,RURAL,CARRETERA,NACIONAL,PE-10A,-8.011856275320335,-78.69948108366218,DESPEJADO,RURAL,TRAMO RECTO,PLANA ,ASFALTADA,,,,,EN PROCESO DE INVESTIGACIÓN,NO CUENTA CON CAUSA ESPECIFICA,9.0,0,2024.0,6.0,6.0,1,1,2,0,0.0,0.0,0.0,0.0,0,0,38.0,12.027745701779143,0,2,4,0.0,0.5,0
A-2024-06-21,2024-06-02,16:20,CHOQUE FUGA,1,0,1,LA LIBERTAD,PACASMAYO,GUADALUPE,RURAL,CARRETERA,NACIONAL,PE-08,-7.303910820153995,-79.47253181141778,DESPEJADO,RURAL,TRAMO RECTO,PLANA ,ASFALTADA,,,,,EN PROCESO DE INVESTIGACIÓN,NO CUENTA CON CAUSA ESPECIFICA,16.0,0,2024.0,6.0,6.0,1,2,2,0,0.0,0.0,0.0,0.0,0,0,30.0,0.0,0,0,2,0.0,0.0,0
A-2024-06-91,2024-06-02,23:00,DESPISTE,2,0,0,LIMA,LIMA,ATE,URBANA,CARRETERA,NACIONAL,PE-22,-12.010602,-76.872794,DESPEJADO,COMERCIAL,TRAMO RECTO,PLANA ,ASFALTADA,,,,,IMPRUDENCIA DEL CONDUCTOR,CONDUCIR EN ESTADO DE EBRIEDAD Y/O DROGADICCIÓN,23.0,1,2024.0,6.0,6.0,1,3,2,0,0.0,0.0,0.0,0.0,0,0,24.5,4.949747468305833,0,1,2,0.0,0.5,1
A-2024-06-18,2024-06-02,23:05,ATROPELLO FUGA,1,0,0,LA LIBERTAD,TRUJILLO,HUANCHACO,RURAL,CARRETERA,NACIONAL,PE-1N,-8.0273870967,-79.0778542345,DESPEJADO,RURAL,TRAMO RECTO,PLANA ,ASFALTADA,,,,,IMPRUDENCIA DEL PEATÓN,ESTADO DE EBRIEDAD Y/O DROGADICCIÓN,23.0,0,2024.0,6.0,6.0,1,3,2,0,0.0,0.0,0.0,0.0,0,0,40.0,0.0,0,0,2,0.0,0.0,1
A-2024-06-116,2024-06-03,05:50,DESPISTE,1,0,1,CAJAMARCA,CHOTA,CHOTA,URBANA,CARRETERA,NACIONAL,PE-3N,-6.550359,-78.674762,DESPEJADO,COMERCIAL,CURVA,INCLINADA,ASFALTADA,,,,,IMPRUDENCIA DEL CONDUCTOR,CONDUCIR EN ESTADO DE EBRIEDAD Y/O DROGADICCIÓN,5.0,0,2024.0,6.0,0.0,0,0,2,1,0.0,1.0,0.0,1.0,0,0,26.0,0.0,1,0,1,1.0,0.0,1
A-2024-06-114,2024-06-03,14:30,DESPISTE,1,0,1,CAJAMARCA,CAJABAMBA,CAJABAMBA,RURAL,CARRETERA,NACIONAL,PE-3N,-7.612798,-78.083209,DESPEJADO,RURAL,CURVA,INCLINADA,ASFALTADA,SI,PREVENTIVA (P),,SI,NEGLIGENCIA DEL CONDUCTOR,CONDUCIR CON FALLAS DE FRENOS,14.0,0,2024.0,6.0,0.0,0,2,2,1,0.0,1.0,0.0,1.0,0,0,32.0,0.0,0,0,1,0.0,0.0,0
A-2024-06-19,2024-06-03,16:14,ATROPELLO FUGA,1,0,0,LA LIBERTAD,CHEPEN,PACANGA,URBANA,AVENIDA,URBANO,NO CORRESPONDE,-7.1591543205491766,-79.44412667921272,DESPEJADO,ESCOLAR,TRAMO RECTO,PLANA ,ASFALTADA,,,,,IMPRUDENCIA DEL CONDUCTOR,OTRO (IMPRUDENCIA DEL CONDUCTOR),16.0,0,2024.0,6.0,0.0,0,2,2,0,1.0,0.0,0.0,1.0,0,0,6.0,0.0,0,0,2,0.0,0.0,0
A-2024-06-20,2024-06-04,05:30,CHOQUE,1,0,3,LA LIBERTAD,TRUJILLO,TRUJILLO,RURAL,CARRETERA,NACIONAL,PE-10A,-8.126917155202126,-79.0104671173307,DESPEJADO,RURAL,TRAMO RECTO,PLANA ,ASFALTADA,,,,,IMPRUDENCIA DEL CONDUCTOR,OTRO (IMPRUDENCIA DEL CONDUCTOR),5.0,0,2024.0,6.0,1.0,0,0,2,0,0.0,0.0,0.0,0.0,0,0,40.0,9.899494936611665,0,2,3,0.0,0.667,1
A-2024-06-39,2024-06-04,05:30,DESPISTE,1,3,2,AREQUIPA,AREQUIPA,SAN JUAN DE TARUCANI,RURAL,CARRETERA,NACIONAL,PE-34A,-16.05142,-71.338553,DESPEJADO,RURAL,CURVA,INCLINADA,ASFALTADA,NO,,,SI,EN PROCESO DE INVESTIGACIÓN,NO CUENTA CON CAUSA ESPECIFICA,5.0,0,2024.0,6.0,1.0,0,0,2,0,0.0,1.0,0.0,1.0,0,1,44.25,10.210288928331067,0,2,4,0.0,0.5,1
A-2024-06-92,2024-06-04,11:00,ATROPELLO,1,0,0,LIMA,LIMA,ATE,URBANA,CARRETERA,NACIONAL,PE-22,-12.00452748167926,-76.84440435887166,DESPEJADO,COMERCIAL,INTERSECCIÓN,PLANA ,ASFALTADA,,,,,IMPRUDENCIA DEL PEATÓN,CRUCE INDEBIDO POR LA CALZADA,11.0,0,2024.0,6.0,1.0,0,1,2,0,0.0,0.0,0.0,0.0,0,0,39.0,12.727922061357855,0,1,2,0.0,0.5,0
A-2024-06-40,2024-06-04,13:31,CAÍDA DE PASAJERO,1,0,0,AREQUIPA,AREQUIPA,VITOR,URBANA,CARRETERA,SIN CLASIFICAR,SIN CLASIFICAR,-16.565759,-71.919435,DESPEJADO,RESIDENCIAL,INTERSECCIÓN,PLANA ,TROCHA,,,,,EN PROCESO DE INVESTIGACIÓN,NO CUENTA CON CAUSA ESPECIFICA,13.0,0,2024.0,6.0,1.0,0,2,2,0,0.0,0.0,2.0,2.0,0,0,58.0,14.142135623730951,0,0,2,0.0,0.0,0
A-2024-06-66,2024-06-04,15:15,CHOQUE,1,0,2,CUSCO,CHUMBIVILCAS,SANTO TOMAS,URBANA,AVENIDA,URBANO,NO CORRESPONDE,-14.454586,-72.08171,DESPEJADO,RESIDENCIAL,TRAMO RECTO,PLANA ,ASFALTADA,,,,,IMPRUDENCIA DEL CONDUCTOR,ADELANTAR INDEBIDAMENTE,15.0,0,2024.0,6.0,1.0,0,2,2,1,1.0,0.0,0.0,1.0,0,0,35.333333333333336,9.291573243177568,0,0,3,0.0,0.0,0
A-2024-06-117,2024-06-05,05:00,DESPISTE,1,1,1,CAJAMARCA,CHOTA,CHALAMARCA,RURAL,CARRETERA,PROVINCIAL,CA-925,-6.499561351,-78.53605946,DESPEJADO,RURAL,CURVA,INCLINADA,CASCAJO/RIPIO,,,,,IMPRUDENCIA DEL CONDUCTOR,EXCESO DE VELOCIDAD,5.0,0,2024.0,6.0,2.0,0,0,2,1,0.0,1.0,1.0,2.0,0,0,36.5,21.920310216782973,0,1,2,0.0,0.5,1
A-2024-06-93,2024-06-05,11:30,ATROPELLO,1,0,0,LIMA,LIMA,SAN BORJA,URBANA,CARRETERA,NACIONAL,PE-1S,-12.103942,-76.979231,DESPEJADO,COMERCIAL,TRAMO RECTO,PLANA ,ASFALTADA,,,,,EN PROCESO DE INVESTIGACIÓN,NO CUENTA CON CAUSA ESPECIFICA,11.0,0,2024.0,6.0,2.0,0,1,2,0,0.0,0.0,0.0,0.0,0,0,51.0,0.0,0,1,2,0.0,0.5,0
A-2024-06-115,2024-06-05,18:30,ATROPELLO,1,2,2,CAJAMARCA,CAJABAMBA,CONDEBAMBA,URBANA,CALLE,URBANO,NO CORRESPONDE,-7.509688078,-78.14329111,DESPEJADO,COMERCIAL,TRAMO RECTO,PLANA ,AFIRMADO,,,,,IMPRUDENCIA DEL CONDUCTOR,OTRO (IMPRUDENCIA DEL CONDUCTOR),18.0,0,2024.0,6.0,2.0,0,3,2,1,2.0,0.0,1.0,3.0,0,0,47.75,18.750555547325344,0,1,5,0.0,0.2,1
A-2024-06-57,2024-06-05,20:00,DESPISTE,2,0,1,LIMA,HUAURA,SAYAN,RURAL,CARRETERA,NACIONAL,PE-1NE,-11.12141,-77.31701,DESPEJADO,RURAL,TRAMO RECTO,PLANA ,ASFALTADA,SI,INFORMATIVA (I),REGULADORA (R),NO,IMPRUDENCIA DEL CONDUCTOR,OTRO (IMPRUDENCIA DEL CONDUCTOR),20.0,1,2024.0,6.0,2.0,0,3,2,0,0.0,0.0,0.0,0.0,0,1,51.0,1.4142135623730951,0,0,2,0.0,0.0,1
A-2024-06-22,2024-06-05,23:00,DESPISTE,2,3,1,LA LIBERTAD,VIRU,CHAO,RURAL,CARRETERA,PROVINCIAL,LI-1208,-8.5738646102,-78.69886157,DESPEJADO,RURAL,TRAMO RECTO,PLANA ,ASFALTADA,,,,,EN PROCESO DE INVESTIGACIÓN,NO CUENTA CON CAUSA ESPECIFICA,23.0,1,2024.0,6.0,2.0,0,3,2,0,0.0,0.0,0.0,0.0,0,0,25.166666666666668,2.48327740429189,0,1,6,0.0,0.167,1
A-2024-06-10,2024-06-06,04:20,DESPISTE,1,0,1,HUANCAVELICA,CASTROVIRREYNA,AURAHUA,RURAL,CARRETERA,DEPARTAMENTAL,HV-114,-13.053574376803022,-75.56683477305378,DESPEJADO,RURAL,CURVA,PLANA ,ASFALTADA,,,,,EN PROCESO DE INVESTIGACIÓN,NO CUENTA CON CAUSA ESPECIFICA,4.0,0,2024.0,6.0,3.0,0,0,2,1,0.0,0.0,0.0,0.0,0,0,41.0,0.0,0,1,1,0.0,1.0,1
A-2024-06-3,2024-06-06,05:30,ATROPELLO FUGA,1,0,0,AREQUIPA,CAYLLOMA,MAJES,RURAL,CARRETERA,NACIONAL,PE-1S,-16.375891,-72.17704,SOLEADO,RURAL,TRAMO RECTO,PLANA ,ASFALTADA,,,,,EN PROCESO DE INVESTIGACIÓN,NO CUENTA CON CAUSA ESPECIFICA,5.0,0,2024.0,6.0,3.0,0,0,2,0,0.0,0.0,0.0,0.0,0,0,81.0,0.0,0,0,2,0.0,0.0,1
A-2024-06-23,2024-06-06,07:00,DESPISTE,1,1,1,LA LIBERTAD,PATAZ,URPAY,RURAL,CARRETERA,NACIONAL,PE-12B,-8.342476410576566,-77.37976987197702,DESPEJADO,RURAL,CURVA,PLANA ,TROCHA,,,,,EN PROCESO DE INVESTIGACIÓN,NO CUENTA CON CAUSA ESPECIFICA,7.0,0,2024.0,6.0,3.0,0,1,2,0,0.0,0.0,2.0,2.0,0,0,52.0,16.97056274847714,0,1,2,0.0,0.5,0