CODIGO_SINIESTRO,FECHA_SINIESTRO,HORA_SINIESTRO,CLASE_SINIESTRO,CANTIDAD_FALLECIDOS,CANTIDAD_LESIONADOS,CANTIDAD_VEHICULOS,DEPARTAMENTO,PROVINCIA,DISTRITO,ZONA,TIPO_VIA,RED_VIAL,COD_CARRETERA,LATITUD,LONGITUD,CONDICION_CLIMATICA,ZONIFICACION,CARACTERISTICAS_VIA,PERFIL_VIA,SUPERFICIE_CALZADA,EXISTE_SENIAL_VERTICAL,CLASIFICACION_SENIAL_VERTICAL_1,CLASIFICACION_SENIAL_VERTICAL_2,EXISTE_SENIAL_HORIZONTAL,CAUSA_FACTOR_PRINCIPAL,CAUSA_ESPECIFICA,HORA,severidad,ANIO,MES,DIA_SEMANA,FIN_SEMANA,FRANJA_HORARIA,TEMPORADA,MACROREGION,TIPO_VIA_SCORE,PERFIL_VIA_SCORE,SUPERFICIE_CALZADA_SCORE,RIESGO_INFRAESTRUCTURA,RIESGO_CLIMATICO,SENIALIZACION_DEFICIENTE,EDAD_PROMEDIO,EDAD_STD,TOTAL_ALCOHOL,TOTAL_LICENCIA,TOTAL_PERSONAS,PCT_ALCOHOL,PCT_LICENCIA,ES_NOCHE
A-2024-06-87,2024-06-06,08:15,CHOQUE,1,0,2,PASCO,PASCO,HUARIACA,URBANA,CARRETERA,NACIONAL,PE-3N,-10.45760875,-76.17907915,DESPEJADO,RURAL,TRAMO RECTO,INCLINADA,ASFALTADA,,,,,IMPRUDENCIA DEL CONDUCTOR,FATIGA Y/O CANSANCIO,8.0,0,2024.0,6.0,3.0,0,1,2,1,0.0,1.0,0.0,1.0,0,0,41.0,14.106735979665885,0,1,3,0.0,0.333,0
A-2024-06-25,2024-06-06,08:30,CHOQUE,1,0,3,LA LIBERTAD,TRUJILLO,LAREDO,RURAL,CARRETERA,NACIONAL,PE-10A,-8.093293625377925,-78.92582198863045,DESPEJADO,RURAL,TRAMO RECTO,PLANA ,ASFALTADA,,,,,EN PROCESO DE INVESTIGACIÓN,NO CUENTA CON CAUSA ESPECIFICA,8.0,0,2024.0,6.0,3.0,0,1,2,0,0.0,0.0,0.0,0.0,0,0,38.666666666666664,9.018499505645787,0,3,3,0.0,1.0,0
A-2024-06-27,2024-06-06,09:00,DESPISTE,1,0,1,LA LIBERTAD,SANTIAGO DE CHUCO,QUIRUVILCA,RURAL,CARRETERA,NACIONAL,PE-3N,-8.011219890425922,-78.31332347685066,DESPEJADO,RURAL,TRAMO RECTO,PLANA ,ASFALTADA,,,,,IMPRUDENCIA DEL CONDUCTOR,OTRO (IMPRUDENCIA DEL CONDUCTOR),9.0,0,2024.0,6.0,3.0,0,1,2,0,0.0,0.0,0.0,0.0,0,0,43.0,28.284271247461902,0,0,2,0.0,0.0,0
A-2024-06-24,2024-06-06,11:00,DESPISTE,1,1,1,LA LIBERTAD,SANCHEZ CARRION,HUAMACHUCO,RURAL,CARRETERA,NACIONAL,PE-3N,-7.8898514259,-78.1263693118,DESPEJADO,RURAL,TRAMO RECTO,PLANA ,ASFALTADA,,,,,IMPRUDENCIA DEL CONDUCTOR,OTRO (IMPRUDENCIA DEL CONDUCTOR),11.0,0,2024.0,6.0,3.0,0,1,2,0,0.0,0.0,0.0,0.0,0,0,27.0,1.4142135623730951,0,1,2,0.0,0.5,0
A-2024-06-61,2024-06-06,12:00,CHOQUE,1,0,2,CUSCO,ESPINAR,ESPINAR,URBANA,CARRETERA,NACIONAL,PE-3SW,-14.809723,-71.43073,DESPEJADO,RURAL,TRAMO RECTO,PLANA ,ASFALTADA,,,,,IMPRUDENCIA DEL CONDUCTOR,CONDUCIR EN ESTADO DE EBRIEDAD Y/O DROGADICCIÓN,12.0,0,2024.0,6.0,3.0,0,2,2,1,0.0,0.0,0.0,0.0,0,0,28.0,4.242640687119285,2,1,2,1.0,0.5,0
A-2024-06-73,2024-06-06,16:25,CHOQUE,1,0,0,ICA,PISCO,SAN ANDRES,RURAL,AVENIDA,URBANO,NO CORRESPONDE,-13.712324,-76.167002,DESPEJADO,RURAL,PASE A DESNIVEL,INCLINADA,ASFALTADA,SI,REGULADORA (R),,NO,EN PROCESO DE INVESTIGACIÓN,NO CUENTA CON CAUSA ESPECIFICA,16.0,0,2024.0,6.0,3.0,0,2,2,0,1.0,1.0,0.0,2.0,0,1,50.5,33.23401871576773,0,1,2,0.0,0.5,0
A-2024-06-134,2024-06-06,17:10,DESPISTE,1,0,0,CUSCO,ESPINAR,ESPINAR,URBANA,CARRETERA,DEPARTAMENTAL,CU-130,-14.747782721509395,-71.41444068870746,DESPEJADO,COMERCIAL,TRAMO RECTO,PLANA ,AFIRMADO,,,,,IMPRUDENCIA DEL CONDUCTOR,CONDUCIR EN ESTADO DE EBRIEDAD Y/O DROGADICCIÓN,17.0,0,2024.0,6.0,3.0,0,2,2,1,0.0,0.0,1.0,1.0,0,0,40.0,0.0,0,0,1,0.0,0.0,0
A-2024-06-1,2024-06-07,04:00,DESPISTE,1,3,1,PUNO,CHUCUITO,JULI,RURAL,CARRETERA,NACIONAL,PE-3S,-16.2177626620396,-69.4939086283114,DESPEJADO,RURAL,TRAMO RECTO,PLANA ,ASFALTADA,,,,,IMPRUDENCIA DEL CONDUCTOR,CONDUCIR EN ESTADO DE EBRIEDAD Y/O DROGADICCIÓN,4.0,0,2024.0,6.0,4.0,0,0,2,1,0.0,0.0,0.0,0.0,0,0,23.0,4.69041575982343,0,0,4,0.0,0.0,1
A-2024-06-94,2024-06-07,05:30,ATROPELLO FUGA,1,0,0,LIMA,LIMA,CHORRILLOS,URBANA,AVENIDA,URBANO,NO CORRESPONDE,-12.199619013045172,-76.99678756633288,DESPEJADO,COMERCIAL,INTERSECCIÓN,PLANA ,ASFALTADA,SI,PREVENTIVA (P),,SI,EN PROCESO DE INVESTIGACIÓN,NO CUENTA CON CAUSA ESPECIFICA,5.0,0,2024.0,6.0,4.0,0,0,2,0,1.0,0.0,0.0,1.0,0,0,0.0,0.0,0,0,2,0.0,0.0,1
A-2024-06-88,2024-06-07,07:00,CHOQUE CON OBJETO FIJO,1,0,1,APURIMAC,ANDAHUAYLAS,KISHUARA,RURAL,CARRETERA,NACIONAL,PE-3S,-13.630002,-73.13549357,DESPEJADO,RURAL,CURVA,PLANA ,CONCRETO,SI,REGULADORA (R),,NO,IMPRUDENCIA DEL CONDUCTOR,CONDUCIR EN ESTADO DE EBRIEDAD Y/O DROGADICCIÓN,7.0,0,2024.0,6.0,4.0,0,1,2,1,0.0,0.0,0.0,0.0,0,1,46.0,0.0,0,1,1,0.0,1.0,0
A-2024-06-60,2024-06-07,09:00,DESPISTE,1,0,1,AYACUCHO,HUAMANGA,CHIARA,RURAL,CARRETERA,NACIONAL,PE-3S,-13.349,-74.182,DESPEJADO,RURAL,CURVA,PLANA ,ASFALTADA,,,,,IMPRUDENCIA DEL CONDUCTOR,EXCESO DE VELOCIDAD,9.0,0,2024.0,6.0,4.0,0,1,2,1,0.0,0.0,0.0,0.0,0,0,26.0,0.0,0,1,1,0.0,1.0,0
A-2024-06-41,2024-06-07,11:40,CHOQUE,1,0,2,AREQUIPA,CAYLLOMA,MAJES,URBANA,CALLE,URBANO,NO CORRESPONDE,-16.35972,-72.204468,DESPEJADO,RESIDENCIAL,INTERSECCIÓN,PLANA ,ASFALTADA,,,,,EN PROCESO DE INVESTIGACIÓN,NO CUENTA CON CAUSA ESPECIFICA,11.0,0,2024.0,6.0,4.0,0,1,2,0,2.0,0.0,0.0,2.0,0,0,35.5,16.263455967290593,0,2,2,0.0,1.0,0
A-2024-06-2,2024-06-07,15:40,ATROPELLO,1,0,1,PUNO,CHUCUITO,ZEPITA,RURAL,CARRETERA,DEPARTAMENTAL,PU-130,-16.419187,-69.056112,DESPEJADO,RURAL,TRAMO RECTO,PLANA ,ASFALTADA,,,,,IMPRUDENCIA DEL CONDUCTOR,EXCESO DE VELOCIDAD,15.0,0,2024.0,6.0,4.0,0,2,2,1,0.0,0.0,0.0,0.0,0,0,55.5,19.091883092036785,0,1,2,0.0,0.5,0
A-2024-06-83,2024-06-07,23:20,DESPISTE,1,0,1,PASCO,PASCO,PAUCARTAMBO,RURAL,CARRETERA,DEPARTAMENTAL,PA-107,-10.76606896,-75.75257181,NUBLADO,RURAL,TRAMO RECTO,PLANA ,TROCHA,,,,,IMPERICIA DEL CONDUCTOR,,23.0,0,2024.0,6.0,4.0,0,3,2,1,0.0,0.0,2.0,2.0,0,0,30.0,0.0,0,1,1,0.0,1.0,1
A-2024-06-95,2024-06-08,05:45,ATROPELLO FUGA,1,0,0,LIMA,LIMA,RIMAC,URBANA,CARRETERA,NACIONAL,PE-1N,-12.041357,-77.033051,DESPEJADO,COMERCIAL,TRAMO RECTO,PLANA ,ASFALTADA,SI,REGULADORA (R),,NO,EN PROCESO DE INVESTIGACIÓN,NO CUENTA CON CAUSA ESPECIFICA,5.0,0,2024.0,6.0,5.0,1,0,2,0,0.0,0.0,0.0,0.0,0,1,0.0,0.0,0,0,2,0.0,0.0,1
A-2024-06-4,2024-06-08,07:30,DESPISTE,1,0,0,PUNO,EL COLLAO,SANTA ROSA,RURAL,AVENIDA,URBANO,NO CORRESPONDE,-16.76274,-69.8598,,,,,,,,,,EN PROCESO DE INVESTIGACIÓN,NO CUENTA CON CAUSA ESPECIFICA,7.0,0,2024.0,6.0,5.0,1,1,2,1,1.0,1.0,1.0,3.0,0,0,76.0,0.0,0,0,1,0.0,0.0,0
A-2024-06-118,2024-06-08,09:20,CHOQUE CON OBJETO FIJO,1,0,1,CAJAMARCA,CONTUMAZA,YONAN,URBANA,CARRETERA,NACIONAL,PE-08,-7.248293,-79.224654,DESPEJADO,COMERCIAL,TRAMO RECTO,INCLINADA,ASFALTADA,SI,PREVENTIVA (P),,SI,NEGLIGENCIA DEL CONDUCTOR,CONDUCIR CON FALLAS DE FRENOS,9.0,0,2024.0,6.0,5.0,1,1,2,1,0.0,1.0,0.0,1.0,0,0,49.0,1.4142135623730951,0,1,2,0.0,0.5,0
A-2024-06-96,2024-06-08,17:20,ATROPELLO,1,0,0,LIMA,LIMA,SAN JUAN DE MIRAFLORES,URBANA,AVENIDA,URBANO,NO CORRESPONDE,-12.151844554006274,-76.9765737795547,DESPEJADO,COMERCIAL,TRAMO RECTO,PLANA ,ASFALTADA,,,,,EN PROCESO DE INVESTIGACIÓN,NO CUENTA CON CAUSA ESPECIFICA,17.0,0,2024.0,6.0,5.0,1,2,2,0,1.0,0.0,0.0,1.0,0,0,59.5,7.7781745930520225,0,1,2,0.0,0.5,0
A-2024-06-89,2024-06-08,22:50,CHOQUE,1,2,1,UCAYALI,PADRE ABAD,ALEXANDER VON HUMBOLDT,RURAL,CARRETERA,NACIONAL,PE-5N,-8.825774271866962,-75.05237634841907,DESPEJADO,RURAL,TRAMO RECTO,PLANA ,ASFALTADA,,,,,IMPRUDENCIA DEL CONDUCTOR,EXCESO DE VELOCIDAD,22.0,0,2024.0,6.0,5.0,1,3,2,2,0.0,0.0,0.0,0.0,0,0,45.25,13.671747023210555,0,1,5,0.0,0.2,1
A-2024-06-74,2024-06-09,05:40,CHOQUE,1,1,0,ICA,ICA,LA TINGUIÑA,RURAL,CARRETERA,NACIONAL,PE-1SC,-13.989206,-75.694907,DESPEJADO,RURAL,TRAMO RECTO,PLANA ,TROCHA,,,,,EN PROCESO DE INVESTIGACIÓN,NO CUENTA CON CAUSA ESPECIFICA,5.0,0,2024.0,6.0,6.0,1,0,2,0,0.0,0.0,2.0,2.0,0,0,21.5,0.7071067811865476,0,1,2,0.0,0.5,1
A-2024-06-5,2024-06-09,07:30,CHOQUE,1,0,2,PUNO,PUNO,PICHACANI,RURAL,CARRETERA,NACIONAL,PE-36B,-16.038277,-70.008902,DESPEJADO,RURAL,TRAMO RECTO,PLANA ,ASFALTADA,,,,,IMPRUDENCIA DEL CONDUCTOR,GIRAR IMPRUDENTEMENTE,7.0,0,2024.0,6.0,6.0,1,1,2,1,0.0,0.0,0.0,0.0,0,0,48.0,35.35533905932738,0,1,2,0.0,0.5,0
A-2024-06-69,2024-06-09,12:30,CHOQUE,1,0,0,CUSCO,PAUCARTAMBO,KOSÑIPATA,RURAL,CARRETERA,DEPARTAMENTAL,CU-113,-12.899366,-71.395194,DESPEJADO,RURAL,TRAMO RECTO,PLANA ,ASFALTADA,,,,,IMPRUDENCIA DEL CONDUCTOR,EXCESO DE VELOCIDAD,12.0,0,2024.0,6.0,6.0,1,2,2,1,0.0,0.0,0.0,0.0,0,0,41.0,9.539392014169456,0,1,3,0.0,0.333,0
A-2024-06-11,2024-06-09,19:00,DESPISTE,2,8,1,HUANCAVELICA,TAYACAJA,QUICHUAS,RURAL,CARRETERA,PROVINCIAL,HV-636,-12.46749158970433,-74.75613173388447,DESPEJADO,RURAL,TRAMO RECTO,PLANA ,TROCHA,,,,,EN PROCESO DE INVESTIGACIÓN,NO CUENTA CON CAUSA ESPECIFICA,19.0,1,2024.0,6.0,6.0,1,3,2,1,0.0,0.0,2.0,2.0,0,0,24.333333333333332,22.972810015320285,0,0,10,0.0,0.0,1
A-2024-06-42,2024-06-10,05:45,DESPISTE,6,5,1,AREQUIPA,AREQUIPA,LA JOYA,RURAL,CARRETERA,DEPARTAMENTAL,AR-115,-16.542136,-71.71039,DESPEJADO,RURAL,CURVA,PLANA ,ASFALTADA,,,,,EN PROCESO DE INVESTIGACIÓN,NO CUENTA CON CAUSA ESPECIFICA,5.0,2,2024.0,6.0,0.0,0,0,2,0,0.0,0.0,0.0,0.0,0,0,36.166666666666664,12.847591449785677,0,1,12,0.0,0.083,1
A-2024-06-68,2024-06-11,15:30,ATROPELLO,1,0,1,CUSCO,CUSCO,CUSCO,RURAL,CARRETERA,NACIONAL,PE-28G,-13.50455,-71.971385,DESPEJADO,RURAL,TRAMO RECTO,PLANA ,ASFALTADA,,,,,IMPRUDENCIA DEL CONDUCTOR,ADELANTAR INDEBIDAMENTE,15.0,0,2024.0,6.0,1.0,0,2,2,1,0.0,0.0,0.0,0.0,0,0,43.5,17.67766952966369,0,1,2,0.0,0.5,0
A-2024-06-97,2024-06-11,22:20,CAÍDA DE PASAJERO,1,0,0,LIMA,LIMA,COMAS,URBANA,AVENIDA,URBANO,NO CORRESPONDE,-11.952685196045332,-77.05117847528525,DESPEJADO,ESCOLAR,INTERSECCIÓN,PLANA ,ASFALTADA,SI,PREVENTIVA (P),,SI,EN PROCESO DE INVESTIGACIÓN,NO CUENTA CON CAUSA ESPECIFICA,22.0,0,2024.0,6.0,1.0,0,3,2,0,1.0,0.0,0.0,1.0,0,0,53.5,20.506096654409877,0,1,2,0.0,0.5,1
A-2024-06-98,2024-06-12,06:30,ATROPELLO,1,0,0,LIMA,LIMA,SAN JUAN DE LURIGANCHO,URBANA,AVENIDA,URBANO,NO CORRESPONDE,-11.953664592510702,-77.00345495775848,DESPEJADO,COMERCIAL,TRAMO RECTO,PLANA ,ASFALTADA,,,,,EN PROCESO DE INVESTIGACIÓN,NO CUENTA CON CAUSA ESPECIFICA,6.0,0,2024.0,6.0,2.0,0,1,2,0,1.0,0.0,0.0,1.0,0,0,34.5,20.506096654409877,0,1,2,0.0,0.5,0
A-2024-06-99,2024-06-12,19:20,ATROPELLO,1,0,0,LIMA,LIMA,VILLA MARIA DEL TRIUNFO,URBANA,JIRÓN,URBANO,NO CORRESPONDE,-12.162791225620252,-76.94833705117662,DESPEJADO,RESIDENCIAL,INTERSECCIÓN,INCLINADA,ASFALTADA,,,,,EN PROCESO DE INVESTIGACIÓN,NO CUENTA CON CAUSA ESPECIFICA,19.0,0,2024.0,6.0,2.0,0,3,2,0,1.0,1.0,0.0,2.0,0,0,70.0,26.870057685088806,0,1,2,0.0,0.5,1
A-2024-06-6,2024-06-12,19:30,ATROPELLO FUGA,1,0,0,PUNO,PUNO,COATA,RURAL,CARRETERA,DEPARTAMENTAL,PU-118,-15.5720696,-69.8896809,DESPEJADO,RURAL,TRAMO RECTO,PLANA ,ASFALTADA,,,,,IMPRUDENCIA DEL CONDUCTOR,OTRO (IMPRUDENCIA DEL CONDUCTOR),19.0,0,2024.0,6.0,2.0,0,3,2,1,0.0,0.0,0.0,0.0,0,0,52.0,0.0,0,0,2,0.0,0.0,1
A-2024-06-29,2024-06-12,19:50,ATROPELLO,1,0,1,LA LIBERTAD,TRUJILLO,VICTOR LARCO HERRERA,URBANA,AVENIDA,URBANO,NO CORRESPONDE,-8.1430133666,-79.0547903821,DESPEJADO,RESIDENCIAL,INTERSECCIÓN,PLANA ,ASFALTADA,,,,,EN PROCESO DE INVESTIGACIÓN,NO CUENTA CON CAUSA ESPECIFICA,19.0,0,2024.0,6.0,2.0,0,3,2,0,1.0,0.0,0.0,1.0,0,0,53.5,10.606601717798213,0,1,2,0.0,0.5,1
A-2024-06-44,2024-06-13,14:40,DESPISTE,1,0,1,AREQUIPA,AREQUIPA,CERRO COLORADO,RURAL,CALLE,URBANO,NO CORRESPONDE,-16.352628,-71.632921,SOLEADO,RURAL,CURVA,PLANA ,TROCHA,,,,,EN PROCESO DE INVESTIGACIÓN,NO CUENTA CON CAUSA ESPECIFICA,14.0,0,2024.0,6.0,3.0,0,2,2,0,2.0,0.0,2.0,4.0,0,0,39.0,0.0,0,1,1,0.0,1.0,0
A-2024-06-119,2024-06-14,01:30,DESPISTE,3,0,1,CAJAMARCA,SAN MARCOS,JOSE MANUEL QUIROZ,RURAL,CARRETERA,PROVINCIAL,CA-1595,-7.362045,-78.057312,DESPEJADO,RURAL,TRAMO RECTO,PLANA ,AFIRMADO,,,,,IMPRUDENCIA DEL CONDUCTOR,CONDUCIR EN ESTADO DE EBRIEDAD Y/O DROGADICCIÓN,1.0,2,2024.0,6.0,4.0,0,0,2,1,0.0,0.0,1.0,1.0,0,0,44.666666666666664,4.163331998932266,1,1,3,0.333,0.333,1
A-2024-06-84,2024-06-14,01:30,DESPISTE,1,0,1,LIMA,HUARAL,PACARAOS,RURAL,CARRETERA,NACIONAL,PE-20C,-11.12734373,-76.62622842,NUBLADO,RURAL,CURVA,INCLINADA,ASFALTADA,,,,,IMPRUDENCIA DEL CONDUCTOR,EXCESO DE VELOCIDAD,1.0,0,2024.0,6.0,4.0,0,0,2,0,0.0,1.0,0.0,1.0,0,0,61.0,0.0,0,1,1,0.0,1.0,1
A-2024-06-48,2024-06-14,06:00,DESPISTE,2,3,1,AREQUIPA,AREQUIPA,SAN JUAN DE TARUCANI,RURAL,CARRETERA,NACIONAL,PE-34A,-16.000328,-71.26475,DESPEJADO,RURAL,OTRO,INCLINADA,ASFALTADA,,,,,EN PROCESO DE INVESTIGACIÓN,NO CUENTA CON CAUSA ESPECIFICA,6.0,1,2024.0,6.0,4.0,0,1,2,0,0.0,1.0,0.0,1.0,0,0,17.0,12.186057606953941,0,0,5,0.0,0.0,0
A-2024-06-75,2024-06-14,06:50,CHOQUE,1,2,0,ICA,PISCO,SAN ANDRES,RURAL,CARRETERA,NACIONAL,PE-1S,-13.724629,-76.156396,DESPEJADO,RURAL,TRAMO RECTO,PLANA ,ASFALTADA,,,,,EN PROCESO DE INVESTIGACIÓN,NO CUENTA CON CAUSA ESPECIFICA,6.0,0,2024.0,6.0,4.0,0,1,2,0,0.0,0.0,0.0,0.0,0,0,37.0,14.2828568570857,0,1,4,0.0,0.25,0
A-2024-06-33,2024-06-14,11:20,ATROPELLO,1,0,2,LA LIBERTAD,SANCHEZ CARRION,HUAMACHUCO,URBANA,JIRÓN,URBANO,NO CORRESPONDE,-7.8145696978,-78.0436639773,DESPEJADO,RESIDENCIAL,INTERSECCIÓN,PLANA ,ASFALTADA,,,,,EN PROCESO DE INVESTIGACIÓN,NO CUENTA CON CAUSA ESPECIFICA,11.0,0,2024.0,6.0,4.0,0,1,2,0,1.0,0.0,0.0,1.0,0,0,44.333333333333336,22.50185177565023,0,2,3,0.0,0.667,0
A-2024-06-100,2024-06-14,12:40,CHOQUE,1,3,0,LIMA,LIMA,VILLA MARIA DEL TRIUNFO,URBANA,AVENIDA,URBANO,NO CORRESPONDE,-12.182349010119845,-76.94228037166593,DESPEJADO,COMERCIAL,INTERSECCIÓN,INCLINADA,ASFALTADA,,,,,EN PROCESO DE INVESTIGACIÓN,NO CUENTA CON CAUSA ESPECIFICA,12.0,0,2024.0,6.0,4.0,0,2,2,0,1.0,1.0,0.0,2.0,0,0,53.25,12.579745625409124,0,1,4,0.0,0.25,0
A-2024-06-13,2024-06-14,13:00,ATROPELLO,1,0,1,HUANCAVELICA,HUAYTARA,PILPICHACA,RURAL,CARRETERA,NACIONAL,PE-28E,-13.331149,-74.971501,SOLEADO,RURAL,TRAMO RECTO,PLANA ,ASFALTADA,,,,,EN PROCESO DE INVESTIGACIÓN,NO CUENTA CON CAUSA ESPECIFICA,13.0,0,2024.0,6.0,4.0,0,2,2,1,0.0,0.0,0.0,0.0,0,0,54.666666666666664,22.27853974867593,0,2,3,0.0,0.667,0
A-2024-06-65,2024-06-14,15:00,DESPISTE,1,4,1,CUSCO,URUBAMBA,MARAS,RURAL,CARRETERA,SIN CLASIFICAR,SIN CLASIFICAR,-13.351084,-72.100146,DESPEJADO,RURAL,TRAMO RECTO,PLANA ,ASFALTADA,,,,,IMPRUDENCIA DEL CONDUCTOR,OTRO (IMPRUDENCIA DEL CONDUCTOR),15.0,0,2024.0,6.0,4.0,0,2,2,1,0.0,0.0,0.0,0.0,0,0,43.166666666666664,23.25869013222083,0,1,6,0.0,0.167,0
A-2024-06-101,2024-06-14,17:30,CHOQUE,1,0,0,LIMA,LIMA,RIMAC,URBANA,CARRETERA,NACIONAL,PE-1N,-12.042976482914572,-77.02266111511464,DESPEJADO,COMERCIAL,CURVA,PLANA ,ASFALTADA,,,,,EN PROCESO DE INVESTIGACIÓN,NO CUENTA CON CAUSA ESPECIFICA,17.0,0,2024.0,6.0,4.0,0,2,2,0,0.0,0.0,0.0,0.0,0,0,47.0,24.041630560342615,0,2,2,0.0,1.0,0
A-2024-06-120,2024-06-14,18:00,DESPISTE,1,6,1,CAJAMARCA,JAEN,COLASAY,RURAL,CARRETERA,SIN CLASIFICAR,SIN CLASIFICAR,-5.880095,-78.99446,DESPEJADO,RURAL,TRAMO RECTO,INCLINADA,AFIRMADO,,,,,IMPRUDENCIA DEL CONDUCTOR,OTRO (IMPRUDENCIA DEL CONDUCTOR),18.0,0,2024.0,6.0,4.0,0,3,2,1,0.0,1.0,1.0,2.0,0,0,25.0,16.010413278030438,0,1,7,0.0,0.143,1
A-2024-06-34,2024-06-14,19:20,DESPISTE,1,0,1,LA LIBERTAD,ASCOPE,RAZURI,RURAL,CARRETERA,NACIONAL,PE-1N,-7.66309924536778,-79.3324267168397,DESPEJADO,RURAL,TRAMO RECTO,PLANA ,ASFALTADA,,,,,EN PROCESO DE INVESTIGACIÓN,NO CUENTA CON CAUSA ESPECIFICA,19.0,0,2024.0,6.0,4.0,0,3,2,0,0.0,0.0,0.0,0.0,0,0,54.0,0.0,0,0,1,0.0,0.0,1
A-2024-06-102,2024-06-14,20:30,CHOQUE,1,0,0,LIMA,LIMA,SANTIAGO DE SURCO,URBANA,CARRETERA,NACIONAL,PE-1S,-12.127299003517887,-76.97704865225496,DESPEJADO,COMERCIAL,CURVA,PLANA ,ASFALTADA,,,,,EN PROCESO DE INVESTIGACIÓN,NO CUENTA CON CAUSA ESPECIFICA,20.0,0,2024.0,6.0,4.0,0,3,2,0,0.0,0.0,0.0,0.0,0,0,46.0,16.97056274847714,0,2,2,0.0,1.0,1
A-2024-06-103,2024-06-14,22:00,ATROPELLO,1,1,0,LIMA,LIMA,PUNTA HERMOSA,URBANA,CARRETERA,NACIONAL,PE-1S,-12.324326101652504,-76.82609434137815,DESPEJADO,INDUSTRIAL,TRAMO RECTO,PLANA ,ASFALTADA,,,,,EN PROCESO DE INVESTIGACIÓN,NO CUENTA CON CAUSA ESPECIFICA,22.0,0,2024.0,6.0,4.0,0,3,2,0,0.0,0.0,0.0,0.0,0,0,44.5,23.33452377915607,0,1,2,0.0,0.5,1
A-2024-06-81,2024-06-15,14:00,CHOQUE,1,0,2,ICA,CHINCHA,SUNAMPE,URBANA,CARRETERA,NACIONAL,PE-1S,-13.41022559,-76.16414532,DESPEJADO,RURAL,INTERSECCIÓN,PLANA ,ASFALTADA,SI,INFORMATIVA (I),REGULADORA (R),SI,IMPRUDENCIA DEL CONDUCTOR,NO ESTABLECER EL DERECHO DE PASO,14.0,0,2024.0,6.0,5.0,1,2,2,0,0.0,0.0,0.0,0.0,0,0,35.5,3.5355339059327378,0,0,2,0.0,0.0,0
A-2024-06-55,2024-06-15,17:30,ATROPELLO,1,0,0,CUSCO,LA CONVENCION,ECHARATE,RURAL,CARRETERA,SIN CLASIFICAR,SIN CLASIFICAR,-12.65974,-73.065154,DESPEJADO,RURAL,TRAMO RECTO,PLANA ,TROCHA,,,,,IMPERICIA DEL CONDUCTOR,,17.0,0,2024.0,6.0,5.0,1,2,2,1,0.0,0.0,2.0,2.0,0,0,28.0,32.526911934581186,0,0,2,0.0,0.0,0
A-2024-06-35,2024-06-15,19:20,ATROPELLO,1,0,1,LA LIBERTAD,TRUJILLO,EL PORVENIR,URBANA,AVENIDA,URBANO,NO CORRESPONDE,-8.0855807,-79.0153628,DESPEJADO,ESCOLAR,TRAMO RECTO,PLANA ,ASFALTADA,,,,,EN PROCESO DE INVESTIGACIÓN,NO CUENTA CON CAUSA ESPECIFICA,19.0,0,2024.0,6.0,5.0,1,3,2,0,1.0,0.0,0.0,1.0,0,0,36.5,10.606601717798213,0,1,2,0.0,0.5,1
A-2024-06-105,2024-06-15,20:00,CHOQUE,1,0,0,LIMA,LIMA,SAN BORJA,URBANA,CARRETERA,NACIONAL,PE-1S,-12.110083420518457,-76.97837558904305,DESPEJADO,RESIDENCIAL,TRAMO RECTO,PLANA ,ASFALTADA,,,,,EN PROCESO DE INVESTIGACIÓN,NO CUENTA CON CAUSA ESPECIFICA,20.0,0,2024.0,6.0,5.0,1,3,2,0,0.0,0.0,0.0,0.0,0,0,33.5,3.5355339059327378,0,1,2,0.0,0.5,1
A-2024-06-72,2024-06-16,00:55,DESPISTE,1,0,1,CUSCO,CANCHIS,MARANGANI,RURAL,CARRETERA,NACIONAL,PE-3S,-14.343236,-71.18383,DESPEJADO,RURAL,TRAMO RECTO,PLANA ,ASFALTADA,,,,,IMPRUDENCIA DEL CONDUCTOR,FATIGA Y/O CANSANCIO,0.0,0,2024.0,6.0,6.0,1,0,2,1,0.0,0.0,0.0,0.0,0,0,21.0,0.0,0,0,1,0.0,0.0,1
A-2024-06-104,2024-06-16,02:30,DESPISTE,1,0,0,LIMA,LIMA,LA VICTORIA,URBANA,VIA EXPRESA,URBANO,NO CORRESPONDE,-12.08913539919278,-77.01020048194057,DESPEJADO,COMERCIAL,TRAMO RECTO,PLANA ,ASFALTADA,,,,,IMPRUDENCIA DEL CONDUCTOR,ADELANTAR INDEBIDAMENTE,2.0,0,2024.0,6.0,6.0,1,0,2,0,1.0,0.0,0.0,1.0,0,0,28.0,0.0,0,1,1,0.0,1.0,1
A-2024-06-67,2024-06-16,03:40,FERROVIARIO,1,0,0,CUSCO,CUSCO,CUSCO,RURAL,CALLE,URBANO,NO CORRESPONDE,-13.504534,-71.995586,DESPEJADO,RURAL,CURVA,PLANA ,CASCAJO/RIPIO,,,,,IMPRUDENCIA DEL CONDUCTOR,OTRO (IMPRUDENCIA DEL CONDUCTOR),3.0,0,2024.0,6.0,6.0,1,0,2,1,2.0,0.0,1.0,3.0,0,0,78.0,15.556349186104045,0,1,2,0.0,0.5,1