CODIGO_SINIESTRO,FECHA_SINIESTRO,HORA_SINIESTRO,CLASE_SINIESTRO,CANTIDAD_FALLECIDOS,CANTIDAD_LESIONADOS,CANTIDAD_VEHICULOS,DEPARTAMENTO,PROVINCIA,DISTRITO,ZONA,TIPO_VIA,RED_VIAL,COD_CARRETERA,LATITUD,LONGITUD,CONDICION_CLIMATICA,ZONIFICACION,CARACTERISTICAS_VIA,PERFIL_VIA,SUPERFICIE_CALZADA,EXISTE_SENIAL_VERTICAL,CLASIFICACION_SENIAL_VERTICAL_1,CLASIFICACION_SENIAL_VERTICAL_2,EXISTE_SENIAL_HORIZONTAL,CAUSA_FACTOR_PRINCIPAL,CAUSA_ESPECIFICA,HORA,severidad,ANIO,MES,DIA_SEMANA,FIN_SEMANA,FRANJA_HORARIA,TEMPORADA,MACROREGION,TIPO_VIA_SCORE,PERFIL_VIA_SCORE,SUPERFICIE_CALZADA_SCORE,RIESGO_INFRAESTRUCTURA,RIESGO_CLIMATICO,SENIALIZACION_DEFICIENTE,EDAD_PROMEDIO,EDAD_STD,TOTAL_ALCOHOL,TOTAL_LICENCIA,TOTAL_PERSONAS,PCT_ALCOHOL,PCT_LICENCIA,ES_NOCHE
A-2024-06-49,2024-06-16,07:00,DESPISTE,1,0,1,AREQUIPA,ISLAY,COCACHACRA,URBANA,CARRETERA,NACIONAL,PE-1SJ,-17.0326963242302,-71.6865071124699,SOLEADO,RESIDENCIAL,TRAMO RECTO,PLANA ,ASFALTADA,,,,,EN PROCESO DE INVESTIGACIÓN,NO CUENTA CON CAUSA ESPECIFICA,7.0,0,2024.0,6.0,6.0,1,1,2,0,0.0,0.0,0.0,0.0,0,0,22.0,0.0,0,0,1,0.0,0.0,0
A-2024-06-106,2024-06-16,17:30,ATROPELLO,1,0,0,LIMA,LIMA,SANTIAGO DE SURCO,URBANA,CARRETERA,NACIONAL,PE-1S,-12.153351606296685,-76.98396179308388,DESPEJADO,RESIDENCIAL,CURVA,PLANA ,ASFALTADA,,,,,EN PROCESO DE INVESTIGACIÓN,NO CUENTA CON CAUSA ESPECIFICA,17.0,0,2024.0,6.0,6.0,1,2,2,0,0.0,0.0,0.0,0.0,0,0,37.0,0.0,0,1,2,0.0,0.5,0
A-2024-06-76,2024-06-16,22:30,DESPISTE,1,4,0,ICA,NASCA,MARCONA,RURAL,CARRETERA,NACIONAL,PE-30,-15.286488,-75.091266,DESPEJADO,RURAL,TRAMO RECTO,PLANA ,ASFALTADA,,,,,EN PROCESO DE INVESTIGACIÓN,NO CUENTA CON CAUSA ESPECIFICA,22.0,0,2024.0,6.0,6.0,1,3,2,0,0.0,0.0,0.0,0.0,0,0,32.4,26.26404386228442,0,1,5,0.0,0.2,1
A-2024-06-50,2024-06-17,00:31,ATROPELLO,1,0,1,AREQUIPA,AREQUIPA,LA JOYA,URBANA,CARRETERA,NACIONAL,PE-1S,-16.499813,-71.831295,DESPEJADO,COMERCIAL,TRAMO RECTO,PLANA ,ASFALTADA,,,,,EN PROCESO DE INVESTIGACIÓN,NO CUENTA CON CAUSA ESPECIFICA,0.0,0,2024.0,6.0,0.0,0,0,2,0,0.0,0.0,0.0,0.0,0,0,48.5,6.363961030678928,0,1,2,0.0,0.5,1
A-2024-06-121,2024-06-17,05:00,DESPISTE,1,0,1,CAJAMARCA,CHOTA,COCHABAMBA,RURAL,CARRETERA,NACIONAL,PE-3N,-6.522869465,-78.79649384,DESPEJADO,RURAL,TRAMO RECTO,INCLINADA,AFIRMADO,,,,,EN PROCESO DE INVESTIGACIÓN,NO CUENTA CON CAUSA ESPECIFICA,5.0,0,2024.0,6.0,0.0,0,0,2,1,0.0,1.0,1.0,2.0,0,0,53.0,0.0,0,0,1,0.0,0.0,1
A-2024-06-58,2024-06-17,22:00,CHOQUE,1,3,2,LIMA,HUAURA,HUACHO,RURAL,CARRETERA,NACIONAL,PE-1N,-11.135933490965414,-77.59685928994054,DESPEJADO,RURAL,TRAMO RECTO,INCLINADA,ASFALTADA,,,,,IMPRUDENCIA DEL CONDUCTOR,CONDUCIR EN SENTIDO CONTRARIO,22.0,0,2024.0,6.0,0.0,0,3,2,0,0.0,1.0,0.0,1.0,0,0,37.0,20.704266871026046,0,2,4,0.0,0.5,1
A-2024-06-7,2024-06-18,06:00,DESPISTE,1,0,0,PUNO,EL COLLAO,ILAVE,RURAL,CARRETERA,PROVINCIAL,PU-1149,-16.0667614,-69.6287235,,,,,,,,,,IMPRUDENCIA DEL CONDUCTOR,EXCESO DE VELOCIDAD,6.0,0,2024.0,6.0,1.0,0,1,2,1,0.0,1.0,1.0,2.0,0,0,27.0,0.0,0,0,1,0.0,0.0,0
A-2024-06-51,2024-06-18,12:20,CHOQUE,1,1,2,AREQUIPA,AREQUIPA,LA JOYA,URBANA,CARRETERA,NACIONAL,PE-1S,-16.493862,-71.842076,SOLEADO,COMERCIAL,TRAMO RECTO,PLANA ,ASFALTADA,,,,,EN PROCESO DE INVESTIGACIÓN,NO CUENTA CON CAUSA ESPECIFICA,12.0,0,2024.0,6.0,1.0,0,2,2,0,0.0,0.0,0.0,0.0,0,0,55.0,24.041630560342615,0,2,2,0.0,1.0,0
A-2024-06-12,2024-06-18,14:40,CHOQUE,2,7,2,HUANCAVELICA,TAYACAJA,ÑAHUIMPUQUIO,RURAL,CARRETERA,NACIONAL,PE-3SD,-12.30544,-75.062555,DESPEJADO,RURAL,TRAMO RECTO,PLANA ,ASFALTADA,,,,,EN PROCESO DE INVESTIGACIÓN,NO CUENTA CON CAUSA ESPECIFICA,14.0,1,2024.0,6.0,1.0,0,2,2,1,0.0,0.0,0.0,0.0,0,0,44.888888888888886,13.251834254589479,0,2,9,0.0,0.222,0
A-2024-06-77,2024-06-18,18:50,CHOQUE,1,5,0,ICA,PALPA,SANTA CRUZ,RURAL,CARRETERA,NACIONAL,PE-1S,-14.503455,-75.257135,DESPEJADO,RURAL,CURVA,PLANA ,ASFALTADA,,,,,EN PROCESO DE INVESTIGACIÓN,NO CUENTA CON CAUSA ESPECIFICA,18.0,0,2024.0,6.0,1.0,0,3,2,0,0.0,0.0,0.0,0.0,0,0,31.142857142857142,12.061351104921474,0,2,7,0.0,0.286,1
A-2024-06-107,2024-06-19,05:45,ATROPELLO FUGA,1,0,0,LIMA,LIMA,INDEPENDENCIA,URBANA,AVENIDA,URBANO,NO CORRESPONDE,-12.004343115570125,-77.0612975762187,DESPEJADO,INDUSTRIAL,CURVA,PLANA ,ASFALTADA,SI,REGULADORA (R),,SI,EN PROCESO DE INVESTIGACIÓN,NO CUENTA CON CAUSA ESPECIFICA,5.0,0,2024.0,6.0,2.0,0,0,2,0,1.0,0.0,0.0,1.0,0,0,40.0,0.0,0,1,2,0.0,0.5,1
A-2024-06-71,2024-06-19,17:30,ATROPELLO,1,0,0,CUSCO,LA CONVENCION,ECHARATE,RURAL,CARRETERA,SIN CLASIFICAR,SIN CLASIFICAR,-12.65974,-73.065154,DESPEJADO,RURAL,TRAMO RECTO,PLANA ,TROCHA,,,,,IMPRUDENCIA DEL CONDUCTOR,OTRO (IMPRUDENCIA DEL CONDUCTOR),17.0,0,2024.0,6.0,2.0,0,2,2,1,0.0,0.0,2.0,2.0,0,0,28.0,32.526911934581186,0,1,2,0.0,0.5,0
A-2024-06-108,2024-06-19,19:30,ATROPELLO FUGA,1,0,0,LIMA,LIMA,LURIGANCHO,URBANA,CALLE,URBANO,NO CORRESPONDE,-12.001652929263942,-76.88359459393475,DESPEJADO,ESCOLAR,TRAMO RECTO,PLANA ,AFIRMADO,,,,,EN PROCESO DE INVESTIGACIÓN,NO CUENTA CON CAUSA ESPECIFICA,19.0,0,2024.0,6.0,2.0,0,3,2,0,2.0,0.0,1.0,3.0,0,0,46.0,0.0,0,0,2,0.0,0.0,1
A-2024-06-56,2024-06-19,23:30,VOLCADURA,2,0,1,CUSCO,ANTA,ANTA,RURAL,CARRETERA,DEPARTAMENTAL,CU-111,-13.417462,-72.136983,DESPEJADO,RURAL,TRAMO RECTO,PLANA ,ASFALTADA,SI,PREVENTIVA (P),PREVENTIVA (P),NO,IMPRUDENCIA DEL CONDUCTOR,EXCESO DE VELOCIDAD,23.0,1,2024.0,6.0,2.0,0,3,2,1,0.0,0.0,0.0,0.0,0,1,20.0,0.0,0,1,2,0.0,0.5,1
A-2024-06-109,2024-06-20,04:00,ATROPELLO,1,0,0,LIMA,LIMA,INDEPENDENCIA,URBANA,CARRETERA,NACIONAL,PE-1N,-11.982714012700349,-77.06533237378656,DESPEJADO,RESIDENCIAL,TRAMO RECTO,PLANA ,ASFALTADA,,,,,EN PROCESO DE INVESTIGACIÓN,NO CUENTA CON CAUSA ESPECIFICA,4.0,0,2024.0,6.0,3.0,0,0,2,0,0.0,0.0,0.0,0.0,0,0,36.0,0.0,0,1,2,0.0,0.5,1
A-2024-06-110,2024-06-20,07:30,ATROPELLO,1,0,0,LIMA,LIMA,SAN JUAN DE MIRAFLORES,URBANA,AVENIDA,URBANO,NO CORRESPONDE,-12.161599763443215,-76.96524436950159,DESPEJADO,RESIDENCIAL,TRAMO RECTO,PLANA ,ASFALTADA,,,,,EN PROCESO DE INVESTIGACIÓN,NO CUENTA CON CAUSA ESPECIFICA,7.0,0,2024.0,6.0,3.0,0,1,2,0,1.0,0.0,0.0,1.0,0,0,72.0,16.97056274847714,0,1,2,0.0,0.5,0
A-2024-06-8,2024-06-20,11:15,ATROPELLO,1,0,1,PUNO,PUNO,CHUCUITO,RURAL,CARRETERA,NACIONAL,PE-3S,-15.924097054793595,-69.87893148188333,DESPEJADO,RURAL,TRAMO RECTO,PLANA ,ASFALTADA,,,,,IMPRUDENCIA DEL PEATÓN,CRUCE INDEBIDO POR LA CALZADA,11.0,0,2024.0,6.0,3.0,0,1,2,1,0.0,0.0,0.0,0.0,0,0,65.5,37.476659402887016,0,1,2,0.0,0.5,0
A-2024-06-52,2024-06-20,18:20,ATROPELLO,1,0,1,AREQUIPA,AREQUIPA,CAYMA,URBANA,CALLE,URBANO,NO CORRESPONDE,-16.372110795723,-71.5372421913353,DESPEJADO,RESIDENCIAL,INTERSECCIÓN,PLANA ,ASFALTADA,,,,,EN PROCESO DE INVESTIGACIÓN,NO CUENTA CON CAUSA ESPECIFICA,18.0,0,2024.0,6.0,3.0,0,3,2,0,2.0,0.0,0.0,2.0,0,0,37.5,10.606601717798213,0,1,2,0.0,0.5,1
A-2024-06-111,2024-06-21,01:00,CHOQUE,1,0,0,LIMA,LIMA,MAGDALENA DEL MAR,URBANA,VIA EXPRESA,URBANO,NO CORRESPONDE,-12.09758752580692,-77.07348284959961,DESPEJADO,COMERCIAL,CURVA,PLANA ,ASFALTADA,SI,REGULADORA (R),,SI,EN PROCESO DE INVESTIGACIÓN,NO CUENTA CON CAUSA ESPECIFICA,1.0,0,2024.0,6.0,4.0,0,0,2,0,1.0,0.0,0.0,1.0,0,0,25.5,0.7071067811865476,0,1,3,0.0,0.333,1
A-2024-06-14,2024-06-21,04:30,VOLCADURA,1,0,1,HUANCAVELICA,ANGARAES,LIRCAY,RURAL,CARRETERA,DEPARTAMENTAL,HV-108,-12.964583961566255,-74.70581886506412,DESPEJADO,RURAL,TRAMO RECTO,PLANA ,ASFALTADA,,,,,EN PROCESO DE INVESTIGACIÓN,NO CUENTA CON CAUSA ESPECIFICA,4.0,0,2024.0,6.0,4.0,0,0,2,1,0.0,0.0,0.0,0.0,0,0,18.0,0.0,0,0,1,0.0,0.0,1
A-2024-06-112,2024-06-21,07:40,DESPISTE,1,1,0,LIMA,LIMA,LURIN,URBANA,CARRETERA,NACIONAL,PE-1S,-12.249106064553674,-76.93239072015122,DESPEJADO,INDUSTRIAL,TRAMO RECTO,PLANA ,ASFALTADA,,,,,EN PROCESO DE INVESTIGACIÓN,NO CUENTA CON CAUSA ESPECIFICA,7.0,0,2024.0,6.0,4.0,0,1,2,0,0.0,0.0,0.0,0.0,0,0,66.0,0.0,0,0,2,0.0,0.0,0
A-2024-06-125,2024-06-21,14:20,DESPISTE,1,0,0,LIMA,LIMA,SAN MARTIN DE PORRES,URBANA,AVENIDA,URBANO,NO CORRESPONDE,-12.0325926037616,-77.06262473395378,DESPEJADO,COMERCIAL,TRAMO RECTO,PLANA ,ASFALTADA,,,,,IMPRUDENCIA DEL CONDUCTOR,EXCESO DE VELOCIDAD,14.0,0,2024.0,6.0,4.0,0,2,2,0,1.0,0.0,0.0,1.0,0,0,38.0,0.0,0,1,1,0.0,1.0,0
A-2024-06-122,2024-06-21,17:20,CHOQUE,1,0,1,CAJAMARCA,CHOTA,CHOTA,URBANA,JIRÓN,URBANO,NO CORRESPONDE,-6.565185,-78.65898,DESPEJADO,COMERCIAL,TRAMO RECTO,INCLINADA,ASFALTADA,,,,,IMPRUDENCIA DEL CONDUCTOR,CONDUCIR EN ESTADO DE EBRIEDAD Y/O DROGADICCIÓN,17.0,0,2024.0,6.0,4.0,0,2,2,1,1.0,1.0,0.0,2.0,0,0,35.0,1.4142135623730951,1,1,2,0.5,0.5,0
A-2024-06-70,2024-06-21,20:00,VOLCADURA,2,0,1,CUSCO,PARURO,YAURISQUE,RURAL,CARRETERA,DEPARTAMENTAL,CU-117,-13.673586,-71.920159,DESPEJADO,RURAL,TRAMO RECTO,PLANA ,AFIRMADO,,,,,IMPRUDENCIA DEL CONDUCTOR,CONDUCIR EN ESTADO DE EBRIEDAD Y/O DROGADICCIÓN,20.0,1,2024.0,6.0,4.0,0,3,2,1,0.0,0.0,1.0,1.0,0,0,48.5,7.7781745930520225,0,1,2,0.0,0.5,1
A-2024-06-113,2024-06-21,21:30,ATROPELLO FUGA,1,0,0,LIMA,LIMA,CHORRILLOS,URBANA,CARRETERA,NACIONAL,PE-1S,-12.201209,-76.973922,DESPEJADO,INDUSTRIAL,TRAMO RECTO,PLANA ,ASFALTADA,,,,,EN PROCESO DE INVESTIGACIÓN,NO CUENTA CON CAUSA ESPECIFICA,21.0,0,2024.0,6.0,4.0,0,3,2,0,0.0,0.0,0.0,0.0,0,0,0.0,0.0,0,0,2,0.0,0.0,1
A-2024-06-126,2024-06-22,05:30,VOLCADURA,1,1,0,LIMA,LIMA,CARABAYLLO,URBANA,CARRETERA,NACIONAL,PE-20A,-11.793794609082996,-76.98315595935756,DESPEJADO,RURAL,CURVA,PLANA ,ASFALTADA,SI,PREVENTIVA (P),,SI,EN PROCESO DE INVESTIGACIÓN,NO CUENTA CON CAUSA ESPECIFICA,5.0,0,2024.0,6.0,5.0,1,0,2,0,0.0,0.0,0.0,0.0,0,0,27.5,0.7071067811865476,0,1,2,0.0,0.5,1
A-2024-06-9,2024-06-22,05:30,ATROPELLO FUGA,1,0,0,PUNO,PUNO,CHUCUITO,RURAL,CARRETERA,NACIONAL,PE-3S,-15.885767,-69.898305,DESPEJADO,RURAL,TRAMO RECTO,PLANA ,ASFALTADA,,,,,EN PROCESO DE INVESTIGACIÓN,NO CUENTA CON CAUSA ESPECIFICA,5.0,0,2024.0,6.0,5.0,1,0,2,1,0.0,0.0,0.0,0.0,0,0,51.0,0.0,0,0,2,0.0,0.0,1
A-2024-06-78,2024-06-22,15:00,DESPISTE,1,1,0,HUANCAVELICA,HUAYTARA,QUITO-ARMA,RURAL,CARRETERA,SIN CLASIFICAR,SIN CLASIFICAR,-13.518329,-75.327399,DESPEJADO,RURAL,CURVA,INCLINADA,TROCHA,,,,,EN PROCESO DE INVESTIGACIÓN,NO CUENTA CON CAUSA ESPECIFICA,15.0,0,2024.0,6.0,5.0,1,2,2,1,0.0,1.0,2.0,3.0,0,0,67.5,0.7071067811865476,0,1,2,0.0,0.5,0
A-2024-06-45,2024-06-22,21:30,DESPISTE,1,0,1,SAN MARTIN,MOYOBAMBA,SORITOR,URBANA,CARRETERA,PROVINCIAL,SM-625,-6.132131,-77.110711,DESPEJADO,COMERCIAL,TRAMO RECTO,PLANA ,ASFALTADA,,,,,IMPRUDENCIA DEL CONDUCTOR,OTRO (IMPRUDENCIA DEL CONDUCTOR),21.0,0,2024.0,6.0,5.0,1,3,2,2,0.0,0.0,0.0,0.0,0,0,24.0,0.0,0,0,1,0.0,0.0,1
A-2024-06-162,2024-06-22,23:40,ATROPELLO FUGA,1,0,0,LIMA,LIMA,PUENTE PIEDRA,URBANA,CARRETERA,NACIONAL,PE-1N,-11.899502,-77.067748,DESPEJADO,INDUSTRIAL,TRAMO RECTO,PLANA ,ASFALTADA,,,,,EN PROCESO DE INVESTIGACIÓN,NO CUENTA CON CAUSA ESPECIFICA,23.0,0,2024.0,6.0,5.0,1,3,2,0,0.0,0.0,0.0,0.0,0,0,46.0,25.45584412271571,0,1,2,0.0,0.5,1
A-2024-06-127,2024-06-23,05:00,CHOQUE CON OBJETO FIJO,1,0,0,LIMA,LIMA,ATE,URBANA,AVENIDA,URBANO,NO CORRESPONDE,-12.026491756144312,-76.89271506026371,DESPEJADO,ESCOLAR,TRAMO RECTO,PLANA ,ASFALTADA,,,,,EN PROCESO DE INVESTIGACIÓN,NO CUENTA CON CAUSA ESPECIFICA,5.0,0,2024.0,6.0,6.0,1,0,2,0,1.0,0.0,0.0,1.0,0,0,39.0,0.0,0,1,1,0.0,1.0,1
A-2024-06-163,2024-06-23,07:00,ATROPELLO FUGA,1,0,0,LIMA,LIMA,LIMA,URBANA,AVENIDA,URBANO,NO CORRESPONDE,-12.059118855497164,-77.03617298996238,DESPEJADO,COMERCIAL,TRAMO RECTO,PLANA ,ASFALTADA,,,,,EN PROCESO DE INVESTIGACIÓN,NO CUENTA CON CAUSA ESPECIFICA,7.0,0,2024.0,6.0,6.0,1,1,2,0,1.0,0.0,0.0,1.0,0,0,24.0,0.0,0,0,2,0.0,0.0,0
A-2024-06-64,2024-06-23,12:00,CHOQUE,1,0,2,CUSCO,QUISPICANCHI,CUSIPATA,RURAL,CARRETERA,NACIONAL,PE-3S,-13.920141,-71.505617,DESPEJADO,RURAL,CURVA,PLANA ,ASFALTADA,NO,,,SI,IMPRUDENCIA DEL CONDUCTOR,INVASIÓN DE CARRIL,12.0,0,2024.0,6.0,6.0,1,2,2,1,0.0,0.0,0.0,0.0,0,1,39.0,2.8284271247461903,2,2,2,1.0,1.0,0
A-2024-06-128,2024-06-23,15:15,ATROPELLO,1,0,0,LIMA,LIMA,MIRAFLORES,URBANA,AVENIDA,URBANO,NO CORRESPONDE,-12.12043472923779,-77.01828774174706,DESPEJADO,COMERCIAL,TRAMO RECTO,PLANA ,ASFALTADA,SI,PREVENTIVA (P),,SI,EN PROCESO DE INVESTIGACIÓN,NO CUENTA CON CAUSA ESPECIFICA,15.0,0,2024.0,6.0,6.0,1,2,2,0,1.0,0.0,0.0,1.0,0,0,64.0,25.45584412271571,0,1,2,0.0,0.5,0
A-2024-06-53,2024-06-24,03:50,VOLCADURA,1,0,1,AREQUIPA,AREQUIPA,PAUCARPATA,URBANA,AVENIDA,URBANO,NO CORRESPONDE,-16.4171365094697,-71.4926921425655,SOLEADO,ESCOLAR,INTERSECCIÓN,INCLINADA,ASFALTADA,,,,,EN PROCESO DE INVESTIGACIÓN,NO CUENTA CON CAUSA ESPECIFICA,3.0,0,2024.0,6.0,0.0,0,0,2,0,1.0,1.0,0.0,2.0,0,0,44.0,0.0,0,0,1,0.0,0.0,1
A-2024-06-85,2024-06-24,07:50,CHOQUE,1,2,2,PASCO,PASCO,CHAUPIMARCA,RURAL,CARRETERA,NACIONAL,PE-3N,-10.699178493360863,-76.23682382600826,NUBLADO,RURAL,CURVA,INCLINADA,ASFALTADA,,,,,IMPRUDENCIA DEL CONDUCTOR,EXCESO DE VELOCIDAD,7.0,0,2024.0,6.0,0.0,0,1,2,1,0.0,1.0,0.0,1.0,0,0,43.333333333333336,15.044378795195676,0,2,3,0.0,0.667,0
A-2024-06-54,2024-06-24,18:30,ATROPELLO,1,0,1,AREQUIPA,AREQUIPA,ALTO SELVA ALEGRE,URBANA,AVENIDA,URBANO,NO CORRESPONDE,-16.362033,-71.517563,DESPEJADO,RESIDENCIAL,TRAMO RECTO,PLANA ,ASFALTADA,,,,,EN PROCESO DE INVESTIGACIÓN,NO CUENTA CON CAUSA ESPECIFICA,18.0,0,2024.0,6.0,0.0,0,3,2,0,1.0,0.0,0.0,1.0,0,0,52.0,21.213203435596427,0,1,2,0.0,0.5,1
A-2024-06-43,2024-06-25,01:20,ATROPELLO,1,0,0,AREQUIPA,AREQUIPA,SANTA RITA DE SIGUAS,RURAL,CARRETERA,NACIONAL,PE-1S,-16.41794,-72.037985,DESPEJADO,RURAL,TRAMO RECTO,PLANA ,ASFALTADA,,,,,EN PROCESO DE INVESTIGACIÓN,NO CUENTA CON CAUSA ESPECIFICA,1.0,0,2024.0,6.0,1.0,0,0,2,0,0.0,0.0,0.0,0.0,0,0,0.0,0.0,0,0,2,0.0,0.0,1
A-2024-06-46,2024-06-25,05:20,ATROPELLO,1,0,1,SAN MARTIN,MOYOBAMBA,MOYOBAMBA,URBANA,CARRETERA,NACIONAL,PE-5N,-6.046114,-77.017086,DESPEJADO,RESIDENCIAL,CURVA,INCLINADA,ASFALTADA,,,,,IMPRUDENCIA DEL CONDUCTOR,OTRO (IMPRUDENCIA DEL CONDUCTOR),5.0,0,2024.0,6.0,1.0,0,0,2,2,0.0,1.0,0.0,1.0,0,0,34.5,19.091883092036785,0,1,2,0.0,0.5,1
A-2024-06-129,2024-06-25,11:15,ATROPELLO,1,0,0,LIMA,LIMA,INDEPENDENCIA,URBANA,AVENIDA,URBANO,NO CORRESPONDE,-12.007479066221716,-77.05403558461559,DESPEJADO,COMERCIAL,TRAMO RECTO,PLANA ,ASFALTADA,SI,PREVENTIVA (P),,SI,EN PROCESO DE INVESTIGACIÓN,NO CUENTA CON CAUSA ESPECIFICA,11.0,0,2024.0,6.0,1.0,0,1,2,0,1.0,0.0,0.0,1.0,0,0,57.5,28.991378028648448,0,1,2,0.0,0.5,0
A-2024-06-130,2024-06-26,12:35,ATROPELLO,1,0,0,LIMA,LIMA,MIRAFLORES,URBANA,AVENIDA,URBANO,NO CORRESPONDE,-12.11158748399002,-77.02915430492692,DESPEJADO,ESCOLAR,INTERSECCIÓN,PLANA ,ASFALTADA,SI,REGULADORA (R),,SI,EN PROCESO DE INVESTIGACIÓN,NO CUENTA CON CAUSA ESPECIFICA,12.0,0,2024.0,6.0,2.0,0,2,2,0,1.0,0.0,0.0,1.0,0,0,65.5,44.54772721475249,0,1,2,0.0,0.5,0
A-2024-06-30,2024-06-26,13:50,ATROPELLO,1,0,0,PUNO,YUNGUYO,YUNGUYO,RURAL,CARRETERA,DEPARTAMENTAL,PU-151,-16.2505869,-69.0729939,DESPEJADO,RURAL,TRAMO RECTO,PLANA ,ASFALTADA,,,,,IMPRUDENCIA DEL PEATÓN,CRUCE INDEBIDO POR LA CALZADA,13.0,0,2024.0,6.0,2.0,0,2,2,1,0.0,0.0,0.0,0.0,0,0,62.0,4.242640687119285,0,1,2,0.0,0.5,0
A-2024-06-47,2024-06-26,18:00,CHOQUE,1,0,2,SAN MARTIN,RIOJA,AWAJUN,RURAL,CARRETERA,PROVINCIAL,SM-507,-5.698771,-77.44196,DESPEJADO,RURAL,CURVA,INCLINADA,AFIRMADO,,,,,EN PROCESO DE INVESTIGACIÓN,NO CUENTA CON CAUSA ESPECIFICA,18.0,0,2024.0,6.0,2.0,0,3,2,2,0.0,1.0,1.0,2.0,0,0,26.0,25.059928172283335,0,1,3,0.0,0.333,1
A-2024-06-26,2024-06-27,16:00,CHOQUE,1,0,1,TUMBES,TUMBES,LA CRUZ,RURAL,CARRETERA,NACIONAL,PE-1N,-3.6239269134544574,-80.56110268836153,DESPEJADO,RURAL,TRAMO RECTO,PLANA ,ASFALTADA,,,,,IMPRUDENCIA DEL CONDUCTOR,OTRO (IMPRUDENCIA DEL CONDUCTOR),16.0,0,2024.0,6.0,3.0,0,2,2,0,0.0,0.0,0.0,0.0,0,0,28.5,9.192388155425117,0,0,2,0.0,0.0,0
A-2024-06-79,2024-06-27,17:00,DESPISTE,1,0,0,ICA,PISCO,HUMAY,RURAL,CARRETERA,PROVINCIAL,IC-574,-13.735702,-75.97091,DESPEJADO,RURAL,TRAMO RECTO,PLANA ,TROCHA,,,,,EN PROCESO DE INVESTIGACIÓN,NO CUENTA CON CAUSA ESPECIFICA,17.0,0,2024.0,6.0,3.0,0,2,2,0,0.0,0.0,2.0,2.0,0,0,40.0,0.0,0,0,1,0.0,0.0,0
A-2024-06-131,2024-06-27,21:00,ATROPELLO,1,0,0,LIMA,LIMA,ATE,URBANA,AVENIDA,URBANO,NO CORRESPONDE,-12.012445927509834,-76.83954775196847,DESPEJADO,RESIDENCIAL,INTERSECCIÓN,PLANA ,ASFALTADA,,,,,EN PROCESO DE INVESTIGACIÓN,NO CUENTA CON CAUSA ESPECIFICA,21.0,0,2024.0,6.0,3.0,0,3,2,0,1.0,0.0,0.0,1.0,0,0,52.5,19.091883092036785,0,1,2,0.0,0.5,1
A-2024-06-36,2024-06-28,03:35,DESPISTE,1,1,1,LA LIBERTAD,PACASMAYO,GUADALUPE,RURAL,CARRETERA,NACIONAL,PE-1N,-7.2482344207,-79.4738378947,DESPEJADO,RURAL,TRAMO RECTO,PLANA ,ASFALTADA,,,,,EN PROCESO DE INVESTIGACIÓN,NO CUENTA CON CAUSA ESPECIFICA,3.0,0,2024.0,6.0,4.0,0,0,2,0,0.0,0.0,0.0,0.0,0,0,41.0,13.856406460551018,0,0,3,0.0,0.0,1
A-2024-06-124,2024-06-28,05:30,ESPECIAL,1,0,1,CAJAMARCA,JAEN,JAEN,RURAL,CARRETERA,NACIONAL,PE-5N,-5.79361592,-78.7248287,DESPEJADO,RURAL,TRAMO RECTO,PLANA ,ASFALTADA,,,,,EN PROCESO DE INVESTIGACIÓN,NO CUENTA CON CAUSA ESPECIFICA,5.0,0,2024.0,6.0,4.0,0,0,2,1,0.0,0.0,0.0,0.0,0,0,32.0,0.0,0,0,1,0.0,0.0,1
A-2024-06-86,2024-06-28,17:25,DESPISTE,1,1,1,LIMA,HUARAL,PACARAOS,RURAL,CARRETERA,NACIONAL,PE-20C,-11.12736995,-76.62629197,DESPEJADO,RURAL,CURVA,INCLINADA,ASFALTADA,,,,,IMPRUDENCIA DEL CONDUCTOR,EXCESO DE VELOCIDAD,17.0,0,2024.0,6.0,4.0,0,2,2,0,0.0,1.0,0.0,1.0,0,0,34.5,13.435028842544403,0,1,2,0.0,0.5,0
A-2024-06-62,2024-06-29,02:30,CHOQUE CON OBJETO FIJO,2,0,1,AYACUCHO,HUAMANGA,TAMBILLO,URBANA,AVENIDA,URBANO,NO CORRESPONDE,-13.1714627982185,-74.163733709001,DESPEJADO,RESIDENCIAL,TRAMO RECTO,INCLINADA,CONCRETO,SI,PREVENTIVA (P),,NO,IMPRUDENCIA DEL CONDUCTOR,CONDUCIR EN ESTADO DE EBRIEDAD Y/O DROGADICCIÓN,2.0,1,2024.0,6.0,5.0,1,0,2,1,1.0,1.0,0.0,2.0,0,1,16.5,3.5355339059327378,1,0,2,0.5,0.0,1
A-2024-06-59,2024-06-29,06:30,DESPISTE,1,1,1,CUSCO,CHUMBIVILCAS,VELILLE,RURAL,CARRETERA,NACIONAL,PE-3SG,-14.587728,-71.732388,DESPEJADO,RURAL,CURVA,PLANA ,ASFALTADA,,,,,IMPRUDENCIA DEL CONDUCTOR,GIRAR IMPRUDENTEMENTE,6.0,0,2024.0,6.0,5.0,1,1,2,1,0.0,0.0,0.0,0.0,0,0,76.0,4.242640687119285,0,1,2,0.0,0.5,0