CODIGO_SINIESTRO,FECHA_SINIESTRO,HORA_SINIESTRO,CLASE_SINIESTRO,CANTIDAD_FALLECIDOS,CANTIDAD_LESIONADOS,CANTIDAD_VEHICULOS,DEPARTAMENTO,PROVINCIA,DISTRITO,ZONA,TIPO_VIA,RED_VIAL,COD_CARRETERA,LATITUD,LONGITUD,CONDICION_CLIMATICA,ZONIFICACION,CARACTERISTICAS_VIA,PERFIL_VIA,SUPERFICIE_CALZADA,EXISTE_SENIAL_VERTICAL,CLASIFICACION_SENIAL_VERTICAL_1,CLASIFICACION_SENIAL_VERTICAL_2,EXISTE_SENIAL_HORIZONTAL,CAUSA_FACTOR_PRINCIPAL,CAUSA_ESPECIFICA,HORA,severidad,ANIO,MES,DIA_SEMANA,FIN_SEMANA,FRANJA_HORARIA,TEMPORADA,MACROREGION,TIPO_VIA_SCORE,PERFIL_VIA_SCORE,SUPERFICIE_CALZADA_SCORE,RIESGO_INFRAESTRUCTURA,RIESGO_CLIMATICO,SENIALIZACION_DEFICIENTE,EDAD_PROMEDIO,EDAD_STD,TOTAL_ALCOHOL,TOTAL_LICENCIA,TOTAL_PERSONAS,PCT_ALCOHOL,PCT_LICENCIA,ES_NOCHE
A-2024-07-28,2024-07-22,04:40,ATROPELLO FUGA,1,0,1,LA LIBERTAD,TRUJILLO,EL PORVENIR,URBANA,AVENIDA,URBANO,NO CORRESPONDE,-8.0671769,-78.996023504,DESPEJADO,COMERCIAL,TRAMO RECTO,PLANA ,ASFALTADA,,,,,EN PROCESO DE INVESTIGACIÓN,NO CUENTA CON CAUSA ESPECIFICA,4.0,0,2024.0,7.0,0.0,0,0,2,0,1.0,0.0,0.0,1.0,0,0,37.0,2.8284271247461903,0,1,2,0.0,0.5,1
A-2024-07-69,2024-07-22,06:40,ATROPELLO,1,1,0,AREQUIPA,AREQUIPA,VITOR,URBANA,CALLE,URBANO,NO CORRESPONDE,-16.527022,-71.917742,,,,,,,,,,EN PROCESO DE INVESTIGACIÓN,NO CUENTA CON CAUSA ESPECIFICA,6.0,0,2024.0,7.0,0.0,0,1,2,0,2.0,1.0,1.0,4.0,0,0,33.0,0.0,0,0,2,0.0,0.0,0
A-2024-07-125,2024-07-22,06:55,CHOQUE,1,2,0,LIMA,LIMA,SAN MARTIN DE PORRES,URBANA,AVENIDA,URBANO,NO CORRESPONDE,-12.031195934975363,-77.08246990440594,DESPEJADO,COMERCIAL,TRAMO RECTO,PLANA ,ASFALTADA,,,,,EN PROCESO DE INVESTIGACIÓN,NO CUENTA CON CAUSA ESPECIFICA,6.0,0,2024.0,7.0,0.0,0,1,2,0,1.0,0.0,0.0,1.0,0,0,51.25,15.392097539538485,0,2,4,0.0,0.5,0
A-2024-07-124,2024-07-22,12:00,CHOQUE,1,0,0,LIMA,LIMA,PUNTA HERMOSA,URBANA,CARRETERA,NACIONAL,PE-1S,-12.30868259331959,-76.83637699156124,DESPEJADO,INDUSTRIAL,TRAMO RECTO,PLANA ,ASFALTADA,SI,INFORMATIVA (I),,NO,EN PROCESO DE INVESTIGACIÓN,NO CUENTA CON CAUSA ESPECIFICA,12.0,0,2024.0,7.0,0.0,0,2,2,0,0.0,0.0,0.0,0.0,0,1,55.5,12.020815280171307,0,2,2,0.0,1.0,0
A-2024-07-53,2024-07-23,06:30,ATROPELLO,1,0,1,CUSCO,CANCHIS,MARANGANI,RURAL,CARRETERA,NACIONAL,PE-3S,-14.412777,-71.11768,DESPEJADO,RURAL,TRAMO RECTO,PLANA ,ASFALTADA,,,,,IMPRUDENCIA DEL PEATÓN,CRUCE INDEBIDO POR LA CALZADA,6.0,0,2024.0,7.0,1.0,0,1,2,1,0.0,0.0,0.0,0.0,0,0,68.5,6.363961030678928,0,1,2,0.0,0.5,0
A-2024-07-29,2024-07-23,19:00,DESPISTE,1,0,2,LA LIBERTAD,TRUJILLO,HUANCHACO,RURAL,CARRETERA,NACIONAL,PE-1N,-8.0718795427,-79.0924021211,DESPEJADO,RURAL,TRAMO RECTO,PLANA ,ASFALTADA,,,,,EN PROCESO DE INVESTIGACIÓN,NO CUENTA CON CAUSA ESPECIFICA,19.0,0,2024.0,7.0,1.0,0,3,2,0,0.0,0.0,0.0,0.0,0,0,55.0,0.0,0,1,2,0.0,0.5,1
A-2024-07-126,2024-07-24,01:10,ATROPELLO,1,0,0,LIMA,LIMA,EL AGUSTINO,URBANA,AVENIDA,URBANO,NO CORRESPONDE,-12.034956467799615,-77.00384329649837,DESPEJADO,COMERCIAL,TRAMO RECTO,PLANA ,ASFALTADA,,,,,EN PROCESO DE INVESTIGACIÓN,NO CUENTA CON CAUSA ESPECIFICA,1.0,0,2024.0,7.0,2.0,0,0,2,0,1.0,0.0,0.0,1.0,0,0,61.5,7.7781745930520225,0,1,2,0.0,0.5,1
A-2024-07-128,2024-07-24,13:45,CHOQUE,1,0,0,LIMA,LIMA,PUEBLO LIBRE,URBANA,AVENIDA,URBANO,NO CORRESPONDE,-12.078733495366762,-77.06605431945458,DESPEJADO,RESIDENCIAL,TRAMO RECTO,PLANA ,ASFALTADA,,,,,EN PROCESO DE INVESTIGACIÓN,NO CUENTA CON CAUSA ESPECIFICA,13.0,0,2024.0,7.0,2.0,0,2,2,0,1.0,0.0,0.0,1.0,0,0,44.0,11.313708498984761,0,2,3,0.0,0.667,0
A-2024-07-42,2024-07-24,17:00,DESPISTE,2,5,1,LIMA,HUAURA,CHECRAS,RURAL,CARRETERA,DEPARTAMENTAL,LM-107,-10.8723,-76.8519,DESPEJADO,RURAL,TRAMO RECTO,INCLINADA,AFIRMADO,,,,,IMPRUDENCIA DEL CONDUCTOR,FATIGA Y/O CANSANCIO,17.0,1,2024.0,7.0,2.0,0,2,2,0,0.0,1.0,1.0,2.0,0,0,42.42857142857143,29.165374121019735,0,1,7,0.0,0.143,0
A-2024-07-127,2024-07-25,06:20,CHOQUE,1,1,0,LIMA,LIMA,EL AGUSTINO,URBANA,CARRETERA,NACIONAL,PE-1N,-12.031614062573912,-77.00445777153111,DESPEJADO,COMERCIAL,TRAMO RECTO,PLANA ,ASFALTADA,,,,,EN PROCESO DE INVESTIGACIÓN,NO CUENTA CON CAUSA ESPECIFICA,6.0,0,2024.0,7.0,3.0,0,1,2,0,0.0,0.0,0.0,0.0,0,0,40.666666666666664,19.655363983740756,0,3,3,0.0,1.0,0
A-2024-07-70,2024-07-25,06:30,CHOQUE,1,0,0,AREQUIPA,AREQUIPA,VITOR,RURAL,CARRETERA,PROVINCIAL,AR-727,-16.413098,-71.911865,,,,,,,,,,EN PROCESO DE INVESTIGACIÓN,NO CUENTA CON CAUSA ESPECIFICA,6.0,0,2024.0,7.0,3.0,0,1,2,0,0.0,1.0,1.0,2.0,0,0,27.0,4.242640687119285,0,0,2,0.0,0.0,0
A-2024-07-89,2024-07-25,09:00,DESPISTE,1,4,1,AYACUCHO,LUCANAS,PUQUIO,RURAL,CARRETERA,NACIONAL,PE-34A,-14.63538,-74.03487,DESPEJADO,RURAL,CURVA,PLANA ,ASFALTADA,,,,,IMPRUDENCIA DEL CONDUCTOR,FATIGA Y/O CANSANCIO,9.0,0,2024.0,7.0,3.0,0,1,2,1,0.0,0.0,0.0,0.0,0,0,18.6,14.604793733565703,0,1,5,0.0,0.2,0
A-2024-07-129,2024-07-25,12:20,ATROPELLO FUGA,1,0,0,LIMA,LIMA,SAN JUAN DE LURIGANCHO,URBANA,AVENIDA,URBANO,NO CORRESPONDE,-11.961057106789832,-76.98830056571667,DESPEJADO,COMERCIAL,INTERSECCIÓN,PLANA ,ASFALTADA,,,,,EN PROCESO DE INVESTIGACIÓN,NO CUENTA CON CAUSA ESPECIFICA,12.0,0,2024.0,7.0,3.0,0,2,2,0,1.0,0.0,0.0,1.0,0,0,40.0,0.0,0,0,2,0.0,0.0,0
A-2024-07-52,2024-07-25,19:31,ATROPELLO,1,0,1,CUSCO,QUISPICANCHI,OCONGATE,RURAL,CARRETERA,NACIONAL,PE-30C,-13.661707,-71.433908,DESPEJADO,RURAL,TRAMO RECTO,PLANA ,ASFALTADA,SI,PREVENTIVA (P),,NO,IMPRUDENCIA DEL PEATÓN,ESTADO DE EBRIEDAD Y/O DROGADICCIÓN,19.0,0,2024.0,7.0,3.0,0,3,2,1,0.0,0.0,0.0,0.0,0,1,46.5,2.1213203435596424,0,1,2,0.0,0.5,1
A-2024-07-21,2024-07-25,20:00,ATROPELLO FUGA,1,0,0,PUNO,EL COLLAO,ILAVE,RURAL,CARRETERA,NACIONAL,PE-3S,-16.172154,-69.536041,DESPEJADO,RURAL,TRAMO RECTO,PLANA ,ASFALTADA,,,,,EN PROCESO DE INVESTIGACIÓN,NO CUENTA CON CAUSA ESPECIFICA,20.0,0,2024.0,7.0,3.0,0,3,2,1,0.0,0.0,0.0,0.0,0,0,84.0,0.0,0,0,2,0.0,0.0,1
A-2024-07-130,2024-07-26,13:45,CHOQUE,1,31,0,LIMA,LIMA,MAGDALENA DEL MAR,URBANA,AVENIDA,URBANO,NO CORRESPONDE,-12.089714879498835,-77.06591347309129,DESPEJADO,COMERCIAL,INTERSECCIÓN,PLANA ,ASFALTADA,,,,,EN PROCESO DE INVESTIGACIÓN,NO CUENTA CON CAUSA ESPECIFICA,13.0,0,2024.0,7.0,4.0,0,2,2,0,1.0,0.0,0.0,1.0,0,0,38.0,17.320508075688775,0,2,35,0.0,0.057,0
A-2024-07-75,2024-07-27,03:00,VOLCADURA,1,0,1,PASCO,PASCO,HUAYLLAY,RURAL,CARRETERA,NACIONAL,PE-20A,-11.034331900242442,-76.38868989112866,NUBLADO,RURAL,TRAMO RECTO,PLANA ,ASFALTADA,,,,,IMPRUDENCIA DEL CONDUCTOR,EXCESO DE VELOCIDAD,3.0,0,2024.0,7.0,5.0,1,0,2,1,0.0,0.0,0.0,0.0,0,0,26.0,0.0,0,1,1,0.0,1.0,1
A-2024-07-38,2024-07-27,04:15,CHOQUE FUGA,1,0,2,SAN MARTIN,MOYOBAMBA,MOYOBAMBA,URBANA,JIRÓN,URBANO,NO CORRESPONDE,-6.034733,-76.972679,DESPEJADO,COMERCIAL,INTERSECCIÓN,PLANA ,ASFALTADA,,,,,EN PROCESO DE INVESTIGACIÓN,NO CUENTA CON CAUSA ESPECIFICA,4.0,0,2024.0,7.0,5.0,1,0,2,2,1.0,0.0,0.0,1.0,0,0,21.5,2.1213203435596424,0,1,2,0.0,0.5,1
A-2024-07-131,2024-07-27,05:00,DESPISTE,1,0,0,LIMA,LIMA,CARABAYLLO,URBANA,AVENIDA,URBANO,NO CORRESPONDE,-11.89333149607932,-77.02887954798464,DESPEJADO,COMERCIAL,INTERSECCIÓN,INCLINADA,ASFALTADA,,,,,EN PROCESO DE INVESTIGACIÓN,NO CUENTA CON CAUSA ESPECIFICA,5.0,0,2024.0,7.0,5.0,1,0,2,0,1.0,1.0,0.0,2.0,0,0,64.0,0.0,0,1,1,0.0,1.0,1
A-2024-07-105,2024-07-27,16:20,CHOQUE,1,0,2,CAJAMARCA,CUTERVO,SANTO TOMAS,RURAL,CARRETERA,SIN CLASIFICAR,SIN CLASIFICAR,-6.077177,-78.657946,DESPEJADO,RURAL,TRAMO RECTO,INCLINADA,AFIRMADO,,,,,IMPRUDENCIA DEL CONDUCTOR,EXCESO DE VELOCIDAD,16.0,0,2024.0,7.0,5.0,1,2,2,1,0.0,1.0,1.0,2.0,0,0,49.5,4.949747468305833,0,1,2,0.0,0.5,0
A-2024-07-103,2024-07-27,16:30,CHOQUE,1,1,2,CAJAMARCA,CONTUMAZA,YONAN,RURAL,CARRETERA,NACIONAL,PE-08,-7.270612,-79.260921,DESPEJADO,RURAL,TRAMO RECTO,INCLINADA,ASFALTADA,,,,,IMPRUDENCIA DEL CONDUCTOR,CONDUCIR EN ESTADO DE EBRIEDAD Y/O DROGADICCIÓN,16.0,0,2024.0,7.0,5.0,1,2,2,1,0.0,1.0,0.0,1.0,0,0,36.0,0.0,1,1,2,0.5,0.5,0
A-2024-07-30,2024-07-27,23:40,CHOQUE,1,0,2,LA LIBERTAD,PACASMAYO,GUADALUPE,RURAL,CARRETERA,NACIONAL,PE-1N,-7.324845210468321,-79.48085360646502,DESPEJADO,RURAL,TRAMO RECTO,PLANA ,ASFALTADA,,,,,EN PROCESO DE INVESTIGACIÓN,NO CUENTA CON CAUSA ESPECIFICA,23.0,0,2024.0,7.0,5.0,1,3,2,0,0.0,0.0,0.0,0.0,0,0,47.0,0.0,0,2,3,0.0,0.667,1
A-2024-07-59,2024-07-28,04:30,DESPISTE,1,1,1,CUSCO,ANTA,CHINCHAYPUJIO,RURAL,CARRETERA,NACIONAL,PE-3SF,-13.656946,-72.287216,DESPEJADO,RURAL,CURVA,INCLINADA,ASFALTADA,SI,PREVENTIVA (P),INFORMATIVA (I),NO,IMPRUDENCIA DEL PEATÓN,CRUCE INDEBIDO POR LA CALZADA,4.0,0,2024.0,7.0,6.0,1,0,2,1,0.0,1.0,0.0,1.0,0,1,27.5,4.949747468305833,0,1,2,0.0,0.5,1
A-2024-07-132,2024-07-28,07:55,ATROPELLO FUGA,1,0,0,LIMA,LIMA,LURIN,URBANA,CARRETERA,NACIONAL,PE-1S,-12.275511608670827,-76.89096800507835,DESPEJADO,INDUSTRIAL,TRAMO RECTO,PLANA ,ASFALTADA,,,,,EN PROCESO DE INVESTIGACIÓN,NO CUENTA CON CAUSA ESPECIFICA,7.0,0,2024.0,7.0,6.0,1,1,2,0,0.0,0.0,0.0,0.0,0,0,0.0,0.0,0,0,2,0.0,0.0,0
A-2024-07-104,2024-07-28,11:30,CHOQUE,1,1,2,CAJAMARCA,JAEN,SANTA ROSA,RURAL,CARRETERA,PROVINCIAL,CA-712,-5.393828,-78.625466,DESPEJADO,RURAL,CURVA,INCLINADA,CASCAJO/RIPIO,,,,,IMPRUDENCIA DEL CONDUCTOR,EXCESO DE VELOCIDAD,11.0,0,2024.0,7.0,6.0,1,1,2,1,0.0,1.0,1.0,2.0,0,0,32.5,13.435028842544403,0,1,2,0.0,0.5,0
A-2024-07-102,2024-07-28,14:24,CHOQUE,3,2,2,CAJAMARCA,SAN MIGUEL,SAN MIGUEL,RURAL,CARRETERA,PROVINCIAL,CA-1212,-6.993696,-78.85229,DESPEJADO,RURAL,CURVA,INCLINADA,CASCAJO/RIPIO,SI,PREVENTIVA (P),,NO,IMPRUDENCIA DEL CONDUCTOR,EXCESO DE VELOCIDAD,14.0,2,2024.0,7.0,6.0,1,2,2,1,0.0,1.0,1.0,2.0,0,1,44.333333333333336,16.729215960907034,0,1,6,0.0,0.167,0
A-2024-07-133,2024-07-28,19:50,ATROPELLO,1,0,0,LIMA,LIMA,SAN JUAN DE MIRAFLORES,URBANA,CARRETERA,NACIONAL,PE-1S,-12.139991452109522,-76.98092575070824,DESPEJADO,COMERCIAL,TRAMO RECTO,PLANA ,ASFALTADA,,,,,EN PROCESO DE INVESTIGACIÓN,NO CUENTA CON CAUSA ESPECIFICA,19.0,0,2024.0,7.0,6.0,1,3,2,0,0.0,0.0,0.0,0.0,0,0,50.0,0.0,0,1,2,0.0,0.5,1
A-2024-07-45,2024-07-28,21:45,CHOQUE,1,0,2,SAN MARTIN,MOYOBAMBA,CALZADA,RURAL,CARRETERA,NACIONAL,PE-5N,-6.044053,-77.143859,DESPEJADO,RURAL,TRAMO RECTO,PLANA ,ASFALTADA,,,,,IMPRUDENCIA DEL CONDUCTOR,OTRO (IMPRUDENCIA DEL CONDUCTOR),21.0,0,2024.0,7.0,6.0,1,3,2,2,0.0,0.0,0.0,0.0,0,0,42.0,14.142135623730951,0,1,2,0.0,0.5,1
A-2024-07-31,2024-07-29,02:00,CHOQUE,1,0,2,LA LIBERTAD,VIRU,CHAO,RURAL,CARRETERA,NACIONAL,PE-1N,-8.536726169381975,-78.67956931549462,DESPEJADO,RURAL,TRAMO RECTO,PLANA ,ASFALTADA,,,,,EN PROCESO DE INVESTIGACIÓN,NO CUENTA CON CAUSA ESPECIFICA,2.0,0,2024.0,7.0,0.0,0,0,2,0,0.0,0.0,0.0,0.0,0,0,41.0,12.727922061357855,0,1,2,0.0,0.5,1
A-2024-07-32,2024-07-29,03:00,DESPISTE,1,0,1,LA LIBERTAD,PATAZ,PARCOY,RURAL,CARRETERA,PROVINCIAL,LI-894,-7.958367855769947,-77.52431461411932,DESPEJADO,RURAL,TRAMO RECTO,PLANA ,TROCHA,,,,,IMPRUDENCIA DEL CONDUCTOR,FATIGA Y/O CANSANCIO,3.0,0,2024.0,7.0,0.0,0,0,2,0,0.0,0.0,2.0,2.0,0,0,25.0,0.0,0,1,1,0.0,1.0,1
A-2024-07-90,2024-07-29,04:40,DESPISTE,3,31,1,AYACUCHO,LUCANAS,CHIPAO,RURAL,CARRETERA,NACIONAL,PE-30A,-14.630769,-73.800007,DESPEJADO,RURAL,CURVA,INCLINADA,ASFALTADA,SI,PREVENTIVA (P),REGULADORA (R),NO,IMPRUDENCIA DEL CONDUCTOR,EXCESO DE VELOCIDAD,4.0,2,2024.0,7.0,0.0,0,0,2,1,0.0,1.0,0.0,1.0,0,1,30.11764705882353,17.084043070340037,0,1,34,0.0,0.029,1
A-2024-07-33,2024-07-29,06:00,DESPISTE,1,0,1,LA LIBERTAD,SANCHEZ CARRION,COCHORCO,RURAL,CARRETERA,NACIONAL,PE-10C,-7.820686125098988,-77.68399891266444,DESPEJADO,RURAL,TRAMO RECTO,PLANA ,TROCHA,,,,,EN PROCESO DE INVESTIGACIÓN,NO CUENTA CON CAUSA ESPECIFICA,6.0,0,2024.0,7.0,0.0,0,1,2,0,0.0,0.0,2.0,2.0,0,0,39.5,24.748737341529164,0,1,2,0.0,0.5,0
A-2024-07-60,2024-07-29,06:10,ATROPELLO,1,0,1,CUSCO,QUISPICANCHI,OROPESA,URBANA,CARRETERA,NACIONAL,PE-3S,-13.600589,-71.765022,DESPEJADO,COMERCIAL,TRAMO RECTO,PLANA ,ASFALTADA,,,,,IMPRUDENCIA DEL PEATÓN,CRUCE INDEBIDO POR LA CALZADA,6.0,0,2024.0,7.0,0.0,0,1,2,1,0.0,0.0,0.0,0.0,0,0,54.5,34.64823227814083,0,1,2,0.0,0.5,0
A-2024-07-54,2024-07-29,11:30,DESPISTE,1,0,1,CUSCO,CHUMBIVILCAS,QUIÑOTA,RURAL,CARRETERA,NACIONAL,PE-3SG,-14.295348,-72.139363,DESPEJADO,RURAL,TRAMO RECTO,PLANA ,CONCRETO,,,,,IMPRUDENCIA DEL CONDUCTOR,EXCESO DE VELOCIDAD,11.0,0,2024.0,7.0,0.0,0,1,2,1,0.0,0.0,0.0,0.0,0,0,19.5,14.849242404917497,0,1,2,0.0,0.5,0
A-2024-07-73,2024-07-30,06:30,ATROPELLO,1,0,1,ICA,CHINCHA,CHINCHA ALTA,URBANA,CARRETERA,NACIONAL,PE-1S,-13.437039,-76.134847,DESPEJADO,COMERCIAL,TRAMO RECTO,PLANA ,ASFALTADA,,,,,EN PROCESO DE INVESTIGACIÓN,NO CUENTA CON CAUSA ESPECIFICA,6.0,0,2024.0,7.0,1.0,0,1,2,0,0.0,0.0,0.0,0.0,0,0,60.0,32.526911934581186,0,0,2,0.0,0.0,0
A-2024-07-37,2024-07-30,14:30,CHOQUE,1,0,1,TUMBES,CONTRALMIRANTE VILLAR,CANOAS DE PUNTA SAL,URBANA,CARRETERA,NACIONAL,PE-1N,-3.9908722811640938,-80.97274667841917,DESPEJADO,RURAL,TRAMO RECTO,PLANA ,ASFALTADA,,,,,IMPRUDENCIA DEL CONDUCTOR,INVASIÓN DE CARRIL,14.0,0,2024.0,7.0,1.0,0,2,2,0,0.0,0.0,0.0,0.0,0,0,50.5,6.363961030678928,0,1,2,0.0,0.5,0
A-2024-07-43,2024-07-30,17:15,CHOQUE,1,0,2,LIMA,HUAURA,HUACHO,RURAL,CARRETERA,NACIONAL,PE-1N,-11.179285010135423,-77.57978438914351,DESPEJADO,RURAL,TRAMO RECTO,INCLINADA,ASFALTADA,,,,,IMPRUDENCIA DEL CONDUCTOR,OTRO (IMPRUDENCIA DEL CONDUCTOR),17.0,0,2024.0,7.0,1.0,0,2,2,0,0.0,1.0,0.0,1.0,0,0,40.0,25.45584412271571,0,1,2,0.0,0.5,0
A-2024-07-134,2024-07-30,23:48,ATROPELLO,1,0,0,LIMA,LIMA,SAN MARTIN DE PORRES,URBANA,AVENIDA,URBANO,NO CORRESPONDE,-12.014150301591329,-77.08711876284981,DESPEJADO,COMERCIAL,TRAMO RECTO,PLANA ,ASFALTADA,,,,,IMPRUDENCIA DEL PEATÓN,ESTADO DE EBRIEDAD Y/O DROGADICCIÓN,23.0,0,2024.0,7.0,1.0,0,3,2,0,1.0,0.0,0.0,1.0,0,0,51.5,6.363961030678928,0,0,2,0.0,0.0,1
A-2024-07-44,2024-07-31,09:00,DESPISTE,2,0,1,LIMA,OYON,OYON,RURAL,CARRETERA,NACIONAL,PE-16A,-10.65123,-76.77769,DESPEJADO,RURAL,TRAMO RECTO,PLANA ,AFIRMADO,,,,,EN PROCESO DE INVESTIGACIÓN,NO CUENTA CON CAUSA ESPECIFICA,9.0,1,2024.0,7.0,2.0,0,1,2,0,0.0,0.0,1.0,1.0,0,0,48.0,0.0,0,1,2,0.0,0.5,0
A-2024-08-51,2024-08-01,01:30,CHOQUE,1,2,1,AREQUIPA,CAYLLOMA,SAN ANTONIO DE CHUCA,URBANA,CARRETERA,NACIONAL,PE-34A,-15.86526,-71.130362,DESPEJADO,COMERCIAL,TRAMO RECTO,PLANA ,ASFALTADA,,,,,EN PROCESO DE INVESTIGACIÓN,NO CUENTA CON CAUSA ESPECIFICA,1.0,0,2024.0,8.0,3.0,0,0,2,0,0.0,0.0,0.0,0.0,0,0,33.333333333333336,10.408329997330663,0,2,3,0.0,0.667,1
A-2024-08-105,2024-08-01,06:00,DESPISTE,4,16,0,LIMA,LIMA,LURIN,URBANA,CARRETERA,NACIONAL,PE-1S,-12.297117325417394,-76.85578655789531,DESPEJADO,INDUSTRIAL,TRAMO RECTO,PLANA ,ASFALTADA,,,,,EN PROCESO DE INVESTIGACIÓN,NO CUENTA CON CAUSA ESPECIFICA,6.0,2,2024.0,8.0,3.0,0,1,2,0,0.0,0.0,0.0,0.0,0,0,40.0,0.0,0,1,21,0.0,0.048,0
A-2024-08-50,2024-08-01,08:30,CHOQUE,1,4,0,CUSCO,ANTA,LIMATAMBO,RURAL,CARRETERA,NACIONAL,PE-3S,-13.455667,-72.397139,DESPEJADO,COMERCIAL,CURVA,PLANA ,ASFALTADA,,,,,IMPRUDENCIA DEL CONDUCTOR,INVASIÓN DE CARRIL,8.0,0,2024.0,8.0,3.0,0,1,2,1,0.0,0.0,0.0,0.0,0,0,23.5,14.896308267486948,0,2,6,0.0,0.333,0
A-2024-08-106,2024-08-01,10:30,DESPISTE,1,4,0,LIMA,LIMA,PUENTE PIEDRA,URBANA,CALLE,URBANO,NO CORRESPONDE,-11.86643195941559,-77.09008028927042,DESPEJADO,RESIDENCIAL,TRAMO RECTO,INCLINADA,AFIRMADO,,,,,EN PROCESO DE INVESTIGACIÓN,NO CUENTA CON CAUSA ESPECIFICA,10.0,0,2024.0,8.0,3.0,0,1,2,0,2.0,1.0,1.0,4.0,0,0,29.8,11.987493482792805,0,0,5,0.0,0.0,0
A-2024-08-8,2024-08-01,11:00,DESPISTE,2,2,1,LA LIBERTAD,PATAZ,PATAZ,RURAL,CARRETERA,NACIONAL,PE-10C,-7.838149279833246,-77.63366441256059,DESPEJADO,RURAL,TRAMO RECTO,PLANA ,AFIRMADO,,,,,EN PROCESO DE INVESTIGACIÓN,NO CUENTA CON CAUSA ESPECIFICA,11.0,1,2024.0,8.0,3.0,0,1,2,0,0.0,0.0,1.0,1.0,0,0,23.25,14.0089257261219,0,1,4,0.0,0.25,0
A-2024-08-84,2024-08-01,18:20,CHOQUE FUGA,1,0,0,APURIMAC,ANDAHUAYLAS,ANDAHUAYLAS,URBANA,AVENIDA,URBANO,NO CORRESPONDE,-13.6600146,-73.37344909,DESPEJADO,RESIDENCIAL,TRAMO RECTO,PLANA ,ASFALTADA,,,,,IMPRUDENCIA DEL CONDUCTOR,ADELANTAR INDEBIDAMENTE,18.0,0,2024.0,8.0,3.0,0,3,2,1,1.0,0.0,0.0,1.0,0,0,20.0,0.0,0,0,1,0.0,0.0,1
A-2024-08-108,2024-08-02,06:00,ATROPELLO,1,0,0,LIMA,LIMA,ATE,URBANA,CARRETERA,NACIONAL,PE-22,-12.008020549031404,-76.8593819552048,DESPEJADO,COMERCIAL,TRAMO RECTO,PLANA ,ASFALTADA,,,,,EN PROCESO DE INVESTIGACIÓN,NO CUENTA CON CAUSA ESPECIFICA,6.0,0,2024.0,8.0,4.0,0,1,2,0,0.0,0.0,0.0,0.0,0,0,50.0,18.384776310850235,0,0,2,0.0,0.0,0
A-2024-08-107,2024-08-02,18:50,ATROPELLO,1,1,0,LIMA,LIMA,SAN JUAN DE LURIGANCHO,URBANA,AVENIDA,URBANO,NO CORRESPONDE,-11.933320915076363,-76.96882524721453,DESPEJADO,COMERCIAL,INTERSECCIÓN,PLANA ,ASFALTADA,,,,,EN PROCESO DE INVESTIGACIÓN,NO CUENTA CON CAUSA ESPECIFICA,18.0,0,2024.0,8.0,4.0,0,3,2,0,1.0,0.0,0.0,1.0,0,0,38.5,6.363961030678928,0,1,3,0.0,0.333,1
A-2024-08-2,2024-08-02,20:12,CHOQUE FUGA,1,1,0,PUNO,YUNGUYO,YUNGUYO,RURAL,CARRETERA,PROVINCIAL,PU-1309,-16.233721222447855,-69.0937148545162,,,,,,,,,,EN PROCESO DE INVESTIGACIÓN,NO CUENTA CON CAUSA ESPECIFICA,20.0,0,2024.0,8.0,4.0,0,3,2,1,0.0,1.0,1.0,2.0,0,0,20.0,0.0,0,0,3,0.0,0.0,1
A-2024-08-70,2024-08-03,05:57,CHOQUE,1,0,2,ICA,ICA,SUBTANJALLA,URBANA,CARRETERA,NACIONAL,PE-1S,-14.041881,-75.752039,DESPEJADO,COMERCIAL,INTERSECCIÓN,PLANA ,ASFALTADA,SI,REGULADORA (R),REGULADORA (R),NO,IMPRUDENCIA DEL CONDUCTOR,GIRAR IMPRUDENTEMENTE,5.0,0,2024.0,8.0,5.0,1,0,2,0,0.0,0.0,0.0,0.0,0,1,33.0,5.656854249492381,0,1,2,0.0,0.5,1
A-2024-08-132,2024-08-03,06:00,ATROPELLO,1,0,0,LIMA,LIMA,BREÑA,URBANA,AVENIDA,URBANO,NO CORRESPONDE,-12.062419813958876,-77.05939282411975,DESPEJADO,COMERCIAL,TRAMO RECTO,PLANA ,ASFALTADA,,,,,EN PROCESO DE INVESTIGACIÓN,NO CUENTA CON CAUSA ESPECIFICA,6.0,0,2024.0,8.0,5.0,1,1,2,0,1.0,0.0,0.0,1.0,0,0,59.0,36.76955262170047,0,1,2,0.0,0.5,0
A-2024-08-54,2024-08-03,15:15,CHOQUE,1,0,0,AREQUIPA,AREQUIPA,YANAHUARA,URBANA,CALLE,URBANO,NO CORRESPONDE,-16.4063,-71.563236,DESPEJADO,RESIDENCIAL,INTERSECCIÓN,PLANA ,ASFALTADA,,,,,EN PROCESO DE INVESTIGACIÓN,NO CUENTA CON CAUSA ESPECIFICA,15.0,0,2024.0,8.0,5.0,1,2,2,0,2.0,0.0,0.0,2.0,0,0,39.0,11.313708498984761,0,1,2,0.0,0.5,0
A-2024-08-53,2024-08-03,15:30,CHOQUE,1,0,0,AREQUIPA,AREQUIPA,LA JOYA,URBANA,CARRETERA,NACIONAL,PE-1S,-16.720955,-71.870042,DESPEJADO,RESIDENCIAL,TRAMO RECTO,PLANA ,ASFALTADA,,,,,EN PROCESO DE INVESTIGACIÓN,NO CUENTA CON CAUSA ESPECIFICA,15.0,0,2024.0,8.0,5.0,1,2,2,0,0.0,0.0,0.0,0.0,0,0,36.0,8.48528137423857,0,1,2,0.0,0.5,0