CODIGO_SINIESTRO,FECHA_SINIESTRO,HORA_SINIESTRO,CLASE_SINIESTRO,CANTIDAD_FALLECIDOS,CANTIDAD_LESIONADOS,CANTIDAD_VEHICULOS,DEPARTAMENTO,PROVINCIA,DISTRITO,ZONA,TIPO_VIA,RED_VIAL,COD_CARRETERA,LATITUD,LONGITUD,CONDICION_CLIMATICA,ZONIFICACION,CARACTERISTICAS_VIA,PERFIL_VIA,SUPERFICIE_CALZADA,EXISTE_SENIAL_VERTICAL,CLASIFICACION_SENIAL_VERTICAL_1,CLASIFICACION_SENIAL_VERTICAL_2,EXISTE_SENIAL_HORIZONTAL,CAUSA_FACTOR_PRINCIPAL,CAUSA_ESPECIFICA,HORA,severidad,ANIO,MES,DIA_SEMANA,FIN_SEMANA,FRANJA_HORARIA,TEMPORADA,MACROREGION,TIPO_VIA_SCORE,PERFIL_VIA_SCORE,SUPERFICIE_CALZADA_SCORE,RIESGO_INFRAESTRUCTURA,RIESGO_CLIMATICO,SENIALIZACION_DEFICIENTE,EDAD_PROMEDIO,EDAD_STD,TOTAL_ALCOHOL,TOTAL_LICENCIA,TOTAL_PERSONAS,PCT_ALCOHOL,PCT_LICENCIA,ES_NOCHE
A-2024-08-55,2024-08-04,02:20,ATROPELLO FUGA,1,0,0,AREQUIPA,AREQUIPA,LA JOYA,URBANA,CARRETERA,NACIONAL,PE-1S,-16.502306652317,-71.8270550699086,DESPEJADO,INDUSTRIAL,TRAMO RECTO,PLANA ,ASFALTADA,,,,,EN PROCESO DE INVESTIGACIÓN,NO CUENTA CON CAUSA ESPECIFICA,2.0,0,2024.0,8.0,6.0,1,0,2,0,0.0,0.0,0.0,0.0,0,0,15.0,0.0,0,0,2,0.0,0.0,1
A-2024-08-111,2024-08-04,03:30,ATROPELLO,1,0,0,LIMA,LIMA,COMAS,URBANA,AVENIDA,URBANO,NO CORRESPONDE,-11.916075334028465,-77.04092219260963,DESPEJADO,COMERCIAL,INTERSECCIÓN,INCLINADA,ASFALTADA,,,,,EN PROCESO DE INVESTIGACIÓN,NO CUENTA CON CAUSA ESPECIFICA,3.0,0,2024.0,8.0,6.0,1,0,2,0,1.0,1.0,0.0,2.0,0,0,57.5,21.920310216782973,0,1,2,0.0,0.5,1
A-2024-08-38,2024-08-04,04:45,CHOQUE,1,6,2,CUSCO,QUISPICANCHI,OROPESA,RURAL,CARRETERA,NACIONAL,PE-3S,-13.600333,-71.765632,DESPEJADO,RURAL,TRAMO RECTO,PLANA ,ASFALTADA,,,,,IMPERICIA DEL CONDUCTOR,,4.0,0,2024.0,8.0,6.0,1,0,2,1,0.0,0.0,0.0,0.0,0,0,34.375,27.489933222389404,0,2,8,0.0,0.25,1
A-2024-08-41,2024-08-04,06:00,DESPISTE,1,1,1,CUSCO,CHUMBIVILCAS,LLUSCO,RURAL,CARRETERA,NACIONAL,PE-3SG,-14.350607,-72.110358,DESPEJADO,RURAL,CURVA,PLANA ,TROCHA,,,,,IMPRUDENCIA DEL CONDUCTOR,EXCESO DE VELOCIDAD,6.0,0,2024.0,8.0,6.0,1,1,2,1,0.0,0.0,2.0,2.0,0,0,39.5,23.33452377915607,0,0,2,0.0,0.0,0
A-2024-08-109,2024-08-04,07:50,ATROPELLO,1,0,0,LIMA,LIMA,ATE,URBANA,AVENIDA,URBANO,NO CORRESPONDE,-12.04229831551716,-76.90487987600049,DESPEJADO,RESIDENCIAL,INTERSECCIÓN,INCLINADA,ASFALTADA,,,,,EN PROCESO DE INVESTIGACIÓN,NO CUENTA CON CAUSA ESPECIFICA,7.0,0,2024.0,8.0,6.0,1,1,2,0,1.0,1.0,0.0,2.0,0,0,53.0,8.48528137423857,0,1,2,0.0,0.5,0
A-2024-08-110,2024-08-04,08:00,CHOQUE,1,0,0,LIMA,LIMA,LOS OLIVOS,URBANA,CARRETERA,NACIONAL,PE-1N,-11.945618705705716,-77.07106448629736,DESPEJADO,COMERCIAL,TRAMO RECTO,INCLINADA,ASFALTADA,,,,,EN PROCESO DE INVESTIGACIÓN,NO CUENTA CON CAUSA ESPECIFICA,8.0,0,2024.0,8.0,6.0,1,1,2,0,0.0,1.0,0.0,1.0,0,0,34.5,17.67766952966369,0,1,2,0.0,0.5,0
A-2024-08-112,2024-08-04,14:30,DESPISTE,1,0,0,LIMA,LIMA,LIMA,URBANA,JIRÓN,URBANO,NO CORRESPONDE,-12.055281955401178,-77.07859939105998,DESPEJADO,RESIDENCIAL,TRAMO RECTO,PLANA ,ASFALTADA,,,,,EN PROCESO DE INVESTIGACIÓN,NO CUENTA CON CAUSA ESPECIFICA,14.0,0,2024.0,8.0,6.0,1,2,2,0,1.0,0.0,0.0,1.0,0,0,63.0,0.0,0,1,1,0.0,1.0,0
A-2024-08-113,2024-08-04,15:30,DESPISTE,1,0,0,LIMA,LIMA,MAGDALENA DEL MAR,URBANA,VIA EXPRESA,URBANO,NO CORRESPONDE,-12.101665243914937,-77.06650678276797,DESPEJADO,COMERCIAL,TRAMO RECTO,PLANA ,ASFALTADA,,,,,EN PROCESO DE INVESTIGACIÓN,NO CUENTA CON CAUSA ESPECIFICA,15.0,0,2024.0,8.0,6.0,1,2,2,0,1.0,0.0,0.0,1.0,0,0,56.0,0.0,0,1,1,0.0,1.0,0
A-2024-08-39,2024-08-04,16:30,CHOQUE,1,0,1,CUSCO,CANCHIS,COMBAPATA,RURAL,CARRETERA,NACIONAL,PE-3S,-14.0814205,-71.4375824,DESPEJADO,RURAL,CURVA,PLANA ,ASFALTADA,SI,PREVENTIVA (P),REGULADORA (R),SI,IMPRUDENCIA DEL CONDUCTOR,CONDUCIR EN ESTADO DE EBRIEDAD Y/O DROGADICCIÓN,16.0,0,2024.0,8.0,6.0,1,2,2,1,0.0,0.0,0.0,0.0,0,0,28.5,14.849242404917497,1,1,2,0.5,0.5,0
A-2024-08-93,2024-08-04,16:45,DESPISTE,1,0,1,CAJAMARCA,CHOTA,LLAMA,RURAL,CARRETERA,NACIONAL,PE-06A,-6.512858853,-79.12795432,DESPEJADO,RURAL,CURVA,INCLINADA,ASFALTADA,SI,PREVENTIVA (P),,NO,IMPRUDENCIA DEL CONDUCTOR,EXCESO DE VELOCIDAD,16.0,0,2024.0,8.0,6.0,1,2,2,1,0.0,1.0,0.0,1.0,0,1,54.0,0.0,0,1,1,0.0,1.0,0
A-2024-08-4,2024-08-04,17:00,DESPISTE,1,0,1,SAN MARTIN,LAMAS,ALONSO DE ALVARADO,URBANA,CARRETERA,NACIONAL,PE-5N,-6.264242,-76.778603,DESPEJADO,RESIDENCIAL,TRAMO RECTO,PLANA ,ASFALTADA,,,,,EN PROCESO DE INVESTIGACIÓN,NO CUENTA CON CAUSA ESPECIFICA,17.0,0,2024.0,8.0,6.0,1,2,2,2,0.0,0.0,0.0,0.0,0,0,18.0,5.656854249492381,0,1,2,0.0,0.5,0
A-2024-08-12,2024-08-04,20:45,CHOQUE,1,0,2,LA LIBERTAD,TRUJILLO,LAREDO,URBANA,CARRETERA,NACIONAL,PE-10A,-8.096757503993805,-78.97117223938625,DESPEJADO,INDUSTRIAL,TRAMO RECTO,PLANA ,ASFALTADA,,,,,EN PROCESO DE INVESTIGACIÓN,NO CUENTA CON CAUSA ESPECIFICA,20.0,0,2024.0,8.0,6.0,1,3,2,0,0.0,0.0,0.0,0.0,0,0,34.5,12.020815280171307,0,2,2,0.0,1.0,1
A-2024-08-114,2024-08-05,00:30,VOLCADURA,1,0,0,LIMA,LIMA,SAN JUAN DE MIRAFLORES,URBANA,CARRETERA,NACIONAL,PE-1S,-12.140163801913625,-76.98091506934321,DESPEJADO,COMERCIAL,TRAMO RECTO,PLANA ,ASFALTADA,,,,,EN PROCESO DE INVESTIGACIÓN,NO CUENTA CON CAUSA ESPECIFICA,0.0,0,2024.0,8.0,0.0,0,0,2,0,0.0,0.0,0.0,0.0,0,0,28.0,0.0,0,0,2,0.0,0.0,1
A-2024-08-92,2024-08-05,14:30,DESPISTE,1,0,1,CAJAMARCA,CAJABAMBA,CONDEBAMBA,RURAL,CARRETERA,NACIONAL,PE-3N,-7.525225,-78.147488,DESPEJADO,RURAL,CURVA,INCLINADA,ASFALTADA,,,,,IMPRUDENCIA DEL CONDUCTOR,CONDUCIR EN ESTADO DE EBRIEDAD Y/O DROGADICCIÓN,14.0,0,2024.0,8.0,0.0,0,2,2,1,0.0,1.0,0.0,1.0,0,0,22.0,0.0,1,1,1,1.0,1.0,0
A-2024-08-56,2024-08-05,15:00,DESPISTE,1,0,0,AREQUIPA,AREQUIPA,CAYMA,RURAL,CARRETERA,DEPARTAMENTAL,AR-116,-16.291301,-71.518947,DESPEJADO,RURAL,CURVA,PLANA ,ASFALTADA,,,,,EN PROCESO DE INVESTIGACIÓN,NO CUENTA CON CAUSA ESPECIFICA,15.0,0,2024.0,8.0,0.0,0,2,2,0,0.0,0.0,0.0,0.0,0,0,45.0,0.0,0,1,1,0.0,1.0,0
A-2024-08-42,2024-08-05,22:30,CHOQUE,2,3,2,CUSCO,CANCHIS,MARANGANI,RURAL,CARRETERA,NACIONAL,PE-3S,-14.408685,-71.123475,DESPEJADO,RURAL,CURVA,PLANA ,ASFALTADA,,,,,IMPRUDENCIA DEL CONDUCTOR,INVASIÓN DE CARRIL,22.0,1,2024.0,8.0,0.0,0,3,2,1,0.0,0.0,0.0,0.0,0,0,42.333333333333336,9.83192080250175,0,2,6,0.0,0.333,1
A-2024-08-115,2024-08-06,04:30,ATROPELLO,2,0,0,LIMA,LIMA,RIMAC,URBANA,CARRETERA,NACIONAL,PE-1N,-12.0383608480097,-77.01420469483864,DESPEJADO,RESIDENCIAL,TRAMO RECTO,PLANA ,ASFALTADA,,,,,EN PROCESO DE INVESTIGACIÓN,NO CUENTA CON CAUSA ESPECIFICA,4.0,1,2024.0,8.0,1.0,0,0,2,0,0.0,0.0,0.0,0.0,0,0,48.5,14.849242404917497,0,1,3,0.0,0.333,1
A-2024-08-13,2024-08-06,14:20,ATROPELLO,1,0,1,LA LIBERTAD,OTUZCO,SALPO,RURAL,CARRETERA,PROVINCIAL,LI-1062,-8.024766560920817,-78.5709553777483,DESPEJADO,RURAL,TRAMO RECTO,PLANA ,AFIRMADO,,,,,EN PROCESO DE INVESTIGACIÓN,NO CUENTA CON CAUSA ESPECIFICA,14.0,0,2024.0,8.0,1.0,0,2,2,0,0.0,0.0,1.0,1.0,0,0,24.0,29.698484809834994,0,0,2,0.0,0.0,0
A-2024-08-57,2024-08-06,19:00,ATROPELLO FUGA,1,0,0,AREQUIPA,AREQUIPA,LA JOYA,URBANA,CARRETERA,NACIONAL,PE-1S,-16.510254,-71.813171,DESPEJADO,INDUSTRIAL,TRAMO RECTO,PLANA ,ASFALTADA,,,,,EN PROCESO DE INVESTIGACIÓN,NO CUENTA CON CAUSA ESPECIFICA,19.0,0,2024.0,8.0,1.0,0,3,2,0,0.0,0.0,0.0,0.0,0,0,57.0,0.0,0,0,2,0.0,0.0,1
A-2024-08-85,2024-08-06,19:15,ATROPELLO FUGA,1,0,0,APURIMAC,ANDAHUAYLAS,SANTA MARIA DE CHICMO,URBANA,CARRETERA,NACIONAL,PE-3S,-13.64984438,-73.51858763,SOLEADO,RURAL,TRAMO RECTO,PLANA ,ASFALTADA,,,,,EN PROCESO DE INVESTIGACIÓN,NO CUENTA CON CAUSA ESPECIFICA,19.0,0,2024.0,8.0,1.0,0,3,2,1,0.0,0.0,0.0,0.0,0,0,5.0,0.0,0,0,1,0.0,0.0,1
A-2024-08-37,2024-08-07,13:37,CHOQUE,1,1,2,CUSCO,QUISPICANCHI,CAMANTI,RURAL,CARRETERA,NACIONAL,PE-30C,-13.257911,-70.779925,DESPEJADO,RURAL,CURVA,PLANA ,ASFALTADA,,,,,IMPRUDENCIA DEL CONDUCTOR,ADELANTAR INDEBIDAMENTE,13.0,0,2024.0,8.0,2.0,0,2,2,1,0.0,0.0,0.0,0.0,0,0,22.666666666666668,3.5118845842842465,0,1,3,0.0,0.333,0
A-2024-08-46,2024-08-08,06:30,VOLCADURA,1,5,1,AYACUCHO,LA MAR,SAMUGARI,RURAL,CARRETERA,PROVINCIAL,CU-558,-12.7702665225826,-73.6615258008047,DESPEJADO,RURAL,TRAMO RECTO,INCLINADA,TROCHA,,,,,IMPRUDENCIA DEL CONDUCTOR,OTRO (IMPRUDENCIA DEL CONDUCTOR),6.0,0,2024.0,8.0,3.0,0,1,2,1,0.0,1.0,2.0,3.0,0,0,62.857142857142854,7.84067538393157,0,0,7,0.0,0.0,0
A-2024-08-67,2024-08-08,09:00,ATROPELLO FUGA,1,0,0,CALLAO,CALLAO,VENTANILLA,URBANA,AVENIDA,URBANO,NO CORRESPONDE,-11.8361090380531,-77.1463166890908,DESPEJADO,RESIDENCIAL,INTERSECCIÓN,PLANA ,ASFALTADA,,,,,EN PROCESO DE INVESTIGACIÓN,NO CUENTA CON CAUSA ESPECIFICA,9.0,0,2024.0,8.0,3.0,0,1,2,0,1.0,0.0,0.0,1.0,0,0,80.0,0.0,0,0,2,0.0,0.0,0
A-2024-08-14,2024-08-08,14:30,DESPISTE,2,3,1,LA LIBERTAD,BOLIVAR,UCHUMARCA,RURAL,CARRETERA,SIN CLASIFICAR,SIN CLASIFICAR,-7.057701932893569,-77.76632945079835,DESPEJADO,RURAL,TRAMO RECTO,PLANA ,TROCHA,,,,,EN PROCESO DE INVESTIGACIÓN,NO CUENTA CON CAUSA ESPECIFICA,14.0,1,2024.0,8.0,3.0,0,2,2,0,0.0,0.0,2.0,2.0,0,0,48.4,10.430723848324238,0,1,5,0.0,0.2,0
A-2024-08-94,2024-08-08,14:40,DESPISTE,1,0,1,CAJAMARCA,CUTERVO,CALLAYUC,RURAL,CARRETERA,NACIONAL,PE-3N,-6.10063,-78.888278,DESPEJADO,RURAL,CURVA,PLANA ,AFIRMADO,,,,,IMPRUDENCIA DEL CONDUCTOR,OTRO (IMPRUDENCIA DEL CONDUCTOR),14.0,0,2024.0,8.0,3.0,0,2,2,1,0.0,0.0,1.0,1.0,0,0,36.0,0.0,0,0,1,0.0,0.0,0
A-2024-08-5,2024-08-08,15:45,DESPISTE,1,0,1,SAN MARTIN,MOYOBAMBA,MOYOBAMBA,URBANA,CARRETERA,PROVINCIAL,SM-650,-6.043009,-76.961652,SOLEADO,INDUSTRIAL,TRAMO RECTO,INCLINADA,CONCRETO,,,,,IMPRUDENCIA DEL CONDUCTOR,OTRO (IMPRUDENCIA DEL CONDUCTOR),15.0,0,2024.0,8.0,3.0,0,2,2,2,0.0,1.0,0.0,1.0,0,0,35.0,0.0,0,0,1,0.0,0.0,0
A-2024-08-1,2024-08-08,20:00,ATROPELLO FUGA,1,0,1,LIMA,HUAURA,HUACHO,RURAL,CARRETERA,NACIONAL,PE-1N,-11.15272,-77.59578,DESPEJADO,RURAL,TRAMO RECTO,PLANA ,ASFALTADA,,,,,EN PROCESO DE INVESTIGACIÓN,NO CUENTA CON CAUSA ESPECIFICA,20.0,0,2024.0,8.0,3.0,0,3,2,0,0.0,0.0,0.0,0.0,0,0,27.0,0.0,0,0,2,0.0,0.0,1
A-2024-08-58,2024-08-08,21:30,ATROPELLO FUGA,1,0,0,AREQUIPA,ISLAY,PUNTA DE BOMBON,RURAL,CARRETERA,NACIONAL,PE-1SD,-17.145438,-71.797702,DESPEJADO,RURAL,TRAMO RECTO,PLANA ,ASFALTADA,,,,,EN PROCESO DE INVESTIGACIÓN,NO CUENTA CON CAUSA ESPECIFICA,21.0,0,2024.0,8.0,3.0,0,3,2,0,0.0,0.0,0.0,0.0,0,0,66.0,0.0,0,0,2,0.0,0.0,1
A-2024-08-104,2024-08-09,01:10,VOLCADURA,1,0,1,AYACUCHO,HUAMANGA,AYACUCHO,URBANA,JIRÓN,URBANO,NO CORRESPONDE,-13.149996,-74.2279197,DESPEJADO,RESIDENCIAL,TRAMO RECTO,INCLINADA,ASFALTADA,,,,,IMPRUDENCIA DEL CONDUCTOR,CONDUCIR EN ESTADO DE EBRIEDAD Y/O DROGADICCIÓN,1.0,0,2024.0,8.0,4.0,0,0,2,1,1.0,1.0,0.0,2.0,0,0,40.0,0.0,1,1,1,1.0,1.0,1
A-2024-08-116,2024-08-10,03:50,ATROPELLO,1,0,0,LIMA,LIMA,SAN MARTIN DE PORRES,URBANA,CARRETERA,NACIONAL,PE-1N,-12.035480186640056,-77.04780897267598,DESPEJADO,COMERCIAL,TRAMO RECTO,PLANA ,ASFALTADA,,,,,IMPRUDENCIA DEL PEATÓN,ESTADO DE EBRIEDAD Y/O DROGADICCIÓN,3.0,0,2024.0,8.0,5.0,1,0,2,0,0.0,0.0,0.0,0.0,0,0,28.5,2.1213203435596424,0,1,2,0.0,0.5,1
A-2024-08-117,2024-08-10,04:40,ATROPELLO FUGA,1,0,0,LIMA,LIMA,VILLA MARIA DEL TRIUNFO,URBANA,JIRÓN,URBANO,NO CORRESPONDE,-12.20687179368831,-76.90640770180012,DESPEJADO,RESIDENCIAL,INTERSECCIÓN,PLANA ,ASFALTADA,,,,,EN PROCESO DE INVESTIGACIÓN,NO CUENTA CON CAUSA ESPECIFICA,4.0,0,2024.0,8.0,5.0,1,0,2,0,1.0,0.0,0.0,1.0,0,0,84.0,0.0,0,0,2,0.0,0.0,1
A-2024-08-3,2024-08-10,20:00,CHOQUE FUGA,1,0,1,PUNO,EL COLLAO,ILAVE,RURAL,CARRETERA,PROVINCIAL,PU-1149,-16.056607,-69.618408,DESPEJADO,RURAL,TRAMO RECTO,PLANA ,ASFALTADA,,,,,IMPRUDENCIA DEL CONDUCTOR,INVASIÓN DE CARRIL,20.0,0,2024.0,8.0,5.0,1,3,2,1,0.0,0.0,0.0,0.0,0,0,64.0,0.0,0,0,2,0.0,0.0,1
A-2024-08-29,2024-08-10,20:40,CHOQUE,1,1,1,TUMBES,ZARUMILLA,ZARUMILLA,RURAL,CARRETERA,DEPARTAMENTAL,TU-101,-3.518699401520684,-80.25865660649015,DESPEJADO,RURAL,TRAMO RECTO,PLANA ,ASFALTADA,,,,,IMPRUDENCIA DEL CONDUCTOR,OTRO (IMPRUDENCIA DEL CONDUCTOR),20.0,0,2024.0,8.0,5.0,1,3,2,0,0.0,0.0,0.0,0.0,0,0,33.333333333333336,1.154700538379251,0,1,3,0.0,0.333,1
A-2024-08-71,2024-08-10,22:15,CHOQUE,2,0,2,ICA,ICA,SALAS,RURAL,CARRETERA,NACIONAL,PE-1S,-13.943369130353938,-75.80924521565778,DESPEJADO,RURAL,TRAMO RECTO,PLANA ,ASFALTADA,,,,,EN PROCESO DE INVESTIGACIÓN,NO CUENTA CON CAUSA ESPECIFICA,22.0,1,2024.0,8.0,5.0,1,3,2,0,0.0,0.0,0.0,0.0,0,0,14.0,1.4142135623730951,0,0,3,0.0,0.0,1
A-2024-08-119,2024-08-10,23:50,ATROPELLO,1,0,0,LIMA,LIMA,SANTA ANITA,URBANA,AVENIDA,URBANO,NO CORRESPONDE,-12.050783099984637,-76.96202197124389,DESPEJADO,COMERCIAL,TRAMO RECTO,PLANA ,ASFALTADA,,,,,EN PROCESO DE INVESTIGACIÓN,NO CUENTA CON CAUSA ESPECIFICA,23.0,0,2024.0,8.0,5.0,1,3,2,0,1.0,0.0,0.0,1.0,0,0,28.0,0.0,0,1,2,0.0,0.5,1
A-2024-08-72,2024-08-11,00:15,CHOQUE,1,0,2,ICA,ICA,SANTIAGO,URBANA,CARRETERA,NACIONAL,PE-1S,-14.262816186141574,-75.68604060728288,DESPEJADO,COMERCIAL,TRAMO RECTO,PLANA ,ASFALTADA,,,,,EN PROCESO DE INVESTIGACIÓN,NO CUENTA CON CAUSA ESPECIFICA,0.0,0,2024.0,8.0,6.0,1,0,2,0,0.0,0.0,0.0,0.0,0,0,40.0,8.48528137423857,0,1,2,0.0,0.5,1
A-2024-08-121,2024-08-11,01:40,CHOQUE,1,0,0,LIMA,LIMA,SAN LUIS,URBANA,JIRÓN,URBANO,NO CORRESPONDE,-12.067421804800324,-76.99002194985424,DESPEJADO,INDUSTRIAL,TRAMO RECTO,PLANA ,ASFALTADA,,,,,EN PROCESO DE INVESTIGACIÓN,NO CUENTA CON CAUSA ESPECIFICA,1.0,0,2024.0,8.0,6.0,1,0,2,0,1.0,0.0,0.0,1.0,0,0,22.0,0.0,0,0,2,0.0,0.0,1
A-2024-08-120,2024-08-11,05:00,ATROPELLO,1,0,0,LIMA,LIMA,CHORRILLOS,URBANA,CARRETERA,NACIONAL,PE-1S,-12.205815647463387,-76.97475433527437,DESPEJADO,INDUSTRIAL,TRAMO RECTO,PLANA ,ASFALTADA,,,,,EN PROCESO DE INVESTIGACIÓN,NO CUENTA CON CAUSA ESPECIFICA,5.0,0,2024.0,8.0,6.0,1,0,2,0,0.0,0.0,0.0,0.0,0,0,57.0,0.0,0,1,2,0.0,0.5,1
A-2024-08-118,2024-08-11,07:50,ATROPELLO,1,1,0,LIMA,LIMA,LA VICTORIA,URBANA,AVENIDA,URBANO,NO CORRESPONDE,-12.074053718282077,-77.01108483495699,DESPEJADO,COMERCIAL,TRAMO RECTO,PLANA ,ASFALTADA,,,,,EN PROCESO DE INVESTIGACIÓN,NO CUENTA CON CAUSA ESPECIFICA,7.0,0,2024.0,8.0,6.0,1,1,2,0,1.0,0.0,0.0,1.0,0,0,46.5,28.991378028648448,0,1,2,0.0,0.5,0
A-2024-08-97,2024-08-11,13:00,DESPISTE,1,0,1,CAJAMARCA,SAN IGNACIO,CHIRINOS,RURAL,CARRETERA,NACIONAL,PE-5N,-5.423696,-78.785651,DESPEJADO,RURAL,CURVA,INCLINADA,ASFALTADA,,,,,IMPRUDENCIA DEL CONDUCTOR,EXCESO DE VELOCIDAD,13.0,0,2024.0,8.0,6.0,1,2,2,1,0.0,1.0,0.0,1.0,0,0,62.0,0.0,0,1,1,0.0,1.0,0
A-2024-08-73,2024-08-11,14:30,DESPISTE,1,2,1,ICA,ICA,OCUCAJE,RURAL,CARRETERA,NACIONAL,PE-1S,-14.371367232160337,-75.62453217716346,SOLEADO,RURAL,TRAMO RECTO,PLANA ,ASFALTADA,,,,,IMPRUDENCIA DEL CONDUCTOR,CONDUCIR EN ESTADO DE EBRIEDAD Y/O DROGADICCIÓN,14.0,0,2024.0,8.0,6.0,1,2,2,0,0.0,0.0,0.0,0.0,0,0,36.333333333333336,24.78574859336174,1,1,3,0.333,0.333,0
A-2024-08-122,2024-08-11,14:45,VOLCADURA,1,0,0,LIMA,LIMA,RIMAC,URBANA,CARRETERA,NACIONAL,PE-1N,-12.04178807370041,-77.01976772853801,DESPEJADO,COMERCIAL,TRAMO RECTO,INCLINADA,ASFALTADA,SI,REGULADORA (R),,NO,EN PROCESO DE INVESTIGACIÓN,NO CUENTA CON CAUSA ESPECIFICA,14.0,0,2024.0,8.0,6.0,1,2,2,0,0.0,1.0,0.0,1.0,0,1,57.0,0.0,0,1,2,0.0,0.5,0
A-2024-08-123,2024-08-12,03:30,CHOQUE,1,0,0,LIMA,LIMA,SAN ISIDRO,URBANA,AVENIDA,URBANO,NO CORRESPONDE,-12.0993752386971,-77.01819648576925,DESPEJADO,RESIDENCIAL,TRAMO RECTO,PLANA ,ASFALTADA,,,,,EN PROCESO DE INVESTIGACIÓN,NO CUENTA CON CAUSA ESPECIFICA,3.0,0,2024.0,8.0,0.0,0,0,2,0,1.0,0.0,0.0,1.0,0,0,53.0,25.45584412271571,0,2,2,0.0,1.0,1
A-2024-08-69,2024-08-12,06:05,DESPISTE,1,2,0,LIMA,HUAURA,HUACHO,,CARRETERA,NACIONAL,PE-1N,-11.39602,-77.39377,,,,,,,,,,EN PROCESO DE INVESTIGACIÓN,NO CUENTA CON CAUSA ESPECIFICA,6.0,0,2024.0,8.0,0.0,0,1,2,0,0.0,1.0,1.0,2.0,0,0,31.25,6.4485140407177015,0,0,4,0.0,0.0,0
A-2024-08-124,2024-08-12,10:12,FERROVIARIO,1,0,0,LIMA,LIMA,ATE,URBANA,AVENIDA,URBANO,NO CORRESPONDE,-12.008453078150817,-76.86223978193883,DESPEJADO,COMERCIAL,TRAMO RECTO,PLANA ,ASFALTADA,,,,,EN PROCESO DE INVESTIGACIÓN,NO CUENTA CON CAUSA ESPECIFICA,10.0,0,2024.0,8.0,0.0,0,1,2,0,1.0,0.0,0.0,1.0,0,0,65.0,0.0,0,0,2,0.0,0.0,0
A-2024-08-59,2024-08-12,10:55,CHOQUE,1,0,0,AREQUIPA,AREQUIPA,CERRO COLORADO,RURAL,CARRETERA,NACIONAL,PE-34A,-16.384865,-71.579321,DESPEJADO,INDUSTRIAL,TRAMO RECTO,PLANA ,ASFALTADA,,,,,EN PROCESO DE INVESTIGACIÓN,NO CUENTA CON CAUSA ESPECIFICA,10.0,0,2024.0,8.0,0.0,0,1,2,0,0.0,0.0,0.0,0.0,0,0,42.0,18.384776310850235,0,0,3,0.0,0.0,0
A-2024-08-60,2024-08-12,11:30,ATROPELLO,1,0,0,AREQUIPA,AREQUIPA,AREQUIPA,URBANA,AVENIDA,URBANO,NO CORRESPONDE,-16.40530556,-71.532888,DESPEJADO,RESIDENCIAL,TRAMO RECTO,PLANA ,ASFALTADA,,,,,EN PROCESO DE INVESTIGACIÓN,NO CUENTA CON CAUSA ESPECIFICA,11.0,0,2024.0,8.0,0.0,0,1,2,0,1.0,0.0,0.0,1.0,0,0,57.0,32.526911934581186,0,1,2,0.0,0.5,0
A-2024-08-15,2024-08-12,13:30,DESPISTE,1,0,1,LA LIBERTAD,PATAZ,PATAZ,RURAL,CARRETERA,NACIONAL,PE-10C,-7.838122708334145,-77.63366739129697,DESPEJADO,RURAL,TRAMO RECTO,PLANA ,TROCHA,,,,,EN PROCESO DE INVESTIGACIÓN,NO CUENTA CON CAUSA ESPECIFICA,13.0,0,2024.0,8.0,0.0,0,2,2,0,0.0,0.0,2.0,2.0,0,0,14.5,12.020815280171307,0,0,2,0.0,0.0,0
A-2024-08-74,2024-08-12,16:40,CHOQUE,1,0,2,ICA,ICA,ICA,URBANA,CARRETERA,NACIONAL,PE-1S,-14.060310520242956,-75.74196470421307,DESPEJADO,COMERCIAL,INTERSECCIÓN,PLANA ,ASFALTADA,,,,,EN PROCESO DE INVESTIGACIÓN,NO CUENTA CON CAUSA ESPECIFICA,16.0,0,2024.0,8.0,0.0,0,2,2,0,0.0,0.0,0.0,0.0,0,0,54.0,24.041630560342615,0,2,2,0.0,1.0,0
A-2024-08-125,2024-08-12,20:00,ATROPELLO,1,0,0,LIMA,LIMA,RIMAC,URBANA,AVENIDA,URBANO,NO CORRESPONDE,-12.039871914988424,-77.03026863362967,DESPEJADO,RESIDENCIAL,INTERSECCIÓN,PLANA ,ASFALTADA,,,,,EN PROCESO DE INVESTIGACIÓN,NO CUENTA CON CAUSA ESPECIFICA,20.0,0,2024.0,8.0,0.0,0,3,2,0,1.0,0.0,0.0,1.0,0,0,48.5,3.5355339059327378,0,1,2,0.0,0.5,1
A-2024-08-126,2024-08-13,06:55,ATROPELLO,1,0,0,LIMA,LIMA,CARABAYLLO,URBANA,AVENIDA,URBANO,NO CORRESPONDE,-11.886573985426548,-77.03180474960081,DESPEJADO,COMERCIAL,TRAMO RECTO,PLANA ,ASFALTADA,,,,,EN PROCESO DE INVESTIGACIÓN,NO CUENTA CON CAUSA ESPECIFICA,6.0,0,2024.0,8.0,1.0,0,1,2,0,1.0,0.0,0.0,1.0,0,0,37.5,26.16295090390226,0,1,2,0.0,0.5,0