CODIGO_SINIESTRO,FECHA_SINIESTRO,HORA_SINIESTRO,CLASE_SINIESTRO,CANTIDAD_FALLECIDOS,CANTIDAD_LESIONADOS,CANTIDAD_VEHICULOS,DEPARTAMENTO,PROVINCIA,DISTRITO,ZONA,TIPO_VIA,RED_VIAL,COD_CARRETERA,LATITUD,LONGITUD,CONDICION_CLIMATICA,ZONIFICACION,CARACTERISTICAS_VIA,PERFIL_VIA,SUPERFICIE_CALZADA,EXISTE_SENIAL_VERTICAL,CLASIFICACION_SENIAL_VERTICAL_1,CLASIFICACION_SENIAL_VERTICAL_2,EXISTE_SENIAL_HORIZONTAL,CAUSA_FACTOR_PRINCIPAL,CAUSA_ESPECIFICA,HORA,severidad,ANIO,MES,DIA_SEMANA,FIN_SEMANA,FRANJA_HORARIA,TEMPORADA,MACROREGION,TIPO_VIA_SCORE,PERFIL_VIA_SCORE,SUPERFICIE_CALZADA_SCORE,RIESGO_INFRAESTRUCTURA,RIESGO_CLIMATICO,SENIALIZACION_DEFICIENTE,EDAD_PROMEDIO,EDAD_STD,TOTAL_ALCOHOL,TOTAL_LICENCIA,TOTAL_PERSONAS,PCT_ALCOHOL,PCT_LICENCIA,ES_NOCHE
A-2024-08-95,2024-08-13,08:30,ATROPELLO,1,0,1,CAJAMARCA,HUALGAYOC,BAMBAMARCA,URBANA,JIRÓN,URBANO,NO CORRESPONDE,-6.682778,-78.520907,DESPEJADO,COMERCIAL,TRAMO RECTO,INCLINADA,ASFALTADA,,,,,IMPRUDENCIA DEL CONDUCTOR,EXCESO DE VELOCIDAD,8.0,0,2024.0,8.0,1.0,0,1,2,1,1.0,1.0,0.0,2.0,0,0,52.0,31.11269837220809,0,1,2,0.0,0.5,0
A-2024-08-34,2024-08-14,07:30,DESPISTE,1,1,1,HUANCAVELICA,HUANCAVELICA,HUACHOCOLPA,RURAL,CARRETERA,DEPARTAMENTAL,HV-115,-13.073191242353229,-75.00266963633182,SOLEADO,RURAL,CURVA,PLANA ,ASFALTADA,,,,,EN PROCESO DE INVESTIGACIÓN,NO CUENTA CON CAUSA ESPECIFICA,7.0,0,2024.0,8.0,2.0,0,1,2,1,0.0,0.0,0.0,0.0,0,0,54.5,14.849242404917497,0,1,2,0.0,0.5,0
A-2024-08-17,2024-08-14,07:40,ATROPELLO,1,0,1,LA LIBERTAD,CHEPEN,PACANGA,RURAL,CARRETERA,NACIONAL,PE-1N,-7.1602441645,-79.4413993315,DESPEJADO,RURAL,TRAMO RECTO,PLANA ,ASFALTADA,,,,,IMPRUDENCIA DEL CONDUCTOR,OTRO (IMPRUDENCIA DEL CONDUCTOR),7.0,0,2024.0,8.0,2.0,0,1,2,0,0.0,0.0,0.0,0.0,0,0,58.0,33.94112549695428,0,1,2,0.0,0.5,0
A-2024-08-96,2024-08-14,09:30,VOLCADURA,1,0,1,CAJAMARCA,CHOTA,CHOTA,RURAL,CARRETERA,PROVINCIAL,CA-899,-6.543927136,-78.65090539,DESPEJADO,RURAL,CURVA,INCLINADA,ASFALTADA,,,,,IMPRUDENCIA DEL CONDUCTOR,EXCESO DE VELOCIDAD,9.0,0,2024.0,8.0,2.0,0,1,2,1,0.0,1.0,0.0,1.0,0,0,23.0,0.0,0,0,1,0.0,0.0,0
A-2024-08-18,2024-08-14,17:00,ATROPELLO,1,0,1,LA LIBERTAD,TRUJILLO,LA ESPERANZA,URBANA,CALLE,URBANO,NO CORRESPONDE,-8.053800306007803,-79.05432895314024,DESPEJADO,ESCOLAR,TRAMO RECTO,PLANA ,CONCRETO,,,,,EN PROCESO DE INVESTIGACIÓN,NO CUENTA CON CAUSA ESPECIFICA,17.0,0,2024.0,8.0,2.0,0,2,2,0,2.0,0.0,0.0,2.0,0,0,37.5,7.7781745930520225,0,1,2,0.0,0.5,0
A-2024-08-127,2024-08-15,07:00,ATROPELLO FUGA,1,0,0,LIMA,LIMA,ATE,URBANA,CARRETERA,NACIONAL,PE-22,-12.006443750678637,-76.85009112695346,DESPEJADO,COMERCIAL,TRAMO RECTO,PLANA ,ASFALTADA,,,,,EN PROCESO DE INVESTIGACIÓN,NO CUENTA CON CAUSA ESPECIFICA,7.0,0,2024.0,8.0,3.0,0,1,2,0,0.0,0.0,0.0,0.0,0,0,61.0,0.0,0,1,2,0.0,0.5,0
A-2024-08-128,2024-08-15,08:30,CHOQUE,1,0,0,LIMA,LIMA,SAN JUAN DE LURIGANCHO,URBANA,AVENIDA,URBANO,NO CORRESPONDE,-11.94723430522768,-76.9855999204485,DESPEJADO,COMERCIAL,INTERSECCIÓN,PLANA ,ASFALTADA,,,,,EN PROCESO DE INVESTIGACIÓN,NO CUENTA CON CAUSA ESPECIFICA,8.0,0,2024.0,8.0,3.0,0,1,2,0,1.0,0.0,0.0,1.0,0,0,61.0,0.0,0,1,2,0.0,0.5,0
A-2024-08-19,2024-08-15,09:30,ATROPELLO,1,0,1,LA LIBERTAD,ASCOPE,CHICAMA,RURAL,CARRETERA,PROVINCIAL,LI-667,-7.873912977541692,-79.19138962095147,DESPEJADO,RURAL,TRAMO RECTO,PLANA ,ASFALTADA,,,,,EN PROCESO DE INVESTIGACIÓN,NO CUENTA CON CAUSA ESPECIFICA,9.0,0,2024.0,8.0,3.0,0,1,2,0,0.0,0.0,0.0,0.0,0,0,55.0,33.94112549695428,0,0,2,0.0,0.0,0
A-2024-08-98,2024-08-15,15:00,VOLCADURA,1,1,1,CAJAMARCA,CHOTA,COCHABAMBA,URBANA,JIRÓN,URBANO,NO CORRESPONDE,-6.473554598,-78.88740527,DESPEJADO,COMERCIAL,CURVA,INCLINADA,CONCRETO,,,,,IMPRUDENCIA DEL CONDUCTOR,CONDUCIR EN ESTADO DE EBRIEDAD Y/O DROGADICCIÓN,15.0,0,2024.0,8.0,3.0,0,2,2,1,1.0,1.0,0.0,2.0,0,0,66.0,1.4142135623730951,0,0,2,0.0,0.0,0
A-2024-08-9,2024-08-15,17:20,ATROPELLO,1,0,1,CUSCO,CUSCO,SAN JERONIMO,RURAL,VIA EXPRESA,URBANO,NO CORRESPONDE,-13.54699,-71.894801,DESPEJADO,RURAL,TRAMO RECTO,PLANA ,ASFALTADA,NO,,,NO,IMPRUDENCIA DEL PEATÓN,CRUCE INDEBIDO POR LA CALZADA,17.0,0,2024.0,8.0,3.0,0,2,2,1,1.0,0.0,0.0,1.0,0,2,40.5,2.1213203435596424,0,1,2,0.0,0.5,0
A-2024-08-129,2024-08-15,20:15,ATROPELLO,1,0,0,LIMA,LIMA,SAN MARTIN DE PORRES,URBANA,AVENIDA,URBANO,NO CORRESPONDE,-12.008039800534682,-77.08568638266051,DESPEJADO,RESIDENCIAL,TRAMO RECTO,PLANA ,ASFALTADA,,,,,EN PROCESO DE INVESTIGACIÓN,NO CUENTA CON CAUSA ESPECIFICA,20.0,0,2024.0,8.0,3.0,0,3,2,0,1.0,0.0,0.0,1.0,0,0,51.5,34.64823227814083,0,0,2,0.0,0.0,1
A-2024-08-35,2024-08-16,11:00,DESPISTE,1,2,1,HUANCAVELICA,HUANCAVELICA,HUANCAVELICA,RURAL,CARRETERA,NACIONAL,PE-26B,-12.8091535047631,-74.92519732044848,SOLEADO,RURAL,TRAMO RECTO,PLANA ,ASFALTADA,,,,,EN PROCESO DE INVESTIGACIÓN,NO CUENTA CON CAUSA ESPECIFICA,11.0,0,2024.0,8.0,4.0,0,1,2,1,0.0,0.0,0.0,0.0,0,0,34.666666666666664,11.718930554164633,0,1,3,0.0,0.333,0
A-2024-08-20,2024-08-16,16:30,ATROPELLO,1,0,1,LA LIBERTAD,CHEPEN,PACANGA,URBANA,CARRETERA,NACIONAL,PE-1N,-7.1565058735,-79.4436700867,DESPEJADO,INDUSTRIAL,TRAMO RECTO,PLANA ,ASFALTADA,,,,,EN PROCESO DE INVESTIGACIÓN,NO CUENTA CON CAUSA ESPECIFICA,16.0,0,2024.0,8.0,4.0,0,2,2,0,0.0,0.0,0.0,0.0,0,0,41.0,12.727922061357855,0,0,2,0.0,0.0,0
A-2024-08-130,2024-08-16,20:50,VOLCADURA,1,0,0,LIMA,LIMA,ATE,URBANA,CARRETERA,NACIONAL,PE-1S,-12.058929998026,-76.97303106972156,DESPEJADO,COMERCIAL,TRAMO RECTO,INCLINADA,ASFALTADA,,,,,EN PROCESO DE INVESTIGACIÓN,NO CUENTA CON CAUSA ESPECIFICA,20.0,0,2024.0,8.0,4.0,0,3,2,0,0.0,1.0,0.0,1.0,0,0,32.0,0.0,0,0,2,0.0,0.0,1
A-2024-08-90,2024-08-17,00:00,DESPISTE,1,2,1,AYACUCHO,SUCRE,QUEROBAMBA,URBANA,CARRETERA,NACIONAL,PE-32A,-14.01994969,-73.8431523,DESPEJADO,RESIDENCIAL,TRAMO RECTO,PLANA ,ASFALTADA,,,,,IMPRUDENCIA DEL CONDUCTOR,CONDUCIR EN ESTADO DE EBRIEDAD Y/O DROGADICCIÓN,0.0,0,2024.0,8.0,5.0,1,0,2,1,0.0,0.0,0.0,0.0,0,0,64.33333333333333,12.583057392117917,1,1,3,0.333,0.333,1
A-2024-08-75,2024-08-17,04:40,CHOQUE,1,0,2,ICA,ICA,SALAS,URBANA,CARRETERA,NACIONAL,PE-1S,-13.97874427638457,-75.77507923939106,DESPEJADO,COMERCIAL,INTERSECCIÓN,INCLINADA,ASFALTADA,SI,REGULADORA (R),,NO,IMPRUDENCIA DEL CONDUCTOR,INVASIÓN DE CARRIL,4.0,0,2024.0,8.0,5.0,1,0,2,0,0.0,1.0,0.0,1.0,0,1,35.0,9.899494936611665,1,1,2,0.5,0.5,1
A-2024-08-76,2024-08-17,05:40,CHOQUE,1,1,2,ICA,NASCA,NASCA,URBANA,AVENIDA,URBANO,NO CORRESPONDE,-14.837475,-74.935806,DESPEJADO,COMERCIAL,TRAMO RECTO,PLANA ,ASFALTADA,,,,,IMPRUDENCIA DEL CONDUCTOR,CONDUCIR EN ESTADO DE EBRIEDAD Y/O DROGADICCIÓN,5.0,0,2024.0,8.0,5.0,1,0,2,0,1.0,0.0,0.0,1.0,0,0,54.0,8.660254037844387,1,1,3,0.333,0.333,1
A-2024-08-6,2024-08-17,07:12,DESPISTE,1,1,1,PUNO,PUNO,PICHACANI,RURAL,CARRETERA,NACIONAL,PE-36B,-16.215868658531626,-70.12166074363618,DESPEJADO,RURAL,CURVA,INCLINADA,ASFALTADA,,,,,IMPRUDENCIA DEL CONDUCTOR,OTRO (IMPRUDENCIA DEL CONDUCTOR),7.0,0,2024.0,8.0,5.0,1,1,2,1,0.0,1.0,0.0,1.0,0,0,26.666666666666668,5.773502691896257,0,1,3,0.0,0.333,0
A-2024-08-86,2024-08-17,09:00,ESPECIAL,1,0,0,APURIMAC,ANDAHUAYLAS,KISHUARA,RURAL,CARRETERA,NACIONAL,PE-3S,-13.68717884,-73.11213186,SOLEADO,RURAL,INTERSECCIÓN,INCLINADA,TROCHA,,,,,IMPRUDENCIA DEL PEATÓN,OTRO (IMPRUDENCIA DEL PEATÓN),9.0,0,2024.0,8.0,5.0,1,1,2,1,0.0,1.0,2.0,3.0,0,0,7.0,0.0,0,0,1,0.0,0.0,0
A-2024-08-43,2024-08-17,19:46,CHOQUE,1,0,2,CUSCO,QUISPICANCHI,OROPESA,RURAL,CARRETERA,NACIONAL,PE-3S,-13.598651,-71.771172,DESPEJADO,RURAL,TRAMO RECTO,PLANA ,ASFALTADA,SI,REGULADORA (R),REGULADORA (R),NO,IMPRUDENCIA DEL CONDUCTOR,EXCESO DE VELOCIDAD,19.0,0,2024.0,8.0,5.0,1,3,2,1,0.0,0.0,0.0,0.0,0,1,36.0,0.0,0,1,2,0.0,0.5,1
A-2024-08-61,2024-08-17,23:30,CHOQUE,1,0,0,AREQUIPA,AREQUIPA,LA JOYA,RURAL,CARRETERA,PROVINCIAL,AR-798,-16.688667,-71.893296,DESPEJADO,INDUSTRIAL,INTERSECCIÓN,PLANA ,ASFALTADA,,,,,EN PROCESO DE INVESTIGACIÓN,NO CUENTA CON CAUSA ESPECIFICA,23.0,0,2024.0,8.0,5.0,1,3,2,0,0.0,0.0,0.0,0.0,0,0,32.5,3.5355339059327378,0,2,2,0.0,1.0,1
A-2024-08-7,2024-08-18,03:11,CHOQUE,1,0,2,PUNO,PUNO,COATA,RURAL,CARRETERA,DEPARTAMENTAL,PU-118,-15.5919754,-69.9623711,DESPEJADO,RURAL,TRAMO RECTO,PLANA ,ASFALTADA,,,,,IMPRUDENCIA DEL CONDUCTOR,INVASIÓN DE CARRIL,3.0,0,2024.0,8.0,6.0,1,0,2,1,0.0,0.0,0.0,0.0,0,0,37.5,6.363961030678928,0,2,2,0.0,1.0,1
A-2024-08-131,2024-08-18,03:30,ATROPELLO,1,0,0,LIMA,LIMA,COMAS,URBANA,CARRETERA,NACIONAL,PE-1N,-11.937691269867011,-77.07166018481297,DESPEJADO,COMERCIAL,INTERSECCIÓN,PLANA ,ASFALTADA,,,,,EN PROCESO DE INVESTIGACIÓN,NO CUENTA CON CAUSA ESPECIFICA,3.0,0,2024.0,8.0,6.0,1,0,2,0,0.0,0.0,0.0,0.0,0,0,43.5,2.1213203435596424,0,0,2,0.0,0.0,1
A-2024-08-99,2024-08-18,06:35,DESPISTE,1,0,1,CAJAMARCA,CAJAMARCA,CAJAMARCA,URBANA,CARRETERA,NACIONAL,PE-3N,-7.126816,-78.523474,DESPEJADO,COMERCIAL,CURVA,INCLINADA,ASFALTADA,,,,,IMPRUDENCIA DEL CONDUCTOR,CONDUCIR EN ESTADO DE EBRIEDAD Y/O DROGADICCIÓN,6.0,0,2024.0,8.0,6.0,1,1,2,1,0.0,1.0,0.0,1.0,0,0,27.0,0.0,1,0,1,1.0,0.0,0
A-2024-08-133,2024-08-18,07:40,DESPISTE,1,0,0,LIMA,LIMA,SAN BORJA,URBANA,CARRETERA,NACIONAL,PE-1S,-12.102550800098458,-76.97938786936827,DESPEJADO,COMERCIAL,TRAMO RECTO,PLANA ,ASFALTADA,,,,,EN PROCESO DE INVESTIGACIÓN,NO CUENTA CON CAUSA ESPECIFICA,7.0,0,2024.0,8.0,6.0,1,1,2,0,0.0,0.0,0.0,0.0,0,0,27.0,0.0,0,1,1,0.0,1.0,0
A-2024-08-100,2024-08-18,18:00,DESPISTE,2,1,1,CAJAMARCA,HUALGAYOC,BAMBAMARCA,RURAL,CARRETERA,SIN CLASIFICAR,SIN CLASIFICAR,-6.643021,-78.548214,DESPEJADO,RURAL,CURVA,INCLINADA,ASFALTADA,,,,,IMPRUDENCIA DEL CONDUCTOR,EXCESO DE VELOCIDAD,18.0,1,2024.0,8.0,6.0,1,3,2,1,0.0,1.0,0.0,1.0,0,0,65.33333333333333,20.305992547357373,0,0,3,0.0,0.0,1
A-2024-08-77,2024-08-18,23:30,CHOQUE,1,0,2,ICA,ICA,SANTIAGO,URBANA,CARRETERA,NACIONAL,PE-1S,-14.254273451310867,-75.6885458402974,DESPEJADO,COMERCIAL,TRAMO RECTO,PLANA ,ASFALTADA,,,,,EN PROCESO DE INVESTIGACIÓN,NO CUENTA CON CAUSA ESPECIFICA,23.0,0,2024.0,8.0,6.0,1,3,2,0,0.0,0.0,0.0,0.0,0,0,30.0,4.242640687119285,0,1,2,0.0,0.5,1
A-2024-08-134,2024-08-19,13:45,ATROPELLO,1,0,0,LIMA,LIMA,BREÑA,URBANA,AVENIDA,URBANO,NO CORRESPONDE,-12.06813172781694,-77.04819942873605,DESPEJADO,RESIDENCIAL,INTERSECCIÓN,PLANA ,ASFALTADA,,,,,EN PROCESO DE INVESTIGACIÓN,NO CUENTA CON CAUSA ESPECIFICA,13.0,0,2024.0,8.0,0.0,0,2,2,0,1.0,0.0,0.0,1.0,0,0,74.0,1.4142135623730951,0,1,2,0.0,0.5,0
A-2024-08-135,2024-08-20,01:40,CHOQUE,1,2,0,LIMA,LIMA,PUENTE PIEDRA,URBANA,CARRETERA,NACIONAL,PE-1N,-11.880177696204973,-77.06882364504403,DESPEJADO,COMERCIAL,TRAMO RECTO,PLANA ,ASFALTADA,,,,,EN PROCESO DE INVESTIGACIÓN,NO CUENTA CON CAUSA ESPECIFICA,1.0,0,2024.0,8.0,1.0,0,0,2,0,0.0,0.0,0.0,0.0,0,0,39.0,18.681541692269406,0,0,4,0.0,0.0,1
A-2024-08-78,2024-08-20,18:20,ATROPELLO,1,1,1,ICA,ICA,PUEBLO NUEVO,URBANA,CARRETERA,NACIONAL,PE-1S,-14.109917935616052,-75.71794281213091,DESPEJADO,COMERCIAL,CURVA,PLANA ,ASFALTADA,,,,,EN PROCESO DE INVESTIGACIÓN,NO CUENTA CON CAUSA ESPECIFICA,18.0,0,2024.0,8.0,1.0,0,3,2,0,0.0,0.0,0.0,0.0,0,0,47.0,27.0,0,0,3,0.0,0.0,1
A-2024-08-79,2024-08-20,21:15,CHOQUE,1,0,2,ICA,PISCO,SAN CLEMENTE,URBANA,CARRETERA,NACIONAL,PE-28A,-13.682410124263573,-76.15935316382115,DESPEJADO,COMERCIAL,CURVA,INCLINADA,ASFALTADA,SI,PREVENTIVA (P),REGULADORA (R),NO,EN PROCESO DE INVESTIGACIÓN,NO CUENTA CON CAUSA ESPECIFICA,21.0,0,2024.0,8.0,1.0,0,3,2,0,0.0,1.0,0.0,1.0,0,1,39.0,9.899494936611665,0,1,2,0.0,0.5,1
A-2024-08-21,2024-08-21,00:10,DESPISTE,4,1,1,LA LIBERTAD,PATAZ,PATAZ,RURAL,CARRETERA,DEPARTAMENTAL,LI-124,-7.752070014901769,-77.65984828644626,DESPEJADO,RURAL,TRAMO RECTO,PLANA ,TROCHA,,,,,IMPRUDENCIA DEL CONDUCTOR,OTRO (IMPRUDENCIA DEL CONDUCTOR),0.0,2,2024.0,8.0,2.0,0,0,2,0,0.0,0.0,2.0,2.0,0,0,33.4,9.633275663033837,0,1,5,0.0,0.2,1
A-2024-08-136,2024-08-21,01:10,CHOQUE,1,1,0,LIMA,LIMA,SANTIAGO DE SURCO,URBANA,CARRETERA,NACIONAL,PE-1S,-12.118813432670164,-76.97730044092215,DESPEJADO,RESIDENCIAL,TRAMO RECTO,PLANA ,ASFALTADA,,,,,EN PROCESO DE INVESTIGACIÓN,NO CUENTA CON CAUSA ESPECIFICA,1.0,0,2024.0,8.0,2.0,0,0,2,0,0.0,0.0,0.0,0.0,0,0,41.5,0.7071067811865476,0,2,3,0.0,0.667,1
A-2024-08-137,2024-08-21,21:30,ATROPELLO,1,0,0,LIMA,LIMA,LA VICTORIA,URBANA,AVENIDA,URBANO,NO CORRESPONDE,-12.067248386684351,-76.99729037819188,DESPEJADO,COMERCIAL,INTERSECCIÓN,PLANA ,ASFALTADA,,,,,EN PROCESO DE INVESTIGACIÓN,NO CUENTA CON CAUSA ESPECIFICA,21.0,0,2024.0,8.0,2.0,0,3,2,0,1.0,0.0,0.0,1.0,0,0,44.0,19.79898987322333,0,1,2,0.0,0.5,1
A-2024-08-138,2024-08-22,01:30,CHOQUE,1,0,0,LIMA,LIMA,LOS OLIVOS,URBANA,AVENIDA,URBANO,NO CORRESPONDE,-11.947555245922835,-77.07391951539456,DESPEJADO,COMERCIAL,TRAMO RECTO,PLANA ,ASFALTADA,,,,,EN PROCESO DE INVESTIGACIÓN,NO CUENTA CON CAUSA ESPECIFICA,1.0,0,2024.0,8.0,3.0,0,0,2,0,1.0,0.0,0.0,1.0,0,0,34.5,19.091883092036785,0,2,2,0.0,1.0,1
A-2024-08-101,2024-08-22,17:30,DESPISTE,2,6,1,CAJAMARCA,CAJABAMBA,CACHACHI,RURAL,CARRETERA,SIN CLASIFICAR,SIN CLASIFICAR,-7.676618,-78.144938,DESPEJADO,RURAL,CURVA,INCLINADA,AFIRMADO,,,,,IMPRUDENCIA DEL CONDUCTOR,OTRO (IMPRUDENCIA DEL CONDUCTOR),17.0,1,2024.0,8.0,3.0,0,2,2,1,0.0,1.0,1.0,2.0,0,0,38.77777777777778,27.783888216814514,0,0,9,0.0,0.0,0
A-2024-08-102,2024-08-23,00:30,DESPISTE,1,0,1,CAJAMARCA,CHOTA,LAJAS,RURAL,CARRETERA,PROVINCIAL,CA-886,-6.593191606,-78.72229997,DESPEJADO,RURAL,TRAMO RECTO,INCLINADA,CASCAJO/RIPIO,,,,,IMPRUDENCIA DEL CONDUCTOR,CONDUCIR EN ESTADO DE EBRIEDAD Y/O DROGADICCIÓN,0.0,0,2024.0,8.0,4.0,0,0,2,1,0.0,1.0,1.0,2.0,0,0,51.0,0.0,1,0,1,1.0,0.0,1
A-2024-08-64,2024-08-23,11:00,DESPISTE,1,0,1,LIMA,HUARAL,PACARAOS,RURAL,CARRETERA,NACIONAL,PE-20C,-11.12738704,-76.62615566,DESPEJADO,RURAL,CURVA,INCLINADA,ASFALTADA,,,,,IMPRUDENCIA DEL CONDUCTOR,EXCESO DE VELOCIDAD,11.0,0,2024.0,8.0,4.0,0,1,2,0,0.0,1.0,0.0,1.0,0,0,45.0,0.0,0,1,1,0.0,1.0,0
A-2024-08-139,2024-08-23,20:40,ATROPELLO,1,0,0,LIMA,LIMA,LIMA,URBANA,JIRÓN,URBANO,NO CORRESPONDE,-12.04847605527666,-77.0421107457921,DESPEJADO,RESIDENCIAL,TRAMO RECTO,PLANA ,ASFALTADA,SI,PREVENTIVA (P),,NO,EN PROCESO DE INVESTIGACIÓN,NO CUENTA CON CAUSA ESPECIFICA,20.0,0,2024.0,8.0,4.0,0,3,2,0,1.0,0.0,0.0,1.0,0,1,43.0,0.0,0,1,2,0.0,0.5,1
A-2024-08-80,2024-08-24,02:00,ATROPELLO,2,1,1,ICA,ICA,SALAS,RURAL,CARRETERA,NACIONAL,PE-1S,-13.909978377979243,-76.01671946686261,DESPEJADO,RURAL,TRAMO RECTO,PLANA ,ASFALTADA,,,,,EN PROCESO DE INVESTIGACIÓN,NO CUENTA CON CAUSA ESPECIFICA,2.0,1,2024.0,8.0,5.0,1,0,2,0,0.0,0.0,0.0,0.0,0,0,32.5,4.999999999999999,0,1,4,0.0,0.25,1
A-2024-08-22,2024-08-24,05:40,ATROPELLO FUGA,1,0,1,LA LIBERTAD,TRUJILLO,TRUJILLO,URBANA,CARRETERA,NACIONAL,PE-1N,-8.130268564,-79.0212906229,DESPEJADO,COMERCIAL,ÓVALO,PLANA ,ASFALTADA,,,,,IMPRUDENCIA DEL PASAJERO/OCUPANTE,SUBIR Y BAJAR DEL VEHÍCULO EN MOVIMIENTO,5.0,0,2024.0,8.0,5.0,1,0,2,0,0.0,0.0,0.0,0.0,0,0,28.0,0.0,0,0,2,0.0,0.0,1
A-2024-08-23,2024-08-24,07:00,DESPISTE,1,1,1,LA LIBERTAD,VIRU,GUADALUPITO,RURAL,CARRETERA,NACIONAL,PE-1N,-8.964382546911022,-78.62391465642102,DESPEJADO,RURAL,TRAMO RECTO,PLANA ,ASFALTADA,,,,,EN PROCESO DE INVESTIGACIÓN,NO CUENTA CON CAUSA ESPECIFICA,7.0,0,2024.0,8.0,5.0,1,1,2,0,0.0,0.0,0.0,0.0,0,0,24.0,8.48528137423857,0,1,2,0.0,0.5,0
A-2024-08-49,2024-08-24,10:30,DESPISTE,4,9,1,AYACUCHO,HUANCA SANCOS,SANCOS,RURAL,CARRETERA,NACIONAL,PE-30D,-14.0955617219061,-74.5978118458195,DESPEJADO,RURAL,CURVA,PLANA ,ASFALTADA,,,,,IMPRUDENCIA DEL CONDUCTOR,EXCESO DE VELOCIDAD,10.0,2,2024.0,8.0,5.0,1,1,2,1,0.0,0.0,0.0,0.0,0,0,39.84615384615385,18.533061241315718,0,1,13,0.0,0.077,0
A-2024-08-10,2024-08-24,19:05,CHOQUE,2,0,2,CUSCO,CALCA,CALCA,RURAL,CARRETERA,NACIONAL,PE-28B,-13.31614,-71.994334,DESPEJADO,RURAL,CURVA,PLANA ,ASFALTADA,NO,,,NO,IMPRUDENCIA DEL CONDUCTOR,FATIGA Y/O CANSANCIO,19.0,1,2024.0,8.0,5.0,1,3,2,1,0.0,0.0,0.0,0.0,0,2,42.666666666666664,15.307950004273378,0,2,3,0.0,0.667,1
A-2024-08-140,2024-08-25,00:45,DESPISTE,1,1,0,LIMA,LIMA,COMAS,URBANA,AVENIDA,URBANO,NO CORRESPONDE,-11.930438712208096,-77.0526313740967,DESPEJADO,COMERCIAL,TRAMO RECTO,PLANA ,ASFALTADA,,,,,EN PROCESO DE INVESTIGACIÓN,NO CUENTA CON CAUSA ESPECIFICA,0.0,0,2024.0,8.0,6.0,1,0,2,0,1.0,0.0,0.0,1.0,0,0,21.5,4.949747468305833,0,1,2,0.0,0.5,1
A-2024-08-11,2024-08-25,04:00,VOLCADURA,1,0,1,CUSCO,PAUCARTAMBO,CHALLABAMBA,URBANA,CARRETERA,PROVINCIAL,CU-952,-13.207115,-71.657509,DESPEJADO,RURAL,CURVA,PLANA ,ASFALTADA,SI,INFORMATIVA (I),PREVENTIVA (P),NO,IMPRUDENCIA DEL CONDUCTOR,CONDUCIR EN ESTADO DE EBRIEDAD Y/O DROGADICCIÓN,4.0,0,2024.0,8.0,6.0,1,0,2,1,0.0,0.0,0.0,0.0,0,1,22.0,0.0,0,0,1,0.0,0.0,1
A-2024-08-24,2024-08-25,06:30,DESPISTE,1,1,1,LA LIBERTAD,VIRU,GUADALUPITO,RURAL,CARRETERA,SIN CLASIFICAR,SIN CLASIFICAR,-8.930309063723703,-78.63589353511576,DESPEJADO,RURAL,ÓVALO,PLANA ,ASFALTADA,,,,,EN PROCESO DE INVESTIGACIÓN,NO CUENTA CON CAUSA ESPECIFICA,6.0,0,2024.0,8.0,6.0,1,1,2,0,0.0,0.0,0.0,0.0,0,0,29.666666666666668,7.571877794400366,0,1,3,0.0,0.333,0
A-2024-08-32,2024-08-25,06:45,DESPISTE,1,0,1,SAN MARTIN,RIOJA,AWAJUN,RURAL,CARRETERA,PROVINCIAL,SM-513,-5.791161,-77.389944,DESPEJADO,RURAL,TRAMO RECTO,PLANA ,AFIRMADO,,,,,IMPRUDENCIA DEL CONDUCTOR,CONDUCIR EN ESTADO DE EBRIEDAD Y/O DROGADICCIÓN,6.0,0,2024.0,8.0,6.0,1,1,2,2,0.0,0.0,1.0,1.0,0,0,24.0,0.0,0,0,1,0.0,0.0,0
A-2024-08-36,2024-08-25,13:00,ATROPELLO,1,1,1,HUANCAVELICA,ANGARAES,ANCHONGA,URBANA,CARRETERA,DEPARTAMENTAL,HV-107,-12.877789487650936,-74.68661456652778,SOLEADO,RURAL,TRAMO RECTO,PLANA ,AFIRMADO,,,,,EN PROCESO DE INVESTIGACIÓN,NO CUENTA CON CAUSA ESPECIFICA,13.0,0,2024.0,8.0,6.0,1,2,2,1,0.0,0.0,1.0,1.0,0,0,55.0,48.08326112068523,0,1,2,0.0,0.5,0
A-2024-08-91,2024-08-25,19:15,ATROPELLO FUGA,1,0,0,LIMA,LIMA,SAN JUAN DE LURIGANCHO,URBANA,AVENIDA,URBANO,NO CORRESPONDE,-11.9706044857485,-77.0057359559185,DESPEJADO,COMERCIAL,INTERSECCIÓN,PLANA ,ASFALTADA,,,,,EN PROCESO DE INVESTIGACIÓN,NO CUENTA CON CAUSA ESPECIFICA,19.0,0,2024.0,8.0,6.0,1,3,2,0,1.0,0.0,0.0,1.0,0,0,59.0,0.0,0,0,2,0.0,0.0,1
A-2024-08-30,2024-08-26,00:30,VOLCADURA,1,0,1,TUMBES,CONTRALMIRANTE VILLAR,CANOAS DE PUNTA SAL,RURAL,CARRETERA,NACIONAL,PE-1N,-3.932347184979804,-80.91671522811039,DESPEJADO,RURAL,TRAMO RECTO,PLANA ,ASFALTADA,,,,,IMPRUDENCIA DEL CONDUCTOR,CONDUCIR EN ESTADO DE EBRIEDAD Y/O DROGADICCIÓN,0.0,0,2024.0,8.0,0.0,0,0,2,0,0.0,0.0,0.0,0.0,0,0,31.0,0.0,0,1,1,0.0,1.0,1