CODIGO_SINIESTRO,FECHA_SINIESTRO,HORA_SINIESTRO,CLASE_SINIESTRO,CANTIDAD_FALLECIDOS,CANTIDAD_LESIONADOS,CANTIDAD_VEHICULOS,DEPARTAMENTO,PROVINCIA,DISTRITO,ZONA,TIPO_VIA,RED_VIAL,COD_CARRETERA,LATITUD,LONGITUD,CONDICION_CLIMATICA,ZONIFICACION,CARACTERISTICAS_VIA,PERFIL_VIA,SUPERFICIE_CALZADA,EXISTE_SENIAL_VERTICAL,CLASIFICACION_SENIAL_VERTICAL_1,CLASIFICACION_SENIAL_VERTICAL_2,EXISTE_SENIAL_HORIZONTAL,CAUSA_FACTOR_PRINCIPAL,CAUSA_ESPECIFICA,HORA,severidad,ANIO,MES,DIA_SEMANA,FIN_SEMANA,FRANJA_HORARIA,TEMPORADA,MACROREGION,TIPO_VIA_SCORE,PERFIL_VIA_SCORE,SUPERFICIE_CALZADA_SCORE,RIESGO_INFRAESTRUCTURA,RIESGO_CLIMATICO,SENIALIZACION_DEFICIENTE,EDAD_PROMEDIO,EDAD_STD,TOTAL_ALCOHOL,TOTAL_LICENCIA,TOTAL_PERSONAS,PCT_ALCOHOL,PCT_LICENCIA,ES_NOCHE
A-2024-08-25,2024-08-26,12:40,ATROPELLO,1,0,1,LA LIBERTAD,TRUJILLO,LA ESPERANZA,URBANA,AVENIDA,URBANO,NO CORRESPONDE,-8.065363294844344,-79.05132465644495,DESPEJADO,ESCOLAR,TRAMO RECTO,PLANA ,ASFALTADA,,,,,EN PROCESO DE INVESTIGACIÓN,NO CUENTA CON CAUSA ESPECIFICA,12.0,0,2024.0,8.0,0.0,0,2,2,0,1.0,0.0,0.0,1.0,0,0,61.0,26.870057685088806,0,1,2,0.0,0.5,0
A-2024-08-16,2024-08-26,17:05,CHOQUE,1,0,2,PUNO,PUNO,PUNO,RURAL,CARRETERA,NACIONAL,PE-3S,-15.8647496,-69.9950785,DESPEJADO,RURAL,TRAMO RECTO,PLANA ,ASFALTADA,,,,,IMPRUDENCIA DEL CONDUCTOR,GIRAR IMPRUDENTEMENTE,17.0,0,2024.0,8.0,0.0,0,2,2,1,0.0,0.0,0.0,0.0,0,0,55.0,46.66904755831214,0,1,2,0.0,0.5,0
A-2024-08-141,2024-08-26,18:00,CHOQUE,1,0,0,LIMA,LIMA,SANTIAGO DE SURCO,URBANA,CARRETERA,NACIONAL,PE-1S,-12.11032745787183,-76.97816138055343,DESPEJADO,RESIDENCIAL,TRAMO RECTO,INCLINADA,ASFALTADA,,,,,EN PROCESO DE INVESTIGACIÓN,NO CUENTA CON CAUSA ESPECIFICA,18.0,0,2024.0,8.0,0.0,0,3,2,0,0.0,1.0,0.0,1.0,0,0,35.333333333333336,21.733231083604053,0,2,3,0.0,0.667,1
A-2024-08-142,2024-08-27,17:30,ATROPELLO FUGA,1,0,0,LIMA,LIMA,PACHACAMAC,URBANA,CALLE,URBANO,NO CORRESPONDE,-12.219039357749486,-76.85588384500072,DESPEJADO,RESIDENCIAL,TRAMO RECTO,PLANA ,AFIRMADO,,,,,EN PROCESO DE INVESTIGACIÓN,NO CUENTA CON CAUSA ESPECIFICA,17.0,0,2024.0,8.0,1.0,0,2,2,0,2.0,0.0,1.0,3.0,0,0,0.0,0.0,0,0,2,0.0,0.0,0
A-2024-08-143,2024-08-27,20:20,CAÍDA DE PASAJERO,1,0,0,LIMA,LIMA,SANTIAGO DE SURCO,URBANA,AVENIDA,URBANO,NO CORRESPONDE,-12.113098042952329,-76.9924970312784,DESPEJADO,COMERCIAL,INTERSECCIÓN,PLANA ,ASFALTADA,,,,,EN PROCESO DE INVESTIGACIÓN,NO CUENTA CON CAUSA ESPECIFICA,20.0,0,2024.0,8.0,1.0,0,3,2,0,1.0,0.0,0.0,1.0,0,0,59.0,16.97056274847714,0,1,2,0.0,0.5,1
A-2024-08-26,2024-08-27,23:20,DESPISTE,1,0,0,PUNO,EL COLLAO,ILAVE,RURAL,CARRETERA,PROVINCIAL,PU-1160,-16.050075978486984,-69.61016350724347,,,,,,,,,,EN PROCESO DE INVESTIGACIÓN,NO CUENTA CON CAUSA ESPECIFICA,23.0,0,2024.0,8.0,1.0,0,3,2,1,0.0,1.0,1.0,2.0,0,0,37.0,0.0,0,0,1,0.0,0.0,1
A-2024-08-148,2024-08-28,05:15,CAÍDA DE PASAJERO,1,0,0,LIMA,LIMA,ATE,URBANA,AVENIDA,URBANO,NO CORRESPONDE,-12.028884367488416,-76.92390041894586,DESPEJADO,COMERCIAL,INTERSECCIÓN,PLANA ,ASFALTADA,,,,,EN PROCESO DE INVESTIGACIÓN,NO CUENTA CON CAUSA ESPECIFICA,5.0,0,2024.0,8.0,2.0,0,0,2,0,1.0,0.0,0.0,1.0,0,0,46.0,0.0,0,0,2,0.0,0.0,1
A-2024-08-144,2024-08-28,12:30,DESPISTE,1,0,0,LIMA,LIMA,EL AGUSTINO,URBANA,AVENIDA,URBANO,NO CORRESPONDE,-12.03488902555925,-76.99466642316598,DESPEJADO,RESIDENCIAL,CURVA,INCLINADA,ASFALTADA,,,,,EN PROCESO DE INVESTIGACIÓN,NO CUENTA CON CAUSA ESPECIFICA,12.0,0,2024.0,8.0,2.0,0,2,2,0,1.0,1.0,0.0,2.0,0,0,36.0,0.0,0,1,1,0.0,1.0,0
A-2024-08-145,2024-08-28,14:14,ATROPELLO FUGA,1,0,0,LIMA,LIMA,JESUS MARIA,URBANA,AVENIDA,URBANO,NO CORRESPONDE,-12.079343096645006,-77.0482444757764,DESPEJADO,RESIDENCIAL,TRAMO RECTO,PLANA ,ASFALTADA,SI,PREVENTIVA (P),,NO,EN PROCESO DE INVESTIGACIÓN,NO CUENTA CON CAUSA ESPECIFICA,14.0,0,2024.0,8.0,2.0,0,2,2,0,1.0,0.0,0.0,1.0,0,1,71.0,0.0,0,0,2,0.0,0.0,0
A-2024-08-146,2024-08-28,18:20,ATROPELLO,1,0,0,LIMA,LIMA,CARABAYLLO,URBANA,AVENIDA,URBANO,NO CORRESPONDE,-11.846589458734812,-76.99604160080257,DESPEJADO,ESCOLAR,TRAMO RECTO,INCLINADA,AFIRMADO,,,,,EN PROCESO DE INVESTIGACIÓN,NO CUENTA CON CAUSA ESPECIFICA,18.0,0,2024.0,8.0,2.0,0,3,2,0,1.0,1.0,1.0,3.0,0,0,26.5,24.748737341529164,0,1,2,0.0,0.5,1
A-2024-08-62,2024-08-28,18:45,ATROPELLO,1,0,0,AREQUIPA,AREQUIPA,CERRO COLORADO,URBANA,AVENIDA,URBANO,NO CORRESPONDE,-16.392358,-71.564029,DESPEJADO,COMERCIAL,INTERSECCIÓN,PLANA ,ASFALTADA,,,,,EN PROCESO DE INVESTIGACIÓN,NO CUENTA CON CAUSA ESPECIFICA,18.0,0,2024.0,8.0,2.0,0,3,2,0,1.0,0.0,0.0,1.0,0,0,61.0,38.18376618407357,0,1,2,0.0,0.5,1
A-2024-08-40,2024-08-29,08:30,ATROPELLO,1,0,1,CUSCO,QUISPICANCHI,CCATCA,RURAL,CARRETERA,NACIONAL,PE-30C,-13.635460573911644,-71.58926376093788,DESPEJADO,RURAL,CURVA,PLANA ,ASFALTADA,,,,,IMPRUDENCIA DEL CONDUCTOR,CONDUCIR EN ESTADO DE EBRIEDAD Y/O DROGADICCIÓN,8.0,0,2024.0,8.0,3.0,0,1,2,1,0.0,0.0,0.0,0.0,0,0,43.5,23.33452377915607,0,1,2,0.0,0.5,0
A-2024-08-147,2024-08-29,08:50,CHOQUE,1,0,0,LIMA,LIMA,CARABAYLLO,URBANA,CARRETERA,PROVINCIAL,LM-691,-11.85875444387808,-77.04523542238633,DESPEJADO,RESIDENCIAL,INTERSECCIÓN,PLANA ,ASFALTADA,,,,,EN PROCESO DE INVESTIGACIÓN,NO CUENTA CON CAUSA ESPECIFICA,8.0,0,2024.0,8.0,3.0,0,1,2,0,0.0,0.0,0.0,0.0,0,0,38.0,12.727922061357855,0,1,2,0.0,0.5,0
A-2024-08-31,2024-08-29,11:20,CHOQUE,1,1,0,PUNO,CHUCUITO,POMATA,RURAL,CARRETERA,NACIONAL,PE-3S,-16.2606361,-69.296216,,,,,,,,,,IMPRUDENCIA DEL CONDUCTOR,INVASIÓN DE CARRIL,11.0,0,2024.0,8.0,3.0,0,1,2,1,0.0,1.0,1.0,2.0,0,0,71.0,1.4142135623730951,0,0,2,0.0,0.0,0
A-2024-08-87,2024-08-29,19:45,VOLCADURA,1,0,0,APURIMAC,ANDAHUAYLAS,ANDAHUAYLAS,RURAL,CARRETERA,PROVINCIAL,AP-564,-13.650526867780512,-73.40847782303277,LLUVIOSO,RURAL,TRAMO RECTO,INCLINADA,TROCHA,,,,,IMPRUDENCIA DEL CONDUCTOR,CONDUCIR EN ESTADO DE EBRIEDAD Y/O DROGADICCIÓN,19.0,0,2024.0,8.0,3.0,0,3,2,1,0.0,1.0,2.0,3.0,1,0,64.0,0.0,0,0,1,0.0,0.0,1
A-2024-08-27,2024-08-30,01:40,CHOQUE,1,0,0,LA LIBERTAD,ASCOPE,CHICAMA,RURAL,CARRETERA,NACIONAL,PE-1N,-7.943393113,-79.09555014,,,,,,,,,,EN PROCESO DE INVESTIGACIÓN,NO CUENTA CON CAUSA ESPECIFICA,1.0,0,2024.0,8.0,4.0,0,0,2,0,0.0,1.0,1.0,2.0,0,0,59.5,0.7071067811865476,0,0,2,0.0,0.0,1
A-2024-08-33,2024-08-30,02:40,VOLCADURA,1,0,1,SAN MARTIN,MOYOBAMBA,MOYOBAMBA,URBANA,CARRETERA,NACIONAL,PE-5N,-6.047733,-76.991195,DESPEJADO,RESIDENCIAL,TRAMO RECTO,INCLINADA,ASFALTADA,SI,REGULADORA (R),PREVENTIVA (P),NO,IMPRUDENCIA DEL CONDUCTOR,OTRO (IMPRUDENCIA DEL CONDUCTOR),2.0,0,2024.0,8.0,4.0,0,0,2,2,0.0,1.0,0.0,1.0,0,1,47.0,0.0,0,1,1,0.0,1.0,1
A-2024-08-65,2024-08-30,04:30,CHOQUE,1,0,2,PASCO,PASCO,TINYAHUARCO,RURAL,CARRETERA,NACIONAL,PE-3N,-10.77901021954679,-76.2474024794855,NUBLADO,RURAL,TRAMO RECTO,PLANA ,ASFALTADA,,,,,IMPRUDENCIA DEL CONDUCTOR,EXCESO DE VELOCIDAD,4.0,0,2024.0,8.0,4.0,0,0,2,1,0.0,0.0,0.0,0.0,0,0,51.0,25.0,0,0,3,0.0,0.0,1
A-2024-08-52,2024-08-30,08:00,CHOQUE,1,1,2,CUSCO,CUSCO,POROY,URBANA,CARRETERA,NACIONAL,PE-3S,-13.495498,-72.042298,DESPEJADO,RESIDENCIAL,TRAMO RECTO,PLANA ,ASFALTADA,SI,REGULADORA (R),PREVENTIVA (P),NO,IMPRUDENCIA DEL CONDUCTOR,INVASIÓN DE CARRIL,8.0,0,2024.0,8.0,4.0,0,1,2,1,0.0,0.0,0.0,0.0,0,1,45.666666666666664,9.073771725877467,1,1,3,0.333,0.333,0
A-2024-08-44,2024-08-30,08:30,DESPISTE,1,0,0,CUSCO,QUISPICANCHI,CCATCA,,CARRETERA,PROVINCIAL,CU-1387,-13.6467,-71.507133,,,,,,,,,,EN PROCESO DE INVESTIGACIÓN,NO CUENTA CON CAUSA ESPECIFICA,8.0,0,2024.0,8.0,4.0,0,1,2,1,0.0,1.0,1.0,2.0,0,0,46.0,26.870057685088806,0,0,2,0.0,0.0,0
A-2024-08-149,2024-08-30,17:00,ATROPELLO FUGA,1,0,0,LIMA,LIMA,SAN MARTIN DE PORRES,URBANA,CALLE,URBANO,NO CORRESPONDE,-11.991151275854053,-77.10242694797752,DESPEJADO,RESIDENCIAL,INTERSECCIÓN,PLANA ,ASFALTADA,,,,,EN PROCESO DE INVESTIGACIÓN,NO CUENTA CON CAUSA ESPECIFICA,17.0,0,2024.0,8.0,4.0,0,2,2,0,2.0,0.0,0.0,2.0,0,0,15.0,0.0,0,0,2,0.0,0.0,0
A-2024-08-151,2024-08-30,20:20,ATROPELLO,1,0,0,LIMA,LIMA,SAN JUAN DE LURIGANCHO,URBANA,AVENIDA,URBANO,NO CORRESPONDE,-11.974879958858724,-77.00004540641497,DESPEJADO,ESCOLAR,TRAMO RECTO,PLANA ,ASFALTADA,,,,,EN PROCESO DE INVESTIGACIÓN,NO CUENTA CON CAUSA ESPECIFICA,20.0,0,2024.0,8.0,4.0,0,3,2,0,1.0,0.0,0.0,1.0,0,0,53.0,19.79898987322333,0,1,2,0.0,0.5,1
A-2024-08-45,2024-08-30,21:30,DESPISTE,3,10,1,CUSCO,ANTA,LIMATAMBO,RURAL,CARRETERA,SIN CLASIFICAR,SIN CLASIFICAR,-13.455618,-72.468051,DESPEJADO,RURAL,CURVA,INCLINADA,AFIRMADO,,,,,NEGLIGENCIA DEL CONDUCTOR,CONDUCIR CON FALLAS DE FRENOS,21.0,2,2024.0,8.0,4.0,0,3,2,1,0.0,1.0,1.0,2.0,0,0,32.23076923076923,20.817275863065618,1,1,13,0.077,0.077,1
A-2024-08-63,2024-08-30,22:20,ATROPELLO FUGA,1,0,0,ICA,CHINCHA,EL CARMEN,RURAL,CARRETERA,NACIONAL,PE-1SE,-13.554542,-76.180823,DESPEJADO,RURAL,TRAMO RECTO,PLANA ,ASFALTADA,,,,,EN PROCESO DE INVESTIGACIÓN,NO CUENTA CON CAUSA ESPECIFICA,22.0,0,2024.0,8.0,4.0,0,3,2,0,0.0,0.0,0.0,0.0,0,0,68.0,0.0,0,0,2,0.0,0.0,1
A-2024-08-28,2024-08-30,23:30,DESPISTE,1,0,1,LA LIBERTAD,PATAZ,TAYABAMBA,URBANA,JIRÓN,URBANO,NO CORRESPONDE,-8.2744566253,-77.297001298,DESPEJADO,RESIDENCIAL,INTERSECCIÓN,PLANA ,CONCRETO,,,,,EN PROCESO DE INVESTIGACIÓN,NO CUENTA CON CAUSA ESPECIFICA,23.0,0,2024.0,8.0,4.0,0,3,2,0,1.0,0.0,0.0,1.0,0,0,31.0,0.0,0,0,1,0.0,0.0,1
A-2024-08-103,2024-08-31,02:30,VOLCADURA,1,0,1,CAJAMARCA,CELENDIN,CELENDIN,URBANA,AVENIDA,URBANO,NO CORRESPONDE,-6.875352,-78.141947,DESPEJADO,COMERCIAL,TRAMO RECTO,INCLINADA,CASCAJO/RIPIO,,,,,IMPRUDENCIA DEL CONDUCTOR,EXCESO DE VELOCIDAD,2.0,0,2024.0,8.0,5.0,1,0,2,1,1.0,1.0,1.0,3.0,0,0,45.0,0.0,0,1,1,0.0,1.0,1
A-2024-08-89,2024-08-31,04:30,DESPISTE,1,1,0,CUSCO,LA CONVENCION,VILCABAMBA,RURAL,CARRETERA,DEPARTAMENTAL,CU-100,-13.048489623331564,-72.89597678523941,DESPEJADO,RURAL,CURVA,INCLINADA,TROCHA,,,,,IMPRUDENCIA DEL CONDUCTOR,EXCESO DE VELOCIDAD,4.0,0,2024.0,8.0,5.0,1,0,2,1,0.0,1.0,2.0,3.0,0,0,58.333333333333336,26.633312473917574,0,1,3,0.0,0.333,1
A-2024-08-82,2024-08-31,08:00,DESPISTE,1,3,1,AYACUCHO,LUCANAS,LLAUTA,RURAL,CARRETERA,DEPARTAMENTAL,AY-113,-14.261638,-74.9639604,DESPEJADO,RURAL,SINUOSA,PLANA ,TROCHA,,,,,EN PROCESO DE INVESTIGACIÓN,NO CUENTA CON CAUSA ESPECIFICA,8.0,0,2024.0,8.0,5.0,1,1,2,1,0.0,0.0,2.0,2.0,0,0,54.75,22.276669409945466,0,1,4,0.0,0.25,0
A-2024-08-66,2024-08-31,09:00,ATROPELLO FUGA,1,0,0,CALLAO,CALLAO,VENTANILLA,URBANA,CARRETERA,NACIONAL,PE-20,-11.877639263973126,-77.12690970841041,,,,,,,,,,EN PROCESO DE INVESTIGACIÓN,NO CUENTA CON CAUSA ESPECIFICA,9.0,0,2024.0,8.0,5.0,1,1,2,0,0.0,1.0,1.0,2.0,0,0,80.0,0.0,0,0,2,0.0,0.0,0
A-2024-08-81,2024-08-31,10:45,CHOQUE,1,0,2,ICA,NASCA,VISTA ALEGRE,URBANA,CARRETERA,NACIONAL,PE-1S,-14.849794387898305,-74.95357424520986,DESPEJADO,COMERCIAL,TRAMO RECTO,PLANA ,ASFALTADA,,,,,EN PROCESO DE INVESTIGACIÓN,NO CUENTA CON CAUSA ESPECIFICA,10.0,0,2024.0,8.0,5.0,1,1,2,0,0.0,0.0,0.0,0.0,0,0,36.5,24.748737341529164,0,1,2,0.0,0.5,0
A-2024-08-48,2024-08-31,15:30,CHOQUE,1,2,2,AYACUCHO,LUCANAS,SAN JUAN,RURAL,CARRETERA,NACIONAL,PE-30A,-14.650289,-74.187799,DESPEJADO,RURAL,CURVA,INCLINADA,ASFALTADA,SI,PREVENTIVA (P),PREVENTIVA (P),NO,IMPRUDENCIA DEL CONDUCTOR,INVASIÓN DE CARRIL,15.0,0,2024.0,8.0,5.0,1,2,2,1,0.0,1.0,0.0,1.0,0,1,43.0,8.45576726264388,0,2,5,0.0,0.4,0
A-2024-08-68,2024-08-31,17:30,VOLCADURA,8,15,1,AMAZONAS,LUYA,OCUMAL,RURAL,CARRETERA,SIN CLASIFICAR,SIN CLASIFICAR,-6.322234,-78.13609,DESPEJADO,RURAL,CURVA,INCLINADA,TROCHA,,,,,EN PROCESO DE INVESTIGACIÓN,NO CUENTA CON CAUSA ESPECIFICA,17.0,2,2024.0,8.0,5.0,1,2,2,2,0.0,1.0,2.0,3.0,0,0,28.043478260869566,17.713575330467375,0,0,23,0.0,0.0,0
A-2024-08-150,2024-08-31,19:30,ATROPELLO,1,1,0,LIMA,LIMA,CHORRILLOS,URBANA,AVENIDA,URBANO,NO CORRESPONDE,-12.198478758912882,-76.98095948357955,DESPEJADO,ESCOLAR,INTERSECCIÓN,PLANA ,ASFALTADA,,,,,EN PROCESO DE INVESTIGACIÓN,NO CUENTA CON CAUSA ESPECIFICA,19.0,0,2024.0,8.0,5.0,1,3,2,0,1.0,0.0,0.0,1.0,0,0,43.0,24.041630560342615,0,0,2,0.0,0.0,1
A-2024-08-83,2024-08-31,20:40,VOLCADURA,1,0,1,ICA,NASCA,NASCA,RURAL,CARRETERA,SIN CLASIFICAR,SIN CLASIFICAR,-14.843273,-74.989896,DESPEJADO,RURAL,TRAMO RECTO,PLANA ,TROCHA,,,,,EN PROCESO DE INVESTIGACIÓN,NO CUENTA CON CAUSA ESPECIFICA,20.0,0,2024.0,8.0,5.0,1,3,2,0,0.0,0.0,2.0,2.0,0,0,23.5,2.1213203435596424,0,1,2,0.0,0.5,1
A-2024-08-152,2024-08-31,23:45,ATROPELLO FUGA,1,0,0,MOQUEGUA,MARISCAL NIETO,SAMEGUA,RURAL,CARRETERA,NACIONAL,PE-36A,-17.130627,-70.839647,,,,,,,,,,EN PROCESO DE INVESTIGACIÓN,NO CUENTA CON CAUSA ESPECIFICA,23.0,0,2024.0,8.0,5.0,1,3,2,0,0.0,1.0,1.0,2.0,0,0,30.0,0.0,0,0,2,0.0,0.0,1
A-2024-09-15,2024-09-01,08:30,CHOQUE,3,15,0,AREQUIPA,CAYLLOMA,SAN ANTONIO DE CHUCA,RURAL,CARRETERA,NACIONAL,PE-34A,-15.8527857979,-71.1166783731,DESPEJADO,RURAL,TRAMO RECTO,PLANA ,ASFALTADA,,,,,EN PROCESO DE INVESTIGACIÓN,NO CUENTA CON CAUSA ESPECIFICA,8.0,2,2024.0,9.0,6.0,1,1,3,0,0.0,0.0,0.0,0.0,0,0,35.05,9.703363497153692,0,3,20,0.0,0.15,0
A-2024-09-95,2024-09-01,11:30,ATROPELLO,1,0,0,LIMA,LIMA,VILLA EL SALVADOR,URBANA,AVENIDA,URBANO,NO CORRESPONDE,-12.244648889510342,-76.9206833937598,DESPEJADO,ESCOLAR,TRAMO RECTO,INCLINADA,ASFALTADA,SI,PREVENTIVA (P),,NO,EN PROCESO DE INVESTIGACIÓN,NO CUENTA CON CAUSA ESPECIFICA,11.0,0,2024.0,9.0,6.0,1,1,3,0,1.0,1.0,0.0,2.0,0,1,37.5,12.020815280171307,0,1,2,0.0,0.5,0
A-2024-09-38,2024-09-01,20:15,CHOQUE,1,0,2,TUMBES,TUMBES,TUMBES,RURAL,AVENIDA,URBANO,NO CORRESPONDE,-3.5880832414970443,-80.42185921260176,DESPEJADO,RURAL,TRAMO RECTO,PLANA ,ASFALTADA,,,,,IMPRUDENCIA DEL CONDUCTOR,INVASIÓN DE CARRIL,20.0,0,2024.0,9.0,6.0,1,3,3,0,1.0,0.0,0.0,1.0,0,0,44.0,12.727922061357855,0,1,2,0.0,0.5,1
A-2024-09-96,2024-09-01,20:50,DESPISTE,2,5,0,LIMA,LIMA,SAN BARTOLO,URBANA,CARRETERA,NACIONAL,PE-1S,-12.384193818783762,-76.77118616307789,DESPEJADO,INDUSTRIAL,TRAMO RECTO,PLANA ,ASFALTADA,,,,,EN PROCESO DE INVESTIGACIÓN,NO CUENTA CON CAUSA ESPECIFICA,20.0,1,2024.0,9.0,6.0,1,3,3,0,0.0,0.0,0.0,0.0,0,0,53.57142857142857,23.44395546018307,0,1,7,0.0,0.143,1
A-2024-09-97,2024-09-01,23:50,ATROPELLO FUGA,1,0,0,LIMA,LIMA,CHORRILLOS,URBANA,CARRETERA,NACIONAL,PE-1S,-12.197079968597212,-76.973293745685,DESPEJADO,COMERCIAL,TRAMO RECTO,PLANA ,ASFALTADA,,,,,EN PROCESO DE INVESTIGACIÓN,NO CUENTA CON CAUSA ESPECIFICA,23.0,0,2024.0,9.0,6.0,1,3,3,0,0.0,0.0,0.0,0.0,0,0,33.0,0.0,0,1,2,0.0,0.5,1
A-2024-09-98,2024-09-01,23:58,ATROPELLO FUGA,1,0,0,LIMA,LIMA,ATE,URBANA,CARRETERA,NACIONAL,PE-22,-12.007655252440172,-76.85677555835976,DESPEJADO,COMERCIAL,TRAMO RECTO,PLANA ,ASFALTADA,,,,,EN PROCESO DE INVESTIGACIÓN,NO CUENTA CON CAUSA ESPECIFICA,23.0,0,2024.0,9.0,6.0,1,3,3,0,0.0,0.0,0.0,0.0,0,0,46.0,0.0,0,0,2,0.0,0.0,1
A-2024-09-59,2024-09-02,05:10,DESPISTE,1,3,0,ICA,CHINCHA,PUEBLO NUEVO,URBANA,CARRETERA,PROVINCIAL,IC-505,-13.376524,-76.13058,DESPEJADO,RURAL,CURVA,PLANA ,ASFALTADA,,,,,EN PROCESO DE INVESTIGACIÓN,NO CUENTA CON CAUSA ESPECIFICA,5.0,0,2024.0,9.0,0.0,0,0,3,0,0.0,0.0,0.0,0.0,0,0,29.8,23.868389137099303,0,1,5,0.0,0.2,1
A-2024-09-43,2024-09-02,09:10,CHOQUE,1,3,2,CUSCO,CHUMBIVILCAS,LIVITACA,RURAL,CARRETERA,PROVINCIAL,CU-1589,-14.194165,-71.624747,DESPEJADO,RURAL,CURVA,PLANA ,ASFALTADA,,,,,IMPRUDENCIA DEL CONDUCTOR,EXCESO DE VELOCIDAD,9.0,0,2024.0,9.0,0.0,0,1,3,1,0.0,0.0,0.0,0.0,0,0,31.0,10.923979738782625,0,0,4,0.0,0.0,0
A-2024-09-80,2024-09-02,18:30,ATROPELLO,1,0,0,CUSCO,CUSCO,SAYLLA,,CARRETERA,NACIONAL,PE-3S,-13.557305,-71.853933,,,,,,,,,,IMPRUDENCIA DEL CONDUCTOR,EXCESO DE VELOCIDAD,18.0,0,2024.0,9.0,0.0,0,3,3,1,0.0,1.0,1.0,2.0,0,0,33.5,36.062445840513924,0,0,2,0.0,0.0,1
A-2024-09-6,2024-09-02,19:25,CHOQUE FUGA,1,1,1,LA LIBERTAD,TRUJILLO,HUANCHACO,URBANA,AVENIDA,URBANO,NO CORRESPONDE,-8.024623139901426,-79.06443532335625,DESPEJADO,INDUSTRIAL,INTERSECCIÓN,PLANA ,ASFALTADA,,,,,EN PROCESO DE INVESTIGACIÓN,NO CUENTA CON CAUSA ESPECIFICA,19.0,0,2024.0,9.0,0.0,0,3,3,0,1.0,0.0,0.0,1.0,0,0,26.0,4.242640687119285,0,0,3,0.0,0.0,1
A-2024-09-56,2024-09-02,22:00,DESPISTE,1,0,0,CUSCO,PAUCARTAMBO,PAUCARTAMBO,RURAL,CARRETERA,PROVINCIAL,CU-1020,-13.382111,-71.504325,DESPEJADO,RURAL,CURVA,PLANA ,AFIRMADO,,,,,IMPRUDENCIA DEL CONDUCTOR,EXCESO DE VELOCIDAD,22.0,0,2024.0,9.0,0.0,0,3,3,1,0.0,0.0,1.0,1.0,0,0,20.0,0.0,0,0,1,0.0,0.0,1
A-2024-09-62,2024-09-03,01:40,ATROPELLO FUGA,1,0,1,ICA,ICA,SANTIAGO,RURAL,CARRETERA,NACIONAL,PE-1S,-14.474002,-75.367979,DESPEJADO,RURAL,TRAMO RECTO,PLANA ,ASFALTADA,,,,,EN PROCESO DE INVESTIGACIÓN,NO CUENTA CON CAUSA ESPECIFICA,1.0,0,2024.0,9.0,1.0,0,0,3,0,0.0,0.0,0.0,0.0,0,0,0.0,0.0,0,0,2,0.0,0.0,1
A-2024-09-7,2024-09-03,13:10,ATROPELLO,1,0,1,LA LIBERTAD,SANCHEZ CARRION,HUAMACHUCO,URBANA,JIRÓN,URBANO,NO CORRESPONDE,-7.8163069435,-78.0405533364,DESPEJADO,COMERCIAL,INTERSECCIÓN,PLANA ,ASFALTADA,,,,,EN PROCESO DE INVESTIGACIÓN,NO CUENTA CON CAUSA ESPECIFICA,13.0,0,2024.0,9.0,1.0,0,2,3,0,1.0,0.0,0.0,1.0,0,0,53.5,38.890872965260115,0,1,2,0.0,0.5,0
A-2024-09-16,2024-09-03,15:30,DESPISTE,1,1,1,AREQUIPA,CAYLLOMA,MAJES,URBANA,CALLE,URBANO,NO CORRESPONDE,-16.2989722222,-72.1980555556,DESPEJADO,COMERCIAL,TRAMO RECTO,PLANA ,ASFALTADA,,,,,EN PROCESO DE INVESTIGACIÓN,NO CUENTA CON CAUSA ESPECIFICA,15.0,0,2024.0,9.0,1.0,0,2,3,0,2.0,0.0,0.0,2.0,0,0,47.5,31.81980515339464,0,0,2,0.0,0.0,0
A-2024-09-63,2024-09-03,19:30,ATROPELLO FUGA,1,0,1,ICA,ICA,LA TINGUIÑA,URBANA,CARRETERA,NACIONAL,PE-1S,-14.033174,-75.709834,DESPEJADO,RESIDENCIAL,TRAMO RECTO,PLANA ,ASFALTADA,,,,,EN PROCESO DE INVESTIGACIÓN,NO CUENTA CON CAUSA ESPECIFICA,19.0,0,2024.0,9.0,1.0,0,3,3,0,0.0,0.0,0.0,0.0,0,0,62.5,17.67766952966369,0,1,2,0.0,0.5,1
A-2024-09-57,2024-09-05,14:30,DESPISTE,1,0,1,CUSCO,QUISPICANCHI,QUIQUIJANA,RURAL,CARRETERA,PROVINCIAL,CU-1333,-13.862981,-71.551294,DESPEJADO,RURAL,TRAMO RECTO,PLANA ,AFIRMADO,,,,,IMPRUDENCIA DEL CONDUCTOR,EXCESO DE VELOCIDAD,14.0,0,2024.0,9.0,3.0,0,2,3,1,0.0,0.0,1.0,1.0,0,0,31.0,0.0,0,1,1,0.0,1.0,0