CODIGO_SINIESTRO,FECHA_SINIESTRO,HORA_SINIESTRO,CLASE_SINIESTRO,CANTIDAD_FALLECIDOS,CANTIDAD_LESIONADOS,CANTIDAD_VEHICULOS,DEPARTAMENTO,PROVINCIA,DISTRITO,ZONA,TIPO_VIA,RED_VIAL,COD_CARRETERA,LATITUD,LONGITUD,CONDICION_CLIMATICA,ZONIFICACION,CARACTERISTICAS_VIA,PERFIL_VIA,SUPERFICIE_CALZADA,EXISTE_SENIAL_VERTICAL,CLASIFICACION_SENIAL_VERTICAL_1,CLASIFICACION_SENIAL_VERTICAL_2,EXISTE_SENIAL_HORIZONTAL,CAUSA_FACTOR_PRINCIPAL,CAUSA_ESPECIFICA,HORA,severidad,ANIO,MES,DIA_SEMANA,FIN_SEMANA,FRANJA_HORARIA,TEMPORADA,MACROREGION,TIPO_VIA_SCORE,PERFIL_VIA_SCORE,SUPERFICIE_CALZADA_SCORE,RIESGO_INFRAESTRUCTURA,RIESGO_CLIMATICO,SENIALIZACION_DEFICIENTE,EDAD_PROMEDIO,EDAD_STD,TOTAL_ALCOHOL,TOTAL_LICENCIA,TOTAL_PERSONAS,PCT_ALCOHOL,PCT_LICENCIA,ES_NOCHE
A-2024-09-64,2024-09-06,13:00,VOLCADURA,1,0,1,ICA,PISCO,HUMAY,RURAL,CARRETERA,NACIONAL,PE-28A,-13.714214,-75.855805,DESPEJADO,RURAL,CURVA,PLANA ,ASFALTADA,,,,,EN PROCESO DE INVESTIGACIÓN,NO CUENTA CON CAUSA ESPECIFICA,13.0,0,2024.0,9.0,4.0,0,2,3,0,0.0,0.0,0.0,0.0,0,0,19.0,0.0,0,0,1,0.0,0.0,0
A-2024-09-99,2024-09-07,04:45,ATROPELLO,1,0,0,LIMA,LIMA,SAN JUAN DE MIRAFLORES,URBANA,AVENIDA,URBANO,NO CORRESPONDE,-12.150805565344497,-76.97924230900693,DESPEJADO,COMERCIAL,TRAMO RECTO,INCLINADA,ASFALTADA,,,,,EN PROCESO DE INVESTIGACIÓN,NO CUENTA CON CAUSA ESPECIFICA,4.0,0,2024.0,9.0,5.0,1,0,3,0,1.0,1.0,0.0,2.0,0,0,36.5,12.020815280171307,0,1,2,0.0,0.5,1
A-2024-09-8,2024-09-07,05:30,DESPISTE,1,2,1,LA LIBERTAD,PATAZ,TAYABAMBA,RURAL,CARRETERA,NACIONAL,PE-12B,-8.292056882636524,-77.30985221113423,DESPEJADO,RURAL,TRAMO RECTO,PLANA ,AFIRMADO,,,,,EN PROCESO DE INVESTIGACIÓN,NO CUENTA CON CAUSA ESPECIFICA,5.0,0,2024.0,9.0,5.0,1,0,3,0,0.0,0.0,1.0,1.0,0,0,21.333333333333332,2.516611478423583,0,1,3,0.0,0.333,1
A-2024-09-9,2024-09-07,07:20,DESPISTE,1,0,1,LA LIBERTAD,VIRU,VIRU,RURAL,CARRETERA,PROVINCIAL,LI-1178,-8.431359987728166,-78.74771470221165,DESPEJADO,RURAL,TRAMO RECTO,PLANA ,AFIRMADO,,,,,EN PROCESO DE INVESTIGACIÓN,NO CUENTA CON CAUSA ESPECIFICA,7.0,0,2024.0,9.0,5.0,1,1,3,0,0.0,0.0,1.0,1.0,0,0,54.0,0.0,0,0,1,0.0,0.0,0
A-2024-09-54,2024-09-07,07:30,DESPISTE,1,0,1,AYACUCHO,HUAMANGA,VINCHOS,RURAL,CARRETERA,NACIONAL,PE-28A,-13.357,-74.412,DESPEJADO,RURAL,CURVA,INCLINADA,ASFALTADA,,,,,IMPRUDENCIA DEL CONDUCTOR,EXCESO DE VELOCIDAD,7.0,0,2024.0,9.0,5.0,1,1,3,1,0.0,1.0,0.0,1.0,0,0,69.0,12.727922061357855,0,1,2,0.0,0.5,0
A-2024-09-84,2024-09-07,10:15,DESPISTE,1,0,1,CAJAMARCA,CAJAMARCA,MATARA,RURAL,CARRETERA,NACIONAL,PE-3N,-7.283624,-78.22294,DESPEJADO,RURAL,CURVA,INCLINADA,ASFALTADA,NO,,,NO,IMPRUDENCIA DEL CONDUCTOR,EXCESO DE VELOCIDAD,10.0,0,2024.0,9.0,5.0,1,1,3,1,0.0,1.0,0.0,1.0,0,2,50.0,0.0,0,0,1,0.0,0.0,0
A-2024-09-10,2024-09-07,11:00,DESPISTE,2,3,1,LA LIBERTAD,SANCHEZ CARRION,CHUGAY,RURAL,CARRETERA,PROVINCIAL,LI-901,-7.936024132669288,-77.73449920534051,DESPEJADO,RURAL,TRAMO RECTO,PLANA ,TROCHA,,,,,EN PROCESO DE INVESTIGACIÓN,NO CUENTA CON CAUSA ESPECIFICA,11.0,1,2024.0,9.0,5.0,1,1,3,0,0.0,0.0,2.0,2.0,0,0,35.6,7.829431652425353,0,0,5,0.0,0.0,0
A-2024-09-101,2024-09-07,13:30,ATROPELLO,1,0,0,LIMA,LIMA,SAN JUAN DE LURIGANCHO,URBANA,AVENIDA,URBANO,NO CORRESPONDE,-11.96346608174846,-76.97980904835953,DESPEJADO,COMERCIAL,TRAMO RECTO,PLANA ,ASFALTADA,,,,,EN PROCESO DE INVESTIGACIÓN,NO CUENTA CON CAUSA ESPECIFICA,13.0,0,2024.0,9.0,5.0,1,2,3,0,1.0,0.0,0.0,1.0,0,0,48.5,28.991378028648448,0,0,2,0.0,0.0,0
A-2024-09-100,2024-09-07,22:00,DESPISTE,1,0,0,LIMA,LIMA,CHORRILLOS,URBANA,AVENIDA,URBANO,NO CORRESPONDE,-12.200616655742168,-76.99624757240655,DESPEJADO,INDUSTRIAL,INTERSECCIÓN,PLANA ,ASFALTADA,,,,,EN PROCESO DE INVESTIGACIÓN,NO CUENTA CON CAUSA ESPECIFICA,22.0,0,2024.0,9.0,5.0,1,3,3,0,1.0,0.0,0.0,1.0,0,0,28.0,0.0,0,1,1,0.0,1.0,1
A-2024-09-65,2024-09-08,00:30,CHOQUE,2,20,2,ICA,PISCO,HUANCANO,RURAL,CARRETERA,NACIONAL,PE-28A,-13.650391,-75.735952,DESPEJADO,RURAL,CURVA,INCLINADA,ASFALTADA,,,,,EN PROCESO DE INVESTIGACIÓN,NO CUENTA CON CAUSA ESPECIFICA,0.0,1,2024.0,9.0,6.0,1,0,3,0,0.0,1.0,0.0,1.0,0,0,36.52173913043478,14.853434145976268,0,2,23,0.0,0.087,1
A-2024-09-3,2024-09-08,03:00,ATROPELLO FUGA,1,0,0,AREQUIPA,ISLAY,MOLLENDO,RURAL,CARRETERA,NACIONAL,PE-34,-16.708444,-71.931881,,,,,,,,,,EN PROCESO DE INVESTIGACIÓN,NO CUENTA CON CAUSA ESPECIFICA,3.0,0,2024.0,9.0,6.0,1,0,3,0,0.0,1.0,1.0,2.0,0,0,0.0,0.0,0,0,2,0.0,0.0,1
A-2024-09-1,2024-09-08,08:30,CHOQUE,1,0,2,PUNO,CHUCUITO,DESAGUADERO,RURAL,CARRETERA,NACIONAL,PE-36A,-16.619449615059487,-69.1480027601032,DESPEJADO,RURAL,TRAMO RECTO,PLANA ,ASFALTADA,,,,,IMPRUDENCIA DEL CONDUCTOR,EXCESO DE VELOCIDAD,8.0,0,2024.0,9.0,6.0,1,1,3,1,0.0,0.0,0.0,0.0,0,0,38.5,27.577164466275352,0,0,2,0.0,0.0,0
A-2024-09-66,2024-09-08,21:00,CHOQUE,1,0,2,ICA,NASCA,EL INGENIO,RURAL,CARRETERA,DEPARTAMENTAL,IC-113,-14.657882,-75.109083,DESPEJADO,RURAL,TRAMO RECTO,PLANA ,ASFALTADA,,,,,EN PROCESO DE INVESTIGACIÓN,NO CUENTA CON CAUSA ESPECIFICA,21.0,0,2024.0,9.0,6.0,1,3,3,0,0.0,0.0,0.0,0.0,0,0,35.5,0.7071067811865476,0,0,2,0.0,0.0,1
A-2024-09-11,2024-09-08,22:30,CHOQUE,1,0,2,LA LIBERTAD,SANTIAGO DE CHUCO,SANTIAGO DE CHUCO,RURAL,CARRETERA,NACIONAL,PE-3N,-8.1437841159,-78.180144455,DESPEJADO,RURAL,TRAMO RECTO,PLANA ,AFIRMADO,,,,,EN PROCESO DE INVESTIGACIÓN,NO CUENTA CON CAUSA ESPECIFICA,22.0,0,2024.0,9.0,6.0,1,3,3,0,0.0,0.0,1.0,1.0,0,0,25.5,12.020815280171307,0,1,2,0.0,0.5,1
A-2024-09-12,2024-09-10,18:30,DESPISTE,1,1,1,LA LIBERTAD,OTUZCO,USQUIL,RURAL,CARRETERA,DEPARTAMENTAL,LI-111,-7.829688828828934,-78.39036940831974,DESPEJADO,RURAL,TRAMO RECTO,PLANA ,AFIRMADO,,,,,INFRAESTRUCTURA Y ENTORNO VIAL,SUPERFICIE DETERIORADA,18.0,0,2024.0,9.0,1.0,0,3,3,0,0.0,0.0,1.0,1.0,0,0,47.666666666666664,15.14375558880073,0,1,3,0.0,0.333,1
A-2024-09-14,2024-09-11,14:00,CHOQUE,1,0,2,LA LIBERTAD,PACASMAYO,GUADALUPE,RURAL,CARRETERA,NACIONAL,PE-1N,-7.3106001828,-79.480851252,DESPEJADO,RURAL,TRAMO RECTO,PLANA ,ASFALTADA,,,,,EN PROCESO DE INVESTIGACIÓN,NO CUENTA CON CAUSA ESPECIFICA,14.0,0,2024.0,9.0,2.0,0,2,3,0,0.0,0.0,0.0,0.0,0,0,30.0,18.384776310850235,0,1,2,0.0,0.5,0
A-2024-09-102,2024-09-11,16:20,ATROPELLO,1,0,0,LIMA,LIMA,VILLA EL SALVADOR,URBANA,AVENIDA,URBANO,NO CORRESPONDE,-12.223876023943266,-76.9198851055976,DESPEJADO,ESCOLAR,TRAMO RECTO,INCLINADA,ASFALTADA,SI,PREVENTIVA (P),,NO,EN PROCESO DE INVESTIGACIÓN,NO CUENTA CON CAUSA ESPECIFICA,16.0,0,2024.0,9.0,2.0,0,2,3,0,1.0,1.0,0.0,2.0,0,1,60.5,13.435028842544403,0,1,2,0.0,0.5,0
A-2024-09-85,2024-09-11,17:00,CHOQUE,1,1,1,CAJAMARCA,SAN PABLO,SAN PABLO,RURAL,CARRETERA,PROVINCIAL,CA-1277,-7.05328889,-78.79286259,DESPEJADO,RURAL,TRAMO RECTO,PLANA ,ASFALTADA,SI,PREVENTIVA (P),,NO,IMPRUDENCIA DEL CONDUCTOR,EXCESO DE VELOCIDAD,17.0,0,2024.0,9.0,2.0,0,2,3,1,0.0,0.0,0.0,0.0,0,1,41.0,16.09347693943108,0,2,3,0.0,0.667,0
A-2024-09-22,2024-09-12,18:30,CHOQUE,1,0,0,AREQUIPA,AREQUIPA,SACHACA,URBANA,CARRETERA,NACIONAL,PE-34C,-16.4046944444,-71.5673055556,,,,,,,,,,EN PROCESO DE INVESTIGACIÓN,NO CUENTA CON CAUSA ESPECIFICA,18.0,0,2024.0,9.0,3.0,0,3,3,0,0.0,1.0,1.0,2.0,0,0,41.0,0.0,0,0,1,0.0,0.0,1
A-2024-09-17,2024-09-13,00:20,CHOQUE,1,1,2,LA LIBERTAD,TRUJILLO,SALAVERRY,URBANA,CARRETERA,NACIONAL,PE-10,-8.193829804797888,-78.99129671957837,DESPEJADO,INDUSTRIAL,TRAMO RECTO,PLANA ,ASFALTADA,,,,,EN PROCESO DE INVESTIGACIÓN,NO CUENTA CON CAUSA ESPECIFICA,0.0,0,2024.0,9.0,4.0,0,0,3,0,0.0,0.0,0.0,0.0,0,0,15.0,11.357816691600547,0,1,3,0.0,0.333,1
A-2024-09-79,2024-09-13,05:40,DESPISTE,1,37,1,AYACUCHO,LUCANAS,LUCANAS,RURAL,CARRETERA,NACIONAL,PE-30A,-14.83956934,-74.73319065,DESPEJADO,RURAL,CURVA,INCLINADA,ASFALTADA,,,,,IMPRUDENCIA DEL CONDUCTOR,OTRO (IMPRUDENCIA DEL CONDUCTOR),5.0,0,2024.0,9.0,4.0,0,0,3,1,0.0,1.0,0.0,1.0,0,0,41.97435897435897,18.369722198694785,0,1,39,0.0,0.026,1
A-2024-09-70,2024-09-13,07:00,VOLCADURA,3,0,0,APURIMAC,CHINCHEROS,OCOBAMBA,RURAL,CARRETERA,DEPARTAMENTAL,AP-102,-13.58637407,-73.46132668,DESPEJADO,RURAL,CURVA,PLANA ,ASFALTADA,,,,,IMPRUDENCIA DEL CONDUCTOR,FATIGA Y/O CANSANCIO,7.0,2,2024.0,9.0,4.0,0,1,3,1,0.0,0.0,0.0,0.0,0,0,49.0,19.28730152198591,0,0,3,0.0,0.0,0
A-2024-09-86,2024-09-13,07:40,ESPECIAL,1,0,1,CAJAMARCA,CHOTA,ANGUIA,RURAL,CARRETERA,PROVINCIAL,CA-915,-6.351192,-78.609739,DESPEJADO,RURAL,CURVA,INCLINADA,AFIRMADO,,,,,EN PROCESO DE INVESTIGACIÓN,NO CUENTA CON CAUSA ESPECIFICA,7.0,0,2024.0,9.0,4.0,0,1,3,1,0.0,1.0,1.0,2.0,0,0,42.0,0.0,0,0,1,0.0,0.0,0
A-2024-09-4,2024-09-13,09:00,ATROPELLO FUGA,1,0,0,PUNO,PUNO,ACORA,RURAL,CARRETERA,NACIONAL,PE-3S,-16.044993,-69.712416,,,,,,,,,,IMPRUDENCIA DEL CONDUCTOR,OTRO (IMPRUDENCIA DEL CONDUCTOR),9.0,0,2024.0,9.0,4.0,0,1,3,1,0.0,1.0,1.0,2.0,0,0,79.0,0.0,0,0,2,0.0,0.0,0
A-2024-09-90,2024-09-13,19:00,DESPISTE,1,1,1,CAJAMARCA,JAEN,COLASAY,RURAL,CARRETERA,PROVINCIAL,CA-672,-6.013822,-79.04964,DESPEJADO,RURAL,TRAMO RECTO,INCLINADA,AFIRMADO,,,,,IMPRUDENCIA DEL CONDUCTOR,CONDUCIR EN ESTADO DE EBRIEDAD Y/O DROGADICCIÓN,19.0,0,2024.0,9.0,4.0,0,3,3,1,0.0,1.0,1.0,2.0,0,0,62.5,28.991378028648448,1,0,2,0.5,0.0,1
A-2024-09-103,2024-09-14,01:40,ATROPELLO FUGA,1,0,0,LIMA,LIMA,BARRANCO,URBANA,VIA EXPRESA,URBANO,NO CORRESPONDE,-12.144651232460244,-77.02539669807277,DESPEJADO,COMERCIAL,TRAMO RECTO,PLANA ,ASFALTADA,,,,,EN PROCESO DE INVESTIGACIÓN,NO CUENTA CON CAUSA ESPECIFICA,1.0,0,2024.0,9.0,5.0,1,0,3,0,1.0,0.0,0.0,1.0,0,0,0.0,0.0,0,0,2,0.0,0.0,1
A-2024-09-92,2024-09-14,04:00,DESPISTE,1,0,1,CAJAMARCA,JAEN,JAEN,URBANA,CARRETERA,NACIONAL,PE-5N,-5.699007,-78.806465,DESPEJADO,COMERCIAL,TRAMO RECTO,PLANA ,ASFALTADA,,,,,IMPRUDENCIA DEL CONDUCTOR,EXCESO DE VELOCIDAD,4.0,0,2024.0,9.0,5.0,1,0,3,1,0.0,0.0,0.0,0.0,0,0,27.0,0.0,0,0,1,0.0,0.0,1
A-2024-09-94,2024-09-14,06:10,ATROPELLO,1,2,1,AYACUCHO,HUANTA,HUANTA,URBANA,CARRETERA,PROVINCIAL,AY-619,-12.936101,-74.251797,DESPEJADO,RESIDENCIAL,TRAMO RECTO,PLANA ,ASFALTADA,,,,,IMPRUDENCIA DEL CONDUCTOR,CONDUCIR EN ESTADO DE EBRIEDAD Y/O DROGADICCIÓN,6.0,0,2024.0,9.0,5.0,1,1,3,1,0.0,0.0,0.0,0.0,0,0,30.5,5.446711546122731,1,1,4,0.25,0.25,0
A-2024-09-104,2024-09-14,13:00,ATROPELLO,1,0,0,LIMA,LIMA,BREÑA,URBANA,AVENIDA,URBANO,NO CORRESPONDE,-12.0695910966232,-77.0494113760052,DESPEJADO,ESCOLAR,TRAMO RECTO,PLANA ,ASFALTADA,SI,PREVENTIVA (P),,NO,EN PROCESO DE INVESTIGACIÓN,NO CUENTA CON CAUSA ESPECIFICA,13.0,0,2024.0,9.0,5.0,1,2,3,0,1.0,0.0,0.0,1.0,0,1,33.0,0.0,0,1,2,0.0,0.5,0
A-2024-09-19,2024-09-15,00:00,ATROPELLO FUGA,1,0,0,LA LIBERTAD,TRUJILLO,VICTOR LARCO HERRERA,URBANA,CARRETERA,NACIONAL,PE-1N,-8.1423468787,-79.0505004368,DESPEJADO,INDUSTRIAL,TRAMO RECTO,PLANA ,ASFALTADA,,,,,EN PROCESO DE INVESTIGACIÓN,NO CUENTA CON CAUSA ESPECIFICA,0.0,0,2024.0,9.0,6.0,1,0,3,0,0.0,0.0,0.0,0.0,0,0,59.0,0.0,0,0,2,0.0,0.0,1
A-2024-09-41,2024-09-15,02:30,DESPISTE,1,0,0,HUANCAVELICA,ANGARAES,LIRCAY,RURAL,PUENTE,URBANO,NO CORRESPONDE,-12.982152570793378,-74.72076456220381,NUBLADO,RURAL,PUENTE,PLANA ,ASFALTADA,,,,,EN PROCESO DE INVESTIGACIÓN,NO CUENTA CON CAUSA ESPECIFICA,2.0,0,2024.0,9.0,6.0,1,0,3,1,1.0,0.0,0.0,1.0,0,0,17.0,0.0,0,0,1,0.0,0.0,1
A-2024-09-40,2024-09-15,03:00,DESPISTE,1,1,1,HUANCAVELICA,ACOBAMBA,MARCAS,RURAL,CARRETERA,NACIONAL,PE-3SM,-12.9122088156767,-74.436336022758,NUBLADO,RURAL,TRAMO RECTO,PLANA ,AFIRMADO,,,,,EN PROCESO DE INVESTIGACIÓN,NO CUENTA CON CAUSA ESPECIFICA,3.0,0,2024.0,9.0,6.0,1,0,3,1,0.0,0.0,1.0,1.0,0,0,39.5,4.949747468305833,0,1,2,0.0,0.5,1
A-2024-09-71,2024-09-15,06:00,DESPISTE,1,0,0,APURIMAC,ANDAHUAYLAS,KISHUARA,RURAL,CARRETERA,NACIONAL,PE-3S,-13.68285491,-73.13079241,LLUVIOSO,RURAL,CURVA,PLANA ,ASFALTADA,,,,,IMPRUDENCIA DEL CONDUCTOR,EXCESO DE VELOCIDAD,6.0,0,2024.0,9.0,6.0,1,1,3,1,0.0,0.0,0.0,0.0,1,0,45.0,0.0,0,0,1,0.0,0.0,0
A-2024-09-60,2024-09-15,06:15,CHOQUE,1,1,2,ICA,CHINCHA,PUEBLO NUEVO,URBANA,AVENIDA,URBANO,NO CORRESPONDE,-13.38984515,-76.14770554,DESPEJADO,ESCOLAR,INTERSECCIÓN,PLANA ,ASFALTADA,SI,PREVENTIVA (P),PREVENTIVA (P),NO,IMPRUDENCIA DEL CONDUCTOR,NO DAR PASO PREFERENTE AL PEATÓN,6.0,0,2024.0,9.0,6.0,1,1,3,0,1.0,0.0,0.0,1.0,0,1,36.0,3.0,1,2,3,0.333,0.667,0
A-2024-09-78,2024-09-15,18:00,DESPISTE,1,2,0,CUSCO,LA CONVENCION,SANTA ANA,URBANA,PASAJE,URBANO,NO CORRESPONDE,-12.870897,-72.702054,DESPEJADO,RURAL,TRAMO RECTO,PLANA ,AFIRMADO,,,,,IMPRUDENCIA DEL CONDUCTOR,EXCESO DE VELOCIDAD,18.0,0,2024.0,9.0,6.0,1,3,3,1,1.0,0.0,1.0,2.0,0,0,28.0,3.4641016151377544,0,0,3,0.0,0.0,1
A-2024-09-73,2024-09-15,18:30,ATROPELLO FUGA,1,0,1,CAJAMARCA,JAEN,JAEN,RURAL,CARRETERA,NACIONAL,PE-5N,-5.684694,-78.787696,DESPEJADO,RURAL,TRAMO RECTO,PLANA ,ASFALTADA,,,,,EN PROCESO DE INVESTIGACIÓN,NO CUENTA CON CAUSA ESPECIFICA,18.0,0,2024.0,9.0,6.0,1,3,3,1,0.0,0.0,0.0,0.0,0,0,76.0,0.0,0,0,2,0.0,0.0,1
A-2024-09-91,2024-09-15,19:30,DESPISTE,2,0,1,CAJAMARCA,SAN IGNACIO,TABACONAS,RURAL,CARRETERA,NACIONAL,PE-02B,-5.314093,-79.129622,DESPEJADO,RURAL,TRAMO RECTO,PLANA ,AFIRMADO,,,,,IMPRUDENCIA DEL CONDUCTOR,EXCESO DE VELOCIDAD,19.0,1,2024.0,9.0,6.0,1,3,3,1,0.0,0.0,1.0,1.0,0,0,40.5,17.67766952966369,0,1,2,0.0,0.5,1
A-2024-09-105,2024-09-16,09:00,ATROPELLO FUGA,1,0,0,LIMA,LIMA,LURIN,URBANA,CALLE,URBANO,NO CORRESPONDE,-12.240880144630758,-76.89351816401827,DESPEJADO,RESIDENCIAL,INTERSECCIÓN,PLANA ,AFIRMADO,,,,,EN PROCESO DE INVESTIGACIÓN,NO CUENTA CON CAUSA ESPECIFICA,9.0,0,2024.0,9.0,0.0,0,1,3,0,2.0,0.0,1.0,3.0,0,0,2.0,0.0,0,0,2,0.0,0.0,0
A-2024-09-106,2024-09-16,12:15,ATROPELLO,1,0,0,LIMA,LIMA,LURIGANCHO,URBANA,CARRETERA,NACIONAL,PE-22,-11.922594714804791,-76.67870565105193,DESPEJADO,COMERCIAL,CURVA,INCLINADA,ASFALTADA,NO,,,SI,EN PROCESO DE INVESTIGACIÓN,NO CUENTA CON CAUSA ESPECIFICA,12.0,0,2024.0,9.0,0.0,0,2,3,0,0.0,1.0,0.0,1.0,0,1,50.5,14.849242404917497,0,1,2,0.0,0.5,0
A-2024-09-81,2024-09-16,18:00,CHOQUE,1,0,0,LIMA,LIMA,SURQUILLO,URBANA,AVENIDA,URBANO,NO CORRESPONDE,-12.113616747279652,-77.01154732002924,DESPEJADO,COMERCIAL,TRAMO RECTO,PLANA ,ASFALTADA,,,,,EN PROCESO DE INVESTIGACIÓN,NO CUENTA CON CAUSA ESPECIFICA,18.0,0,2024.0,9.0,0.0,0,3,3,0,1.0,0.0,0.0,1.0,0,0,55.5,6.363961030678928,0,0,2,0.0,0.0,1
A-2024-09-20,2024-09-16,21:00,DESPISTE,1,0,1,LA LIBERTAD,SANTIAGO DE CHUCO,QUIRUVILCA,RURAL,CARRETERA,NACIONAL,PE-3N,-7.9865966653,-78.2723086999,DESPEJADO,RURAL,TRAMO RECTO,PLANA ,TROCHA,,,,,EN PROCESO DE INVESTIGACIÓN,NO CUENTA CON CAUSA ESPECIFICA,21.0,0,2024.0,9.0,0.0,0,3,3,0,0.0,0.0,2.0,2.0,0,0,34.0,0.0,0,0,1,0.0,0.0,1
A-2024-09-21,2024-09-17,05:30,CHOQUE,6,48,2,LA LIBERTAD,ASCOPE,CHICAMA,RURAL,CARRETERA,NACIONAL,PE-1NF,-7.8110496554599536,-79.14240498712746,DESPEJADO,RURAL,TRAMO RECTO,PLANA ,AFIRMADO,,,,,IMPRUDENCIA DEL CONDUCTOR,OTRO (IMPRUDENCIA DEL CONDUCTOR),5.0,2,2024.0,9.0,1.0,0,0,3,0,0.0,0.0,1.0,1.0,0,0,36.81481481481482,12.411306582996607,0,2,54,0.0,0.037,1
A-2024-09-107,2024-09-17,07:50,ATROPELLO,1,0,0,LIMA,LIMA,INDEPENDENCIA,URBANA,AVENIDA,URBANO,NO CORRESPONDE,-11.98935531916075,-77.06384534320232,DESPEJADO,COMERCIAL,CURVA,PLANA ,ASFALTADA,NO,,,SI,EN PROCESO DE INVESTIGACIÓN,NO CUENTA CON CAUSA ESPECIFICA,7.0,0,2024.0,9.0,1.0,0,1,3,0,1.0,0.0,0.0,1.0,0,1,43.0,5.656854249492381,0,0,2,0.0,0.0,0
A-2024-09-108,2024-09-17,15:15,CHOQUE,1,1,0,LIMA,LIMA,ATE,URBANA,CARRETERA,NACIONAL,PE-1S,-12.084008880692457,-76.98142782284472,DESPEJADO,COMERCIAL,TRAMO RECTO,INCLINADA,ASFALTADA,,,,,EN PROCESO DE INVESTIGACIÓN,NO CUENTA CON CAUSA ESPECIFICA,15.0,0,2024.0,9.0,1.0,0,2,3,0,0.0,1.0,0.0,1.0,0,0,40.333333333333336,18.147543451754935,0,2,3,0.0,0.667,0
A-2024-09-29,2024-09-18,04:55,DESPISTE,6,0,1,LA LIBERTAD,PATAZ,HUANCASPATA,RURAL,SIN CLASIFICAR,SIN CLASIFICAR,SIN CLASIFICAR,-8.370646299380585,-77.34556353151734,DESPEJADO,RURAL,TRAMO RECTO,PLANA ,TROCHA,,,,,EN PROCESO DE INVESTIGACIÓN,NO CUENTA CON CAUSA ESPECIFICA,4.0,2,2024.0,9.0,2.0,0,0,3,0,1.0,0.0,2.0,3.0,0,0,22.833333333333332,18.247374240330213,0,1,6,0.0,0.167,1
A-2024-09-52,2024-09-18,06:00,CHOQUE,1,2,0,AREQUIPA,AREQUIPA,UCHUMAYO,RURAL,CARRETERA,DEPARTAMENTAL,AR-115,-16.52502,-71.655224,,,,,,,,,,EN PROCESO DE INVESTIGACIÓN,NO CUENTA CON CAUSA ESPECIFICA,6.0,0,2024.0,9.0,2.0,0,1,3,0,0.0,1.0,1.0,2.0,0,0,24.666666666666668,6.027713773341708,0,0,3,0.0,0.0,0
A-2024-09-39,2024-09-18,06:40,CHOQUE CON OBJETO FIJO,1,6,1,TUMBES,ZARUMILLA,AGUAS VERDES,RURAL,CARRETERA,NACIONAL,PE-1N,-3.510614365706649,-80.24838384670119,DESPEJADO,RURAL,TRAMO RECTO,PLANA ,ASFALTADA,,,,,IMPRUDENCIA DEL CONDUCTOR,OTRO (IMPRUDENCIA DEL CONDUCTOR),6.0,0,2024.0,9.0,2.0,0,1,3,0,0.0,0.0,0.0,0.0,0,0,22.285714285714285,15.33747356112131,0,1,7,0.0,0.143,0
A-2024-09-23,2024-09-18,06:45,CHOQUE,1,0,1,AREQUIPA,AREQUIPA,CERRO COLORADO,URBANA,CARRETERA,NACIONAL,PE-34A,-16.342841,-71.581436,DESPEJADO,COMERCIAL,TRAMO RECTO,PLANA ,ASFALTADA,,,,,EN PROCESO DE INVESTIGACIÓN,NO CUENTA CON CAUSA ESPECIFICA,6.0,0,2024.0,9.0,2.0,0,1,3,0,0.0,0.0,0.0,0.0,0,0,36.5,2.1213203435596424,0,1,2,0.0,0.5,0
A-2024-09-87,2024-09-18,15:50,ESPECIAL,1,1,2,CAJAMARCA,CHOTA,CHOTA,URBANA,CARRETERA,DEPARTAMENTAL,CA-105,-6.489903,-78.623124,DESPEJADO,COMERCIAL,TRAMO RECTO,PLANA ,AFIRMADO,,,,,IMPRUDENCIA DEL CONDUCTOR,OTRO (IMPRUDENCIA DEL CONDUCTOR),15.0,0,2024.0,9.0,2.0,0,2,3,1,0.0,0.0,1.0,1.0,0,0,40.333333333333336,19.08751773629388,0,1,3,0.0,0.333,0
A-2024-09-47,2024-09-18,23:09,CHOQUE CON OBJETO FIJO,1,1,1,AREQUIPA,AREQUIPA,TIABAYA,URBANA,CALLE,URBANO,NO CORRESPONDE,-16.4472243575,-71.583274892,DESPEJADO,ESCOLAR,TRAMO RECTO,PLANA ,ASFALTADA,,,,,EN PROCESO DE INVESTIGACIÓN,NO CUENTA CON CAUSA ESPECIFICA,23.0,0,2024.0,9.0,2.0,0,3,3,0,2.0,0.0,0.0,2.0,0,0,24.0,0.0,0,1,2,0.0,0.5,1
A-2024-09-5,2024-09-19,05:20,CHOQUE,1,0,2,PUNO,EL COLLAO,ILAVE,RURAL,CARRETERA,PROVINCIAL,PU-1153,-16.03395465532597,-69.59484806939633,DESPEJADO,RURAL,TRAMO RECTO,PLANA ,ASFALTADA,,,,,IMPRUDENCIA DEL CONDUCTOR,INVASIÓN DE CARRIL,5.0,0,2024.0,9.0,3.0,0,0,3,1,0.0,0.0,0.0,0.0,0,0,38.0,5.656854249492381,0,1,2,0.0,0.5,1
A-2024-09-77,2024-09-19,05:30,ATROPELLO,1,0,0,CUSCO,CANAS,KUNTURKANKI,RURAL,CARRETERA,NACIONAL,PE-34F,-14.543048060646184,-71.30093161307009,DESPEJADO,RURAL,TRAMO RECTO,PLANA ,ASFALTADA,,,,,IMPRUDENCIA DEL PEATÓN,CRUCE INDEBIDO POR LA CALZADA,5.0,0,2024.0,9.0,3.0,0,0,3,1,0.0,0.0,0.0,0.0,0,0,71.0,32.526911934581186,0,1,2,0.0,0.5,1