CODIGO_SINIESTRO,FECHA_SINIESTRO,HORA_SINIESTRO,CLASE_SINIESTRO,CANTIDAD_FALLECIDOS,CANTIDAD_LESIONADOS,CANTIDAD_VEHICULOS,DEPARTAMENTO,PROVINCIA,DISTRITO,ZONA,TIPO_VIA,RED_VIAL,COD_CARRETERA,LATITUD,LONGITUD,CONDICION_CLIMATICA,ZONIFICACION,CARACTERISTICAS_VIA,PERFIL_VIA,SUPERFICIE_CALZADA,EXISTE_SENIAL_VERTICAL,CLASIFICACION_SENIAL_VERTICAL_1,CLASIFICACION_SENIAL_VERTICAL_2,EXISTE_SENIAL_HORIZONTAL,CAUSA_FACTOR_PRINCIPAL,CAUSA_ESPECIFICA,HORA,severidad,ANIO,MES,DIA_SEMANA,FIN_SEMANA,FRANJA_HORARIA,TEMPORADA,MACROREGION,TIPO_VIA_SCORE,PERFIL_VIA_SCORE,SUPERFICIE_CALZADA_SCORE,RIESGO_INFRAESTRUCTURA,RIESGO_CLIMATICO,SENIALIZACION_DEFICIENTE,EDAD_PROMEDIO,EDAD_STD,TOTAL_ALCOHOL,TOTAL_LICENCIA,TOTAL_PERSONAS,PCT_ALCOHOL,PCT_LICENCIA,ES_NOCHE
A-2024-09-48,2024-09-19,05:40,DESPISTE,1,4,1,AREQUIPA,AREQUIPA,CHIGUATA,RURAL,CARRETERA,NACIONAL,PE-34C,-16.3867777778,-71.3198888889,DESPEJADO,RURAL,TRAMO RECTO,PLANA ,TROCHA,,,,,EN PROCESO DE INVESTIGACIÓN,NO CUENTA CON CAUSA ESPECIFICA,5.0,0,2024.0,9.0,3.0,0,0,3,0,0.0,0.0,2.0,2.0,0,0,46.8,6.340346993658944,0,1,5,0.0,0.2,1
A-2024-09-109,2024-09-19,06:30,DESPISTE,1,0,0,LIMA,LIMA,ANCON,URBANA,CARRETERA,NACIONAL,PE-1N,-11.754669355834665,-77.14998448461907,DESPEJADO,COMERCIAL,TRAMO RECTO,PLANA ,ASFALTADA,,,,,EN PROCESO DE INVESTIGACIÓN,NO CUENTA CON CAUSA ESPECIFICA,6.0,0,2024.0,9.0,3.0,0,1,3,0,0.0,0.0,0.0,0.0,0,0,38.0,7.0710678118654755,0,1,2,0.0,0.5,0
A-2024-09-111,2024-09-19,08:44,DESPISTE,1,1,0,LIMA,LIMA,ATE,URBANA,AVENIDA,URBANO,NO CORRESPONDE,-12.012840865066396,-76.8244970704311,DESPEJADO,COMERCIAL,INTERSECCIÓN,PLANA ,ASFALTADA,,,,,EN PROCESO DE INVESTIGACIÓN,NO CUENTA CON CAUSA ESPECIFICA,8.0,0,2024.0,9.0,3.0,0,1,3,0,1.0,0.0,0.0,1.0,0,0,19.0,1.4142135623730951,0,0,2,0.0,0.0,0
A-2024-09-61,2024-09-19,13:20,CHOQUE CON OBJETO FIJO,1,1,1,AMAZONAS,CHACHAPOYAS,LA JALCA,URBANA,CARRETERA,PROVINCIAL,AM-676,-6.486998,-77.817442,DESPEJADO,RURAL,CURVA,PLANA ,CONCRETO,,,,,EN PROCESO DE INVESTIGACIÓN,NO CUENTA CON CAUSA ESPECIFICA,13.0,0,2024.0,9.0,3.0,0,2,3,2,0.0,0.0,0.0,0.0,0,0,16.5,0.7071067811865476,0,0,2,0.0,0.0,0
A-2024-09-110,2024-09-19,17:00,CHOQUE,1,0,0,LIMA,LIMA,ATE,URBANA,AVENIDA,URBANO,NO CORRESPONDE,-12.02185306153493,-76.90730533626098,DESPEJADO,INDUSTRIAL,TRAMO RECTO,PLANA ,ASFALTADA,,,,,EN PROCESO DE INVESTIGACIÓN,NO CUENTA CON CAUSA ESPECIFICA,17.0,0,2024.0,9.0,3.0,0,2,3,0,1.0,0.0,0.0,1.0,0,0,34.5,6.363961030678928,0,1,2,0.0,0.5,0
A-2024-09-88,2024-09-19,19:40,ATROPELLO,1,0,1,CAJAMARCA,CAJAMARCA,SAN JUAN,URBANA,CARRETERA,NACIONAL,PE-08,-7.291919834,-78.50474322,DESPEJADO,COMERCIAL,TRAMO RECTO,INCLINADA,ASFALTADA,,,,,IMPRUDENCIA DEL PEATÓN,ESTADO DE EBRIEDAD Y/O DROGADICCIÓN,19.0,0,2024.0,9.0,3.0,0,3,3,1,0.0,1.0,0.0,1.0,0,0,53.5,13.435028842544403,1,1,2,0.5,0.5,1
A-2024-09-49,2024-09-19,20:00,ATROPELLO FUGA,1,0,0,AREQUIPA,CAYLLOMA,MAJES,URBANA,CALLE,URBANO,NO CORRESPONDE,-16.3583041806,-72.1952669961,DESPEJADO,COMERCIAL,TRAMO RECTO,PLANA ,ASFALTADA,,,,,EN PROCESO DE INVESTIGACIÓN,NO CUENTA CON CAUSA ESPECIFICA,20.0,0,2024.0,9.0,3.0,0,3,3,0,2.0,0.0,0.0,2.0,0,0,73.0,0.0,0,0,2,0.0,0.0,1
A-2024-09-89,2024-09-20,05:00,DESPISTE,1,0,1,CAJAMARCA,CHOTA,SAN JUAN DE LICUPIS,RURAL,CARRETERA,PROVINCIAL,CA-862,-6.562779,-79.262486,DESPEJADO,RURAL,CURVA,INCLINADA,AFIRMADO,,,,,NEGLIGENCIA DEL CONDUCTOR,OTRO (IMPRUDENCIA DEL CONDUCTOR),5.0,0,2024.0,9.0,4.0,0,0,3,1,0.0,1.0,1.0,2.0,0,0,65.0,12.727922061357855,0,1,2,0.0,0.5,1
A-2024-09-30,2024-09-20,16:00,CHOQUE,3,0,2,LA LIBERTAD,TRUJILLO,HUANCHACO,URBANA,CARRETERA,NACIONAL,PE-1N,-8.1122553924,-79.0941381492,DESPEJADO,COMERCIAL,TRAMO RECTO,PLANA ,ASFALTADA,,,,,EN PROCESO DE INVESTIGACIÓN,NO CUENTA CON CAUSA ESPECIFICA,16.0,2,2024.0,9.0,4.0,0,2,3,0,0.0,0.0,0.0,0.0,0,0,40.0,14.352700094407323,0,1,4,0.0,0.25,0
A-2024-09-112,2024-09-21,03:00,ATROPELLO FUGA,1,0,0,LIMA,LIMA,PUENTE PIEDRA,URBANA,CARRETERA,NACIONAL,PE-1N,-11.867565537290584,-77.07263411036996,DESPEJADO,COMERCIAL,TRAMO RECTO,PLANA ,ASFALTADA,,,,,EN PROCESO DE INVESTIGACIÓN,NO CUENTA CON CAUSA ESPECIFICA,3.0,0,2024.0,9.0,5.0,1,0,3,0,0.0,0.0,0.0,0.0,0,0,37.0,0.0,0,0,2,0.0,0.0,1
A-2024-09-76,2024-09-21,03:30,DESPISTE,2,2,0,CUSCO,CANCHIS,MARANGANI,RURAL,CARRETERA,NACIONAL,PE-3S,-14.4102126,-71.1185534,DESPEJADO,RURAL,TRAMO RECTO,PLANA ,ASFALTADA,,,,,IMPRUDENCIA DEL CONDUCTOR,EXCESO DE VELOCIDAD,3.0,1,2024.0,9.0,5.0,1,0,3,1,0.0,0.0,0.0,0.0,0,0,52.75,10.3400515794974,0,1,4,0.0,0.25,1
A-2024-09-114,2024-09-21,05:45,ATROPELLO,1,0,0,LIMA,LIMA,SANTA ANITA,URBANA,OTRO,URBANO,NO CORRESPONDE,-12.036673800436178,-76.9447836897068,DESPEJADO,COMERCIAL,TRAMO RECTO,PLANA ,ASFALTADA,,,,,EN PROCESO DE INVESTIGACIÓN,NO CUENTA CON CAUSA ESPECIFICA,5.0,0,2024.0,9.0,5.0,1,0,3,0,2.0,0.0,0.0,2.0,0,0,57.5,36.062445840513924,0,1,2,0.0,0.5,1
A-2024-09-113,2024-09-21,06:30,DESPISTE,1,0,0,LIMA,LIMA,PUEBLO LIBRE,URBANA,AVENIDA,URBANO,NO CORRESPONDE,-12.084031580859838,-77.06482981705766,DESPEJADO,COMERCIAL,CURVA,PLANA ,ASFALTADA,SI,REGULADORA (R),,NO,EN PROCESO DE INVESTIGACIÓN,NO CUENTA CON CAUSA ESPECIFICA,6.0,0,2024.0,9.0,5.0,1,1,3,0,1.0,0.0,0.0,1.0,0,1,45.0,1.4142135623730951,0,1,2,0.0,0.5,0
A-2024-09-115,2024-09-21,06:30,DESPISTE,1,1,0,LIMA,LIMA,VILLA MARIA DEL TRIUNFO,URBANA,CALLE,URBANO,NO CORRESPONDE,-12.164164018636278,-76.93401260129251,DESPEJADO,RESIDENCIAL,TRAMO RECTO,INCLINADA,TROCHA,,,,,EN PROCESO DE INVESTIGACIÓN,NO CUENTA CON CAUSA ESPECIFICA,6.0,0,2024.0,9.0,5.0,1,1,3,0,2.0,1.0,2.0,5.0,0,0,21.666666666666668,23.692474191889147,0,1,3,0.0,0.333,0
A-2024-09-13,2024-09-21,07:00,DESPISTE,1,0,1,SAN MARTIN,RIOJA,PARDO MIGUEL,RURAL,CARRETERA,NACIONAL,PE-5N,-5.745756,-77.481797,DESPEJADO,RURAL,TRAMO RECTO,PLANA ,ASFALTADA,NO,,,NO,IMPRUDENCIA DEL CONDUCTOR,OTRO (IMPRUDENCIA DEL CONDUCTOR),7.0,0,2024.0,9.0,5.0,1,1,3,2,0.0,0.0,0.0,0.0,0,2,25.0,0.0,0,0,1,0.0,0.0,0
A-2024-09-31,2024-09-21,18:30,DESPISTE,1,0,1,LA LIBERTAD,PATAZ,PARCOY,RURAL,CARRETERA,PROVINCIAL,LI-865,-7.904100214,-77.53162757,DESPEJADO,RURAL,TRAMO RECTO,PLANA ,TROCHA,,,,,IMPRUDENCIA DEL CONDUCTOR,FATIGA Y/O CANSANCIO,18.0,0,2024.0,9.0,5.0,1,3,3,0,0.0,0.0,2.0,2.0,0,0,56.0,0.0,0,1,1,0.0,1.0,1
A-2024-09-42,2024-09-21,20:00,DESPISTE,1,0,0,HUANCAVELICA,ANGARAES,LIRCAY,URBANA,CARRETERA,NACIONAL,PE-26B,-12.996855888368412,-74.73439418751957,DESPEJADO,RURAL,PUENTE,PLANA ,CONCRETO,,,,,EN PROCESO DE INVESTIGACIÓN,NO CUENTA CON CAUSA ESPECIFICA,20.0,0,2024.0,9.0,5.0,1,3,3,1,0.0,0.0,0.0,0.0,0,0,28.0,0.0,0,0,1,0.0,0.0,1
A-2024-09-116,2024-09-22,04:40,ATROPELLO,1,0,0,LIMA,LIMA,SAN MARTIN DE PORRES,URBANA,CARRETERA,NACIONAL,PE-20J,-11.98473174673873,-77.10063034238064,DESPEJADO,COMERCIAL,TRAMO RECTO,PLANA ,ASFALTADA,,,,,EN PROCESO DE INVESTIGACIÓN,NO CUENTA CON CAUSA ESPECIFICA,4.0,0,2024.0,9.0,6.0,1,0,3,0,0.0,0.0,0.0,0.0,0,0,48.0,0.0,0,0,2,0.0,0.0,1
A-2024-09-82,2024-09-22,04:40,CHOQUE,1,0,0,LIMA,LIMA,SANTIAGO DE SURCO,URBANA,AVENIDA,URBANO,NO CORRESPONDE,-12.08475861031643,-76.97897975293135,DESPEJADO,COMERCIAL,TRAMO RECTO,PLANA ,ASFALTADA,,,,,EN PROCESO DE INVESTIGACIÓN,NO CUENTA CON CAUSA ESPECIFICA,4.0,0,2024.0,9.0,6.0,1,0,3,0,1.0,0.0,0.0,1.0,0,0,42.0,5.656854249492381,0,1,2,0.0,0.5,1
A-2024-09-72,2024-09-22,07:00,DESPISTE,1,0,0,APURIMAC,ANDAHUAYLAS,JOSE MARIA ARGUEDAS,RURAL,CARRETERA,NACIONAL,PE-30B,-13.76238857,-73.35554384,DESPEJADO,RURAL,TRAMO RECTO,PLANA ,TROCHA,,,,,IMPRUDENCIA DEL CONDUCTOR,CONDUCIR EN ESTADO DE EBRIEDAD Y/O DROGADICCIÓN,7.0,0,2024.0,9.0,6.0,1,1,3,1,0.0,0.0,2.0,2.0,0,0,28.0,0.0,0,0,1,0.0,0.0,0
A-2024-09-50,2024-09-22,08:16,ATROPELLO,1,0,1,AREQUIPA,AREQUIPA,ALTO SELVA ALEGRE,URBANA,AVENIDA,URBANO,NO CORRESPONDE,-16.377715,-71.51412,DESPEJADO,COMERCIAL,TRAMO RECTO,PLANA ,ASFALTADA,,,,,EN PROCESO DE INVESTIGACIÓN,NO CUENTA CON CAUSA ESPECIFICA,8.0,0,2024.0,9.0,6.0,1,1,3,0,1.0,0.0,0.0,1.0,0,0,65.5,16.263455967290593,0,1,2,0.0,0.5,0
A-2024-09-25,2024-09-23,08:10,ATROPELLO FUGA,1,0,0,PUNO,CHUCUITO,ZEPITA,RURAL,CARRETERA,DEPARTAMENTAL,PU-130,-16.436002,-69.064432,DESPEJADO,RURAL,TRAMO RECTO,PLANA ,ASFALTADA,,,,,EN PROCESO DE INVESTIGACIÓN,NO CUENTA CON CAUSA ESPECIFICA,8.0,0,2024.0,9.0,0.0,0,1,3,1,0.0,0.0,0.0,0.0,0,0,81.0,0.0,0,0,2,0.0,0.0,0
A-2024-09-117,2024-09-23,20:50,ATROPELLO,1,0,0,LIMA,LIMA,LA VICTORIA,URBANA,AVENIDA,URBANO,NO CORRESPONDE,-12.063420325447956,-77.03099157200053,DESPEJADO,COMERCIAL,INTERSECCIÓN,PLANA ,ASFALTADA,,,,,EN PROCESO DE INVESTIGACIÓN,NO CUENTA CON CAUSA ESPECIFICA,20.0,0,2024.0,9.0,0.0,0,3,3,0,1.0,0.0,0.0,1.0,0,0,44.0,7.0710678118654755,0,1,2,0.0,0.5,1
A-2024-09-28,2024-09-23,22:20,CHOQUE FUGA,1,0,1,SAN MARTIN,MOYOBAMBA,MOYOBAMBA,RURAL,CARRETERA,NACIONAL,PE-5N,-6.04572,-77.025005,DESPEJADO,RURAL,TRAMO RECTO,INCLINADA,ASFALTADA,,,,,EN PROCESO DE INVESTIGACIÓN,NO CUENTA CON CAUSA ESPECIFICA,22.0,0,2024.0,9.0,0.0,0,3,3,2,0.0,1.0,0.0,1.0,0,0,22.0,0.0,0,0,2,0.0,0.0,1
A-2024-09-24,2024-09-23,23:55,CHOQUE CON OBJETO FIJO,1,0,1,PUNO,EL COLLAO,ILAVE,URBANA,CARRETERA,NACIONAL,PE-3S,-16.0891633,-69.6430304,DESPEJADO,COMERCIAL,TRAMO RECTO,PLANA ,ASFALTADA,,,,,IMPRUDENCIA DEL CONDUCTOR,CONDUCIR EN ESTADO DE EBRIEDAD Y/O DROGADICCIÓN,23.0,0,2024.0,9.0,0.0,0,3,3,1,0.0,0.0,0.0,0.0,0,0,22.0,0.0,0,0,1,0.0,0.0,1
A-2024-09-27,2024-09-24,02:00,DESPISTE,1,0,0,PUNO,CHUCUITO,ZEPITA,RURAL,CARRETERA,DEPARTAMENTAL,PU-130,-16.474422,-69.102336,,,,,,,,,,IMPRUDENCIA DEL CONDUCTOR,CONDUCIR EN ESTADO DE EBRIEDAD Y/O DROGADICCIÓN,2.0,0,2024.0,9.0,1.0,0,0,3,1,0.0,1.0,1.0,2.0,0,0,43.0,0.0,0,0,1,0.0,0.0,1
A-2024-09-75,2024-09-24,03:41,ATROPELLO,2,0,0,CUSCO,CUSCO,SAN JERONIMO,URBANA,CALLE,URBANO,NO CORRESPONDE,-13.543168532249409,-71.90457351320387,DESPEJADO,ESCOLAR,TRAMO RECTO,INCLINADA,CONCRETO,,,,,IMPRUDENCIA DEL CONDUCTOR,OTRO (IMPRUDENCIA DEL CONDUCTOR),3.0,1,2024.0,9.0,1.0,0,0,3,1,2.0,1.0,0.0,3.0,0,0,40.0,0.0,0,1,2,0.0,0.5,1
A-2024-09-32,2024-09-24,04:50,DESPISTE,1,0,1,LA LIBERTAD,ASCOPE,CHOCOPE,RURAL,CARRETERA,NACIONAL,PE-1N,-7.7942462683,-79.2094253297,DESPEJADO,RURAL,TRAMO RECTO,PLANA ,ASFALTADA,,,,,IMPRUDENCIA DEL CONDUCTOR,OTRO (IMPRUDENCIA DEL CONDUCTOR),4.0,0,2024.0,9.0,1.0,0,0,3,0,0.0,0.0,0.0,0.0,0,0,48.0,0.0,0,1,1,0.0,1.0,1
A-2024-09-93,2024-09-24,18:00,DESPISTE,1,1,1,AYACUCHO,PARINACOCHAS,CORACORA,RURAL,CARRETERA,NACIONAL,PE-30A,-14.605142,-73.598382,DESPEJADO,RURAL,CURVA,INCLINADA,ASFALTADA,,,,,IMPRUDENCIA DEL CONDUCTOR,EXCESO DE VELOCIDAD,18.0,0,2024.0,9.0,1.0,0,3,3,1,0.0,1.0,0.0,1.0,0,0,36.0,16.97056274847714,0,1,2,0.0,0.5,1
A-2024-09-118,2024-09-25,04:45,ATROPELLO,1,0,0,LIMA,LIMA,LA VICTORIA,URBANA,AVENIDA,URBANO,NO CORRESPONDE,-12.06208919590992,-77.01018121541586,DESPEJADO,COMERCIAL,INTERSECCIÓN,PLANA ,ASFALTADA,,,,,EN PROCESO DE INVESTIGACIÓN,NO CUENTA CON CAUSA ESPECIFICA,4.0,0,2024.0,9.0,2.0,0,0,3,0,1.0,0.0,0.0,1.0,0,0,72.0,1.4142135623730951,0,1,2,0.0,0.5,1
A-2024-09-67,2024-09-25,22:50,CHOQUE,1,0,2,ICA,PALPA,PALPA,URBANA,CARRETERA,NACIONAL,PE-1S,-14.546213,-75.187336,DESPEJADO,COMERCIAL,INTERSECCIÓN,PLANA ,ASFALTADA,,,,,EN PROCESO DE INVESTIGACIÓN,NO CUENTA CON CAUSA ESPECIFICA,22.0,0,2024.0,9.0,2.0,0,3,3,0,0.0,0.0,0.0,0.0,0,0,50.0,16.97056274847714,0,2,2,0.0,1.0,1
A-2024-09-119,2024-09-26,14:20,ATROPELLO,1,0,0,LIMA,LIMA,LIMA,URBANA,AVENIDA,URBANO,NO CORRESPONDE,-12.055947537378865,-77.03591327078361,DESPEJADO,COMERCIAL,CURVA,PLANA ,ASFALTADA,,,,,EN PROCESO DE INVESTIGACIÓN,NO CUENTA CON CAUSA ESPECIFICA,14.0,0,2024.0,9.0,3.0,0,2,3,0,1.0,0.0,0.0,1.0,0,0,50.5,31.81980515339464,0,1,2,0.0,0.5,0
A-2024-09-33,2024-09-26,18:00,DESPISTE,1,9,1,LA LIBERTAD,SANCHEZ CARRION,SARTIMBAMBA,RURAL,CARRETERA,SIN CLASIFICAR,SIN CLASIFICAR,-7.618431578953813,-77.7526299333273,DESPEJADO,RURAL,TRAMO RECTO,PLANA ,TROCHA,,,,,EN PROCESO DE INVESTIGACIÓN,NO CUENTA CON CAUSA ESPECIFICA,18.0,0,2024.0,9.0,3.0,0,3,3,0,0.0,0.0,2.0,2.0,0,0,23.0,13.743685418725535,0,1,10,0.0,0.1,1
A-2024-09-55,2024-09-26,22:00,DESPISTE,1,0,1,LA LIBERTAD,OTUZCO,SALPO,RURAL,CARRETERA,PROVINCIAL,LI-1066,-8.027087849639477,-78.60644798945548,NUBLADO,RURAL,CURVA,PLANA ,TROCHA,,,,,EN PROCESO DE INVESTIGACIÓN,NO CUENTA CON CAUSA ESPECIFICA,22.0,0,2024.0,9.0,3.0,0,3,3,0,0.0,0.0,2.0,2.0,0,0,41.0,0.0,0,0,2,0.0,0.0,1
A-2024-09-44,2024-09-27,12:30,CHOQUE,1,0,3,SAN MARTIN,RIOJA,YURACYACU,RURAL,CARRETERA,DEPARTAMENTAL,SM-114,-5.946739,-77.228506,DESPEJADO,RURAL,CURVA,PLANA ,ASFALTADA,,,,,EN PROCESO DE INVESTIGACIÓN,NO CUENTA CON CAUSA ESPECIFICA,12.0,0,2024.0,9.0,4.0,0,2,3,2,0.0,0.0,0.0,0.0,0,0,31.0,7.810249675906654,0,1,3,0.0,0.333,0
A-2024-09-34,2024-09-27,15:00,DESPISTE,9,2,1,LA LIBERTAD,VIRU,CHAO,RURAL,CARRETERA,DEPARTAMENTAL,LI-122,-8.468091285128626,-78.38237665892517,DESPEJADO,RURAL,TRAMO RECTO,PLANA ,TROCHA,,,,,EN PROCESO DE INVESTIGACIÓN,NO CUENTA CON CAUSA ESPECIFICA,15.0,2,2024.0,9.0,4.0,0,2,3,0,0.0,0.0,2.0,2.0,0,0,42.63636363636363,22.41995864078579,0,1,11,0.0,0.091,0
A-2024-09-36,2024-09-27,21:10,CHOQUE,1,0,0,PUNO,PUNO,PICHACANI,RURAL,CARRETERA,PROVINCIAL,PU-1102,-16.21711,-70.042518,,,,,,,,,,IMPRUDENCIA DEL CONDUCTOR,INVASIÓN DE CARRIL,21.0,0,2024.0,9.0,4.0,0,3,3,1,0.0,1.0,1.0,2.0,0,0,42.0,0.0,0,0,2,0.0,0.0,1
A-2024-09-120,2024-09-27,23:30,ATROPELLO,1,0,0,LIMA,LIMA,PUNTA HERMOSA,URBANA,AVENIDA,URBANO,NO CORRESPONDE,-12.328897213241548,-76.83049857210662,DESPEJADO,RESIDENCIAL,CURVA,PLANA ,ASFALTADA,,,,,EN PROCESO DE INVESTIGACIÓN,NO CUENTA CON CAUSA ESPECIFICA,23.0,0,2024.0,9.0,4.0,0,3,3,0,1.0,0.0,0.0,1.0,0,0,57.5,9.192388155425117,0,1,2,0.0,0.5,1
A-2024-09-121,2024-09-28,05:15,ATROPELLO FUGA,1,0,0,LIMA,LIMA,VILLA MARIA DEL TRIUNFO,URBANA,JIRÓN,URBANO,NO CORRESPONDE,-12.193512582242748,-76.92548731736109,DESPEJADO,RESIDENCIAL,INTERSECCIÓN,INCLINADA,CONCRETO,,,,,EN PROCESO DE INVESTIGACIÓN,NO CUENTA CON CAUSA ESPECIFICA,5.0,0,2024.0,9.0,5.0,1,0,3,0,1.0,1.0,0.0,2.0,0,0,38.0,0.0,0,0,2,0.0,0.0,1
A-2024-09-35,2024-09-28,20:30,ATROPELLO FUGA,1,0,0,LA LIBERTAD,VIRU,CHAO,RURAL,CARRETERA,NACIONAL,PE-1N,-8.649788223807997,-78.6201735726224,DESPEJADO,RURAL,TRAMO RECTO,PLANA ,ASFALTADA,,,,,EN PROCESO DE INVESTIGACIÓN,NO CUENTA CON CAUSA ESPECIFICA,20.0,0,2024.0,9.0,5.0,1,3,3,0,0.0,0.0,0.0,0.0,0,0,46.0,0.0,0,0,2,0.0,0.0,1
A-2024-09-37,2024-09-29,02:40,ATROPELLO FUGA,1,0,0,PUNO,CHUCUITO,DESAGUADERO,RURAL,CARRETERA,NACIONAL,PE-3S,-16.5441163,-69.0546925,,,,,,,,,,EN PROCESO DE INVESTIGACIÓN,NO CUENTA CON CAUSA ESPECIFICA,2.0,0,2024.0,9.0,6.0,1,0,3,1,0.0,1.0,1.0,2.0,0,0,39.0,0.0,0,0,2,0.0,0.0,1
A-2024-09-68,2024-09-29,05:50,CHOQUE,1,0,1,ICA,PISCO,PISCO,URBANA,AVENIDA,URBANO,NO CORRESPONDE,-13.7178102,-76.196872,DESPEJADO,COMERCIAL,TRAMO RECTO,PLANA ,ASFALTADA,,,,,EN PROCESO DE INVESTIGACIÓN,NO CUENTA CON CAUSA ESPECIFICA,5.0,0,2024.0,9.0,6.0,1,0,3,0,1.0,0.0,0.0,1.0,0,0,26.0,0.0,0,0,2,0.0,0.0,1
A-2024-09-69,2024-09-29,06:30,CHOQUE,1,0,2,ICA,ICA,ICA,RURAL,CARRETERA,DEPARTAMENTAL,IC-105,-14.079182,-75.773745,DESPEJADO,RURAL,TRAMO RECTO,PLANA ,TROCHA,,,,,EN PROCESO DE INVESTIGACIÓN,NO CUENTA CON CAUSA ESPECIFICA,6.0,0,2024.0,9.0,6.0,1,1,3,0,0.0,0.0,2.0,2.0,0,0,43.5,7.7781745930520225,1,1,2,0.5,0.5,0
A-2024-09-122,2024-09-29,06:50,DESPISTE,1,0,0,LIMA,LIMA,SANTIAGO DE SURCO,URBANA,AVENIDA,URBANO,NO CORRESPONDE,-12.12130548737066,-76.99339230694903,DESPEJADO,ESCOLAR,TRAMO RECTO,PLANA ,ASFALTADA,NO,,,SI,EN PROCESO DE INVESTIGACIÓN,NO CUENTA CON CAUSA ESPECIFICA,6.0,0,2024.0,9.0,6.0,1,1,3,0,1.0,0.0,0.0,1.0,0,1,33.0,0.0,0,1,1,0.0,1.0,0
A-2024-09-83,2024-09-29,17:30,DESPISTE,1,0,0,CUSCO,ESPINAR,PICHIGUA,RURAL,CARRETERA,NACIONAL,PE-34F,-14.661652,-71.264258,DESPEJADO,RURAL,TRAMO RECTO,PLANA ,ASFALTADA,,,,,IMPRUDENCIA DEL CONDUCTOR,EXCESO DE VELOCIDAD,17.0,0,2024.0,9.0,6.0,1,2,3,1,0.0,0.0,0.0,0.0,0,0,33.0,0.0,0,0,1,0.0,0.0,0
A-2024-09-51,2024-09-29,23:06,CHOQUE,1,2,3,AREQUIPA,AREQUIPA,LA JOYA,URBANA,CARRETERA,DEPARTAMENTAL,AR-114,-16.484119,-71.845401,DESPEJADO,COMERCIAL,TRAMO RECTO,PLANA ,ASFALTADA,,,,,EN PROCESO DE INVESTIGACIÓN,NO CUENTA CON CAUSA ESPECIFICA,23.0,0,2024.0,9.0,6.0,1,3,3,0,0.0,0.0,0.0,0.0,0,0,28.5,4.79583152331272,0,2,4,0.0,0.5,1
A-2024-09-53,2024-09-30,01:30,ATROPELLO FUGA,1,0,0,CUSCO,ANTA,ANTA,RURAL,CARRETERA,NACIONAL,PE-3S,-13.476892,-72.1231,DESPEJADO,RURAL,CURVA,PLANA ,CONCRETO,,,,,IMPRUDENCIA DEL PEATÓN,CRUCE INDEBIDO POR LA CALZADA,1.0,0,2024.0,9.0,0.0,0,0,3,1,0.0,0.0,0.0,0.0,0,0,33.0,0.0,0,0,2,0.0,0.0,1
A-2024-09-123,2024-09-30,15:40,ATROPELLO,1,0,0,LIMA,LIMA,LOS OLIVOS,URBANA,AVENIDA,URBANO,NO CORRESPONDE,-11.991251624662876,-77.07157391018701,DESPEJADO,COMERCIAL,INTERSECCIÓN,PLANA ,ASFALTADA,NO,,,SI,EN PROCESO DE INVESTIGACIÓN,NO CUENTA CON CAUSA ESPECIFICA,15.0,0,2024.0,9.0,0.0,0,2,3,0,1.0,0.0,0.0,1.0,0,1,87.0,0.0,0,1,2,0.0,0.5,0
A-2024-10-1,2024-10-01,06:40,DESPISTE,1,0,0,PUNO,PUNO,PUNO,URBANA,JIRÓN,URBANO,NO CORRESPONDE,-15.818403,-70.032479,,,,,,,,,,IMPRUDENCIA DEL CONDUCTOR,EXCESO DE VELOCIDAD,6.0,0,2024.0,10.0,1.0,0,1,3,1,1.0,1.0,1.0,3.0,0,0,28.0,0.0,0,0,1,0.0,0.0,0
A-2024-10-5,2024-10-01,08:20,ATROPELLO,1,0,1,LA LIBERTAD,TRUJILLO,TRUJILLO,URBANA,AVENIDA,URBANO,NO CORRESPONDE,-8.093475327522343,-79.01636910930624,DESPEJADO,COMERCIAL,INTERSECCIÓN,PLANA ,ASFALTADA,,,,,EN PROCESO DE INVESTIGACIÓN,NO CUENTA CON CAUSA ESPECIFICA,8.0,0,2024.0,10.0,1.0,0,1,3,0,1.0,0.0,0.0,1.0,0,0,55.5,37.476659402887016,0,1,2,0.0,0.5,0
A-2024-10-56,2024-10-02,04:12,CHOQUE,3,3,3,ICA,PISCO,SAN ANDRES,URBANA,CARRETERA,NACIONAL,PE-1SE,-13.763973,-76.166958,DESPEJADO,RURAL,TRAMO RECTO,PLANA ,ASFALTADA,,,,,EN PROCESO DE INVESTIGACIÓN,NO CUENTA CON CAUSA ESPECIFICA,4.0,2,2024.0,10.0,2.0,0,0,3,0,0.0,0.0,0.0,0.0,0,0,40.0,12.489995996796797,0,2,3,0.0,0.667,1
A-2024-10-73,2024-10-02,09:30,ATROPELLO,1,0,0,CAJAMARCA,CHOTA,CHOTA,URBANA,CARRETERA,SIN CLASIFICAR,SIN CLASIFICAR,-6.618267,-78.613303,DESPEJADO,COMERCIAL,TRAMO RECTO,PLANA ,AFIRMADO,,,,,IMPRUDENCIA DEL PEATÓN,OTRO (IMPRUDENCIA DEL PEATÓN),9.0,0,2024.0,10.0,2.0,0,1,3,1,0.0,0.0,1.0,1.0,0,0,82.0,0.0,0,0,2,0.0,0.0,0