CODIGO_SINIESTRO,FECHA_SINIESTRO,HORA_SINIESTRO,CLASE_SINIESTRO,CANTIDAD_FALLECIDOS,CANTIDAD_LESIONADOS,CANTIDAD_VEHICULOS,DEPARTAMENTO,PROVINCIA,DISTRITO,ZONA,TIPO_VIA,RED_VIAL,COD_CARRETERA,LATITUD,LONGITUD,CONDICION_CLIMATICA,ZONIFICACION,CARACTERISTICAS_VIA,PERFIL_VIA,SUPERFICIE_CALZADA,EXISTE_SENIAL_VERTICAL,CLASIFICACION_SENIAL_VERTICAL_1,CLASIFICACION_SENIAL_VERTICAL_2,EXISTE_SENIAL_HORIZONTAL,CAUSA_FACTOR_PRINCIPAL,CAUSA_ESPECIFICA,HORA,severidad,ANIO,MES,DIA_SEMANA,FIN_SEMANA,FRANJA_HORARIA,TEMPORADA,MACROREGION,TIPO_VIA_SCORE,PERFIL_VIA_SCORE,SUPERFICIE_CALZADA_SCORE,RIESGO_INFRAESTRUCTURA,RIESGO_CLIMATICO,SENIALIZACION_DEFICIENTE,EDAD_PROMEDIO,EDAD_STD,TOTAL_ALCOHOL,TOTAL_LICENCIA,TOTAL_PERSONAS,PCT_ALCOHOL,PCT_LICENCIA,ES_NOCHE
A-2024-10-6,2024-10-02,18:59,CAÍDA DE PASAJERO,1,0,1,LA LIBERTAD,SANCHEZ CARRION,SANAGORAN,RURAL,CARRETERA,PROVINCIAL,LI-819,-7.79701388,-78.22258724,DESPEJADO,RURAL,CURVA,PLANA ,TROCHA,,,,,EN PROCESO DE INVESTIGACIÓN,NO CUENTA CON CAUSA ESPECIFICA,18.0,0,2024.0,10.0,2.0,0,3,3,0,0.0,0.0,2.0,2.0,0,0,47.5,16.263455967290593,0,1,2,0.0,0.5,1
A-2024-10-63,2024-10-03,13:20,DESPISTE,1,0,0,APURIMAC,CHINCHEROS,RANRACANCHA,RURAL,CARRETERA,PROVINCIAL,AP-531,-13.52931462,-73.55610801,SOLEADO,RURAL,CURVA,INCLINADA,AFIRMADO,,,,,IMPRUDENCIA DEL CONDUCTOR,EXCESO DE VELOCIDAD,13.0,0,2024.0,10.0,3.0,0,2,3,1,0.0,1.0,1.0,2.0,0,0,15.0,0.0,0,0,1,0.0,0.0,0
A-2024-10-71,2024-10-03,14:00,CHOQUE,1,0,2,CAJAMARCA,SAN PABLO,SAN BERNARDINO,RURAL,CARRETERA,NACIONAL,PE-08,-7.21610796,-78.77351734,DESPEJADO,RURAL,CURVA,PLANA ,ASFALTADA,,,,,IMPRUDENCIA DEL CONDUCTOR,EXCESO DE VELOCIDAD,14.0,0,2024.0,10.0,3.0,0,2,3,1,0.0,0.0,0.0,0.0,0,0,27.5,7.7781745930520225,0,1,2,0.0,0.5,0
A-2024-10-125,2024-10-03,21:40,CHOQUE,1,1,0,PIURA,SECHURA,SECHURA,RURAL,CARRETERA,PROVINCIAL,PI-1040,-5.523488,-80.798012,DESPEJADO,RURAL,TRAMO RECTO,PLANA ,ASFALTADA,,,,,IMPRUDENCIA DEL CONDUCTOR,EXCESO DE VELOCIDAD,21.0,0,2024.0,10.0,3.0,0,3,3,0,0.0,0.0,0.0,0.0,0,0,37.0,21.213203435596427,0,0,2,0.0,0.0,1
A-2024-10-10,2024-10-04,13:41,ATROPELLO,1,0,1,AREQUIPA,CAYLLOMA,MAJES,URBANA,CARRETERA,DEPARTAMENTAL,AR-108,-16.34083,-72.195032,SOLEADO,COMERCIAL,CURVA,PLANA ,ASFALTADA,,,,,EN PROCESO DE INVESTIGACIÓN,NO CUENTA CON CAUSA ESPECIFICA,13.0,0,2024.0,10.0,4.0,0,2,3,0,0.0,0.0,0.0,0.0,0,0,37.0,39.59797974644666,0,1,2,0.0,0.5,0
A-2024-10-87,2024-10-04,15:40,ATROPELLO,1,0,0,LIMA,LIMA,CARABAYLLO,URBANA,AVENIDA,URBANO,NO CORRESPONDE,-11.86807591625471,-77.01231547975453,DESPEJADO,COMERCIAL,TRAMO RECTO,PLANA ,ASFALTADA,SI,PREVENTIVA (P),,NO,EN PROCESO DE INVESTIGACIÓN,NO CUENTA CON CAUSA ESPECIFICA,15.0,0,2024.0,10.0,4.0,0,2,3,0,1.0,0.0,0.0,1.0,0,1,61.0,18.384776310850235,0,1,2,0.0,0.5,0
A-2024-10-88,2024-10-05,08:20,CHOQUE,1,0,0,LIMA,LIMA,SANTA ANITA,URBANA,CARRETERA,NACIONAL,PE-1N,-12.043867334297834,-76.98491305675641,DESPEJADO,RESIDENCIAL,TRAMO RECTO,PLANA ,ASFALTADA,SI,REGULADORA (R),,NO,EN PROCESO DE INVESTIGACIÓN,NO CUENTA CON CAUSA ESPECIFICA,8.0,0,2024.0,10.0,5.0,1,1,3,0,0.0,0.0,0.0,0.0,0,1,24.5,2.1213203435596424,0,1,2,0.0,0.5,0
A-2024-10-120,2024-10-05,16:45,DESPISTE,1,0,1,CUSCO,CHUMBIVILCAS,VELILLE,RURAL,CARRETERA,NACIONAL,PE-3SG,-14.554078,-71.920281,DESPEJADO,RURAL,CURVA,PLANA ,ASFALTADA,,,,,IMPRUDENCIA DEL CONDUCTOR,FATIGA Y/O CANSANCIO,16.0,0,2024.0,10.0,5.0,1,2,3,1,0.0,0.0,0.0,0.0,0,0,39.5,0.7071067811865476,0,1,2,0.0,0.5,0
A-2024-10-7,2024-10-05,17:30,CHOQUE FUGA,1,1,1,LA LIBERTAD,ASCOPE,RAZURI,RURAL,CARRETERA,NACIONAL,PE-1N,-7.6208439965,-79.3640206121,DESPEJADO,RURAL,TRAMO RECTO,PLANA ,ASFALTADA,,,,,EN PROCESO DE INVESTIGACIÓN,NO CUENTA CON CAUSA ESPECIFICA,17.0,0,2024.0,10.0,5.0,1,2,3,0,0.0,0.0,0.0,0.0,0,0,28.0,0.0,0,1,3,0.0,0.333,0
A-2024-10-89,2024-10-05,22:40,ATROPELLO,2,0,0,LIMA,LIMA,SAN JUAN DE LURIGANCHO,URBANA,AVENIDA,URBANO,NO CORRESPONDE,-11.984874435391973,-77.00685640797121,DESPEJADO,ESCOLAR,INTERSECCIÓN,PLANA ,ASFALTADA,,,,,EN PROCESO DE INVESTIGACIÓN,NO CUENTA CON CAUSA ESPECIFICA,22.0,1,2024.0,10.0,5.0,1,3,3,0,1.0,0.0,0.0,1.0,0,0,24.0,0.0,0,1,2,0.0,0.5,1
A-2024-10-57,2024-10-06,08:10,DESPISTE,1,0,1,ICA,ICA,SANTIAGO,RURAL,CARRETERA,NACIONAL,PE-1S,-14.265601,-75.6852812,DESPEJADO,RURAL,INTERSECCIÓN,PLANA ,ASFALTADA,,,,,EN PROCESO DE INVESTIGACIÓN,NO CUENTA CON CAUSA ESPECIFICA,8.0,0,2024.0,10.0,6.0,1,1,3,0,0.0,0.0,0.0,0.0,0,0,73.0,0.0,0,0,1,0.0,0.0,0
A-2024-10-90,2024-10-06,13:40,CHOQUE CON OBJETO FIJO,1,1,0,LIMA,LIMA,SAN JUAN DE LURIGANCHO,URBANA,CALLE,URBANO,NO CORRESPONDE,-11.947548361784184,-77.01011788532216,DESPEJADO,RESIDENCIAL,TRAMO RECTO,INCLINADA,AFIRMADO,,,,,EN PROCESO DE INVESTIGACIÓN,NO CUENTA CON CAUSA ESPECIFICA,13.0,0,2024.0,10.0,6.0,1,2,3,0,2.0,1.0,1.0,4.0,0,0,52.0,7.0710678118654755,0,1,2,0.0,0.5,0
A-2024-10-91,2024-10-06,21:45,ATROPELLO,1,0,0,LIMA,LIMA,LIMA,URBANA,AVENIDA,URBANO,NO CORRESPONDE,-12.04834093963855,-77.0593447954587,DESPEJADO,COMERCIAL,TRAMO RECTO,PLANA ,ASFALTADA,SI,PREVENTIVA (P),,SI,EN PROCESO DE INVESTIGACIÓN,NO CUENTA CON CAUSA ESPECIFICA,21.0,0,2024.0,10.0,6.0,1,3,3,0,1.0,0.0,0.0,1.0,0,0,46.0,0.0,0,1,2,0.0,0.5,1
A-2024-10-74,2024-10-07,03:10,DESPISTE,1,1,1,CAJAMARCA,HUALGAYOC,BAMBAMARCA,RURAL,CARRETERA,NACIONAL,PE-3N,-6.68145,-78.529235,DESPEJADO,COMERCIAL,TRAMO RECTO,INCLINADA,ASFALTADA,,,,,IMPRUDENCIA DEL CONDUCTOR,CONDUCIR EN ESTADO DE EBRIEDAD Y/O DROGADICCIÓN,3.0,0,2024.0,10.0,0.0,0,0,3,1,0.0,1.0,0.0,1.0,0,0,22.5,0.7071067811865476,1,0,2,0.5,0.0,1
A-2024-10-35,2024-10-07,05:00,CHOQUE,1,0,2,TUMBES,TUMBES,LA CRUZ,RURAL,CARRETERA,NACIONAL,PE-1N,-3.63338148310038,-80.57683103691467,DESPEJADO,RURAL,TRAMO RECTO,PLANA ,ASFALTADA,,,,,IMPRUDENCIA DEL CONDUCTOR,INVASIÓN DE CARRIL,5.0,0,2024.0,10.0,0.0,0,0,3,0,0.0,0.0,0.0,0.0,0,0,25.5,0.7071067811865476,0,1,2,0.0,0.5,1
A-2024-10-11,2024-10-07,07:20,ATROPELLO,1,0,1,AREQUIPA,AREQUIPA,JOSE LUIS BUSTAMANTE Y RIVERO,URBANA,CARRETERA,DEPARTAMENTAL,AR-117,-16.424907,-71.537607,SOLEADO,COMERCIAL,INTERSECCIÓN,PLANA ,ASFALTADA,,,,,EN PROCESO DE INVESTIGACIÓN,NO CUENTA CON CAUSA ESPECIFICA,7.0,0,2024.0,10.0,0.0,0,1,3,0,0.0,0.0,0.0,0.0,0,0,42.0,0.0,0,1,2,0.0,0.5,0
A-2024-10-77,2024-10-07,14:00,VOLCADURA,1,1,1,CAJAMARCA,SAN IGNACIO,SAN IGNACIO,RURAL,CARRETERA,NACIONAL,PE-5N,-5.15358,-78.922256,DESPEJADO,COMERCIAL,CURVA,INCLINADA,ASFALTADA,SI,PREVENTIVA (P),,NO,IMPRUDENCIA DEL CONDUCTOR,EXCESO DE VELOCIDAD,14.0,0,2024.0,10.0,0.0,0,2,3,1,0.0,1.0,0.0,1.0,0,1,45.5,9.192388155425117,0,0,2,0.0,0.0,0
A-2024-10-92,2024-10-08,03:30,ATROPELLO FUGA,1,0,0,LIMA,LIMA,SAN JUAN DE MIRAFLORES,URBANA,CARRETERA,NACIONAL,PE-1S,-12.184460620384298,-76.97496548239543,DESPEJADO,COMERCIAL,TRAMO RECTO,PLANA ,ASFALTADA,,,,,EN PROCESO DE INVESTIGACIÓN,NO CUENTA CON CAUSA ESPECIFICA,3.0,0,2024.0,10.0,1.0,0,0,3,0,0.0,0.0,0.0,0.0,0,0,0.0,0.0,0,0,2,0.0,0.0,1
A-2024-10-46,2024-10-08,05:30,DESPISTE,3,0,2,ICA,CHINCHA,GROCIO PRADO,RURAL,CARRETERA,NACIONAL,PE-1S,-13.388295,-76.20154,DESPEJADO,RURAL,TRAMO RECTO,PLANA ,ASFALTADA,SI,REGULADORA (R),,NO,EN PROCESO DE INVESTIGACIÓN,NO CUENTA CON CAUSA ESPECIFICA,5.0,2,2024.0,10.0,1.0,0,0,3,0,0.0,0.0,0.0,0.0,0,1,39.0,18.12916618784953,0,2,4,0.0,0.5,1
A-2024-10-54,2024-10-08,06:50,ATROPELLO FUGA,1,0,0,CALLAO,CALLAO,VENTANILLA,URBANA,AVENIDA,URBANO,NO CORRESPONDE,-11.8282542299835,-77.1206704566915,DESPEJADO,COMERCIAL,OTRO,PLANA ,ASFALTADA,,,,,EN PROCESO DE INVESTIGACIÓN,NO CUENTA CON CAUSA ESPECIFICA,6.0,0,2024.0,10.0,1.0,0,1,3,0,1.0,0.0,0.0,1.0,0,0,30.0,0.0,0,0,2,0.0,0.0,0
A-2024-10-12,2024-10-08,09:30,DESPISTE,1,2,1,AREQUIPA,ISLAY,MEJIA,RURAL,CARRETERA,SIN CLASIFICAR,SIN CLASIFICAR,-17.030926,-71.832657,DESPEJADO,RURAL,CURVA,INCLINADA,TROCHA,,,,,EN PROCESO DE INVESTIGACIÓN,NO CUENTA CON CAUSA ESPECIFICA,9.0,0,2024.0,10.0,1.0,0,1,3,0,0.0,1.0,2.0,3.0,0,0,47.666666666666664,13.051181300301263,0,1,3,0.0,0.333,0
A-2024-10-8,2024-10-08,19:00,DESPISTE,2,0,1,LA LIBERTAD,PATAZ,PATAZ,RURAL,CARRETERA,DEPARTAMENTAL,LI-125,-7.786379474551742,-77.6021163968624,DESPEJADO,RURAL,TRAMO RECTO,PLANA ,TROCHA,,,,,EN PROCESO DE INVESTIGACIÓN,NO CUENTA CON CAUSA ESPECIFICA,19.0,1,2024.0,10.0,1.0,0,3,3,0,0.0,0.0,2.0,2.0,0,0,41.0,14.142135623730951,0,1,2,0.0,0.5,1
A-2024-10-18,2024-10-09,03:30,DESPISTE,1,0,1,LA LIBERTAD,SANCHEZ CARRION,COCHORCO,RURAL,CARRETERA,NACIONAL,PE-10C,-7.810487432033153,-77.67925675250284,DESPEJADO,RURAL,TRAMO RECTO,PLANA ,TROCHA,,,,,EN PROCESO DE INVESTIGACIÓN,NO CUENTA CON CAUSA ESPECIFICA,3.0,0,2024.0,10.0,2.0,0,0,3,0,0.0,0.0,2.0,2.0,0,0,28.0,4.242640687119285,0,1,2,0.0,0.5,1
A-2024-10-9,2024-10-09,05:20,CHOQUE,3,6,2,LA LIBERTAD,CHEPEN,PACANGA,RURAL,CARRETERA,NACIONAL,PE-1N,-7.081782544,-79.54173731,DESPEJADO,RURAL,TRAMO RECTO,PLANA ,ASFALTADA,,,,,IMPRUDENCIA DEL CONDUCTOR,INVASIÓN DE CARRIL,5.0,2,2024.0,10.0,2.0,0,0,3,0,0.0,0.0,0.0,0.0,0,0,46.7,13.816656614391198,0,1,10,0.0,0.1,1
A-2024-10-48,2024-10-09,10:30,CHOQUE,1,0,0,LIMA,HUARAL,PACARAOS,RURAL,CARRETERA,NACIONAL,PE-20C,-11.1193514,-76.61943103,,,,,,,,,,EN PROCESO DE INVESTIGACIÓN,NO CUENTA CON CAUSA ESPECIFICA,10.0,0,2024.0,10.0,2.0,0,1,3,0,0.0,1.0,1.0,2.0,0,0,35.333333333333336,25.579940057266224,0,0,3,0.0,0.0,0
A-2024-10-76,2024-10-09,14:00,DESPISTE,1,4,1,CAJAMARCA,SAN IGNACIO,LA COIPA,RURAL,CARRETERA,PROVINCIAL,CA-637,-5.379087277,-78.98793014,DESPEJADO,RURAL,CURVA,INCLINADA,AFIRMADO,,,,,IMPRUDENCIA DEL CONDUCTOR,OTRO (IMPRUDENCIA DEL CONDUCTOR),14.0,0,2024.0,10.0,2.0,0,2,3,1,0.0,1.0,1.0,2.0,0,0,43.2,14.11382301150188,0,1,5,0.0,0.2,0
A-2024-10-93,2024-10-09,16:00,DESPISTE,1,2,0,LIMA,LIMA,LA MOLINA,URBANA,AVENIDA,URBANO,NO CORRESPONDE,-12.093319837573729,-76.95278414226816,DESPEJADO,RESIDENCIAL,CURVA,PLANA ,ASFALTADA,SI,INFORMATIVA (I),,SI,EN PROCESO DE INVESTIGACIÓN,NO CUENTA CON CAUSA ESPECIFICA,16.0,0,2024.0,10.0,2.0,0,2,3,0,1.0,0.0,0.0,1.0,0,0,47.333333333333336,37.5410886008029,0,1,3,0.0,0.333,0
A-2024-10-58,2024-10-10,17:15,CHOQUE,1,0,1,ICA,ICA,SANTIAGO,RURAL,CARRETERA,NACIONAL,PE-1S,-14.2827846,-75.6817571,DESPEJADO,RURAL,TRAMO RECTO,PLANA ,ASFALTADA,,,,,EN PROCESO DE INVESTIGACIÓN,NO CUENTA CON CAUSA ESPECIFICA,17.0,0,2024.0,10.0,3.0,0,2,3,0,0.0,0.0,0.0,0.0,0,0,21.0,0.0,0,0,1,0.0,0.0,0
A-2024-10-75,2024-10-11,21:50,DESPISTE,1,1,1,CAJAMARCA,JAEN,BELLAVISTA,RURAL,CARRETERA,NACIONAL,PE-5N,-5.614354,-78.77331,DESPEJADO,RURAL,TRAMO RECTO,PLANA ,ASFALTADA,,,,,IMPRUDENCIA DEL CONDUCTOR,EXCESO DE VELOCIDAD,21.0,0,2024.0,10.0,4.0,0,3,3,1,0.0,0.0,0.0,0.0,0,0,42.0,24.041630560342615,0,1,2,0.0,0.5,1
A-2024-10-78,2024-10-12,00:30,VOLCADURA,1,0,1,CAJAMARCA,JAEN,SANTA ROSA,RURAL,CARRETERA,PROVINCIAL,CA-720,-5.4387806,-78.529762,DESPEJADO,RURAL,CURVA,INCLINADA,TROCHA,,,,,IMPRUDENCIA DEL CONDUCTOR,EXCESO DE VELOCIDAD,0.0,0,2024.0,10.0,5.0,1,0,3,1,0.0,1.0,2.0,3.0,0,0,23.0,0.0,0,0,1,0.0,0.0,1
A-2024-10-2,2024-10-13,12:30,DESPISTE,1,0,0,PUNO,EL COLLAO,ILAVE,RURAL,CARRETERA,PROVINCIAL,PU-1160,-16.051289,-69.581657,,,,,,,,,,EN PROCESO DE INVESTIGACIÓN,NO CUENTA CON CAUSA ESPECIFICA,12.0,0,2024.0,10.0,6.0,1,2,3,1,0.0,1.0,1.0,2.0,0,0,39.0,0.0,0,0,1,0.0,0.0,0
A-2024-10-19,2024-10-13,20:20,ATROPELLO,1,0,1,LA LIBERTAD,VIRU,CHAO,URBANA,CALLE,URBANO,NO CORRESPONDE,-8.538743884,-78.67324185,DESPEJADO,RESIDENCIAL,TRAMO RECTO,PLANA ,ASFALTADA,,,,,EN PROCESO DE INVESTIGACIÓN,NO CUENTA CON CAUSA ESPECIFICA,20.0,0,2024.0,10.0,6.0,1,3,3,0,2.0,0.0,0.0,2.0,0,0,19.5,26.16295090390226,0,1,2,0.0,0.5,1
A-2024-10-59,2024-10-14,04:30,DESPISTE,1,0,1,ICA,NASCA,NASCA,RURAL,AVENIDA,URBANO,NO CORRESPONDE,-14.839252,-74.935212,DESPEJADO,RURAL,TRAMO RECTO,PLANA ,ASFALTADA,,,,,EN PROCESO DE INVESTIGACIÓN,NO CUENTA CON CAUSA ESPECIFICA,4.0,0,2024.0,10.0,0.0,0,0,3,0,1.0,0.0,0.0,1.0,0,0,22.0,0.0,0,0,1,0.0,0.0,1
A-2024-10-79,2024-10-14,05:30,CHOQUE,1,0,2,CAJAMARCA,CUTERVO,CHOROS,RURAL,CARRETERA,NACIONAL,PE-04C,-5.950969866,-78.84704197,DESPEJADO,RURAL,CURVA,INCLINADA,ASFALTADA,,,,,IMPRUDENCIA DEL CONDUCTOR,EXCESO DE VELOCIDAD,5.0,0,2024.0,10.0,0.0,0,0,3,1,0.0,1.0,0.0,1.0,0,0,45.5,9.192388155425117,0,2,2,0.0,1.0,1
A-2024-10-13,2024-10-14,22:09,ATROPELLO,1,0,0,AREQUIPA,AREQUIPA,LA JOYA,URBANA,CARRETERA,NACIONAL,PE-1S,-16.507247,-71.818647,SOLEADO,COMERCIAL,TRAMO RECTO,PLANA ,ASFALTADA,,,,,EN PROCESO DE INVESTIGACIÓN,NO CUENTA CON CAUSA ESPECIFICA,22.0,0,2024.0,10.0,0.0,0,3,3,0,0.0,0.0,0.0,0.0,0,0,60.5,33.23401871576773,0,1,2,0.0,0.5,1
A-2024-10-49,2024-10-15,01:35,ATROPELLO,1,0,0,CALLAO,CALLAO,MI PERU,URBANA,CARRETERA,NACIONAL,PE-20,-11.8420542703925,-77.1153440915478,DESPEJADO,COMERCIAL,INTERSECCIÓN,INCLINADA,ASFALTADA,NO,,,NO,NEGLIGENCIA DEL CONDUCTOR,CONDUCIR CON FALLAS DE FRENOS,1.0,0,2024.0,10.0,1.0,0,0,3,0,0.0,1.0,0.0,1.0,0,2,62.0,22.627416997969522,0,1,2,0.0,0.5,1
A-2024-10-94,2024-10-15,04:00,ATROPELLO FUGA,1,0,0,LIMA,LIMA,LURIN,URBANA,CARRETERA,NACIONAL,PE-1S,-12.276011058895223,-76.8901469725719,DESPEJADO,INDUSTRIAL,TRAMO RECTO,PLANA ,ASFALTADA,,,,,EN PROCESO DE INVESTIGACIÓN,NO CUENTA CON CAUSA ESPECIFICA,4.0,0,2024.0,10.0,1.0,0,0,3,0,0.0,0.0,0.0,0.0,0,0,0.0,0.0,0,0,2,0.0,0.0,1
A-2024-10-20,2024-10-15,09:00,CAÍDA DE PASAJERO,2,0,2,LA LIBERTAD,TRUJILLO,LAREDO,RURAL,CARRETERA,PROVINCIAL,LI-1078,-8.0688695299,-78.8215847184,DESPEJADO,RURAL,TRAMO RECTO,PLANA ,ASFALTADA,,,,,EN PROCESO DE INVESTIGACIÓN,NO CUENTA CON CAUSA ESPECIFICA,9.0,1,2024.0,10.0,1.0,0,1,3,0,0.0,0.0,0.0,0.0,0,0,65.33333333333333,4.618802153517007,0,1,3,0.0,0.333,0
A-2024-10-95,2024-10-15,21:00,CHOQUE,1,0,0,LIMA,LIMA,SAN MARTIN DE PORRES,URBANA,CARRETERA,NACIONAL,PE-1N,-12.02033807433146,-77.05929693050848,DESPEJADO,COMERCIAL,TRAMO RECTO,PLANA ,ASFALTADA,,,,,EN PROCESO DE INVESTIGACIÓN,NO CUENTA CON CAUSA ESPECIFICA,21.0,0,2024.0,10.0,1.0,0,3,3,0,0.0,0.0,0.0,0.0,0,0,46.5,10.606601717798213,0,1,2,0.0,0.5,1
A-2024-10-96,2024-10-15,22:45,ATROPELLO,1,0,0,LIMA,LIMA,SAN BORJA,URBANA,CARRETERA,NACIONAL,PE-1S,-12.095894335182612,-76.98032720095229,DESPEJADO,RESIDENCIAL,TRAMO RECTO,PLANA ,ASFALTADA,,,,,EN PROCESO DE INVESTIGACIÓN,NO CUENTA CON CAUSA ESPECIFICA,22.0,0,2024.0,10.0,1.0,0,3,3,0,0.0,0.0,0.0,0.0,0,0,45.0,9.899494936611665,0,1,2,0.0,0.5,1
A-2024-10-21,2024-10-16,02:00,DESPISTE,1,0,0,LA LIBERTAD,TRUJILLO,SIMBAL,RURAL,CARRETERA,NACIONAL,PE-10A,-8.0161093131,-78.8074811485,DESPEJADO,RURAL,TRAMO RECTO,PLANA ,ASFALTADA,,,,,EN PROCESO DE INVESTIGACIÓN,NO CUENTA CON CAUSA ESPECIFICA,2.0,0,2024.0,10.0,2.0,0,0,3,0,0.0,0.0,0.0,0.0,0,0,22.0,0.0,0,0,1,0.0,0.0,1
A-2024-10-70,2024-10-16,06:00,ATROPELLO,1,0,0,CUSCO,LA CONVENCION,SANTA TERESA,RURAL,CARRETERA,DEPARTAMENTAL,CU-107,-13.004959231073553,-72.62616589053529,NUBLADO,RURAL,TRAMO RECTO,PLANA ,ASFALTADA,,,,,IMPRUDENCIA DEL PEATÓN,CRUCE INDEBIDO POR LA CALZADA,6.0,0,2024.0,10.0,2.0,0,1,3,1,0.0,0.0,0.0,0.0,0,0,57.0,32.526911934581186,1,0,2,0.5,0.0,0
A-2024-10-50,2024-10-16,09:35,ATROPELLO FUGA,1,0,1,CALLAO,CALLAO,CALLAO,URBANA,CARRETERA,NACIONAL,PE-20,-11.9673285068994,-77.1259706672939,DESPEJADO,COMERCIAL,TRAMO RECTO,PLANA ,ASFALTADA,SI,INFORMATIVA (I),,NO,IMPRUDENCIA DEL CONDUCTOR,EXCESO DE VELOCIDAD,9.0,0,2024.0,10.0,2.0,0,1,3,0,0.0,0.0,0.0,0.0,0,1,42.0,25.45584412271571,0,1,2,0.0,0.5,0
A-2024-10-65,2024-10-16,16:00,VOLCADURA,4,0,0,APURIMAC,ANDAHUAYLAS,KISHUARA,RURAL,CARRETERA,NACIONAL,PE-3S,-13.67374067,-73.17239337,NUBLADO,RURAL,TRAMO RECTO,PLANA ,ASFALTADA,,,,,IMPRUDENCIA DEL CONDUCTOR,EXCESO DE VELOCIDAD,16.0,2,2024.0,10.0,2.0,0,2,3,1,0.0,0.0,0.0,0.0,0,0,43.25,6.075908711186061,0,1,4,0.0,0.25,0
A-2024-10-60,2024-10-16,16:45,DESPISTE,1,0,1,ICA,PISCO,PARACAS,RURAL,CALLE,URBANO,NO CORRESPONDE,-13.834814,-76.141349,DESPEJADO,RURAL,INTERSECCIÓN,PLANA ,ASFALTADA,,,,,EN PROCESO DE INVESTIGACIÓN,NO CUENTA CON CAUSA ESPECIFICA,16.0,0,2024.0,10.0,2.0,0,2,3,0,2.0,0.0,0.0,2.0,0,0,18.0,0.0,0,0,1,0.0,0.0,0
A-2024-10-124,2024-10-16,19:30,CHOQUE,1,1,2,PIURA,SECHURA,BELLAVISTA DE LA UNION,RURAL,CARRETERA,PROVINCIAL,PI-1040,-5.427529,-80.740135,DESPEJADO,RURAL,TRAMO RECTO,PLANA ,ASFALTADA,,,,,EN PROCESO DE INVESTIGACIÓN,NO CUENTA CON CAUSA ESPECIFICA,19.0,0,2024.0,10.0,2.0,0,3,3,0,0.0,0.0,0.0,0.0,0,0,37.5,4.949747468305833,1,0,2,0.5,0.0,1
A-2024-10-15,2024-10-17,08:31,DESPISTE,2,0,1,AREQUIPA,CAYLLOMA,YANQUE,RURAL,CARRETERA,DEPARTAMENTAL,AR-109,-15.649181,-71.644882,SOLEADO,COMERCIAL,CURVA,INCLINADA,ASFALTADA,,,,,EN PROCESO DE INVESTIGACIÓN,NO CUENTA CON CAUSA ESPECIFICA,8.0,1,2024.0,10.0,3.0,0,1,3,0,0.0,1.0,0.0,1.0,0,0,19.5,0.7071067811865476,0,1,2,0.0,0.5,0
A-2024-10-64,2024-10-17,12:00,ATROPELLO FUGA,1,0,0,APURIMAC,ANDAHUAYLAS,ANDAHUAYLAS,URBANA,AVENIDA,URBANO,NO CORRESPONDE,-13.65994857,-73.38420724,LLUVIOSO,RESIDENCIAL,CURVA,INCLINADA,ASFALTADA,,,,,IMPRUDENCIA DEL PEATÓN,ESTADO DE EBRIEDAD Y/O DROGADICCIÓN,12.0,0,2024.0,10.0,3.0,0,2,3,1,1.0,1.0,0.0,2.0,1,0,31.0,0.0,0,0,1,0.0,0.0,0
A-2024-10-68,2024-10-17,16:00,ATROPELLO,1,0,0,CUSCO,CANCHIS,SICUANI,RURAL,CARRETERA,NACIONAL,PE-3S,-14.270894,-71.236478,DESPEJADO,ESCOLAR,TRAMO RECTO,PLANA ,CONCRETO,,,,,IMPRUDENCIA DEL PEATÓN,CRUCE INDEBIDO POR LA CALZADA,16.0,0,2024.0,10.0,3.0,0,2,3,1,0.0,0.0,0.0,0.0,0,0,53.5,9.192388155425117,0,1,2,0.0,0.5,0
A-2024-10-3,2024-10-17,19:41,CHOQUE,1,1,2,PUNO,PUNO,PICHACANI,RURAL,CARRETERA,NACIONAL,PE-36B,-16.1418622,-70.0530083,DESPEJADO,RURAL,TRAMO RECTO,PLANA ,ASFALTADA,,,,,IMPRUDENCIA DEL CONDUCTOR,GIRAR IMPRUDENTEMENTE,19.0,0,2024.0,10.0,3.0,0,3,3,1,0.0,0.0,0.0,0.0,0,0,64.66666666666667,17.097758137642877,0,2,3,0.0,0.667,1
A-2024-10-61,2024-10-17,23:40,CHOQUE,4,1,2,ICA,ICA,ICA,RURAL,CARRETERA,NACIONAL,PE-1SC,-14.079419,-75.7186027,DESPEJADO,RURAL,TRAMO RECTO,PLANA ,ASFALTADA,,,,,EN PROCESO DE INVESTIGACIÓN,NO CUENTA CON CAUSA ESPECIFICA,23.0,2,2024.0,10.0,3.0,0,3,3,0,0.0,0.0,0.0,0.0,0,0,37.0,23.986107090008026,0,1,4,0.0,0.25,1
A-2024-10-97,2024-10-18,01:10,DESPISTE,1,1,0,LIMA,LIMA,SURQUILLO,URBANA,AVENIDA,URBANO,NO CORRESPONDE,-12.120546431413263,-77.00673133964338,DESPEJADO,RESIDENCIAL,TRAMO RECTO,PLANA ,ASFALTADA,,,,,EN PROCESO DE INVESTIGACIÓN,NO CUENTA CON CAUSA ESPECIFICA,1.0,0,2024.0,10.0,4.0,0,0,3,0,1.0,0.0,0.0,1.0,0,0,26.0,0.0,0,0,2,0.0,0.0,1