CODIGO_SINIESTRO,FECHA_SINIESTRO,HORA_SINIESTRO,CLASE_SINIESTRO,CANTIDAD_FALLECIDOS,CANTIDAD_LESIONADOS,CANTIDAD_VEHICULOS,DEPARTAMENTO,PROVINCIA,DISTRITO,ZONA,TIPO_VIA,RED_VIAL,COD_CARRETERA,LATITUD,LONGITUD,CONDICION_CLIMATICA,ZONIFICACION,CARACTERISTICAS_VIA,PERFIL_VIA,SUPERFICIE_CALZADA,EXISTE_SENIAL_VERTICAL,CLASIFICACION_SENIAL_VERTICAL_1,CLASIFICACION_SENIAL_VERTICAL_2,EXISTE_SENIAL_HORIZONTAL,CAUSA_FACTOR_PRINCIPAL,CAUSA_ESPECIFICA,HORA,severidad,ANIO,MES,DIA_SEMANA,FIN_SEMANA,FRANJA_HORARIA,TEMPORADA,MACROREGION,TIPO_VIA_SCORE,PERFIL_VIA_SCORE,SUPERFICIE_CALZADA_SCORE,RIESGO_INFRAESTRUCTURA,RIESGO_CLIMATICO,SENIALIZACION_DEFICIENTE,EDAD_PROMEDIO,EDAD_STD,TOTAL_ALCOHOL,TOTAL_LICENCIA,TOTAL_PERSONAS,PCT_ALCOHOL,PCT_LICENCIA,ES_NOCHE
A-2024-10-98,2024-10-19,00:10,ATROPELLO,1,0,0,LIMA,LIMA,LIMA,URBANA,JIRÓN,URBANO,NO CORRESPONDE,-12.04685073465947,-77.02019814984581,DESPEJADO,RESIDENCIAL,TRAMO RECTO,PLANA ,ASFALTADA,,,,,EN PROCESO DE INVESTIGACIÓN,NO CUENTA CON CAUSA ESPECIFICA,0.0,0,2024.0,10.0,5.0,1,0,3,0,1.0,0.0,0.0,1.0,0,0,37.0,0.0,0,1,2,0.0,0.5,1
A-2024-10-82,2024-10-19,02:20,VOLCADURA,1,0,1,CAJAMARCA,SAN IGNACIO,CHIRINOS,RURAL,CARRETERA,PROVINCIAL,CA-547,-5.248562,-78.945056,DESPEJADO,RURAL,TRAMO RECTO,INCLINADA,AFIRMADO,,,,,IMPRUDENCIA DEL CONDUCTOR,OTRO (IMPRUDENCIA DEL CONDUCTOR),2.0,0,2024.0,10.0,5.0,1,0,3,1,0.0,1.0,1.0,2.0,0,0,25.0,0.0,0,1,1,0.0,1.0,1
A-2024-10-39,2024-10-19,04:00,DESPISTE,1,0,1,AREQUIPA,CAYLLOMA,CAYLLOMA,RURAL,CARRETERA,PROVINCIAL,AR-670,-14.947921,-71.841403,DESPEJADO,RESIDENCIAL,INTERSECCIÓN,PLANA ,ASFALTADA,,,,,EN PROCESO DE INVESTIGACIÓN,NO CUENTA CON CAUSA ESPECIFICA,4.0,0,2024.0,10.0,5.0,1,0,3,0,0.0,0.0,0.0,0.0,0,0,17.0,0.0,0,0,1,0.0,0.0,1
A-2024-10-67,2024-10-19,06:40,DESPISTE,1,0,1,AYACUCHO,HUAMANGA,VINCHOS,RURAL,CARRETERA,NACIONAL,PE-28A,-13.349243,-74.396823,DESPEJADO,RURAL,TRAMO RECTO,PLANA ,ASFALTADA,SI,PREVENTIVA (P),,NO,IMPRUDENCIA DEL CONDUCTOR,FATIGA Y/O CANSANCIO,6.0,0,2024.0,10.0,5.0,1,1,3,1,0.0,0.0,0.0,0.0,0,1,26.5,2.1213203435596424,0,1,2,0.0,0.5,0
A-2024-10-99,2024-10-19,09:10,ATROPELLO,1,0,0,LIMA,LIMA,SAN MARTIN DE PORRES,URBANA,AVENIDA,URBANO,NO CORRESPONDE,-12.01365272820554,-77.08747384198611,DESPEJADO,RESIDENCIAL,CURVA,PLANA ,ASFALTADA,,,,,EN PROCESO DE INVESTIGACIÓN,NO CUENTA CON CAUSA ESPECIFICA,9.0,0,2024.0,10.0,5.0,1,1,3,0,1.0,0.0,0.0,1.0,0,0,62.5,33.23401871576773,0,1,2,0.0,0.5,0
A-2024-10-51,2024-10-19,11:30,ATROPELLO,1,0,1,LIMA,LIMA,PUENTE PIEDRA,URBANA,CARRETERA,NACIONAL,PE-1N,-11.829948069211149,-77.1179186448279,DESPEJADO,COMERCIAL,INTERSECCIÓN,PLANA ,ASFALTADA,SI,INFORMATIVA (I),REGULADORA (R),NO,IMPRUDENCIA DEL PEATÓN,OTRO (IMPRUDENCIA DEL PEATÓN),11.0,0,2024.0,10.0,5.0,1,1,3,0,0.0,0.0,0.0,0.0,0,1,47.0,5.656854249492381,1,1,2,0.5,0.5,0
A-2024-10-16,2024-10-19,12:55,DESPISTE,1,3,1,AREQUIPA,AREQUIPA,SABANDIA,URBANA,CARRETERA,DEPARTAMENTAL,AR-118,-16.454343881502,-71.494873187936,DESPEJADO,COMERCIAL,TRAMO RECTO,PLANA ,ADOQUINADO,,,,,EN PROCESO DE INVESTIGACIÓN,NO CUENTA CON CAUSA ESPECIFICA,12.0,0,2024.0,10.0,5.0,1,2,3,0,0.0,0.0,1.0,1.0,0,0,34.75,28.464890654980568,0,1,4,0.0,0.25,0
A-2024-10-118,2024-10-19,17:10,ATROPELLO,1,0,1,CUSCO,CALCA,YANATILE,RURAL,CARRETERA,SIN CLASIFICAR,SIN CLASIFICAR,-12.699836,-72.33489,DESPEJADO,RURAL,CURVA,PLANA ,AFIRMADO,,,,,IMPRUDENCIA DEL CONDUCTOR,NO DAR PASO PREFERENTE AL PEATÓN,17.0,0,2024.0,10.0,5.0,1,2,3,1,0.0,0.0,1.0,1.0,0,0,59.5,19.091883092036785,0,0,2,0.0,0.0,0
A-2024-10-100,2024-10-19,18:00,ATROPELLO,1,0,0,LIMA,LIMA,PUEBLO LIBRE,URBANA,AVENIDA,URBANO,NO CORRESPONDE,-12.07219512969586,-77.0514710142701,DESPEJADO,COMERCIAL,TRAMO RECTO,PLANA ,ASFALTADA,NO,,,SI,EN PROCESO DE INVESTIGACIÓN,NO CUENTA CON CAUSA ESPECIFICA,18.0,0,2024.0,10.0,5.0,1,3,3,0,1.0,0.0,0.0,1.0,0,1,50.5,7.7781745930520225,0,1,2,0.0,0.5,1
A-2024-10-101,2024-10-19,20:40,ATROPELLO,1,0,0,LIMA,LIMA,ATE,URBANA,AVENIDA,URBANO,NO CORRESPONDE,-12.03226570283984,-76.92647944586156,DESPEJADO,COMERCIAL,TRAMO RECTO,PLANA ,ASFALTADA,,,,,EN PROCESO DE INVESTIGACIÓN,NO CUENTA CON CAUSA ESPECIFICA,20.0,0,2024.0,10.0,5.0,1,3,3,0,1.0,0.0,0.0,1.0,0,0,40.0,0.0,0,1,2,0.0,0.5,1
A-2024-10-4,2024-10-19,22:10,CHOQUE CON OBJETO FIJO,1,0,0,PUNO,PUNO,PAUCARCOLLA,RURAL,CARRETERA,NACIONAL,PE-3S,-15.6968927,-70.0677829,,,,,,,,,,EN PROCESO DE INVESTIGACIÓN,NO CUENTA CON CAUSA ESPECIFICA,22.0,0,2024.0,10.0,5.0,1,3,3,1,0.0,1.0,1.0,2.0,0,0,35.0,0.0,0,0,1,0.0,0.0,1
A-2024-10-83,2024-10-19,23:00,DESPISTE,1,7,1,CAJAMARCA,JAEN,SAN JOSE DEL ALTO,RURAL,CARRETERA,NACIONAL,PE-02B,-5.472318,-78.961161,DESPEJADO,RURAL,CURVA,INCLINADA,AFIRMADO,,,,,IMPRUDENCIA DEL CONDUCTOR,OTRO (IMPRUDENCIA DEL CONDUCTOR),23.0,0,2024.0,10.0,5.0,1,3,3,1,0.0,1.0,1.0,2.0,0,0,55.625,13.731481035510024,0,1,8,0.0,0.125,1
A-2024-10-28,2024-10-20,05:00,DESPISTE,1,0,1,SAN MARTIN,RIOJA,NUEVA CAJAMARCA,RURAL,CARRETERA,NACIONAL,PE-5N,-5.88131,-77.3373,DESPEJADO,RURAL,TRAMO RECTO,PLANA ,ASFALTADA,,,,,IMPRUDENCIA DEL CONDUCTOR,OTRO (IMPRUDENCIA DEL CONDUCTOR),5.0,0,2024.0,10.0,6.0,1,0,3,2,0.0,0.0,0.0,0.0,0,0,18.0,0.0,0,0,1,0.0,0.0,1
A-2024-10-17,2024-10-20,17:00,CHOQUE,1,0,0,PUNO,PUNO,PAUCARCOLLA,RURAL,CARRETERA,NACIONAL,PE-3S,-15.750106169001928,-70.05283009574735,,,,,,,,,,IMPRUDENCIA DEL CONDUCTOR,CONDUCIR EN ESTADO DE EBRIEDAD Y/O DROGADICCIÓN,17.0,0,2024.0,10.0,6.0,1,2,3,1,0.0,1.0,1.0,2.0,0,0,41.5,2.1213203435596424,0,0,2,0.0,0.0,0
A-2024-10-29,2024-10-20,18:30,ATROPELLO,1,0,1,SAN MARTIN,RIOJA,NUEVA CAJAMARCA,URBANA,CARRETERA,NACIONAL,PE-5N,-5.806079,-77.398141,DESPEJADO,COMERCIAL,TRAMO RECTO,PLANA ,ASFALTADA,,,,,IMPRUDENCIA DEL PEATÓN,OTRO (IMPRUDENCIA DEL PEATÓN),18.0,0,2024.0,10.0,6.0,1,3,3,2,0.0,0.0,0.0,0.0,0,0,45.0,36.76955262170047,0,0,2,0.0,0.0,1
A-2024-10-105,2024-10-20,21:15,CHOQUE,1,0,0,LIMA,LIMA,SAN JUAN DE LURIGANCHO,URBANA,AVENIDA,URBANO,NO CORRESPONDE,-11.970517398662444,-77.00579345896607,DESPEJADO,ESCOLAR,INTERSECCIÓN,INCLINADA,ASFALTADA,,,,,EN PROCESO DE INVESTIGACIÓN,NO CUENTA CON CAUSA ESPECIFICA,21.0,0,2024.0,10.0,6.0,1,3,3,0,1.0,1.0,0.0,2.0,0,0,33.666666666666664,18.175074506954115,0,1,3,0.0,0.333,1
A-2024-10-80,2024-10-21,00:50,DESPISTE,1,0,1,CAJAMARCA,CHOTA,CHOTA,URBANA,AVENIDA,URBANO,NO CORRESPONDE,-6.562292,-78.644627,DESPEJADO,COMERCIAL,CURVA,PLANA ,ASFALTADA,,,,,EN PROCESO DE INVESTIGACIÓN,NO CUENTA CON CAUSA ESPECIFICA,0.0,0,2024.0,10.0,0.0,0,0,3,1,1.0,0.0,0.0,1.0,0,0,17.0,0.0,0,0,2,0.0,0.0,1
A-2024-10-102,2024-10-21,02:10,CHOQUE,1,0,0,LIMA,LIMA,SAN MARTIN DE PORRES,URBANA,AVENIDA,URBANO,NO CORRESPONDE,-12.03054003853724,-77.08825772304178,DESPEJADO,COMERCIAL,INTERSECCIÓN,PLANA ,ASFALTADA,,,,,IMPRUDENCIA DEL CONDUCTOR,CONDUCIR EN ESTADO DE EBRIEDAD Y/O DROGADICCIÓN,2.0,0,2024.0,10.0,0.0,0,0,3,0,1.0,0.0,0.0,1.0,0,0,34.5,4.949747468305833,0,2,2,0.0,1.0,1
A-2024-10-22,2024-10-21,03:00,DESPISTE,1,0,1,LA LIBERTAD,SANCHEZ CARRION,CURGOS,RURAL,CARRETERA,DEPARTAMENTAL,LI-134,-7.8940277778,-77.947583333,DESPEJADO,RURAL,TRAMO RECTO,PLANA ,TROCHA,,,,,IMPRUDENCIA DEL CONDUCTOR,FATIGA Y/O CANSANCIO,3.0,0,2024.0,10.0,0.0,0,0,3,0,0.0,0.0,2.0,2.0,0,0,27.0,8.48528137423857,0,1,2,0.0,0.5,1
A-2024-10-103,2024-10-21,15:00,ATROPELLO,1,0,0,CALLAO,CALLAO,CALLAO,URBANA,AVENIDA,URBANO,NO CORRESPONDE,-12.05144404667245,-77.0853240936385,DESPEJADO,COMERCIAL,INTERSECCIÓN,PLANA ,ASFALTADA,,,,,EN PROCESO DE INVESTIGACIÓN,NO CUENTA CON CAUSA ESPECIFICA,15.0,0,2024.0,10.0,0.0,0,2,3,0,1.0,0.0,0.0,1.0,0,0,37.5,10.606601717798213,0,1,2,0.0,0.5,0
A-2024-10-104,2024-10-21,20:30,ATROPELLO FUGA,1,0,0,LIMA,LIMA,VILLA EL SALVADOR,URBANA,AVENIDA,URBANO,NO CORRESPONDE,-12.215251540607827,-76.93236728543265,DESPEJADO,COMERCIAL,TRAMO RECTO,PLANA ,ASFALTADA,,,,,EN PROCESO DE INVESTIGACIÓN,NO CUENTA CON CAUSA ESPECIFICA,20.0,0,2024.0,10.0,0.0,0,3,3,0,1.0,0.0,0.0,1.0,0,0,60.0,0.0,0,0,2,0.0,0.0,1
A-2024-10-41,2024-10-22,15:40,ATROPELLO,1,0,0,AREQUIPA,AREQUIPA,CAYMA,URBANA,JIRÓN,URBANO,NO CORRESPONDE,-16.349747,-71.548487,DESPEJADO,RESIDENCIAL,INTERSECCIÓN,PLANA ,ASFALTADA,,,,,EN PROCESO DE INVESTIGACIÓN,NO CUENTA CON CAUSA ESPECIFICA,15.0,0,2024.0,10.0,1.0,0,2,3,0,1.0,0.0,0.0,1.0,0,0,65.5,20.506096654409877,0,1,2,0.0,0.5,0
A-2024-10-81,2024-10-22,18:15,DESPISTE,1,2,1,CAJAMARCA,CAJABAMBA,CONDEBAMBA,URBANA,CARRETERA,NACIONAL,PE-3N,-7.569672,-78.139411,DESPEJADO,COMERCIAL,TRAMO RECTO,PLANA ,ASFALTADA,,,,,IMPRUDENCIA DEL CONDUCTOR,EXCESO DE VELOCIDAD,18.0,0,2024.0,10.0,1.0,0,3,3,1,0.0,0.0,0.0,0.0,0,0,20.666666666666668,18.502252115170556,0,1,3,0.0,0.333,1
A-2024-10-40,2024-10-22,18:30,DESPISTE,1,0,1,AREQUIPA,AREQUIPA,YURA,RURAL,CARRETERA,PROVINCIAL,AR-711,-16.1989715144,-71.6896657288,DESPEJADO,RURAL,CURVA,PLANA ,ASFALTADA,,,,,EN PROCESO DE INVESTIGACIÓN,NO CUENTA CON CAUSA ESPECIFICA,18.0,0,2024.0,10.0,1.0,0,3,3,0,0.0,0.0,0.0,0.0,0,0,39.0,0.0,0,0,1,0.0,0.0,1
A-2024-10-106,2024-10-23,02:00,CHOQUE,1,1,0,LIMA,LIMA,LA VICTORIA,URBANA,AVENIDA,URBANO,NO CORRESPONDE,-12.089157932744463,-77.01169798641595,DESPEJADO,COMERCIAL,OTRO,INCLINADA,ASFALTADA,SI,REGULADORA (R),INFORMATIVA (I),SI,IMPRUDENCIA DEL CONDUCTOR,OTRO (IMPRUDENCIA DEL CONDUCTOR),2.0,0,2024.0,10.0,2.0,0,0,3,0,1.0,1.0,0.0,2.0,0,0,43.333333333333336,21.22105872319601,0,2,3,0.0,0.667,1
A-2024-10-33,2024-10-23,20:30,ATROPELLO,1,0,1,SAN MARTIN,MOYOBAMBA,MOYOBAMBA,RURAL,CARRETERA,SIN CLASIFICAR,SIN CLASIFICAR,-5.961061,-76.996591,DESPEJADO,RURAL,CURVA,INCLINADA,ASFALTADA,SI,PREVENTIVA (P),PREVENTIVA (P),NO,EN PROCESO DE INVESTIGACIÓN,NO CUENTA CON CAUSA ESPECIFICA,20.0,0,2024.0,10.0,2.0,0,3,3,2,0.0,1.0,0.0,1.0,0,1,45.0,19.79898987322333,0,1,2,0.0,0.5,1
A-2024-10-107,2024-10-24,04:50,CHOQUE,2,3,0,LIMA,LIMA,CARABAYLLO,URBANA,AVENIDA,URBANO,NO CORRESPONDE,-11.84051799652794,-76.99915497563767,DESPEJADO,COMERCIAL,CURVA,PLANA ,ASFALTADA,NO,,,SI,EN PROCESO DE INVESTIGACIÓN,NO CUENTA CON CAUSA ESPECIFICA,4.0,1,2024.0,10.0,3.0,0,0,3,0,1.0,0.0,0.0,1.0,0,1,50.666666666666664,14.746751054610867,0,2,6,0.0,0.333,1
A-2024-10-42,2024-10-24,11:40,CHOQUE,1,1,0,AREQUIPA,CAYLLOMA,SAN ANTONIO DE CHUCA,RURAL,CARRETERA,NACIONAL,PE-34A,-15.8148516603397,-71.0664846432553,DESPEJADO,RURAL,TRAMO RECTO,PLANA ,ASFALTADA,,,,,EN PROCESO DE INVESTIGACIÓN,NO CUENTA CON CAUSA ESPECIFICA,11.0,0,2024.0,10.0,3.0,0,1,3,0,0.0,0.0,0.0,0.0,0,0,39.5,10.606601717798213,0,2,2,0.0,1.0,0
A-2024-10-23,2024-10-24,18:55,CHOQUE,1,0,2,LA LIBERTAD,TRUJILLO,SALAVERRY,RURAL,CARRETERA,NACIONAL,PE-1N,-8.17953222,-78.99108512,DESPEJADO,RURAL,TRAMO RECTO,PLANA ,ASFALTADA,,,,,EN PROCESO DE INVESTIGACIÓN,NO CUENTA CON CAUSA ESPECIFICA,18.0,0,2024.0,10.0,3.0,0,3,3,0,0.0,0.0,0.0,0.0,0,0,48.0,19.79898987322333,0,2,2,0.0,1.0,1
A-2024-10-108,2024-10-24,21:00,ATROPELLO,1,0,0,LIMA,LIMA,EL AGUSTINO,URBANA,AVENIDA,URBANO,NO CORRESPONDE,-12.05189793557219,-77.00329128604257,DESPEJADO,COMERCIAL,INTERSECCIÓN,PLANA ,ASFALTADA,,,,,EN PROCESO DE INVESTIGACIÓN,NO CUENTA CON CAUSA ESPECIFICA,21.0,0,2024.0,10.0,3.0,0,3,3,0,1.0,0.0,0.0,1.0,0,0,59.0,12.727922061357855,0,1,2,0.0,0.5,1
A-2024-10-43,2024-10-26,06:38,CHOQUE,3,2,0,AREQUIPA,AREQUIPA,UCHUMAYO,RURAL,CARRETERA,DEPARTAMENTAL,AR-115,-16.487548,-71.623516,DESPEJADO,RURAL,CURVA,PLANA ,ASFALTADA,,,,,EN PROCESO DE INVESTIGACIÓN,NO CUENTA CON CAUSA ESPECIFICA,6.0,2,2024.0,10.0,5.0,1,1,3,0,0.0,0.0,0.0,0.0,0,0,30.333333333333332,22.17806724371325,0,2,6,0.0,0.333,0
A-2024-10-36,2024-10-26,11:30,DESPISTE,1,33,2,TUMBES,CONTRALMIRANTE VILLAR,ZORRITOS,RURAL,CARRETERA,NACIONAL,PE-1N,-3.7184627680260296,-80.75308440282073,SOLEADO,RURAL,CURVA,INCLINADA,ASFALTADA,,,,,IMPRUDENCIA DEL CONDUCTOR,OTRO (IMPRUDENCIA DEL CONDUCTOR),11.0,0,2024.0,10.0,5.0,1,1,3,0,0.0,1.0,0.0,1.0,0,0,25.676470588235293,15.797430915481536,0,1,34,0.0,0.029,0
A-2024-10-72,2024-10-26,14:30,DESPISTE,1,0,0,CUSCO,LA CONVENCION,HUAYOPATA,RURAL,CARRETERA,NACIONAL,PE-28B,-13.030966,-72.474889,DESPEJADO,RURAL,CURVA,PLANA ,CONCRETO,,,,,IMPRUDENCIA DEL CONDUCTOR,FATIGA Y/O CANSANCIO,14.0,0,2024.0,10.0,5.0,1,2,3,1,0.0,0.0,0.0,0.0,0,0,69.0,0.0,0,1,1,0.0,1.0,0
A-2024-10-24,2024-10-26,17:15,DESPISTE,1,4,1,LA LIBERTAD,SANCHEZ CARRION,HUAMACHUCO,RURAL,CARRETERA,NACIONAL,PE-3N,-7.902365213998411,-78.13209083165182,DESPEJADO,RURAL,TRAMO RECTO,PLANA ,AFIRMADO,,,,,IMPRUDENCIA DEL CONDUCTOR,OTRO (IMPRUDENCIA DEL CONDUCTOR),17.0,0,2024.0,10.0,5.0,1,2,3,0,0.0,0.0,1.0,1.0,0,0,26.333333333333332,11.552777443829974,0,1,6,0.0,0.167,0
A-2024-10-30,2024-10-26,18:49,CHOQUE,1,0,2,PUNO,EL COLLAO,ILAVE,RURAL,CARRETERA,PROVINCIAL,PU-1149,-16.059387,-69.620865,DESPEJADO,RURAL,TRAMO RECTO,PLANA ,ASFALTADA,,,,,IMPRUDENCIA DEL CONDUCTOR,INVASIÓN DE CARRIL,18.0,0,2024.0,10.0,5.0,1,3,3,1,0.0,0.0,0.0,0.0,0,0,46.0,43.840620433565945,0,0,2,0.0,0.0,1
A-2024-10-37,2024-10-27,06:00,ATROPELLO,1,1,2,SAN MARTIN,RIOJA,RIOJA,RURAL,CARRETERA,NACIONAL,PE-5N,-6.003299,-77.258576,DESPEJADO,RURAL,TRAMO RECTO,PLANA ,ASFALTADA,,,,,IMPRUDENCIA DEL CONDUCTOR,OTRO (IMPRUDENCIA DEL CONDUCTOR),6.0,0,2024.0,10.0,6.0,1,1,3,2,0.0,0.0,0.0,0.0,0,0,27.333333333333332,12.503332889007368,0,0,3,0.0,0.0,0
A-2024-10-116,2024-10-27,07:40,CHOQUE,1,0,0,LIMA,LIMA,SANTIAGO DE SURCO,URBANA,AVENIDA,URBANO,NO CORRESPONDE,-12.149741609104453,-76.98709475687463,DESPEJADO,COMERCIAL,CURVA,PLANA ,ASFALTADA,,,,,EN PROCESO DE INVESTIGACIÓN,NO CUENTA CON CAUSA ESPECIFICA,7.0,0,2024.0,10.0,6.0,1,1,3,0,1.0,0.0,0.0,1.0,0,0,32.5,10.606601717798213,0,1,2,0.0,0.5,0
A-2024-10-109,2024-10-27,12:40,DESPISTE,1,0,0,LIMA,LIMA,LA MOLINA,URBANA,CARRETERA,NACIONAL,PE-1S,-12.07308731864632,-76.97379610224523,DESPEJADO,ESCOLAR,INTERSECCIÓN,PLANA ,ASFALTADA,,,,,EN PROCESO DE INVESTIGACIÓN,NO CUENTA CON CAUSA ESPECIFICA,12.0,0,2024.0,10.0,6.0,1,2,3,0,0.0,0.0,0.0,0.0,0,0,44.0,0.0,0,0,1,0.0,0.0,0
A-2024-10-84,2024-10-27,15:30,CHOQUE,1,2,2,CAJAMARCA,JAEN,JAEN,RURAL,CARRETERA,NACIONAL,PE-5N,-5.800526005,-78.77805801,DESPEJADO,RURAL,TRAMO RECTO,PLANA ,ASFALTADA,,,,,EN PROCESO DE INVESTIGACIÓN,NO CUENTA CON CAUSA ESPECIFICA,15.0,0,2024.0,10.0,6.0,1,2,3,1,0.0,0.0,0.0,0.0,0,0,40.666666666666664,30.0055550412475,0,1,4,0.0,0.25,0
A-2024-10-86,2024-10-27,18:41,CHOQUE,1,0,0,CUSCO,ANTA,ANTA,RURAL,CARRETERA,NACIONAL,PE-3S,-13.473334,-72.15645,DESPEJADO,RURAL,TRAMO RECTO,PLANA ,ASFALTADA,,,,,IMPRUDENCIA DEL CONDUCTOR,CONDUCIR EN ESTADO DE EBRIEDAD Y/O DROGADICCIÓN,18.0,0,2024.0,10.0,6.0,1,3,3,1,0.0,0.0,0.0,0.0,0,0,49.0,21.213203435596427,1,0,2,0.5,0.0,1
A-2024-10-111,2024-10-27,18:50,CHOQUE,1,1,0,LIMA,LIMA,VILLA EL SALVADOR,URBANA,CARRETERA,NACIONAL,PE-1S,-12.24230019417219,-76.94443531208574,DESPEJADO,INDUSTRIAL,TRAMO RECTO,PLANA ,ASFALTADA,,,,,EN PROCESO DE INVESTIGACIÓN,NO CUENTA CON CAUSA ESPECIFICA,18.0,0,2024.0,10.0,6.0,1,3,3,0,0.0,0.0,0.0,0.0,0,0,62.333333333333336,11.676186592091332,0,0,3,0.0,0.0,1
A-2024-10-110,2024-10-27,19:15,DESPISTE,1,0,0,LIMA,LIMA,LURIN,URBANA,AVENIDA,URBANO,NO CORRESPONDE,-12.279974880069188,-76.87612210383425,DESPEJADO,INDUSTRIAL,TRAMO RECTO,PLANA ,ASFALTADA,,,,,EN PROCESO DE INVESTIGACIÓN,NO CUENTA CON CAUSA ESPECIFICA,19.0,0,2024.0,10.0,6.0,1,3,3,0,1.0,0.0,0.0,1.0,0,0,23.0,0.0,0,1,1,0.0,1.0,1
A-2024-10-114,2024-10-27,20:10,ATROPELLO,1,0,0,LIMA,LIMA,LOS OLIVOS,URBANA,AVENIDA,URBANO,NO CORRESPONDE,-11.995942722966085,-77.08386123229786,DESPEJADO,COMERCIAL,INTERSECCIÓN,PLANA ,ASFALTADA,,,,,EN PROCESO DE INVESTIGACIÓN,NO CUENTA CON CAUSA ESPECIFICA,20.0,0,2024.0,10.0,6.0,1,3,3,0,1.0,0.0,0.0,1.0,0,0,61.0,1.4142135623730951,0,1,2,0.0,0.5,1
A-2024-10-112,2024-10-27,20:40,ATROPELLO FUGA,1,0,0,LIMA,LIMA,SAN JUAN DE LURIGANCHO,URBANA,AVENIDA,URBANO,NO CORRESPONDE,-11.96297459216236,-76.98040688295917,DESPEJADO,COMERCIAL,TRAMO RECTO,INCLINADA,ASFALTADA,,,,,EN PROCESO DE INVESTIGACIÓN,NO CUENTA CON CAUSA ESPECIFICA,20.0,0,2024.0,10.0,6.0,1,3,3,0,1.0,1.0,0.0,2.0,0,0,59.0,0.0,0,0,2,0.0,0.0,1
A-2024-10-25,2024-10-27,21:00,DESPISTE,4,0,1,LA LIBERTAD,PATAZ,BULDIBUYO,RURAL,CARRETERA,SIN CLASIFICAR,SIN CLASIFICAR,-8.10049640506016,-77.3155814047431,DESPEJADO,RURAL,TRAMO RECTO,PLANA ,ASFALTADA,,,,,EN PROCESO DE INVESTIGACIÓN,NO CUENTA CON CAUSA ESPECIFICA,21.0,2,2024.0,10.0,6.0,1,3,3,0,0.0,0.0,0.0,0.0,0,0,49.5,19.908122295518815,0,1,4,0.0,0.25,1
A-2024-10-113,2024-10-28,02:15,DESPISTE,1,0,0,LIMA,LIMA,CHORRILLOS,URBANA,CARRETERA,NACIONAL,PE-1S,-12.20297238697622,-76.97422639407436,DESPEJADO,INDUSTRIAL,TRAMO RECTO,PLANA ,ASFALTADA,,,,,EN PROCESO DE INVESTIGACIÓN,NO CUENTA CON CAUSA ESPECIFICA,2.0,0,2024.0,10.0,0.0,0,0,3,0,0.0,0.0,0.0,0.0,0,0,45.0,0.0,0,1,1,0.0,1.0,1
A-2024-10-31,2024-10-28,06:38,CHOQUE,1,0,2,PUNO,PUNO,PICHACANI,RURAL,CARRETERA,NACIONAL,PE-36B,-16.053277403549732,-70.00857881806755,DESPEJADO,RURAL,TRAMO RECTO,PLANA ,ASFALTADA,,,,,IMPRUDENCIA DEL CONDUCTOR,ADELANTAR INDEBIDAMENTE,6.0,0,2024.0,10.0,0.0,0,1,3,1,0.0,0.0,0.0,0.0,0,0,40.5,24.748737341529164,0,1,2,0.0,0.5,0
A-2024-10-38,2024-10-28,07:00,DESPISTE,1,0,1,SAN MARTIN,RIOJA,RIOJA,RURAL,CARRETERA,PROVINCIAL,SM-609,-6.097813,-77.153127,LLUVIOSO,RURAL,TRAMO RECTO,PLANA ,ASFALTADA,,,,,IMPRUDENCIA DEL CONDUCTOR,OTRO (IMPRUDENCIA DEL CONDUCTOR),7.0,0,2024.0,10.0,0.0,0,1,3,2,0.0,0.0,0.0,0.0,1,0,55.0,0.0,0,0,1,0.0,0.0,0
A-2024-10-44,2024-10-28,17:50,CHOQUE,2,0,0,AREQUIPA,ISLAY,COCACHACRA,RURAL,CARRETERA,NACIONAL,PE-1S,-16.91296,-71.834013,DESPEJADO,RURAL,TRAMO RECTO,PLANA ,ASFALTADA,,,,,EN PROCESO DE INVESTIGACIÓN,NO CUENTA CON CAUSA ESPECIFICA,17.0,1,2024.0,10.0,0.0,0,2,3,0,0.0,0.0,0.0,0.0,0,0,26.0,9.899494936611665,0,2,2,0.0,1.0,0
A-2024-10-121,2024-10-28,19:30,CHOQUE FUGA,1,0,1,CUSCO,ESPINAR,ESPINAR,RURAL,CARRETERA,NACIONAL,PE-3SG,-14.823718,-71.31396,DESPEJADO,RURAL,TRAMO RECTO,PLANA ,AFIRMADO,,,,,IMPRUDENCIA DEL CONDUCTOR,INVASIÓN DE CARRIL,19.0,0,2024.0,10.0,0.0,0,3,3,1,0.0,0.0,1.0,1.0,0,0,54.0,0.0,0,0,2,0.0,0.0,1