CODIGO_SINIESTRO,FECHA_SINIESTRO,HORA_SINIESTRO,CLASE_SINIESTRO,CANTIDAD_FALLECIDOS,CANTIDAD_LESIONADOS,CANTIDAD_VEHICULOS,DEPARTAMENTO,PROVINCIA,DISTRITO,ZONA,TIPO_VIA,RED_VIAL,COD_CARRETERA,LATITUD,LONGITUD,CONDICION_CLIMATICA,ZONIFICACION,CARACTERISTICAS_VIA,PERFIL_VIA,SUPERFICIE_CALZADA,EXISTE_SENIAL_VERTICAL,CLASIFICACION_SENIAL_VERTICAL_1,CLASIFICACION_SENIAL_VERTICAL_2,EXISTE_SENIAL_HORIZONTAL,CAUSA_FACTOR_PRINCIPAL,CAUSA_ESPECIFICA,HORA,severidad,ANIO,MES,DIA_SEMANA,FIN_SEMANA,FRANJA_HORARIA,TEMPORADA,MACROREGION,TIPO_VIA_SCORE,PERFIL_VIA_SCORE,SUPERFICIE_CALZADA_SCORE,RIESGO_INFRAESTRUCTURA,RIESGO_CLIMATICO,SENIALIZACION_DEFICIENTE,EDAD_PROMEDIO,EDAD_STD,TOTAL_ALCOHOL,TOTAL_LICENCIA,TOTAL_PERSONAS,PCT_ALCOHOL,PCT_LICENCIA,ES_NOCHE
A-2024-10-26,2024-10-29,10:30,CHOQUE,1,0,2,LA LIBERTAD,TRUJILLO,TRUJILLO,RURAL,CARRETERA,NACIONAL,PE-10A,-8.11070019432683,-78.9978807729408,DESPEJADO,RURAL,TRAMO RECTO,PLANA ,ASFALTADA,,,,,IMPRUDENCIA DEL CONDUCTOR,ADELANTAR INDEBIDAMENTE,10.0,0,2024.0,10.0,1.0,0,1,3,0,0.0,0.0,0.0,0.0,0,0,30.333333333333332,9.451631252505218,0,1,3,0.0,0.333,0
A-2024-10-69,2024-10-29,11:40,CHOQUE,1,0,0,CUSCO,PAUCARTAMBO,CHALLABAMBA,RURAL,CARRETERA,PROVINCIAL,CU-991,-13.127077,-71.733965,DESPEJADO,RURAL,CURVA,PLANA ,AFIRMADO,,,,,IMPERICIA DEL CONDUCTOR,,11.0,0,2024.0,10.0,1.0,0,1,3,1,0.0,0.0,1.0,1.0,0,0,29.5,9.192388155425117,0,1,2,0.0,0.5,0
A-2024-10-47,2024-10-29,13:20,DESPISTE,1,2,1,ICA,CHINCHA,CHINCHA BAJA,RURAL,CARRETERA,NACIONAL,PE-1SE,-13.532677,-76.183176,DESPEJADO,RURAL,TRAMO RECTO,PLANA ,ASFALTADA,SI,REGULADORA (R),,NO,EN PROCESO DE INVESTIGACIÓN,NO CUENTA CON CAUSA ESPECIFICA,13.0,0,2024.0,10.0,1.0,0,2,3,0,0.0,0.0,0.0,0.0,0,1,58.0,7.0,0,1,3,0.0,0.333,0
A-2024-10-27,2024-10-29,19:40,ATROPELLO FUGA,1,0,0,LA LIBERTAD,TRUJILLO,MOCHE,RURAL,CARRETERA,NACIONAL,PE-1N,-8.1584946911,-79.0122101523,DESPEJADO,RURAL,TRAMO RECTO,PLANA ,ASFALTADA,,,,,EN PROCESO DE INVESTIGACIÓN,NO CUENTA CON CAUSA ESPECIFICA,19.0,0,2024.0,10.0,1.0,0,3,3,0,0.0,0.0,0.0,0.0,0,0,73.0,0.0,0,0,2,0.0,0.0,1
A-2024-10-115,2024-10-30,00:00,ATROPELLO,1,0,0,LIMA,LIMA,SAN MIGUEL,URBANA,AVENIDA,URBANO,NO CORRESPONDE,-12.07796771263166,-77.08851208524169,DESPEJADO,COMERCIAL,INTERSECCIÓN,PLANA ,ASFALTADA,SI,INFORMATIVA (I),,SI,EN PROCESO DE INVESTIGACIÓN,NO CUENTA CON CAUSA ESPECIFICA,0.0,0,2024.0,10.0,2.0,0,0,3,0,1.0,0.0,0.0,1.0,0,0,57.5,38.890872965260115,0,1,2,0.0,0.5,1
A-2024-10-53,2024-10-30,12:50,ATROPELLO FUGA,1,0,0,CALLAO,CALLAO,CALLAO,URBANA,AVENIDA,URBANO,NO CORRESPONDE,-12.0245005646918,-77.0986984334239,,,,,,,,,,EN PROCESO DE INVESTIGACIÓN,NO CUENTA CON CAUSA ESPECIFICA,12.0,0,2024.0,10.0,2.0,0,2,3,0,1.0,1.0,1.0,3.0,0,0,28.0,0.0,0,0,2,0.0,0.0,0
A-2024-10-66,2024-10-30,13:00,ATROPELLO,1,0,0,CALLAO,CALLAO,CALLAO,URBANA,AVENIDA,URBANO,NO CORRESPONDE,-12.02403423,-77.09878906,DESPEJADO,COMERCIAL,TRAMO RECTO,PLANA ,ASFALTADA,,,,,EN PROCESO DE INVESTIGACIÓN,NO CUENTA CON CAUSA ESPECIFICA,13.0,0,2024.0,10.0,2.0,0,2,3,0,1.0,0.0,0.0,1.0,0,0,28.0,0.0,0,0,2,0.0,0.0,0
A-2024-10-85,2024-10-30,15:30,CHOQUE,1,1,1,CAJAMARCA,CONTUMAZA,TANTARICA,URBANA,CARRETERA,NACIONAL,PE-08,-7.216566,-78.915727,DESPEJADO,COMERCIAL,CURVA,PLANA ,ASFALTADA,SI,PREVENTIVA (P),,NO,IMPRUDENCIA DEL CONDUCTOR,EXCESO DE VELOCIDAD,15.0,0,2024.0,10.0,2.0,0,2,3,1,0.0,0.0,0.0,0.0,0,1,34.0,18.027756377319946,0,1,3,0.0,0.333,0
A-2024-10-45,2024-10-30,18:00,CHOQUE,1,0,0,AREQUIPA,AREQUIPA,MARIANO MELGAR,URBANA,CALLE,URBANO,NO CORRESPONDE,-16.4040287708471,-71.4892909896521,SOLEADO,COMERCIAL,INTERSECCIÓN,PLANA ,ASFALTADA,,,,,EN PROCESO DE INVESTIGACIÓN,NO CUENTA CON CAUSA ESPECIFICA,18.0,0,2024.0,10.0,2.0,0,3,3,0,2.0,0.0,0.0,2.0,0,0,19.5,14.849242404917497,0,0,2,0.0,0.0,1
A-2024-10-122,2024-10-31,06:20,DESPISTE,1,0,0,CUSCO,LA CONVENCION,QUELLOUNO,RURAL,CARRETERA,DEPARTAMENTAL,CU-105,-12.6078,-72.52945,,,,,,,,,,EN PROCESO DE INVESTIGACIÓN,NO CUENTA CON CAUSA ESPECIFICA,6.0,0,2024.0,10.0,3.0,0,1,3,1,0.0,1.0,1.0,2.0,0,0,43.0,0.0,0,1,1,0.0,1.0,0
A-2024-10-32,2024-10-31,07:40,CHOQUE,1,0,2,PUNO,PUNO,PUNO,URBANA,JIRÓN,URBANO,NO CORRESPONDE,-15.839364,-70.03016,DESPEJADO,COMERCIAL,INTERSECCIÓN,PLANA ,ASFALTADA,SI,REGULADORA (R),,NO,IMPRUDENCIA DEL CONDUCTOR,DESACATO DE SEÑAL DE TRÁNSITO,7.0,0,2024.0,10.0,3.0,0,1,3,1,1.0,0.0,0.0,1.0,0,1,34.333333333333336,11.015141094572206,0,2,3,0.0,0.667,0
A-2024-10-52,2024-10-31,10:30,ATROPELLO,1,0,1,CALLAO,CALLAO,VENTANILLA,URBANA,CALLE,URBANO,NO CORRESPONDE,-11.82892452,-77.15770864,DESPEJADO,COMERCIAL,OTRO,PLANA ,AFIRMADO,,,,,IMPRUDENCIA DEL CONDUCTOR,OTRO (IMPRUDENCIA DEL CONDUCTOR),10.0,0,2024.0,10.0,3.0,0,1,3,0,2.0,0.0,1.0,3.0,0,0,53.0,28.284271247461902,0,1,2,0.0,0.5,0
A-2024-10-34,2024-10-31,14:00,CHOQUE FUGA,1,0,1,LA LIBERTAD,TRUJILLO,SALAVERRY,RURAL,CARRETERA,NACIONAL,PE-1N,-8.2335859892,-78.9431733722,DESPEJADO,RURAL,TRAMO RECTO,PLANA ,ASFALTADA,,,,,EN PROCESO DE INVESTIGACIÓN,NO CUENTA CON CAUSA ESPECIFICA,14.0,0,2024.0,10.0,3.0,0,2,3,0,0.0,0.0,0.0,0.0,0,0,38.0,0.0,0,0,2,0.0,0.0,0
A-2024-11-110,2024-11-01,04:45,ATROPELLO FUGA,1,0,0,LIMA,LIMA,SANTIAGO DE SURCO,URBANA,CARRETERA,NACIONAL,PE-1S,-12.144956173085545,-76.98185581829424,DESPEJADO,COMERCIAL,TRAMO RECTO,PLANA ,ASFALTADA,,,,,EN PROCESO DE INVESTIGACIÓN,NO CUENTA CON CAUSA ESPECIFICA,4.0,0,2024.0,11.0,4.0,0,0,3,0,0.0,0.0,0.0,0.0,0,0,0.0,0.0,0,0,2,0.0,0.0,1
A-2024-11-111,2024-11-01,05:00,ATROPELLO FUGA,1,0,0,LIMA,LIMA,LURIN,URBANA,CARRETERA,NACIONAL,PE-1S,-12.271726606789969,-76.89665058034338,DESPEJADO,INDUSTRIAL,TRAMO RECTO,PLANA ,ASFALTADA,,,,,EN PROCESO DE INVESTIGACIÓN,NO CUENTA CON CAUSA ESPECIFICA,5.0,0,2024.0,11.0,4.0,0,0,3,0,0.0,0.0,0.0,0.0,0,0,24.0,0.0,0,0,2,0.0,0.0,1
A-2024-11-98,2024-11-01,20:00,CHOQUE,1,0,2,CAJAMARCA,JAEN,SAN FELIPE,RURAL,CARRETERA,NACIONAL,PE-3N,-5.810848466,-79.37491731,DESPEJADO,RURAL,CURVA,INCLINADA,ASFALTADA,,,,,IMPRUDENCIA DEL CONDUCTOR,EXCESO DE VELOCIDAD,20.0,0,2024.0,11.0,4.0,0,3,3,1,0.0,1.0,0.0,1.0,0,0,36.0,4.242640687119285,0,1,2,0.0,0.5,1
A-2024-11-112,2024-11-01,21:00,CHOQUE,1,0,0,LIMA,LIMA,LA VICTORIA,URBANA,AVENIDA,URBANO,NO CORRESPONDE,-12.073262245338013,-77.0164748562846,DESPEJADO,COMERCIAL,INTERSECCIÓN,PLANA ,ASFALTADA,SI,PREVENTIVA (P),PREVENTIVA (P),SI,EN PROCESO DE INVESTIGACIÓN,NO CUENTA CON CAUSA ESPECIFICA,21.0,0,2024.0,11.0,4.0,0,3,3,0,1.0,0.0,0.0,1.0,0,0,42.0,4.242640687119285,0,0,2,0.0,0.0,1
A-2024-11-156,2024-11-01,22:20,ATROPELLO,1,0,0,LIMA,LIMA,SAN JUAN DE LURIGANCHO,URBANA,AVENIDA,URBANO,NO CORRESPONDE,-11.997062789286604,-77.00945258911358,DESPEJADO,COMERCIAL,INTERSECCIÓN,PLANA ,ASFALTADA,SI,REGULADORA (R),,SI,EN PROCESO DE INVESTIGACIÓN,NO CUENTA CON CAUSA ESPECIFICA,22.0,0,2024.0,11.0,4.0,0,3,3,0,1.0,0.0,0.0,1.0,0,0,34.0,0.0,0,0,2,0.0,0.0,1
A-2024-11-114,2024-11-02,00:30,ATROPELLO,1,0,0,LIMA,LIMA,SAN JUAN DE LURIGANCHO,URBANA,AVENIDA,URBANO,NO CORRESPONDE,-12.025734819865043,-77.00192120499887,DESPEJADO,COMERCIAL,INTERSECCIÓN,PLANA ,ASFALTADA,,,,,EN PROCESO DE INVESTIGACIÓN,NO CUENTA CON CAUSA ESPECIFICA,0.0,0,2024.0,11.0,5.0,1,0,3,0,1.0,0.0,0.0,1.0,0,0,43.5,2.1213203435596424,0,1,2,0.0,0.5,1
A-2024-11-113,2024-11-02,01:45,DESPISTE,1,0,0,LIMA,LIMA,PUENTE PIEDRA,URBANA,CARRETERA,NACIONAL,PE-1N,-11.841321882836445,-77.1036778709971,DESPEJADO,COMERCIAL,TRAMO RECTO,PLANA ,ASFALTADA,,,,,EN PROCESO DE INVESTIGACIÓN,NO CUENTA CON CAUSA ESPECIFICA,1.0,0,2024.0,11.0,5.0,1,0,3,0,0.0,0.0,0.0,0.0,0,0,31.5,2.1213203435596424,0,1,2,0.0,0.5,1
A-2024-11-96,2024-11-02,04:30,CHOQUE,1,4,1,CUSCO,CHUMBIVILCAS,SANTO TOMAS,RURAL,CARRETERA,SIN CLASIFICAR,SIN CLASIFICAR,-14.772531789823294,-72.04053735541763,DESPEJADO,RURAL,TRAMO RECTO,PLANA ,ASFALTADA,,,,,IMPRUDENCIA DEL CONDUCTOR,CONDUCIR EN ESTADO DE EBRIEDAD Y/O DROGADICCIÓN,4.0,0,2024.0,11.0,5.0,1,0,3,1,0.0,0.0,0.0,0.0,0,0,24.333333333333332,3.9832984656772417,0,2,6,0.0,0.333,1
A-2024-11-86,2024-11-02,05:00,DESPISTE,2,0,0,CUSCO,PAUCARTAMBO,PAUCARTAMBO,RURAL,CARRETERA,DEPARTAMENTAL,CU-113,-13.3294816,-71.5862976,DESPEJADO,RURAL,TRAMO RECTO,PLANA ,ASFALTADA,,,,,IMPRUDENCIA DEL CONDUCTOR,EXCESO DE VELOCIDAD,5.0,1,2024.0,11.0,5.0,1,0,3,1,0.0,0.0,0.0,0.0,0,0,42.0,5.656854249492381,0,0,2,0.0,0.0,1
A-2024-11-116,2024-11-02,09:00,CHOQUE,1,0,0,LIMA,LIMA,MIRAFLORES,URBANA,AVENIDA,URBANO,NO CORRESPONDE,-12.1237364433731,-77.0243079785896,DESPEJADO,RESIDENCIAL,INTERSECCIÓN,PLANA ,ASFALTADA,SI,PREVENTIVA (P),,NO,EN PROCESO DE INVESTIGACIÓN,NO CUENTA CON CAUSA ESPECIFICA,9.0,0,2024.0,11.0,5.0,1,1,3,0,1.0,0.0,0.0,1.0,0,1,32.0,14.142135623730951,0,1,2,0.0,0.5,0
A-2024-11-115,2024-11-02,20:10,ATROPELLO,1,0,0,LIMA,CAÑETE,CHILCA,URBANA,CARRETERA,NACIONAL,PE-1S,-12.46768405177241,-76.75083889502976,DESPEJADO,INDUSTRIAL,TRAMO RECTO,PLANA ,ASFALTADA,,,,,EN PROCESO DE INVESTIGACIÓN,NO CUENTA CON CAUSA ESPECIFICA,20.0,0,2024.0,11.0,5.0,1,3,3,0,0.0,0.0,0.0,0.0,0,0,37.5,2.1213203435596424,0,1,2,0.0,0.5,1
A-2024-11-91,2024-11-02,21:30,ATROPELLO FUGA,1,0,1,LIMA,HUAURA,HUAURA,RURAL,CARRETERA,NACIONAL,PE-1N,-11.06286,-77.5882,DESPEJADO,RURAL,TRAMO RECTO,PLANA ,ASFALTADA,,,,,EN PROCESO DE INVESTIGACIÓN,NO CUENTA CON CAUSA ESPECIFICA,21.0,0,2024.0,11.0,5.0,1,3,3,0,0.0,0.0,0.0,0.0,0,0,52.0,0.0,0,0,2,0.0,0.0,1
A-2024-11-119,2024-11-03,00:20,CHOQUE CON OBJETO FIJO,1,0,0,LIMA,LIMA,INDEPENDENCIA,URBANA,OTRO,URBANO,NO CORRESPONDE,-11.993355301137615,-77.0626444291615,DESPEJADO,COMERCIAL,OTRO,INCLINADA,CONCRETO,,,,,EN PROCESO DE INVESTIGACIÓN,NO CUENTA CON CAUSA ESPECIFICA,0.0,0,2024.0,11.0,6.0,1,0,3,0,2.0,1.0,0.0,3.0,0,0,34.0,0.0,0,1,1,0.0,1.0,1
A-2024-11-118,2024-11-03,05:50,DESPISTE,1,1,0,LIMA,LIMA,INDEPENDENCIA,URBANA,AVENIDA,URBANO,NO CORRESPONDE,-11.998528210336795,-77.05822505973255,DESPEJADO,COMERCIAL,TRAMO RECTO,PLANA ,ASFALTADA,,,,,EN PROCESO DE INVESTIGACIÓN,NO CUENTA CON CAUSA ESPECIFICA,5.0,0,2024.0,11.0,6.0,1,0,3,0,1.0,0.0,0.0,1.0,0,0,23.5,2.1213203435596424,0,1,2,0.0,0.5,1
A-2024-11-117,2024-11-03,06:20,CHOQUE,1,1,0,LIMA,LIMA,LURIN,URBANA,CARRETERA,NACIONAL,PE-1S,-12.298902856006416,-76.85174523994628,DESPEJADO,RESIDENCIAL,TRAMO RECTO,PLANA ,ASFALTADA,SI,PREVENTIVA (P),,NO,EN PROCESO DE INVESTIGACIÓN,NO CUENTA CON CAUSA ESPECIFICA,6.0,0,2024.0,11.0,6.0,1,1,3,0,0.0,0.0,0.0,0.0,0,1,26.0,2.0,0,2,3,0.0,0.667,0
A-2024-11-93,2024-11-03,09:58,CHOQUE,1,0,0,LIMA,LIMA,LURIN,URBANA,CARRETERA,NACIONAL,PE-1S,-12.247410343241532,-76.93467601123427,DESPEJADO,INDUSTRIAL,TRAMO RECTO,PLANA ,ASFALTADA,,,,,EN PROCESO DE INVESTIGACIÓN,NO CUENTA CON CAUSA ESPECIFICA,9.0,0,2024.0,11.0,6.0,1,1,3,0,0.0,0.0,0.0,0.0,0,0,23.0,1.4142135623730951,0,1,2,0.0,0.5,0
A-2024-11-1,2024-11-03,11:30,CHOQUE,1,1,2,PUNO,CHUCUITO,POMATA,RURAL,CARRETERA,NACIONAL,PE-3S,-16.390811414553394,-69.20801939945108,DESPEJADO,RURAL,TRAMO RECTO,PLANA ,ASFALTADA,,,,,IMPRUDENCIA DEL CONDUCTOR,OTRO (IMPRUDENCIA DEL CONDUCTOR),11.0,0,2024.0,11.0,6.0,1,1,3,1,0.0,0.0,0.0,0.0,0,0,58.0,8.48528137423857,0,1,2,0.0,0.5,0
A-2024-11-33,2024-11-03,11:30,CHOQUE,1,0,2,LA LIBERTAD,TRUJILLO,VICTOR LARCO HERRERA,URBANA,CARRETERA,PROVINCIAL,LI-732,-8.129160268052608,-79.04269498662465,DESPEJADO,COMERCIAL,INTERSECCIÓN,PLANA ,ASFALTADA,,,,,EN PROCESO DE INVESTIGACIÓN,NO CUENTA CON CAUSA ESPECIFICA,11.0,0,2024.0,11.0,6.0,1,1,3,0,0.0,0.0,0.0,0.0,0,0,22.0,2.8284271247461903,0,1,2,0.0,0.5,0
A-2024-11-97,2024-11-03,19:40,ATROPELLO FUGA,1,0,1,CAJAMARCA,CAJAMARCA,SAN JUAN,RURAL,CARRETERA,NACIONAL,PE-08,-7.287024,-78.514292,DESPEJADO,RURAL,CURVA,INCLINADA,ASFALTADA,,,,,IMPRUDENCIA DEL PEATÓN,CRUCE INDEBIDO POR LA CALZADA,19.0,0,2024.0,11.0,6.0,1,3,3,1,0.0,1.0,0.0,1.0,0,0,51.0,0.0,0,0,2,0.0,0.0,1
A-2024-11-26,2024-11-03,21:00,CHOQUE FUGA,1,0,2,LA LIBERTAD,CHEPEN,PACANGA,RURAL,CARRETERA,NACIONAL,PE-1N,-7.087676410092731,-79.53276796370766,DESPEJADO,RURAL,TRAMO RECTO,PLANA ,ASFALTADA,,,,,EN PROCESO DE INVESTIGACIÓN,NO CUENTA CON CAUSA ESPECIFICA,21.0,0,2024.0,11.0,6.0,1,3,3,0,0.0,0.0,0.0,0.0,0,0,25.0,0.0,0,0,2,0.0,0.0,1
A-2024-11-87,2024-11-04,04:30,DESPISTE,1,0,1,AYACUCHO,HUAMANGA,OCROS,RURAL,CARRETERA,SIN CLASIFICAR,SIN CLASIFICAR,-13.423,-73.856,DESPEJADO,RURAL,CURVA,INCLINADA,ASFALTADA,SI,PREVENTIVA (P),,SI,IMPRUDENCIA DEL CONDUCTOR,EXCESO DE VELOCIDAD,4.0,0,2024.0,11.0,0.0,0,0,3,1,0.0,1.0,0.0,1.0,0,0,42.0,0.0,0,1,1,0.0,1.0,1
A-2024-11-120,2024-11-04,06:00,ATROPELLO FUGA,1,0,0,LIMA,LIMA,LURIN,URBANA,CARRETERA,NACIONAL,PE-1S,-12.276684000272018,-76.88874829640085,DESPEJADO,INDUSTRIAL,TRAMO RECTO,PLANA ,ASFALTADA,,,,,EN PROCESO DE INVESTIGACIÓN,NO CUENTA CON CAUSA ESPECIFICA,6.0,0,2024.0,11.0,0.0,0,1,3,0,0.0,0.0,0.0,0.0,0,0,52.0,0.0,0,0,2,0.0,0.0,0
A-2024-11-148,2024-11-04,17:55,DESPISTE,1,0,1,CUSCO,QUISPICANCHI,LUCRE,RURAL,CARRETERA,NACIONAL,PE-28B,-13.593077,-71.719844,DESPEJADO,RURAL,TRAMO RECTO,PLANA ,ASFALTADA,,,,,IMPRUDENCIA DEL CONDUCTOR,FATIGA Y/O CANSANCIO,17.0,0,2024.0,11.0,0.0,0,2,3,1,0.0,0.0,0.0,0.0,0,0,28.0,0.0,0,1,1,0.0,1.0,0
A-2024-11-23,2024-11-05,14:00,DESPISTE,1,0,1,LA LIBERTAD,OTUZCO,OTUZCO,RURAL,CARRETERA,PROVINCIAL,LI-759,-7.898456885811393,-78.62447807792047,DESPEJADO,RURAL,TRAMO RECTO,PLANA ,TROCHA,,,,,IMPRUDENCIA DEL CONDUCTOR,OTRO (IMPRUDENCIA DEL CONDUCTOR),14.0,0,2024.0,11.0,1.0,0,2,3,0,0.0,0.0,2.0,2.0,0,0,37.0,0.0,0,1,1,0.0,1.0,0
A-2024-11-3,2024-11-05,15:30,CHOQUE,1,0,1,PUNO,PUNO,ACORA,RURAL,CARRETERA,PROVINCIAL,PU-1130,-15.980704,-69.635607,DESPEJADO,RURAL,TRAMO RECTO,PLANA ,TROCHA,,,,,IMPRUDENCIA DEL CONDUCTOR,OTRO (IMPRUDENCIA DEL CONDUCTOR),15.0,0,2024.0,11.0,1.0,0,2,3,1,0.0,0.0,2.0,2.0,0,0,44.0,19.79898987322333,0,1,2,0.0,0.5,0
A-2024-11-100,2024-11-05,19:07,ATROPELLO,1,0,0,CAJAMARCA,CAJAMARCA,CAJAMARCA,URBANA,JIRÓN,URBANO,NO CORRESPONDE,-7.157194,-78.523541,DESPEJADO,COMERCIAL,TRAMO RECTO,INCLINADA,CONCRETO,,,,,NEGLIGENCIA DEL CONDUCTOR,OTRO (NEGLIGENCIA DEL CONDUCTOR),19.0,0,2024.0,11.0,1.0,0,3,3,1,1.0,1.0,0.0,2.0,0,0,39.5,12.020815280171307,0,1,2,0.0,0.5,1
A-2024-11-146,2024-11-05,19:20,ATROPELLO,1,0,1,CUSCO,QUISPICANCHI,OROPESA,RURAL,CARRETERA,NACIONAL,PE-3S,-13.5888922,-71.801062,DESPEJADO,RURAL,TRAMO RECTO,PLANA ,AFIRMADO,,,,,IMPRUDENCIA DEL PEATÓN,CRUCE INDEBIDO POR LA CALZADA,19.0,0,2024.0,11.0,1.0,0,3,3,1,0.0,0.0,1.0,1.0,0,0,34.5,6.363961030678928,0,1,2,0.0,0.5,1
A-2024-11-5,2024-11-05,20:00,ATROPELLO FUGA,1,0,0,PUNO,YUNGUYO,YUNGUYO,RURAL,CARRETERA,DEPARTAMENTAL,PU-151,-16.248587,-69.074973,,,,,,,,,,IMPRUDENCIA DEL CONDUCTOR,EXCESO DE VELOCIDAD,20.0,0,2024.0,11.0,1.0,0,3,3,1,0.0,1.0,1.0,2.0,0,0,34.0,0.0,0,0,2,0.0,0.0,1
A-2024-11-30,2024-11-05,20:05,DESPISTE,1,0,1,SAN MARTIN,RIOJA,SAN FERNANDO,RURAL,CARRETERA,PROVINCIAL,SM-520,-5.911032,-77.278529,DESPEJADO,RURAL,CURVA,PLANA ,ASFALTADA,SI,PREVENTIVA (P),PREVENTIVA (P),NO,IMPRUDENCIA DEL CONDUCTOR,OTRO (IMPRUDENCIA DEL CONDUCTOR),20.0,0,2024.0,11.0,1.0,0,3,3,2,0.0,0.0,0.0,0.0,0,1,21.0,0.0,0,1,1,0.0,1.0,1
A-2024-11-4,2024-11-05,23:50,CHOQUE,2,0,2,PUNO,CHUCUITO,KELLUYO,RURAL,CARRETERA,SIN CLASIFICAR,SIN CLASIFICAR,-16.712354,-69.245679,DESPEJADO,RURAL,TRAMO RECTO,PLANA ,TROCHA,,,,,IMPRUDENCIA DEL CONDUCTOR,EXCESO DE VELOCIDAD,23.0,1,2024.0,11.0,1.0,0,3,3,1,0.0,0.0,2.0,2.0,0,0,34.666666666666664,5.507570547286101,0,2,3,0.0,0.667,1
A-2024-11-99,2024-11-06,19:00,CHOQUE,1,2,2,CAJAMARCA,CHOTA,CHOTA,RURAL,CARRETERA,NACIONAL,PE-3N,-6.618823945,-78.5866799,DESPEJADO,RURAL,CURVA,INCLINADA,ASFALTADA,SI,PREVENTIVA (P),,NO,IMPRUDENCIA DEL CONDUCTOR,EXCESO DE VELOCIDAD,19.0,0,2024.0,11.0,2.0,0,3,3,1,0.0,1.0,0.0,1.0,0,1,40.333333333333336,5.131601439446884,0,0,3,0.0,0.0,1
A-2024-11-57,2024-11-06,22:30,ATROPELLO,1,0,1,AREQUIPA,AREQUIPA,CERRO COLORADO,URBANA,CARRETERA,NACIONAL,PE-34A,-16.32668,-71.5954,DESPEJADO,COMERCIAL,TRAMO RECTO,PLANA ,ASFALTADA,SI,REGULADORA (R),,SI,EN PROCESO DE INVESTIGACIÓN,NO CUENTA CON CAUSA ESPECIFICA,22.0,0,2024.0,11.0,2.0,0,3,3,0,0.0,0.0,0.0,0.0,0,0,63.5,9.192388155425117,0,1,2,0.0,0.5,1
A-2024-11-121,2024-11-06,22:40,ATROPELLO,1,0,0,LIMA,LIMA,CARABAYLLO,URBANA,AVENIDA,URBANO,NO CORRESPONDE,-11.8921706776834,-77.02816044391959,DESPEJADO,COMERCIAL,CURVA,PLANA ,ASFALTADA,,,,,EN PROCESO DE INVESTIGACIÓN,NO CUENTA CON CAUSA ESPECIFICA,22.0,0,2024.0,11.0,2.0,0,3,3,0,1.0,0.0,0.0,1.0,0,0,48.0,26.870057685088806,0,1,2,0.0,0.5,1
A-2024-11-122,2024-11-07,11:52,ATROPELLO,1,0,0,LIMA,LIMA,LA MOLINA,URBANA,AVENIDA,URBANO,NO CORRESPONDE,-12.0643246241241,-76.94522786177386,DESPEJADO,RESIDENCIAL,TRAMO RECTO,PLANA ,ASFALTADA,,,,,EN PROCESO DE INVESTIGACIÓN,NO CUENTA CON CAUSA ESPECIFICA,11.0,0,2024.0,11.0,3.0,0,1,3,0,1.0,0.0,0.0,1.0,0,0,71.5,3.5355339059327378,0,1,2,0.0,0.5,0
A-2024-11-94,2024-11-07,17:20,DESPISTE,1,0,0,LIMA,LIMA,LURIGANCHO,URBANA,CARRETERA,NACIONAL,PE-22,-12.020897643281268,-76.93441268832746,DESPEJADO,INDUSTRIAL,TRAMO RECTO,PLANA ,ASFALTADA,,,,,EN PROCESO DE INVESTIGACIÓN,NO CUENTA CON CAUSA ESPECIFICA,17.0,0,2024.0,11.0,3.0,0,2,3,0,0.0,0.0,0.0,0.0,0,0,56.5,9.192388155425117,0,1,4,0.0,0.25,0
A-2024-11-81,2024-11-08,14:00,DESPISTE,1,0,1,HUANCAVELICA,HUANCAVELICA,MANTA,RURAL,CARRETERA,DEPARTAMENTAL,HV-127,-12.609566687431917,-75.20950468063636,DESPEJADO,RURAL,SINUOSA,INCLINADA,AFIRMADO,,,,,EN PROCESO DE INVESTIGACIÓN,NO CUENTA CON CAUSA ESPECIFICA,14.0,0,2024.0,11.0,4.0,0,2,3,1,0.0,1.0,1.0,2.0,0,0,37.0,0.0,0,1,1,0.0,1.0,0
A-2024-11-101,2024-11-08,17:30,ATROPELLO,1,1,1,CAJAMARCA,CAJAMARCA,ENCAÑADA,URBANA,CARRETERA,NACIONAL,PE-08B,-7.097336561,-78.34383404,DESPEJADO,COMERCIAL,TRAMO RECTO,INCLINADA,ASFALTADA,,,,,IMPRUDENCIA DEL CONDUCTOR,EXCESO DE VELOCIDAD,17.0,0,2024.0,11.0,4.0,0,2,3,1,0.0,1.0,0.0,1.0,0,0,62.333333333333336,18.502252115170556,0,1,3,0.0,0.333,0
A-2024-11-31,2024-11-09,04:30,CHOQUE,1,1,3,SAN MARTIN,RIOJA,NUEVA CAJAMARCA,URBANA,CARRETERA,NACIONAL,PE-5N,-5.901865,-77.326959,DESPEJADO,RURAL,TRAMO RECTO,PLANA ,ASFALTADA,SI,REGULADORA (R),REGULADORA (R),NO,IMPRUDENCIA DEL CONDUCTOR,OTRO (IMPRUDENCIA DEL CONDUCTOR),4.0,0,2024.0,11.0,5.0,1,0,3,2,0.0,0.0,0.0,0.0,0,1,29.666666666666668,9.865765724632496,0,1,3,0.0,0.333,1