CODIGO_SINIESTRO,FECHA_SINIESTRO,HORA_SINIESTRO,CLASE_SINIESTRO,CANTIDAD_FALLECIDOS,CANTIDAD_LESIONADOS,CANTIDAD_VEHICULOS,DEPARTAMENTO,PROVINCIA,DISTRITO,ZONA,TIPO_VIA,RED_VIAL,COD_CARRETERA,LATITUD,LONGITUD,CONDICION_CLIMATICA,ZONIFICACION,CARACTERISTICAS_VIA,PERFIL_VIA,SUPERFICIE_CALZADA,EXISTE_SENIAL_VERTICAL,CLASIFICACION_SENIAL_VERTICAL_1,CLASIFICACION_SENIAL_VERTICAL_2,EXISTE_SENIAL_HORIZONTAL,CAUSA_FACTOR_PRINCIPAL,CAUSA_ESPECIFICA,HORA,severidad,ANIO,MES,DIA_SEMANA,FIN_SEMANA,FRANJA_HORARIA,TEMPORADA,MACROREGION,TIPO_VIA_SCORE,PERFIL_VIA_SCORE,SUPERFICIE_CALZADA_SCORE,RIESGO_INFRAESTRUCTURA,RIESGO_CLIMATICO,SENIALIZACION_DEFICIENTE,EDAD_PROMEDIO,EDAD_STD,TOTAL_ALCOHOL,TOTAL_LICENCIA,TOTAL_PERSONAS,PCT_ALCOHOL,PCT_LICENCIA,ES_NOCHE
A-2024-11-25,2024-11-09,10:30,ATROPELLO,1,0,1,LA LIBERTAD,PACASMAYO,SAN PEDRO DE LLOC,URBANA,JIRÓN,URBANO,NO CORRESPONDE,-7.424415142315533,-79.50517054101577,DESPEJADO,COMERCIAL,TRAMO RECTO,PLANA ,ASFALTADA,,,,,IMPRUDENCIA DEL CONDUCTOR,OTRO (IMPRUDENCIA DEL CONDUCTOR),10.0,0,2024.0,11.0,5.0,1,1,3,0,1.0,0.0,0.0,1.0,0,0,44.5,34.64823227814083,0,0,2,0.0,0.0,0
A-2024-11-90,2024-11-09,15:30,DESPISTE,1,0,1,AYACUCHO,HUAMANGA,CHIARA,RURAL,CARRETERA,DEPARTAMENTAL,AY-103,-13.474216,-74.15412,DESPEJADO,RURAL,CURVA,PLANA ,ASFALTADA,SI,PREVENTIVA (P),,NO,IMPRUDENCIA DEL CONDUCTOR,CONDUCIR EN ESTADO DE EBRIEDAD Y/O DROGADICCIÓN,15.0,0,2024.0,11.0,5.0,1,2,3,1,0.0,0.0,0.0,0.0,0,1,46.0,0.0,1,0,1,1.0,0.0,0
A-2024-11-102,2024-11-09,20:55,CHOQUE,1,0,2,CAJAMARCA,CAJAMARCA,LLACANORA,RURAL,CARRETERA,NACIONAL,PE-3N,-7.205122604,-78.41387901,DESPEJADO,RURAL,TRAMO RECTO,INCLINADA,ASFALTADA,,,,,IMPRUDENCIA DEL CONDUCTOR,EXCESO DE VELOCIDAD,20.0,0,2024.0,11.0,5.0,1,3,3,1,0.0,1.0,0.0,1.0,0,0,36.0,0.0,0,0,2,0.0,0.0,1
A-2024-11-123,2024-11-09,21:30,DESPISTE,1,0,0,LIMA,LIMA,SAN JUAN DE MIRAFLORES,URBANA,AVENIDA,URBANO,NO CORRESPONDE,-12.137587323300783,-76.95544834304832,DESPEJADO,RESIDENCIAL,CURVA,INCLINADA,ASFALTADA,,,,,EN PROCESO DE INVESTIGACIÓN,NO CUENTA CON CAUSA ESPECIFICA,21.0,0,2024.0,11.0,5.0,1,3,3,0,1.0,1.0,0.0,2.0,0,0,38.0,0.0,0,1,1,0.0,1.0,1
A-2024-11-124,2024-11-09,22:25,CHOQUE CON OBJETO FIJO,1,0,0,LIMA,LIMA,SAN BORJA,URBANA,AVENIDA,URBANO,NO CORRESPONDE,-12.098882740974975,-77.00210472603328,DESPEJADO,COMERCIAL,TRAMO RECTO,PLANA ,ASFALTADA,,,,,EN PROCESO DE INVESTIGACIÓN,NO CUENTA CON CAUSA ESPECIFICA,22.0,0,2024.0,11.0,5.0,1,3,3,0,1.0,0.0,0.0,1.0,0,0,46.5,33.23401871576773,0,1,2,0.0,0.5,1
A-2024-11-125,2024-11-10,01:30,CHOQUE,1,0,0,LIMA,LIMA,SANTA MARIA DEL MAR,URBANA,CARRETERA,NACIONAL,PE-1S,-12.405637323741365,-76.75669771860223,DESPEJADO,INDUSTRIAL,TRAMO RECTO,PLANA ,ASFALTADA,,,,,EN PROCESO DE INVESTIGACIÓN,NO CUENTA CON CAUSA ESPECIFICA,1.0,0,2024.0,11.0,6.0,1,0,3,0,0.0,0.0,0.0,0.0,0,0,53.0,8.48528137423857,0,2,3,0.0,0.667,1
A-2024-11-82,2024-11-10,03:40,DESPISTE,2,1,1,HUANCAVELICA,HUANCAVELICA,HUACHOCOLPA,RURAL,CARRETERA,PROVINCIAL,HV-894,-13.060098372492908,-74.94368758531259,DESPEJADO,RURAL,SINUOSA,PLANA ,AFIRMADO,,,,,EN PROCESO DE INVESTIGACIÓN,NO CUENTA CON CAUSA ESPECIFICA,3.0,1,2024.0,11.0,6.0,1,0,3,1,0.0,0.0,1.0,1.0,0,0,41.0,19.0,0,1,3,0.0,0.333,1
A-2024-11-58,2024-11-10,09:50,VOLCADURA,1,0,2,AREQUIPA,AREQUIPA,PAUCARPATA,RURAL,CARRETERA,PROVINCIAL,AR-770,-16.395789,-71.453828,SOLEADO,RURAL,CURVA,PLANA ,ASFALTADA,SI,PREVENTIVA (P),,SI,EN PROCESO DE INVESTIGACIÓN,NO CUENTA CON CAUSA ESPECIFICA,9.0,0,2024.0,11.0,6.0,1,1,3,0,0.0,0.0,0.0,0.0,0,0,49.0,2.8284271247461903,0,2,2,0.0,1.0,0
A-2024-11-35,2024-11-11,05:00,ATROPELLO,1,0,1,LA LIBERTAD,VIRU,CHAO,RURAL,CARRETERA,NACIONAL,PE-1N,-8.506555527687222,-78.68817500700135,DESPEJADO,RURAL,TRAMO RECTO,PLANA ,ASFALTADA,,,,,EN PROCESO DE INVESTIGACIÓN,NO CUENTA CON CAUSA ESPECIFICA,5.0,0,2024.0,11.0,0.0,0,0,3,0,0.0,0.0,0.0,0.0,0,0,59.0,35.35533905932738,0,1,2,0.0,0.5,1
A-2024-11-29,2024-11-11,17:50,DESPISTE,1,1,1,PUNO,PUNO,CHUCUITO,RURAL,CARRETERA,NACIONAL,PE-3S,-15.885669,-69.902386,DESPEJADO,RURAL,CURVA,INCLINADA,ASFALTADA,,,,,IMPRUDENCIA DEL CONDUCTOR,EXCESO DE VELOCIDAD,17.0,0,2024.0,11.0,0.0,0,2,3,1,0.0,1.0,0.0,1.0,0,0,50.666666666666664,27.300793639257694,0,1,3,0.0,0.333,0
A-2024-11-67,2024-11-11,18:30,CHOQUE,1,0,2,SAN MARTIN,MOYOBAMBA,CALZADA,RURAL,CARRETERA,NACIONAL,PE-5N,-6.044246,-77.050903,DESPEJADO,RURAL,TRAMO RECTO,PLANA ,ASFALTADA,,,,,IMPERICIA DEL CONDUCTOR,,18.0,0,2024.0,11.0,0.0,0,3,3,2,0.0,0.0,0.0,0.0,0,0,56.0,2.8284271247461903,0,1,2,0.0,0.5,1
A-2024-11-126,2024-11-13,01:00,CHOQUE,1,0,0,LIMA,LIMA,LINCE,URBANA,AVENIDA,URBANO,NO CORRESPONDE,-12.08494836725736,-77.0283723746829,DESPEJADO,ESCOLAR,INTERSECCIÓN,PLANA ,ASFALTADA,NO,,,SI,EN PROCESO DE INVESTIGACIÓN,NO CUENTA CON CAUSA ESPECIFICA,1.0,0,2024.0,11.0,2.0,0,0,3,0,1.0,0.0,0.0,1.0,0,1,52.5,7.7781745930520225,0,2,2,0.0,1.0,1
A-2024-11-83,2024-11-14,07:00,DESPISTE,1,0,0,HUANCAVELICA,TAYACAJA,AHUAYCHA,RURAL,CARRETERA,NACIONAL,PE-3S,-12.523262528755952,-74.86685155548146,DESPEJADO,RURAL,TRAMO RECTO,PLANA ,AFIRMADO,,,,,EN PROCESO DE INVESTIGACIÓN,NO CUENTA CON CAUSA ESPECIFICA,7.0,0,2024.0,11.0,3.0,0,1,3,1,0.0,0.0,1.0,1.0,0,0,51.0,0.0,0,1,1,0.0,1.0,0
A-2024-11-32,2024-11-14,21:20,ATROPELLO,1,0,1,PUNO,PUNO,ACORA,RURAL,CARRETERA,NACIONAL,PE-3S,-16.048075,-69.708688,DESPEJADO,RURAL,TRAMO RECTO,PLANA ,ASFALTADA,,,,,IMPRUDENCIA DEL PEATÓN,CRUCE INDEBIDO POR LA CALZADA,21.0,0,2024.0,11.0,3.0,0,3,3,1,0.0,0.0,0.0,0.0,0,0,59.0,16.97056274847714,0,1,2,0.0,0.5,1
A-2024-11-65,2024-11-16,04:00,CHOQUE,1,8,3,AREQUIPA,CAYLLOMA,SAN ANTONIO DE CHUCA,RURAL,CARRETERA,NACIONAL,PE-34A,-15.97156,-71.202597,DESPEJADO,RURAL,TRAMO RECTO,PLANA ,ASFALTADA,SI,REGULADORA (R),,SI,EN PROCESO DE INVESTIGACIÓN,NO CUENTA CON CAUSA ESPECIFICA,4.0,0,2024.0,11.0,5.0,1,0,3,0,0.0,0.0,0.0,0.0,0,0,43.9,16.9865960228777,0,1,11,0.0,0.091,1
A-2024-11-127,2024-11-16,08:30,CHOQUE,1,0,0,LIMA,LIMA,SAN MARTIN DE PORRES,URBANA,CARRETERA,NACIONAL,PE-1N,-12.0315508235212,-77.05585270077225,DESPEJADO,COMERCIAL,CURVA,INCLINADA,ASFALTADA,,,,,EN PROCESO DE INVESTIGACIÓN,NO CUENTA CON CAUSA ESPECIFICA,8.0,0,2024.0,11.0,5.0,1,1,3,0,0.0,1.0,0.0,1.0,0,0,39.5,19.091883092036785,0,2,2,0.0,1.0,0
A-2024-11-68,2024-11-16,18:40,DESPISTE,2,0,1,LA LIBERTAD,TRUJILLO,TRUJILLO,URBANA,AVENIDA,URBANO,NO CORRESPONDE,-8.1231559242,-79.0226551181,DESPEJADO,COMERCIAL,ÓVALO,PLANA ,ASFALTADA,,,,,EN PROCESO DE INVESTIGACIÓN,NO CUENTA CON CAUSA ESPECIFICA,18.0,1,2024.0,11.0,5.0,1,3,3,0,1.0,0.0,0.0,1.0,0,0,44.5,26.16295090390226,0,0,2,0.0,0.0,1
A-2024-11-109,2024-11-17,01:30,DESPISTE,1,0,1,APURIMAC,AYMARAES,COTARUSE,RURAL,CARRETERA,NACIONAL,PE-30A,-14.563889924464432,-73.44992261786385,DESPEJADO,RURAL,CURVA,PLANA ,ASFALTADA,SI,PREVENTIVA (P),,NO,IMPRUDENCIA DEL CONDUCTOR,FATIGA Y/O CANSANCIO,1.0,0,2024.0,11.0,6.0,1,0,3,1,0.0,0.0,0.0,0.0,0,1,28.0,0.0,0,1,1,0.0,1.0,1
A-2024-11-128,2024-11-17,05:30,ATROPELLO FUGA,1,0,0,LIMA,LIMA,LURIN,URBANA,CARRETERA,NACIONAL,PE-1S,-12.254122717973557,-76.92498423773603,DESPEJADO,INDUSTRIAL,TRAMO RECTO,PLANA ,ASFALTADA,SI,PREVENTIVA (P),,NO,EN PROCESO DE INVESTIGACIÓN,NO CUENTA CON CAUSA ESPECIFICA,5.0,0,2024.0,11.0,6.0,1,0,3,0,0.0,0.0,0.0,0.0,0,1,0.0,0.0,0,0,2,0.0,0.0,1
A-2024-11-69,2024-11-17,09:27,CHOQUE,1,0,2,LA LIBERTAD,TRUJILLO,EL PORVENIR,URBANA,AVENIDA,URBANO,NO CORRESPONDE,-8.0718298133,-79.0209893475,DESPEJADO,COMERCIAL,INTERSECCIÓN,PLANA ,ASFALTADA,,,,,EN PROCESO DE INVESTIGACIÓN,NO CUENTA CON CAUSA ESPECIFICA,9.0,0,2024.0,11.0,6.0,1,1,3,0,1.0,0.0,0.0,1.0,0,0,56.0,26.870057685088806,0,1,2,0.0,0.5,0
A-2024-11-152,2024-11-17,13:30,ATROPELLO,1,1,0,LIMA,LIMA,SAN JUAN DE LURIGANCHO,URBANA,AVENIDA,URBANO,NO CORRESPONDE,-12.01343515302371,-76.986078862222,DESPEJADO,RESIDENCIAL,TRAMO RECTO,PLANA ,ASFALTADA,,,,,EN PROCESO DE INVESTIGACIÓN,NO CUENTA CON CAUSA ESPECIFICA,13.0,0,2024.0,11.0,6.0,1,2,3,0,1.0,0.0,0.0,1.0,0,0,60.0,19.078784028338912,0,1,3,0.0,0.333,0
A-2024-11-70,2024-11-17,16:20,CHOQUE,1,1,2,LA LIBERTAD,TRUJILLO,HUANCHACO,URBANA,AVENIDA,URBANO,NO CORRESPONDE,-8.0417838879,-79.0589490404,DESPEJADO,COMERCIAL,TRAMO RECTO,PLANA ,ASFALTADA,,,,,EN PROCESO DE INVESTIGACIÓN,NO CUENTA CON CAUSA ESPECIFICA,16.0,0,2024.0,11.0,6.0,1,2,3,0,1.0,0.0,0.0,1.0,0,0,32.0,11.269427669584644,0,1,3,0.0,0.333,0
A-2024-11-63,2024-11-17,18:30,CHOQUE,1,1,0,PUNO,PUNO,ACORA,RURAL,CARRETERA,PROVINCIAL,PU-1130,-15.96429,-69.793146,,,,,,,,,,IMPRUDENCIA DEL CONDUCTOR,OTRO (IMPRUDENCIA DEL CONDUCTOR),18.0,0,2024.0,11.0,6.0,1,3,3,1,0.0,1.0,1.0,2.0,0,0,32.0,26.0,0,0,3,0.0,0.0,1
A-2024-11-92,2024-11-17,21:00,CHOQUE,1,2,2,LIMA,HUAURA,SAYAN,RURAL,CARRETERA,PROVINCIAL,LM-659,-11.23303,-77.39902,DESPEJADO,RURAL,TRAMO RECTO,PLANA ,ASFALTADA,,,,,IMPRUDENCIA DEL CONDUCTOR,CONDUCIR EN ESTADO DE EBRIEDAD Y/O DROGADICCIÓN,21.0,0,2024.0,11.0,6.0,1,3,3,0,0.0,0.0,0.0,0.0,0,0,25.75,8.539125638299666,0,1,4,0.0,0.25,1
A-2024-11-103,2024-11-17,21:14,ATROPELLO,1,1,0,CAJAMARCA,JAEN,JAEN,URBANA,CALLE,URBANO,NO CORRESPONDE,-5.702946,-78.808604,DESPEJADO,COMERCIAL,TRAMO RECTO,INCLINADA,CONCRETO,,,,,IMPRUDENCIA DEL CONDUCTOR,CONDUCIR EN ESTADO DE EBRIEDAD Y/O DROGADICCIÓN,21.0,0,2024.0,11.0,6.0,1,3,3,1,2.0,1.0,0.0,3.0,0,0,16.5,7.7781745930520225,1,1,2,0.5,0.5,1
A-2024-11-129,2024-11-17,22:15,ATROPELLO FUGA,1,0,0,LIMA,LIMA,SANTA ANITA,URBANA,CARRETERA,NACIONAL,PE-1N,-12.041708479528856,-76.98714409229062,DESPEJADO,RESIDENCIAL,CURVA,INCLINADA,ASFALTADA,SI,REGULADORA (R),,SI,EN PROCESO DE INVESTIGACIÓN,NO CUENTA CON CAUSA ESPECIFICA,22.0,0,2024.0,11.0,6.0,1,3,3,0,0.0,1.0,0.0,1.0,0,0,0.0,0.0,0,0,2,0.0,0.0,1
A-2024-11-130,2024-11-18,02:05,ATROPELLO FUGA,1,0,0,LIMA,LIMA,SANTA ANITA,URBANA,AVENIDA,URBANO,NO CORRESPONDE,-12.03127231894131,-76.95029158645784,DESPEJADO,COMERCIAL,INTERSECCIÓN,INCLINADA,ASFALTADA,,,,,EN PROCESO DE INVESTIGACIÓN,NO CUENTA CON CAUSA ESPECIFICA,2.0,0,2024.0,11.0,0.0,0,0,3,0,1.0,1.0,0.0,2.0,0,0,63.0,0.0,0,0,2,0.0,0.0,1
A-2024-11-61,2024-11-18,04:00,DESPISTE,1,1,1,AREQUIPA,AREQUIPA,SAN JUAN DE TARUCANI,RURAL,CARRETERA,NACIONAL,PE-34A,-16.054299,-71.34091,DESPEJADO,RURAL,TRAMO RECTO,PLANA ,ASFALTADA,,,,,EN PROCESO DE INVESTIGACIÓN,NO CUENTA CON CAUSA ESPECIFICA,4.0,0,2024.0,11.0,0.0,0,0,3,0,0.0,0.0,0.0,0.0,0,0,34.5,0.7071067811865476,0,0,2,0.0,0.0,1
A-2024-11-62,2024-11-18,04:10,DESPISTE,1,0,1,AREQUIPA,AREQUIPA,JOSE LUIS BUSTAMANTE Y RIVERO,URBANA,AVENIDA,URBANO,NO CORRESPONDE,-16.418934481002058,-71.5363114004626,DESPEJADO,COMERCIAL,TRAMO RECTO,INCLINADA,ASFALTADA,NO,,,SI,EN PROCESO DE INVESTIGACIÓN,NO CUENTA CON CAUSA ESPECIFICA,4.0,0,2024.0,11.0,0.0,0,0,3,0,1.0,1.0,0.0,2.0,0,1,49.0,0.0,0,0,1,0.0,0.0,1
A-2024-11-155,2024-11-18,05:00,DESPISTE,1,0,0,LIMA,LIMA,SANTIAGO DE SURCO,URBANA,CARRETERA,NACIONAL,PE-1S,-12.126724649530887,-76.97703900103295,DESPEJADO,COMERCIAL,TRAMO RECTO,PLANA ,ASFALTADA,,,,,EN PROCESO DE INVESTIGACIÓN,NO CUENTA CON CAUSA ESPECIFICA,5.0,0,2024.0,11.0,0.0,0,0,3,0,0.0,0.0,0.0,0.0,0,0,30.0,0.0,0,0,1,0.0,0.0,1
A-2024-11-95,2024-11-18,05:30,DESPISTE,3,0,0,CUSCO,CHUMBIVILCAS,COLQUEMARCA,RURAL,CARRETERA,DEPARTAMENTAL,CU-119,-14.364546,-72.040714,DESPEJADO,RURAL,CURVA,INCLINADA,AFIRMADO,NO,,,NO,IMPRUDENCIA DEL CONDUCTOR,EXCESO DE VELOCIDAD,5.0,2,2024.0,11.0,0.0,0,0,3,1,0.0,1.0,1.0,2.0,0,2,44.25,16.91892431568863,0,1,4,0.0,0.25,1
A-2024-11-64,2024-11-18,22:00,CHOQUE FUGA,1,0,0,PUNO,CHUCUITO,JULI,RURAL,CARRETERA,NACIONAL,PE-3S,-16.218194,-69.492569,,,,,,,,,,EN PROCESO DE INVESTIGACIÓN,NO CUENTA CON CAUSA ESPECIFICA,22.0,0,2024.0,11.0,0.0,0,3,3,1,0.0,1.0,1.0,2.0,0,0,37.0,0.0,0,0,2,0.0,0.0,1
A-2024-11-132,2024-11-19,02:10,CHOQUE,1,0,0,LIMA,LIMA,ANCON,URBANA,CARRETERA,NACIONAL,PE-1N,-11.74092190766878,-77.1378463333404,DESPEJADO,RURAL,TRAMO RECTO,PLANA ,ASFALTADA,,,,,EN PROCESO DE INVESTIGACIÓN,NO CUENTA CON CAUSA ESPECIFICA,2.0,0,2024.0,11.0,1.0,0,0,3,0,0.0,0.0,0.0,0.0,0,0,31.666666666666668,6.506407098647712,0,1,3,0.0,0.333,1
A-2024-11-131,2024-11-19,05:30,DESPISTE,1,3,0,LIMA,LIMA,VILLA MARIA DEL TRIUNFO,URBANA,JIRÓN,URBANO,NO CORRESPONDE,-12.157176247439418,-76.94240417988301,DESPEJADO,ESCOLAR,TRAMO RECTO,INCLINADA,TROCHA,,,,,EN PROCESO DE INVESTIGACIÓN,NO CUENTA CON CAUSA ESPECIFICA,5.0,0,2024.0,11.0,1.0,0,0,3,0,1.0,1.0,2.0,4.0,0,0,36.0,15.556349186104045,0,1,5,0.0,0.2,1
A-2024-11-71,2024-11-19,06:15,CHOQUE,1,0,2,LA LIBERTAD,VIRU,CHAO,RURAL,CARRETERA,NACIONAL,PE-1N,-8.565308276870145,-78.67376457322652,DESPEJADO,RURAL,TRAMO RECTO,PLANA ,ASFALTADA,,,,,EN PROCESO DE INVESTIGACIÓN,NO CUENTA CON CAUSA ESPECIFICA,6.0,0,2024.0,11.0,1.0,0,1,3,0,0.0,0.0,0.0,0.0,0,0,38.5,26.16295090390226,0,1,2,0.0,0.5,0
A-2024-11-88,2024-11-19,14:40,ATROPELLO,1,0,0,AYACUCHO,HUAMANGA,AYACUCHO,URBANA,CARRETERA,PROVINCIAL,AY-780,-13.1308309195074,-74.2337284647894,DESPEJADO,RESIDENCIAL,TRAMO RECTO,PLANA ,ASFALTADA,,,,,IMPRUDENCIA DEL PEATÓN,CRUCE INDEBIDO POR LA CALZADA,14.0,0,2024.0,11.0,1.0,0,2,3,1,0.0,0.0,0.0,0.0,0,0,23.0,0.0,0,0,2,0.0,0.0,0
A-2024-11-133,2024-11-19,18:15,ATROPELLO,1,0,0,LIMA,LIMA,RIMAC,URBANA,AVENIDA,URBANO,NO CORRESPONDE,-12.036633049056668,-77.03078979505882,DESPEJADO,COMERCIAL,TRAMO RECTO,PLANA ,ASFALTADA,NO,,,SI,EN PROCESO DE INVESTIGACIÓN,NO CUENTA CON CAUSA ESPECIFICA,18.0,0,2024.0,11.0,1.0,0,3,3,0,1.0,0.0,0.0,1.0,0,1,50.5,6.363961030678928,0,1,2,0.0,0.5,1
A-2024-11-134,2024-11-19,22:30,ATROPELLO,1,0,0,LIMA,LIMA,LURIN,URBANA,CARRETERA,NACIONAL,PE-1S,-12.246522870163874,-76.93626354696862,DESPEJADO,INDUSTRIAL,TRAMO RECTO,PLANA ,ASFALTADA,,,,,EN PROCESO DE INVESTIGACIÓN,NO CUENTA CON CAUSA ESPECIFICA,22.0,0,2024.0,11.0,1.0,0,3,3,0,0.0,0.0,0.0,0.0,0,0,50.0,0.0,0,1,2,0.0,0.5,1
A-2024-11-135,2024-11-20,06:30,CHOQUE,1,2,0,LIMA,LIMA,PUENTE PIEDRA,URBANA,CARRETERA,NACIONAL,PE-1N,-11.89046299549707,-77.06823869713902,DESPEJADO,COMERCIAL,TRAMO RECTO,PLANA ,ASFALTADA,,,,,EN PROCESO DE INVESTIGACIÓN,NO CUENTA CON CAUSA ESPECIFICA,6.0,0,2024.0,11.0,2.0,0,1,3,0,0.0,0.0,0.0,0.0,0,0,37.75,8.341662504161464,0,0,4,0.0,0.0,0
A-2024-11-72,2024-11-20,15:30,ATROPELLO,1,0,1,LA LIBERTAD,VIRU,CHAO,RURAL,AVENIDA,URBANO,NO CORRESPONDE,-8.541970549,-78.68122225,DESPEJADO,RURAL,TRAMO RECTO,PLANA ,ASFALTADA,,,,,EN PROCESO DE INVESTIGACIÓN,NO CUENTA CON CAUSA ESPECIFICA,15.0,0,2024.0,11.0,2.0,0,2,3,0,1.0,0.0,0.0,1.0,0,0,46.5,31.81980515339464,0,1,2,0.0,0.5,0
A-2024-11-149,2024-11-20,21:30,CHOQUE,1,0,1,CUSCO,CANCHIS,SICUANI,RURAL,CARRETERA,NACIONAL,PE-3S,-14.245399,-71.255016,DESPEJADO,RURAL,TRAMO RECTO,PLANA ,AFIRMADO,,,,,IMPRUDENCIA DEL CONDUCTOR,CONDUCIR EN ESTADO DE EBRIEDAD Y/O DROGADICCIÓN,21.0,0,2024.0,11.0,2.0,0,3,3,1,0.0,0.0,1.0,1.0,0,0,42.0,7.0710678118654755,1,1,2,0.5,0.5,1
A-2024-11-78,2024-11-20,22:30,CHOQUE,4,14,0,AREQUIPA,CAYLLOMA,MAJES,RURAL,CARRETERA,NACIONAL,PE-1S,-16.544919,-72.544892,DESPEJADO,RURAL,TRAMO RECTO,INCLINADA,ASFALTADA,SI,REGULADORA (R),INFORMATIVA (I),SI,EN PROCESO DE INVESTIGACIÓN,NO CUENTA CON CAUSA ESPECIFICA,22.0,2,2024.0,11.0,2.0,0,3,3,0,0.0,1.0,0.0,1.0,0,0,35.10526315789474,15.659199414905906,0,2,19,0.0,0.105,1
A-2024-11-136,2024-11-22,13:30,ATROPELLO,1,0,0,LIMA,LIMA,LA VICTORIA,URBANA,JIRÓN,URBANO,NO CORRESPONDE,-12.066744062913394,-77.02224160706999,DESPEJADO,COMERCIAL,TRAMO RECTO,PLANA ,ASFALTADA,,,,,EN PROCESO DE INVESTIGACIÓN,NO CUENTA CON CAUSA ESPECIFICA,13.0,0,2024.0,11.0,4.0,0,2,3,0,1.0,0.0,0.0,1.0,0,0,34.0,0.0,0,1,2,0.0,0.5,0
A-2024-11-147,2024-11-22,15:31,VOLCADURA,1,0,0,CUSCO,LA CONVENCION,SANTA ANA,RURAL,CARRETERA,PROVINCIAL,CU-814,-12.8958,-72.744772,DESPEJADO,RURAL,TRAMO RECTO,PLANA ,AFIRMADO,,,,,IMPRUDENCIA DEL CONDUCTOR,EXCESO DE VELOCIDAD,15.0,0,2024.0,11.0,4.0,0,2,3,1,0.0,0.0,1.0,1.0,0,0,62.0,1.4142135623730951,0,1,2,0.0,0.5,0
A-2024-11-137,2024-11-22,20:00,CHOQUE,1,0,0,LIMA,LIMA,RIMAC,URBANA,CARRETERA,NACIONAL,PE-1N,-12.04003992508227,-77.01643219509405,DESPEJADO,COMERCIAL,TRAMO RECTO,PLANA ,ASFALTADA,SI,REGULADORA (R),,NO,EN PROCESO DE INVESTIGACIÓN,NO CUENTA CON CAUSA ESPECIFICA,20.0,0,2024.0,11.0,4.0,0,3,3,0,0.0,0.0,0.0,0.0,0,1,46.5,12.020815280171307,0,1,2,0.0,0.5,1
A-2024-11-85,2024-11-23,10:00,ATROPELLO,1,0,0,APURIMAC,CHINCHEROS,ONGOY,URBANA,CARRETERA,DEPARTAMENTAL,AP-102,-13.40976296,-73.66406618,DESPEJADO,COMERCIAL,TRAMO RECTO,PLANA ,ASFALTADA,,,,,IMPRUDENCIA DEL PEATÓN,OTRO (IMPRUDENCIA DEL PEATÓN),10.0,0,2024.0,11.0,5.0,1,1,3,1,0.0,0.0,0.0,0.0,0,0,70.0,0.0,0,0,1,0.0,0.0,0
A-2024-11-77,2024-11-23,10:20,CHOQUE,11,37,2,SAN MARTIN,MOYOBAMBA,JEPELACIO,RURAL,CARRETERA,NACIONAL,PE-5N,-6.133045,-76.841275,DESPEJADO,RURAL,CURVA,INCLINADA,ASFALTADA,SI,PREVENTIVA (P),PREVENTIVA (P),NO,IMPRUDENCIA DEL CONDUCTOR,EXCESO DE VELOCIDAD,10.0,2,2024.0,11.0,5.0,1,1,3,2,0.0,1.0,0.0,1.0,0,1,25.285714285714285,14.647240923350262,0,1,49,0.0,0.02,0
A-2024-11-150,2024-11-23,14:35,CHOQUE,1,0,0,CUSCO,CANCHIS,COMBAPATA,RURAL,CARRETERA,NACIONAL,PE-3S,-14.099271,-71.43008,DESPEJADO,RURAL,TRAMO RECTO,PLANA ,AFIRMADO,,,,,IMPRUDENCIA DEL CONDUCTOR,CONDUCIR EN ESTADO DE EBRIEDAD Y/O DROGADICCIÓN,14.0,0,2024.0,11.0,5.0,1,2,3,1,0.0,0.0,1.0,1.0,0,0,47.0,1.4142135623730951,1,1,2,0.5,0.5,0
A-2024-11-153,2024-11-23,19:00,ATROPELLO FUGA,1,0,0,LIMA,LIMA,LA VICTORIA,URBANA,AVENIDA,URBANO,NO CORRESPONDE,-12.070816521548712,-77.01005889319258,DESPEJADO,COMERCIAL,TRAMO RECTO,PLANA ,ASFALTADA,,,,,EN PROCESO DE INVESTIGACIÓN,NO CUENTA CON CAUSA ESPECIFICA,19.0,0,2024.0,11.0,5.0,1,3,3,0,1.0,0.0,0.0,1.0,0,0,57.0,0.0,0,0,2,0.0,0.0,1
A-2024-11-73,2024-11-23,20:20,DESPISTE,1,0,1,LA LIBERTAD,OTUZCO,USQUIL,RURAL,CARRETERA,PROVINCIAL,LI-774,-7.791630620636654,-78.44046233250823,DESPEJADO,RURAL,TRAMO RECTO,PLANA ,TROCHA,,,,,EN PROCESO DE INVESTIGACIÓN,NO CUENTA CON CAUSA ESPECIFICA,20.0,0,2024.0,11.0,5.0,1,3,3,0,0.0,0.0,2.0,2.0,0,0,23.0,0.0,0,0,1,0.0,0.0,1
A-2024-11-138,2024-11-23,21:00,CHOQUE,1,1,0,LIMA,LIMA,PUENTE PIEDRA,URBANA,CARRETERA,NACIONAL,PE-1N,-11.851362194565006,-77.09113117642298,DESPEJADO,COMERCIAL,TRAMO RECTO,PLANA ,ASFALTADA,NO,,,SI,EN PROCESO DE INVESTIGACIÓN,NO CUENTA CON CAUSA ESPECIFICA,21.0,0,2024.0,11.0,5.0,1,3,3,0,0.0,0.0,0.0,0.0,0,1,43.0,16.97056274847714,0,2,3,0.0,0.667,1