CODIGO_SINIESTRO,FECHA_SINIESTRO,HORA_SINIESTRO,CLASE_SINIESTRO,CANTIDAD_FALLECIDOS,CANTIDAD_LESIONADOS,CANTIDAD_VEHICULOS,DEPARTAMENTO,PROVINCIA,DISTRITO,ZONA,TIPO_VIA,RED_VIAL,COD_CARRETERA,LATITUD,LONGITUD,CONDICION_CLIMATICA,ZONIFICACION,CARACTERISTICAS_VIA,PERFIL_VIA,SUPERFICIE_CALZADA,EXISTE_SENIAL_VERTICAL,CLASIFICACION_SENIAL_VERTICAL_1,CLASIFICACION_SENIAL_VERTICAL_2,EXISTE_SENIAL_HORIZONTAL,CAUSA_FACTOR_PRINCIPAL,CAUSA_ESPECIFICA,HORA,severidad,ANIO,MES,DIA_SEMANA,FIN_SEMANA,FRANJA_HORARIA,TEMPORADA,MACROREGION,TIPO_VIA_SCORE,PERFIL_VIA_SCORE,SUPERFICIE_CALZADA_SCORE,RIESGO_INFRAESTRUCTURA,RIESGO_CLIMATICO,SENIALIZACION_DEFICIENTE,EDAD_PROMEDIO,EDAD_STD,TOTAL_ALCOHOL,TOTAL_LICENCIA,TOTAL_PERSONAS,PCT_ALCOHOL,PCT_LICENCIA,ES_NOCHE
A-2024-11-66,2024-11-24,07:30,ATROPELLO,1,0,0,AREQUIPA,AREQUIPA,CERRO COLORADO,URBANA,CARRETERA,NACIONAL,PE-34A,-16.40649,-71.59713,DESPEJADO,INDUSTRIAL,TRAMO RECTO,PLANA ,ASFALTADA,,,,,EN PROCESO DE INVESTIGACIÓN,NO CUENTA CON CAUSA ESPECIFICA,7.0,0,2024.0,11.0,6.0,1,1,3,0,0.0,0.0,0.0,0.0,0,0,65.0,0.0,0,0,2,0.0,0.0,0
A-2024-11-139,2024-11-24,11:00,ATROPELLO,1,0,0,LIMA,LIMA,VILLA EL SALVADOR,URBANA,AVENIDA,URBANO,NO CORRESPONDE,-12.240680117090802,-76.91381042386361,DESPEJADO,COMERCIAL,INTERSECCIÓN,PLANA ,ASFALTADA,,,,,EN PROCESO DE INVESTIGACIÓN,NO CUENTA CON CAUSA ESPECIFICA,11.0,0,2024.0,11.0,6.0,1,1,3,0,1.0,0.0,0.0,1.0,0,0,51.5,24.748737341529164,0,1,2,0.0,0.5,0
A-2024-11-140,2024-11-24,15:00,DESPISTE,1,0,0,LIMA,LIMA,SAN JUAN DE LURIGANCHO,URBANA,AVENIDA,URBANO,NO CORRESPONDE,-11.955796409226386,-76.9920513078763,DESPEJADO,COMERCIAL,INTERSECCIÓN,PLANA ,ASFALTADA,,,,,EN PROCESO DE INVESTIGACIÓN,NO CUENTA CON CAUSA ESPECIFICA,15.0,0,2024.0,11.0,6.0,1,2,3,0,1.0,0.0,0.0,1.0,0,0,31.0,0.0,0,0,1,0.0,0.0,0
A-2024-11-104,2024-11-25,00:30,CHOQUE,2,1,2,CAJAMARCA,CAJAMARCA,LLACANORA,RURAL,CARRETERA,NACIONAL,PE-3N,-7.199469,-78.373078,DESPEJADO,RURAL,TRAMO RECTO,PLANA ,ASFALTADA,,,,,IMPRUDENCIA DEL CONDUCTOR,EXCESO DE VELOCIDAD,0.0,1,2024.0,11.0,0.0,0,0,3,1,0.0,0.0,0.0,0.0,0,0,40.5,15.758595538097085,0,1,4,0.0,0.25,1
A-2024-11-108,2024-11-25,12:30,DESPISTE,1,0,1,CAJAMARCA,CAJABAMBA,CACHACHI,RURAL,CARRETERA,SIN CLASIFICAR,SIN CLASIFICAR,-7.607604659,-78.16185585,DESPEJADO,RURAL,TRAMO RECTO,INCLINADA,AFIRMADO,,,,,NEGLIGENCIA DEL CONDUCTOR,OTRO (NEGLIGENCIA DEL CONDUCTOR),12.0,0,2024.0,11.0,0.0,0,2,3,1,0.0,1.0,1.0,2.0,0,0,33.0,0.0,0,0,1,0.0,0.0,0
A-2024-11-151,2024-11-25,16:14,DESPISTE,1,0,1,CUSCO,LA CONVENCION,SANTA ANA,RURAL,CARRETERA,PROVINCIAL,CU-809,-12.876018,-72.713742,DESPEJADO,RURAL,TRAMO RECTO,PLANA ,AFIRMADO,,,,,IMPRUDENCIA DEL CONDUCTOR,EXCESO DE VELOCIDAD,16.0,0,2024.0,11.0,0.0,0,2,3,1,0.0,0.0,1.0,1.0,0,0,47.0,0.0,0,1,1,0.0,1.0,0
A-2024-11-89,2024-11-25,17:20,CHOQUE,1,1,2,AYACUCHO,HUAMANGA,VINCHOS,RURAL,CARRETERA,NACIONAL,PE-28A,-13.349265,-74.396867,DESPEJADO,RURAL,CURVA,INCLINADA,ASFALTADA,SI,PREVENTIVA (P),,NO,IMPRUDENCIA DEL CONDUCTOR,FATIGA Y/O CANSANCIO,17.0,0,2024.0,11.0,0.0,0,2,3,1,0.0,1.0,0.0,1.0,0,1,34.75,20.54872258803452,0,2,4,0.0,0.5,0
A-2024-11-74,2024-11-25,19:05,DESPISTE,1,1,1,LA LIBERTAD,TRUJILLO,LAREDO,RURAL,CARRETERA,NACIONAL,PE-10A,-8.0565478904,-78.8538187225,DESPEJADO,RURAL,TRAMO RECTO,PLANA ,ASFALTADA,,,,,EN PROCESO DE INVESTIGACIÓN,NO CUENTA CON CAUSA ESPECIFICA,19.0,0,2024.0,11.0,0.0,0,3,3,0,0.0,0.0,0.0,0.0,0,0,22.0,0.0,0,0,2,0.0,0.0,1
A-2024-11-75,2024-11-26,20:00,DESPISTE,1,0,1,LA LIBERTAD,ASCOPE,CHOCOPE,RURAL,CARRETERA,NACIONAL,PE-1N,-7.816319375247118,-79.17686303703032,DESPEJADO,RURAL,TRAMO RECTO,PLANA ,ASFALTADA,,,,,EN PROCESO DE INVESTIGACIÓN,NO CUENTA CON CAUSA ESPECIFICA,20.0,0,2024.0,11.0,1.0,0,3,3,0,0.0,0.0,0.0,0.0,0,0,55.0,0.0,0,0,1,0.0,0.0,1
A-2024-11-106,2024-11-27,07:40,ATROPELLO,1,0,1,CAJAMARCA,JAEN,POMAHUACA,URBANA,CALLE,URBANO,NO CORRESPONDE,-5.933341,-79.228563,DESPEJADO,COMERCIAL,TRAMO RECTO,INCLINADA,CONCRETO,,,,,IMPRUDENCIA DEL PEATÓN,OTRO (IMPRUDENCIA DEL PEATÓN),7.0,0,2024.0,11.0,2.0,0,1,3,1,2.0,1.0,0.0,3.0,0,0,17.0,0.0,0,0,2,0.0,0.0,0
A-2024-11-80,2024-11-28,01:20,CHOQUE CON OBJETO FIJO,1,0,1,AREQUIPA,AREQUIPA,SOCABAYA,URBANA,CARRETERA,PROVINCIAL,AR-795,-16.45814,-71.5415,DESPEJADO,RESIDENCIAL,CURVA,PLANA ,ASFALTADA,NO,,,SI,EN PROCESO DE INVESTIGACIÓN,NO CUENTA CON CAUSA ESPECIFICA,1.0,0,2024.0,11.0,3.0,0,0,3,0,0.0,0.0,0.0,0.0,0,1,24.0,0.0,0,1,1,0.0,1.0,1
A-2024-11-105,2024-11-28,09:40,DESPISTE,2,0,1,CAJAMARCA,SAN MIGUEL,CALQUIS,RURAL,CARRETERA,PROVINCIAL,CA-1215,-6.966272104,-78.86079857,DESPEJADO,RURAL,TRAMO RECTO,INCLINADA,AFIRMADO,,,,,IMPRUDENCIA DEL CONDUCTOR,EXCESO DE VELOCIDAD,9.0,1,2024.0,11.0,3.0,0,1,3,1,0.0,1.0,1.0,2.0,0,0,61.5,24.748737341529164,0,0,2,0.0,0.0,0
A-2024-11-141,2024-11-28,13:10,CHOQUE,1,0,0,LIMA,LIMA,ATE,URBANA,AVENIDA,URBANO,NO CORRESPONDE,-12.03281787564587,-76.937145845464,DESPEJADO,COMERCIAL,INTERSECCIÓN,PLANA ,ASFALTADA,,,,,EN PROCESO DE INVESTIGACIÓN,NO CUENTA CON CAUSA ESPECIFICA,13.0,0,2024.0,11.0,3.0,0,2,3,0,1.0,0.0,0.0,1.0,0,0,44.0,5.656854249492381,0,1,2,0.0,0.5,0
A-2024-11-142,2024-11-29,05:20,CHOQUE,1,0,0,LIMA,LIMA,LIMA,URBANA,AVENIDA,URBANO,NO CORRESPONDE,-12.046734483496447,-77.07687116379219,DESPEJADO,INDUSTRIAL,INTERSECCIÓN,PLANA ,ASFALTADA,,,,,EN PROCESO DE INVESTIGACIÓN,NO CUENTA CON CAUSA ESPECIFICA,5.0,0,2024.0,11.0,4.0,0,0,3,0,1.0,0.0,0.0,1.0,0,0,43.0,0.0,0,1,2,0.0,0.5,1
A-2024-11-154,2024-11-29,07:40,ATROPELLO,1,0,0,LIMA,LIMA,SAN BORJA,URBANA,AVENIDA,URBANO,NO CORRESPONDE,-12.098418814771447,-77.01053392319928,DESPEJADO,RESIDENCIAL,TRAMO RECTO,PLANA ,ASFALTADA,,,,,EN PROCESO DE INVESTIGACIÓN,NO CUENTA CON CAUSA ESPECIFICA,7.0,0,2024.0,11.0,4.0,0,1,3,0,1.0,0.0,0.0,1.0,0,0,55.5,28.991378028648448,0,1,2,0.0,0.5,0
A-2024-11-143,2024-11-29,14:40,ATROPELLO,1,0,0,LIMA,LIMA,SAN MARTIN DE PORRES,URBANA,AVENIDA,URBANO,NO CORRESPONDE,-12.036169537688972,-77.0447629320172,DESPEJADO,COMERCIAL,TRAMO RECTO,PLANA ,ASFALTADA,,,,,EN PROCESO DE INVESTIGACIÓN,NO CUENTA CON CAUSA ESPECIFICA,14.0,0,2024.0,11.0,4.0,0,2,3,0,1.0,0.0,0.0,1.0,0,0,52.0,33.94112549695428,0,1,2,0.0,0.5,0
A-2024-11-76,2024-11-29,22:00,DESPISTE,1,2,1,LA LIBERTAD,VIRU,CHAO,RURAL,CARRETERA,DEPARTAMENTAL,LI-122,-8.46669395856624,-78.38256954450443,DESPEJADO,RURAL,TRAMO RECTO,PLANA ,TROCHA,,,,,EN PROCESO DE INVESTIGACIÓN,NO CUENTA CON CAUSA ESPECIFICA,22.0,0,2024.0,11.0,4.0,0,3,3,0,0.0,0.0,2.0,2.0,0,0,27.0,7.211102550927978,0,1,3,0.0,0.333,1
A-2024-11-145,2024-11-30,10:30,ATROPELLO,1,0,0,LIMA,LIMA,LIMA,URBANA,AVENIDA,URBANO,NO CORRESPONDE,-12.057345121902085,-77.01747286212846,DESPEJADO,COMERCIAL,INTERSECCIÓN,PLANA ,ASFALTADA,SI,REGULADORA (R),,NO,EN PROCESO DE INVESTIGACIÓN,NO CUENTA CON CAUSA ESPECIFICA,10.0,0,2024.0,11.0,5.0,1,1,3,0,1.0,0.0,0.0,1.0,0,1,43.5,17.67766952966369,0,0,2,0.0,0.0,0
A-2024-11-144,2024-11-30,13:50,CHOQUE,1,0,0,LIMA,LIMA,ATE,URBANA,AVENIDA,URBANO,NO CORRESPONDE,-12.045257813421095,-76.94137016878985,DESPEJADO,INDUSTRIAL,TRAMO RECTO,PLANA ,ASFALTADA,,,,,EN PROCESO DE INVESTIGACIÓN,NO CUENTA CON CAUSA ESPECIFICA,13.0,0,2024.0,11.0,5.0,1,2,3,0,1.0,0.0,0.0,1.0,0,0,28.5,9.192388155425117,0,1,2,0.0,0.5,0
A-2024-11-107,2024-11-30,19:00,DESPISTE,1,11,1,CAJAMARCA,SAN PABLO,SAN PABLO,RURAL,CARRETERA,PROVINCIAL,CA-1284,-7.119026,-78.801889,DESPEJADO,RURAL,TRAMO RECTO,PLANA ,AFIRMADO,,,,,IMPRUDENCIA DEL CONDUCTOR,OTRO (IMPRUDENCIA DEL CONDUCTOR),19.0,0,2024.0,11.0,5.0,1,3,3,1,0.0,0.0,1.0,1.0,0,0,40.30769230769231,22.35465878135404,0,0,13,0.0,0.0,1
A-2024-11-84,2024-11-30,20:00,CAÍDA DE PASAJERO,1,0,1,LA LIBERTAD,TRUJILLO,TRUJILLO,RURAL,CARRETERA,NACIONAL,PE-10A,-8.1101917903,-78.99746954,DESPEJADO,RURAL,TRAMO RECTO,PLANA ,ASFALTADA,,,,,EN PROCESO DE INVESTIGACIÓN,NO CUENTA CON CAUSA ESPECIFICA,20.0,0,2024.0,11.0,5.0,1,3,3,0,0.0,0.0,0.0,0.0,0,0,44.0,0.0,0,0,1,0.0,0.0,1
A-2024-12-22,2024-12-01,04:00,CHOQUE FUGA,1,1,2,TUMBES,TUMBES,CORRALES,RURAL,CARRETERA,NACIONAL,PE-1N,-3.6049478785459166,-80.49963073841164,DESPEJADO,RURAL,TRAMO RECTO,PLANA ,ASFALTADA,,,,,IMPRUDENCIA DEL CONDUCTOR,OTRO (IMPRUDENCIA DEL CONDUCTOR),4.0,0,2024.0,12.0,6.0,1,0,0,0,0.0,0.0,0.0,0.0,0,0,62.5,2.1213203435596424,0,0,3,0.0,0.0,1
A-2024-12-24,2024-12-01,04:20,CHOQUE,1,0,2,TUMBES,TUMBES,CORRALES,URBANA,CARRETERA,NACIONAL,PE-1N,-3.597918307442012,-80.48435359240293,DESPEJADO,COMERCIAL,INTERSECCIÓN,PLANA ,ASFALTADA,,,,,IMPRUDENCIA DEL CONDUCTOR,OTRO (IMPRUDENCIA DEL CONDUCTOR),4.0,0,2024.0,12.0,6.0,1,0,0,0,0.0,0.0,0.0,0.0,0,0,41.0,0.0,1,0,2,0.5,0.0,1
A-2024-12-130,2024-12-01,12:00,DESPISTE,1,0,1,AMAZONAS,CHACHAPOYAS,CHACHAPOYAS,RURAL,CARRETERA,NACIONAL,PE-08C,-6.214963111,-77.90632628,DESPEJADO,RURAL,CURVA,INCLINADA,ASFALTADA,,,,,EN PROCESO DE INVESTIGACIÓN,NO CUENTA CON CAUSA ESPECIFICA,12.0,0,2024.0,12.0,6.0,1,2,0,2,0.0,1.0,0.0,1.0,0,0,25.0,0.0,0,0,1,0.0,0.0,0
A-2024-12-1,2024-12-01,12:30,DESPISTE,1,0,1,SAN MARTIN,MOYOBAMBA,MOYOBAMBA,RURAL,CARRETERA,SIN CLASIFICAR,SIN CLASIFICAR,-5.972148,-76.978324,DESPEJADO,RURAL,CURVA,INCLINADA,AFIRMADO,SI,PREVENTIVA (P),INFORMATIVA (I),NO,IMPERICIA DEL CONDUCTOR,,12.0,0,2024.0,12.0,6.0,1,2,0,2,0.0,1.0,1.0,2.0,0,1,59.0,0.0,0,1,1,0.0,1.0,0
A-2024-12-27,2024-12-01,12:45,ATROPELLO,1,0,1,CUSCO,ANTA,ANCAHUASI,RURAL,CARRETERA,NACIONAL,PE-3S,-13.462123,-72.28831,DESPEJADO,RURAL,TRAMO RECTO,PLANA ,ASFALTADA,SI,PREVENTIVA (P),INFORMATIVA (I),NO,IMPRUDENCIA DEL PEATÓN,OTRO (IMPRUDENCIA DEL PEATÓN),12.0,0,2024.0,12.0,6.0,1,2,0,1,0.0,0.0,0.0,0.0,0,1,57.0,0.0,0,0,1,0.0,0.0,0
A-2024-12-87,2024-12-01,17:30,ATROPELLO,1,0,0,LIMA,LIMA,VILLA EL SALVADOR,URBANA,AVENIDA,URBANO,NO CORRESPONDE,-12.203067125582429,-76.93050158751072,DESPEJADO,INDUSTRIAL,INTERSECCIÓN,INCLINADA,ASFALTADA,,,,,EN PROCESO DE INVESTIGACIÓN,NO CUENTA CON CAUSA ESPECIFICA,17.0,0,2024.0,12.0,6.0,1,2,0,0,1.0,1.0,0.0,2.0,0,0,47.5,9.192388155425117,0,1,2,0.0,0.5,0
A-2024-12-88,2024-12-01,22:00,ATROPELLO FUGA,1,0,0,LIMA,LIMA,SANTIAGO DE SURCO,URBANA,CARRETERA,NACIONAL,PE-1S,-12.12760071038172,-76.97691375951386,DESPEJADO,RESIDENCIAL,CURVA,PLANA ,ASFALTADA,,,,,EN PROCESO DE INVESTIGACIÓN,NO CUENTA CON CAUSA ESPECIFICA,22.0,0,2024.0,12.0,6.0,1,3,0,0,0.0,0.0,0.0,0.0,0,0,43.0,0.0,0,1,2,0.0,0.5,1
A-2024-12-89,2024-12-01,23:05,ATROPELLO FUGA,1,0,0,LIMA,LIMA,SAN MARTIN DE PORRES,URBANA,CARRETERA,NACIONAL,PE-1N,-12.033338291762696,-77.05347766528016,DESPEJADO,COMERCIAL,TRAMO RECTO,PLANA ,ASFALTADA,SI,REGULADORA (R),,NO,EN PROCESO DE INVESTIGACIÓN,NO CUENTA CON CAUSA ESPECIFICA,23.0,0,2024.0,12.0,6.0,1,3,0,0,0.0,0.0,0.0,0.0,0,1,33.0,0.0,0,0,2,0.0,0.0,1
A-2024-12-34,2024-12-02,06:10,DESPISTE,1,0,1,LA LIBERTAD,PACASMAYO,GUADALUPE,RURAL,CARRETERA,NACIONAL,PE-08,-7.301119844390617,-79.41004905909178,DESPEJADO,RURAL,TRAMO RECTO,PLANA ,ASFALTADA,,,,,EN PROCESO DE INVESTIGACIÓN,NO CUENTA CON CAUSA ESPECIFICA,6.0,0,2024.0,12.0,0.0,0,1,0,0,0.0,0.0,0.0,0.0,0,0,34.0,0.0,0,0,1,0.0,0.0,0
A-2024-12-33,2024-12-02,07:10,CHOQUE,3,0,2,LA LIBERTAD,TRUJILLO,HUANCHACO,RURAL,CARRETERA,NACIONAL,PE-1N,-8.064350172,-79.0904013872,DESPEJADO,RURAL,TRAMO RECTO,PLANA ,ASFALTADA,,,,,IMPRUDENCIA DEL CONDUCTOR,OTRO (IMPRUDENCIA DEL CONDUCTOR),7.0,2,2024.0,12.0,0.0,0,1,0,0,0.0,0.0,0.0,0.0,0,0,31.6,11.717508267545622,0,2,5,0.0,0.4,0
A-2024-12-74,2024-12-02,15:00,ESPECIAL,1,10,1,CAJAMARCA,CHOTA,COCHABAMBA,RURAL,CARRETERA,NACIONAL,PE-3N,-6.487601,-78.848345,DESPEJADO,RURAL,TRAMO RECTO,PLANA ,ASFALTADA,,,,,IMPRUDENCIA DEL CONDUCTOR,OTRO (IMPRUDENCIA DEL CONDUCTOR),15.0,0,2024.0,12.0,0.0,0,2,0,1,0.0,0.0,0.0,0.0,0,0,48.09090909090909,11.536503330338403,0,1,11,0.0,0.091,0
A-2024-12-75,2024-12-02,17:30,DESPISTE,1,1,1,CAJAMARCA,CHOTA,TACABAMBA,RURAL,CARRETERA,PROVINCIAL,CA-919,-6.405213785,-78.56718662,DESPEJADO,RURAL,TRAMO RECTO,INCLINADA,TROCHA,,,,,IMPRUDENCIA DEL CONDUCTOR,EXCESO DE VELOCIDAD,17.0,0,2024.0,12.0,0.0,0,2,0,1,0.0,1.0,2.0,3.0,0,0,39.333333333333336,8.082903768654761,0,1,3,0.0,0.333,0
A-2024-12-76,2024-12-02,18:01,DESPISTE,1,2,2,CAJAMARCA,CONTUMAZA,YONAN,RURAL,CARRETERA,NACIONAL,PE-08,-7.197117298,-79.04207815,DESPEJADO,RURAL,CURVA,INCLINADA,ASFALTADA,SI,PREVENTIVA (P),,NO,IMPRUDENCIA DEL CONDUCTOR,CONDUCIR EN ESTADO DE EBRIEDAD Y/O DROGADICCIÓN,18.0,0,2024.0,12.0,0.0,0,3,0,1,0.0,1.0,0.0,1.0,0,1,26.333333333333332,6.110100926607786,1,2,3,0.333,0.667,1
A-2024-12-70,2024-12-03,05:45,CHOQUE FUGA,1,0,0,LIMA,LIMA,LOS OLIVOS,URBANA,AVENIDA,URBANO,NO CORRESPONDE,-11.99276343579075,-77.06414031914186,DESPEJADO,COMERCIAL,INTERSECCIÓN,PLANA ,ASFALTADA,,,,,EN PROCESO DE INVESTIGACIÓN,NO CUENTA CON CAUSA ESPECIFICA,5.0,0,2024.0,12.0,1.0,0,0,0,0,1.0,0.0,0.0,1.0,0,0,31.0,0.0,0,0,2,0.0,0.0,1
A-2024-12-36,2024-12-03,17:20,CHOQUE,2,0,2,LA LIBERTAD,TRUJILLO,EL PORVENIR,URBANA,CALLE,URBANO,NO CORRESPONDE,-8.0857789111,-78.9968245909,DESPEJADO,RESIDENCIAL,INTERSECCIÓN,PLANA ,ASFALTADA,,,,,EN PROCESO DE INVESTIGACIÓN,NO CUENTA CON CAUSA ESPECIFICA,17.0,1,2024.0,12.0,1.0,0,2,0,0,2.0,0.0,0.0,2.0,0,0,33.5,24.748737341529164,0,0,2,0.0,0.0,0
A-2024-12-86,2024-12-04,02:30,ATROPELLO FUGA,1,0,0,LIMA,LIMA,COMAS,URBANA,CARRETERA,NACIONAL,PE-1N,-11.933814470408452,-77.07207325287774,DESPEJADO,INDUSTRIAL,TRAMO RECTO,PLANA ,ASFALTADA,,,,,EN PROCESO DE INVESTIGACIÓN,NO CUENTA CON CAUSA ESPECIFICA,2.0,0,2024.0,12.0,2.0,0,0,0,0,0.0,0.0,0.0,0.0,0,0,0.0,0.0,0,0,2,0.0,0.0,1
A-2024-12-78,2024-12-04,10:00,ATROPELLO,1,0,2,CAJAMARCA,HUALGAYOC,BAMBAMARCA,RURAL,CALLE,URBANO,NO CORRESPONDE,-6.643943,-78.5494,DESPEJADO,RURAL,TRAMO RECTO,INCLINADA,AFIRMADO,,,,,IMPRUDENCIA DEL CONDUCTOR,EXCESO DE VELOCIDAD,10.0,0,2024.0,12.0,2.0,0,1,0,1,2.0,1.0,1.0,4.0,0,0,43.5,7.7781745930520225,0,0,3,0.0,0.0,0
A-2024-12-35,2024-12-04,12:10,CHOQUE,3,0,2,LA LIBERTAD,SANTIAGO DE CHUCO,QUIRUVILCA,RURAL,CARRETERA,NACIONAL,PE-3N,-7.987232,-78.268777,DESPEJADO,RURAL,TRAMO RECTO,PLANA ,AFIRMADO,,,,,EN PROCESO DE INVESTIGACIÓN,NO CUENTA CON CAUSA ESPECIFICA,12.0,2,2024.0,12.0,2.0,0,2,0,0,0.0,0.0,1.0,1.0,0,0,50.666666666666664,23.072349974229613,0,1,4,0.0,0.25,0
A-2024-12-65,2024-12-04,20:20,ATROPELLO,1,0,0,LIMA,LIMA,PACHACAMAC,URBANA,CARRETERA,PROVINCIAL,LM-796,-12.121224576377882,-76.8727343792582,DESPEJADO,COMERCIAL,INTERSECCIÓN,PLANA ,ASFALTADA,,,,,EN PROCESO DE INVESTIGACIÓN,NO CUENTA CON CAUSA ESPECIFICA,20.0,0,2024.0,12.0,2.0,0,3,0,0,0.0,0.0,0.0,0.0,0,0,62.0,33.94112549695428,0,1,2,0.0,0.5,1
A-2024-12-37,2024-12-05,07:45,DESPISTE,2,0,1,LA LIBERTAD,PATAZ,PATAZ,RURAL,CARRETERA,DEPARTAMENTAL,LI-125,-7.7598782543923805,-77.59461697132812,DESPEJADO,RURAL,TRAMO RECTO,PLANA ,TROCHA,,,,,EN PROCESO DE INVESTIGACIÓN,NO CUENTA CON CAUSA ESPECIFICA,7.0,1,2024.0,12.0,3.0,0,1,0,0,0.0,0.0,2.0,2.0,0,0,0.0,0.0,0,0,2,0.0,0.0,0
A-2024-12-90,2024-12-05,10:00,ATROPELLO,1,0,0,LIMA,LIMA,SAN MARTIN DE PORRES,URBANA,AVENIDA,URBANO,NO CORRESPONDE,-11.990137556621333,-77.09541737990095,DESPEJADO,RESIDENCIAL,TRAMO RECTO,PLANA ,ASFALTADA,,,,,EN PROCESO DE INVESTIGACIÓN,NO CUENTA CON CAUSA ESPECIFICA,10.0,0,2024.0,12.0,3.0,0,1,0,0,1.0,0.0,0.0,1.0,0,0,62.5,24.748737341529164,0,1,2,0.0,0.5,0
A-2024-12-67,2024-12-05,12:45,ATROPELLO,1,0,0,LIMA,LIMA,ATE,URBANA,CARRETERA,NACIONAL,PE-22,-12.002458267726476,-76.84165583396636,DESPEJADO,COMERCIAL,TRAMO RECTO,PLANA ,ASFALTADA,,,,,IMPRUDENCIA DEL CONDUCTOR,OTRO (IMPRUDENCIA DEL CONDUCTOR),12.0,0,2024.0,12.0,3.0,0,2,0,0,0.0,0.0,0.0,0.0,0,0,40.0,28.284271247461902,0,0,2,0.0,0.0,0
A-2024-12-128,2024-12-05,20:30,ATROPELLO,1,0,0,LIMA,LIMA,JESUS MARIA,URBANA,AVENIDA,URBANO,NO CORRESPONDE,-12.080752802091435,-77.05822341740915,DESPEJADO,RESIDENCIAL,INTERSECCIÓN,PLANA ,ASFALTADA,SI,PREVENTIVA (P),,SI,IMPRUDENCIA DEL PEATÓN,DESACATO DE SEÑAL DE TRÁNSITO,20.0,0,2024.0,12.0,3.0,0,3,0,0,1.0,0.0,0.0,1.0,0,0,45.0,25.45584412271571,0,1,2,0.0,0.5,1
A-2024-12-66,2024-12-05,22:20,DESPISTE,1,2,0,LIMA,LIMA,SANTA MARIA DEL MAR,URBANA,AVENIDA,URBANO,NO CORRESPONDE,-12.399872898747908,-76.75794493912079,DESPEJADO,INDUSTRIAL,CURVA,PLANA ,ASFALTADA,,,,,EN PROCESO DE INVESTIGACIÓN,NO CUENTA CON CAUSA ESPECIFICA,22.0,0,2024.0,12.0,3.0,0,3,0,0,1.0,0.0,0.0,1.0,0,0,17.333333333333332,11.547005383792515,0,0,3,0.0,0.0,1
A-2024-12-3,2024-12-06,05:45,CHOQUE FUGA,1,0,0,LIMA,HUARAL,CHANCAY,RURAL,CARRETERA,NACIONAL,PE-1N,-11.5766921,-77.2624778,,,,,,,,,,EN PROCESO DE INVESTIGACIÓN,NO CUENTA CON CAUSA ESPECIFICA,5.0,0,2024.0,12.0,4.0,0,0,0,0,0.0,1.0,1.0,2.0,0,0,42.0,0.0,0,0,3,0.0,0.0,1
A-2024-12-38,2024-12-06,21:30,DESPISTE,1,0,1,LA LIBERTAD,ASCOPE,PAIJAN,RURAL,CARRETERA,NACIONAL,PE-1N,-7.721090767434792,-79.30876836899603,DESPEJADO,RURAL,TRAMO RECTO,PLANA ,ASFALTADA,,,,,EN PROCESO DE INVESTIGACIÓN,NO CUENTA CON CAUSA ESPECIFICA,21.0,0,2024.0,12.0,4.0,0,3,0,0,0.0,0.0,0.0,0.0,0,0,0.0,0.0,0,0,1,0.0,0.0,1
A-2024-12-39,2024-12-06,23:30,ATROPELLO,1,0,1,LA LIBERTAD,VIRU,CHAO,RURAL,CARRETERA,NACIONAL,PE-1N,-8.563950345,-78.67388308,DESPEJADO,RURAL,TRAMO RECTO,PLANA ,ASFALTADA,,,,,EN PROCESO DE INVESTIGACIÓN,NO CUENTA CON CAUSA ESPECIFICA,23.0,0,2024.0,12.0,4.0,0,3,0,0,0.0,0.0,0.0,0.0,0,0,28.0,0.0,0,1,2,0.0,0.5,1
A-2024-12-91,2024-12-07,02:00,DESPISTE,1,0,0,LIMA,LIMA,EL AGUSTINO,URBANA,AVENIDA,URBANO,NO CORRESPONDE,-12.03273811614064,-76.99669402204279,DESPEJADO,RESIDENCIAL,INTERSECCIÓN,PLANA ,ASFALTADA,,,,,EN PROCESO DE INVESTIGACIÓN,NO CUENTA CON CAUSA ESPECIFICA,2.0,0,2024.0,12.0,5.0,1,0,0,0,1.0,0.0,0.0,1.0,0,0,48.0,0.0,0,1,1,0.0,1.0,1
A-2024-12-2,2024-12-07,03:30,DESPISTE,1,28,1,AREQUIPA,AREQUIPA,VITOR,RURAL,CARRETERA,NACIONAL,PE-1S,-16.4272,-72.01706,DESPEJADO,RURAL,TRAMO RECTO,PLANA ,ASFALTADA,,,,,EN PROCESO DE INVESTIGACIÓN,NO CUENTA CON CAUSA ESPECIFICA,3.0,0,2024.0,12.0,5.0,1,0,0,0,0.0,0.0,0.0,0.0,0,0,35.93103448275862,16.53768647337425,0,1,29,0.0,0.034,1
A-2024-12-92,2024-12-07,04:10,DESPISTE,1,1,0,LIMA,LIMA,LURIGANCHO,URBANA,CARRETERA,NACIONAL,PE-22,-11.945755066531916,-76.71007762607162,DESPEJADO,RESIDENCIAL,CURVA,PLANA ,ASFALTADA,,,,,EN PROCESO DE INVESTIGACIÓN,NO CUENTA CON CAUSA ESPECIFICA,4.0,0,2024.0,12.0,5.0,1,0,0,0,0.0,0.0,0.0,0.0,0,0,20.0,0.0,0,0,2,0.0,0.0,1