CODIGO_SINIESTRO,FECHA_SINIESTRO,HORA_SINIESTRO,CLASE_SINIESTRO,CANTIDAD_FALLECIDOS,CANTIDAD_LESIONADOS,CANTIDAD_VEHICULOS,DEPARTAMENTO,PROVINCIA,DISTRITO,ZONA,TIPO_VIA,RED_VIAL,COD_CARRETERA,LATITUD,LONGITUD,CONDICION_CLIMATICA,ZONIFICACION,CARACTERISTICAS_VIA,PERFIL_VIA,SUPERFICIE_CALZADA,EXISTE_SENIAL_VERTICAL,CLASIFICACION_SENIAL_VERTICAL_1,CLASIFICACION_SENIAL_VERTICAL_2,EXISTE_SENIAL_HORIZONTAL,CAUSA_FACTOR_PRINCIPAL,CAUSA_ESPECIFICA,HORA,severidad,ANIO,MES,DIA_SEMANA,FIN_SEMANA,FRANJA_HORARIA,TEMPORADA,MACROREGION,TIPO_VIA_SCORE,PERFIL_VIA_SCORE,SUPERFICIE_CALZADA_SCORE,RIESGO_INFRAESTRUCTURA,RIESGO_CLIMATICO,SENIALIZACION_DEFICIENTE,EDAD_PROMEDIO,EDAD_STD,TOTAL_ALCOHOL,TOTAL_LICENCIA,TOTAL_PERSONAS,PCT_ALCOHOL,PCT_LICENCIA,ES_NOCHE
A-2024-12-131,2024-12-07,18:50,CHOQUE,2,13,0,MOQUEGUA,ILO,ILO,RURAL,CARRETERA,NACIONAL,PE-1SD,-17.7653195,-71.1926493,,,,,,,,,,EN PROCESO DE INVESTIGACIÓN,NO CUENTA CON CAUSA ESPECIFICA,18.0,1,2024.0,12.0,5.0,1,3,0,0,0.0,1.0,1.0,2.0,0,0,33.875,8.123012577445227,0,0,16,0.0,0.0,1
A-2024-12-40,2024-12-07,19:00,CHOQUE,1,0,1,LA LIBERTAD,PACASMAYO,GUADALUPE,RURAL,CARRETERA,NACIONAL,PE-08,-7.304353956270891,-79.46374628680131,DESPEJADO,RURAL,TRAMO RECTO,PLANA ,ASFALTADA,,,,,EN PROCESO DE INVESTIGACIÓN,NO CUENTA CON CAUSA ESPECIFICA,19.0,0,2024.0,12.0,5.0,1,3,0,0,0.0,0.0,0.0,0.0,0,0,56.0,2.8284271247461903,0,1,2,0.0,0.5,1
A-2024-12-93,2024-12-07,19:30,ATROPELLO,1,0,0,LIMA,LIMA,ANCON,URBANA,CARRETERA,NACIONAL,PE-1NA,-11.768235708143576,-77.16107079620207,DESPEJADO,COMERCIAL,TRAMO RECTO,PLANA ,ASFALTADA,,,,,EN PROCESO DE INVESTIGACIÓN,NO CUENTA CON CAUSA ESPECIFICA,19.0,0,2024.0,12.0,5.0,1,3,0,0,0.0,0.0,0.0,0.0,0,0,43.5,34.64823227814083,0,0,2,0.0,0.0,1
A-2024-12-7,2024-12-07,21:00,ATROPELLO FUGA,1,0,0,PUNO,CHUCUITO,JULI,RURAL,CARRETERA,NACIONAL,PE-3S,-16.19617,-69.523736,,,,,,,,,,IMPRUDENCIA DEL PEATÓN,ESTADO DE EBRIEDAD Y/O DROGADICCIÓN,21.0,0,2024.0,12.0,5.0,1,3,0,1,0.0,1.0,1.0,2.0,0,0,79.0,0.0,0,0,2,0.0,0.0,1
A-2024-12-77,2024-12-08,00:20,CHOQUE,1,1,2,CAJAMARCA,HUALGAYOC,BAMBAMARCA,URBANA,JIRÓN,URBANO,NO CORRESPONDE,-6.677758483,-78.52066843,DESPEJADO,COMERCIAL,TRAMO RECTO,PLANA ,CONCRETO,,,,,IMPRUDENCIA DEL CONDUCTOR,CONDUCIR EN ESTADO DE EBRIEDAD Y/O DROGADICCIÓN,0.0,0,2024.0,12.0,6.0,1,0,0,1,1.0,0.0,0.0,1.0,0,0,19.5,0.7071067811865476,1,0,2,0.5,0.0,1
A-2024-12-4,2024-12-08,01:25,CHOQUE,1,1,2,LIMA,HUARAL,CHANCAY,URBANA,CARRETERA,NACIONAL,PE-1N,-11.5645605,-77.2652412,DESPEJADO,RURAL,INTERSECCIÓN,PLANA ,ASFALTADA,SI,PREVENTIVA (P),PREVENTIVA (P),SI,EN PROCESO DE INVESTIGACIÓN,NO CUENTA CON CAUSA ESPECIFICA,1.0,0,2024.0,12.0,6.0,1,0,0,0,0.0,0.0,0.0,0.0,0,0,34.333333333333336,8.736894948054104,0,1,3,0.0,0.333,1
A-2024-12-94,2024-12-08,01:50,CHOQUE CON OBJETO FIJO,1,0,0,LIMA,LIMA,SANTIAGO DE SURCO,URBANA,CARRETERA,NACIONAL,PE-1S,-12.080560232466665,-76.97758366172309,DESPEJADO,RESIDENCIAL,CURVA,PLANA ,ASFALTADA,,,,,EN PROCESO DE INVESTIGACIÓN,NO CUENTA CON CAUSA ESPECIFICA,1.0,0,2024.0,12.0,6.0,1,0,0,0,0.0,0.0,0.0,0.0,0,0,27.0,0.0,0,0,1,0.0,0.0,1
A-2024-12-41,2024-12-08,06:00,DESPISTE,1,0,1,LA LIBERTAD,VIRU,CHAO,RURAL,CARRETERA,DEPARTAMENTAL,LI-121,-8.37192163569244,-78.53529204635618,DESPEJADO,RURAL,TRAMO RECTO,PLANA ,AFIRMADO,,,,,EN PROCESO DE INVESTIGACIÓN,NO CUENTA CON CAUSA ESPECIFICA,6.0,0,2024.0,12.0,6.0,1,1,0,0,0.0,0.0,1.0,1.0,0,0,26.0,0.0,0,0,1,0.0,0.0,0
A-2024-12-30,2024-12-08,07:00,CHOQUE,1,0,0,ICA,CHINCHA,CHINCHA BAJA,RURAL,CARRETERA,NACIONAL,PE-1S,-13.51293184,-76.14193829,,,,,,,,,,EN PROCESO DE INVESTIGACIÓN,NO CUENTA CON CAUSA ESPECIFICA,7.0,0,2024.0,12.0,6.0,1,1,0,0,0.0,1.0,1.0,2.0,0,0,57.0,0.0,0,0,1,0.0,0.0,0
A-2024-12-95,2024-12-08,19:10,ATROPELLO,1,0,0,LIMA,LIMA,VILLA MARIA DEL TRIUNFO,URBANA,AVENIDA,URBANO,NO CORRESPONDE,-12.15511208588376,-76.95864852025149,DESPEJADO,RESIDENCIAL,TRAMO RECTO,INCLINADA,ASFALTADA,,,,,EN PROCESO DE INVESTIGACIÓN,NO CUENTA CON CAUSA ESPECIFICA,19.0,0,2024.0,12.0,6.0,1,3,0,0,1.0,1.0,0.0,2.0,0,0,54.5,44.54772721475249,0,1,2,0.0,0.5,1
A-2024-12-31,2024-12-08,22:00,CHOQUE,1,0,0,ICA,CHINCHA,ALTO LARAN,URBANA,CARRETERA,NACIONAL,PE-1S,-13.44978188,-76.13609755,,,,,,,,,,EN PROCESO DE INVESTIGACIÓN,NO CUENTA CON CAUSA ESPECIFICA,22.0,0,2024.0,12.0,6.0,1,3,0,0,0.0,1.0,1.0,2.0,0,0,24.0,0.0,0,0,1,0.0,0.0,1
A-2024-12-96,2024-12-09,05:15,DESPISTE,2,0,0,LIMA,LIMA,SAN JUAN DE LURIGANCHO,URBANA,AVENIDA,URBANO,NO CORRESPONDE,-12.029377134050511,-77.01776087661604,DESPEJADO,RESIDENCIAL,CURVA,INCLINADA,ASFALTADA,SI,INFORMATIVA (I),,SI,EN PROCESO DE INVESTIGACIÓN,NO CUENTA CON CAUSA ESPECIFICA,5.0,1,2024.0,12.0,0.0,0,0,0,0,1.0,1.0,0.0,2.0,0,0,35.0,0.0,0,0,2,0.0,0.0,1
A-2024-12-63,2024-12-09,08:31,CHOQUE,1,1,2,CUSCO,CALCA,YANATILE,RURAL,CARRETERA,DEPARTAMENTAL,CU-105,-12.654692,-72.345679,DESPEJADO,RURAL,CURVA,INCLINADA,AFIRMADO,,,,,IMPRUDENCIA DEL CONDUCTOR,EXCESO DE VELOCIDAD,8.0,0,2024.0,12.0,0.0,0,1,0,1,0.0,1.0,1.0,2.0,0,0,37.0,12.727922061357855,0,1,2,0.0,0.5,0
A-2024-12-97,2024-12-09,16:05,CHOQUE,1,0,0,LIMA,LIMA,CHORRILLOS,URBANA,CARRETERA,NACIONAL,PE-1S,-12.20626581299505,-76.97498784346062,DESPEJADO,INDUSTRIAL,TRAMO RECTO,PLANA ,ASFALTADA,,,,,EN PROCESO DE INVESTIGACIÓN,NO CUENTA CON CAUSA ESPECIFICA,16.0,0,2024.0,12.0,0.0,0,2,0,0,0.0,0.0,0.0,0.0,0,0,26.0,9.899494936611665,0,1,2,0.0,0.5,0
A-2024-12-98,2024-12-09,23:55,ATROPELLO,1,0,0,LIMA,LIMA,PUNTA HERMOSA,URBANA,CARRETERA,NACIONAL,PE-1S,-12.331775684162482,-76.82095575612404,DESPEJADO,INDUSTRIAL,TRAMO RECTO,PLANA ,ASFALTADA,,,,,EN PROCESO DE INVESTIGACIÓN,NO CUENTA CON CAUSA ESPECIFICA,23.0,0,2024.0,12.0,0.0,0,3,0,0,0.0,0.0,0.0,0.0,0,0,54.0,0.0,0,1,2,0.0,0.5,1
A-2024-12-99,2024-12-10,08:40,DESPISTE,1,3,0,LIMA,LIMA,SAN JUAN DE MIRAFLORES,URBANA,AVENIDA,URBANO,NO CORRESPONDE,-12.137919555219083,-76.96104368818563,DESPEJADO,ESCOLAR,INTERSECCIÓN,INCLINADA,ASFALTADA,,,,,EN PROCESO DE INVESTIGACIÓN,NO CUENTA CON CAUSA ESPECIFICA,8.0,0,2024.0,12.0,1.0,0,1,0,0,1.0,1.0,0.0,2.0,0,0,42.5,25.331140255951105,0,0,5,0.0,0.0,0
A-2024-12-8,2024-12-10,08:50,CHOQUE,1,2,2,AREQUIPA,AREQUIPA,CAYMA,URBANA,CARRETERA,DEPARTAMENTAL,AR-116,-16.3811419,-71.5451439,DESPEJADO,RESIDENCIAL,TRAMO RECTO,PLANA ,ASFALTADA,,,,,EN PROCESO DE INVESTIGACIÓN,NO CUENTA CON CAUSA ESPECIFICA,8.0,0,2024.0,12.0,1.0,0,1,0,0,0.0,0.0,0.0,0.0,0,0,49.0,13.527749258468683,0,1,3,0.0,0.333,0
A-2024-12-5,2024-12-10,10:00,CHOQUE,1,0,0,AREQUIPA,AREQUIPA,LA JOYA,URBANA,CARRETERA,NACIONAL,PE-1S,-16.499251,-71.832093,SOLEADO,RURAL,TRAMO RECTO,PLANA ,ASFALTADA,SI,INFORMATIVA (I),,SI,EN PROCESO DE INVESTIGACIÓN,NO CUENTA CON CAUSA ESPECIFICA,10.0,0,2024.0,12.0,1.0,0,1,0,0,0.0,0.0,0.0,0.0,0,0,48.0,5.656854249492381,1,2,2,0.5,1.0,0
A-2024-12-6,2024-12-10,18:45,DESPISTE,1,2,0,AREQUIPA,ISLAY,PUNTA DE BOMBON,RURAL,CARRETERA,NACIONAL,PE-1SD,-17.246461,-71.545433,NUBLADO,RURAL,CURVA,INCLINADA,ASFALTADA,SI,REGULADORA (R),,SI,EN PROCESO DE INVESTIGACIÓN,NO CUENTA CON CAUSA ESPECIFICA,18.0,0,2024.0,12.0,1.0,0,3,0,0,0.0,1.0,0.0,1.0,0,0,58.0,17.435595774162696,0,1,3,0.0,0.333,1
A-2024-12-42,2024-12-11,06:00,CHOQUE,1,0,2,LA LIBERTAD,PACASMAYO,GUADALUPE,RURAL,CARRETERA,NACIONAL,PE-08,-7.3051043402,-79.4487724323,DESPEJADO,RURAL,TRAMO RECTO,PLANA ,ASFALTADA,,,,,EN PROCESO DE INVESTIGACIÓN,NO CUENTA CON CAUSA ESPECIFICA,6.0,0,2024.0,12.0,2.0,0,1,0,0,0.0,0.0,0.0,0.0,0,0,49.5,12.020815280171307,0,1,2,0.0,0.5,0
A-2024-12-69,2024-12-11,15:30,CHOQUE,1,0,2,AYACUCHO,LUCANAS,LUCANAS,RURAL,CARRETERA,NACIONAL,PE-30A,-14.646467,-74.310035,LLUVIOSO,RURAL,CURVA,INCLINADA,ASFALTADA,SI,PREVENTIVA (P),,NO,IMPRUDENCIA DEL CONDUCTOR,EXCESO DE VELOCIDAD,15.0,0,2024.0,12.0,2.0,0,2,0,1,0.0,1.0,0.0,1.0,1,1,52.0,16.97056274847714,0,2,2,0.0,1.0,0
A-2024-12-10,2024-12-12,08:30,DESPISTE,3,1,1,AREQUIPA,CAYLLOMA,TAPAY,RURAL,CARRETERA,SIN CLASIFICAR,SIN CLASIFICAR,-15.58493,-71.99596,DESPEJADO,RURAL,CURVA,PLANA ,TROCHA,,,,,EN PROCESO DE INVESTIGACIÓN,NO CUENTA CON CAUSA ESPECIFICA,8.0,2,2024.0,12.0,3.0,0,1,0,0,0.0,0.0,2.0,2.0,0,0,53.25,9.912113800799505,0,1,4,0.0,0.25,0
A-2024-12-43,2024-12-12,10:00,DESPISTE,2,0,1,LA LIBERTAD,BOLIVAR,UCHUMARCA,RURAL,CARRETERA,SIN CLASIFICAR,SIN CLASIFICAR,-7.057669990264186,-77.76739414398182,DESPEJADO,RURAL,TRAMO RECTO,PLANA ,AFIRMADO,,,,,EN PROCESO DE INVESTIGACIÓN,NO CUENTA CON CAUSA ESPECIFICA,10.0,1,2024.0,12.0,3.0,0,1,0,0,0.0,0.0,1.0,1.0,0,0,39.333333333333336,16.289055630494158,0,1,3,0.0,0.333,0
A-2024-12-44,2024-12-12,19:00,CHOQUE,1,0,0,LA LIBERTAD,VIRU,CHAO,RURAL,CARRETERA,NACIONAL,PE-1N,-8.541219465385137,-78.6757678961301,,,,,,,,,,EN PROCESO DE INVESTIGACIÓN,NO CUENTA CON CAUSA ESPECIFICA,19.0,0,2024.0,12.0,3.0,0,3,0,0,0.0,1.0,1.0,2.0,0,0,31.5,17.67766952966369,0,0,2,0.0,0.0,1
A-2024-12-100,2024-12-13,01:30,ATROPELLO FUGA,1,0,0,LIMA,LIMA,SAN MARTIN DE PORRES,URBANA,AVENIDA,URBANO,NO CORRESPONDE,-12.031675407010912,-77.06809336339548,DESPEJADO,COMERCIAL,TRAMO RECTO,PLANA ,ASFALTADA,,,,,EN PROCESO DE INVESTIGACIÓN,NO CUENTA CON CAUSA ESPECIFICA,1.0,0,2024.0,12.0,4.0,0,0,0,0,1.0,0.0,0.0,1.0,0,0,0.0,0.0,0,0,2,0.0,0.0,1
A-2024-12-101,2024-12-14,02:30,DESPISTE,1,0,0,LIMA,LIMA,EL AGUSTINO,URBANA,CARRETERA,NACIONAL,PE-1N,-12.03285756513733,-77.00682081487176,DESPEJADO,COMERCIAL,TRAMO RECTO,INCLINADA,ASFALTADA,,,,,EN PROCESO DE INVESTIGACIÓN,NO CUENTA CON CAUSA ESPECIFICA,2.0,0,2024.0,12.0,5.0,1,0,0,0,0.0,1.0,0.0,1.0,0,0,26.0,0.0,0,1,1,0.0,1.0,1
A-2024-12-102,2024-12-14,04:55,CHOQUE,1,0,0,LIMA,LIMA,VILLA EL SALVADOR,URBANA,CARRETERA,NACIONAL,PE-1S,-12.24251203982104,-76.94402208978147,DESPEJADO,INDUSTRIAL,TRAMO RECTO,PLANA ,ASFALTADA,,,,,EN PROCESO DE INVESTIGACIÓN,NO CUENTA CON CAUSA ESPECIFICA,4.0,0,2024.0,12.0,5.0,1,0,0,0,0.0,0.0,0.0,0.0,0,0,50.0,21.213203435596427,0,1,2,0.0,0.5,1
A-2024-12-79,2024-12-14,23:00,DESPISTE,2,1,1,CAJAMARCA,CAJAMARCA,SAN JUAN,RURAL,CARRETERA,PROVINCIAL,CA-1441,-7.307823228,-78.459254,DESPEJADO,RURAL,CURVA,INCLINADA,CASCAJO/RIPIO,,,,,IMPRUDENCIA DEL CONDUCTOR,OTRO (IMPRUDENCIA DEL CONDUCTOR),23.0,1,2024.0,12.0,5.0,1,3,0,1,0.0,1.0,1.0,2.0,0,0,33.666666666666664,9.073771725877467,0,0,3,0.0,0.0,1
A-2024-12-104,2024-12-15,02:38,CHOQUE,1,1,0,LIMA,LIMA,PUENTE PIEDRA,URBANA,CARRETERA,NACIONAL,PE-1N,-11.841324330668538,-77.10368626847814,DESPEJADO,ESCOLAR,TRAMO RECTO,PLANA ,ASFALTADA,,,,,EN PROCESO DE INVESTIGACIÓN,NO CUENTA CON CAUSA ESPECIFICA,2.0,0,2024.0,12.0,6.0,1,0,0,0,0.0,0.0,0.0,0.0,0,0,47.75,11.786291472158096,0,1,4,0.0,0.25,1
A-2024-12-107,2024-12-15,05:40,DESPISTE,1,1,0,LIMA,LIMA,MAGDALENA DEL MAR,URBANA,VIA EXPRESA,URBANO,NO CORRESPONDE,-12.097772906945732,-77.07281905686722,DESPEJADO,COMERCIAL,CURVA,PLANA ,ASFALTADA,,,,,EN PROCESO DE INVESTIGACIÓN,NO CUENTA CON CAUSA ESPECIFICA,5.0,0,2024.0,12.0,6.0,1,0,0,0,1.0,0.0,0.0,1.0,0,0,19.5,0.7071067811865476,0,1,2,0.0,0.5,1
A-2024-12-12,2024-12-15,10:20,CHOQUE,1,3,2,AREQUIPA,AREQUIPA,SAN JUAN DE TARUCANI,RURAL,CARRETERA,NACIONAL,PE-34A,-16.04552,-71.32347,DESPEJADO,RURAL,TRAMO RECTO,PLANA ,ASFALTADA,SI,PREVENTIVA (P),,SI,EN PROCESO DE INVESTIGACIÓN,NO CUENTA CON CAUSA ESPECIFICA,10.0,0,2024.0,12.0,6.0,1,1,0,0,0.0,0.0,0.0,0.0,0,0,37.333333333333336,10.692676621563628,0,1,4,0.0,0.25,0
A-2024-12-108,2024-12-16,02:10,CHOQUE CON OBJETO FIJO,2,0,0,LIMA,LIMA,INDEPENDENCIA,URBANA,AVENIDA,URBANO,NO CORRESPONDE,-11.991470434823938,-77.05703698927088,DESPEJADO,RESIDENCIAL,TRAMO RECTO,PLANA ,ASFALTADA,,,,,EN PROCESO DE INVESTIGACIÓN,NO CUENTA CON CAUSA ESPECIFICA,2.0,1,2024.0,12.0,0.0,0,0,0,0,1.0,0.0,0.0,1.0,0,0,20.0,0.0,0,1,3,0.0,0.333,1
A-2024-12-9,2024-12-16,02:10,ATROPELLO,1,0,1,AREQUIPA,AREQUIPA,CERRO COLORADO,URBANA,CARRETERA,NACIONAL,PE-34A,-16.345909,-71.581558,DESPEJADO,INDUSTRIAL,TRAMO RECTO,INCLINADA,ASFALTADA,,,,,EN PROCESO DE INVESTIGACIÓN,NO CUENTA CON CAUSA ESPECIFICA,2.0,0,2024.0,12.0,0.0,0,0,0,0,0.0,1.0,0.0,1.0,0,0,0.0,0.0,0,0,2,0.0,0.0,1
A-2024-12-45,2024-12-16,10:30,ATROPELLO,1,0,1,LA LIBERTAD,TRUJILLO,EL PORVENIR,URBANA,AVENIDA,URBANO,NO CORRESPONDE,-8.067477408255444,-79.02971777205885,DESPEJADO,RESIDENCIAL,TRAMO RECTO,PLANA ,ASFALTADA,,,,,EN PROCESO DE INVESTIGACIÓN,NO CUENTA CON CAUSA ESPECIFICA,10.0,0,2024.0,12.0,0.0,0,1,0,0,1.0,0.0,0.0,1.0,0,0,46.5,27.577164466275352,0,1,2,0.0,0.5,0
A-2024-12-17,2024-12-17,18:30,DESPISTE,1,0,1,AREQUIPA,CAYLLOMA,HUAMBO,RURAL,CARRETERA,DEPARTAMENTAL,AR-109,-15.724063,-72.100145,NUBLADO,RURAL,CURVA,INCLINADA,ASFALTADA,SI,PREVENTIVA (P),PREVENTIVA (P),SI,EN PROCESO DE INVESTIGACIÓN,NO CUENTA CON CAUSA ESPECIFICA,18.0,0,2024.0,12.0,1.0,0,3,0,0,0.0,1.0,0.0,1.0,0,0,39.0,0.0,0,0,1,0.0,0.0,1
A-2024-12-28,2024-12-17,19:15,ATROPELLO,1,0,1,CUSCO,CANCHIS,SICUANI,RURAL,CARRETERA,NACIONAL,PE-3S,-14.226097,-71.282502,DESPEJADO,RURAL,TRAMO RECTO,PLANA ,ASFALTADA,SI,PREVENTIVA (P),PREVENTIVA (P),NO,IMPRUDENCIA DEL PEATÓN,CRUCE INDEBIDO POR LA CALZADA,19.0,0,2024.0,12.0,1.0,0,3,0,1,0.0,0.0,0.0,0.0,0,1,28.0,0.0,0,0,1,0.0,0.0,1
A-2024-12-29,2024-12-17,19:30,CHOQUE,1,0,2,CUSCO,PAUCARTAMBO,KOSÑIPATA,RURAL,CARRETERA,DEPARTAMENTAL,CU-113,-12.969065,-71.423707,DESPEJADO,RURAL,TRAMO RECTO,PLANA ,AFIRMADO,,,,,IMPERICIA DEL CONDUCTOR,,19.0,0,2024.0,12.0,1.0,0,3,0,1,0.0,0.0,1.0,1.0,0,0,59.0,0.0,0,0,1,0.0,0.0,1
A-2024-12-80,2024-12-17,19:45,ATROPELLO FUGA,1,0,1,CAJAMARCA,CAJAMARCA,CAJAMARCA,URBANA,JIRÓN,URBANO,NO CORRESPONDE,-7.155486,-78.522833,DESPEJADO,COMERCIAL,TRAMO RECTO,INCLINADA,ASFALTADA,,,,,EN PROCESO DE INVESTIGACIÓN,NO CUENTA CON CAUSA ESPECIFICA,19.0,0,2024.0,12.0,1.0,0,3,0,1,1.0,1.0,0.0,2.0,0,0,78.0,0.0,0,0,2,0.0,0.0,1
A-2024-12-81,2024-12-18,06:50,DESPISTE,1,1,1,CAJAMARCA,JAEN,JAEN,RURAL,CARRETERA,NACIONAL,PE-5N,-5.653726106,-78.74967821,DESPEJADO,RURAL,CURVA,INCLINADA,ASFALTADA,,,,,IMPRUDENCIA DEL CONDUCTOR,EXCESO DE VELOCIDAD,6.0,0,2024.0,12.0,2.0,0,1,0,1,0.0,1.0,0.0,1.0,0,0,55.0,7.0710678118654755,0,1,2,0.0,0.5,0
A-2024-12-109,2024-12-18,22:20,ATROPELLO FUGA,1,0,0,LIMA,LIMA,SAN JUAN DE MIRAFLORES,URBANA,CARRETERA,NACIONAL,PE-1S,-12.186998694225922,-76.97398166117583,DESPEJADO,COMERCIAL,TRAMO RECTO,PLANA ,ASFALTADA,,,,,EN PROCESO DE INVESTIGACIÓN,NO CUENTA CON CAUSA ESPECIFICA,22.0,0,2024.0,12.0,2.0,0,3,0,0,0.0,0.0,0.0,0.0,0,0,0.0,0.0,0,0,2,0.0,0.0,1
A-2024-12-110,2024-12-19,06:45,CHOQUE,1,0,0,LIMA,LIMA,SANTIAGO DE SURCO,URBANA,CARRETERA,NACIONAL,PE-1S,-12.117799081580804,-76.97732486059529,DESPEJADO,ESCOLAR,TRAMO RECTO,PLANA ,ASFALTADA,,,,,EN PROCESO DE INVESTIGACIÓN,NO CUENTA CON CAUSA ESPECIFICA,6.0,0,2024.0,12.0,3.0,0,1,0,0,0.0,0.0,0.0,0.0,0,0,35.0,7.0710678118654755,0,2,2,0.0,1.0,0
A-2024-12-84,2024-12-19,07:00,VOLCADURA,1,0,1,CUSCO,QUISPICANCHI,QUIQUIJANA,RURAL,CARRETERA,NACIONAL,PE-3S,-13.850571,-71.532271,DESPEJADO,RURAL,CURVA,PLANA ,ASFALTADA,,,,,IMPRUDENCIA DEL CONDUCTOR,EXCESO DE VELOCIDAD,7.0,0,2024.0,12.0,3.0,0,1,0,1,0.0,0.0,0.0,0.0,0,0,40.0,0.0,0,1,1,0.0,1.0,0
A-2024-12-13,2024-12-19,20:40,VOLCADURA,1,0,0,AREQUIPA,AREQUIPA,AREQUIPA,URBANA,AVENIDA,URBANO,NO CORRESPONDE,-16.407981,-71.52609,DESPEJADO,RESIDENCIAL,INTERSECCIÓN,PLANA ,ASFALTADA,SI,PREVENTIVA (P),INFORMATIVA (I),SI,EN PROCESO DE INVESTIGACIÓN,NO CUENTA CON CAUSA ESPECIFICA,20.0,0,2024.0,12.0,3.0,0,3,0,0,1.0,0.0,0.0,1.0,0,0,34.0,0.0,0,1,1,0.0,1.0,1
A-2024-12-15,2024-12-19,22:15,CHOQUE,1,0,2,AREQUIPA,AREQUIPA,CAYMA,URBANA,AVENIDA,URBANO,NO CORRESPONDE,-16.375922,-71.538848,DESPEJADO,RESIDENCIAL,INTERSECCIÓN,INCLINADA,ASFALTADA,SI,REGULADORA (R),PREVENTIVA (P),SI,EN PROCESO DE INVESTIGACIÓN,NO CUENTA CON CAUSA ESPECIFICA,22.0,0,2024.0,12.0,3.0,0,3,0,0,1.0,1.0,0.0,2.0,0,0,26.5,3.1091263510296057,0,2,4,0.0,0.5,1
A-2024-12-46,2024-12-20,21:11,CHOQUE,1,2,2,LA LIBERTAD,VIRU,VIRU,RURAL,CARRETERA,NACIONAL,PE-1N,-8.46850797,-78.71465932,DESPEJADO,RURAL,TRAMO RECTO,PLANA ,ASFALTADA,,,,,EN PROCESO DE INVESTIGACIÓN,NO CUENTA CON CAUSA ESPECIFICA,21.0,0,2024.0,12.0,4.0,0,3,0,0,0.0,0.0,0.0,0.0,0,0,52.666666666666664,4.163331998932266,0,1,3,0.0,0.333,1
A-2024-12-85,2024-12-21,01:24,ATROPELLO,1,1,1,CAJAMARCA,CAJAMARCA,CAJAMARCA,URBANA,JIRÓN,URBANO,NO CORRESPONDE,-7.157264059,-78.51531277,DESPEJADO,COMERCIAL,TRAMO RECTO,PLANA ,ASFALTADA,,,,,IMPRUDENCIA DEL PEATÓN,ESTADO DE EBRIEDAD Y/O DROGADICCIÓN,1.0,0,2024.0,12.0,5.0,1,0,0,1,1.0,0.0,0.0,1.0,0,0,41.666666666666664,12.423096769056151,1,1,3,0.333,0.333,1
A-2024-12-18,2024-12-21,04:15,DESPISTE,2,3,1,AREQUIPA,ISLAY,DEAN VALDIVIA,RURAL,CARRETERA,PROVINCIAL,AR-817,-17.128624,-71.849252,NUBLADO,RURAL,CURVA,PLANA ,ASFALTADA,,,,,EN PROCESO DE INVESTIGACIÓN,NO CUENTA CON CAUSA ESPECIFICA,4.0,1,2024.0,12.0,5.0,1,0,0,0,0.0,0.0,0.0,0.0,0,0,30.4,25.540164447395398,0,0,5,0.0,0.0,1
A-2024-12-20,2024-12-21,11:30,CHOQUE,1,4,2,TUMBES,ZARUMILLA,PAPAYAL,RURAL,CARRETERA,NACIONAL,PE-1N,-3.5229614186624945,-80.34891844236797,SOLEADO,RURAL,TRAMO RECTO,PLANA ,ASFALTADA,,,,,IMPRUDENCIA DEL CONDUCTOR,CONDUCIR EN SENTIDO CONTRARIO,11.0,0,2024.0,12.0,5.0,1,1,0,0,0.0,0.0,0.0,0.0,0,0,35.833333333333336,15.854547192104437,0,2,6,0.0,0.333,0
A-2024-12-112,2024-12-21,15:50,ATROPELLO,1,0,0,LIMA,LIMA,SAN MIGUEL,URBANA,AVENIDA,URBANO,NO CORRESPONDE,-12.074557740842218,-77.09914819879518,DESPEJADO,COMERCIAL,INTERSECCIÓN,PLANA ,ASFALTADA,NO,,,SI,EN PROCESO DE INVESTIGACIÓN,NO CUENTA CON CAUSA ESPECIFICA,15.0,0,2024.0,12.0,5.0,1,2,0,0,1.0,0.0,0.0,1.0,0,1,70.0,12.727922061357855,0,1,2,0.0,0.5,0
A-2024-12-111,2024-12-21,17:20,CHOQUE,1,0,0,LIMA,LIMA,VILLA EL SALVADOR,URBANA,AVENIDA,URBANO,NO CORRESPONDE,-12.200564435374154,-76.9558679286369,DESPEJADO,RESIDENCIAL,INTERSECCIÓN,PLANA ,ASFALTADA,,,,,EN PROCESO DE INVESTIGACIÓN,NO CUENTA CON CAUSA ESPECIFICA,17.0,0,2024.0,12.0,5.0,1,2,0,0,1.0,0.0,0.0,1.0,0,0,42.0,28.160255680657446,0,2,3,0.0,0.667,0