CODIGO_SINIESTRO,FECHA_SINIESTRO,HORA_SINIESTRO,CLASE_SINIESTRO,CANTIDAD_FALLECIDOS,CANTIDAD_LESIONADOS,CANTIDAD_VEHICULOS,DEPARTAMENTO,PROVINCIA,DISTRITO,ZONA,TIPO_VIA,RED_VIAL,COD_CARRETERA,LATITUD,LONGITUD,CONDICION_CLIMATICA,ZONIFICACION,CARACTERISTICAS_VIA,PERFIL_VIA,SUPERFICIE_CALZADA,EXISTE_SENIAL_VERTICAL,CLASIFICACION_SENIAL_VERTICAL_1,CLASIFICACION_SENIAL_VERTICAL_2,EXISTE_SENIAL_HORIZONTAL,CAUSA_FACTOR_PRINCIPAL,CAUSA_ESPECIFICA,HORA,severidad,ANIO,MES,DIA_SEMANA,FIN_SEMANA,FRANJA_HORARIA,TEMPORADA,MACROREGION,TIPO_VIA_SCORE,PERFIL_VIA_SCORE,SUPERFICIE_CALZADA_SCORE,RIESGO_INFRAESTRUCTURA,RIESGO_CLIMATICO,SENIALIZACION_DEFICIENTE,EDAD_PROMEDIO,EDAD_STD,TOTAL_ALCOHOL,TOTAL_LICENCIA,TOTAL_PERSONAS,PCT_ALCOHOL,PCT_LICENCIA,ES_NOCHE
A-2025-01-126,2025-01-02,14:00,ATROPELLO,1,0,0,PIURA,SECHURA,SECHURA,URBANA,CALLE,URBANO,NO CORRESPONDE,-5.762407,-80.853743,DESPEJADO,RURAL,TRAMO RECTO,PLANA ,ASFALTADA,,,,,EN PROCESO DE INVESTIGACIÓN,NO CUENTA CON CAUSA ESPECIFICA,14.0,0,2025.0,1.0,3.0,0,2,0,0,2.0,0.0,0.0,2.0,0,0,28.0,36.76955262170047,0,1,2,0.0,0.5,0
A-2025-01-34,2025-01-02,18:00,DESPISTE,1,0,1,LA LIBERTAD,BOLIVAR,CONDORMARCA,RURAL,CARRETERA,SIN CLASIFICAR,SIN CLASIFICAR,-7.54611765087164,-77.60686912276813,DESPEJADO,RURAL,TRAMO RECTO,PLANA ,TROCHA,,,,,EN PROCESO DE INVESTIGACIÓN,NO CUENTA CON CAUSA ESPECIFICA,18.0,0,2025.0,1.0,3.0,0,3,0,0,0.0,0.0,2.0,2.0,0,0,24.0,11.313708498984761,0,0,2,0.0,0.0,1
A-2025-01-62,2025-01-02,22:00,ATROPELLO,1,0,1,CAJAMARCA,CONTUMAZA,YONAN,RURAL,CARRETERA,NACIONAL,PE-08,-7.241869439,-79.05931282,DESPEJADO,RURAL,TRAMO RECTO,PLANA ,ASFALTADA,SI,INFORMATIVA (I),,NO,EN PROCESO DE INVESTIGACIÓN,NO CUENTA CON CAUSA ESPECIFICA,22.0,0,2025.0,1.0,3.0,0,3,0,1,0.0,0.0,0.0,0.0,0,1,68.0,0.0,0,0,2,0.0,0.0,1
A-2025-01-25,2025-01-03,10:40,DESPISTE,1,0,1,TUMBES,CONTRALMIRANTE VILLAR,CASITAS,RURAL,CARRETERA,DEPARTAMENTAL,TU-105,-4.061167,-80.702533,DESPEJADO,RURAL,TRAMO RECTO,PLANA ,TROCHA,,,,,IMPRUDENCIA DEL CONDUCTOR,OTRO (IMPRUDENCIA DEL CONDUCTOR),10.0,0,2025.0,1.0,4.0,0,1,0,0,0.0,0.0,2.0,2.0,0,0,46.0,0.0,0,0,1,0.0,0.0,0
A-2025-01-2,2025-01-03,14:05,ATROPELLO,1,0,0,AREQUIPA,AREQUIPA,CAYMA,URBANA,CARRETERA,PROVINCIAL,AR-743,-16.39016271,-71.54600387,DESPEJADO,RESIDENCIAL,TRAMO RECTO,PLANA ,ASFALTADA,SI,INFORMATIVA (I),,SI,EN PROCESO DE INVESTIGACIÓN,NO CUENTA CON CAUSA ESPECIFICA,14.0,0,2025.0,1.0,4.0,0,2,0,0,0.0,0.0,0.0,0.0,0,0,81.0,0.0,0,0,1,0.0,0.0,0
A-2025-01-73,2025-01-03,15:30,ATROPELLO,1,0,1,CUSCO,CUSCO,SANTIAGO,RURAL,CARRETERA,DEPARTAMENTAL,CU-117,-13.60118,-71.959325,DESPEJADO,RURAL,TRAMO RECTO,PLANA ,ASFALTADA,,,,,IMPRUDENCIA DEL PEATÓN,CRUCE INDEBIDO POR LA CALZADA,15.0,0,2025.0,1.0,4.0,0,2,0,1,0.0,0.0,0.0,0.0,0,0,58.5,4.949747468305833,0,1,2,0.0,0.5,0
A-2025-01-4,2025-01-03,16:59,ESPECIAL,1,0,0,PUNO,CHUCUITO,KELLUYO,RURAL,CARRETERA,SIN CLASIFICAR,SIN CLASIFICAR,-16.639392,-69.22611,,,,,,,,,,EN PROCESO DE INVESTIGACIÓN,NO CUENTA CON CAUSA ESPECIFICA,16.0,0,2025.0,1.0,4.0,0,2,0,1,0.0,1.0,1.0,2.0,0,0,8.0,0.0,0,0,1,0.0,0.0,0
A-2025-01-1,2025-01-03,23:30,CHOQUE,1,1,2,LIMA,HUARAL,CHANCAY,RURAL,CARRETERA,NACIONAL,PE-1N,-11.4491108,-77.3405447,DESPEJADO,RURAL,TRAMO RECTO,INCLINADA,ASFALTADA,,,,,EN PROCESO DE INVESTIGACIÓN,NO CUENTA CON CAUSA ESPECIFICA,23.0,0,2025.0,1.0,4.0,0,3,0,0,0.0,1.0,0.0,1.0,0,0,45.666666666666664,8.020806277010644,0,2,3,0.0,0.667,1
A-2025-01-96,2025-01-04,00:05,CHOQUE,3,0,0,CUSCO,ESPINAR,ALTO PICHIGUA,RURAL,CARRETERA,NACIONAL,PE-34F,-14.7289382,-71.31884003,DESPEJADO,RURAL,TRAMO RECTO,PLANA ,AFIRMADO,,,,,IMPRUDENCIA DEL CONDUCTOR,EXCESO DE VELOCIDAD,0.0,2,2025.0,1.0,5.0,1,0,0,1,0.0,0.0,1.0,1.0,0,0,37.0,5.94418483337567,0,2,4,0.0,0.5,1
A-2025-01-94,2025-01-04,05:46,CHOQUE,2,1,2,CUSCO,QUISPICANCHI,OROPESA,RURAL,CARRETERA,NACIONAL,PE-3S,-13.598449003776391,-71.77179828819027,DESPEJADO,RURAL,TRAMO RECTO,PLANA ,ASFALTADA,,,,,IMPRUDENCIA DEL CONDUCTOR,INVASIÓN DE CARRIL,5.0,1,2025.0,1.0,5.0,1,0,0,1,0.0,0.0,0.0,0.0,0,0,38.666666666666664,16.165807537309522,0,0,3,0.0,0.0,1
A-2025-01-80,2025-01-04,11:15,ATROPELLO,1,0,0,LIMA,LIMA,MAGDALENA DEL MAR,URBANA,AVENIDA,URBANO,NO CORRESPONDE,-12.090974073655154,-77.06673723684166,DESPEJADO,RESIDENCIAL,TRAMO RECTO,PLANA ,ASFALTADA,SI,PREVENTIVA (P),,NO,IMPRUDENCIA DEL PEATÓN,CRUCE INDEBIDO POR LA CALZADA,11.0,0,2025.0,1.0,5.0,1,1,0,0,1.0,0.0,0.0,1.0,0,1,64.5,14.849242404917497,0,1,2,0.0,0.5,0
A-2025-01-78,2025-01-04,19:10,DESPISTE,1,0,1,CUSCO,LA CONVENCION,SANTA TERESA,RURAL,CARRETERA,DEPARTAMENTAL,CU-107,-13.05319932,-72.62786751,DESPEJADO,RURAL,CURVA,PLANA ,TROCHA,,,,,IMPRUDENCIA DEL CONDUCTOR,EXCESO DE VELOCIDAD,19.0,0,2025.0,1.0,5.0,1,3,0,1,0.0,0.0,2.0,2.0,0,0,40.5,21.920310216782973,0,1,2,0.0,0.5,1
A-2025-01-86,2025-01-04,19:26,CHOQUE CON OBJETO FIJO,1,5,1,CUSCO,CUSCO,WANCHAQ,RURAL,CARRETERA,NACIONAL,PE-3S,-13.534673,-71.9392,DESPEJADO,COMERCIAL,TRAMO RECTO,PLANA ,ASFALTADA,SI,REGULADORA (R),PREVENTIVA (P),NO,IMPRUDENCIA DEL CONDUCTOR,EXCESO DE VELOCIDAD,19.0,0,2025.0,1.0,5.0,1,3,0,1,0.0,0.0,0.0,0.0,0,1,47.142857142857146,21.904554864445977,0,1,7,0.0,0.143,1
A-2025-01-81,2025-01-04,22:15,ATROPELLO,1,0,0,LIMA,LIMA,ATE,URBANA,CARRETERA,SIN CLASIFICAR,NO ES CARRETERA,-12.03388265680954,-76.92836175940424,DESPEJADO,RESIDENCIAL,INTERSECCIÓN,PLANA ,ASFALTADA,,,,,EN PROCESO DE INVESTIGACIÓN,NO CUENTA CON CAUSA ESPECIFICA,22.0,0,2025.0,1.0,5.0,1,3,0,0,0.0,0.0,0.0,0.0,0,0,65.0,15.556349186104045,0,0,2,0.0,0.0,1
A-2025-01-72,2025-01-05,06:00,DESPISTE,1,0,0,CUSCO,CANAS,LANGUI,RURAL,CARRETERA,NACIONAL,PE-34G,-14.3715556,-71.32525,DESPEJADO,RURAL,CURVA,PLANA ,ASFALTADA,,,,,IMPRUDENCIA DEL CONDUCTOR,EXCESO DE VELOCIDAD,6.0,0,2025.0,1.0,6.0,1,1,0,1,0.0,0.0,0.0,0.0,0,0,27.0,0.0,0,1,1,0.0,1.0,0
A-2025-01-87,2025-01-05,06:00,DESPISTE,1,0,1,CUSCO,CANAS,LANGUI,RURAL,CARRETERA,NACIONAL,PE-34G,-14.3715556,-71.32525,DESPEJADO,RURAL,CURVA,PLANA ,AFIRMADO,,,,,IMPRUDENCIA DEL CONDUCTOR,EXCESO DE VELOCIDAD,6.0,0,2025.0,1.0,6.0,1,1,0,1,0.0,0.0,1.0,1.0,0,0,27.0,0.0,0,1,1,0.0,1.0,0
A-2025-01-9,2025-01-05,06:00,VOLCADURA,1,0,1,SAN MARTIN,MOYOBAMBA,CALZADA,URBANA,CARRETERA,NACIONAL,PE-5N,-6.039502,-77.06126,DESPEJADO,COMERCIAL,TRAMO RECTO,PLANA ,ASFALTADA,,,,,IMPRUDENCIA DEL CONDUCTOR,OTRO (IMPRUDENCIA DEL CONDUCTOR),6.0,0,2025.0,1.0,6.0,1,1,0,2,0.0,0.0,0.0,0.0,0,0,32.0,0.0,0,0,1,0.0,0.0,0
A-2025-01-6,2025-01-05,15:00,ATROPELLO,1,0,0,AREQUIPA,CAYLLOMA,MAJES,URBANA,CARRETERA,DEPARTAMENTAL,AR-108,-16.34086,-72.19509,SOLEADO,COMERCIAL,CURVA,PLANA ,ASFALTADA,NO,,,SI,EN PROCESO DE INVESTIGACIÓN,NO CUENTA CON CAUSA ESPECIFICA,15.0,0,2025.0,1.0,6.0,1,2,0,0,0.0,0.0,0.0,0.0,0,1,75.0,0.0,0,0,1,0.0,0.0,0
A-2025-01-32,2025-01-06,02:00,DESPISTE,2,0,1,HUANUCO,MARAÑON,HUACRACHUCO,RURAL,CARRETERA,NACIONAL,PE-12A,-8.5407504792,-77.211523416,DESPEJADO,RURAL,TRAMO RECTO,PLANA ,AFIRMADO,,,,,INFRAESTRUCTURA Y ENTORNO VIAL,FACTOR AMBIENTAL,2.0,1,2025.0,1.0,0.0,0,0,0,1,0.0,0.0,1.0,1.0,0,0,40.5,0.7071067811865476,0,1,2,0.0,0.5,1
A-2025-01-76,2025-01-06,09:30,ATROPELLO FUGA,1,0,1,CUSCO,CUSCO,SANTIAGO,URBANA,CARRETERA,NACIONAL,PE-3S,-13.52769562,-71.98988214,DESPEJADO,COMERCIAL,TRAMO RECTO,PLANA ,ASFALTADA,SI,REGULADORA (R),PREVENTIVA (P),NO,IMPRUDENCIA DEL CONDUCTOR,EXCESO DE VELOCIDAD,9.0,0,2025.0,1.0,0.0,0,1,0,1,0.0,0.0,0.0,0.0,0,1,54.5,12.020815280171307,1,1,2,0.5,0.5,0
A-2025-01-77,2025-01-06,14:20,CHOQUE,1,0,2,CUSCO,ANTA,ANTA,URBANA,CARRETERA,NACIONAL,PE-3S,-13.46848258,-72.13704572,DESPEJADO,COMERCIAL,TRAMO RECTO,PLANA ,ASFALTADA,,,,,IMPRUDENCIA DEL CONDUCTOR,INVASIÓN DE CARRIL,14.0,0,2025.0,1.0,0.0,0,2,0,1,0.0,0.0,0.0,0.0,0,0,49.5,26.16295090390226,0,2,2,0.0,1.0,0
A-2025-01-75,2025-01-06,18:51,DESPISTE,1,1,1,CUSCO,CALCA,LARES,RURAL,CARRETERA,PROVINCIAL,CU-712,-13.06766971,-72.06565578,DESPEJADO,RURAL,TRAMO RECTO,PLANA ,AFIRMADO,,,,,IMPRUDENCIA DEL CONDUCTOR,EXCESO DE VELOCIDAD,18.0,0,2025.0,1.0,0.0,0,3,0,1,0.0,0.0,1.0,1.0,0,0,38.5,21.920310216782973,0,0,2,0.0,0.0,1
A-2025-01-8,2025-01-06,23:45,ATROPELLO,1,0,0,AREQUIPA,CAYLLOMA,MAJES,RURAL,CARRETERA,NACIONAL,PE-1S,-16.40553,-72.22581,DESPEJADO,RURAL,TRAMO RECTO,PLANA ,ASFALTADA,NO,,,SI,EN PROCESO DE INVESTIGACIÓN,NO CUENTA CON CAUSA ESPECIFICA,23.0,0,2025.0,1.0,0.0,0,3,0,0,0.0,0.0,0.0,0.0,0,1,50.0,0.0,0,0,1,0.0,0.0,1
A-2025-01-74,2025-01-07,06:00,CHOQUE,1,0,0,CUSCO,ANTA,MOLLEPATA,RURAL,CARRETERA,NACIONAL,PE-3S,-13.53805954,-72.52010619,DESPEJADO,RURAL,TRAMO RECTO,PLANA ,ASFALTADA,,,,,IMPRUDENCIA DEL CONDUCTOR,EXCESO DE VELOCIDAD,6.0,0,2025.0,1.0,1.0,0,1,0,1,0.0,0.0,0.0,0.0,0,0,45.0,12.727922061357855,0,2,2,0.0,1.0,0
A-2025-01-82,2025-01-07,07:10,ATROPELLO,1,0,0,LIMA,LIMA,LIMA,URBANA,AVENIDA,URBANO,NO CORRESPONDE,-12.042161710353668,-77.04315979132093,DESPEJADO,COMERCIAL,TRAMO RECTO,PLANA ,ASFALTADA,,,,,IMPRUDENCIA DEL PEATÓN,CRUCE INDEBIDO POR LA CALZADA,7.0,0,2025.0,1.0,1.0,0,1,0,0,1.0,0.0,0.0,1.0,0,0,39.5,7.7781745930520225,0,1,2,0.0,0.5,0
A-2025-01-127,2025-01-07,11:00,CHOQUE,1,0,3,PIURA,SECHURA,SECHURA,RURAL,CARRETERA,NACIONAL,PE-1NK,-5.550354,-80.818554,DESPEJADO,RURAL,TRAMO RECTO,PLANA ,ASFALTADA,,,,,EN PROCESO DE INVESTIGACIÓN,NO CUENTA CON CAUSA ESPECIFICA,11.0,0,2025.0,1.0,1.0,0,1,0,0,0.0,0.0,0.0,0.0,0,0,56.666666666666664,14.047538337136984,0,0,3,0.0,0.0,0
A-2025-01-83,2025-01-07,11:40,ATROPELLO,1,0,0,LIMA,LIMA,SAN JUAN DE LURIGANCHO,URBANA,AVENIDA,URBANO,NO CORRESPONDE,-12.023156480367572,-76.96511496545861,DESPEJADO,COMERCIAL,INTERSECCIÓN,PLANA ,ASFALTADA,,,,,EN PROCESO DE INVESTIGACIÓN,NO CUENTA CON CAUSA ESPECIFICA,11.0,0,2025.0,1.0,1.0,0,1,0,0,1.0,0.0,0.0,1.0,0,0,46.0,15.556349186104045,0,1,2,0.0,0.5,0
A-2025-01-97,2025-01-07,12:00,ATROPELLO FUGA,1,0,0,CUSCO,CANCHIS,SAN PABLO,RURAL,CARRETERA,NACIONAL,PE-3S,-14.19784,-71.320042,DESPEJADO,ESCOLAR,TRAMO RECTO,PLANA ,ASFALTADA,,,,,IMPRUDENCIA DEL CONDUCTOR,EXCESO DE VELOCIDAD,12.0,0,2025.0,1.0,1.0,0,2,0,1,0.0,0.0,0.0,0.0,0,0,42.0,0.0,0,0,2,0.0,0.0,0
A-2025-01-63,2025-01-07,22:15,ATROPELLO FUGA,1,0,1,CAJAMARCA,CHOTA,LAJAS,RURAL,CARRETERA,NACIONAL,PE-3N,-6.543665,-78.705535,LLUVIOSO,RURAL,TRAMO RECTO,INCLINADA,ASFALTADA,SI,PREVENTIVA (P),,NO,EN PROCESO DE INVESTIGACIÓN,NO CUENTA CON CAUSA ESPECIFICA,22.0,0,2025.0,1.0,1.0,0,3,0,1,0.0,1.0,0.0,1.0,1,1,47.0,0.0,0,0,2,0.0,0.0,1
A-2025-01-10,2025-01-07,22:40,VOLCADURA,1,0,0,AREQUIPA,AREQUIPA,LA JOYA,RURAL,CARRETERA,NACIONAL,PE-1S,-16.693724,-71.870564,DESPEJADO,RESIDENCIAL,TRAMO RECTO,PLANA ,ASFALTADA,SI,INFORMATIVA (I),,SI,EN PROCESO DE INVESTIGACIÓN,NO CUENTA CON CAUSA ESPECIFICA,22.0,0,2025.0,1.0,1.0,0,3,0,0,0.0,0.0,0.0,0.0,0,0,23.0,0.0,0,0,1,0.0,0.0,1
A-2025-01-26,2025-01-08,05:30,ATROPELLO,1,0,1,TUMBES,ZARUMILLA,PAPAYAL,RURAL,CARRETERA,NACIONAL,PE-1N ,-3.514474845190771,-80.31997737947555,DESPEJADO,RURAL,TRAMO RECTO,PLANA ,ASFALTADA,,,,,IMPRUDENCIA DEL PEATÓN,CRUCE INDEBIDO POR LA CALZADA,5.0,0,2025.0,1.0,2.0,0,0,0,0,0.0,0.0,0.0,0.0,0,0,59.5,4.949747468305833,0,1,2,0.0,0.5,1
A-2025-01-33,2025-01-08,19:00,CHOQUE,1,0,2,LA LIBERTAD,VIRU,VIRU,RURAL,CARRETERA,PROVINCIAL,LI-1176,-8.421529391820037,-78.75230385956986,DESPEJADO,RURAL,TRAMO RECTO,PLANA ,ASFALTADA,,,,,EN PROCESO DE INVESTIGACIÓN,NO CUENTA CON CAUSA ESPECIFICA,19.0,0,2025.0,1.0,2.0,0,3,0,0,0.0,0.0,0.0,0.0,0,0,37.0,2.8284271247461903,0,1,2,0.0,0.5,1
A-2025-01-7,2025-01-08,19:30,ATROPELLO,2,0,1,LIMA,HUARAL,AUCALLAMA,RURAL,CARRETERA,NACIONAL,PE-1N,-11.6083912,-77.2175561,DESPEJADO,ESCOLAR,INTERSECCIÓN,PLANA ,ASFALTADA,SI,PREVENTIVA (P),PREVENTIVA (P),SI,EN PROCESO DE INVESTIGACIÓN,NO CUENTA CON CAUSA ESPECIFICA,19.0,1,2025.0,1.0,2.0,0,3,0,0,0.0,0.0,0.0,0.0,0,0,66.5,4.949747468305833,0,0,2,0.0,0.0,1
A-2025-01-64,2025-01-08,20:30,DESPISTE,1,0,1,CAJAMARCA,CAJABAMBA,CONDEBAMBA,URBANA,CARRETERA,NACIONAL,PE-3N,-7.524396,-78.147494,DESPEJADO,COMERCIAL,CURVA,PLANA ,ASFALTADA,,,,,IMPRUDENCIA DEL CONDUCTOR,EXCESO DE VELOCIDAD,20.0,0,2025.0,1.0,2.0,0,3,0,1,0.0,0.0,0.0,0.0,0,0,23.0,0.0,0,1,1,0.0,1.0,1
A-2025-01-61,2025-01-08,21:00,DESPISTE,2,0,1,AYACUCHO,HUAMANGA,OCROS,RURAL,CARRETERA,PROVINCIAL,AY-751,-13.370327,-73.90041,DESPEJADO,RURAL,CURVA,INCLINADA,AFIRMADO,,,,,IMPRUDENCIA DEL CONDUCTOR,CONDUCIR EN ESTADO DE EBRIEDAD Y/O DROGADICCIÓN,21.0,1,2025.0,1.0,2.0,0,3,0,1,0.0,1.0,1.0,2.0,0,0,43.5,12.020815280171307,1,1,2,0.5,0.5,1
A-2025-01-84,2025-01-08,22:50,DESPISTE,1,0,0,LIMA,LIMA,LURIN,URBANA,AVENIDA,URBANO,NO ES CARRETERA,-12.284073708732857,-76.86337971399395,DESPEJADO,INDUSTRIAL,TRAMO RECTO,PLANA ,ASFALTADA,,,,,EN PROCESO DE INVESTIGACIÓN,NO CUENTA CON CAUSA ESPECIFICA,22.0,0,2025.0,1.0,2.0,0,3,0,0,1.0,0.0,0.0,1.0,0,0,23.0,0.0,0,0,1,0.0,0.0,1
A-2025-01-47,2025-01-09,10:50,DESPISTE,2,4,1,HUANCAVELICA,TAYACAJA,ACOSTAMBO,RURAL,CARRETERA,NACIONAL,PE-3S,-12.39773242,-75.05046259,DESPEJADO,RURAL,TRAMO RECTO,PLANA ,ASFALTADA,SI,PREVENTIVA (P),,NO,EN PROCESO DE INVESTIGACIÓN,NO CUENTA CON CAUSA ESPECIFICA,10.0,1,2025.0,1.0,3.0,0,1,0,1,0.0,0.0,0.0,0.0,0,1,28.166666666666668,19.589963416675047,0,0,6,0.0,0.0,0
A-2025-01-48,2025-01-10,10:10,DESPISTE,1,0,1,HUANCAVELICA,ANGARAES,LIRCAY,RURAL,CARRETERA,DEPARTAMENTAL,HV-107,-12.967431,-74.713102,DESPEJADO,RURAL,TRAMO RECTO,PLANA ,ASFALTADA,SI,PREVENTIVA (P),,NO,EN PROCESO DE INVESTIGACIÓN,NO CUENTA CON CAUSA ESPECIFICA,10.0,0,2025.0,1.0,4.0,0,1,0,1,0.0,0.0,0.0,0.0,0,1,47.0,0.0,0,0,1,0.0,0.0,0
A-2025-01-66,2025-01-11,01:40,DESPISTE,2,4,1,CAJAMARCA,CAJAMARCA,COSPAN,RURAL,CARRETERA,DEPARTAMENTAL,CA-106,-7.471807,-78.534956,NUBLADO,RURAL,TRAMO RECTO,INCLINADA,TROCHA,,,,,IMPRUDENCIA DEL CONDUCTOR,EXCESO DE VELOCIDAD,1.0,1,2025.0,1.0,5.0,1,0,0,1,0.0,1.0,2.0,3.0,0,0,36.5,19.78635893740938,0,1,6,0.0,0.167,1
A-2025-01-35,2025-01-11,06:02,CHOQUE,1,0,2,LA LIBERTAD,PACASMAYO,SAN PEDRO DE LLOC,RURAL,CARRETERA,NACIONAL,PE-1N,-7.419061555000607,-79.5350589325773,DESPEJADO,RURAL,TRAMO RECTO,PLANA ,ASFALTADA,,,,,EN PROCESO DE INVESTIGACIÓN,NO CUENTA CON CAUSA ESPECIFICA,6.0,0,2025.0,1.0,5.0,1,1,0,0,0.0,0.0,0.0,0.0,0,0,39.0,12.727922061357855,0,1,2,0.0,0.5,0
A-2025-01-85,2025-01-11,11:00,CAÍDA DE PASAJERO,1,0,0,LIMA,LIMA,LURIN,RURAL,AVENIDA,URBANO,NO CORRESPONDE,-12.266720583284222,-76.88368966576117,DESPEJADO,INDUSTRIAL,TRAMO RECTO,PLANA ,ASFALTADA,,,,,EN PROCESO DE INVESTIGACIÓN,NO CUENTA CON CAUSA ESPECIFICA,11.0,0,2025.0,1.0,5.0,1,1,0,0,1.0,0.0,0.0,1.0,0,0,22.5,19.091883092036785,0,1,2,0.0,0.5,0
A-2025-01-58,2025-01-11,18:30,CHOQUE,1,14,2,AYACUCHO,HUAMANGA,CHIARA,RURAL,CARRETERA,NACIONAL,PE-3S,-13.3445747,-74.1211239,LLUVIOSO,RURAL,CURVA,PLANA ,ASFALTADA,,,,,IMPRUDENCIA DEL CONDUCTOR,EXCESO DE VELOCIDAD,18.0,0,2025.0,1.0,5.0,1,3,0,1,0.0,0.0,0.0,0.0,1,0,37.35294117647059,22.382865032404222,0,2,17,0.0,0.118,1
A-2025-01-11,2025-01-11,20:00,DESPISTE,1,0,0,PUNO,CHUCUITO,ZEPITA,RURAL,CARRETERA,SIN CLASIFICAR,SIN CLASIFICAR,-16.454531,-69.138518,,,,,,,,,,EN PROCESO DE INVESTIGACIÓN,NO CUENTA CON CAUSA ESPECIFICA,20.0,0,2025.0,1.0,5.0,1,3,0,1,0.0,1.0,1.0,2.0,0,0,17.0,0.0,0,0,1,0.0,0.0,1
A-2025-01-65,2025-01-11,22:30,DESPISTE,1,1,1,CAJAMARCA,CAJABAMBA,CONDEBAMBA,RURAL,CARRETERA,NACIONAL,PE-3N,-7.521706,-78.146309,DESPEJADO,RURAL,CURVA,PLANA ,ASFALTADA,SI,PREVENTIVA (P),,SI,IMPRUDENCIA DEL CONDUCTOR,EXCESO DE VELOCIDAD,22.0,0,2025.0,1.0,5.0,1,3,0,1,0.0,0.0,0.0,0.0,0,0,19.5,2.1213203435596424,0,0,2,0.0,0.0,1
A-2025-01-91,2025-01-11,23:00,DESPISTE,1,0,1,CUSCO,PAUCARTAMBO,PAUCARTAMBO,RURAL,CARRETERA,DEPARTAMENTAL,CU-116,-13.332718703227975,-71.58100818713108,DESPEJADO,RURAL,TRAMO RECTO,PLANA ,AFIRMADO,,,,,IMPRUDENCIA DEL CONDUCTOR,CONDUCIR EN SENTIDO CONTRARIO,23.0,0,2025.0,1.0,5.0,1,3,0,1,0.0,0.0,1.0,1.0,0,0,26.0,0.0,0,0,1,0.0,0.0,1
A-2025-01-13,2025-01-11,23:05,ATROPELLO,1,0,0,AREQUIPA,AREQUIPA,CERRO COLORADO,URBANA,CARRETERA,NACIONAL,PE-34A,-16.37993,-71.57551,DESPEJADO,COMERCIAL,OTRO,PLANA ,ASFALTADA,NO,,,SI,EN PROCESO DE INVESTIGACIÓN,NO CUENTA CON CAUSA ESPECIFICA,23.0,0,2025.0,1.0,5.0,1,3,0,0,0.0,0.0,0.0,0.0,0,1,24.0,0.0,0,0,2,0.0,0.0,1
A-2025-01-89,2025-01-12,01:30,ATROPELLO,1,1,0,LIMA,LIMA,VILLA EL SALVADOR,URBANA,CARRETERA,NACIONAL,PE-1S,-12.23728,-76.954092,DESPEJADO,COMERCIAL,TRAMO RECTO,PLANA ,ASFALTADA,,,,,EN PROCESO DE INVESTIGACIÓN,NO CUENTA CON CAUSA ESPECIFICA,1.0,0,2025.0,1.0,6.0,1,0,0,0,0.0,0.0,0.0,0.0,0,0,24.0,0.0,0,1,2,0.0,0.5,1
A-2025-01-68,2025-01-12,09:40,CHOQUE,1,1,2,CAJAMARCA,JAEN,JAEN,URBANA,CARRETERA,NACIONAL,PE-5N,-5.68531,-78.78899,DESPEJADO,COMERCIAL,TRAMO RECTO,PLANA ,ASFALTADA,,,,,IMPRUDENCIA DEL CONDUCTOR,CONDUCIR EN ESTADO DE EBRIEDAD Y/O DROGADICCIÓN,9.0,0,2025.0,1.0,6.0,1,1,0,1,0.0,0.0,0.0,0.0,0,0,36.5,3.5355339059327378,1,0,2,0.5,0.0,0
A-2025-01-67,2025-01-12,16:45,VOLCADURA,1,0,1,CAJAMARCA,SAN MIGUEL,LLAPA,RURAL,CARRETERA,DEPARTAMENTAL,CA-100,-6.968318,-78.796152,NUBLADO,RURAL,CURVA,PLANA ,AFIRMADO,,,,,IMPRUDENCIA DEL CONDUCTOR,CONDUCIR EN ESTADO DE EBRIEDAD Y/O DROGADICCIÓN,16.0,0,2025.0,1.0,6.0,1,2,0,1,0.0,0.0,1.0,1.0,0,0,54.0,0.0,1,1,1,1.0,1.0,0
A-2025-01-59,2025-01-12,21:00,DESPISTE,1,0,1,AYACUCHO,HUAMANGA,CHIARA,RURAL,CARRETERA,DEPARTAMENTAL,AY-103,-13.47184039,-74.16084918,DESPEJADO,RURAL,CURVA,INCLINADA,ASFALTADA,SI,PREVENTIVA (P),,NO,IMPRUDENCIA DEL CONDUCTOR,CONDUCIR EN ESTADO DE EBRIEDAD Y/O DROGADICCIÓN,21.0,0,2025.0,1.0,6.0,1,3,0,1,0.0,1.0,0.0,1.0,0,1,36.0,0.0,1,0,1,1.0,0.0,1
A-2025-01-12,2025-01-12,23:26,DESPISTE,1,2,0,PUNO,PUNO,PUNO,RURAL,CARRETERA,NACIONAL,PE-3S,-15.853979951076548,-69.97491172726299,,,,,,,,,,IMPRUDENCIA DEL CONDUCTOR,EXCESO DE VELOCIDAD,23.0,0,2025.0,1.0,6.0,1,3,0,1,0.0,1.0,1.0,2.0,0,0,68.66666666666667,17.009801096230767,0,0,3,0.0,0.0,1
A-2025-01-90,2025-01-13,00:50,ATROPELLO,1,0,0,LIMA,LIMA,SANTIAGO DE SURCO,URBANA,CARRETERA,NACIONAL,PE-1S,-12.126797,-76.97689,DESPEJADO,RESIDENCIAL,TRAMO RECTO,PLANA ,ASFALTADA,,,,,EN PROCESO DE INVESTIGACIÓN,NO CUENTA CON CAUSA ESPECIFICA,0.0,0,2025.0,1.0,0.0,0,0,0,0,0.0,0.0,0.0,0.0,0,0,51.0,25.45584412271571,0,1,2,0.0,0.5,1