CODIGO_SINIESTRO,FECHA_SINIESTRO,HORA_SINIESTRO,CLASE_SINIESTRO,CANTIDAD_FALLECIDOS,CANTIDAD_LESIONADOS,CANTIDAD_VEHICULOS,DEPARTAMENTO,PROVINCIA,DISTRITO,ZONA,TIPO_VIA,RED_VIAL,COD_CARRETERA,LATITUD,LONGITUD,CONDICION_CLIMATICA,ZONIFICACION,CARACTERISTICAS_VIA,PERFIL_VIA,SUPERFICIE_CALZADA,EXISTE_SENIAL_VERTICAL,CLASIFICACION_SENIAL_VERTICAL_1,CLASIFICACION_SENIAL_VERTICAL_2,EXISTE_SENIAL_HORIZONTAL,CAUSA_FACTOR_PRINCIPAL,CAUSA_ESPECIFICA,HORA,severidad,ANIO,MES,DIA_SEMANA,FIN_SEMANA,FRANJA_HORARIA,TEMPORADA,MACROREGION,TIPO_VIA_SCORE,PERFIL_VIA_SCORE,SUPERFICIE_CALZADA_SCORE,RIESGO_INFRAESTRUCTURA,RIESGO_CLIMATICO,SENIALIZACION_DEFICIENTE,EDAD_PROMEDIO,EDAD_STD,TOTAL_ALCOHOL,TOTAL_LICENCIA,TOTAL_PERSONAS,PCT_ALCOHOL,PCT_LICENCIA,ES_NOCHE
A-2025-01-36,2025-01-13,12:10,CHOQUE,1,2,2,LA LIBERTAD,PACASMAYO,GUADALUPE,URBANA,CARRETERA,NACIONAL,PE-1N,-7.2490802571555,-79.47103997616402,DESPEJADO,COMERCIAL,TRAMO RECTO,PLANA ,ASFALTADA,,,,,EN PROCESO DE INVESTIGACIÓN,NO CUENTA CON CAUSA ESPECIFICA,12.0,0,2025.0,1.0,0.0,0,2,0,0,0.0,0.0,0.0,0.0,0,0,47.666666666666664,34.93326972004386,0,0,3,0.0,0.0,0
A-2025-01-60,2025-01-13,16:00,DESPISTE,3,9,1,AYACUCHO,HUANCA SANCOS,SACSAMARCA,RURAL,CARRETERA,DEPARTAMENTAL,AY-110,-14.11171313424651,-74.21122520072382,DESPEJADO,RURAL,TRAMO RECTO,INCLINADA,AFIRMADO,,,,,IMPRUDENCIA DEL CONDUCTOR,EXCESO DE VELOCIDAD,16.0,2,2025.0,1.0,0.0,0,2,0,1,0.0,1.0,1.0,2.0,0,0,22.153846153846153,11.364023303435525,0,1,13,0.0,0.077,0
A-2025-01-100,2025-01-14,07:40,ATROPELLO,1,0,0,LIMA,LIMA,COMAS,URBANA,AVENIDA,URBANO,NO CORRESPONDE,-11.93746533063863,-77.04922797668507,DESPEJADO,COMERCIAL,TRAMO RECTO,PLANA ,ASFALTADA,,,,,EN PROCESO DE INVESTIGACIÓN,NO CUENTA CON CAUSA ESPECIFICA,7.0,0,2025.0,1.0,1.0,0,1,0,0,1.0,0.0,0.0,1.0,0,0,62.0,16.97056274847714,0,1,2,0.0,0.5,0
A-2025-01-101,2025-01-14,08:00,ATROPELLO,1,0,0,LIMA,LIMA,SAN JUAN DE LURIGANCHO,URBANA,AVENIDA,URBANO,NO CORRESPONDE,-11.954922737556805,-76.98278480530283,DESPEJADO,COMERCIAL,INTERSECCIÓN,PLANA ,ASFALTADA,,,,,EN PROCESO DE INVESTIGACIÓN,NO CUENTA CON CAUSA ESPECIFICA,8.0,0,2025.0,1.0,1.0,0,1,0,0,1.0,0.0,0.0,1.0,0,0,52.0,19.79898987322333,0,1,2,0.0,0.5,0
A-2025-01-14,2025-01-14,18:00,CHOQUE,1,0,2,LIMA,HUARAL,CHANCAY,URBANA,CARRETERA,NACIONAL,PE-1N,-11.4938108,-77.3036347,DESPEJADO,ESCOLAR,INTERSECCIÓN,PLANA ,ASFALTADA,SI,PREVENTIVA (P),REGULADORA (R),NO,EN PROCESO DE INVESTIGACIÓN,NO CUENTA CON CAUSA ESPECIFICA,18.0,0,2025.0,1.0,1.0,0,3,0,0,0.0,0.0,0.0,0.0,0,1,51.5,9.192388155425117,0,1,2,0.0,0.5,1
A-2025-01-102,2025-01-15,01:10,DESPISTE,1,0,0,LIMA,LIMA,ATE,URBANA,AVENIDA,URBANO,NO CORRESPONDE,-12.064299212173214,-76.97160080323245,DESPEJADO,INDUSTRIAL,INTERSECCIÓN,PLANA ,ASFALTADA,,,,,EN PROCESO DE INVESTIGACIÓN,NO CUENTA CON CAUSA ESPECIFICA,1.0,0,2025.0,1.0,2.0,0,0,0,0,1.0,0.0,0.0,1.0,0,0,24.0,0.0,0,1,1,0.0,1.0,1
A-2025-01-103,2025-01-15,14:45,ATROPELLO,1,0,0,LIMA,LIMA,PUEBLO LIBRE,URBANA,AVENIDA,URBANO,NO CORRESPONDE,-12.079649946181071,-77.06124883117977,DESPEJADO,RESIDENCIAL,INTERSECCIÓN,PLANA ,ASFALTADA,,,,,EN PROCESO DE INVESTIGACIÓN,NO CUENTA CON CAUSA ESPECIFICA,14.0,0,2025.0,1.0,2.0,0,2,0,0,1.0,0.0,0.0,1.0,0,0,56.5,21.920310216782973,0,1,2,0.0,0.5,0
A-2025-01-15,2025-01-15,20:20,CHOQUE,1,1,3,PUNO,CHUCUITO,ZEPITA,RURAL,CARRETERA,NACIONAL,PE-3S,-16.54591944,-69.05253883,DESPEJADO,RURAL,TRAMO RECTO,PLANA ,ASFALTADA,,,,,IMPRUDENCIA DEL CONDUCTOR,CONDUCIR EN ESTADO DE EBRIEDAD Y/O DROGADICCIÓN,20.0,0,2025.0,1.0,2.0,0,3,0,1,0.0,0.0,0.0,0.0,0,0,38.0,14.52583904633395,0,2,3,0.0,0.667,1
A-2025-01-95,2025-01-16,02:50,DESPISTE,1,0,0,CUSCO,CANCHIS,CHECACUPE,URBANA,CALLE,URBANO,NO CORRESPONDE,-14.025484420816198,-71.45640160570592,DESPEJADO,RESIDENCIAL,TRAMO RECTO,PLANA ,CONCRETO,,,,,IMPRUDENCIA DEL CONDUCTOR,CONDUCIR EN ESTADO DE EBRIEDAD Y/O DROGADICCIÓN,2.0,0,2025.0,1.0,3.0,0,0,0,1,2.0,0.0,0.0,2.0,0,0,30.0,0.0,0,1,1,0.0,1.0,1
A-2025-01-107,2025-01-16,09:00,ATROPELLO,1,0,0,CUSCO,LA CONVENCION,QUELLOUNO,RURAL,CARRETERA,PROVINCIAL,CU-772,-12.636747,-72.4692,DESPEJADO,RURAL,TRAMO RECTO,PLANA ,AFIRMADO,,,,,IMPRUDENCIA DEL CONDUCTOR,FATIGA Y/O CANSANCIO,9.0,0,2025.0,1.0,3.0,0,1,0,1,0.0,0.0,1.0,1.0,0,0,27.5,38.890872965260115,0,1,2,0.0,0.5,0
A-2025-01-104,2025-01-16,09:40,ATROPELLO,1,0,0,LIMA,LIMA,SAN JUAN DE LURIGANCHO,URBANA,AVENIDA,URBANO,NO CORRESPONDE,-12.027720130183406,-77.01133096296797,DESPEJADO,RESIDENCIAL,TRAMO RECTO,PLANA ,ASFALTADA,NO,,,SI,EN PROCESO DE INVESTIGACIÓN,NO CUENTA CON CAUSA ESPECIFICA,9.0,0,2025.0,1.0,3.0,0,1,0,0,1.0,0.0,0.0,1.0,0,1,53.5,36.062445840513924,0,1,2,0.0,0.5,0
A-2025-01-105,2025-01-16,23:38,CHOQUE FUGA,1,0,0,LIMA,LIMA,LOS OLIVOS,URBANA,CARRETERA,NACIONAL,PE-1N,-11.969666,-77.067331,DESPEJADO,COMERCIAL,TRAMO RECTO,PLANA ,ASFALTADA,,,,,EN PROCESO DE INVESTIGACIÓN,NO CUENTA CON CAUSA ESPECIFICA,23.0,0,2025.0,1.0,3.0,0,3,0,0,0.0,0.0,0.0,0.0,0,0,37.0,0.0,0,1,2,0.0,0.5,1
A-2025-01-111,2025-01-17,14:50,DESPISTE,1,0,0,LIMA,LIMA,LOS OLIVOS,URBANA,CARRETERA,NACIONAL,PE-20F,-11.96398086735704,-77.08330337415632,DESPEJADO,RESIDENCIAL,INTERSECCIÓN,PLANA ,ASFALTADA,,,,,EN PROCESO DE INVESTIGACIÓN,NO CUENTA CON CAUSA ESPECIFICA,14.0,0,2025.0,1.0,4.0,0,2,0,0,0.0,0.0,0.0,0.0,0,0,77.0,0.0,0,1,1,0.0,1.0,0
A-2025-01-112,2025-01-18,08:30,DESPISTE,1,0,0,LIMA,LIMA,LURIGANCHO,URBANA,AVENIDA,URBANO,NO CORRESPONDE,-12.015970361122656,-76.9110696051746,DESPEJADO,INDUSTRIAL,TRAMO RECTO,PLANA ,ASFALTADA,,,,,EN PROCESO DE INVESTIGACIÓN,NO CUENTA CON CAUSA ESPECIFICA,8.0,0,2025.0,1.0,5.0,1,1,0,0,1.0,0.0,0.0,1.0,0,0,24.0,0.0,0,1,1,0.0,1.0,0
A-2025-01-49,2025-01-18,11:50,DESPISTE,3,0,1,HUANCAVELICA,HUANCAVELICA,ACORIA,RURAL,CARRETERA,PROVINCIAL,HV-772,-12.64885917,-74.85064261,DESPEJADO,RURAL,TRAMO RECTO,PLANA ,AFIRMADO,,,,,EN PROCESO DE INVESTIGACIÓN,NO CUENTA CON CAUSA ESPECIFICA,11.0,2,2025.0,1.0,5.0,1,1,0,1,0.0,0.0,1.0,1.0,0,0,59.0,10.816653826391969,0,1,3,0.0,0.333,0
A-2025-01-55,2025-01-18,18:40,DESPISTE,1,0,0,ANCASH,YUNGAY,YUNGAY,URBANA,CARRETERA,NACIONAL,PE-3N,-9.14345660308415,-77.74519078038597,DESPEJADO,RURAL,CURVA,INCLINADA,ASFALTADA,,,,,EN PROCESO DE INVESTIGACIÓN,NO CUENTA CON CAUSA ESPECIFICA,18.0,0,2025.0,1.0,5.0,1,3,0,0,0.0,1.0,0.0,1.0,0,0,28.0,0.0,0,0,1,0.0,0.0,1
A-2025-01-16,2025-01-18,22:45,CHOQUE,1,0,0,AREQUIPA,AREQUIPA,CERRO COLORADO,URBANA,CARRETERA,NACIONAL,PE-34A,-16.364409,-71.577629,DESPEJADO,COMERCIAL,TRAMO RECTO,PLANA ,ASFALTADA,NO,,,SI,EN PROCESO DE INVESTIGACIÓN,NO CUENTA CON CAUSA ESPECIFICA,22.0,0,2025.0,1.0,5.0,1,3,0,0,0.0,0.0,0.0,0.0,0,1,36.0,0.0,0,1,3,0.0,0.333,1
A-2025-01-121,2025-01-19,03:45,ATROPELLO FUGA,1,0,0,LIMA,LIMA,SAN JUAN DE LURIGANCHO,URBANA,AVENIDA,URBANO,NO CORRESPONDE,-12.029792197073256,-77.00845104172873,DESPEJADO,RESIDENCIAL,TRAMO RECTO,PLANA ,ASFALTADA,,,,,EN PROCESO DE INVESTIGACIÓN,NO CUENTA CON CAUSA ESPECIFICA,3.0,0,2025.0,1.0,6.0,1,0,0,0,1.0,0.0,0.0,1.0,0,0,27.0,0.0,0,1,2,0.0,0.5,1
A-2025-01-28,2025-01-19,20:20,ATROPELLO FUGA,1,0,0,TUMBES,TUMBES,LA CRUZ,RURAL,CARRETERA,NACIONAL,PE-1N,-3.6202489199569223,-80.55501836594281,DESPEJADO,RURAL,TRAMO RECTO,PLANA ,ASFALTADA,,,,,IMPRUDENCIA DEL PEATÓN,ESTADO DE EBRIEDAD Y/O DROGADICCIÓN,20.0,0,2025.0,1.0,6.0,1,3,0,0,0.0,0.0,0.0,0.0,0,0,54.0,0.0,0,0,2,0.0,0.0,1
A-2025-01-29,2025-01-19,23:30,DESPISTE,1,0,1,TUMBES,TUMBES,PAMPAS DE HOSPITAL,RURAL,CARRETERA,DEPARTAMENTAL,TU-104,-3.6861828368043854,-80.43729715791714,DESPEJADO,RURAL,TRAMO RECTO,PLANA ,ASFALTADA,,,,,IMPRUDENCIA DEL CONDUCTOR,CONDUCIR EN ESTADO DE EBRIEDAD Y/O DROGADICCIÓN,23.0,0,2025.0,1.0,6.0,1,3,0,0,0.0,0.0,0.0,0.0,0,0,23.0,0.0,0,0,1,0.0,0.0,1
A-2025-01-17,2025-01-20,00:25,FERROVIARIO,1,1,0,AREQUIPA,AREQUIPA,UCHUMAYO,RURAL,SIN CLASIFICAR,SIN CLASIFICAR,CARRETERA SIN CLASIFICAR VIA FERREA,-16.40713,-71.72668,DESPEJADO,RURAL,TRAMO RECTO,PLANA ,CASCAJO/RIPIO,,,,,EN PROCESO DE INVESTIGACIÓN,NO CUENTA CON CAUSA ESPECIFICA,0.0,0,2025.0,1.0,0.0,0,0,0,0,1.0,0.0,1.0,2.0,0,0,39.0,1.4142135623730951,0,1,2,0.0,0.5,1
A-2025-01-18,2025-01-20,05:30,CHOQUE,1,0,0,AREQUIPA,AREQUIPA,VITOR,URBANA,AVENIDA,URBANO,NO CORRESPONDE,-16.34513208,-71.5845087,DESPEJADO,RESIDENCIAL,INTERSECCIÓN,PLANA ,ASFALTADA,SI,REGULADORA (R),,SI,EN PROCESO DE INVESTIGACIÓN,NO CUENTA CON CAUSA ESPECIFICA,5.0,0,2025.0,1.0,0.0,0,0,0,0,1.0,0.0,0.0,1.0,0,0,32.5,4.949747468305833,0,1,2,0.0,0.5,1
A-2025-01-113,2025-01-20,16:50,ATROPELLO,1,0,0,LIMA,LIMA,VILLA MARIA DEL TRIUNFO,URBANA,AVENIDA,URBANO,NO CORRESPONDE,-12.175092976792884,-76.93629647294144,DESPEJADO,RESIDENCIAL,TRAMO RECTO,PLANA ,ASFALTADA,,,,,EN PROCESO DE INVESTIGACIÓN,NO CUENTA CON CAUSA ESPECIFICA,16.0,0,2025.0,1.0,0.0,0,2,0,0,1.0,0.0,0.0,1.0,0,0,58.0,48.08326112068523,0,0,2,0.0,0.0,0
A-2025-01-21,2025-01-20,21:58,VOLCADURA,1,0,1,SAN MARTIN,RIOJA,RIOJA,RURAL,CARRETERA,NACIONAL,PE-5N,-6.049593,-77.149162,DESPEJADO,RURAL,TRAMO RECTO,PLANA ,ASFALTADA,,,,,EN PROCESO DE INVESTIGACIÓN,NO CUENTA CON CAUSA ESPECIFICA,21.0,0,2025.0,1.0,0.0,0,3,0,2,0.0,0.0,0.0,0.0,0,0,33.0,0.0,0,0,1,0.0,0.0,1
A-2025-01-128,2025-01-20,22:10,DESPISTE,1,1,1,PIURA,PIURA,VEINTISEIS DE OCTUBRE,RURAL,CARRETERA,NACIONAL,PE-1N,-5.142745,-80.698673,DESPEJADO,RURAL,TRAMO RECTO,PLANA ,ASFALTADA,SI,REGULADORA (R),,NO,EN PROCESO DE INVESTIGACIÓN,NO CUENTA CON CAUSA ESPECIFICA,22.0,0,2025.0,1.0,0.0,0,3,0,0,0.0,0.0,0.0,0.0,0,1,24.0,20.223748416156685,0,0,3,0.0,0.0,1
A-2025-01-114,2025-01-20,22:30,DESPISTE,1,0,0,LIMA,LIMA,COMAS,URBANA,AVENIDA,URBANO,NO CORRESPONDE,-11.95678927516469,-77.05998363973045,DESPEJADO,COMERCIAL,TRAMO RECTO,PLANA ,ASFALTADA,,,,,EN PROCESO DE INVESTIGACIÓN,NO CUENTA CON CAUSA ESPECIFICA,22.0,0,2025.0,1.0,0.0,0,3,0,0,1.0,0.0,0.0,1.0,0,0,28.0,0.0,0,1,1,0.0,1.0,1
A-2025-01-98,2025-01-21,00:00,CHOQUE,1,1,0,CUSCO,URUBAMBA,OLLANTAYTAMBO,RURAL,CARRETERA,NACIONAL,PE-28B,-13.25104,-72.27744,DESPEJADO,RURAL,TRAMO RECTO,PLANA ,ASFALTADA,,,,,IMPRUDENCIA DEL CONDUCTOR,EXCESO DE VELOCIDAD,0.0,0,2025.0,1.0,1.0,0,0,0,1,0.0,0.0,0.0,0.0,0,0,46.333333333333336,11.590225767142474,0,1,3,0.0,0.333,1
A-2025-01-50,2025-01-21,04:30,DESPISTE,1,2,1,HUANCAVELICA,CHURCAMPA,COSME,RURAL,CARRETERA,NACIONAL,PE-3S,-12.60841829,-74.65967614,DESPEJADO,RURAL,TRAMO RECTO,PLANA ,TROCHA,,,,,EN PROCESO DE INVESTIGACIÓN,NO CUENTA CON CAUSA ESPECIFICA,4.0,0,2025.0,1.0,1.0,0,0,0,1,0.0,0.0,2.0,2.0,0,0,29.0,2.6457513110645907,0,1,3,0.0,0.333,1
A-2025-01-115,2025-01-21,08:30,DESPISTE,3,5,0,LIMA,LIMA,SAN MARTIN DE PORRES,URBANA,AVENIDA,URBANO,NO CORRESPONDE,-12.006036329282308,-77.08267837389212,DESPEJADO,COMERCIAL,INTERSECCIÓN,PLANA ,ASFALTADA,SI,PREVENTIVA (P),,NO,EN PROCESO DE INVESTIGACIÓN,NO CUENTA CON CAUSA ESPECIFICA,8.0,2,2025.0,1.0,1.0,0,1,0,0,1.0,0.0,0.0,1.0,0,1,27.875,18.84096979608913,0,0,9,0.0,0.0,0
A-2025-01-93,2025-01-21,10:20,ATROPELLO FUGA,1,0,1,CUSCO,ANTA,ZURITE,RURAL,CARRETERA,NACIONAL,PE-3S,-13.4863,-72.2498,LLUVIOSO,RURAL,TRAMO RECTO,PLANA ,ASFALTADA,,,,,IMPRUDENCIA DEL CONDUCTOR,EXCESO DE VELOCIDAD,10.0,0,2025.0,1.0,1.0,0,1,0,1,0.0,0.0,0.0,0.0,1,0,50.0,0.0,0,0,2,0.0,0.0,0
A-2025-01-110,2025-01-21,21:30,ATROPELLO FUGA,1,0,1,CUSCO,ANTA,ANTA,RURAL,CARRETERA,NACIONAL,PE-3S,-13.498594,-72.186416,DESPEJADO,RURAL,TRAMO RECTO,PLANA ,ASFALTADA,,,,,IMPRUDENCIA DEL CONDUCTOR,EXCESO DE VELOCIDAD,21.0,0,2025.0,1.0,1.0,0,3,0,1,0.0,0.0,0.0,0.0,0,0,50.0,0.0,0,0,2,0.0,0.0,1
A-2025-01-20,2025-01-22,03:40,CHOQUE,1,0,0,AREQUIPA,AREQUIPA,YURA,RURAL,CARRETERA,NACIONAL,PE-34A,-16.06732,-71.56131,DESPEJADO,RURAL,TRAMO RECTO,INCLINADA,ASFALTADA,SI,PREVENTIVA (P),PREVENTIVA (P),SI,EN PROCESO DE INVESTIGACIÓN,NO CUENTA CON CAUSA ESPECIFICA,3.0,0,2025.0,1.0,2.0,0,0,0,0,0.0,1.0,0.0,1.0,0,0,31.0,17.435595774162696,0,1,4,0.0,0.25,1
A-2025-01-116,2025-01-23,02:00,CHOQUE,1,0,0,LIMA,LIMA,VILLA EL SALVADOR,URBANA,AVENIDA,URBANO,NO CORRESPONDE,-12.21541772828762,-76.95241468571005,DESPEJADO,RESIDENCIAL,INTERSECCIÓN,PLANA ,ASFALTADA,NO,,,SI,EN PROCESO DE INVESTIGACIÓN,NO CUENTA CON CAUSA ESPECIFICA,2.0,0,2025.0,1.0,3.0,0,0,0,0,1.0,0.0,0.0,1.0,0,1,26.0,2.8284271247461903,0,0,2,0.0,0.0,1
A-2025-01-69,2025-01-23,09:00,DESPISTE,1,0,1,CAJAMARCA,CUTERVO,CALLAYUC,RURAL,CARRETERA,PROVINCIAL,CA-822,-6.141162,-78.908867,DESPEJADO,RURAL,CURVA,INCLINADA,AFIRMADO,,,,,IMPRUDENCIA DEL CONDUCTOR,OTRO (IMPRUDENCIA DEL CONDUCTOR),9.0,0,2025.0,1.0,3.0,0,1,0,1,0.0,1.0,1.0,2.0,0,0,29.0,0.0,0,1,1,0.0,1.0,0
A-2025-01-92,2025-01-23,21:22,DESPISTE,1,0,1,CUSCO,PAUCARTAMBO,HUANCARANI,URBANA,CALLE,URBANO,NO CORRESPONDE,-13.502974,-71.656937,DESPEJADO,RESIDENCIAL,INTERSECCIÓN,PLANA ,CONCRETO,,,,,IMPRUDENCIA DEL CONDUCTOR,CONDUCIR EN ESTADO DE EBRIEDAD Y/O DROGADICCIÓN,21.0,0,2025.0,1.0,3.0,0,3,0,1,2.0,0.0,0.0,2.0,0,0,38.0,0.0,0,0,1,0.0,0.0,1
A-2025-01-70,2025-01-23,21:30,DESPISTE,1,0,1,CAJAMARCA,CAJAMARCA,CAJAMARCA,URBANA,CARRETERA,SIN CLASIFICAR,SIN CLASIFICAR,-7.209173,-78.469036,DESPEJADO,COMERCIAL,TRAMO RECTO,INCLINADA,AFIRMADO,,,,,IMPRUDENCIA DEL CONDUCTOR,CONDUCIR EN ESTADO DE EBRIEDAD Y/O DROGADICCIÓN,21.0,0,2025.0,1.0,3.0,0,3,0,1,0.0,1.0,1.0,2.0,0,0,20.0,0.0,1,1,1,1.0,1.0,1
A-2025-01-56,2025-01-24,05:00,DESPISTE,1,4,1,ANCASH,SIHUAS,RAGASH,RURAL,CARRETERA,PROVINCIAL,AN-558,-8.45668236897441,-77.68355541637838,DESPEJADO,RURAL,SINUOSA,INCLINADA,TROCHA,,,,,EN PROCESO DE INVESTIGACIÓN,NO CUENTA CON CAUSA ESPECIFICA,5.0,0,2025.0,1.0,4.0,0,0,0,0,0.0,1.0,2.0,3.0,0,0,27.2,17.412639087743134,0,0,5,0.0,0.0,1
A-2025-01-22,2025-01-24,05:30,DESPISTE,1,0,1,SAN MARTIN,RIOJA,PARDO MIGUEL,RURAL,CARRETERA,NACIONAL,PE-5N,-5.767011,-77.447328,DESPEJADO,RURAL,TRAMO RECTO,PLANA ,ASFALTADA,,,,,EN PROCESO DE INVESTIGACIÓN,NO CUENTA CON CAUSA ESPECIFICA,5.0,0,2025.0,1.0,4.0,0,0,0,2,0.0,0.0,0.0,0.0,0,0,65.0,0.0,0,1,1,0.0,1.0,1
A-2025-01-71,2025-01-24,10:00,DESPISTE,1,0,1,CAJAMARCA,CONTUMAZA,SAN BENITO,RURAL,CARRETERA,SIN CLASIFICAR,SIN CLASIFICAR,-7.386466,-78.87999,DESPEJADO,RURAL,TRAMO RECTO,INCLINADA,AFIRMADO,,,,,IMPRUDENCIA DEL CONDUCTOR,EXCESO DE VELOCIDAD,10.0,0,2025.0,1.0,4.0,0,1,0,1,0.0,1.0,1.0,2.0,0,0,47.0,0.0,0,0,1,0.0,0.0,0
A-2025-01-19,2025-01-24,16:00,ATROPELLO FUGA,1,1,1,LIMA,HUARAL,HUARAL,RURAL,CARRETERA,NACIONAL,PE-20C,-11.5180094,-77.2053468,SOLEADO,RURAL,TRAMO RECTO,PLANA ,ASFALTADA,,,,,EN PROCESO DE INVESTIGACIÓN,NO CUENTA CON CAUSA ESPECIFICA,16.0,0,2025.0,1.0,4.0,0,2,0,0,0.0,0.0,0.0,0.0,0,0,57.0,14.142135623730951,0,0,3,0.0,0.0,0
A-2025-01-30,2025-01-25,19:50,VOLCADURA,1,1,2,TUMBES,TUMBES,CORRALES,RURAL,CARRETERA,NACIONAL,PE-1N,-3.6041394538629112,-80.49857509842347,DESPEJADO,RURAL,TRAMO RECTO,PLANA ,ASFALTADA,SI,PREVENTIVA (P),,NO,IMPRUDENCIA DEL CONDUCTOR,OTRO (IMPRUDENCIA DEL CONDUCTOR),19.0,0,2025.0,1.0,5.0,1,3,0,0,0.0,0.0,0.0,0.0,0,1,42.333333333333336,17.21433511156714,0,1,3,0.0,0.333,1
A-2025-01-23,2025-01-25,21:00,ATROPELLO FUGA,1,0,0,PUNO,PUNO,CHUCUITO,RURAL,CARRETERA,NACIONAL,PE-3S,-15.919678,-69.881995,,,,,,,,,,EN PROCESO DE INVESTIGACIÓN,NO CUENTA CON CAUSA ESPECIFICA,21.0,0,2025.0,1.0,5.0,1,3,0,1,0.0,1.0,1.0,2.0,0,0,69.0,0.0,0,0,2,0.0,0.0,1
A-2025-01-108,2025-01-26,02:30,CHOQUE,1,0,3,CUSCO,QUISPICANCHI,CAMANTI,RURAL,CARRETERA,NACIONAL,PE-30C,-13.242795,-70.773526,DESPEJADO,RURAL,TRAMO RECTO,PLANA ,ASFALTADA,,,,,IMPRUDENCIA DEL CONDUCTOR,CONDUCIR EN ESTADO DE EBRIEDAD Y/O DROGADICCIÓN,2.0,0,2025.0,1.0,6.0,1,0,0,1,0.0,0.0,0.0,0.0,0,0,53.0,7.0710678118654755,0,1,2,0.0,0.5,1
A-2025-01-109,2025-01-26,19:45,DESPISTE,3,0,1,CUSCO,ANTA,HUAROCONDO,RURAL,CARRETERA,PROVINCIAL,CU-1209,-13.40366017067056,-72.20754186912477,DESPEJADO,RURAL,CURVA,INCLINADA,TROCHA,,,,,IMPERICIA DEL CONDUCTOR,,19.0,2,2025.0,1.0,6.0,1,3,0,1,0.0,1.0,2.0,3.0,0,0,51.333333333333336,21.07921567168317,0,0,3,0.0,0.0,1
A-2025-01-133,2025-01-26,22:00,CHOQUE,1,3,2,PIURA,PIURA,CASTILLA,RURAL,CARRETERA,NACIONAL,PE-1NJ,-5.17802305,-80.56422403,DESPEJADO,INDUSTRIAL,TRAMO RECTO,PLANA ,ASFALTADA,,,,,EN PROCESO DE INVESTIGACIÓN,NO CUENTA CON CAUSA ESPECIFICA,22.0,0,2025.0,1.0,6.0,1,3,0,0,0.0,0.0,0.0,0.0,0,0,52.75,26.170912606683526,1,1,4,0.25,0.25,1
A-2025-01-99,2025-01-27,05:16,CHOQUE CON OBJETO FIJO,1,0,0,CUSCO,CUSCO,CUSCO,URBANA,AVENIDA,URBANO,NO CORRESPONDE,-13.52483086057941,-71.97281744033995,DESPEJADO,COMERCIAL,TRAMO RECTO,PLANA ,CONCRETO,,,,,IMPRUDENCIA DEL CONDUCTOR,EXCESO DE VELOCIDAD,5.0,0,2025.0,1.0,0.0,0,0,0,1,1.0,0.0,0.0,1.0,0,0,27.0,0.0,0,0,1,0.0,0.0,1
A-2025-01-117,2025-01-27,23:00,ATROPELLO,1,0,0,LIMA,LIMA,LIMA,URBANA,AVENIDA,URBANO,NO CORRESPONDE,-12.057409373276268,-77.01798032360311,DESPEJADO,COMERCIAL,TRAMO RECTO,PLANA ,ASFALTADA,,,,,EN PROCESO DE INVESTIGACIÓN,NO CUENTA CON CAUSA ESPECIFICA,23.0,0,2025.0,1.0,0.0,0,3,0,0,1.0,0.0,0.0,1.0,0,0,45.5,34.64823227814083,0,1,2,0.0,0.5,1
A-2025-01-129,2025-01-28,01:00,ATROPELLO FUGA,1,0,0,PIURA,MORROPON,LA MATANZA,RURAL,CARRETERA,NACIONAL,PE-02A,-5.229517,-80.0463496,DESPEJADO,RURAL,TRAMO RECTO,PLANA ,ASFALTADA,,,,,EN PROCESO DE INVESTIGACIÓN,NO CUENTA CON CAUSA ESPECIFICA,1.0,0,2025.0,1.0,1.0,0,0,0,0,0.0,0.0,0.0,0.0,0,0,50.0,0.0,0,0,2,0.0,0.0,1
A-2025-01-118,2025-01-28,05:30,CHOQUE,1,1,0,LIMA,LIMA,ATE,URBANA,CARRETERA,DEPARTAMENTAL,LM-117,-12.062008132419876,-76.96130021170244,DESPEJADO,COMERCIAL,INTERSECCIÓN,PLANA ,ASFALTADA,,,,,EN PROCESO DE INVESTIGACIÓN,NO CUENTA CON CAUSA ESPECIFICA,5.0,0,2025.0,1.0,1.0,0,0,0,0,0.0,0.0,0.0,0.0,0,0,37.333333333333336,22.368132093076824,0,2,3,0.0,0.667,1
A-2025-01-53,2025-01-28,13:25,DESPISTE,2,7,1,HUANCAVELICA,ANGARAES,LIRCAY,RURAL,CARRETERA,DEPARTAMENTAL,HV-116,-13.0012586,-74.7839614,DESPEJADO,RURAL,CURVA,INCLINADA,ASFALTADA,SI,PREVENTIVA (P),,NO,EN PROCESO DE INVESTIGACIÓN,NO CUENTA CON CAUSA ESPECIFICA,13.0,1,2025.0,1.0,1.0,0,2,0,1,0.0,1.0,0.0,1.0,0,1,31.11111111111111,19.40002863686317,0,1,9,0.0,0.111,0
A-2025-01-130,2025-01-28,17:20,DESPISTE,1,1,1,PIURA,PIURA,PIURA,RURAL,CARRETERA,SIN CLASIFICAR,SIN CLASIFICAR,-5.061807196,-80.65937789,DESPEJADO,RURAL,TRAMO RECTO,PLANA ,ASFALTADA,,,,,EN PROCESO DE INVESTIGACIÓN,NO CUENTA CON CAUSA ESPECIFICA,17.0,0,2025.0,1.0,1.0,0,2,0,0,0.0,0.0,0.0,0.0,0,0,42.5,3.5355339059327378,0,0,2,0.0,0.0,0