CODIGO_SINIESTRO,FECHA_SINIESTRO,HORA_SINIESTRO,CLASE_SINIESTRO,CANTIDAD_FALLECIDOS,CANTIDAD_LESIONADOS,CANTIDAD_VEHICULOS,DEPARTAMENTO,PROVINCIA,DISTRITO,ZONA,TIPO_VIA,RED_VIAL,COD_CARRETERA,LATITUD,LONGITUD,CONDICION_CLIMATICA,ZONIFICACION,CARACTERISTICAS_VIA,PERFIL_VIA,SUPERFICIE_CALZADA,EXISTE_SENIAL_VERTICAL,CLASIFICACION_SENIAL_VERTICAL_1,CLASIFICACION_SENIAL_VERTICAL_2,EXISTE_SENIAL_HORIZONTAL,CAUSA_FACTOR_PRINCIPAL,CAUSA_ESPECIFICA,HORA,severidad,ANIO,MES,DIA_SEMANA,FIN_SEMANA,FRANJA_HORARIA,TEMPORADA,MACROREGION,TIPO_VIA_SCORE,PERFIL_VIA_SCORE,SUPERFICIE_CALZADA_SCORE,RIESGO_INFRAESTRUCTURA,RIESGO_CLIMATICO,SENIALIZACION_DEFICIENTE,EDAD_PROMEDIO,EDAD_STD,TOTAL_ALCOHOL,TOTAL_LICENCIA,TOTAL_PERSONAS,PCT_ALCOHOL,PCT_LICENCIA,ES_NOCHE
A-2025-01-27,2025-01-29,17:15,ATROPELLO,1,0,0,AREQUIPA,AREQUIPA,YANAHUARA,URBANA,CARRETERA,NACIONAL,PE-34A,-16.29584358,-71.6284941,DESPEJADO,RURAL,TRAMO RECTO,PLANA ,ASFALTADA,SI,REGULADORA (R),PREVENTIVA (P),NO,EN PROCESO DE INVESTIGACIÓN,NO CUENTA CON CAUSA ESPECIFICA,17.0,0,2025.0,1.0,2.0,0,2,0,0,0.0,0.0,0.0,0.0,0,1,50.5,21.920310216782973,0,1,2,0.0,0.5,0
A-2025-01-119,2025-01-29,21:30,CHOQUE,1,1,0,LIMA,LIMA,PUNTA NEGRA,URBANA,AVENIDA,URBANO,NO CORRESPONDE,-12.370402,-76.789477,DESPEJADO,RESIDENCIAL,TRAMO RECTO,PLANA ,ASFALTADA,,,,,EN PROCESO DE INVESTIGACIÓN,NO CUENTA CON CAUSA ESPECIFICA,21.0,0,2025.0,1.0,2.0,0,3,0,0,1.0,0.0,0.0,1.0,0,0,32.333333333333336,7.505553499465136,0,1,3,0.0,0.333,1
A-2025-01-52,2025-01-30,01:30,ATROPELLO FUGA,1,0,0,ICA,CHINCHA,GROCIO PRADO,RURAL,CARRETERA,NACIONAL,PE-1S,-13.379285,-76.206371,DESPEJADO,RURAL,TRAMO RECTO,PLANA ,ASFALTADA,,,,,EN PROCESO DE INVESTIGACIÓN,NO CUENTA CON CAUSA ESPECIFICA,1.0,0,2025.0,1.0,3.0,0,0,0,0,0.0,0.0,0.0,0.0,0,0,0.0,0.0,0,0,2,0.0,0.0,1
A-2025-01-120,2025-01-30,20:05,CHOQUE,1,0,0,LIMA,LIMA,LURIGANCHO,RURAL,AVENIDA,URBANO,NO CORRESPONDE,-11.995275603435363,-76.92991259086659,DESPEJADO,RURAL,TRAMO RECTO,PLANA ,ASFALTADA,,,,,EN PROCESO DE INVESTIGACIÓN,NO CUENTA CON CAUSA ESPECIFICA,20.0,0,2025.0,1.0,3.0,0,3,0,0,1.0,0.0,0.0,1.0,0,0,21.0,0.0,0,0,2,0.0,0.0,1
A-2025-01-132,2025-01-30,23:30,ATROPELLO,1,0,1,PIURA,PIURA,CASTILLA,URBANA,AVENIDA,URBANO,NO CORRESPONDE,-5.193840707343721,-80.62217129466552,DESPEJADO,COMERCIAL,TRAMO RECTO,PLANA ,ASFALTADA,,,,,EN PROCESO DE INVESTIGACIÓN,NO CUENTA CON CAUSA ESPECIFICA,23.0,0,2025.0,1.0,3.0,0,3,0,0,1.0,0.0,0.0,1.0,0,0,12.0,0.0,1,0,2,0.5,0.0,1
A-2025-01-131,2025-01-31,04:45,VOLCADURA,1,2,1,PIURA,MORROPON,YAMANGO,RURAL,CARRETERA,PROVINCIAL,PI-807,-5.165408,-79.777564,DESPEJADO,RURAL,TRAMO RECTO,PLANA ,TROCHA,,,,,EN PROCESO DE INVESTIGACIÓN,NO CUENTA CON CAUSA ESPECIFICA,4.0,0,2025.0,1.0,4.0,0,0,0,0,0.0,0.0,2.0,2.0,0,0,53.333333333333336,11.590225767142472,0,0,3,0.0,0.0,1
A-2025-02-21,2025-02-01,00:00,DESPISTE,1,0,0,LA LIBERTAD,TRUJILLO,HUANCHACO,RURAL,CARRETERA,NACIONAL,PE-1N,-8.1056625421,-79.0980933545,,,,,,,,,,EN PROCESO DE INVESTIGACIÓN,NO CUENTA CON CAUSA ESPECIFICA,0.0,0,2025.0,2.0,5.0,1,0,0,0,0.0,1.0,1.0,2.0,0,0,35.0,0.0,0,0,1,0.0,0.0,1
A-2025-02-60,2025-02-01,03:40,DESPISTE,1,2,1,CAJAMARCA,CUTERVO,CUTERVO,RURAL,CARRETERA,NACIONAL,PE-3ND,-6.352866,-78.749786,DESPEJADO,RURAL,TRAMO RECTO,PLANA ,AFIRMADO,,,,,IMPRUDENCIA DEL CONDUCTOR,OTRO (IMPRUDENCIA DEL CONDUCTOR),3.0,0,2025.0,2.0,5.0,1,0,0,1,0.0,0.0,1.0,1.0,0,0,40.666666666666664,7.637626158259733,0,1,3,0.0,0.333,1
A-2025-02-103,2025-02-01,04:45,CHOQUE,1,0,1,CUSCO,LA CONVENCION,SANTA ANA,RURAL,CARRETERA,NACIONAL,PE-28B,-12.86257,-72.69468,DESPEJADO,RURAL,TRAMO RECTO,PLANA ,ASFALTADA,,,,,IMPRUDENCIA DEL CONDUCTOR,CONDUCIR EN ESTADO DE EBRIEDAD Y/O DROGADICCIÓN,4.0,0,2025.0,2.0,5.0,1,0,0,1,0.0,0.0,0.0,0.0,0,0,48.5,6.363961030678928,1,2,2,0.5,1.0,1
A-2025-02-76,2025-02-01,14:20,CHOQUE,1,0,0,LIMA,LIMA,LURIGANCHO,URBANA,CARRETERA,DEPARTAMENTAL,LM-114,-12.013163303798532,-76.90209597592707,DESPEJADO,COMERCIAL,INTERSECCIÓN,PLANA ,ASFALTADA,,,,,EN PROCESO DE INVESTIGACIÓN,NO CUENTA CON CAUSA ESPECIFICA,14.0,0,2025.0,2.0,5.0,1,2,0,0,0.0,0.0,0.0,0.0,0,0,47.5,24.748737341529164,0,0,3,0.0,0.0,0
A-2025-02-49,2025-02-01,16:00,DESPISTE,1,3,1,HUANCAVELICA,HUANCAVELICA,YAULI,RURAL,CARRETERA,PROVINCIAL,HV-789,-12.77211588043682,-74.85555122045089,LLUVIOSO,RURAL,CURVA,INCLINADA,TROCHA,,,,,EN PROCESO DE INVESTIGACIÓN,NO CUENTA CON CAUSA ESPECIFICA,16.0,0,2025.0,2.0,5.0,1,2,0,1,0.0,1.0,2.0,3.0,1,0,14.75,9.251126057585278,0,0,4,0.0,0.0,0
A-2025-02-2,2025-02-01,21:50,DESPISTE,1,0,0,PUNO,CHUCUITO,HUACULLANI,RURAL,CARRETERA,NACIONAL,PE-36A,-16.67321498837956,-69.49600333852527,,,,,,,,,,EN PROCESO DE INVESTIGACIÓN,NO CUENTA CON CAUSA ESPECIFICA,21.0,0,2025.0,2.0,5.0,1,3,0,1,0.0,1.0,1.0,2.0,0,0,42.0,0.0,0,0,1,0.0,0.0,1
A-2025-02-63,2025-02-02,02:30,DESPISTE,1,0,1,CAJAMARCA,SAN IGNACIO,CHIRINOS,RURAL,CARRETERA,NACIONAL,PE-5N,-5.3319,-78.79707,DESPEJADO,RURAL,TRAMO RECTO,PLANA ,ASFALTADA,,,,,IMPRUDENCIA DEL CONDUCTOR,EXCESO DE VELOCIDAD,2.0,0,2025.0,2.0,6.0,1,0,0,1,0.0,0.0,0.0,0.0,0,0,49.0,0.0,0,0,1,0.0,0.0,1
A-2025-02-3,2025-02-02,06:45,ATROPELLO,1,0,0,PUNO,PUNO,PUNO,URBANA,CARRETERA,PROVINCIAL,PU-943,-15.827733,-70.015776,DESPEJADO,COMERCIAL,TRAMO RECTO,PLANA ,ASFALTADA,,,,,IMPRUDENCIA DEL CONDUCTOR,CONDUCIR EN ESTADO DE EBRIEDAD Y/O DROGADICCIÓN,6.0,0,2025.0,2.0,6.0,1,1,0,1,0.0,0.0,0.0,0.0,0,0,39.0,4.242640687119285,0,1,2,0.0,0.5,0
A-2025-02-1,2025-02-02,09:07,DESPISTE,1,0,1,LIMA,HUARAL,HUARAL,RURAL,CARRETERA,NACIONAL,PE-1NB,-11.5180918,-77.2407409,DESPEJADO,RURAL,TRAMO RECTO,PLANA ,ASFALTADA,,,,,EN PROCESO DE INVESTIGACIÓN,NO CUENTA CON CAUSA ESPECIFICA,9.0,0,2025.0,2.0,6.0,1,1,0,0,0.0,0.0,0.0,0.0,0,0,20.0,0.0,0,0,1,0.0,0.0,0
A-2025-02-71,2025-02-02,11:20,CHOQUE,1,0,2,CUSCO,LA CONVENCION,ECHARATE,RURAL,CARRETERA,NACIONAL,PE-28B,-12.64993,-72.545248,DESPEJADO,RURAL,CURVA,PLANA ,ASFALTADA,,,,,IMPRUDENCIA DEL CONDUCTOR,CONDUCIR EN ESTADO DE EBRIEDAD Y/O DROGADICCIÓN,11.0,0,2025.0,2.0,6.0,1,1,0,1,0.0,0.0,0.0,0.0,0,0,32.5,14.849242404917497,1,1,2,0.5,0.5,0
A-2025-02-109,2025-02-02,19:50,CHOQUE FUGA,1,0,1,PIURA,SECHURA,VICE,RURAL,CARRETERA,NACIONAL,PE-1NK,-5.43769,-80.810483,DESPEJADO,RURAL,TRAMO RECTO,PLANA ,ASFALTADA,,,,,EN PROCESO DE INVESTIGACIÓN,NO CUENTA CON CAUSA ESPECIFICA,19.0,0,2025.0,2.0,6.0,1,3,0,0,0.0,0.0,0.0,0.0,0,0,25.0,0.0,0,1,2,0.0,0.5,1
A-2025-02-45,2025-02-02,20:20,CHOQUE,1,1,2,TUMBES,TUMBES,CORRALES,RURAL,CARRETERA,NACIONAL,PE-1N,-3.580603809089447,-80.46970867918775,DESPEJADO,RURAL,TRAMO RECTO,PLANA ,ASFALTADA,,,,,IMPRUDENCIA DEL CONDUCTOR,INVASIÓN DE CARRIL,20.0,0,2025.0,2.0,6.0,1,3,0,0,0.0,0.0,0.0,0.0,0,0,51.0,12.727922061357855,1,1,3,0.333,0.333,1
A-2025-02-11,2025-02-02,22:50,ATROPELLO,1,0,0,AREQUIPA,AREQUIPA,LA JOYA,RURAL,CARRETERA,NACIONAL,PE-1S,-16.491962,-71.854073,DESPEJADO,RURAL,TRAMO RECTO,PLANA ,ASFALTADA,NO,,,SI,EN PROCESO DE INVESTIGACIÓN,NO CUENTA CON CAUSA ESPECIFICA,22.0,0,2025.0,2.0,6.0,1,3,0,0,0.0,0.0,0.0,0.0,0,1,35.0,2.8284271247461903,0,1,2,0.0,0.5,1
A-2025-02-61,2025-02-03,06:55,CHOQUE,2,1,2,CAJAMARCA,CAJAMARCA,LOS BAÑOS DEL INCA,RURAL,CARRETERA,NACIONAL,PE-08B,-7.147658951,-78.41061558,DESPEJADO,RURAL,CURVA,INCLINADA,ASFALTADA,SI,PREVENTIVA (P),,NO,IMPRUDENCIA DEL CONDUCTOR,OTRO (IMPRUDENCIA DEL CONDUCTOR),6.0,1,2025.0,2.0,0.0,0,1,0,1,0.0,1.0,0.0,1.0,0,1,47.666666666666664,7.3711147958319945,0,2,3,0.0,0.667,0
A-2025-02-50,2025-02-04,01:00,DESPISTE,1,1,1,HUANCAVELICA,TAYACAJA,ACOSTAMBO,RURAL,CARRETERA,NACIONAL,PE-3S,-12.39962104,-75.04853587,DESPEJADO,RURAL,TRAMO RECTO,PLANA ,ASFALTADA,SI,PREVENTIVA (P),,SI,EN PROCESO DE INVESTIGACIÓN,NO CUENTA CON CAUSA ESPECIFICA,1.0,0,2025.0,2.0,1.0,0,0,0,1,0.0,0.0,0.0,0.0,0,0,34.5,6.363961030678928,0,0,2,0.0,0.0,1
A-2025-02-15,2025-02-04,14:30,CHOQUE,2,1,0,AREQUIPA,AREQUIPA,YURA,URBANA,CARRETERA,NACIONAL,PE-34A,-16.109627,-71.629489,NUBLADO,RURAL,CURVA,INCLINADA,ASFALTADA,NO,,,SI,EN PROCESO DE INVESTIGACIÓN,NO CUENTA CON CAUSA ESPECIFICA,14.0,1,2025.0,2.0,1.0,0,2,0,0,0.0,1.0,0.0,1.0,0,1,42.0,13.089435944047908,0,3,4,0.0,0.75,0
A-2025-02-77,2025-02-04,23:00,ATROPELLO,1,0,0,LIMA,LIMA,SAN JUAN DE MIRAFLORES,URBANA,CARRETERA,NACIONAL,PE-1S,-12.191107,-76.972735,DESPEJADO,INDUSTRIAL,TRAMO RECTO,PLANA ,ASFALTADA,,,,,EN PROCESO DE INVESTIGACIÓN,NO CUENTA CON CAUSA ESPECIFICA,23.0,0,2025.0,2.0,1.0,0,3,0,0,0.0,0.0,0.0,0.0,0,0,25.0,0.0,0,1,2,0.0,0.5,1
A-2025-02-78,2025-02-04,23:30,ATROPELLO FUGA,1,0,0,LIMA,LIMA,LA VICTORIA,URBANA,AVENIDA,URBANO,NO CORRESPONDE,-12.06989176790404,-77.016826961116,DESPEJADO,COMERCIAL,TRAMO RECTO,PLANA ,ASFALTADA,,,,,EN PROCESO DE INVESTIGACIÓN,NO CUENTA CON CAUSA ESPECIFICA,23.0,0,2025.0,2.0,1.0,0,3,0,0,1.0,0.0,0.0,1.0,0,0,0.0,0.0,0,0,2,0.0,0.0,1
A-2025-02-79,2025-02-05,04:50,DESPISTE,1,0,0,LIMA,LIMA,CHACLACAYO,URBANA,CARRETERA,NACIONAL,PE-22,-11.993569,-76.82844,DESPEJADO,INDUSTRIAL,TRAMO RECTO,PLANA ,ASFALTADA,,,,,EN PROCESO DE INVESTIGACIÓN,NO CUENTA CON CAUSA ESPECIFICA,4.0,0,2025.0,2.0,2.0,0,0,0,0,0.0,0.0,0.0,0.0,0,0,73.0,0.0,0,0,1,0.0,0.0,1
A-2025-02-80,2025-02-05,08:30,ATROPELLO FUGA,1,0,0,LIMA,LIMA,VILLA MARIA DEL TRIUNFO,URBANA,AVENIDA,URBANO,NO CORRESPONDE,-12.17974230849083,-76.93685610505236,DESPEJADO,RESIDENCIAL,INTERSECCIÓN,PLANA ,ASFALTADA,,,,,EN PROCESO DE INVESTIGACIÓN,NO CUENTA CON CAUSA ESPECIFICA,8.0,0,2025.0,2.0,2.0,0,1,0,0,1.0,0.0,0.0,1.0,0,0,82.0,0.0,0,0,2,0.0,0.0,0
A-2025-02-81,2025-02-05,11:30,ATROPELLO,1,0,0,LIMA,LIMA,LA VICTORIA,URBANA,AVENIDA,URBANO,NO CORRESPONDE,-12.08141252720953,-77.01889809371944,DESPEJADO,COMERCIAL,TRAMO RECTO,PLANA ,ASFALTADA,,,,,EN PROCESO DE INVESTIGACIÓN,NO CUENTA CON CAUSA ESPECIFICA,11.0,0,2025.0,2.0,2.0,0,1,0,0,1.0,0.0,0.0,1.0,0,0,47.0,0.0,0,1,2,0.0,0.5,0
A-2025-02-82,2025-02-05,15:55,ATROPELLO,1,1,0,LIMA,LIMA,SANTIAGO DE SURCO,URBANA,AVENIDA,URBANO,NO CORRESPONDE,-12.160470244692483,-76.98934716155456,DESPEJADO,RESIDENCIAL,INTERSECCIÓN,PLANA ,ASFALTADA,,,,,EN PROCESO DE INVESTIGACIÓN,NO CUENTA CON CAUSA ESPECIFICA,15.0,0,2025.0,2.0,2.0,0,2,0,0,1.0,0.0,0.0,1.0,0,0,51.0,26.057628441590765,0,1,3,0.0,0.333,0
A-2025-02-22,2025-02-05,20:50,CHOQUE FUGA,1,0,1,LA LIBERTAD,CHEPEN,CHEPEN,RURAL,CARRETERA,NACIONAL,PE-1N,-7.2224201402,-79.4384094891,DESPEJADO,RURAL,TRAMO RECTO,PLANA ,ASFALTADA,,,,,EN PROCESO DE INVESTIGACIÓN,NO CUENTA CON CAUSA ESPECIFICA,20.0,0,2025.0,2.0,2.0,0,3,0,0,0.0,0.0,0.0,0.0,0,0,31.0,0.0,0,0,2,0.0,0.0,1
A-2025-02-14,2025-02-06,05:00,CHOQUE,1,2,2,ICA,CHINCHA,GROCIO PRADO,RURAL,CARRETERA,NACIONAL,PE-1S,-13.383005,-76.204386,DESPEJADO,RURAL,TRAMO RECTO,PLANA ,ASFALTADA,,,,,EN PROCESO DE INVESTIGACIÓN,NO CUENTA CON CAUSA ESPECIFICA,5.0,0,2025.0,2.0,3.0,0,0,0,0,0.0,0.0,0.0,0.0,0,0,40.75,18.714967272212903,1,2,4,0.25,0.5,1
A-2025-02-83,2025-02-06,05:55,VOLCADURA,1,0,0,LIMA,LIMA,SANTA ANITA,URBANA,AVENIDA,URBANO,NO CORRESPONDE,-12.05070178114465,-76.95537474495718,DESPEJADO,INDUSTRIAL,TRAMO RECTO,PLANA ,ASFALTADA,,,,,EN PROCESO DE INVESTIGACIÓN,NO CUENTA CON CAUSA ESPECIFICA,5.0,0,2025.0,2.0,3.0,0,0,0,0,1.0,0.0,0.0,1.0,0,0,20.0,0.0,0,1,1,0.0,1.0,1
A-2025-02-106,2025-02-06,16:35,ATROPELLO,1,0,0,LIMA,LIMA,LA MOLINA,URBANA,AVENIDA,URBANO,NO CORRESPONDE,-12.061589126116075,-76.9533148487278,DESPEJADO,INDUSTRIAL,TRAMO RECTO,PLANA ,ASFALTADA,,,,,EN PROCESO DE INVESTIGACIÓN,NO CUENTA CON CAUSA ESPECIFICA,16.0,0,2025.0,2.0,3.0,0,2,0,0,1.0,0.0,0.0,1.0,0,0,35.5,17.67766952966369,0,0,2,0.0,0.0,0
A-2025-02-16,2025-02-06,22:35,CHOQUE,1,0,0,AREQUIPA,AREQUIPA,LA JOYA,URBANA,CARRETERA,NACIONAL,PE-1S,-16.679576,-71.870924,DESPEJADO,INDUSTRIAL,TRAMO RECTO,PLANA ,ASFALTADA,SI,REGULADORA (R),PREVENTIVA (P),SI,EN PROCESO DE INVESTIGACIÓN,NO CUENTA CON CAUSA ESPECIFICA,22.0,0,2025.0,2.0,3.0,0,3,0,0,0.0,0.0,0.0,0.0,0,0,37.5,4.949747468305833,0,1,2,0.0,0.5,1
A-2025-02-57,2025-02-07,00:25,DESPISTE,1,0,1,AYACUCHO,HUAMANGA,ANDRES AVELINO CACERES DORREGARAY,URBANA,AVENIDA,URBANO,NO CORRESPONDE,-13.161562724023874,-74.21126818084073,DESPEJADO,RESIDENCIAL,TRAMO RECTO,PLANA ,ASFALTADA,SI,INFORMATIVA (I),,NO,IMPRUDENCIA DEL CONDUCTOR,CONDUCIR EN ESTADO DE EBRIEDAD Y/O DROGADICCIÓN,0.0,0,2025.0,2.0,4.0,0,0,0,1,1.0,0.0,0.0,1.0,0,1,23.0,0.0,1,0,1,1.0,0.0,1
A-2025-02-84,2025-02-07,02:20,DESPISTE,1,0,0,LIMA,LIMA,SAN LUIS,URBANA,AVENIDA,URBANO,NO CORRESPONDE,-12.080369729132563,-77.00304106006965,DESPEJADO,RESIDENCIAL,INTERSECCIÓN,PLANA ,ASFALTADA,SI,PREVENTIVA (P),,NO,EN PROCESO DE INVESTIGACIÓN,NO CUENTA CON CAUSA ESPECIFICA,2.0,0,2025.0,2.0,4.0,0,0,0,0,1.0,0.0,0.0,1.0,0,1,22.0,0.0,0,0,1,0.0,0.0,1
A-2025-02-110,2025-02-07,03:30,DESPISTE,2,3,1,PIURA,HUANCABAMBA,HUANCABAMBA,RURAL,CARRETERA,PROVINCIAL,PI-853,-5.200849209,-79.47714485,DESPEJADO,RURAL,TRAMO RECTO,PLANA ,ASFALTADA,,,,,EN PROCESO DE INVESTIGACIÓN,NO CUENTA CON CAUSA ESPECIFICA,3.0,1,2025.0,2.0,4.0,0,0,0,0,0.0,0.0,0.0,0.0,0,0,32.6,15.533834040570925,0,1,5,0.0,0.2,1
A-2025-02-5,2025-02-08,02:20,ATROPELLO FUGA,1,0,0,PUNO,PUNO,PUNO,URBANA,JIRÓN,URBANO,NO CORRESPONDE,-15.837482,-70.025428,,,,,,,,,,EN PROCESO DE INVESTIGACIÓN,NO CUENTA CON CAUSA ESPECIFICA,2.0,0,2025.0,2.0,5.0,1,0,0,1,1.0,1.0,1.0,3.0,0,0,33.0,0.0,0,0,2,0.0,0.0,1
A-2025-02-23,2025-02-08,03:00,DESPISTE,1,0,1,LA LIBERTAD,OTUZCO,USQUIL,RURAL,CARRETERA,PROVINCIAL,LI-772,-7.7602013616,-78.4165422249,DESPEJADO,RURAL,TRAMO RECTO,PLANA ,ASFALTADA,,,,,EN PROCESO DE INVESTIGACIÓN,NO CUENTA CON CAUSA ESPECIFICA,3.0,0,2025.0,2.0,5.0,1,0,0,0,0.0,0.0,0.0,0.0,0,0,32.5,10.606601717798213,0,1,2,0.0,0.5,1
A-2025-02-32,2025-02-08,16:00,CHOQUE,1,0,0,AREQUIPA,CARAVELI,CHAPARRA,URBANA,CARRETERA,NACIONAL,PE-1S,-15.877421,-74.171943,DESPEJADO,RURAL,INTERSECCIÓN,INCLINADA,ASFALTADA,SI,PREVENTIVA (P),,SI,EN PROCESO DE INVESTIGACIÓN,NO CUENTA CON CAUSA ESPECIFICA,16.0,0,2025.0,2.0,5.0,1,2,0,0,0.0,1.0,0.0,1.0,0,0,39.27272727272727,19.809045115761343,0,2,22,0.0,0.091,0
A-2025-02-24,2025-02-08,16:30,DESPISTE,3,0,1,LA LIBERTAD,SANCHEZ CARRION,CURGOS,RURAL,CARRETERA,DEPARTAMENTAL,LI-134,-7.894523267982306,-77.94596723055506,DESPEJADO,RURAL,TRAMO RECTO,PLANA ,TROCHA,,,,,EN PROCESO DE INVESTIGACIÓN,NO CUENTA CON CAUSA ESPECIFICA,16.0,2,2025.0,2.0,5.0,1,2,0,0,0.0,0.0,2.0,2.0,0,0,29.75,9.912113800799505,0,1,4,0.0,0.25,0
A-2025-02-10,2025-02-08,22:30,DESPISTE,1,0,1,LIMA,HUARAL,HUARAL,RURAL,CARRETERA,PROVINCIAL,LM-667,-11.4167312,-77.2921387,DESPEJADO,RURAL,TRAMO RECTO,PLANA ,ASFALTADA,,,,,EN PROCESO DE INVESTIGACIÓN,NO CUENTA CON CAUSA ESPECIFICA,22.0,0,2025.0,2.0,5.0,1,3,0,0,0.0,0.0,0.0,0.0,0,0,61.0,0.0,0,0,1,0.0,0.0,1
A-2025-02-85,2025-02-08,23:10,ATROPELLO,1,0,0,LIMA,LIMA,PUENTE PIEDRA,URBANA,CARRETERA,NACIONAL,PE-1N,-11.826077,-77.121776,DESPEJADO,COMERCIAL,TRAMO RECTO,PLANA ,ASFALTADA,,,,,EN PROCESO DE INVESTIGACIÓN,NO CUENTA CON CAUSA ESPECIFICA,23.0,0,2025.0,2.0,5.0,1,3,0,0,0.0,0.0,0.0,0.0,0,0,48.0,28.284271247461902,0,1,2,0.0,0.5,1
A-2025-02-54,2025-02-08,23:30,ATROPELLO,1,0,0,ICA,CHINCHA,ALTO LARAN,URBANA,CARRETERA,NACIONAL,PE-1S,-13.444899,-76.13558,,,,,,,,,,EN PROCESO DE INVESTIGACIÓN,NO CUENTA CON CAUSA ESPECIFICA,23.0,0,2025.0,2.0,5.0,1,3,0,0,0.0,1.0,1.0,2.0,0,0,38.0,24.041630560342615,0,0,2,0.0,0.0,1
A-2025-02-86,2025-02-09,02:50,ATROPELLO,1,0,0,LIMA,LIMA,CHACLACAYO,URBANA,CARRETERA,NACIONAL,PE-22,-11.980798,-76.792217,DESPEJADO,RESIDENCIAL,TRAMO RECTO,PLANA ,ASFALTADA,,,,,EN PROCESO DE INVESTIGACIÓN,NO CUENTA CON CAUSA ESPECIFICA,2.0,0,2025.0,2.0,6.0,1,0,0,0,0.0,0.0,0.0,0.0,0,0,42.0,9.899494936611665,0,1,2,0.0,0.5,1
A-2025-02-88,2025-02-09,03:10,ATROPELLO,1,0,0,LIMA,LIMA,RIMAC,URBANA,CARRETERA,NACIONAL,PE-1N,-12.0407342401879,-77.01728822773019,DESPEJADO,COMERCIAL,TRAMO RECTO,PLANA ,ASFALTADA,,,,,EN PROCESO DE INVESTIGACIÓN,NO CUENTA CON CAUSA ESPECIFICA,3.0,0,2025.0,2.0,6.0,1,0,0,0,0.0,0.0,0.0,0.0,0,0,27.0,0.0,0,1,2,0.0,0.5,1
A-2025-02-6,2025-02-09,05:00,DESPISTE,1,0,0,PUNO,PUNO,PICHACANI,RURAL,CARRETERA,SIN CLASIFICAR,SIN CLASIFICAR,-16.160242,-70.070883,,,,,,,,,,EN PROCESO DE INVESTIGACIÓN,NO CUENTA CON CAUSA ESPECIFICA,5.0,0,2025.0,2.0,6.0,1,0,0,1,0.0,1.0,1.0,2.0,0,0,53.0,0.0,0,0,1,0.0,0.0,1
A-2025-02-87,2025-02-09,06:00,DESPISTE,1,1,0,LIMA,LIMA,SAN BARTOLO,RURAL,CARRETERA,NACIONAL,PE-1S,-12.397032,-76.758067,DESPEJADO,RURAL,TRAMO RECTO,PLANA ,ASFALTADA,,,,,EN PROCESO DE INVESTIGACIÓN,NO CUENTA CON CAUSA ESPECIFICA,6.0,0,2025.0,2.0,6.0,1,1,0,0,0.0,0.0,0.0,0.0,0,0,25.0,0.0,0,1,2,0.0,0.5,0
A-2025-02-62,2025-02-09,11:50,CHOQUE,1,1,3,CAJAMARCA,CUTERVO,CUTERVO,URBANA,JIRÓN,URBANO,NO CORRESPONDE,-6.377628541,-78.81458886,DESPEJADO,COMERCIAL,TRAMO RECTO,PLANA ,CONCRETO,,,,,EN PROCESO DE INVESTIGACIÓN,NO CUENTA CON CAUSA ESPECIFICA,11.0,0,2025.0,2.0,6.0,1,1,0,1,1.0,0.0,0.0,1.0,0,0,32.666666666666664,13.613718571108091,0,0,3,0.0,0.0,0
A-2025-02-89,2025-02-09,14:00,CHOQUE,1,0,0,LIMA,LIMA,COMAS,URBANA,AVENIDA,URBANO,NO CORRESPONDE,-11.934025691395728,-77.06116072127766,DESPEJADO,RESIDENCIAL,TRAMO RECTO,PLANA ,ASFALTADA,,,,,EN PROCESO DE INVESTIGACIÓN,NO CUENTA CON CAUSA ESPECIFICA,14.0,0,2025.0,2.0,6.0,1,2,0,0,1.0,0.0,0.0,1.0,0,0,34.5,0.7071067811865476,0,2,2,0.0,1.0,0
A-2025-02-17,2025-02-09,18:50,ATROPELLO,1,1,0,AREQUIPA,ISLAY,MOLLENDO,URBANA,CARRETERA,NACIONAL,PE-1SD,-17.00552,-72.014936,NUBLADO,INDUSTRIAL,TRAMO RECTO,PLANA ,ASFALTADA,SI,REGULADORA (R),PREVENTIVA (P),SI,EN PROCESO DE INVESTIGACIÓN,NO CUENTA CON CAUSA ESPECIFICA,18.0,0,2025.0,2.0,6.0,1,3,0,0,0.0,0.0,0.0,0.0,0,0,45.0,14.142135623730951,0,1,2,0.0,0.5,1
A-2025-02-8,2025-02-09,19:00,ATROPELLO,1,0,1,PUNO,CHUCUITO,DESAGUADERO,RURAL,CARRETERA,NACIONAL,PE-3S,-16.560755,-69.04202,DESPEJADO,RURAL,TRAMO RECTO,PLANA ,ASFALTADA,,,,,IMPRUDENCIA DEL CONDUCTOR,CONDUCIR EN ESTADO DE EBRIEDAD Y/O DROGADICCIÓN,19.0,0,2025.0,2.0,6.0,1,3,0,1,0.0,0.0,0.0,0.0,0,0,34.0,12.727922061357855,0,1,2,0.0,0.5,1
A-2025-02-7,2025-02-09,20:15,CHOQUE FUGA,1,0,0,PUNO,YUNGUYO,YUNGUYO,RURAL,CARRETERA,DEPARTAMENTAL,PU-130,-16.34003,-69.048818,,,,,,,,,,EN PROCESO DE INVESTIGACIÓN,NO CUENTA CON CAUSA ESPECIFICA,20.0,0,2025.0,2.0,6.0,1,3,0,1,0.0,1.0,1.0,2.0,0,0,58.0,0.0,0,0,2,0.0,0.0,1