CODIGO_SINIESTRO,FECHA_SINIESTRO,HORA_SINIESTRO,CLASE_SINIESTRO,CANTIDAD_FALLECIDOS,CANTIDAD_LESIONADOS,CANTIDAD_VEHICULOS,DEPARTAMENTO,PROVINCIA,DISTRITO,ZONA,TIPO_VIA,RED_VIAL,COD_CARRETERA,LATITUD,LONGITUD,CONDICION_CLIMATICA,ZONIFICACION,CARACTERISTICAS_VIA,PERFIL_VIA,SUPERFICIE_CALZADA,EXISTE_SENIAL_VERTICAL,CLASIFICACION_SENIAL_VERTICAL_1,CLASIFICACION_SENIAL_VERTICAL_2,EXISTE_SENIAL_HORIZONTAL,CAUSA_FACTOR_PRINCIPAL,CAUSA_ESPECIFICA,HORA,severidad,ANIO,MES,DIA_SEMANA,FIN_SEMANA,FRANJA_HORARIA,TEMPORADA,MACROREGION,TIPO_VIA_SCORE,PERFIL_VIA_SCORE,SUPERFICIE_CALZADA_SCORE,RIESGO_INFRAESTRUCTURA,RIESGO_CLIMATICO,SENIALIZACION_DEFICIENTE,EDAD_PROMEDIO,EDAD_STD,TOTAL_ALCOHOL,TOTAL_LICENCIA,TOTAL_PERSONAS,PCT_ALCOHOL,PCT_LICENCIA,ES_NOCHE
A-2025-02-90,2025-02-09,20:30,ATROPELLO FUGA,1,0,0,LIMA,LIMA,LURIN,URBANA,CARRETERA,NACIONAL,PE-1S,-12.250098,-76.930909,DESPEJADO,COMERCIAL,TRAMO RECTO,PLANA ,ASFALTADA,,,,,EN PROCESO DE INVESTIGACIÓN,NO CUENTA CON CAUSA ESPECIFICA,20.0,0,2025.0,2.0,6.0,1,3,0,0,0.0,0.0,0.0,0.0,0,0,0.0,0.0,0,0,2,0.0,0.0,1
A-2025-02-26,2025-02-10,20:20,DESPISTE,1,2,1,LA LIBERTAD,TRUJILLO,POROTO,RURAL,CARRETERA,PROVINCIAL,LI-1078,-8.0326868432,-78.7963548628,DESPEJADO,RURAL,TRAMO RECTO,PLANA ,TROCHA,,,,,EN PROCESO DE INVESTIGACIÓN,NO CUENTA CON CAUSA ESPECIFICA,20.0,0,2025.0,2.0,0.0,0,3,0,0,0.0,0.0,2.0,2.0,0,0,38.25,20.56493779875511,0,0,4,0.0,0.0,1
A-2025-02-9,2025-02-11,10:25,ATROPELLO,1,0,0,PUNO,PUNO,CHUCUITO,RURAL,CARRETERA,NACIONAL,PE-3S,-15.890218,-69.888463,,,,,,,,,,IMPRUDENCIA DEL CONDUCTOR,EXCESO DE VELOCIDAD,10.0,0,2025.0,2.0,1.0,0,1,0,1,0.0,1.0,1.0,2.0,0,0,69.5,34.64823227814083,0,0,2,0.0,0.0,0
A-2025-02-91,2025-02-11,23:30,DESPISTE,1,0,0,LIMA,LIMA,ATE,URBANA,CARRETERA,NACIONAL,PE-22,-12.009017,-76.864641,DESPEJADO,COMERCIAL,TRAMO RECTO,PLANA ,ASFALTADA,,,,,EN PROCESO DE INVESTIGACIÓN,NO CUENTA CON CAUSA ESPECIFICA,23.0,0,2025.0,2.0,1.0,0,3,0,0,0.0,0.0,0.0,0.0,0,0,48.0,0.0,0,1,1,0.0,1.0,1
A-2025-02-58,2025-02-12,17:30,ESPECIAL,1,0,0,AYACUCHO,HUANTA,HUAMANGUILLA,RURAL,CARRETERA,SIN CLASIFICAR,SIN CLASIFICAR,-13.012644,-74.223282,LLUVIOSO,RURAL,CURVA,INCLINADA,TROCHA,,,,,IMPRUDENCIA DEL CONDUCTOR,VEHÍCULO MAL ESTACIONADO,17.0,0,2025.0,2.0,2.0,0,2,0,1,0.0,1.0,2.0,3.0,1,0,79.0,2.8284271247461903,0,0,2,0.0,0.0,0
A-2025-02-92,2025-02-13,02:15,ATROPELLO,1,0,0,LIMA,LIMA,PUNTA HERMOSA,URBANA,CARRETERA,NACIONAL,PE-1S,-12.314491,-76.832649,DESPEJADO,COMERCIAL,TRAMO RECTO,PLANA ,ASFALTADA,,,,,EN PROCESO DE INVESTIGACIÓN,NO CUENTA CON CAUSA ESPECIFICA,2.0,0,2025.0,2.0,3.0,0,0,0,0,0.0,0.0,0.0,0.0,0,0,55.0,0.0,0,1,2,0.0,0.5,1
A-2025-02-12,2025-02-14,01:10,ESPECIAL,3,30,2,LIMA,HUARAL,CHANCAY,RURAL,CARRETERA,NACIONAL,PE-1N,-11.607227,-77.2401868,DESPEJADO,RURAL,PUENTE,PLANA ,ASFALTADA,SI,PREVENTIVA (P),,NO,EN PROCESO DE INVESTIGACIÓN,NO CUENTA CON CAUSA ESPECIFICA,1.0,2,2025.0,2.0,4.0,0,0,0,0,0.0,0.0,0.0,0.0,0,1,44.294117647058826,12.403639279650111,0,2,34,0.0,0.059,1
A-2025-02-27,2025-02-14,15:30,ATROPELLO FUGA,1,0,0,LA LIBERTAD,PACASMAYO,SAN PEDRO DE LLOC,RURAL,CARRETERA,PROVINCIAL,LI-601,-7.455450007642637,-79.51805305431442,DESPEJADO,RURAL,TRAMO RECTO,PLANA ,TROCHA,,,,,EN PROCESO DE INVESTIGACIÓN,NO CUENTA CON CAUSA ESPECIFICA,15.0,0,2025.0,2.0,4.0,0,2,0,0,0.0,0.0,2.0,2.0,0,0,8.0,0.0,0,0,2,0.0,0.0,0
A-2025-02-111,2025-02-14,16:30,DESPISTE,1,0,1,PIURA,PIURA,CASTILLA,RURAL,CARRETERA,NACIONAL,PE-1NJ,-5.177138,-80.562283,DESPEJADO,RURAL,TRAMO RECTO,PLANA ,ASFALTADA,,,,,EN PROCESO DE INVESTIGACIÓN,NO CUENTA CON CAUSA ESPECIFICA,16.0,0,2025.0,2.0,4.0,0,2,0,0,0.0,0.0,0.0,0.0,0,0,57.0,0.0,0,0,1,0.0,0.0,0
A-2025-02-113,2025-02-14,20:00,DESPISTE,1,1,0,PIURA,HUANCABAMBA,SONDOR,RURAL,CARRETERA,PROVINCIAL,PI-912,-5.486393,-79.366206,DESPEJADO,RURAL,CURVA,PLANA ,TROCHA,,,,,EN PROCESO DE INVESTIGACIÓN,NO CUENTA CON CAUSA ESPECIFICA,20.0,0,2025.0,2.0,4.0,0,3,0,0,0.0,0.0,2.0,2.0,0,0,41.5,2.1213203435596424,0,0,2,0.0,0.0,1
A-2025-02-18,2025-02-14,22:30,ATROPELLO FUGA,1,0,0,AREQUIPA,AREQUIPA,YURA,URBANA,CARRETERA,NACIONAL,PE-34A,-16.305901,-71.616539,LLUVIOSO,RESIDENCIAL,TRAMO RECTO,PLANA ,ASFALTADA,SI,PREVENTIVA (P),,SI,EN PROCESO DE INVESTIGACIÓN,NO CUENTA CON CAUSA ESPECIFICA,22.0,0,2025.0,2.0,4.0,0,3,0,0,0.0,0.0,0.0,0.0,1,0,69.0,0.0,0,0,2,0.0,0.0,1
A-2025-02-104,2025-02-15,03:31,CHOQUE,1,0,0,CUSCO,CUSCO,POROY,RURAL,CARRETERA,NACIONAL,PE-3S,-13.497872,-72.035011,DESPEJADO,RURAL,TRAMO RECTO,PLANA ,ASFALTADA,,,,,IMPRUDENCIA DEL CONDUCTOR,INVASIÓN DE CARRIL,3.0,0,2025.0,2.0,5.0,1,0,0,1,0.0,0.0,0.0,0.0,0,0,41.25,7.544313531837516,0,3,4,0.0,0.75,1
A-2025-02-107,2025-02-15,08:30,ATROPELLO FUGA,1,0,0,LIMA,LIMA,ATE,URBANA,AVENIDA,URBANO,NO CORRESPONDE,-12.031580484526938,-76.93158047333715,DESPEJADO,COMERCIAL,TRAMO RECTO,PLANA ,ASFALTADA,SI,INFORMATIVA (I),,NO,EN PROCESO DE INVESTIGACIÓN,NO CUENTA CON CAUSA ESPECIFICA,8.0,0,2025.0,2.0,5.0,1,1,0,0,1.0,0.0,0.0,1.0,0,1,35.0,0.0,0,0,2,0.0,0.0,0
A-2025-02-29,2025-02-15,12:30,ATROPELLO,1,0,1,LA LIBERTAD,TRUJILLO,SALAVERRY,URBANA,CARRETERA,NACIONAL,PE-10,-8.195911184436715,-78.98995040338481,DESPEJADO,INDUSTRIAL,TRAMO RECTO,PLANA ,ASFALTADA,,,,,EN PROCESO DE INVESTIGACIÓN,NO CUENTA CON CAUSA ESPECIFICA,12.0,0,2025.0,2.0,5.0,1,2,0,0,0.0,0.0,0.0,0.0,0,0,41.5,16.263455967290593,0,1,2,0.0,0.5,0
A-2025-02-64,2025-02-15,13:40,ATROPELLO,1,0,1,CAJAMARCA,HUALGAYOC,HUALGAYOC,RURAL,CARRETERA,NACIONAL,PE-3N,-6.721302,-78.558327,DESPEJADO,RURAL,TRAMO RECTO,INCLINADA,ASFALTADA,,,,,IMPRUDENCIA DEL PEATÓN,OTRO (IMPRUDENCIA DEL PEATÓN),13.0,0,2025.0,2.0,5.0,1,2,0,1,0.0,1.0,0.0,1.0,0,0,29.5,36.062445840513924,0,0,2,0.0,0.0,0
A-2025-02-30,2025-02-15,23:10,CHOQUE,1,0,2,LA LIBERTAD,TRUJILLO,MOCHE,URBANA,CARRETERA,NACIONAL,PE-1N,-8.1544961538,-79.012340231,DESPEJADO,INDUSTRIAL,TRAMO RECTO,PLANA ,ASFALTADA,,,,,EN PROCESO DE INVESTIGACIÓN,NO CUENTA CON CAUSA ESPECIFICA,23.0,0,2025.0,2.0,5.0,1,3,0,0,0.0,0.0,0.0,0.0,0,0,35.0,11.313708498984761,0,1,2,0.0,0.5,1
A-2025-02-36,2025-02-16,02:30,CHOQUE,1,2,2,LA LIBERTAD,ASCOPE,PAIJAN,RURAL,CARRETERA,NACIONAL,PE-1N,-7.7533495158,-79.2777112142,DESPEJADO,RURAL,TRAMO RECTO,PLANA ,ASFALTADA,,,,,EN PROCESO DE INVESTIGACIÓN,NO CUENTA CON CAUSA ESPECIFICA,2.0,0,2025.0,2.0,6.0,1,0,0,0,0.0,0.0,0.0,0.0,0,0,24.333333333333332,4.163331998932265,0,0,3,0.0,0.0,1
A-2025-02-33,2025-02-16,05:30,ATROPELLO FUGA,1,0,0,LA LIBERTAD,VIRU,VIRU,RURAL,CARRETERA,NACIONAL,PE-1N,-8.442423758023782,-78.74968879992255,DESPEJADO,RURAL,TRAMO RECTO,PLANA ,ASFALTADA,,,,,EN PROCESO DE INVESTIGACIÓN,NO CUENTA CON CAUSA ESPECIFICA,5.0,0,2025.0,2.0,6.0,1,0,0,0,0.0,0.0,0.0,0.0,0,0,0.0,0.0,0,0,2,0.0,0.0,1
A-2025-02-93,2025-02-16,05:30,CHOQUE FUGA,1,0,0,LIMA,LIMA,PUENTE PIEDRA,URBANA,CARRETERA,NACIONAL,PE-1N,-11.867788,-77.072475,DESPEJADO,INDUSTRIAL,TRAMO RECTO,PLANA ,ASFALTADA,,,,,EN PROCESO DE INVESTIGACIÓN,NO CUENTA CON CAUSA ESPECIFICA,5.0,0,2025.0,2.0,6.0,1,0,0,0,0.0,0.0,0.0,0.0,0,0,48.0,0.0,0,1,2,0.0,0.5,1
A-2025-02-19,2025-02-16,06:30,CHOQUE,1,1,2,PUNO,PUNO,MAÑAZO,RURAL,CARRETERA,DEPARTAMENTAL,PU-122,-15.7933474,-70.3470706,DESPEJADO,RURAL,TRAMO RECTO,PLANA ,ASFALTADA,,,,,IMPRUDENCIA DEL CONDUCTOR,INVASIÓN DE CARRIL,6.0,0,2025.0,2.0,6.0,1,1,0,1,0.0,0.0,0.0,0.0,0,0,32.5,2.1213203435596424,0,0,2,0.0,0.0,0
A-2025-02-112,2025-02-16,07:30,CHOQUE,1,0,0,PIURA,HUANCABAMBA,HUARMACA,RURAL,CARRETERA,NACIONAL,PE-3N,-5.780642,-79.39637,,,,,,,,,,EN PROCESO DE INVESTIGACIÓN,NO CUENTA CON CAUSA ESPECIFICA,7.0,0,2025.0,2.0,6.0,1,1,0,0,0.0,1.0,1.0,2.0,0,0,54.5,4.949747468305833,0,0,2,0.0,0.0,0
A-2025-02-52,2025-02-16,13:00,DESPISTE,1,3,1,CUSCO,LA CONVENCION,ECHARATE,RURAL,CARRETERA,PROVINCIAL,CU-609,-12.73714798,-73.13197609,DESPEJADO,RURAL,TRAMO RECTO,INCLINADA,CONCRETO,,,,,IMPERICIA DEL CONDUCTOR,,13.0,0,2025.0,2.0,6.0,1,2,0,1,0.0,1.0,0.0,1.0,0,0,44.75,21.313141485947114,0,0,4,0.0,0.0,0
A-2025-02-13,2025-02-16,16:30,ATROPELLO FUGA,1,0,0,LIMA,HUARAL,PACARAOS,RURAL,CARRETERA,NACIONAL,PE-20C,-11.1920014,-76.6458709,LLUVIOSO,RURAL,SINUOSA,INCLINADA,AFIRMADO,SI,PREVENTIVA (P),PREVENTIVA (P),NO,EN PROCESO DE INVESTIGACIÓN,NO CUENTA CON CAUSA ESPECIFICA,16.0,0,2025.0,2.0,6.0,1,2,0,0,0.0,1.0,1.0,2.0,1,1,81.0,0.0,0,0,2,0.0,0.0,0
A-2025-02-94,2025-02-16,19:30,ATROPELLO,1,0,0,LIMA,LIMA,SAN BORJA,URBANA,CARRETERA,NACIONAL,PE-1S,-12.0943478111155,-76.98057726840962,DESPEJADO,RESIDENCIAL,TRAMO RECTO,PLANA ,ASFALTADA,,,,,EN PROCESO DE INVESTIGACIÓN,NO CUENTA CON CAUSA ESPECIFICA,19.0,0,2025.0,2.0,6.0,1,3,0,0,0.0,0.0,0.0,0.0,0,0,54.5,6.363961030678928,0,1,2,0.0,0.5,1
A-2025-02-95,2025-02-17,06:10,CHOQUE,2,1,0,LIMA,LIMA,PUNTA NEGRA,URBANA,CARRETERA,NACIONAL,PE-1S,-12.362247,-76.794153,DESPEJADO,RURAL,TRAMO RECTO,PLANA ,ASFALTADA,,,,,EN PROCESO DE INVESTIGACIÓN,NO CUENTA CON CAUSA ESPECIFICA,6.0,1,2025.0,2.0,0.0,0,1,0,0,0.0,0.0,0.0,0.0,0,0,35.6,6.54217089351845,0,2,5,0.0,0.4,0
A-2025-02-75,2025-02-17,09:30,ATROPELLO,1,0,1,CUSCO,QUISPICANCHI,HUARO,RURAL,CARRETERA,NACIONAL,PE-3S,-13.6846127,-71.651448,DESPEJADO,RURAL,CURVA,PLANA ,ASFALTADA,,,,,IMPRUDENCIA DEL PEATÓN,CRUCE INDEBIDO POR LA CALZADA,9.0,0,2025.0,2.0,0.0,0,1,0,1,0.0,0.0,0.0,0.0,0,0,21.0,5.656854249492381,0,1,2,0.0,0.5,0
A-2025-02-74,2025-02-17,11:00,DESPISTE,4,0,1,CUSCO,URUBAMBA,OLLANTAYTAMBO,RURAL,CARRETERA,NACIONAL,PE-28B,-13.2645,-72.2665,DESPEJADO,RURAL,TRAMO RECTO,PLANA ,ASFALTADA,,,,,IMPRUDENCIA DEL CONDUCTOR,EXCESO DE VELOCIDAD,11.0,2,2025.0,2.0,0.0,0,1,0,1,0.0,0.0,0.0,0.0,0,0,35.25,5.439056290693574,0,1,4,0.0,0.25,0
A-2025-02-34,2025-02-17,17:20,CHOQUE,1,0,2,LA LIBERTAD,VIRU,VIRU,RURAL,CARRETERA,NACIONAL,PE-1N,-8.41220326274806,-78.80055960047112,DESPEJADO,RURAL,TRAMO RECTO,PLANA ,ASFALTADA,,,,,EN PROCESO DE INVESTIGACIÓN,NO CUENTA CON CAUSA ESPECIFICA,17.0,0,2025.0,2.0,0.0,0,2,0,0,0.0,0.0,0.0,0.0,0,0,35.0,8.48528137423857,0,1,2,0.0,0.5,0
A-2025-02-105,2025-02-17,22:00,CHOQUE,1,0,1,CUSCO,ESPINAR,ESPINAR,RURAL,AVENIDA,URBANO,NO CORRESPONDE,-14.792322,-71.402907,DESPEJADO,RURAL,TRAMO RECTO,PLANA ,ASFALTADA,,,,,IMPERICIA DEL CONDUCTOR,,22.0,0,2025.0,2.0,0.0,0,3,0,1,1.0,0.0,0.0,1.0,0,0,29.5,13.435028842544403,0,1,2,0.0,0.5,1
A-2025-02-70,2025-02-17,22:00,DESPISTE,1,0,1,CUSCO,QUISPICANCHI,MARCAPATA,RURAL,CARRETERA,NACIONAL,PE-30C,-13.5828,-71.0349,DESPEJADO,RURAL,CURVA,PLANA ,ASFALTADA,,,,,IMPRUDENCIA DEL CONDUCTOR,EXCESO DE VELOCIDAD,22.0,0,2025.0,2.0,0.0,0,3,0,1,0.0,0.0,0.0,0.0,0,0,16.0,0.0,0,0,1,0.0,0.0,1
A-2025-02-66,2025-02-18,06:00,DESPISTE,1,4,1,CAJAMARCA,HUALGAYOC,BAMBAMARCA,RURAL,CARRETERA,NACIONAL,PE-1N,-6.677202,-78.4457155,NUBLADO,RURAL,TRAMO RECTO,INCLINADA,AFIRMADO,,,,,IMPRUDENCIA DEL CONDUCTOR,OTRO (IMPRUDENCIA DEL CONDUCTOR),6.0,0,2025.0,2.0,1.0,0,1,0,1,0.0,1.0,1.0,2.0,0,0,34.2,21.764650238402638,0,1,5,0.0,0.2,0
A-2025-02-65,2025-02-18,07:20,DESPISTE,1,0,1,CAJAMARCA,CAJAMARCA,NAMORA,RURAL,CARRETERA,NACIONAL,PE-3N,-7.217331674,-78.28731138,DESPEJADO,RURAL,CURVA,INCLINADA,ASFALTADA,,,,,EN PROCESO DE INVESTIGACIÓN,NO CUENTA CON CAUSA ESPECIFICA,7.0,0,2025.0,2.0,1.0,0,1,0,1,0.0,1.0,0.0,1.0,0,0,38.0,0.0,0,0,1,0.0,0.0,0
A-2025-02-37,2025-02-18,16:00,ATROPELLO,1,1,1,LA LIBERTAD,TRUJILLO,LA ESPERANZA,URBANA,AVENIDA,URBANO,NO CORRESPONDE,-8.0769660086,-79.0472639097,DESPEJADO,RESIDENCIAL,TRAMO RECTO,PLANA ,ASFALTADA,,,,,EN PROCESO DE INVESTIGACIÓN,NO CUENTA CON CAUSA ESPECIFICA,16.0,0,2025.0,2.0,1.0,0,2,0,0,1.0,0.0,0.0,1.0,0,0,52.5,40.30508652763321,0,1,2,0.0,0.5,0
A-2025-02-96,2025-02-18,18:20,CHOQUE,1,1,0,LIMA,LIMA,SAN JUAN DE MIRAFLORES,URBANA,AVENIDA,URBANO,NO CORRESPONDE,-12.163632294391675,-76.97293924414218,DESPEJADO,COMERCIAL,TRAMO RECTO,PLANA ,ASFALTADA,,,,,EN PROCESO DE INVESTIGACIÓN,NO CUENTA CON CAUSA ESPECIFICA,18.0,0,2025.0,2.0,1.0,0,3,0,0,1.0,0.0,0.0,1.0,0,0,46.0,18.384776310850235,0,1,3,0.0,0.333,1
A-2025-02-97,2025-02-18,19:45,ATROPELLO FUGA,1,0,0,LIMA,LIMA,MAGDALENA DEL MAR,URBANA,AVENIDA,URBANO,NO CORRESPONDE,-12.09148149624209,-77.07320447513847,DESPEJADO,COMERCIAL,TRAMO RECTO,PLANA ,ASFALTADA,,,,,EN PROCESO DE INVESTIGACIÓN,NO CUENTA CON CAUSA ESPECIFICA,19.0,0,2025.0,2.0,1.0,0,3,0,0,1.0,0.0,0.0,1.0,0,0,32.0,0.0,0,0,2,0.0,0.0,1
A-2025-02-38,2025-02-19,05:30,CHOQUE,1,7,2,LA LIBERTAD,CHEPEN,PACANGA,RURAL,CARRETERA,NACIONAL,PE-1N,-7.1266672765,-79.4788191263,DESPEJADO,RURAL,TRAMO RECTO,PLANA ,ASFALTADA,,,,,EN PROCESO DE INVESTIGACIÓN,NO CUENTA CON CAUSA ESPECIFICA,5.0,0,2025.0,2.0,2.0,0,0,0,0,0.0,0.0,0.0,0.0,0,0,32.77777777777778,12.60731709938496,0,1,9,0.0,0.111,1
A-2025-02-98,2025-02-19,19:40,ATROPELLO,2,0,0,LIMA,LIMA,RIMAC,URBANA,CARRETERA,NACIONAL,PE-1N,-12.041021196755414,-77.01780613195449,DESPEJADO,COMERCIAL,TRAMO RECTO,PLANA ,ASFALTADA,,,,,EN PROCESO DE INVESTIGACIÓN,NO CUENTA CON CAUSA ESPECIFICA,19.0,1,2025.0,2.0,2.0,0,3,0,0,0.0,0.0,0.0,0.0,0,0,19.0,26.0,0,1,3,0.0,0.333,1
A-2025-02-20,2025-02-20,22:40,CHOQUE,1,0,0,PUNO,CHUCUITO,JULI,URBANA,AVENIDA,URBANO,NO CORRESPONDE,-16.219494930604036,-69.47583312348367,,,,,,,,,,EN PROCESO DE INVESTIGACIÓN,NO CUENTA CON CAUSA ESPECIFICA,22.0,0,2025.0,2.0,3.0,0,3,0,1,1.0,1.0,1.0,3.0,0,0,44.0,1.4142135623730951,0,0,2,0.0,0.0,1
A-2025-02-69,2025-02-21,05:30,CHOQUE,1,1,2,CAJAMARCA,CAJAMARCA,LLACANORA,RURAL,CARRETERA,NACIONAL,PE-3N,-7.190046,-78.47066,DESPEJADO,RURAL,TRAMO RECTO,PLANA ,ASFALTADA,,,,,IMPRUDENCIA DEL CONDUCTOR,OTRO (IMPRUDENCIA DEL CONDUCTOR),5.0,0,2025.0,2.0,4.0,0,0,0,1,0.0,0.0,0.0,0.0,0,0,29.666666666666668,15.88500340992514,0,2,3,0.0,0.667,1
A-2025-02-67,2025-02-21,07:00,DESPISTE,1,2,1,CAJAMARCA,CELENDIN,SOROCHUCO,RURAL,CARRETERA,PROVINCIAL,CA-1043,-6.964840299,-78.30689282,LLUVIOSO,RURAL,TRAMO RECTO,PLANA ,AFIRMADO,,,,,IMPRUDENCIA DEL CONDUCTOR,OTRO (IMPRUDENCIA DEL CONDUCTOR),7.0,0,2025.0,2.0,4.0,0,1,0,1,0.0,0.0,1.0,1.0,1,0,33.0,14.52583904633395,0,0,3,0.0,0.0,0
A-2025-02-68,2025-02-21,07:00,CHOQUE,1,1,2,CAJAMARCA,CELENDIN,HUASMIN,RURAL,CARRETERA,PROVINCIAL,CA-1000,-6.818408,-78.287364,DESPEJADO,RURAL,TRAMO RECTO,PLANA ,AFIRMADO,,,,,IMPRUDENCIA DEL CONDUCTOR,EXCESO DE VELOCIDAD,7.0,0,2025.0,2.0,4.0,0,1,0,1,0.0,0.0,1.0,1.0,0,0,28.0,14.0,0,0,3,0.0,0.0,0
A-2025-02-99,2025-02-22,09:05,ATROPELLO,1,0,0,LIMA,LIMA,LOS OLIVOS,URBANA,AVENIDA,URBANO,NO CORRESPONDE,-11.984292813246476,-77.06789078790082,DESPEJADO,RESIDENCIAL,TRAMO RECTO,PLANA ,ASFALTADA,,,,,EN PROCESO DE INVESTIGACIÓN,NO CUENTA CON CAUSA ESPECIFICA,9.0,0,2025.0,2.0,5.0,1,1,0,0,1.0,0.0,0.0,1.0,0,0,55.5,33.23401871576773,0,1,2,0.0,0.5,0
A-2025-02-114,2025-02-22,18:00,CHOQUE,1,1,1,PIURA,MORROPON,CHULUCANAS,RURAL,CARRETERA,NACIONAL,PE-1NJ,-5.147095743,-80.26742672,DESPEJADO,RURAL,TRAMO RECTO,PLANA ,ASFALTADA,,,,,IMPRUDENCIA DEL CONDUCTOR,EXCESO DE VELOCIDAD,18.0,0,2025.0,2.0,5.0,1,3,0,0,0.0,0.0,0.0,0.0,0,0,44.0,5.656854249492381,0,0,2,0.0,0.0,1
A-2025-03-13-A,2025-02-22,23:30,ATROPELLO FUGA,1,0,0,CUSCO,QUISPICANCHI,LUCRE,RURAL,CARRETERA,NACIONAL,PE-3S,-13.608327,-71.747919,DESPEJADO,RURAL,TRAMO RECTO,PLANA ,ASFALTADA,NO,,,SI,EN PROCESO DE INVESTIGACIÓN,NO CUENTA CON CAUSA ESPECIFICA,23.0,0,2025.0,2.0,5.0,1,3,0,1,0.0,0.0,0.0,0.0,0,1,28.0,0.0,0,0,2,0.0,0.0,1
A-2025-02-100,2025-02-23,02:40,ATROPELLO,1,0,0,LIMA,LIMA,SAN JUAN DE MIRAFLORES,URBANA,CARRETERA,NACIONAL,PE-1S,-12.161960285368345,-76.98191405002699,DESPEJADO,COMERCIAL,TRAMO RECTO,PLANA ,ASFALTADA,,,,,EN PROCESO DE INVESTIGACIÓN,NO CUENTA CON CAUSA ESPECIFICA,2.0,0,2025.0,2.0,6.0,1,0,0,0,0.0,0.0,0.0,0.0,0,0,32.0,0.0,0,1,2,0.0,0.5,1
A-2025-02-115,2025-02-23,03:30,ATROPELLO,1,1,0,PIURA,PIURA,LA UNION,RURAL,CARRETERA,NACIONAL,PE-1NK,-5.382071,-80.739433,DESPEJADO,RURAL,TRAMO RECTO,PLANA ,ASFALTADA,,,,,EN PROCESO DE INVESTIGACIÓN,NO CUENTA CON CAUSA ESPECIFICA,3.0,0,2025.0,2.0,6.0,1,0,0,0,0.0,0.0,0.0,0.0,0,0,29.0,21.166010488516726,0,1,3,0.0,0.333,1
A-2025-02-101,2025-02-24,03:20,CHOQUE,3,0,0,LIMA,LIMA,ANCON,RURAL,CARRETERA,NACIONAL,PE-1N,-11.801137,-77.138089,DESPEJADO,RURAL,TRAMO RECTO,PLANA ,ASFALTADA,,,,,EN PROCESO DE INVESTIGACIÓN,NO CUENTA CON CAUSA ESPECIFICA,3.0,2,2025.0,2.0,0.0,0,0,0,0,0.0,0.0,0.0,0.0,0,0,41.0,7.54983443527075,0,2,4,0.0,0.5,1
A-2025-02-42,2025-02-24,07:05,ATROPELLO FUGA,1,0,0,SAN MARTIN,RIOJA,NUEVA CAJAMARCA,RURAL,CARRETERA,PROVINCIAL,SM-520,-5.922418,-77.300435,SOLEADO,RURAL,TRAMO RECTO,PLANA ,ASFALTADA,,,,,EN PROCESO DE INVESTIGACIÓN,NO CUENTA CON CAUSA ESPECIFICA,7.0,0,2025.0,2.0,0.0,0,1,0,2,0.0,0.0,0.0,0.0,0,0,65.0,0.0,0,0,2,0.0,0.0,0
A-2025-02-53,2025-02-24,07:15,DESPISTE,1,1,1,CUSCO,LA CONVENCION,VILCABAMBA,RURAL,CARRETERA,DEPARTAMENTAL,CU-100,-13.04953848,-72.90048083,NUBLADO,RURAL,SINUOSA,INCLINADA,AFIRMADO,,,,,NEGLIGENCIA DEL CONDUCTOR,OTRO (NEGLIGENCIA DEL CONDUCTOR),7.0,0,2025.0,2.0,0.0,0,1,0,1,0.0,1.0,1.0,2.0,0,0,22.0,13.076696830622021,0,0,3,0.0,0.0,0
A-2025-02-35,2025-02-24,16:00,DESPISTE,1,0,0,AREQUIPA,AREQUIPA,CAYMA,URBANA,OTRO,URBANO,NO CORRESPONDE,-16.321459,-71.54468,NUBLADO,RURAL,OTRO,INCLINADA,TROCHA,,,,,EN PROCESO DE INVESTIGACIÓN,NO CUENTA CON CAUSA ESPECIFICA,16.0,0,2025.0,2.0,0.0,0,2,0,0,2.0,1.0,2.0,5.0,0,0,38.0,0.0,0,1,1,0.0,1.0,0
A-2025-02-41,2025-02-25,00:00,DESPISTE,1,0,1,LA LIBERTAD,JULCAN,JULCAN,RURAL,CARRETERA,DEPARTAMENTAL,LI-120,-8.074350010507949,-78.42064613168603,DESPEJADO,RURAL,TRAMO RECTO,PLANA ,TROCHA,,,,,EN PROCESO DE INVESTIGACIÓN,NO CUENTA CON CAUSA ESPECIFICA,0.0,0,2025.0,2.0,1.0,0,0,0,0,0.0,0.0,2.0,2.0,0,0,0.0,0.0,0,0,2,0.0,0.0,1
A-2025-02-102,2025-02-25,05:50,CHOQUE,1,0,0,LIMA,LIMA,SANTIAGO DE SURCO,URBANA,CARRETERA,NACIONAL,PE-1S,-12.117231,-76.977406,DESPEJADO,ESCOLAR,TRAMO RECTO,PLANA ,ASFALTADA,,,,,EN PROCESO DE INVESTIGACIÓN,NO CUENTA CON CAUSA ESPECIFICA,5.0,0,2025.0,2.0,1.0,0,0,0,0,0.0,0.0,0.0,0.0,0,0,46.0,4.242640687119285,0,2,2,0.0,1.0,1