CODIGO_SINIESTRO,FECHA_SINIESTRO,HORA_SINIESTRO,CLASE_SINIESTRO,CANTIDAD_FALLECIDOS,CANTIDAD_LESIONADOS,CANTIDAD_VEHICULOS,DEPARTAMENTO,PROVINCIA,DISTRITO,ZONA,TIPO_VIA,RED_VIAL,COD_CARRETERA,LATITUD,LONGITUD,CONDICION_CLIMATICA,ZONIFICACION,CARACTERISTICAS_VIA,PERFIL_VIA,SUPERFICIE_CALZADA,EXISTE_SENIAL_VERTICAL,CLASIFICACION_SENIAL_VERTICAL_1,CLASIFICACION_SENIAL_VERTICAL_2,EXISTE_SENIAL_HORIZONTAL,CAUSA_FACTOR_PRINCIPAL,CAUSA_ESPECIFICA,HORA,severidad,ANIO,MES,DIA_SEMANA,FIN_SEMANA,FRANJA_HORARIA,TEMPORADA,MACROREGION,TIPO_VIA_SCORE,PERFIL_VIA_SCORE,SUPERFICIE_CALZADA_SCORE,RIESGO_INFRAESTRUCTURA,RIESGO_CLIMATICO,SENIALIZACION_DEFICIENTE,EDAD_PROMEDIO,EDAD_STD,TOTAL_ALCOHOL,TOTAL_LICENCIA,TOTAL_PERSONAS,PCT_ALCOHOL,PCT_LICENCIA,ES_NOCHE
A-2025-02-28,2025-02-25,06:00,DESPISTE,1,3,1,LIMA,HUARAL,ATAVILLOS BAJO,RURAL,CARRETERA,PROVINCIAL,LM-638,-11.3754942,-76.7928833,DESPEJADO,RURAL,SINUOSA,INCLINADA,TROCHA,,,,,EN PROCESO DE INVESTIGACIÓN,NO CUENTA CON CAUSA ESPECIFICA,6.0,0,2025.0,2.0,1.0,0,1,0,0,0.0,1.0,2.0,3.0,0,0,43.5,25.826343140289914,0,1,4,0.0,0.25,0
A-2025-02-39,2025-02-25,06:00,CHOQUE,1,0,2,LA LIBERTAD,TRUJILLO,HUANCHACO,RURAL,CARRETERA,NACIONAL,PE-1N,-8.055997428,-79.08822196,DESPEJADO,RURAL,TRAMO RECTO,PLANA ,ASFALTADA,,,,,EN PROCESO DE INVESTIGACIÓN,NO CUENTA CON CAUSA ESPECIFICA,6.0,0,2025.0,2.0,1.0,0,1,0,0,0.0,0.0,0.0,0.0,0,0,46.0,11.357816691600547,0,1,3,0.0,0.333,0
A-2025-02-40,2025-02-25,12:00,ATROPELLO FUGA,1,1,0,LA LIBERTAD,TRUJILLO,LA ESPERANZA,URBANA,AVENIDA,URBANO,NO CORRESPONDE,-8.049221759796252,-79.05678000798721,DESPEJADO,RESIDENCIAL,TRAMO RECTO,PLANA ,ASFALTADA,,,,,EN PROCESO DE INVESTIGACIÓN,NO CUENTA CON CAUSA ESPECIFICA,12.0,0,2025.0,2.0,1.0,0,2,0,0,1.0,0.0,0.0,1.0,0,0,77.0,1.4142135623730951,0,0,3,0.0,0.0,0
A-2025-02-31,2025-02-27,06:50,ATROPELLO FUGA,1,0,0,LIMA,HUARAL,HUARAL,RURAL,CARRETERA,NACIONAL,PE-1NB,-11.5090178,-77.2318686,DESPEJADO,RURAL,TRAMO RECTO,PLANA ,ASFALTADA,,,,,EN PROCESO DE INVESTIGACIÓN,NO CUENTA CON CAUSA ESPECIFICA,6.0,0,2025.0,2.0,3.0,0,1,0,0,0.0,0.0,0.0,0.0,0,0,68.0,0.0,0,0,2,0.0,0.0,0
A-2025-02-56,2025-02-27,07:30,DESPISTE,1,0,1,ANCASH,BOLOGNESI,HUALLANCA,RURAL,CARRETERA,PROVINCIAL,AN-1263,-9.912037279293,-76.95093504689598,NUBLADO,RURAL,PUENTE,PLANA ,TROCHA,,,,,IMPERICIA DEL CONDUCTOR,,7.0,0,2025.0,2.0,3.0,0,1,0,0,0.0,0.0,2.0,2.0,0,0,53.5,6.363961030678928,0,0,2,0.0,0.0,0
A-2025-02-47,2025-02-27,18:40,CHOQUE,2,0,0,AREQUIPA,CAMANA,SAMUEL PASTOR,URBANA,CARRETERA,NACIONAL,PE-1S,-16.655917,-72.650658,DESPEJADO,COMERCIAL,TRAMO RECTO,PLANA ,ASFALTADA,SI,PREVENTIVA (P),PREVENTIVA (P),SI,EN PROCESO DE INVESTIGACIÓN,NO CUENTA CON CAUSA ESPECIFICA,18.0,1,2025.0,2.0,3.0,0,3,0,0,0.0,0.0,0.0,0.0,0,0,39.891304347826086,21.450955182948597,0,2,46,0.0,0.043,1
A-2025-02-44,2025-02-27,20:15,CHOQUE,6,6,3,LIMA,HUARAL,CHANCAY,RURAL,CARRETERA,NACIONAL,PE-1N,-11.6024709,-77.2457919,DESPEJADO,RURAL,TRAMO RECTO,PLANA ,ASFALTADA,SI,REGULADORA (R),REGULADORA (R),NO,EN PROCESO DE INVESTIGACIÓN,NO CUENTA CON CAUSA ESPECIFICA,20.0,2,2025.0,2.0,3.0,0,3,0,0,0.0,0.0,0.0,0.0,0,1,42.5,22.50042734636902,0,3,14,0.0,0.214,1
A-2025-02-46,2025-02-28,03:30,DESPISTE,1,0,0,AREQUIPA,ISLAY,PUNTA DE BOMBON,URBANA,AVENIDA,URBANO,NO CORRESPONDE,-17.161947,-71.795501,DESPEJADO,RESIDENCIAL,CURVA,INCLINADA,ASFALTADA,SI,REGULADORA (R),PREVENTIVA (P),SI,EN PROCESO DE INVESTIGACIÓN,NO CUENTA CON CAUSA ESPECIFICA,3.0,0,2025.0,2.0,4.0,0,0,0,0,1.0,1.0,0.0,2.0,0,0,31.0,0.0,0,0,1,0.0,0.0,1
A-2025-02-43,2025-02-28,08:00,ATROPELLO,1,0,1,SAN MARTIN,RIOJA,ELIAS SOPLIN VARGAS,URBANA,CARRETERA,NACIONAL,PE-5N,-5.98654,-77.284783,DESPEJADO,RESIDENCIAL,INTERSECCIÓN,PLANA ,ASFALTADA,,,,,EN PROCESO DE INVESTIGACIÓN,NO CUENTA CON CAUSA ESPECIFICA,8.0,0,2025.0,2.0,4.0,0,1,0,2,0.0,0.0,0.0,0.0,0,0,53.0,38.18376618407357,0,0,2,0.0,0.0,0
A-2025-02-48,2025-02-28,16:30,DESPISTE,1,4,1,LIMA,HUARAL,AUCALLAMA,RURAL,CARRETERA,NACIONAL,PE-1N,-11.6098876,-77.2005398,DESPEJADO,RURAL,TRAMO RECTO,INCLINADA,ASFALTADA,SI,REGULADORA (R),,NO,EN PROCESO DE INVESTIGACIÓN,NO CUENTA CON CAUSA ESPECIFICA,16.0,0,2025.0,2.0,4.0,0,2,0,0,0.0,1.0,0.0,1.0,0,1,44.8,14.463747785411636,0,1,5,0.0,0.2,0
A-2025-02-51,2025-02-28,16:50,DESPISTE,1,0,1,HUANCAVELICA,ACOBAMBA,POMACOCHA,RURAL,CARRETERA,SIN CLASIFICAR,SIN CLASIFICAR,-12.824457,-74.53272,DESPEJADO,RURAL,TRAMO RECTO,PLANA ,TROCHA,,,,,EN PROCESO DE INVESTIGACIÓN,NO CUENTA CON CAUSA ESPECIFICA,16.0,0,2025.0,2.0,4.0,0,2,0,1,0.0,0.0,2.0,2.0,0,0,72.0,0.0,0,0,1,0.0,0.0,0
A-2025-02-108,2025-02-28,22:00,ATROPELLO FUGA,1,0,0,LIMA,LIMA,EL AGUSTINO,URBANA,AVENIDA,URBANO,NO CORRESPONDE,-12.03002832402608,-76.99372108679391,DESPEJADO,INDUSTRIAL,TRAMO RECTO,PLANA ,ASFALTADA,,,,,EN PROCESO DE INVESTIGACIÓN,NO CUENTA CON CAUSA ESPECIFICA,22.0,0,2025.0,2.0,4.0,0,3,0,0,1.0,0.0,0.0,1.0,0,0,38.0,0.0,0,0,2,0.0,0.0,1
A-2025-03-70,2025-03-01,01:50,ATROPELLO,1,1,0,LIMA,LIMA,PUENTE PIEDRA,URBANA,CARRETERA,NACIONAL,PE-1N,-11.856644,-77.084768,DESPEJADO,COMERCIAL,TRAMO RECTO,PLANA ,ASFALTADA,,,,,EN PROCESO DE INVESTIGACIÓN,NO CUENTA CON CAUSA ESPECIFICA,1.0,0,2025.0,3.0,5.0,1,0,1,0,0.0,0.0,0.0,0.0,0,0,34.5,7.7781745930520225,0,1,2,0.0,0.5,1
A-2025-03-71,2025-03-01,03:30,ATROPELLO FUGA,1,0,0,LIMA,LIMA,SAN JUAN DE MIRAFLORES,URBANA,CARRETERA,NACIONAL,PE-1S,-12.169188167936444,-76.97961285336164,DESPEJADO,COMERCIAL,TRAMO RECTO,PLANA ,ASFALTADA,,,,,EN PROCESO DE INVESTIGACIÓN,NO CUENTA CON CAUSA ESPECIFICA,3.0,0,2025.0,3.0,5.0,1,0,1,0,0.0,0.0,0.0,0.0,0,0,0.0,0.0,0,0,2,0.0,0.0,1
A-2025-03-1,2025-03-01,06:00,DESPISTE,1,1,0,AREQUIPA,ISLAY,MOLLENDO,RURAL,CARRETERA,NACIONAL,PE-34,-16.893335,-72.036419,DESPEJADO,RURAL,CURVA,INCLINADA,ASFALTADA,SI,REGULADORA (R),,SI,EN PROCESO DE INVESTIGACIÓN,NO CUENTA CON CAUSA ESPECIFICA,6.0,0,2025.0,3.0,5.0,1,1,1,0,0.0,1.0,0.0,1.0,0,0,62.0,12.727922061357855,0,0,2,0.0,0.0,0
A-2025-03-55,2025-03-01,09:20,CHOQUE,1,0,3,CAJAMARCA,CUTERVO,CUTERVO,URBANA,CARRETERA,NACIONAL,PE-3N,-6.377396,-78.811572,DESPEJADO,COMERCIAL,TRAMO RECTO,INCLINADA,CONCRETO,,,,,IMPRUDENCIA DEL CONDUCTOR,OTRO (IMPRUDENCIA DEL CONDUCTOR),9.0,0,2025.0,3.0,5.0,1,1,1,1,0.0,1.0,0.0,1.0,0,0,44.0,11.313708498984761,0,1,3,0.0,0.333,0
A-2025-03-2,2025-03-01,17:20,DESPISTE,1,0,0,AREQUIPA,ISLAY,COCACHACRA,RURAL,CARRETERA,NACIONAL,PE-1S,-17.0013843,-71.71428599,DESPEJADO,RURAL,CURVA,PLANA ,ASFALTADA,SI,PREVENTIVA (P),PREVENTIVA (P),SI,EN PROCESO DE INVESTIGACIÓN,NO CUENTA CON CAUSA ESPECIFICA,17.0,0,2025.0,3.0,5.0,1,2,1,0,0.0,0.0,0.0,0.0,0,0,56.0,0.0,0,1,1,0.0,1.0,0
A-2025-03-68,2025-03-01,19:45,CHOQUE,1,0,2,CUSCO,LA CONVENCION,PICHARI,RURAL,CARRETERA,PROVINCIAL,CU-528,-12.513098,-73.846375,DESPEJADO,RURAL,CURVA,INCLINADA,AFIRMADO,,,,,IMPRUDENCIA DEL CONDUCTOR,CONDUCIR EN ESTADO DE EBRIEDAD Y/O DROGADICCIÓN,19.0,0,2025.0,3.0,5.0,1,3,1,1,0.0,1.0,1.0,2.0,0,0,26.0,4.242640687119285,1,0,2,0.5,0.0,1
A-2025-03-86,2025-03-01,21:30,ATROPELLO,1,0,0,LIMA,LIMA,PUEBLO LIBRE,URBANA,AVENIDA,URBANO,NO CORRESPONDE,-12.07940751311462,-77.06570588895616,DESPEJADO,COMERCIAL,TRAMO RECTO,PLANA ,ASFALTADA,,,,,EN PROCESO DE INVESTIGACIÓN,NO CUENTA CON CAUSA ESPECIFICA,21.0,0,2025.0,3.0,5.0,1,3,1,0,1.0,0.0,0.0,1.0,0,0,68.0,32.526911934581186,0,0,2,0.0,0.0,1
A-2025-03-62,2025-03-02,05:50,ATROPELLO FUGA,1,0,1,CAJAMARCA,SAN IGNACIO,SAN IGNACIO,RURAL,CARRETERA,NACIONAL,PE-5N,-5.1350091,-78.992492,DESPEJADO,RURAL,TRAMO RECTO,INCLINADA,ASFALTADA,,,,,EN PROCESO DE INVESTIGACIÓN,NO CUENTA CON CAUSA ESPECIFICA,5.0,0,2025.0,3.0,6.0,1,0,1,1,0.0,1.0,0.0,1.0,0,0,17.0,0.0,0,0,2,0.0,0.0,1
A-2025-03-3,2025-03-02,09:30,ATROPELLO FUGA,1,0,0,AREQUIPA,AREQUIPA,VITOR,URBANA,CARRETERA,NACIONAL,PE-1S,-16.465468,-71.934318,DESPEJADO,COMERCIAL,TRAMO RECTO,PLANA ,ASFALTADA,NO,,,SI,EN PROCESO DE INVESTIGACIÓN,NO CUENTA CON CAUSA ESPECIFICA,9.0,0,2025.0,3.0,6.0,1,1,1,0,0.0,0.0,0.0,0.0,0,1,53.0,0.0,0,0,2,0.0,0.0,0
A-2025-03-72,2025-03-02,12:00,CHOQUE,2,3,0,LIMA,LIMA,PUNTA NEGRA,RURAL,CARRETERA,NACIONAL,PE-1S,-12.371581,-76.784265,DESPEJADO,INDUSTRIAL,TRAMO RECTO,PLANA ,ASFALTADA,,,,,EN PROCESO DE INVESTIGACIÓN,NO CUENTA CON CAUSA ESPECIFICA,12.0,1,2025.0,3.0,6.0,1,2,1,0,0.0,0.0,0.0,0.0,0,0,46.6,13.390294993016399,0,2,5,0.0,0.4,0
A-2025-03-4,2025-03-02,22:20,DESPISTE,1,0,0,AREQUIPA,AREQUIPA,SOCABAYA,URBANA,CARRETERA,DEPARTAMENTAL,AR-117,-16.47925,-71.52575,DESPEJADO,RESIDENCIAL,CURVA,PLANA ,ASFALTADA,,,,,EN PROCESO DE INVESTIGACIÓN,NO CUENTA CON CAUSA ESPECIFICA,22.0,0,2025.0,3.0,6.0,1,3,1,0,0.0,0.0,0.0,0.0,0,0,32.0,0.0,0,0,1,0.0,0.0,1
A-2025-03-54,2025-03-03,14:30,CHOQUE,1,8,2,HUANCAVELICA,HUAYTARA,PILPICHACA,RURAL,CARRETERA,NACIONAL,PE-28A,-13.412535,-74.923013,LLUVIOSO,RURAL,CURVA,INCLINADA,ASFALTADA,,,,,IMPRUDENCIA DEL CONDUCTOR,EXCESO DE VELOCIDAD,14.0,0,2025.0,3.0,0.0,0,2,1,1,0.0,1.0,0.0,1.0,1,0,45.27272727272727,18.325342611208715,0,2,11,0.0,0.182,0
A-2025-03-48,2025-03-03,19:16,ATROPELLO,1,0,0,APURIMAC,ANDAHUAYLAS,PAMPACHIRI,URBANA,CARRETERA,NACIONAL,PE-30B,-14.185717994630814,-73.54518146115718,DESPEJADO,COMERCIAL,TRAMO RECTO,PLANA ,ASFALTADA,SI,PREVENTIVA (P),,NO,IMPRUDENCIA DEL PEATÓN,ESTADO DE EBRIEDAD Y/O DROGADICCIÓN,19.0,0,2025.0,3.0,0.0,0,3,1,1,0.0,0.0,0.0,0.0,0,1,50.5,36.062445840513924,0,0,2,0.0,0.0,1
A-2025-03-11,2025-03-03,22:20,CHOQUE FUGA,1,4,1,SAN MARTIN,RIOJA,RIOJA,RURAL,CARRETERA,NACIONAL,PE-5N,-6.036711,-77.196456,DESPEJADO,RURAL,TRAMO RECTO,PLANA ,ASFALTADA,,,,,EN PROCESO DE INVESTIGACIÓN,NO CUENTA CON CAUSA ESPECIFICA,22.0,0,2025.0,3.0,0.0,0,3,1,2,0.0,0.0,0.0,0.0,0,0,14.666666666666666,12.863384728238003,0,0,7,0.0,0.0,1
A-2025-03-56,2025-03-04,10:35,ATROPELLO,1,0,1,CAJAMARCA,JAEN,SAN FELIPE,URBANA,CARRETERA,NACIONAL,PE-3N,-5.800541452,-79.37421891,DESPEJADO,COMERCIAL,TRAMO RECTO,INCLINADA,ASFALTADA,,,,,NEGLIGENCIA DEL CONDUCTOR,OTRO (NEGLIGENCIA DEL CONDUCTOR),10.0,0,2025.0,3.0,1.0,0,1,1,1,0.0,1.0,0.0,1.0,0,0,51.5,24.748737341529164,0,1,2,0.0,0.5,0
A-2025-03-6,2025-03-04,13:15,CHOQUE,1,23,0,AREQUIPA,CAYLLOMA,SAN ANTONIO DE CHUCA,RURAL,CARRETERA,NACIONAL,PE-34E,-15.900136,-71.373568,LLUVIOSO,RURAL,CURVA,PLANA ,ASFALTADA,SI,PREVENTIVA (P),PREVENTIVA (P),SI,EN PROCESO DE INVESTIGACIÓN,NO CUENTA CON CAUSA ESPECIFICA,13.0,0,2025.0,3.0,1.0,0,2,1,0,0.0,0.0,0.0,0.0,1,0,29.115384615384617,18.552254683626835,0,2,26,0.0,0.077,0
A-2025-03-67,2025-03-04,22:00,DESPISTE,1,1,1,CAJAMARCA,CELENDIN,SUCRE,RURAL,CARRETERA,PROVINCIAL,CA-1541,-6.953219,-78.156725,DESPEJADO,RURAL,CURVA,INCLINADA,AFIRMADO,,,,,EN PROCESO DE INVESTIGACIÓN,NO CUENTA CON CAUSA ESPECIFICA,22.0,0,2025.0,3.0,1.0,0,3,1,1,0.0,1.0,1.0,2.0,0,0,60.0,1.4142135623730951,0,1,2,0.0,0.5,1
A-2025-03-103,2025-03-05,12:20,CHOQUE FUGA,1,0,0,PIURA,PIURA,VEINTISEIS DE OCTUBRE,URBANA,AVENIDA,URBANO,NO CORRESPONDE,-5.183269,-80.666291,,,,,,,,,,EN PROCESO DE INVESTIGACIÓN,NO CUENTA CON CAUSA ESPECIFICA,12.0,0,2025.0,3.0,2.0,0,2,1,0,1.0,1.0,1.0,3.0,0,0,44.5,0.7071067811865476,0,0,2,0.0,0.0,0
A-2025-03-104,2025-03-05,14:00,ATROPELLO,1,0,1,PIURA,MORROPON,MORROPON,RURAL,CARRETERA,NACIONAL,PE-02C,-5.210241373981011,-80.01617688761642,DESPEJADO,RURAL,TRAMO RECTO,PLANA ,ASFALTADA,SI,REGULADORA (R),,NO,EN PROCESO DE INVESTIGACIÓN,NO CUENTA CON CAUSA ESPECIFICA,14.0,0,2025.0,3.0,2.0,0,2,1,0,0.0,0.0,0.0,0.0,0,1,41.0,1.4142135623730951,0,0,2,0.0,0.0,0
A-2025-03-57,2025-03-05,15:18,CHOQUE,1,1,2,CAJAMARCA,SAN MARCOS,ICHOCAN,RURAL,CARRETERA,NACIONAL,PE-3N,-7.374746459,-78.12852608,DESPEJADO,RURAL,TRAMO RECTO,PLANA ,ASFALTADA,,,,,EN PROCESO DE INVESTIGACIÓN,NO CUENTA CON CAUSA ESPECIFICA,15.0,0,2025.0,3.0,2.0,0,2,1,1,0.0,0.0,0.0,0.0,0,0,25.666666666666668,15.947831618540915,0,1,3,0.0,0.333,0
A-2025-03-73,2025-03-05,16:10,CHOQUE FUGA,1,1,0,LIMA,LIMA,SAN JUAN DE MIRAFLORES,URBANA,AVENIDA,URBANO,NO CORRESPONDE,-12.169034361371407,-76.97770901878035,DESPEJADO,COMERCIAL,TRAMO RECTO,PLANA ,ASFALTADA,SI,PREVENTIVA (P),PREVENTIVA (P),NO,EN PROCESO DE INVESTIGACIÓN,NO CUENTA CON CAUSA ESPECIFICA,16.0,0,2025.0,3.0,2.0,0,2,1,0,1.0,0.0,0.0,1.0,0,1,27.0,4.242640687119285,0,1,3,0.0,0.333,0
A-2025-03-69,2025-03-06,03:00,DESPISTE,2,0,1,AYACUCHO,HUAMANGA,VINCHOS,RURAL,CARRETERA,PROVINCIAL,AY-810,-13.229054,-74.389388,LLUVIOSO,RURAL,SINUOSA,PLANA ,ASFALTADA,,,,,IMPRUDENCIA DEL CONDUCTOR,EXCESO DE VELOCIDAD,3.0,1,2025.0,3.0,3.0,0,0,1,1,0.0,0.0,0.0,0.0,1,0,25.0,8.48528137423857,0,1,2,0.0,0.5,1
A-2025-03-5,2025-03-06,11:50,ATROPELLO,1,0,0,AREQUIPA,AREQUIPA,CERRO COLORADO,URBANA,OTRO,URBANO,NO CORRESPONDE,-16.378353,-71.576373,NUBLADO,COMERCIAL,TRAMO RECTO,PLANA ,AFIRMADO,,,,,EN PROCESO DE INVESTIGACIÓN,NO CUENTA CON CAUSA ESPECIFICA,11.0,0,2025.0,3.0,3.0,0,1,1,0,2.0,0.0,1.0,3.0,0,0,49.0,1.4142135623730951,0,1,2,0.0,0.5,0
A-2025-03-75,2025-03-06,17:30,CHOQUE,2,9,0,LIMA,LIMA,CARABAYLLO,RURAL,CARRETERA,NACIONAL,PE-20A,-11.779259,-76.983315,DESPEJADO,RURAL,TRAMO RECTO,PLANA ,ASFALTADA,,,,,EN PROCESO DE INVESTIGACIÓN,NO CUENTA CON CAUSA ESPECIFICA,17.0,1,2025.0,3.0,3.0,0,2,1,0,0.0,0.0,0.0,0.0,0,0,29.75,20.841937617130604,0,2,12,0.0,0.167,0
A-2025-03-74,2025-03-06,20:00,ATROPELLO FUGA,1,0,0,LIMA,LIMA,VILLA EL SALVADOR,URBANA,CARRETERA,NACIONAL,PE-1S,-12.1970602783019,-76.97311710868374,DESPEJADO,COMERCIAL,TRAMO RECTO,PLANA ,ASFALTADA,SI,REGULADORA (R),,NO,EN PROCESO DE INVESTIGACIÓN,NO CUENTA CON CAUSA ESPECIFICA,20.0,0,2025.0,3.0,3.0,0,3,1,0,0.0,0.0,0.0,0.0,0,1,0.0,0.0,0,0,2,0.0,0.0,1
A-2025-03-17,2025-03-07,00:30,DESPISTE,1,0,1,CUSCO,CANCHIS,SICUANI,RURAL,CARRETERA,NACIONAL,PE-3S,-14.299662,-71.213943,LLUVIOSO,RURAL,TRAMO RECTO,PLANA ,ASFALTADA,,,,,IMPRUDENCIA DEL CONDUCTOR,OTRO (IMPRUDENCIA DEL CONDUCTOR),0.0,0,2025.0,3.0,4.0,0,0,1,1,0.0,0.0,0.0,0.0,1,0,24.0,0.0,0,0,1,0.0,0.0,1
A-2025-03-88,2025-03-07,00:30,VOLCADURA,1,0,0,LIMA,LIMA,RIMAC,URBANA,CARRETERA,NACIONAL,PE-1N,-12.043168,-77.026659,DESPEJADO,COMERCIAL,TRAMO RECTO,PLANA ,ASFALTADA,,,,,EN PROCESO DE INVESTIGACIÓN,NO CUENTA CON CAUSA ESPECIFICA,0.0,0,2025.0,3.0,4.0,0,0,1,0,0.0,0.0,0.0,0.0,0,0,43.5,21.920310216782973,0,1,2,0.0,0.5,1
A-2025-03-76,2025-03-07,08:00,CHOQUE,1,0,0,LIMA,LIMA,MIRAFLORES,URBANA,CALLE,URBANO,NO CORRESPONDE,-12.124985805096898,-77.03606751330736,DESPEJADO,RESIDENCIAL,TRAMO RECTO,PLANA ,ASFALTADA,,,,,EN PROCESO DE INVESTIGACIÓN,NO CUENTA CON CAUSA ESPECIFICA,8.0,0,2025.0,3.0,4.0,0,1,1,0,2.0,0.0,0.0,2.0,0,0,44.0,0.0,0,1,2,0.0,0.5,0
A-2025-03-77,2025-03-07,09:00,VOLCADURA,1,0,0,LIMA,LIMA,VILLA EL SALVADOR,URBANA,CARRETERA,NACIONAL,PE-1S,-12.235851,-76.956506,DESPEJADO,INDUSTRIAL,TRAMO RECTO,PLANA ,ASFALTADA,,,,,EN PROCESO DE INVESTIGACIÓN,NO CUENTA CON CAUSA ESPECIFICA,9.0,0,2025.0,3.0,4.0,0,1,1,0,0.0,0.0,0.0,0.0,0,0,20.0,0.0,0,0,1,0.0,0.0,0
A-2025-03-79,2025-03-07,21:30,ATROPELLO,1,0,0,LIMA,LIMA,SAN BORJA,URBANA,CARRETERA,NACIONAL,PE-1S,-12.109182,-76.978338,DESPEJADO,COMERCIAL,TRAMO RECTO,PLANA ,ASFALTADA,,,,,EN PROCESO DE INVESTIGACIÓN,NO CUENTA CON CAUSA ESPECIFICA,21.0,0,2025.0,3.0,4.0,0,3,1,0,0.0,0.0,0.0,0.0,0,0,42.0,0.0,0,1,2,0.0,0.5,1
A-2025-03-78,2025-03-08,06:40,ATROPELLO,1,0,0,LIMA,LIMA,LOS OLIVOS,URBANA,AVENIDA,URBANO,NO CORRESPONDE,-11.971033732415924,-77.07585871391758,DESPEJADO,COMERCIAL,TRAMO RECTO,PLANA ,ASFALTADA,,,,,EN PROCESO DE INVESTIGACIÓN,NO CUENTA CON CAUSA ESPECIFICA,6.0,0,2025.0,3.0,5.0,1,1,1,0,1.0,0.0,0.0,1.0,0,0,35.0,0.0,0,1,2,0.0,0.5,0
A-2025-03-7,2025-03-08,16:00,DESPISTE,1,0,1,LIMA,HUARAL,AUCALLAMA,RURAL,CARRETERA,PROVINCIAL,LI-680,-11.53009426,-77.17182959,DESPEJADO,RURAL,TRAMO RECTO,PLANA ,CONCRETO,,,,,EN PROCESO DE INVESTIGACIÓN,NO CUENTA CON CAUSA ESPECIFICA,16.0,0,2025.0,3.0,5.0,1,2,1,0,0.0,0.0,0.0,0.0,0,0,31.0,0.0,0,0,1,0.0,0.0,0
A-2025-03-16,2025-03-08,19:10,CHOQUE,1,0,2,CUSCO,ANTA,ZURITE,RURAL,CARRETERA,NACIONAL,PE-3S,-13.483822,-72.257571,LLUVIOSO,RURAL,TRAMO RECTO,PLANA ,ASFALTADA,NO,,,SI,IMPRUDENCIA DEL CONDUCTOR,EXCESO DE VELOCIDAD,19.0,0,2025.0,3.0,5.0,1,3,1,1,0.0,0.0,0.0,0.0,1,1,30.0,1.4142135623730951,0,2,2,0.0,1.0,1
A-2025-03-80,2025-03-08,22:30,CHOQUE,1,0,0,LIMA,LIMA,SANTA ANITA,URBANA,CARRETERA,NACIONAL,PE-1N,-12.057073798746671,-76.97383451894015,DESPEJADO,COMERCIAL,TRAMO RECTO,PLANA ,ASFALTADA,,,,,EN PROCESO DE INVESTIGACIÓN,NO CUENTA CON CAUSA ESPECIFICA,22.0,0,2025.0,3.0,5.0,1,3,1,0,0.0,0.0,0.0,0.0,0,0,37.5,23.33452377915607,0,1,2,0.0,0.5,1
A-2025-03-40,2025-03-08,22:50,CHOQUE,1,1,0,LIMA,LIMA,LOS OLIVOS,URBANA,AVENIDA,URBANO,NO CORRESPONDE,-11.991897100312825,-77.07490069233033,DESPEJADO,COMERCIAL,TRAMO RECTO,PLANA ,ASFALTADA,,,,,EN PROCESO DE INVESTIGACIÓN,NO CUENTA CON CAUSA ESPECIFICA,22.0,0,2025.0,3.0,5.0,1,3,1,0,1.0,0.0,0.0,1.0,0,0,23.5,0.7071067811865476,0,1,3,0.0,0.333,1
A-2025-03-58,2025-03-09,00:20,DESPISTE,1,1,1,CAJAMARCA,CHOTA,LAJAS,RURAL,CARRETERA,NACIONAL,PE-3N,-6.551038,-78.766424,DESPEJADO,RURAL,TRAMO RECTO,PLANA ,ASFALTADA,,,,,IMPRUDENCIA DEL CONDUCTOR,EXCESO DE VELOCIDAD,0.0,0,2025.0,3.0,6.0,1,0,1,1,0.0,0.0,0.0,0.0,0,0,45.666666666666664,20.744477176668813,0,1,3,0.0,0.333,1
A-2025-03-25,2025-03-09,04:30,CHOQUE,1,1,2,TUMBES,CONTRALMIRANTE VILLAR,ZORRITOS,URBANA,CARRETERA,NACIONAL,PE-1N,-3.687558638944569,-80.6922304138195,DESPEJADO,RESIDENCIAL,CURVA,INCLINADA,ASFALTADA,,,,,IMPRUDENCIA DEL CONDUCTOR,INVASIÓN DE CARRIL,4.0,0,2025.0,3.0,6.0,1,0,1,0,0.0,1.0,0.0,1.0,0,0,32.5,17.67766952966369,0,1,2,0.0,0.5,1
A-2025-03-20,2025-03-09,05:40,ATROPELLO FUGA,1,0,0,SAN MARTIN,RIOJA,NUEVA CAJAMARCA,RURAL,CARRETERA,NACIONAL,PE-5N,-5.823932,-77.375791,DESPEJADO,RURAL,TRAMO RECTO,PLANA ,ASFALTADA,,,,,EN PROCESO DE INVESTIGACIÓN,NO CUENTA CON CAUSA ESPECIFICA,5.0,0,2025.0,3.0,6.0,1,0,1,2,0.0,0.0,0.0,0.0,0,0,0.0,0.0,0,0,2,0.0,0.0,1
A-2025-03-8,2025-03-10,11:30,DESPISTE,1,1,0,AREQUIPA,CAYLLOMA,LLUTA,RURAL,CARRETERA,SIN CLASIFICAR,SIN CLASIFICAR,-16.053973,-72.24098,DESPEJADO,RURAL,TRAMO RECTO,INCLINADA,TROCHA,,,,,EN PROCESO DE INVESTIGACIÓN,NO CUENTA CON CAUSA ESPECIFICA,11.0,0,2025.0,3.0,0.0,0,1,1,0,0.0,1.0,2.0,3.0,0,0,39.5,14.849242404917497,0,0,2,0.0,0.0,0
A-2025-03-81,2025-03-11,01:00,ATROPELLO,1,0,0,LIMA,LIMA,SANTIAGO DE SURCO,URBANA,CARRETERA,NACIONAL,PE-1S,-12.095704,-76.980187,DESPEJADO,COMERCIAL,TRAMO RECTO,PLANA ,ASFALTADA,,,,,EN PROCESO DE INVESTIGACIÓN,NO CUENTA CON CAUSA ESPECIFICA,1.0,0,2025.0,3.0,1.0,0,0,1,0,0.0,0.0,0.0,0.0,0,0,59.5,3.5355339059327378,0,1,2,0.0,0.5,1