CODIGO_SINIESTRO,FECHA_SINIESTRO,HORA_SINIESTRO,CLASE_SINIESTRO,CANTIDAD_FALLECIDOS,CANTIDAD_LESIONADOS,CANTIDAD_VEHICULOS,DEPARTAMENTO,PROVINCIA,DISTRITO,ZONA,TIPO_VIA,RED_VIAL,COD_CARRETERA,LATITUD,LONGITUD,CONDICION_CLIMATICA,ZONIFICACION,CARACTERISTICAS_VIA,PERFIL_VIA,SUPERFICIE_CALZADA,EXISTE_SENIAL_VERTICAL,CLASIFICACION_SENIAL_VERTICAL_1,CLASIFICACION_SENIAL_VERTICAL_2,EXISTE_SENIAL_HORIZONTAL,CAUSA_FACTOR_PRINCIPAL,CAUSA_ESPECIFICA,HORA,severidad,ANIO,MES,DIA_SEMANA,FIN_SEMANA,FRANJA_HORARIA,TEMPORADA,MACROREGION,TIPO_VIA_SCORE,PERFIL_VIA_SCORE,SUPERFICIE_CALZADA_SCORE,RIESGO_INFRAESTRUCTURA,RIESGO_CLIMATICO,SENIALIZACION_DEFICIENTE,EDAD_PROMEDIO,EDAD_STD,TOTAL_ALCOHOL,TOTAL_LICENCIA,TOTAL_PERSONAS,PCT_ALCOHOL,PCT_LICENCIA,ES_NOCHE
A-2025-03-9,2025-03-11,02:00,DESPISTE,3,1,0,AREQUIPA,AREQUIPA,YURA,RURAL,CARRETERA,NACIONAL,PE-34A,-16.137896,-71.636749,DESPEJADO,RURAL,TRAMO RECTO,PLANA ,ASFALTADA,SI,REGULADORA (R),PREVENTIVA (P),SI,EN PROCESO DE INVESTIGACIÓN,NO CUENTA CON CAUSA ESPECIFICA,2.0,2,2025.0,3.0,1.0,0,0,1,0,0.0,0.0,0.0,0.0,0,0,33.25,10.874281585465774,0,1,4,0.0,0.25,1
A-2025-03-10,2025-03-11,13:30,CHOQUE,1,1,0,AREQUIPA,AREQUIPA,CERRO COLORADO,URBANA,CARRETERA,PROVINCIAL,AR-747,-16.360254,-71.562391,DESPEJADO,COMERCIAL,CURVA,PLANA ,ASFALTADA,SI,PREVENTIVA (P),,SI,EN PROCESO DE INVESTIGACIÓN,NO CUENTA CON CAUSA ESPECIFICA,13.0,0,2025.0,3.0,1.0,0,2,1,0,0.0,0.0,0.0,0.0,0,0,42.333333333333336,17.616280348965084,0,2,3,0.0,0.667,0
A-2025-03-12,2025-03-11,13:30,DESPISTE,1,4,1,HUANCAVELICA,CHURCAMPA,ANCO,RURAL,CARRETERA,NACIONAL,PE-3SD,-12.587590070770132,-74.53707680692503,DESPEJADO,RURAL,TRAMO RECTO,PLANA ,ASFALTADA,,,,,EN PROCESO DE INVESTIGACIÓN,NO CUENTA CON CAUSA ESPECIFICA,13.0,0,2025.0,3.0,1.0,0,2,1,1,0.0,0.0,0.0,0.0,0,0,32.0,26.578186544608343,0,1,6,0.0,0.167,0
A-2025-03-14,2025-03-12,01:00,DESPISTE,1,0,1,CUSCO,ANTA,ANTA,RURAL,CARRETERA,DEPARTAMENTAL,CU-111,-13.40602047,-72.14267504,DESPEJADO,RURAL,SINUOSA,INCLINADA,TROCHA,,,,,IMPRUDENCIA DEL CONDUCTOR,CONDUCIR EN ESTADO DE EBRIEDAD Y/O DROGADICCIÓN,1.0,0,2025.0,3.0,2.0,0,0,1,1,0.0,1.0,2.0,3.0,0,0,29.0,0.0,0,0,1,0.0,0.0,1
A-2025-03-82,2025-03-12,17:00,ATROPELLO,1,0,0,LIMA,LIMA,EL AGUSTINO,URBANA,AVENIDA,URBANO,NO CORRESPONDE,-12.040832278089836,-76.99993175157562,DESPEJADO,COMERCIAL,TRAMO RECTO,PLANA ,ASFALTADA,,,,,EN PROCESO DE INVESTIGACIÓN,NO CUENTA CON CAUSA ESPECIFICA,17.0,0,2025.0,3.0,2.0,0,2,1,0,1.0,0.0,0.0,1.0,0,0,63.0,26.870057685088806,0,1,2,0.0,0.5,0
A-2025-03-59,2025-03-13,09:20,ATROPELLO,1,0,1,CAJAMARCA,CHOTA,CHOTA,URBANA,CARRETERA,NACIONAL,PE-3N,-6.591480139,-78.61881857,DESPEJADO,COMERCIAL,CURVA,INCLINADA,ASFALTADA,,,,,IMPRUDENCIA DEL CONDUCTOR,CONDUCIR EN ESTADO DE EBRIEDAD Y/O DROGADICCIÓN,9.0,0,2025.0,3.0,3.0,0,1,1,1,0.0,1.0,0.0,1.0,0,0,40.0,8.48528137423857,1,0,2,0.5,0.0,0
A-2025-03-41,2025-03-13,10:00,CHOQUE,1,0,0,LIMA,LIMA,SAN MARTIN DE PORRES,URBANA,CARRETERA,NACIONAL,PE-1N,-12.028359849290275,-77.0580586479381,DESPEJADO,COMERCIAL,TRAMO RECTO,INCLINADA,ASFALTADA,,,,,EN PROCESO DE INVESTIGACIÓN,NO CUENTA CON CAUSA ESPECIFICA,10.0,0,2025.0,3.0,3.0,0,1,1,0,0.0,1.0,0.0,1.0,0,0,40.5,6.363961030678928,0,1,2,0.0,0.5,0
A-2025-03-30,2025-03-13,14:30,DESPISTE,1,1,1,TUMBES,ZARUMILLA,ZARUMILLA,RURAL,CARRETERA,NACIONAL,PE-1N,-3.5104858612606664,-80.2920878172581,SOLEADO,RURAL,TRAMO RECTO,PLANA ,ASFALTADA,,,,,IMPRUDENCIA DEL CONDUCTOR,OTRO (IMPRUDENCIA DEL CONDUCTOR),14.0,0,2025.0,3.0,3.0,0,2,1,0,0.0,0.0,0.0,0.0,0,0,49.0,12.727922061357855,0,1,2,0.0,0.5,0
A-2025-03-18,2025-03-14,06:50,DESPISTE,1,0,2,CUSCO,CUSCO,SAN JERONIMO,URBANA,AVENIDA,URBANO,NO CORRESPONDE,-13.55423907,-71.86605377,LLUVIOSO,RURAL,TRAMO RECTO,PLANA ,ASFALTADA,NO,,,SI,IMPRUDENCIA DEL CONDUCTOR,EXCESO DE VELOCIDAD,6.0,0,2025.0,3.0,4.0,0,1,1,1,1.0,0.0,0.0,1.0,1,1,39.0,16.97056274847714,0,2,2,0.0,1.0,0
A-2025-03-52,2025-03-14,14:00,DESPISTE,1,0,1,ANCASH,HUARI,HUANTAR,RURAL,CARRETERA,SIN CLASIFICAR,SIN CLASIFICAR,-9.451296157,-77.15512883,LLUVIOSO,RURAL,PASE A DESNIVEL,INCLINADA,ASFALTADA,,,,,INFRAESTRUCTURA Y ENTORNO VIAL,SUPERFICIE DETERIORADA,14.0,0,2025.0,3.0,4.0,0,2,1,0,0.0,1.0,0.0,1.0,1,0,26.0,0.0,0,1,1,0.0,1.0,0
A-2025-03-60,2025-03-15,18:30,ATROPELLO,1,0,1,CAJAMARCA,CAJAMARCA,CAJAMARCA,RURAL,CARRETERA,NACIONAL,PE-3N,-7.126104,-78.523655,DESPEJADO,RURAL,TRAMO RECTO,INCLINADA,ASFALTADA,,,,,IMPRUDENCIA DEL CONDUCTOR,EXCESO DE VELOCIDAD,18.0,0,2025.0,3.0,5.0,1,3,1,1,0.0,1.0,0.0,1.0,0,0,41.5,27.577164466275352,0,1,2,0.0,0.5,1
A-2025-03-63,2025-03-16,06:50,CHOQUE FUGA,1,0,1,CAJAMARCA,JAEN,BELLAVISTA,RURAL,CARRETERA,NACIONAL,PE-5N,-5.635768,-78.750505,DESPEJADO,RURAL,TRAMO RECTO,INCLINADA,ASFALTADA,,,,,IMPRUDENCIA DEL CONDUCTOR,OTRO (IMPRUDENCIA DEL CONDUCTOR),6.0,0,2025.0,3.0,6.0,1,1,1,1,0.0,1.0,0.0,1.0,0,0,19.0,0.0,0,0,2,0.0,0.0,0
A-2025-03-21,2025-03-17,03:30,ATROPELLO FUGA,1,0,0,CUSCO,CUSCO,SAYLLA,RURAL,CARRETERA,NACIONAL,PE-3S,-13.56224423,-71.84349938,DESPEJADO,RURAL,TRAMO RECTO,PLANA ,ASFALTADA,NO,,,SI,EN PROCESO DE INVESTIGACIÓN,NO CUENTA CON CAUSA ESPECIFICA,3.0,0,2025.0,3.0,0.0,0,0,1,1,0.0,0.0,0.0,0.0,0,1,22.0,0.0,1,0,2,0.5,0.0,1
A-2025-03-84,2025-03-17,09:50,ATROPELLO,1,0,0,LIMA,LIMA,LURIGANCHO,RURAL,CARRETERA,NACIONAL,PE-22,-11.954256,-76.730129,DESPEJADO,RURAL,TRAMO RECTO,PLANA ,ASFALTADA,,,,,EN PROCESO DE INVESTIGACIÓN,NO CUENTA CON CAUSA ESPECIFICA,9.0,0,2025.0,3.0,0.0,0,1,1,0,0.0,0.0,0.0,0.0,0,0,58.5,27.577164466275352,0,1,2,0.0,0.5,0
A-2025-03-85,2025-03-17,20:38,CHOQUE,1,1,0,LIMA,LIMA,SAN JUAN DE LURIGANCHO,URBANA,AVENIDA,URBANO,NO CORRESPONDE,-11.965306238489257,-76.99773721525912,DESPEJADO,COMERCIAL,TRAMO RECTO,PLANA ,ASFALTADA,,,,,EN PROCESO DE INVESTIGACIÓN,NO CUENTA CON CAUSA ESPECIFICA,20.0,0,2025.0,3.0,0.0,0,3,1,0,1.0,0.0,0.0,1.0,0,0,33.0,10.392304845413264,0,2,3,0.0,0.667,1
A-2025-03-83,2025-03-17,23:20,ATROPELLO,1,0,0,LIMA,LIMA,EL AGUSTINO,URBANA,AVENIDA,URBANO,NO CORRESPONDE,-12.034875774066672,-76.99799126421185,DESPEJADO,COMERCIAL,INTERSECCIÓN,PLANA ,ASFALTADA,SI,PREVENTIVA (P),,SI,EN PROCESO DE INVESTIGACIÓN,NO CUENTA CON CAUSA ESPECIFICA,23.0,0,2025.0,3.0,0.0,0,3,1,0,1.0,0.0,0.0,1.0,0,0,60.0,28.284271247461902,0,1,2,0.0,0.5,1
A-2025-03-31,2025-03-18,00:30,CHOQUE,3,0,2,TUMBES,CONTRALMIRANTE VILLAR,ZORRITOS,RURAL,CARRETERA,NACIONAL,PE-1N,-3.652793555951076,-80.61711244865074,DESPEJADO,RURAL,TRAMO RECTO,INCLINADA,ASFALTADA,,,,,IMPRUDENCIA DEL CONDUCTOR,INVASIÓN DE CARRIL,0.0,2,2025.0,3.0,1.0,0,0,1,0,0.0,1.0,0.0,1.0,0,0,28.5,22.693611435820433,0,1,4,0.0,0.25,1
A-2025-03-53,2025-03-19,02:50,DESPISTE,1,0,1,ANCASH,BOLOGNESI,CAJACAY,RURAL,CARRETERA,NACIONAL,PE-16,-10.14828465,-77.37024126,LLUVIOSO,RURAL,CURVA,PLANA ,ASFALTADA,,,,,EN PROCESO DE INVESTIGACIÓN,NO CUENTA CON CAUSA ESPECIFICA,2.0,0,2025.0,3.0,2.0,0,0,1,0,0.0,0.0,0.0,0.0,1,0,43.0,0.0,0,1,1,0.0,1.0,1
A-2025-03-13-B,2025-03-20,02:15,VOLCADURA,4,33,0,AREQUIPA,CAMANA,QUILCA,RURAL,CARRETERA,NACIONAL,PE-1SD,-16.669582,-72.562248,DESPEJADO,RURAL,CURVA,PLANA ,ASFALTADA,SI,REGULADORA (R),PREVENTIVA (P),SI,EN PROCESO DE INVESTIGACIÓN,NO CUENTA CON CAUSA ESPECIFICA,2.0,2,2025.0,3.0,3.0,0,0,1,0,0.0,0.0,0.0,0.0,0,0,43.39473684210526,16.709827944322953,0,1,38,0.0,0.026,1
A-2025-03-23,2025-03-20,05:05,ATROPELLO FUGA,1,0,0,AREQUIPA,AREQUIPA,CERRO COLORADO,URBANA,CARRETERA,DEPARTAMENTAL,AR-123,-16.36028,-71.618907,DESPEJADO,COMERCIAL,TRAMO RECTO,PLANA ,ASFALTADA,SI,REGULADORA (R),PREVENTIVA (P),SI,EN PROCESO DE INVESTIGACIÓN,NO CUENTA CON CAUSA ESPECIFICA,5.0,0,2025.0,3.0,3.0,0,0,1,0,0.0,0.0,0.0,0.0,0,0,39.0,0.0,0,0,2,0.0,0.0,1
A-2025-03-87,2025-03-20,08:50,DESPISTE,1,0,0,LIMA,LIMA,ATE,URBANA,AVENIDA,URBANO,NO CORRESPONDE,-12.035994428703468,-76.93630900247845,DESPEJADO,RESIDENCIAL,TRAMO RECTO,PLANA ,ASFALTADA,,,,,EN PROCESO DE INVESTIGACIÓN,NO CUENTA CON CAUSA ESPECIFICA,8.0,0,2025.0,3.0,3.0,0,1,1,0,1.0,0.0,0.0,1.0,0,0,60.0,0.0,0,0,1,0.0,0.0,0
A-2025-03-15,2025-03-20,17:40,ATROPELLO,1,1,1,LIMA,HUARAL,CHANCAY,URBANA,CARRETERA,NACIONAL,PE-1N,-11.596199,-77.2544769,DESPEJADO,RURAL,CURVA,INCLINADA,ASFALTADA,SI,REGULADORA (R),,NO,EN PROCESO DE INVESTIGACIÓN,NO CUENTA CON CAUSA ESPECIFICA,17.0,0,2025.0,3.0,3.0,0,2,1,0,0.0,1.0,0.0,1.0,0,1,51.333333333333336,4.618802153517006,0,0,3,0.0,0.0,0
A-2025-03-42,2025-03-21,03:30,CHOQUE FUGA,1,0,0,LIMA,LIMA,SAN JUAN DE MIRAFLORES,URBANA,CARRETERA,NACIONAL,PE-1S,-12.16194462976457,-76.98192432664051,DESPEJADO,COMERCIAL,TRAMO RECTO,PLANA ,ASFALTADA,,,,,EN PROCESO DE INVESTIGACIÓN,NO CUENTA CON CAUSA ESPECIFICA,3.0,0,2025.0,3.0,4.0,0,0,1,0,0.0,0.0,0.0,0.0,0,0,0.0,0.0,0,0,2,0.0,0.0,1
A-2025-03-24,2025-03-21,16:50,CHOQUE,1,10,0,AREQUIPA,ISLAY,MOLLENDO,RURAL,CARRETERA,NACIONAL,PE-1SD,-17.0575,-71.95849,DESPEJADO,RESIDENCIAL,TRAMO RECTO,PLANA ,ASFALTADA,NO,,,SI,EN PROCESO DE INVESTIGACIÓN,NO CUENTA CON CAUSA ESPECIFICA,16.0,0,2025.0,3.0,4.0,0,2,1,0,0.0,0.0,0.0,0.0,0,1,16.916666666666668,12.731195282978472,0,2,12,0.0,0.167,0
A-2025-03-49,2025-03-21,18:10,CHOQUE,1,0,2,CUSCO,CHUMBIVILCAS,SANTO TOMAS,RURAL,CARRETERA,DEPARTAMENTAL,CU-119,-14.446591,-72.079601,DESPEJADO,RURAL,TRAMO RECTO,PLANA ,CONCRETO,,,,,IMPRUDENCIA DEL CONDUCTOR,EXCESO DE VELOCIDAD,18.0,0,2025.0,3.0,4.0,0,3,1,1,0.0,0.0,0.0,0.0,0,0,38.5,28.991378028648448,0,0,2,0.0,0.0,1
A-2025-03-89,2025-03-21,19:30,CHOQUE,1,0,0,LIMA,LIMA,SANTIAGO DE SURCO,URBANA,CARRETERA,NACIONAL,PE-1S,-12.135850293883976,-76.97998942961415,DESPEJADO,RESIDENCIAL,TRAMO RECTO,PLANA ,ASFALTADA,,,,,EN PROCESO DE INVESTIGACIÓN,NO CUENTA CON CAUSA ESPECIFICA,19.0,0,2025.0,3.0,4.0,0,3,1,0,0.0,0.0,0.0,0.0,0,0,32.666666666666664,9.291573243177568,0,2,3,0.0,0.667,1
A-2025-03-61,2025-03-21,23:00,VOLCADURA,1,0,1,CAJAMARCA,CELENDIN,SOROCHUCO,RURAL,CARRETERA,NACIONAL,PE-1NB,-6.939397,-78.259724,DESPEJADO,RURAL,TRAMO RECTO,PLANA ,AFIRMADO,,,,,IMPRUDENCIA DEL CONDUCTOR,OTRO (IMPRUDENCIA DEL CONDUCTOR),23.0,0,2025.0,3.0,4.0,0,3,1,1,0.0,0.0,1.0,1.0,0,0,31.0,0.0,0,1,1,0.0,1.0,1
A-2025-03-90,2025-03-22,06:40,CHOQUE,2,0,0,LIMA,LIMA,SAN JUAN DE LURIGANCHO,URBANA,AVENIDA,URBANO,NO CORRESPONDE,-12.00268472021164,-76.99916099591141,DESPEJADO,COMERCIAL,INTERSECCIÓN,PLANA ,ASFALTADA,NO,,,SI,EN PROCESO DE INVESTIGACIÓN,NO CUENTA CON CAUSA ESPECIFICA,6.0,1,2025.0,3.0,5.0,1,1,1,0,1.0,0.0,0.0,1.0,0,1,35.333333333333336,10.408329997330664,0,1,3,0.0,0.333,0
A-2025-03-92,2025-03-22,08:40,ATROPELLO,1,0,0,LIMA,LIMA,COMAS,URBANA,JIRÓN,URBANO,NO CORRESPONDE,-11.935175885021312,-77.04993106372453,DESPEJADO,RESIDENCIAL,INTERSECCIÓN,PLANA ,ASFALTADA,,,,,EN PROCESO DE INVESTIGACIÓN,NO CUENTA CON CAUSA ESPECIFICA,8.0,0,2025.0,3.0,5.0,1,1,1,0,1.0,0.0,0.0,1.0,0,0,56.0,42.42640687119285,0,1,2,0.0,0.5,0
A-2025-03-91,2025-03-22,14:00,CHOQUE,1,0,0,LIMA,LIMA,VILLA EL SALVADOR,URBANA,AVENIDA,URBANO,NO CORRESPONDE,-12.19896737371696,-76.96097888547162,DESPEJADO,COMERCIAL,INTERSECCIÓN,PLANA ,ASFALTADA,,,,,EN PROCESO DE INVESTIGACIÓN,NO CUENTA CON CAUSA ESPECIFICA,14.0,0,2025.0,3.0,5.0,1,2,1,0,1.0,0.0,0.0,1.0,0,0,52.5,24.748737341529164,0,2,2,0.0,1.0,0
A-2025-03-64,2025-03-22,16:50,ATROPELLO,1,0,1,CAJAMARCA,CELENDIN,CELENDIN,URBANA,CALLE,URBANO,NO CORRESPONDE,-6.881412,-78.145238,DESPEJADO,COMERCIAL,TRAMO RECTO,PLANA ,TROCHA,,,,,EN PROCESO DE INVESTIGACIÓN,NO CUENTA CON CAUSA ESPECIFICA,16.0,0,2025.0,3.0,5.0,1,2,1,1,2.0,0.0,2.0,4.0,0,0,58.0,38.18376618407357,0,0,2,0.0,0.0,0
A-2025-03-65,2025-03-22,19:30,DESPISTE,1,0,1,CAJAMARCA,CAJABAMBA,CAJABAMBA,RURAL,CARRETERA,NACIONAL,PE-3N,-7.603497,-78.088976,DESPEJADO,RURAL,TRAMO RECTO,PLANA ,ASFALTADA,,,,,EN PROCESO DE INVESTIGACIÓN,NO CUENTA CON CAUSA ESPECIFICA,19.0,0,2025.0,3.0,5.0,1,3,1,1,0.0,0.0,0.0,0.0,0,0,22.0,0.0,0,0,1,0.0,0.0,1
A-2025-03-93,2025-03-23,00:17,ATROPELLO,1,0,0,LIMA,LIMA,CHORRILLOS,URBANA,CARRETERA,NACIONAL,PE-1S,-12.197633,-76.973395,DESPEJADO,COMERCIAL,TRAMO RECTO,PLANA ,ASFALTADA,,,,,EN PROCESO DE INVESTIGACIÓN,NO CUENTA CON CAUSA ESPECIFICA,0.0,0,2025.0,3.0,6.0,1,0,1,0,0.0,0.0,0.0,0.0,0,0,61.0,0.0,0,1,2,0.0,0.5,1
A-2025-03-47,2025-03-23,02:00,ATROPELLO FUGA,1,0,0,HUANCAVELICA,HUANCAVELICA,HUANCAVELICA,URBANA,CARRETERA,NACIONAL,PE-26,-12.782368,-74.961942,DESPEJADO,COMERCIAL,TRAMO RECTO,PLANA ,ASFALTADA,,,,,EN PROCESO DE INVESTIGACIÓN,NO CUENTA CON CAUSA ESPECIFICA,2.0,0,2025.0,3.0,6.0,1,0,1,1,0.0,0.0,0.0,0.0,0,0,37.5,2.1213203435596424,0,1,2,0.0,0.5,1
A-2025-03-37,2025-03-23,09:10,CHOQUE,1,0,0,AREQUIPA,AREQUIPA,LA JOYA,RURAL,CARRETERA,NACIONAL,PE-1S,-16.52703,-71.78385,SOLEADO,COMERCIAL,TRAMO RECTO,PLANA ,ASFALTADA,SI,REGULADORA (R),INFORMATIVA (I),NO,EN PROCESO DE INVESTIGACIÓN,NO CUENTA CON CAUSA ESPECIFICA,9.0,0,2025.0,3.0,6.0,1,1,1,0,0.0,0.0,0.0,0.0,0,1,54.5,12.020815280171307,0,2,2,0.0,1.0,0
A-2025-03-22,2025-03-23,16:45,DESPISTE,2,0,1,CUSCO,CALCA,SAN SALVADOR,RURAL,CARRETERA,NACIONAL,PE-28B,-13.511812361833362,-71.76045836596545,DESPEJADO,RURAL,TRAMO RECTO,PLANA ,ASFALTADA,,,,,IMPRUDENCIA DEL CONDUCTOR,EXCESO DE VELOCIDAD,16.0,1,2025.0,3.0,6.0,1,2,1,1,0.0,0.0,0.0,0.0,0,0,48.0,40.63249930782009,0,1,3,0.0,0.333,0
A-2025-03-94,2025-03-24,08:30,DESPISTE,1,0,0,LIMA,LIMA,PACHACAMAC,URBANA,AVENIDA,URBANO,NO CORRESPONDE,-12.102816601332831,-76.87711908836353,DESPEJADO,COMERCIAL,INTERSECCIÓN,PLANA ,ASFALTADA,NO,,,SI,EN PROCESO DE INVESTIGACIÓN,NO CUENTA CON CAUSA ESPECIFICA,8.0,0,2025.0,3.0,0.0,0,1,1,0,1.0,0.0,0.0,1.0,0,1,19.5,24.748737341529164,0,1,2,0.0,0.5,0
A-2025-03-95,2025-03-24,21:00,ATROPELLO,1,0,0,LIMA,LIMA,SANTIAGO DE SURCO,URBANA,AVENIDA,URBANO,NO CORRESPONDE,-12.155553268803695,-76.98407582203018,DESPEJADO,COMERCIAL,INTERSECCIÓN,PLANA ,ASFALTADA,,,,,EN PROCESO DE INVESTIGACIÓN,NO CUENTA CON CAUSA ESPECIFICA,21.0,0,2025.0,3.0,0.0,0,3,1,0,1.0,0.0,0.0,1.0,0,0,38.5,23.33452377915607,0,1,2,0.0,0.5,1
A-2025-03-36,2025-03-25,07:05,VOLCADURA,1,0,0,AREQUIPA,AREQUIPA,CERRO COLORADO,URBANA,CARRETERA,NACIONAL,PE-34A,-16.37415,-71.57549,SOLEADO,COMERCIAL,TRAMO RECTO,PLANA ,ASFALTADA,NO,,,SI,EN PROCESO DE INVESTIGACIÓN,NO CUENTA CON CAUSA ESPECIFICA,7.0,0,2025.0,3.0,1.0,0,1,1,0,0.0,0.0,0.0,0.0,0,1,47.0,9.899494936611665,0,2,2,0.0,1.0,0
A-2025-03-33,2025-03-25,17:40,DESPISTE,1,2,0,AREQUIPA,CAYLLOMA,CALLALLI,RURAL,CARRETERA,DEPARTAMENTAL,AR-111,-15.509415,-71.412566,,,,,,,,,,EN PROCESO DE INVESTIGACIÓN,NO CUENTA CON CAUSA ESPECIFICA,17.0,0,2025.0,3.0,1.0,0,2,1,0,0.0,1.0,1.0,2.0,0,0,45.25,17.327723451163457,0,1,4,0.0,0.25,0
A-2025-03-26,2025-03-25,18:30,DESPISTE,1,0,1,CUSCO,ACOMAYO,MOSOC LLACTA,RURAL,CARRETERA,PROVINCIAL,CU-1642,-14.097123,-71.444613,NUBLADO,RURAL,TRAMO RECTO,PLANA ,TROCHA,,,,,IMPRUDENCIA DEL CONDUCTOR,EXCESO DE VELOCIDAD,18.0,0,2025.0,3.0,1.0,0,3,1,1,0.0,0.0,2.0,2.0,0,0,32.0,0.0,0,0,1,0.0,0.0,1
A-2025-03-28,2025-03-25,19:00,DESPISTE,1,0,1,CUSCO,CANAS,CHECCA,RURAL,CARRETERA,DEPARTAMENTAL,CU-130,-14.428224,-71.421105,LLUVIOSO,RURAL,PUENTE,PLANA ,ASFALTADA,NO,,,SI,IMPRUDENCIA DEL CONDUCTOR,EXCESO DE VELOCIDAD,19.0,0,2025.0,3.0,1.0,0,3,1,1,0.0,0.0,0.0,0.0,1,1,24.0,0.0,0,0,1,0.0,0.0,1
A-2025-03-34,2025-03-26,06:00,DESPISTE,1,0,0,AREQUIPA,AREQUIPA,VITOR,RURAL,CARRETERA,PROVINCIAL,AR-743,-16.565476,-71.936899,DESPEJADO,RURAL,CURVA,PLANA ,ASFALTADA,NO,,,SI,EN PROCESO DE INVESTIGACIÓN,NO CUENTA CON CAUSA ESPECIFICA,6.0,0,2025.0,3.0,2.0,0,1,1,0,0.0,0.0,0.0,0.0,0,1,26.0,0.0,0,0,1,0.0,0.0,0
A-2025-03-19,2025-03-26,16:00,DESPISTE,1,1,1,LIMA,HUARAL,ATAVILLOS BAJO,RURAL,CARRETERA,DEPARTAMENTAL,LM-109,-11.3315901,-76.859675,DESPEJADO,RURAL,CURVA,INCLINADA,CONCRETO,,,,,EN PROCESO DE INVESTIGACIÓN,NO CUENTA CON CAUSA ESPECIFICA,16.0,0,2025.0,3.0,2.0,0,2,1,0,0.0,1.0,0.0,1.0,0,0,52.5,2.1213203435596424,0,1,2,0.0,0.5,0
A-2025-03-27,2025-03-26,19:10,ATROPELLO,1,0,1,CUSCO,URUBAMBA,URUBAMBA,URBANA,CARRETERA,NACIONAL,PE-28B,-13.2785691,-72.1948185,NUBLADO,RURAL,TRAMO RECTO,INCLINADA,ASFALTADA,SI,INFORMATIVA (I),INFORMATIVA (I),SI,IMPRUDENCIA DEL PEATÓN,ESTADO DE EBRIEDAD Y/O DROGADICCIÓN,19.0,0,2025.0,3.0,2.0,0,3,1,1,0.0,1.0,0.0,1.0,0,0,50.5,4.949747468305833,1,1,2,0.5,0.5,1
A-2025-03-97,2025-03-26,19:20,ATROPELLO,1,0,0,LIMA,LIMA,VILLA EL SALVADOR,URBANA,AVENIDA,URBANO,NO CORRESPONDE,-12.225524987545652,-76.94634655099267,DESPEJADO,RESIDENCIAL,INTERSECCIÓN,PLANA ,ASFALTADA,NO,,,SI,EN PROCESO DE INVESTIGACIÓN,NO CUENTA CON CAUSA ESPECIFICA,19.0,0,2025.0,3.0,2.0,0,3,1,0,1.0,0.0,0.0,1.0,0,1,43.0,0.0,0,1,2,0.0,0.5,1
A-2025-03-96,2025-03-26,19:30,ATROPELLO,1,0,0,LIMA,LIMA,SAN MARTIN DE PORRES,URBANA,AVENIDA,URBANO,NO CORRESPONDE,-12.003737480153983,-77.08317845336722,DESPEJADO,COMERCIAL,TRAMO RECTO,PLANA ,ASFALTADA,SI,PREVENTIVA (P),,NO,EN PROCESO DE INVESTIGACIÓN,NO CUENTA CON CAUSA ESPECIFICA,19.0,0,2025.0,3.0,2.0,0,3,1,0,1.0,0.0,0.0,1.0,0,1,42.0,25.45584412271571,0,1,2,0.0,0.5,1
A-2025-03-35,2025-03-27,05:20,ATROPELLO,1,0,0,AREQUIPA,AREQUIPA,SACHACA,URBANA,JIRÓN,URBANO,NO CORRESPONDE,-16.42775,-71.58049,DESPEJADO,RURAL,TRAMO RECTO,PLANA ,ASFALTADA,NO,,,SI,IMPRUDENCIA DEL CONDUCTOR,OTRO (IMPRUDENCIA DEL CONDUCTOR),5.0,0,2025.0,3.0,3.0,0,0,1,0,1.0,0.0,0.0,1.0,0,1,24.333333333333332,11.930353445448855,0,1,3,0.0,0.333,1
A-2025-03-46,2025-03-27,11:30,DESPISTE,1,2,0,HUANCAVELICA,TAYACAJA,QUISHUAR,RURAL,CARRETERA,PROVINCIAL,HV-530,-12.2384141,-74.7786875,DESPEJADO,RURAL,TRAMO RECTO,PLANA ,TROCHA,,,,,EN PROCESO DE INVESTIGACIÓN,NO CUENTA CON CAUSA ESPECIFICA,11.0,0,2025.0,3.0,3.0,0,1,1,1,0.0,0.0,2.0,2.0,0,0,48.0,34.655446902326915,0,0,3,0.0,0.0,0
A-2025-03-98,2025-03-27,20:00,ATROPELLO FUGA,1,0,0,LIMA,LIMA,EL AGUSTINO,URBANA,AVENIDA,URBANO,NO CORRESPONDE,-12.030158901924349,-76.99987511769811,DESPEJADO,COMERCIAL,INTERSECCIÓN,PLANA ,ASFALTADA,,,,,EN PROCESO DE INVESTIGACIÓN,NO CUENTA CON CAUSA ESPECIFICA,20.0,0,2025.0,3.0,3.0,0,3,1,0,1.0,0.0,0.0,1.0,0,0,0.0,0.0,0,0,2,0.0,0.0,1