CODIGO_SINIESTRO,FECHA_SINIESTRO,HORA_SINIESTRO,CLASE_SINIESTRO,CANTIDAD_FALLECIDOS,CANTIDAD_LESIONADOS,CANTIDAD_VEHICULOS,DEPARTAMENTO,PROVINCIA,DISTRITO,ZONA,TIPO_VIA,RED_VIAL,COD_CARRETERA,LATITUD,LONGITUD,CONDICION_CLIMATICA,ZONIFICACION,CARACTERISTICAS_VIA,PERFIL_VIA,SUPERFICIE_CALZADA,EXISTE_SENIAL_VERTICAL,CLASIFICACION_SENIAL_VERTICAL_1,CLASIFICACION_SENIAL_VERTICAL_2,EXISTE_SENIAL_HORIZONTAL,CAUSA_FACTOR_PRINCIPAL,CAUSA_ESPECIFICA,HORA,severidad,ANIO,MES,DIA_SEMANA,FIN_SEMANA,FRANJA_HORARIA,TEMPORADA,MACROREGION,TIPO_VIA_SCORE,PERFIL_VIA_SCORE,SUPERFICIE_CALZADA_SCORE,RIESGO_INFRAESTRUCTURA,RIESGO_CLIMATICO,SENIALIZACION_DEFICIENTE,EDAD_PROMEDIO,EDAD_STD,TOTAL_ALCOHOL,TOTAL_LICENCIA,TOTAL_PERSONAS,PCT_ALCOHOL,PCT_LICENCIA,ES_NOCHE
A-2025-03-99,2025-03-29,05:18,ATROPELLO,1,0,0,LIMA,LIMA,LURIGANCHO,URBANA,AVENIDA,URBANO,NO CORRESPONDE,-11.93337243487841,-76.69345355731348,DESPEJADO,COMERCIAL,TRAMO RECTO,PLANA ,ASFALTADA,,,,,EN PROCESO DE INVESTIGACIÓN,NO CUENTA CON CAUSA ESPECIFICA,5.0,0,2025.0,3.0,5.0,1,0,1,0,1.0,0.0,0.0,1.0,0,0,42.0,0.0,0,1,2,0.0,0.5,1
A-2025-03-38,2025-03-29,07:23,ATROPELLO,1,0,0,AREQUIPA,AREQUIPA,CERRO COLORADO,URBANA,AVENIDA,URBANO,NO CORRESPONDE,-16.34264,-71.585955,DESPEJADO,RESIDENCIAL,INTERSECCIÓN,PLANA ,ASFALTADA,NO,,,SI,EN PROCESO DE INVESTIGACIÓN,NO CUENTA CON CAUSA ESPECIFICA,7.0,0,2025.0,3.0,5.0,1,1,1,0,1.0,0.0,0.0,1.0,0,1,60.5,17.67766952966369,0,1,2,0.0,0.5,0
A-2025-03-39,2025-03-29,09:30,CHOQUE,1,0,2,SAN MARTIN,RIOJA,ELIAS SOPLIN VARGAS,URBANA,CARRETERA,NACIONAL,PE-5N,-5.990049407,-77.28276319,SOLEADO,COMERCIAL,TRAMO RECTO,PLANA ,ASFALTADA,,,,,EN PROCESO DE INVESTIGACIÓN,NO CUENTA CON CAUSA ESPECIFICA,9.0,0,2025.0,3.0,5.0,1,1,1,2,0.0,0.0,0.0,0.0,0,0,37.5,4.949747468305833,0,1,2,0.0,0.5,0
A-2025-03-43,2025-03-30,02:30,DESPISTE,2,2,0,HUANCAVELICA,HUANCAVELICA,HUANDO,RURAL,CARRETERA,NACIONAL,PE-26,-12.51755884,-74.96508094,DESPEJADO,RURAL,TRAMO RECTO,PLANA ,ASFALTADA,,,,,EN PROCESO DE INVESTIGACIÓN,NO CUENTA CON CAUSA ESPECIFICA,2.0,1,2025.0,3.0,6.0,1,0,1,1,0.0,0.0,0.0,0.0,0,0,28.75,16.00781059358212,0,1,4,0.0,0.25,1
A-2025-03-32,2025-03-30,03:00,ATROPELLO FUGA,1,0,0,SAN MARTIN,RIOJA,AWAJUN,RURAL,CARRETERA,NACIONAL,PE-5N,-5.837782,-77.359036,DESPEJADO,RURAL,TRAMO RECTO,PLANA ,ASFALTADA,,,,,EN PROCESO DE INVESTIGACIÓN,NO CUENTA CON CAUSA ESPECIFICA,3.0,0,2025.0,3.0,6.0,1,0,1,2,0.0,0.0,0.0,0.0,0,0,0.0,0.0,0,0,2,0.0,0.0,1
A-2025-03-45,2025-03-30,06:00,ATROPELLO FUGA,1,0,0,ICA,CHINCHA,CHINCHA BAJA,RURAL,CARRETERA,NACIONAL,PE-1SE,-13.509641,-76.184887,DESPEJADO,RURAL,TRAMO RECTO,PLANA ,ASFALTADA,,,,,EN PROCESO DE INVESTIGACIÓN,NO CUENTA CON CAUSA ESPECIFICA,6.0,0,2025.0,3.0,6.0,1,1,1,0,0.0,0.0,0.0,0.0,0,0,61.0,0.0,0,0,2,0.0,0.0,0
A-2025-03-100,2025-03-30,07:00,ATROPELLO FUGA,1,0,0,LIMA,LIMA,ANCON,RURAL,CARRETERA,NACIONAL,PE-1N,-11.778857,-77.159337,DESPEJADO,RURAL,TRAMO RECTO,PLANA ,ASFALTADA,,,,,EN PROCESO DE INVESTIGACIÓN,NO CUENTA CON CAUSA ESPECIFICA,7.0,0,2025.0,3.0,6.0,1,1,1,0,0.0,0.0,0.0,0.0,0,0,71.0,0.0,0,0,2,0.0,0.0,0
A-2025-03-66,2025-03-30,11:50,DESPISTE,1,0,1,CAJAMARCA,HUALGAYOC,BAMBAMARCA,RURAL,CARRETERA,NACIONAL,PE-1NA,-6.656983,-78.538828,DESPEJADO,RURAL,CURVA,INCLINADA,ASFALTADA,,,,,IMPRUDENCIA DEL CONDUCTOR,EXCESO DE VELOCIDAD,11.0,0,2025.0,3.0,6.0,1,1,1,1,0.0,1.0,0.0,1.0,0,0,35.0,0.0,0,0,1,0.0,0.0,0
A-2025-03-101,2025-03-31,04:10,DESPISTE,1,0,0,LIMA,LIMA,SAN BORJA,URBANA,AVENIDA,URBANO,NO CORRESPONDE,-12.08690906442074,-76.99784757723532,DESPEJADO,RESIDENCIAL,TRAMO RECTO,PLANA ,ASFALTADA,,,,,EN PROCESO DE INVESTIGACIÓN,NO CUENTA CON CAUSA ESPECIFICA,4.0,0,2025.0,3.0,0.0,0,0,1,0,1.0,0.0,0.0,1.0,0,0,24.0,0.0,0,1,1,0.0,1.0,1
A-2025-03-29,2025-03-31,04:20,ATROPELLO,1,0,1,CUSCO,CUSCO,SANTIAGO,URBANA,CARRETERA,DEPARTAMENTAL,CU-117,-13.541476,-71.981781,NUBLADO,RESIDENCIAL,TRAMO RECTO,INCLINADA,ASFALTADA,,,,,IMPRUDENCIA DEL CONDUCTOR,CONDUCIR EN ESTADO DE EBRIEDAD Y/O DROGADICCIÓN,4.0,0,2025.0,3.0,0.0,0,0,1,1,0.0,1.0,0.0,1.0,0,0,47.5,20.506096654409877,1,0,2,0.5,0.0,1
A-2025-03-102,2025-03-31,17:00,ATROPELLO,1,0,0,LIMA,LIMA,JESUS MARIA,URBANA,AVENIDA,URBANO,NO CORRESPONDE,-12.084662529443884,-77.06153435511624,DESPEJADO,COMERCIAL,TRAMO RECTO,PLANA ,ASFALTADA,SI,PREVENTIVA (P),INFORMATIVA (I),SI,EN PROCESO DE INVESTIGACIÓN,NO CUENTA CON CAUSA ESPECIFICA,17.0,0,2025.0,3.0,0.0,0,2,1,0,1.0,0.0,0.0,1.0,0,0,50.5,14.849242404917497,0,1,2,0.0,0.5,0
A-2025-03-51,2025-03-31,19:00,ATROPELLO FUGA,1,0,0,CUSCO,ESPINAR,PALLPATA,RURAL,CARRETERA,NACIONAL,PE-3SG,-14.88621,-71.233492,DESPEJADO,RURAL,TRAMO RECTO,PLANA ,ASFALTADA,,,,,IMPRUDENCIA DEL CONDUCTOR,OTRO (IMPRUDENCIA DEL CONDUCTOR),19.0,0,2025.0,3.0,0.0,0,3,1,1,0.0,0.0,0.0,0.0,0,0,33.0,0.0,0,0,2,0.0,0.0,1
A-2025-04-63,2025-04-01,05:05,CHOQUE,1,0,0,LIMA,LIMA,VILLA EL SALVADOR,URBANA,AVENIDA,URBANO,NO CORRESPONDE,-12.20284601323566,-76.93648937004146,DESPEJADO,RESIDENCIAL,INTERSECCIÓN,PLANA ,ASFALTADA,,,,,EN PROCESO DE INVESTIGACIÓN,NO CUENTA CON CAUSA ESPECIFICA,5.0,0,2025.0,4.0,1.0,0,0,1,0,1.0,0.0,0.0,1.0,0,0,41.5,16.263455967290593,0,1,2,0.0,0.5,1
A-2025-04-64,2025-04-01,08:06,DESPISTE,1,2,0,LIMA,LIMA,CARABAYLLO,URBANA,AVENIDA,URBANO,NO CORRESPONDE,-11.869062644700984,-77.01261961768444,DESPEJADO,RESIDENCIAL,TRAMO RECTO,INCLINADA,ASFALTADA,,,,,EN PROCESO DE INVESTIGACIÓN,NO CUENTA CON CAUSA ESPECIFICA,8.0,0,2025.0,4.0,1.0,0,1,1,0,1.0,1.0,0.0,2.0,0,0,54.2,24.283739415501888,0,2,5,0.0,0.4,0
A-2025-04-8,2025-04-01,08:06,DESPISTE,1,2,0,LIMA,LIMA,CARABAYLLO,URBANA,AVENIDA,URBANO,NO CORRESPONDE,-11.86906230185771,-77.0126351649385,DESPEJADO,COMERCIAL,TRAMO RECTO,INCLINADA,ASFALTADA,,,,,EN PROCESO DE INVESTIGACIÓN,NO CUENTA CON CAUSA ESPECIFICA,8.0,0,2025.0,4.0,1.0,0,1,1,0,1.0,1.0,0.0,2.0,0,0,55.0,23.989581071790315,0,1,5,0.0,0.2,0
A-2025-04-43,2025-04-01,09:00,DESPISTE,1,0,1,ANCASH,HUAYLAS,HUALLANCA,RURAL,CARRETERA,NACIONAL,PE-3N,-8.816733601,-77.85876579,LLUVIOSO,RURAL,SINUOSA,PLANA ,ASFALTADA,,,,,EN PROCESO DE INVESTIGACIÓN,NO CUENTA CON CAUSA ESPECIFICA,9.0,0,2025.0,4.0,1.0,0,1,1,0,0.0,0.0,0.0,0.0,1,0,30.0,0.0,0,0,1,0.0,0.0,0
A-2025-04-42,2025-04-01,14:20,CHOQUE,2,1,0,ICA,CHINCHA,GROCIO PRADO,RURAL,CARRETERA,NACIONAL,PE-1S,-13.392128,-76.199498,,,,,,,,,,EN PROCESO DE INVESTIGACIÓN,NO CUENTA CON CAUSA ESPECIFICA,14.0,1,2025.0,4.0,1.0,0,2,1,0,0.0,1.0,1.0,2.0,0,0,55.0,20.864643139371765,0,0,4,0.0,0.0,0
A-2025-04-4,2025-04-01,15:50,CHOQUE,1,0,0,AREQUIPA,CAYLLOMA,MAJES,URBANA,CARRETERA,DEPARTAMENTAL,AR-108,-16.354655,-72.176846,DESPEJADO,COMERCIAL,TRAMO RECTO,PLANA ,ASFALTADA,NO,,,SI,EN PROCESO DE INVESTIGACIÓN,NO CUENTA CON CAUSA ESPECIFICA,15.0,0,2025.0,4.0,1.0,0,2,1,0,0.0,0.0,0.0,0.0,0,1,43.5,26.16295090390226,0,0,2,0.0,0.0,0
A-2025-04-15,2025-04-01,19:00,DESPISTE,2,0,0,HUANCAVELICA,ANGARAES,LIRCAY,RURAL,CARRETERA,SIN CLASIFICAR,SIN CLASIFICAR,-12.972745205866232,-74.70633713255751,DESPEJADO,RURAL,TRAMO RECTO,PLANA ,TROCHA,,,,,EN PROCESO DE INVESTIGACIÓN,NO CUENTA CON CAUSA ESPECIFICA,19.0,1,2025.0,4.0,1.0,0,3,1,1,0.0,0.0,2.0,2.0,0,0,52.5,10.606601717798213,0,1,2,0.0,0.5,1
A-2025-04-66,2025-04-01,19:30,CAÍDA DE PASAJERO,1,0,0,LIMA,LIMA,SAN JUAN DE LURIGANCHO,URBANA,AVENIDA,URBANO,NO CORRESPONDE,-12.01569044797082,-77.01217545585838,DESPEJADO,RESIDENCIAL,CURVA,PLANA ,ASFALTADA,,,,,EN PROCESO DE INVESTIGACIÓN,NO CUENTA CON CAUSA ESPECIFICA,19.0,0,2025.0,4.0,1.0,0,3,1,0,1.0,0.0,0.0,1.0,0,0,16.5,3.5355339059327378,0,0,2,0.0,0.0,1
A-2025-04-65,2025-04-02,03:30,ATROPELLO FUGA,1,0,0,LIMA,LIMA,SAN JUAN DE MIRAFLORES,URBANA,CARRETERA,NACIONAL,PE-1S,-12.173214,-76.978563,DESPEJADO,RESIDENCIAL,TRAMO RECTO,PLANA ,ASFALTADA,,,,,EN PROCESO DE INVESTIGACIÓN,NO CUENTA CON CAUSA ESPECIFICA,3.0,0,2025.0,4.0,2.0,0,0,1,0,0.0,0.0,0.0,0.0,0,0,0.0,0.0,0,0,2,0.0,0.0,1
A-2025-04-36,2025-04-03,11:30,ATROPELLO,1,1,0,APURIMAC,ANDAHUAYLAS,JOSE MARIA ARGUEDAS,RURAL,CARRETERA,PROVINCIAL,AP-694,-13.74662312,-73.34654734,SOLEADO,RURAL,TRAMO RECTO,PLANA ,TROCHA,,,,,IMPRUDENCIA DEL CONDUCTOR,GIRAR IMPRUDENTEMENTE,11.0,0,2025.0,4.0,3.0,0,1,1,1,0.0,0.0,2.0,2.0,0,0,14.5,17.67766952966369,0,1,2,0.0,0.5,0
A-2025-04-6,2025-04-04,08:10,VOLCADURA,1,1,0,AREQUIPA,AREQUIPA,YURA,URBANA,CARRETERA,NACIONAL,PE-34A,-16.071877,-71.581666,NUBLADO,RURAL,CURVA,INCLINADA,ASFALTADA,SI,PREVENTIVA (P),INFORMATIVA (I),SI,EN PROCESO DE INVESTIGACIÓN,NO CUENTA CON CAUSA ESPECIFICA,8.0,0,2025.0,4.0,4.0,0,1,1,0,0.0,1.0,0.0,1.0,0,0,37.5,4.949747468305833,1,1,2,0.5,0.5,0
A-2025-04-20,2025-04-04,09:50,DESPISTE,1,1,0,HUANCAVELICA,TAYACAJA,PAZOS,RURAL,CARRETERA,PROVINCIAL,HV-568,-12.23765235,-74.96873949,DESPEJADO,RURAL,TRAMO RECTO,PLANA ,TROCHA,,,,,EN PROCESO DE INVESTIGACIÓN,NO CUENTA CON CAUSA ESPECIFICA,9.0,0,2025.0,4.0,4.0,0,1,1,1,0.0,0.0,2.0,2.0,0,0,35.0,16.97056274847714,0,1,2,0.0,0.5,0
A-2025-04-56,2025-04-04,18:50,CHOQUE,1,0,2,AYACUCHO,HUAMANGA,OCROS,RURAL,CARRETERA,NACIONAL,PE-3S,-13.41980973,-73.89569447,DESPEJADO,RURAL,CURVA,PLANA ,ASFALTADA,SI,PREVENTIVA (P),,NO,IMPRUDENCIA DEL CONDUCTOR,INVASIÓN DE CARRIL,18.0,0,2025.0,4.0,4.0,0,3,1,1,0.0,0.0,0.0,0.0,0,1,32.0,14.142135623730951,1,0,2,0.5,0.0,1
A-2025-04-7,2025-04-05,08:40,CHOQUE,1,3,0,AREQUIPA,CAYLLOMA,MAJES,URBANA,AVENIDA,URBANO,NO CORRESPONDE,-16.380383,-72.198597,DESPEJADO,RESIDENCIAL,INTERSECCIÓN,PLANA ,ASFALTADA,SI,REGULADORA (R),,SI,EN PROCESO DE INVESTIGACIÓN,NO CUENTA CON CAUSA ESPECIFICA,8.0,0,2025.0,4.0,5.0,1,1,1,0,1.0,0.0,0.0,1.0,0,0,30.0,4.847679857416329,0,1,5,0.0,0.2,0
A-2025-04-50,2025-04-05,10:30,DESPISTE,1,6,1,CAJAMARCA,CELENDIN,LA LIBERTAD DE PALLAN,RURAL,CARRETERA,PROVINCIAL,CA-972,-6.665888,-78.332336,DESPEJADO,RURAL,CURVA,INCLINADA,CASCAJO/RIPIO,,,,,EN PROCESO DE INVESTIGACIÓN,NO CUENTA CON CAUSA ESPECIFICA,10.0,0,2025.0,4.0,5.0,1,1,1,1,0.0,1.0,1.0,2.0,0,0,38.0,19.6468827043885,0,0,7,0.0,0.0,0
A-2025-04-1,2025-04-06,04:30,DESPISTE,1,0,0,LIMA,HUARAL,CHANCAY,RURAL,CARRETERA,NACIONAL,PE-1N,-11.5552925,-77.2709639,,,,,,,,,,EN PROCESO DE INVESTIGACIÓN,NO CUENTA CON CAUSA ESPECIFICA,4.0,0,2025.0,4.0,6.0,1,0,1,0,0.0,1.0,1.0,2.0,0,0,31.0,0.0,0,0,1,0.0,0.0,1
A-2025-04-13,2025-04-06,11:35,CHOQUE,1,0,2,SAN MARTIN,MOYOBAMBA,JEPELACIO,RURAL,CARRETERA,NACIONAL,PE-5N,-6.100706,-76.858954,SOLEADO,RURAL,CURVA,INCLINADA,ASFALTADA,,,,,IMPERICIA DEL CONDUCTOR,,11.0,0,2025.0,4.0,6.0,1,1,1,2,0.0,1.0,0.0,1.0,0,0,33.5,20.506096654409877,0,1,2,0.0,0.5,0
A-2025-04-2,2025-04-07,08:05,CHOQUE,1,0,3,LIMA,HUARAL,CHANCAY,RURAL,CARRETERA,NACIONAL,PE-1NB,-11.5519824,-77.2641056,DESPEJADO,RURAL,TRAMO RECTO,PLANA ,ASFALTADA,,,,,EN PROCESO DE INVESTIGACIÓN,NO CUENTA CON CAUSA ESPECIFICA,8.0,0,2025.0,4.0,0.0,0,1,1,0,0.0,0.0,0.0,0.0,0,0,69.66666666666667,1.5275252316519452,0,2,3,0.0,0.667,0
A-2025-04-54,2025-04-08,17:30,ATROPELLO,1,0,1,AYACUCHO,HUAMANGA,SAN JUAN BAUTISTA,URBANA,CARRETERA,NACIONAL,PE-3S,-13.19069637,-74.20091523,DESPEJADO,RESIDENCIAL,CURVA,INCLINADA,ASFALTADA,SI,PREVENTIVA (P),,NO,IMPRUDENCIA DEL CONDUCTOR,NO DAR PASO PREFERENTE AL PEATÓN,17.0,0,2025.0,4.0,1.0,0,2,1,1,0.0,1.0,0.0,1.0,0,1,37.0,43.840620433565945,0,1,2,0.0,0.5,0
A-2025-04-35,2025-04-08,20:30,FERROVIARIO,1,0,0,CUSCO,URUBAMBA,OLLANTAYTAMBO,RURAL,OTRO,URBANO,NO CORRESPONDE,-13.271591967212144,-72.22043566499373,DESPEJADO,RURAL,TRAMO RECTO,INCLINADA,CASCAJO/RIPIO,,,,,IMPRUDENCIA DEL CONDUCTOR,OTRO (IMPRUDENCIA DEL CONDUCTOR),20.0,0,2025.0,4.0,1.0,0,3,1,1,2.0,1.0,1.0,4.0,0,0,51.5,16.263455967290593,0,1,2,0.0,0.5,1
A-2025-04-3,2025-04-09,23:30,ATROPELLO FUGA,1,0,1,LIMA,HUARAL,CHANCAY,RURAL,CARRETERA,NACIONAL,PE-1N,-11.5646857,-77.2651276,DESPEJADO,RURAL,TRAMO RECTO,PLANA ,ASFALTADA,SI,REGULADORA (R),REGULADORA (R),SI,EN PROCESO DE INVESTIGACIÓN,NO CUENTA CON CAUSA ESPECIFICA,23.0,0,2025.0,4.0,2.0,0,3,1,0,0.0,0.0,0.0,0.0,0,0,56.0,0.0,0,0,2,0.0,0.0,1
A-2025-04-44,2025-04-10,06:50,ATROPELLO,1,0,1,ANCASH,CARHUAZ,MARCARA,URBANA,CARRETERA,NACIONAL,PE-3N,-9.324863166,-77.60373751,DESPEJADO,RURAL,ÓVALO,PLANA ,ASFALTADA,,,,,EN PROCESO DE INVESTIGACIÓN,NO CUENTA CON CAUSA ESPECIFICA,6.0,0,2025.0,4.0,3.0,0,1,1,0,0.0,0.0,0.0,0.0,0,0,26.0,22.627416997969522,1,1,2,0.5,0.5,0
A-2025-04-23,2025-04-10,14:00,DESPISTE,1,3,0,CUSCO,ESPINAR,OCORURO,RURAL,CARRETERA,NACIONAL,PE-34J,-15.174107,-71.166016,DESPEJADO,RURAL,CURVA,PLANA ,ASFALTADA,,,,,IMPRUDENCIA DEL CONDUCTOR,EXCESO DE VELOCIDAD,14.0,0,2025.0,4.0,3.0,0,2,1,1,0.0,0.0,0.0,0.0,0,0,33.5,29.58039891549808,0,1,4,0.0,0.25,0
A-2025-04-5,2025-04-10,18:50,ATROPELLO,1,0,1,LIMA,HUARAL,HUARAL,URBANA,AVENIDA,URBANO,NO CORRESPONDE,-11.4973717,-77.2090798,DESPEJADO,ESCOLAR,INTERSECCIÓN,PLANA ,ASFALTADA,SI,PREVENTIVA (P),,SI,EN PROCESO DE INVESTIGACIÓN,NO CUENTA CON CAUSA ESPECIFICA,18.0,0,2025.0,4.0,3.0,0,3,1,0,1.0,0.0,0.0,1.0,0,0,54.5,31.81980515339464,1,0,2,0.5,0.0,1
A-2025-04-9,2025-04-11,10:45,DESPISTE,2,1,0,AREQUIPA,CAYLLOMA,MAJES,RURAL,CARRETERA,NACIONAL,PE-1S,-16.42505,-72.25803,DESPEJADO,RURAL,TRAMO RECTO,PLANA ,ASFALTADA,NO,,,SI,EN PROCESO DE INVESTIGACIÓN,NO CUENTA CON CAUSA ESPECIFICA,10.0,1,2025.0,4.0,4.0,0,1,1,0,0.0,0.0,0.0,0.0,0,1,55.0,22.0,0,1,3,0.0,0.333,0
A-2025-04-51,2025-04-12,17:00,DESPISTE,1,1,1,CAJAMARCA,CONTUMAZA,CHILETE,RURAL,CARRETERA,NACIONAL,PE-08,-7.226349,-78.822903,DESPEJADO,RURAL,TRAMO RECTO,PLANA ,ASFALTADA,,,,,EN PROCESO DE INVESTIGACIÓN,NO CUENTA CON CAUSA ESPECIFICA,17.0,0,2025.0,4.0,5.0,1,2,1,1,0.0,0.0,0.0,0.0,0,0,23.0,1.4142135623730951,0,1,2,0.0,0.5,0
A-2025-04-33,2025-04-13,20:00,VOLCADURA,2,0,1,CUSCO,CHUMBIVILCAS,VELILLE,RURAL,CARRETERA,NACIONAL,PE-3SG,-14.55446001,-71.92034603,DESPEJADO,RURAL,TRAMO RECTO,PLANA ,AFIRMADO,,,,,IMPRUDENCIA DEL CONDUCTOR,CONDUCIR EN ESTADO DE EBRIEDAD Y/O DROGADICCIÓN,20.0,1,2025.0,4.0,6.0,1,3,1,1,0.0,0.0,1.0,1.0,0,0,28.0,12.727922061357855,0,0,2,0.0,0.0,1
A-2025-04-52,2025-04-14,06:50,CHOQUE,1,2,2,CAJAMARCA,SAN MIGUEL,SAN MIGUEL,RURAL,CARRETERA,NACIONAL,PE-1N,-7.071712,-78.9544799,DESPEJADO,RURAL,CURVA,INCLINADA,ASFALTADA,,,,,EN PROCESO DE INVESTIGACIÓN,NO CUENTA CON CAUSA ESPECIFICA,6.0,0,2025.0,4.0,0.0,0,1,1,1,0.0,1.0,0.0,1.0,0,0,41.666666666666664,18.339392937971894,0,1,3,0.0,0.333,0
A-2025-04-38,2025-04-15,10:00,DESPISTE,1,0,1,CUSCO,CHUMBIVILCAS,SANTO TOMAS,RURAL,CARRETERA,DEPARTAMENTAL,CU-119,-14.44683,-72.075008,DESPEJADO,RURAL,CURVA,PLANA ,AFIRMADO,,,,,IMPRUDENCIA DEL CONDUCTOR,EXCESO DE VELOCIDAD,10.0,0,2025.0,4.0,1.0,0,1,1,1,0.0,0.0,1.0,1.0,0,0,52.0,0.0,0,0,1,0.0,0.0,0
A-2025-04-37,2025-04-15,15:39,ATROPELLO FUGA,1,0,0,CUSCO,CUSCO,WANCHAQ,URBANA,AVENIDA,URBANO,NO CORRESPONDE,-13.520023,-71.972141,DESPEJADO,COMERCIAL,TRAMO RECTO,PLANA ,CONCRETO,,,,,IMPRUDENCIA DEL CONDUCTOR,EXCESO DE VELOCIDAD,15.0,0,2025.0,4.0,1.0,0,2,1,1,1.0,0.0,0.0,1.0,0,0,70.0,0.0,0,0,2,0.0,0.0,0
A-2025-04-17,2025-04-15,19:30,DESPISTE,2,0,0,HUANCAVELICA,CHURCAMPA,ANCO,RURAL,CARRETERA,NACIONAL,PE-3S,-12.674205247125562,-74.5931337723548,DESPEJADO,RURAL,TRAMO RECTO,PLANA ,TROCHA,,,,,EN PROCESO DE INVESTIGACIÓN,NO CUENTA CON CAUSA ESPECIFICA,19.0,1,2025.0,4.0,1.0,0,3,1,1,0.0,0.0,2.0,2.0,0,0,38.0,12.727922061357855,0,1,2,0.0,0.5,1
A-2025-04-55,2025-04-16,07:00,CHOQUE,1,3,2,AYACUCHO,LA MAR,SAN MIGUEL,RURAL,CARRETERA,DEPARTAMENTAL,AY-102,-12.987883,-73.98542,DESPEJADO,RURAL,CURVA,PLANA ,ASFALTADA,,,,,IMPRUDENCIA DEL CONDUCTOR,FATIGA Y/O CANSANCIO,7.0,0,2025.0,4.0,2.0,0,1,1,1,0.0,0.0,0.0,0.0,0,0,39.5,9.678154093971983,0,1,4,0.0,0.25,0
A-2025-04-10,2025-04-18,06:40,CHOQUE,1,2,0,AREQUIPA,CAYLLOMA,SAN ANTONIO DE CHUCA,RURAL,CARRETERA,NACIONAL,PE-34A,-15.88421,-71.1601,NUBLADO,RURAL,TRAMO RECTO,PLANA ,ASFALTADA,NO,,,SI,EN PROCESO DE INVESTIGACIÓN,NO CUENTA CON CAUSA ESPECIFICA,6.0,0,2025.0,4.0,4.0,0,1,1,0,0.0,0.0,0.0,0.0,0,1,32.25,22.4258035902098,0,2,4,0.0,0.5,0
A-2025-04-11,2025-04-18,18:15,ATROPELLO,1,0,0,AREQUIPA,AREQUIPA,VITOR,RURAL,CARRETERA,SIN CLASIFICAR,SIN CLASIFICAR,-16.57987277,-71.9349128,DESPEJADO,RURAL,TRAMO RECTO,PLANA ,TROCHA,,,,,EN PROCESO DE INVESTIGACIÓN,NO CUENTA CON CAUSA ESPECIFICA,18.0,0,2025.0,4.0,4.0,0,3,1,0,0.0,0.0,2.0,2.0,0,0,17.5,23.33452377915607,0,1,2,0.0,0.5,1
A-2025-04-45,2025-04-19,01:30,DESPISTE,1,0,1,ANCASH,HUARI,SAN MARCOS,URBANA,CARRETERA,SIN CLASIFICAR,SIN CLASIFICAR,-9.536849377678784,-77.15973429242257,DESPEJADO,RURAL,TRAMO RECTO,PLANA ,ASFALTADA,,,,,EN PROCESO DE INVESTIGACIÓN,NO CUENTA CON CAUSA ESPECIFICA,1.0,0,2025.0,4.0,5.0,1,0,1,0,0.0,0.0,0.0,0.0,0,0,30.0,0.0,0,0,1,0.0,0.0,1
A-2025-04-68,2025-04-20,10:31,DESPISTE,1,0,0,CUSCO,LA CONVENCION,INKAWASI,RURAL,CARRETERA,DEPARTAMENTAL,CU-100,-13.312484,-73.282705,DESPEJADO,RURAL,CURVA,PLANA ,TROCHA,,,,,IMPERICIA DEL CONDUCTOR,,10.0,0,2025.0,4.0,6.0,1,1,1,1,0.0,0.0,2.0,2.0,0,0,15.5,6.363961030678928,0,0,2,0.0,0.0,0
A-2025-04-31,2025-04-20,13:31,DESPISTE,1,0,0,CUSCO,CUSCO,CUSCO,RURAL,CARRETERA,SIN CLASIFICAR,SIN CLASIFICAR,-13.521432,-72.003805,DESPEJADO,RURAL,TRAMO RECTO,PLANA ,AFIRMADO,,,,,IMPRUDENCIA DEL CONDUCTOR,FATIGA Y/O CANSANCIO,13.0,0,2025.0,4.0,6.0,1,2,1,1,0.0,0.0,1.0,1.0,0,0,47.0,0.0,0,1,1,0.0,1.0,0
A-2025-04-34,2025-04-20,15:00,CHOQUE,1,0,1,CUSCO,CHUMBIVILCAS,VELILLE,RURAL,CARRETERA,NACIONAL,PE-3SG,-14.546164,-71.899198,DESPEJADO,RURAL,CURVA,PLANA ,AFIRMADO,,,,,IMPERICIA DEL CONDUCTOR,,15.0,0,2025.0,4.0,6.0,1,2,1,1,0.0,0.0,1.0,1.0,0,0,28.5,0.7071067811865476,0,2,2,0.0,1.0,0
A-2025-04-14,2025-04-20,19:30,CHOQUE,1,0,0,AREQUIPA,AREQUIPA,LA JOYA,URBANA,CARRETERA,NACIONAL,PE-1S,-16.52899,-71.78459,DESPEJADO,RESIDENCIAL,TRAMO RECTO,PLANA ,ASFALTADA,SI,INFORMATIVA (I),,SI,EN PROCESO DE INVESTIGACIÓN,NO CUENTA CON CAUSA ESPECIFICA,19.0,0,2025.0,4.0,6.0,1,3,1,0,0.0,0.0,0.0,0.0,0,0,46.5,0.7071067811865476,0,2,2,0.0,1.0,1
A-2025-04-46,2025-04-21,05:40,CHOQUE,1,0,2,ANCASH,YUNGAY,YUNGAY,RURAL,CARRETERA,NACIONAL,PE-3N,-9.114782299,-77.76661632,DESPEJADO,RURAL,TRAMO RECTO,PLANA ,ASFALTADA,,,,,EN PROCESO DE INVESTIGACIÓN,NO CUENTA CON CAUSA ESPECIFICA,5.0,0,2025.0,4.0,0.0,0,0,1,0,0.0,0.0,0.0,0.0,0,0,20.5,24.748737341529164,0,2,2,0.0,1.0,1