CODIGO_SINIESTRO,FECHA_SINIESTRO,HORA_SINIESTRO,CLASE_SINIESTRO,CANTIDAD_FALLECIDOS,CANTIDAD_LESIONADOS,CANTIDAD_VEHICULOS,DEPARTAMENTO,PROVINCIA,DISTRITO,ZONA,TIPO_VIA,RED_VIAL,COD_CARRETERA,LATITUD,LONGITUD,CONDICION_CLIMATICA,ZONIFICACION,CARACTERISTICAS_VIA,PERFIL_VIA,SUPERFICIE_CALZADA,EXISTE_SENIAL_VERTICAL,CLASIFICACION_SENIAL_VERTICAL_1,CLASIFICACION_SENIAL_VERTICAL_2,EXISTE_SENIAL_HORIZONTAL,CAUSA_FACTOR_PRINCIPAL,CAUSA_ESPECIFICA,HORA,severidad,ANIO,MES,DIA_SEMANA,FIN_SEMANA,FRANJA_HORARIA,TEMPORADA,MACROREGION,TIPO_VIA_SCORE,PERFIL_VIA_SCORE,SUPERFICIE_CALZADA_SCORE,RIESGO_INFRAESTRUCTURA,RIESGO_CLIMATICO,SENIALIZACION_DEFICIENTE,EDAD_PROMEDIO,EDAD_STD,TOTAL_ALCOHOL,TOTAL_LICENCIA,TOTAL_PERSONAS,PCT_ALCOHOL,PCT_LICENCIA,ES_NOCHE
A-2025-06-12,2025-06-28,18:30,ATROPELLO FUGA,1,0,1,LIMA,HUARAL,CHANCAY,RURAL,CARRETERA,NACIONAL,PE-1N,-11.5593801,-77.266452,DESPEJADO,RURAL,TRAMO RECTO,PLANA ,ASFALTADA,,,,,EN PROCESO DE INVESTIGACIÓN,NO CUENTA CON CAUSA ESPECIFICA,18.0,0,2025.0,6.0,5.0,1,3,2,0,0.0,0.0,0.0,0.0,0,0,57.0,0.0,0,0,2,0.0,0.0,1
A-2025-06-19,2025-06-28,20:30,ATROPELLO,2,1,1,SAN MARTIN,RIOJA,RIOJA,RURAL,CARRETERA,NACIONAL,PE-5N,-6.035876,-77.198682,DESPEJADO,RURAL,TRAMO RECTO,PLANA ,ASFALTADA,,,,,EN PROCESO DE INVESTIGACIÓN,NO CUENTA CON CAUSA ESPECIFICA,20.0,1,2025.0,6.0,5.0,1,3,2,2,0.0,0.0,0.0,0.0,0,0,51.0,4.0,0,0,3,0.0,0.0,1
A-2025-06-59,2025-06-29,02:00,DESPISTE,1,0,0,CUSCO,CANCHIS,SICUANI,RURAL,CARRETERA,NACIONAL,PE-3S,-14.22520686,-71.28355927,DESPEJADO,RURAL,TRAMO RECTO,PLANA ,ASFALTADA,,,,,IMPRUDENCIA DEL CONDUCTOR,CONDUCIR EN ESTADO DE EBRIEDAD Y/O DROGADICCIÓN,2.0,0,2025.0,6.0,6.0,1,0,2,1,0.0,0.0,0.0,0.0,0,0,31.0,16.97056274847714,0,1,2,0.0,0.5,1
A-2025-06-23,2025-06-29,06:30,CHOQUE,2,2,0,AREQUIPA,AREQUIPA,YURA,RURAL,CARRETERA,NACIONAL,PE-34A,-16.271093,-71.667534,DESPEJADO,RURAL,TRAMO RECTO,PLANA ,ASFALTADA,NO,,,SI,EN PROCESO DE INVESTIGACIÓN,NO CUENTA CON CAUSA ESPECIFICA,6.0,1,2025.0,6.0,6.0,1,1,2,0,0.0,0.0,0.0,0.0,0,1,54.8,21.902054698132776,0,1,5,0.0,0.2,0
A-2025-06-27,2025-06-29,09:45,CHOQUE,1,0,2,ANCASH,HUAYLAS,CARAZ,RURAL,CARRETERA,NACIONAL,PE-3N,-9.054061932,-77.80234601,DESPEJADO,RURAL,TRAMO RECTO,PLANA ,ASFALTADA,,,,,EN PROCESO DE INVESTIGACIÓN,NO CUENTA CON CAUSA ESPECIFICA,9.0,0,2025.0,6.0,6.0,1,1,2,0,0.0,0.0,0.0,0.0,0,0,31.5,13.435028842544403,0,1,2,0.0,0.5,0
A-2025-06-24,2025-06-30,03:00,CHOQUE,1,0,0,AREQUIPA,AREQUIPA,LA JOYA,RURAL,CARRETERA,NACIONAL,PE-34A,-16.52541218,-71.74963783,DESPEJADO,RURAL,INTERSECCIÓN,PLANA ,ASFALTADA,NO,,,SI,EN PROCESO DE INVESTIGACIÓN,NO CUENTA CON CAUSA ESPECIFICA,3.0,0,2025.0,6.0,0.0,0,0,2,0,0.0,0.0,0.0,0.0,0,1,39.0,4.242640687119285,0,1,2,0.0,0.5,1
A-2025-06-28,2025-06-30,11:50,CHOQUE,1,2,0,CUSCO,ESPINAR,OCORURO,RURAL,CARRETERA,NACIONAL,PE-34J,-15.02393421,-71.14774199,DESPEJADO,RURAL,TRAMO RECTO,PLANA ,ASFALTADA,,,,,IMPRUDENCIA DEL CONDUCTOR,EXCESO DE VELOCIDAD,11.0,0,2025.0,6.0,0.0,0,1,2,1,0.0,0.0,0.0,0.0,0,0,19.0,16.64331697709324,0,2,3,0.0,0.667,0
A-2025-07-1,2025-07-01,03:00,CHOQUE FUGA,1,0,2,LIMA,HUARAL,CHANCAY,RURAL,CARRETERA,NACIONAL,PE-1N,-11.5296755,-77.2870452,DESPEJADO,RURAL,TRAMO RECTO,PLANA ,ASFALTADA,,,,,EN PROCESO DE INVESTIGACIÓN,NO CUENTA CON CAUSA ESPECIFICA,3.0,0,2025.0,7.0,1.0,0,0,2,0,0.0,0.0,0.0,0.0,0,0,19.0,0.0,0,0,2,0.0,0.0,1
A-2025-07-61,2025-07-01,05:31,ESPECIAL,1,0,0,CUSCO,CHUMBIVILCAS,CHAMACA,RURAL,CARRETERA,SIN CLASIFICAR,NO CORRESPONDE,-14.417743,-71.935251,DESPEJADO,RURAL,TRAMO RECTO,PLANA ,AFIRMADO,,,,,IMPRUDENCIA DEL CONDUCTOR,FATIGA Y/O CANSANCIO,5.0,0,2025.0,7.0,1.0,0,0,2,1,0.0,0.0,1.0,1.0,0,0,32.0,4.242640687119285,0,1,2,0.0,0.5,1
A-2025-07-67,2025-07-01,19:00,CHOQUE,1,1,2,CAJAMARCA,CAJAMARCA,NAMORA,RURAL,CARRETERA,NACIONAL,PE-3N,-7.209202,-78.309549,DESPEJADO,RURAL,TRAMO RECTO,PLANA ,ASFALTADA,,,,,IMPRUDENCIA DEL CONDUCTOR,EXCESO DE VELOCIDAD,19.0,0,2025.0,7.0,1.0,0,3,2,1,0.0,0.0,0.0,0.0,0,0,43.0,26.664583251946766,0,1,3,0.0,0.333,1
A-2025-07-8,2025-07-01,20:00,ATROPELLO FUGA,1,0,1,TUMBES,TUMBES,TUMBES,RURAL,CARRETERA,DEPARTAMENTAL,TU-103,-3.513088072844824,-80.38671073976607,DESPEJADO,RURAL,TRAMO RECTO,PLANA ,ASFALTADA,,,,,IMPRUDENCIA DEL PEATÓN,ESTADO DE EBRIEDAD Y/O DROGADICCIÓN,20.0,0,2025.0,7.0,1.0,0,3,2,0,0.0,0.0,0.0,0.0,0,0,76.0,0.0,1,0,2,0.5,0.0,1
A-2025-07-68,2025-07-02,10:15,CAÍDA DE PASAJERO,1,0,1,CAJAMARCA,HUALGAYOC,HUALGAYOC,RURAL,CARRETERA,NACIONAL,PE-3N,-6.760404,-78.596958,DESPEJADO,RURAL,TRAMO RECTO,INCLINADA,ASFALTADA,,,,,IMPRUDENCIA DEL PASAJERO/OCUPANTE,OTRO (IMPRUDENCIA DEL PASAJERO/OCUPANTE),10.0,0,2025.0,7.0,2.0,0,1,2,1,0.0,1.0,0.0,1.0,0,0,32.0,8.48528137423857,0,0,2,0.0,0.0,0
A-2025-07-71,2025-07-02,16:00,CHOQUE,1,1,2,CAJAMARCA,SAN IGNACIO,CHIRINOS,RURAL,CARRETERA,PROVINCIAL,CA-611,-5.293416,-78.902531,DESPEJADO,RURAL,CURVA,PLANA ,CASCAJO/RIPIO,,,,,IMPRUDENCIA DEL CONDUCTOR,EXCESO DE VELOCIDAD,16.0,0,2025.0,7.0,2.0,0,2,2,1,0.0,0.0,1.0,1.0,0,0,26.0,15.556349186104045,0,0,2,0.0,0.0,0
A-2025-07-2,2025-07-02,19:10,CHOQUE,1,6,0,AREQUIPA,AREQUIPA,LA JOYA,RURAL,CARRETERA,NACIONAL,PE-34A,-16.52622001,-71.74999698,DESPEJADO,RURAL,TRAMO RECTO,PLANA ,ASFALTADA,SI,PREVENTIVA (P),REGULADORA (R),SI,EN PROCESO DE INVESTIGACIÓN,NO CUENTA CON CAUSA ESPECIFICA,19.0,0,2025.0,7.0,2.0,0,3,2,0,0.0,0.0,0.0,0.0,0,0,43.666666666666664,15.763882770434446,0,3,9,0.0,0.333,1
A-2025-07-69,2025-07-04,17:50,ATROPELLO,1,0,1,CAJAMARCA,CAJAMARCA,CAJAMARCA,URBANA,JIRÓN,URBANO,NO CORRESPONDE,-7.171495097,-78.5046154,DESPEJADO,RESIDENCIAL,TRAMO RECTO,PLANA ,ASFALTADA,,,,,IMPRUDENCIA DEL PEATÓN,CRUCE INDEBIDO POR LA CALZADA,17.0,0,2025.0,7.0,4.0,0,2,2,1,1.0,0.0,0.0,1.0,0,0,24.0,32.526911934581186,1,1,2,0.5,0.5,0
A-2025-07-46,2025-07-05,09:00,DESPISTE,1,1,1,AYACUCHO,CANGALLO,CANGALLO,RURAL,CARRETERA,PROVINCIAL,AY-995,-13.638071,-74.127434,SOLEADO,RURAL,CURVA,INCLINADA,AFIRMADO,,,,,IMPRUDENCIA DEL CONDUCTOR,CONDUCIR EN ESTADO DE EBRIEDAD Y/O DROGADICCIÓN,9.0,0,2025.0,7.0,5.0,1,1,2,1,0.0,1.0,1.0,2.0,0,0,50.5,10.606601717798213,2,1,2,1.0,0.5,0
A-2025-07-56,2025-07-06,12:40,CHOQUE,1,0,0,AREQUIPA,CARAVELI,CHAPARRA,RURAL,CARRETERA,NACIONAL,PE-32,-15.756718921111904,-73.90493579492664,DESPEJADO,RURAL,TRAMO RECTO,PLANA ,ASFALTADA,,,,,EN PROCESO DE INVESTIGACIÓN,NO CUENTA CON CAUSA ESPECIFICA,12.0,0,2025.0,7.0,6.0,1,2,2,0,0.0,0.0,0.0,0.0,0,0,41.5,20.506096654409877,0,1,2,0.0,0.5,0
A-2025-07-6,2025-07-08,07:30,CHOQUE,1,1,2,SAN MARTIN,RIOJA,ELIAS SOPLIN VARGAS,RURAL,CARRETERA,NACIONAL,PE-5N,-5.982350069,-77.28689222,DESPEJADO,RURAL,TRAMO RECTO,PLANA ,ASFALTADA,,,,,IMPRUDENCIA DEL CONDUCTOR,OTRO (IMPRUDENCIA DEL CONDUCTOR),7.0,0,2025.0,7.0,1.0,0,1,2,2,0.0,0.0,0.0,0.0,0,0,37.0,5.291502622129181,0,1,3,0.0,0.333,0
A-2025-07-65,2025-07-09,15:30,CHOQUE,1,0,2,CUSCO,CHUMBIVILCAS,SANTO TOMAS,RURAL,CARRETERA,PROVINCIAL,CU-1876,-14.659167,-72.021631,DESPEJADO,RURAL,TRAMO RECTO,PLANA ,ASFALTADA,,,,,IMPRUDENCIA DEL CONDUCTOR,EXCESO DE VELOCIDAD,15.0,0,2025.0,7.0,2.0,0,2,2,1,0.0,0.0,0.0,0.0,0,0,31.5,20.506096654409877,0,1,2,0.0,0.5,0
A-2025-07-15,2025-07-10,07:20,CHOQUE,1,0,2,SAN MARTIN,MOYOBAMBA,MOYOBAMBA,URBANA,CARRETERA,NACIONAL,PE-5N,-6.04195,-76.96433,DESPEJADO,COMERCIAL,CURVA,INCLINADA,ASFALTADA,,,,,EN PROCESO DE INVESTIGACIÓN,NO CUENTA CON CAUSA ESPECIFICA,7.0,0,2025.0,7.0,3.0,0,1,2,2,0.0,1.0,0.0,1.0,0,0,35.5,23.33452377915607,0,1,2,0.0,0.5,0
A-2025-07-51,2025-07-10,17:00,DESPISTE,2,0,1,AYACUCHO,VICTOR FAJARDO,CAYARA,RURAL,CARRETERA,NACIONAL,PE-32A,-13.783266372970528,-74.00632537808602,DESPEJADO,RURAL,TRAMO RECTO,PLANA ,TROCHA,,,,,IMPRUDENCIA DEL CONDUCTOR,CONDUCIR EN ESTADO DE EBRIEDAD Y/O DROGADICCIÓN,17.0,1,2025.0,7.0,3.0,0,2,2,1,0.0,0.0,2.0,2.0,0,0,31.5,9.192388155425117,1,1,2,0.5,0.5,0
A-2025-07-54,2025-07-12,04:30,CHOQUE,1,0,2,CUSCO,QUISPICANCHI,CUSIPATA,RURAL,CARRETERA,NACIONAL,PE-3S,-13.905138132634129,-71.49932218441477,DESPEJADO,RURAL,TRAMO RECTO,PLANA ,ASFALTADA,,,,,IMPRUDENCIA DEL CONDUCTOR,FATIGA Y/O CANSANCIO,4.0,0,2025.0,7.0,5.0,1,0,2,1,0.0,0.0,0.0,0.0,0,0,29.666666666666668,14.364307617610164,0,2,3,0.0,0.667,1
A-2025-07-70,2025-07-12,10:30,DESPISTE,1,1,3,CAJAMARCA,CAJAMARCA,CAJAMARCA,URBANA,AVENIDA,URBANO,NO CORRESPONDE,-7.17375,-78.504243,DESPEJADO,COMERCIAL,TRAMO RECTO,PLANA ,ASFALTADA,,,,,IMPRUDENCIA DEL CONDUCTOR,ADELANTAR INDEBIDAMENTE,10.0,0,2025.0,7.0,5.0,1,1,2,1,1.0,0.0,0.0,1.0,0,0,24.666666666666668,15.011106998930272,0,1,4,0.0,0.25,0
A-2025-07-7,2025-07-12,11:25,DESPISTE,1,0,1,SAN MARTIN,RIOJA,RIOJA,URBANA,CARRETERA,NACIONAL,PE-5N,-6.009613,-77.246935,DESPEJADO,RESIDENCIAL,TRAMO RECTO,PLANA ,ASFALTADA,,,,,EN PROCESO DE INVESTIGACIÓN,NO CUENTA CON CAUSA ESPECIFICA,11.0,0,2025.0,7.0,5.0,1,1,2,2,0.0,0.0,0.0,0.0,0,0,53.0,0.0,0,0,1,0.0,0.0,0
A-2025-07-57,2025-07-12,12:00,ATROPELLO,1,0,1,CUSCO,CANCHIS,SICUANI,RURAL,CARRETERA,NACIONAL,PE-3S,-14.22577727,-71.2828127,DESPEJADO,RURAL,TRAMO RECTO,PLANA ,ASFALTADA,,,,,IMPRUDENCIA DEL PEATÓN,CRUCE INDEBIDO POR LA CALZADA,12.0,0,2025.0,7.0,5.0,1,2,2,1,0.0,0.0,0.0,0.0,0,0,51.0,33.94112549695428,0,1,2,0.0,0.5,0
A-2025-07-58,2025-07-13,17:31,ATROPELLO,1,0,0,CUSCO,CANCHIS,SICUANI,RURAL,CARRETERA,NACIONAL,PE-3S,-14.2445622,-71.2604167,DESPEJADO,RURAL,TRAMO RECTO,PLANA ,ASFALTADA,,,,,IMPRUDENCIA DEL CONDUCTOR,EXCESO DE VELOCIDAD,17.0,0,2025.0,7.0,6.0,1,2,2,1,0.0,0.0,0.0,0.0,0,0,48.0,29.698484809834994,0,1,2,0.0,0.5,0
A-2025-07-73,2025-07-13,21:30,DESPISTE,1,2,1,CAJAMARCA,JAEN,COLASAY,RURAL,CARRETERA,PROVINCIAL,CA-672,-5.975650394,-79.04322164,DESPEJADO,RURAL,CURVA,INCLINADA,CASCAJO/RIPIO,,,,,IMPRUDENCIA DEL CONDUCTOR,EXCESO DE VELOCIDAD,21.0,0,2025.0,7.0,6.0,1,3,2,1,0.0,1.0,1.0,2.0,0,0,52.333333333333336,11.590225767142472,0,0,3,0.0,0.0,1
A-2025-07-18,2025-07-14,07:50,DESPISTE,1,0,1,SAN MARTIN,LAMAS,ALONSO DE ALVARADO,RURAL,CARRETERA,NACIONAL,PE-5N,-6.231853477,-76.80798597,DESPEJADO,RURAL,TRAMO RECTO,INCLINADA,ASFALTADA,,,,,EN PROCESO DE INVESTIGACIÓN,NO CUENTA CON CAUSA ESPECIFICA,7.0,0,2025.0,7.0,0.0,0,1,2,2,0.0,1.0,0.0,1.0,0,0,44.0,0.0,0,1,1,0.0,1.0,0
A-2025-07-72,2025-07-14,08:50,CHOQUE,1,0,1,CAJAMARCA,CAJAMARCA,CAJAMARCA,RURAL,CARRETERA,NACIONAL,PE-3N,-7.080033,-78.592559,DESPEJADO,RURAL,TRAMO RECTO,INCLINADA,ASFALTADA,,,,,IMPRUDENCIA DEL CONDUCTOR,EXCESO DE VELOCIDAD,8.0,0,2025.0,7.0,0.0,0,1,2,1,0.0,1.0,0.0,1.0,0,0,31.5,14.849242404917497,0,1,2,0.0,0.5,0
A-2025-07-22,2025-07-15,13:30,CHOQUE,3,1,0,AREQUIPA,AREQUIPA,VITOR,RURAL,CARRETERA,NACIONAL,PE-1S,-16.445773,-71.974013,DESPEJADO,RURAL,TRAMO RECTO,PLANA ,ASFALTADA,SI,PREVENTIVA (P),,SI,EN PROCESO DE INVESTIGACIÓN,NO CUENTA CON CAUSA ESPECIFICA,13.0,2,2025.0,7.0,1.0,0,2,2,0,0.0,0.0,0.0,0.0,0,0,31.0,0.0,0,0,4,0.0,0.0,0
A-2025-07-12,2025-07-16,01:50,ATROPELLO FUGA,1,0,0,AREQUIPA,AREQUIPA,CAYMA,URBANA,CARRETERA,PROVINCIAL,AR-747,-16.389218,-71.549067,DESPEJADO,COMERCIAL,TRAMO RECTO,PLANA ,ASFALTADA,SI,INFORMATIVA (I),,SI,EN PROCESO DE INVESTIGACIÓN,NO CUENTA CON CAUSA ESPECIFICA,1.0,0,2025.0,7.0,2.0,0,0,2,0,0.0,0.0,0.0,0.0,0,0,27.0,0.0,0,0,2,0.0,0.0,1
A-2025-07-74,2025-07-16,03:10,DESPISTE,1,1,1,CAJAMARCA,CAJABAMBA,CONDEBAMBA,RURAL,CARRETERA,PROVINCIAL,CA-1656,-7.583036,-78.065661,DESPEJADO,RURAL,CURVA,INCLINADA,AFIRMADO,,,,,IMPRUDENCIA DEL CONDUCTOR,CONDUCIR EN ESTADO DE EBRIEDAD Y/O DROGADICCIÓN,3.0,0,2025.0,7.0,2.0,0,0,2,1,0.0,1.0,1.0,2.0,0,0,11.0,11.313708498984761,1,0,2,0.5,0.0,1
A-2025-07-23,2025-07-19,04:50,FERROVIARIO,1,0,0,AREQUIPA,AREQUIPA,YURA,RURAL,SIN CLASIFICAR,SIN CLASIFICAR,SIN CLASIFICAR,-16.294903,-71.632503,DESPEJADO,RURAL,TRAMO RECTO,PLANA ,CASCAJO/RIPIO,,,,,EN PROCESO DE INVESTIGACIÓN,NO CUENTA CON CAUSA ESPECIFICA,4.0,0,2025.0,7.0,5.0,1,0,2,0,1.0,0.0,1.0,2.0,0,0,39.0,0.0,0,1,2,0.0,0.5,1
A-2025-07-4,2025-07-19,07:30,CHOQUE,1,0,2,HUANCAVELICA,HUANCAVELICA,HUANDO,URBANA,CARRETERA,NACIONAL,PE-26,-12.5714538179204,-74.95389574736303,DESPEJADO,COMERCIAL,TRAMO RECTO,PLANA ,ASFALTADA,,,,,EN PROCESO DE INVESTIGACIÓN,NO CUENTA CON CAUSA ESPECIFICA,7.0,0,2025.0,7.0,5.0,1,1,2,1,0.0,0.0,0.0,0.0,0,0,45.5,13.435028842544403,0,1,2,0.0,0.5,0
A-2025-07-55,2025-07-20,02:30,ATROPELLO,1,0,1,AYACUCHO,HUAMANGA,AYACUCHO,RURAL,CARRETERA,NACIONAL,PE-28A,-13.184936792494174,-74.25735360645346,DESPEJADO,RURAL,TRAMO RECTO,INCLINADA,ASFALTADA,,,,,IMPRUDENCIA DEL CONDUCTOR,CONDUCIR EN ESTADO DE EBRIEDAD Y/O DROGADICCIÓN,2.0,0,2025.0,7.0,6.0,1,0,2,1,0.0,1.0,0.0,1.0,0,0,36.5,4.949747468305833,2,1,2,1.0,0.5,1
A-2025-07-75,2025-07-20,07:30,DESPISTE,1,0,1,CAJAMARCA,SAN IGNACIO,SAN IGNACIO,RURAL,CARRETERA,NACIONAL,PE-5N,-5.165646,-78.910036,DESPEJADO,RURAL,TRAMO RECTO,PLANA ,ASFALTADA,SI,PREVENTIVA (P),,SI,IMPRUDENCIA DEL CONDUCTOR,OTRO (IMPRUDENCIA DEL CONDUCTOR),7.0,0,2025.0,7.0,6.0,1,1,2,1,0.0,0.0,0.0,0.0,0,0,36.0,0.0,0,0,1,0.0,0.0,0
A-2025-07-76,2025-07-20,07:30,DESPISTE,1,0,0,CAJAMARCA,CHOTA,CHOTA,,CARRETERA,NACIONAL,PE-3N,-6.617740784,-78.58579177,,,,,,,,,,EN PROCESO DE INVESTIGACIÓN,NO CUENTA CON CAUSA ESPECIFICA,7.0,0,2025.0,7.0,6.0,1,1,2,1,0.0,1.0,1.0,2.0,0,0,39.0,0.0,0,0,2,0.0,0.0,0
A-2025-07-52,2025-07-20,18:50,CHOQUE,1,0,2,AYACUCHO,HUANTA,HUANTA,RURAL,CARRETERA,NACIONAL,PE-3S,-12.930705,-74.262873,DESPEJADO,RURAL,CURVA,INCLINADA,ASFALTADA,SI,PREVENTIVA (P),,NO,IMPRUDENCIA DEL CONDUCTOR,INVASIÓN DE CARRIL,18.0,0,2025.0,7.0,6.0,1,3,2,1,0.0,1.0,0.0,1.0,0,1,37.5,23.33452377915607,0,1,2,0.0,0.5,1
A-2025-07-13,2025-07-21,14:30,DESPISTE,1,0,0,AREQUIPA,CAYLLOMA,MAJES,RURAL,CARRETERA,SIN CLASIFICAR,SIN CLASIFICAR,-16.393125,-72.224887,DESPEJADO,RURAL,TRAMO RECTO,PLANA ,ASFALTADA,,,,,EN PROCESO DE INVESTIGACIÓN,NO CUENTA CON CAUSA ESPECIFICA,14.0,0,2025.0,7.0,0.0,0,2,2,0,0.0,0.0,0.0,0.0,0,0,54.0,0.0,0,0,1,0.0,0.0,0
A-2025-07-5,2025-07-22,20:30,CHOQUE FUGA,1,0,1,LIMA,HUARAL,CHANCAY,RURAL,CARRETERA,NACIONAL,PE-1N,-11.4326752,-77.362552,DESPEJADO,RURAL,OTRO,INCLINADA,ASFALTADA,SI,PREVENTIVA (P),,NO,EN PROCESO DE INVESTIGACIÓN,NO CUENTA CON CAUSA ESPECIFICA,20.0,0,2025.0,7.0,1.0,0,3,2,0,0.0,1.0,0.0,1.0,0,1,20.0,0.0,0,1,2,0.0,0.5,1
A-2025-07-47,2025-07-23,10:11,ATROPELLO,1,0,0,AYACUCHO,HUAMANGA,SAN JUAN BAUTISTA,URBANA,JIRÓN,URBANO,NO CORRESPONDE,-13.16676229,-74.22156889,DESPEJADO,RESIDENCIAL,TRAMO RECTO,INCLINADA,ASFALTADA,,,,,IMPRUDENCIA DEL CONDUCTOR,OTRO (IMPRUDENCIA DEL CONDUCTOR),10.0,0,2025.0,7.0,2.0,0,1,2,1,1.0,1.0,0.0,2.0,0,0,50.5,41.71930009000631,0,1,2,0.0,0.5,0
A-2025-07-9,2025-07-24,07:00,CHOQUE,1,1,1,TUMBES,TUMBES,CORRALES,RURAL,CARRETERA,NACIONAL,PE-1N,-3.594363347555513,-80.4805451009477,DESPEJADO,RURAL,TRAMO RECTO,PLANA ,ASFALTADA,NO,,,NO,IMPRUDENCIA DEL CONDUCTOR,INVASIÓN DE CARRIL,7.0,0,2025.0,7.0,3.0,0,1,2,0,0.0,0.0,0.0,0.0,0,2,40.75,19.60229578391266,1,1,4,0.25,0.25,0
A-2025-07-16,2025-07-24,09:30,DESPISTE,2,2,1,HUANCAVELICA,ACOBAMBA,ANTA,RURAL,CARRETERA,DEPARTAMENTAL,HV-107,-12.77822917,-74.67188776,DESPEJADO,RURAL,CURVA,PLANA ,ASFALTADA,SI,PREVENTIVA (P),PREVENTIVA (P),NO,EN PROCESO DE INVESTIGACIÓN,NO CUENTA CON CAUSA ESPECIFICA,9.0,1,2025.0,7.0,3.0,0,1,2,1,0.0,0.0,0.0,0.0,0,1,33.0,16.753109164172084,0,0,4,0.0,0.0,0
A-2025-07-10,2025-07-24,15:31,DESPISTE,1,0,1,ANCASH,RECUAY,CATAC,RURAL,CARRETERA,NACIONAL,PE-3N,-9.90924236,-77.3916343,DESPEJADO,RURAL,CURVA,INCLINADA,TROCHA,,,,,EN PROCESO DE INVESTIGACIÓN,NO CUENTA CON CAUSA ESPECIFICA,15.0,0,2025.0,7.0,3.0,0,2,2,0,0.0,1.0,2.0,3.0,0,0,41.0,0.0,0,0,1,0.0,0.0,0
A-2025-07-24,2025-07-24,18:00,ATROPELLO,1,0,0,AREQUIPA,AREQUIPA,UCHUMAYO,URBANA,CARRETERA,NACIONAL,PE-34A,-16.407988,-71.609071,DESPEJADO,RURAL,TRAMO RECTO,PLANA ,ASFALTADA,SI,PREVENTIVA (P),,SI,EN PROCESO DE INVESTIGACIÓN,NO CUENTA CON CAUSA ESPECIFICA,18.0,0,2025.0,7.0,3.0,0,3,2,0,0.0,0.0,0.0,0.0,0,0,53.5,34.64823227814083,0,1,2,0.0,0.5,1
A-2025-07-59,2025-07-26,06:30,DESPISTE,1,1,1,CUSCO,CHUMBIVILCAS,VELILLE,RURAL,CARRETERA,NACIONAL,PE-3SG,-14.546139,-71.903889,DESPEJADO,RURAL,TRAMO RECTO,PLANA ,AFIRMADO,,,,,IMPRUDENCIA DEL CONDUCTOR,CONDUCIR EN ESTADO DE EBRIEDAD Y/O DROGADICCIÓN,6.0,0,2025.0,7.0,5.0,1,1,2,1,0.0,0.0,1.0,1.0,0,0,36.5,0.7071067811865476,1,1,2,0.5,0.5,0
A-2025-07-26,2025-07-26,09:30,DESPISTE,2,4,1,HUANCAVELICA,HUAYTARA,PILPICHACA,RURAL,CARRETERA,NACIONAL,PE-28A,-13.44045843,-74.96093792,DESPEJADO,RURAL,TRAMO RECTO,PLANA ,ASFALTADA,SI,PREVENTIVA (P),PREVENTIVA (P),NO,EN PROCESO DE INVESTIGACIÓN,NO CUENTA CON CAUSA ESPECIFICA,9.0,1,2025.0,7.0,5.0,1,1,2,1,0.0,0.0,0.0,0.0,0,1,30.166666666666668,12.237919213112441,0,1,6,0.0,0.167,0
A-2025-07-11,2025-07-26,19:30,CHOQUE,1,0,2,ANCASH,YUNGAY,YUNGAY,RURAL,CARRETERA,SIN CLASIFICAR,SIN CLASIFICAR,-9.064603534715877,-77.73958032286248,DESPEJADO,RURAL,TRAMO RECTO,PLANA ,ASFALTADA,,,,,EN PROCESO DE INVESTIGACIÓN,NO CUENTA CON CAUSA ESPECIFICA,19.0,0,2025.0,7.0,5.0,1,3,2,0,0.0,0.0,0.0,0.0,0,0,43.0,14.142135623730951,1,1,2,0.5,0.5,1
A-2025-07-53,2025-07-28,16:30,CAÍDA DE PASAJERO,1,0,0,CUSCO,ANTA,CHINCHAYPUJIO,RURAL,CARRETERA,PROVINCIAL,CU-1242,-13.626098835481228,-72.24029474646503,DESPEJADO,RURAL,CURVA,PLANA ,AFIRMADO,,,,,IMPRUDENCIA DEL CONDUCTOR,FATIGA Y/O CANSANCIO,16.0,0,2025.0,7.0,0.0,0,2,2,1,0.0,0.0,1.0,1.0,0,0,16.0,19.79898987322333,0,1,2,0.0,0.5,0
A-2025-07-20,2025-07-29,03:00,DESPISTE,1,0,1,SAN MARTIN,MOYOBAMBA,JEPELACIO,RURAL,CARRETERA,NACIONAL,PE-5N,-6.162995,-76.83646,LLUVIOSO,RURAL,CURVA,PLANA ,ASFALTADA,,,,,EN PROCESO DE INVESTIGACIÓN,NO CUENTA CON CAUSA ESPECIFICA,3.0,0,2025.0,7.0,1.0,0,0,2,2,0.0,0.0,0.0,0.0,1,0,28.0,0.0,0,0,1,0.0,0.0,1
A-2025-07-33,2025-07-29,20:00,CHOQUE,1,0,2,TUMBES,CONTRALMIRANTE VILLAR,ZORRITOS,RURAL,CARRETERA,NACIONAL,PE-1N,-3.7147262790658586,-80.73764025306184,DESPEJADO,RURAL,TRAMO RECTO,PLANA ,ASFALTADA,,,,,IMPRUDENCIA DEL CONDUCTOR,INVASIÓN DE CARRIL,20.0,0,2025.0,7.0,1.0,0,3,2,0,0.0,0.0,0.0,0.0,0,0,35.5,2.1213203435596424,0,1,2,0.0,0.5,1
A-2025-07-21,2025-07-29,23:50,DESPISTE,1,0,1,SAN MARTIN,RIOJA,NUEVA CAJAMARCA,URBANA,JIRÓN,URBANO,NO CORRESPONDE,-5.927366943,-77.31900364,DESPEJADO,RESIDENCIAL,TRAMO RECTO,PLANA ,AFIRMADO,,,,,EN PROCESO DE INVESTIGACIÓN,NO CUENTA CON CAUSA ESPECIFICA,23.0,0,2025.0,7.0,1.0,0,3,2,2,1.0,0.0,1.0,2.0,0,0,21.0,0.0,0,0,1,0.0,0.0,1