CODIGO_SINIESTRO,FECHA_SINIESTRO,HORA_SINIESTRO,CLASE_SINIESTRO,CANTIDAD_FALLECIDOS,CANTIDAD_LESIONADOS,CANTIDAD_VEHICULOS,DEPARTAMENTO,PROVINCIA,DISTRITO,ZONA,TIPO_VIA,RED_VIAL,COD_CARRETERA,LATITUD,LONGITUD,CONDICION_CLIMATICA,ZONIFICACION,CARACTERISTICAS_VIA,PERFIL_VIA,SUPERFICIE_CALZADA,EXISTE_SENIAL_VERTICAL,CLASIFICACION_SENIAL_VERTICAL_1,CLASIFICACION_SENIAL_VERTICAL_2,EXISTE_SENIAL_HORIZONTAL,CAUSA_FACTOR_PRINCIPAL,CAUSA_ESPECIFICA,HORA,severidad,ANIO,MES,DIA_SEMANA,FIN_SEMANA,FRANJA_HORARIA,TEMPORADA,MACROREGION,TIPO_VIA_SCORE,PERFIL_VIA_SCORE,SUPERFICIE_CALZADA_SCORE,RIESGO_INFRAESTRUCTURA,RIESGO_CLIMATICO,SENIALIZACION_DEFICIENTE,EDAD_PROMEDIO,EDAD_STD,TOTAL_ALCOHOL,TOTAL_LICENCIA,TOTAL_PERSONAS,PCT_ALCOHOL,PCT_LICENCIA,ES_NOCHE
A-2025-08-13,2025-08-02,21:20,ATROPELLO FUGA,2,0,0,AREQUIPA,AREQUIPA,CERRO COLORADO,URBANA,CARRETERA,NACIONAL,PE-34A,-16.351566,-71.580756,DESPEJADO,COMERCIAL,TRAMO RECTO,INCLINADA,ASFALTADA,NO,,,SI,EN PROCESO DE INVESTIGACIÓN,NO CUENTA CON CAUSA ESPECIFICA,21.0,1,2025.0,8.0,5.0,1,3,2,0,0.0,1.0,0.0,1.0,0,1,74.0,0.0,0,0,3,0.0,0.0,1
A-2025-08-87,2025-08-03,01:30,DESPISTE,1,2,1,AYACUCHO,CANGALLO,CHUSCHI,RURAL,CARRETERA,DEPARTAMENTAL,AY-107,-13.595,-74.351,DESPEJADO,RURAL,CURVA,INCLINADA,TROCHA,,,,,IMPRUDENCIA DEL CONDUCTOR,CONDUCIR EN ESTADO DE EBRIEDAD Y/O DROGADICCIÓN,1.0,0,2025.0,8.0,6.0,1,0,2,1,0.0,1.0,2.0,3.0,0,0,14.333333333333334,9.814954576223638,1,0,3,0.333,0.0,1
A-2025-08-155,2025-08-03,03:20,CHOQUE,2,2,2,CUSCO,ESPINAR,PALLPATA,RURAL,CARRETERA,NACIONAL,PE-34J,-14.916305,-71.193779,DESPEJADO,RURAL,CURVA,PLANA ,ASFALTADA,,,,,IMPRUDENCIA DEL CONDUCTOR,INVASIÓN DE CARRIL,3.0,1,2025.0,8.0,6.0,1,0,2,1,0.0,0.0,0.0,0.0,0,0,45.5,9.848857801796104,0,2,4,0.0,0.5,1
A-2025-08-153,2025-08-03,09:40,DESPISTE,1,1,1,CUSCO,QUISPICANCHI,CAMANTI,RURAL,CARRETERA,NACIONAL,PE-30C,-13.224433,-70.7423,DESPEJADO,RURAL,CURVA,PLANA ,ASFALTADA,,,,,IMPRUDENCIA DEL CONDUCTOR,CONDUCIR EN ESTADO DE EBRIEDAD Y/O DROGADICCIÓN,9.0,0,2025.0,8.0,6.0,1,1,2,1,0.0,0.0,0.0,0.0,0,0,26.0,7.0710678118654755,1,1,2,0.5,0.5,0
A-2025-08-32,2025-08-04,06:10,CHOQUE,1,2,3,TUMBES,ZARUMILLA,PAPAYAL,RURAL,CARRETERA,NACIONAL,PE-1N,-3.5270681428462614,-80.35939572108758,DESPEJADO,RURAL,TRAMO RECTO,PLANA ,ASFALTADA,,,,,IMPRUDENCIA DEL CONDUCTOR,INVASIÓN DE CARRIL,6.0,0,2025.0,8.0,0.0,0,1,2,0,0.0,0.0,0.0,0.0,0,0,42.333333333333336,6.658328118479392,0,0,4,0.0,0.0,0
A-2025-08-2,2025-08-05,18:00,CHOQUE FUGA,1,0,0,AREQUIPA,ISLAY,DEAN VALDIVIA,RURAL,CARRETERA,PROVINCIAL,AR-817,-17.123828,-71.850587,DESPEJADO,RURAL,TRAMO RECTO,PLANA ,ASFALTADA,,,,,EN PROCESO DE INVESTIGACIÓN,NO CUENTA CON CAUSA ESPECIFICA,18.0,0,2025.0,8.0,1.0,0,3,2,0,0.0,0.0,0.0,0.0,0,0,73.0,0.0,0,0,2,0.0,0.0,1
A-2025-08-1,2025-08-08,10:00,ATROPELLO,1,0,0,HUANCAVELICA,ACOBAMBA,ROSARIO,RURAL,CARRETERA,SIN CLASIFICAR,SIN CLASIFICAR,-12.775655,-74.58469,DESPEJADO,RURAL,TRAMO RECTO,PLANA ,TROCHA,,,,,EN PROCESO DE INVESTIGACIÓN,NO CUENTA CON CAUSA ESPECIFICA,10.0,0,2025.0,8.0,4.0,0,1,2,1,0.0,0.0,2.0,2.0,0,0,21.0,22.627416997969522,0,1,2,0.0,0.5,0
A-2025-08-95,2025-08-09,03:30,CHOQUE,1,1,2,AYACUCHO,LUCANAS,LUCANAS,RURAL,CARRETERA,NACIONAL,PE-30A,-14.6623,-74.386078,DESPEJADO,RURAL,TRAMO RECTO,PLANA ,ASFALTADA,SI,REGULADORA (R),,NO,IMPRUDENCIA DEL CONDUCTOR,EXCESO DE VELOCIDAD,3.0,0,2025.0,8.0,5.0,1,0,2,1,0.0,0.0,0.0,0.0,0,1,47.666666666666664,12.423096769056148,0,2,3,0.0,0.667,1
A-2025-08-27,2025-08-09,05:40,CHOQUE,2,11,0,AREQUIPA,AREQUIPA,YURA,RURAL,CARRETERA,NACIONAL,PE-34A,-16.069505,-71.572433,DESPEJADO,RURAL,TRAMO RECTO,PLANA ,ASFALTADA,NO,,,SI,EN PROCESO DE INVESTIGACIÓN,NO CUENTA CON CAUSA ESPECIFICA,5.0,1,2025.0,8.0,5.0,1,0,2,0,0.0,0.0,0.0,0.0,0,1,36.57142857142857,13.720923302159234,0,2,14,0.0,0.143,1
A-2025-08-6,2025-08-10,00:35,CHOQUE,1,0,2,SAN MARTIN,MOYOBAMBA,CALZADA,RURAL,CARRETERA,NACIONAL,PE-5N,-6.038646,-77.081384,DESPEJADO,RURAL,TRAMO RECTO,PLANA ,ASFALTADA,,,,,EN PROCESO DE INVESTIGACIÓN,NO CUENTA CON CAUSA ESPECIFICA,0.0,0,2025.0,8.0,6.0,1,0,2,2,0.0,0.0,0.0,0.0,0,0,50.0,22.627416997969522,0,1,2,0.0,0.5,1
A-2025-08-156,2025-08-10,10:00,ATROPELLO,1,0,1,CUSCO,CALCA,CALCA,RURAL,AVENIDA,URBANO,NO CORRESPONDE,-13.32366325,-71.94946675,DESPEJADO,RURAL,TRAMO RECTO,INCLINADA,ASFALTADA,,,,,IMPRUDENCIA DEL PEATÓN,CRUCE INDEBIDO POR LA CALZADA,10.0,0,2025.0,8.0,6.0,1,1,2,1,1.0,1.0,0.0,2.0,0,0,54.5,31.81980515339464,0,1,2,0.0,0.5,0
A-2025-08-5,2025-08-11,06:00,CHOQUE,1,1,0,APURIMAC,ANDAHUAYLAS,SAN MIGUEL DE CHACCRAMPA,RURAL,CARRETERA,DEPARTAMENTAL,AP-104,-13.92459538,-73.61262951,SOLEADO,RURAL,CURVA,PLANA ,TROCHA,,,,,IMPRUDENCIA DEL CONDUCTOR,EXCESO DE VELOCIDAD,6.0,0,2025.0,8.0,0.0,0,1,2,1,0.0,0.0,2.0,2.0,0,0,24.0,7.0710678118654755,0,0,2,0.0,0.0,0
A-2025-08-89,2025-08-13,23:30,CHOQUE,3,4,0,CUSCO,QUISPICANCHI,OROPESA,,CARRETERA,NACIONAL,PE-3S,-13.595443,-71.781486,,,,,,,,,,EN PROCESO DE INVESTIGACIÓN,NO CUENTA CON CAUSA ESPECIFICA,23.0,2,2025.0,8.0,2.0,0,3,2,1,0.0,1.0,1.0,2.0,0,0,19.857142857142858,11.553189623484524,0,0,7,0.0,0.0,1
A-2025-08-88,2025-08-15,03:30,CHOQUE,1,0,2,AYACUCHO,HUAMANGA,QUINUA,RURAL,CARRETERA,NACIONAL,PE-28B,-13.0615749435509,-74.16638307526644,DESPEJADO,RURAL,CURVA,INCLINADA,ASFALTADA,SI,PREVENTIVA (P),,NO,IMPRUDENCIA DEL CONDUCTOR,CONDUCIR EN ESTADO DE EBRIEDAD Y/O DROGADICCIÓN,3.0,0,2025.0,8.0,4.0,0,0,2,1,0.0,1.0,0.0,1.0,0,1,28.5,2.1213203435596424,1,1,2,0.5,0.5,1
A-2025-08-24,2025-08-16,19:00,CHOQUE,1,0,2,SAN MARTIN,MOYOBAMBA,YANTALO,RURAL,CARRETERA,DEPARTAMENTAL,SM-113,-5.969565,-77.049934,DESPEJADO,RURAL,TRAMO RECTO,PLANA ,ASFALTADA,,,,,EN PROCESO DE INVESTIGACIÓN,NO CUENTA CON CAUSA ESPECIFICA,19.0,0,2025.0,8.0,5.0,1,3,2,2,0.0,0.0,0.0,0.0,0,0,33.0,7.0710678118654755,0,0,2,0.0,0.0,1
A-2025-08-152,2025-08-17,11:00,DESPISTE,1,0,1,CUSCO,LA CONVENCION,HUAYOPATA,RURAL,CARRETERA,NACIONAL,PE-28B,-13.00442588,-72.50736751,DESPEJADO,RURAL,CURVA,PLANA ,ASFALTADA,SI,INFORMATIVA (I),PREVENTIVA (P),NO,IMPRUDENCIA DEL CONDUCTOR,EXCESO DE VELOCIDAD,11.0,0,2025.0,8.0,6.0,1,1,2,1,0.0,0.0,0.0,0.0,0,1,57.0,0.0,0,0,1,0.0,0.0,0
A-2025-08-131,2025-08-19,18:15,ATROPELLO,1,1,0,CUSCO,PAUCARTAMBO,KOSÑIPATA,RURAL,CARRETERA,PROVINCIAL,CU-113,-12.975169641189671,-71.42560913187148,DESPEJADO,RURAL,TRAMO RECTO,PLANA ,AFIRMADO,,,,,IMPRUDENCIA DEL CONDUCTOR,EXCESO DE VELOCIDAD,18.0,0,2025.0,8.0,1.0,0,3,2,1,0.0,0.0,1.0,1.0,0,0,12.0,12.727922061357855,0,0,2,0.0,0.0,1
A-2025-08-154,2025-08-19,19:40,ATROPELLO,1,0,2,CUSCO,CANCHIS,SICUANI,RURAL,CARRETERA,NACIONAL,PE-3S,-14.310066876000374,-71.20737808213053,DESPEJADO,RURAL,TRAMO RECTO,PLANA ,ASFALTADA,,,,,IMPRUDENCIA DEL PEATÓN,CRUCE INDEBIDO POR LA CALZADA,19.0,0,2025.0,8.0,1.0,0,3,2,1,0.0,0.0,0.0,0.0,0,0,32.0,11.532562594670797,0,1,3,0.0,0.333,1
A-2025-08-18,2025-08-22,12:35,DESPISTE,1,7,1,HUANCAVELICA,ANGARAES,CCOCHACCASA,RURAL,CARRETERA,PROVINCIAL,HV-900,-12.947990773751666,-74.77038499862464,DESPEJADO,RURAL,TRAMO RECTO,PLANA ,AFIRMADO,,,,,EN PROCESO DE INVESTIGACIÓN,NO CUENTA CON CAUSA ESPECIFICA,12.0,0,2025.0,8.0,4.0,0,2,2,1,0.0,0.0,1.0,1.0,0,0,38.375,11.224176711774582,0,1,8,0.0,0.125,0
A-2025-08-40,2025-08-23,05:20,DESPISTE,1,2,0,AREQUIPA,AREQUIPA,LA JOYA,RURAL,CARRETERA,DEPARTAMENTAL,AR-115,-16.541826,-71.705467,DESPEJADO,RURAL,TRAMO RECTO,INCLINADA,ASFALTADA,SI,REGULADORA (R),PREVENTIVA (P),SI,EN PROCESO DE INVESTIGACIÓN,NO CUENTA CON CAUSA ESPECIFICA,5.0,0,2025.0,8.0,5.0,1,0,2,0,0.0,1.0,0.0,1.0,0,0,34.0,15.524174696260024,0,1,3,0.0,0.333,1
A-2025-08-90,2025-08-23,21:14,CHOQUE FUGA,3,0,2,AYACUCHO,HUAMANGA,ANDRES AVELINO CACERES DORREGARAY,URBANA,CARRETERA,NACIONAL,PE-3S,-13.161954486572489,-74.217768271299,DESPEJADO,RESIDENCIAL,CURVA,INCLINADA,ASFALTADA,,,,,IMPRUDENCIA DEL CONDUCTOR,INVASIÓN DE CARRIL,21.0,2,2025.0,8.0,5.0,1,3,2,1,0.0,1.0,0.0,1.0,0,0,28.75,19.85572965166478,0,0,4,0.0,0.0,1
A-2025-08-122,2025-08-23,21:30,ATROPELLO FUGA,1,0,1,AYACUCHO,HUAMANGA,SAN JUAN BAUTISTA,RURAL,CARRETERA,NACIONAL,PE-3S,-13.195297,-74.202945,DESPEJADO,RURAL,TRAMO RECTO,INCLINADA,ASFALTADA,,,,,IMPRUDENCIA DEL PEATÓN,ESTADO DE EBRIEDAD Y/O DROGADICCIÓN,21.0,0,2025.0,8.0,5.0,1,3,2,1,0.0,1.0,0.0,1.0,0,0,52.5,9.192388155425117,1,0,2,0.5,0.0,1
A-2025-08-47,2025-08-24,17:30,ATROPELLO,1,0,0,AREQUIPA,AREQUIPA,JOSE LUIS BUSTAMANTE Y RIVERO,URBANA,AVENIDA,URBANO,NO CORRESPONDE,-16.43091764,-71.52639792,DESPEJADO,COMERCIAL,TRAMO RECTO,PLANA ,ASFALTADA,NO,,,SI,EN PROCESO DE INVESTIGACIÓN,NO CUENTA CON CAUSA ESPECIFICA,17.0,0,2025.0,8.0,6.0,1,2,2,0,1.0,0.0,0.0,1.0,0,1,57.5,37.476659402887016,1,1,2,0.5,0.5,0
A-2025-08-91,2025-08-25,14:45,VOLCADURA,1,2,1,HUANCAVELICA,HUAYTARA,PILPICHACA,RURAL,CARRETERA,NACIONAL,PE-28A,-13.34751973,-74.69164304,LLUVIOSO,RURAL,CURVA,INCLINADA,ASFALTADA,SI,PREVENTIVA (P),PREVENTIVA (P),NO,NEGLIGENCIA DEL CONDUCTOR,CONDUCIR CON FALLAS DE NEUMÁTICOS,14.0,0,2025.0,8.0,0.0,0,2,2,1,0.0,1.0,0.0,1.0,1,1,66.75,2.6299556396765835,0,1,4,0.0,0.25,0
A-2025-08-39,2025-08-27,12:30,DESPISTE,2,0,1,HUANCAVELICA,CASTROVIRREYNA,CAPILLAS,RURAL,CARRETERA,NACIONAL,PE-26,-13.368891,-75.771641,DESPEJADO,RURAL,TRAMO RECTO,PLANA ,ASFALTADA,,,,,EN PROCESO DE INVESTIGACIÓN,NO CUENTA CON CAUSA ESPECIFICA,12.0,1,2025.0,8.0,2.0,0,2,2,1,0.0,0.0,0.0,0.0,0,0,60.0,1.4142135623730951,0,1,2,0.0,0.5,0
A-2025-08-83,2025-08-28,05:00,DESPISTE,3,1,0,CUSCO,CALCA,LARES,RURAL,CARRETERA,PROVINCIAL,CU-709,-13.017787,-72.046501,DESPEJADO,RURAL,CURVA,PLANA ,ASFALTADA,,,,,IMPRUDENCIA DEL CONDUCTOR,EXCESO DE VELOCIDAD,5.0,2,2025.0,8.0,3.0,0,0,2,1,0.0,0.0,0.0,0.0,0,0,33.25,22.18670773233379,0,1,4,0.0,0.25,1
A-2025-08-35,2025-08-28,17:00,VOLCADURA,1,0,0,AREQUIPA,AREQUIPA,CAYMA,URBANA,CALLE,URBANO,NO CORRESPONDE,-16.35246577048342,-71.55154583287722,DESPEJADO,RESIDENCIAL,TRAMO RECTO,INCLINADA,ASFALTADA,NO,,,SI,EN PROCESO DE INVESTIGACIÓN,NO CUENTA CON CAUSA ESPECIFICA,17.0,0,2025.0,8.0,3.0,0,2,2,0,2.0,1.0,0.0,3.0,0,1,23.0,0.0,0,0,2,0.0,0.0,0
A-2025-08-41,2025-08-29,23:50,DESPISTE,4,1,1,HUANCAVELICA,TAYACAJA,ACOSTAMBO,RURAL,CARRETERA,PROVINCIAL,HV-619,-12.491183,-74.960655,DESPEJADO,RURAL,TRAMO RECTO,PLANA ,TROCHA,,,,,EN PROCESO DE INVESTIGACIÓN,NO CUENTA CON CAUSA ESPECIFICA,23.0,2,2025.0,8.0,4.0,0,3,2,1,0.0,0.0,2.0,2.0,0,0,32.0,22.967368155711704,0,1,5,0.0,0.2,1
A-2025-08-48,2025-08-30,01:00,VOLCADURA,1,0,0,AREQUIPA,AREQUIPA,CERRO COLORADO,URBANA,AVENIDA,URBANO,NO CORRESPONDE,-16.333158,-71.576935,SOLEADO,COMERCIAL,CURVA,PLANA ,ASFALTADA,SI,PREVENTIVA (P),PREVENTIVA (P),SI,EN PROCESO DE INVESTIGACIÓN,NO CUENTA CON CAUSA ESPECIFICA,1.0,0,2025.0,8.0,5.0,1,0,2,0,1.0,0.0,0.0,1.0,0,0,28.0,0.0,0,1,1,0.0,1.0,1
A-2025-08-151,2025-08-30,09:00,DESPISTE,2,35,2,CUSCO,ANTA,CACHIMAYO,RURAL,CARRETERA,NACIONAL,PE-3S,-13.489751,-72.061916,DESPEJADO,RURAL,TRAMO RECTO,PLANA ,ASFALTADA,,,,,IMPRUDENCIA DEL CONDUCTOR,EXCESO DE VELOCIDAD,9.0,1,2025.0,8.0,5.0,1,1,2,1,0.0,0.0,0.0,0.0,0,0,39.526315789473685,15.863840989010471,0,2,38,0.0,0.053,0
A-2025-08-84,2025-08-31,00:00,ATROPELLO,1,0,1,CUSCO,ANTA,ANCAHUASI,RURAL,CARRETERA,NACIONAL,PE-3S,-13.4613157,-72.289675,DESPEJADO,RURAL,TRAMO RECTO,PLANA ,ASFALTADA,,,,,IMPRUDENCIA DEL PEATÓN,ESTADO DE EBRIEDAD Y/O DROGADICCIÓN,0.0,0,2025.0,8.0,6.0,1,0,2,1,0.0,0.0,0.0,0.0,0,0,41.5,3.5355339059327378,1,1,2,0.5,0.5,1
A-2025-08-34,2025-08-31,04:40,DESPISTE,1,1,1,TUMBES,CONTRALMIRANTE VILLAR,CANOAS DE PUNTA SAL,RURAL,CARRETERA,NACIONAL,PE-1N,-3.9516883245415135,-80.94752307923065,DESPEJADO,RURAL,CURVA,INCLINADA,ASFALTADA,,,,,IMPRUDENCIA DEL CONDUCTOR,OTRO (IMPRUDENCIA DEL CONDUCTOR),4.0,0,2025.0,8.0,6.0,1,0,2,0,0.0,1.0,0.0,1.0,0,0,21.5,7.7781745930520225,0,0,2,0.0,0.0,1
A-2025-09-28,2025-09-01,00:02,DESPISTE,1,0,1,SAN MARTIN,MOYOBAMBA,CALZADA,URBANA,CARRETERA,NACIONAL,PE-5N,-6.041788,-77.13269,DESPEJADO,RESIDENCIAL,CURVA,PLANA ,ASFALTADA,,,,,EN PROCESO DE INVESTIGACIÓN,NO CUENTA CON CAUSA ESPECIFICA,0.0,0,2025.0,9.0,0.0,0,0,3,2,0.0,0.0,0.0,0.0,0,0,52.0,0.0,0,0,1,0.0,0.0,1
A-2025-09-39,2025-09-01,09:00,DESPISTE,1,0,1,HUANCAVELICA,TAYACAJA,AHUAYCHA,RURAL,CARRETERA,SIN CLASIFICAR,SIN CLASIFICAR,-12.398457131576746,-74.8868624413422,DESPEJADO,RURAL,TRAMO RECTO,PLANA ,TROCHA,,,,,EN PROCESO DE INVESTIGACIÓN,NO CUENTA CON CAUSA ESPECIFICA,9.0,0,2025.0,9.0,0.0,0,1,3,1,0.0,0.0,2.0,2.0,0,0,49.0,0.0,0,1,1,0.0,1.0,0
A-2025-09-195,2025-09-01,15:10,ATROPELLO,1,0,0,CUSCO,QUISPICANCHI,CCATCA,RURAL,CARRETERA,NACIONAL,PE-30C,-13.622459,-71.546893,DESPEJADO,RURAL,TRAMO RECTO,PLANA ,ASFALTADA,SI,REGULADORA (R),PREVENTIVA (P),NO,IMPRUDENCIA DEL CONDUCTOR,EXCESO DE VELOCIDAD,15.0,0,2025.0,9.0,0.0,0,2,3,1,0.0,0.0,0.0,0.0,0,1,79.0,0.0,0,0,2,0.0,0.0,0
A-2025-09-263,2025-09-01,18:30,ATROPELLO FUGA,1,0,0,AYACUCHO,HUAMANGA,VINCHOS,RURAL,CARRETERA,NACIONAL,PE-28A,-13.357008,-74.414337,,,,,,,,,,EN PROCESO DE INVESTIGACIÓN,NO CUENTA CON CAUSA ESPECIFICA,18.0,0,2025.0,9.0,0.0,0,3,3,1,0.0,1.0,1.0,2.0,0,0,60.0,0.0,0,0,2,0.0,0.0,1
A-2025-09-194,2025-09-02,18:30,VOLCADURA,1,0,1,CUSCO,CHUMBIVILCAS,COLQUEMARCA,RURAL,CARRETERA,DEPARTAMENTAL,CU-127,-14.339286351337746,-72.00417709519428,DESPEJADO,RURAL,TRAMO RECTO,PLANA ,AFIRMADO,,,,,IMPRUDENCIA DEL CONDUCTOR,FATIGA Y/O CANSANCIO,18.0,0,2025.0,9.0,1.0,0,3,3,1,0.0,0.0,1.0,1.0,0,0,28.0,0.0,0,1,1,0.0,1.0,1
A-2025-09-219,2025-09-03,15:00,DESPISTE,1,0,1,AYACUCHO,CANGALLO,PARAS,RURAL,CARRETERA,DEPARTAMENTAL,AY-106,-13.466142434885144,-74.649562141937,LLUVIOSO,RURAL,CURVA,PLANA ,TROCHA,,,,,IMPRUDENCIA DEL CONDUCTOR,OTRO (IMPRUDENCIA DEL CONDUCTOR),15.0,0,2025.0,9.0,2.0,0,2,3,1,0.0,0.0,2.0,2.0,1,0,10.0,11.313708498984761,0,0,2,0.0,0.0,0
A-2025-09-207,2025-09-03,23:00,CHOQUE,1,0,2,AYACUCHO,CANGALLO,PARAS,RURAL,CARRETERA,NACIONAL,PE-28A,-13.352814223552134,-74.6544330697182,DESPEJADO,RURAL,CURVA,INCLINADA,ASFALTADA,SI,PREVENTIVA (P),,NO,IMPRUDENCIA DEL CONDUCTOR,OTRO (IMPRUDENCIA DEL CONDUCTOR),23.0,0,2025.0,9.0,2.0,0,3,3,1,0.0,1.0,0.0,1.0,0,1,41.333333333333336,7.767453465154029,1,2,3,0.333,0.667,1
A-2025-09-181,2025-09-04,06:28,ATROPELLO,1,0,0,CUSCO,PAUCARTAMBO,KOSÑIPATA,URBANA,CALLE,URBANO,NO CORRESPONDE,-12.912910792486867,-71.40525960842317,DESPEJADO,RESIDENCIAL,TRAMO RECTO,PLANA ,CONCRETO,,,,,IMPRUDENCIA DEL CONDUCTOR,EXCESO DE VELOCIDAD,6.0,0,2025.0,9.0,3.0,0,1,3,1,2.0,0.0,0.0,2.0,0,0,57.5,30.405591591021544,0,1,2,0.0,0.5,0
A-2025-09-55,2025-09-04,13:15,DESPISTE,1,0,1,HUANCAVELICA,HUAYTARA,PILPICHACA,RURAL,CARRETERA,NACIONAL,PE-28E,-13.328889,-74.992257,DESPEJADO,RURAL,TRAMO RECTO,PLANA ,AFIRMADO,,,,,EN PROCESO DE INVESTIGACIÓN,NO CUENTA CON CAUSA ESPECIFICA,13.0,0,2025.0,9.0,3.0,0,2,3,1,0.0,0.0,1.0,1.0,0,0,24.0,0.0,0,0,1,0.0,0.0,0
A-2025-09-193,2025-09-04,17:00,DESPISTE,1,0,1,CUSCO,CHUMBIVILCAS,COLQUEMARCA,URBANA,CARRETERA,DEPARTAMENTAL,CU-119,-14.29925320828684,-72.03678189618539,DESPEJADO,RURAL,TRAMO RECTO,PLANA ,AFIRMADO,,,,,IMPRUDENCIA DEL CONDUCTOR,FATIGA Y/O CANSANCIO,17.0,0,2025.0,9.0,3.0,0,2,3,1,0.0,0.0,1.0,1.0,0,0,55.0,0.0,0,1,1,0.0,1.0,0
A-2025-09-53,2025-09-05,00:05,CHOQUE,1,1,0,AREQUIPA,CAYLLOMA,SAN ANTONIO DE CHUCA,RURAL,CARRETERA,NACIONAL,PE-34A,-15.86967,-71.137238,DESPEJADO,RURAL,TRAMO RECTO,PLANA ,ASFALTADA,NO,,,SI,IMPRUDENCIA DEL CONDUCTOR,OTRO (IMPRUDENCIA DEL CONDUCTOR),0.0,0,2025.0,9.0,4.0,0,0,3,0,0.0,0.0,0.0,0.0,0,1,46.0,7.0,0,2,3,0.0,0.667,1
A-2025-09-191,2025-09-05,17:35,VOLCADURA,1,0,2,CUSCO,CHUMBIVILCAS,COLQUEMARCA,RURAL,CARRETERA,NACIONAL,PE-3SY,-14.336007306413311,-71.95862143020156,DESPEJADO,RURAL,TRAMO RECTO,PLANA ,ASFALTADA,,,,,IMPRUDENCIA DEL CONDUCTOR,CONDUCIR EN ESTADO DE EBRIEDAD Y/O DROGADICCIÓN,17.0,0,2025.0,9.0,4.0,0,2,3,1,0.0,0.0,0.0,0.0,0,0,41.0,0.0,0,1,1,0.0,1.0,0
A-2025-09-30,2025-09-05,20:35,CHOQUE,3,0,2,SAN MARTIN,RIOJA,NUEVA CAJAMARCA,RURAL,CARRETERA,NACIONAL,PE-5N,-5.826285,-77.372659,DESPEJADO,RURAL,TRAMO RECTO,PLANA ,ASFALTADA,,,,,IMPRUDENCIA DEL CONDUCTOR,CONDUCIR EN ESTADO DE EBRIEDAD Y/O DROGADICCIÓN,20.0,2,2025.0,9.0,4.0,0,3,3,2,0.0,0.0,0.0,0.0,0,0,25.666666666666668,3.511884584284246,0,1,3,0.0,0.333,1
A-2025-09-11,2025-09-06,09:00,DESPISTE,1,1,0,AREQUIPA,AREQUIPA,YURA,RURAL,CARRETERA,NACIONAL,PE-34A,-16.24303793358947,-71.67024990420613,DESPEJADO,RURAL,CURVA,INCLINADA,ASFALTADA,SI,PREVENTIVA (P),,SI,EN PROCESO DE INVESTIGACIÓN,NO CUENTA CON CAUSA ESPECIFICA,9.0,0,2025.0,9.0,5.0,1,1,3,0,0.0,1.0,0.0,1.0,0,0,29.5,0.7071067811865476,0,1,2,0.0,0.5,0
A-2025-09-209,2025-09-07,21:46,ATROPELLO,1,0,1,CUSCO,CUSCO,WANCHAQ,URBANA,CALLE,URBANO,NO CORRESPONDE,-13.530732,-71.959368,DESPEJADO,RESIDENCIAL,TRAMO RECTO,PLANA ,CONCRETO,,,,,IMPRUDENCIA DEL PEATÓN,CRUCE INDEBIDO POR LA CALZADA,21.0,0,2025.0,9.0,6.0,1,3,3,1,2.0,0.0,0.0,2.0,0,0,37.5,17.67766952966369,1,0,2,0.5,0.0,1
A-2025-09-56,2025-09-08,02:10,CHOQUE CON OBJETO FIJO,1,0,1,SAN MARTIN,RIOJA,PARDO MIGUEL,URBANA,CARRETERA,NACIONAL,PE-5N,-5.733252,-77.506772,DESPEJADO,RESIDENCIAL,CURVA,INCLINADA,ASFALTADA,,,,,EN PROCESO DE INVESTIGACIÓN,NO CUENTA CON CAUSA ESPECIFICA,2.0,0,2025.0,9.0,0.0,0,0,3,2,0.0,1.0,0.0,1.0,0,0,17.0,0.0,0,0,1,0.0,0.0,1
A-2025-09-192,2025-09-08,22:41,ATROPELLO,1,0,1,CUSCO,CUSCO,WANCHAQ,URBANA,CALLE,URBANO,NO CORRESPONDE,-13.530732,-71.959368,NUBLADO,RESIDENCIAL,TRAMO RECTO,PLANA ,CONCRETO,NO,,,SI,IMPRUDENCIA DEL PEATÓN,ESTADO DE EBRIEDAD Y/O DROGADICCIÓN,22.0,0,2025.0,9.0,0.0,0,3,3,1,2.0,0.0,0.0,2.0,0,1,37.5,17.67766952966369,1,0,2,0.5,0.0,1
A-2025-09-220,2025-09-09,01:20,CHOQUE FUGA,1,0,1,AYACUCHO,HUAMANGA,SAN JUAN BAUTISTA,RURAL,CARRETERA,NACIONAL,PE-3S,-13.200099,-74.205363,DESPEJADO,RURAL,TRAMO RECTO,INCLINADA,ASFALTADA,SI,PREVENTIVA (P),,NO,IMPRUDENCIA DEL CONDUCTOR,EXCESO DE VELOCIDAD,1.0,0,2025.0,9.0,1.0,0,0,3,1,0.0,1.0,0.0,1.0,0,1,40.0,0.0,1,0,2,0.5,0.0,1
A-2025-09-189,2025-09-09,09:00,DESPISTE,1,0,1,CUSCO,CHUMBIVILCAS,SANTO TOMAS,RURAL,CARRETERA,NACIONAL,PE-3SG,-14.479037,-72.093613,DESPEJADO,RURAL,CURVA,PLANA ,AFIRMADO,,,,,IMPRUDENCIA DEL CONDUCTOR,EXCESO DE VELOCIDAD,9.0,0,2025.0,9.0,1.0,0,1,3,1,0.0,0.0,1.0,1.0,0,0,40.0,0.0,0,0,1,0.0,0.0,0