CODIGO_SINIESTRO,FECHA_SINIESTRO,HORA_SINIESTRO,CLASE_SINIESTRO,CANTIDAD_FALLECIDOS,CANTIDAD_LESIONADOS,CANTIDAD_VEHICULOS,DEPARTAMENTO,PROVINCIA,DISTRITO,ZONA,TIPO_VIA,RED_VIAL,COD_CARRETERA,LATITUD,LONGITUD,CONDICION_CLIMATICA,ZONIFICACION,CARACTERISTICAS_VIA,PERFIL_VIA,SUPERFICIE_CALZADA,EXISTE_SENIAL_VERTICAL,CLASIFICACION_SENIAL_VERTICAL_1,CLASIFICACION_SENIAL_VERTICAL_2,EXISTE_SENIAL_HORIZONTAL,CAUSA_FACTOR_PRINCIPAL,CAUSA_ESPECIFICA,HORA,severidad,ANIO,MES,DIA_SEMANA,FIN_SEMANA,FRANJA_HORARIA,TEMPORADA,MACROREGION,TIPO_VIA_SCORE,PERFIL_VIA_SCORE,SUPERFICIE_CALZADA_SCORE,RIESGO_INFRAESTRUCTURA,RIESGO_CLIMATICO,SENIALIZACION_DEFICIENTE,EDAD_PROMEDIO,EDAD_STD,TOTAL_ALCOHOL,TOTAL_LICENCIA,TOTAL_PERSONAS,PCT_ALCOHOL,PCT_LICENCIA,ES_NOCHE
A-2025-09-217,2025-09-09,23:00,DESPISTE,1,1,1,AYACUCHO,HUAMANGA,CHIARA,RURAL,CARRETERA,NACIONAL,PE-32A,-13.384927044679095,-74.19011049669709,DESPEJADO,RURAL,TRAMO RECTO,PLANA ,ASFALTADA,,,,,IMPRUDENCIA DEL CONDUCTOR,CONDUCIR EN ESTADO DE EBRIEDAD Y/O DROGADICCIÓN,23.0,0,2025.0,9.0,1.0,0,3,3,1,0.0,0.0,0.0,0.0,0,0,24.5,2.1213203435596424,1,1,2,0.5,0.5,1
A-2025-09-190,2025-09-10,15:30,CHOQUE,1,1,2,CUSCO,CANCHIS,TINTA,RURAL,CARRETERA,NACIONAL,PE-3S,-14.15364,-71.391025,DESPEJADO,RURAL,TRAMO RECTO,PLANA ,ASFALTADA,,,,,IMPRUDENCIA DEL CONDUCTOR,EXCESO DE VELOCIDAD,15.0,0,2025.0,9.0,2.0,0,2,3,1,0.0,0.0,0.0,0.0,0,0,28.666666666666668,1.5275252316519472,0,1,3,0.0,0.333,0
A-2025-09-188,2025-09-12,03:30,ATROPELLO FUGA,1,0,0,CUSCO,LA CONVENCION,SANTA ANA,RURAL,CARRETERA,NACIONAL,PE-28B,-12.944911,-72.670273,DESPEJADO,RURAL,CURVA,PLANA ,ASFALTADA,,,,,IMPRUDENCIA DEL CONDUCTOR,EXCESO DE VELOCIDAD,3.0,0,2025.0,9.0,4.0,0,0,3,1,0.0,0.0,0.0,0.0,0,0,21.0,0.0,0,0,2,0.0,0.0,1
A-2025-09-182,2025-09-14,07:00,DESPISTE,1,0,0,CUSCO,PAUCARTAMBO,PAUCARTAMBO,RURAL,CARRETERA,PROVINCIAL,CU-1020,-13.357721,-71.556543,DESPEJADO,RURAL,TRAMO RECTO,PLANA ,AFIRMADO,,,,,IMPRUDENCIA DEL CONDUCTOR,EXCESO DE VELOCIDAD,7.0,0,2025.0,9.0,6.0,1,1,3,1,0.0,0.0,1.0,1.0,0,0,30.0,0.0,0,0,1,0.0,0.0,0
A-2025-09-146,2025-09-15,04:30,VOLCADURA,1,0,1,SAN MARTIN,RIOJA,NUEVA CAJAMARCA,URBANA,JIRÓN,URBANO,NO CORRESPONDE,-5.953819,-77.302342,DESPEJADO,COMERCIAL,TRAMO RECTO,PLANA ,ASFALTADA,,,,,EN PROCESO DE INVESTIGACIÓN,NO CUENTA CON CAUSA ESPECIFICA,4.0,0,2025.0,9.0,0.0,0,0,3,2,1.0,0.0,0.0,1.0,0,0,39.0,0.0,0,0,1,0.0,0.0,1
A-2025-09-37,2025-09-15,05:30,DESPISTE,1,0,1,LIMA,HUARAL,IHUARI,RURAL,CARRETERA,PROVINCIAL,LM-644,-11.2247331,-76.9100512,SOLEADO,RURAL,SINUOSA,INCLINADA,TROCHA,,,,,EN PROCESO DE INVESTIGACIÓN,NO CUENTA CON CAUSA ESPECIFICA,5.0,0,2025.0,9.0,0.0,0,0,3,0,0.0,1.0,2.0,3.0,0,0,32.0,0.0,0,1,1,0.0,1.0,1
A-2025-09-154,2025-09-15,12:40,CHOQUE,1,0,0,AREQUIPA,CAYLLOMA,CALLALLI,RURAL,CARRETERA,NACIONAL,PE-34J,-15.530523,-71.055222,DESPEJADO,RURAL,TRAMO RECTO,PLANA ,ASFALTADA,SI,PREVENTIVA (P),,SI,EN PROCESO DE INVESTIGACIÓN,NO CUENTA CON CAUSA ESPECIFICA,12.0,0,2025.0,9.0,0.0,0,2,3,0,0.0,0.0,0.0,0.0,0,0,42.0,10.989505483379622,0,2,14,0.0,0.143,0
A-2025-09-159,2025-09-15,22:30,CHOQUE,1,1,3,SAN MARTIN,MOYOBAMBA,MOYOBAMBA,RURAL,CARRETERA,NACIONAL,PE-5N,-6.044842,-77.008884,DESPEJADO,RURAL,TRAMO RECTO,PLANA ,ASFALTADA,,,,,IMPRUDENCIA DEL CONDUCTOR,CONDUCIR EN ESTADO DE EBRIEDAD Y/O DROGADICCIÓN,22.0,0,2025.0,9.0,0.0,0,3,3,2,0.0,0.0,0.0,0.0,0,0,35.333333333333336,6.110100926607787,0,1,3,0.0,0.333,1
A-2025-09-178,2025-09-16,03:30,CHOQUE,2,0,2,CUSCO,URUBAMBA,OLLANTAYTAMBO,RURAL,CARRETERA,NACIONAL,PE-28B,-13.242697,-72.293616,DESPEJADO,RURAL,TRAMO RECTO,PLANA ,ASFALTADA,,,,,IMPRUDENCIA DEL CONDUCTOR,CONDUCIR EN ESTADO DE EBRIEDAD Y/O DROGADICCIÓN,3.0,1,2025.0,9.0,1.0,0,0,3,1,0.0,0.0,0.0,0.0,0,0,26.333333333333332,1.1547005383792517,0,2,3,0.0,0.667,1
A-2025-09-54,2025-09-16,18:50,ATROPELLO FUGA,1,0,0,AREQUIPA,AREQUIPA,LA JOYA,URBANA,CARRETERA,NACIONAL,PE-1S,-16.726349,-71.870022,NUBLADO,RURAL,TRAMO RECTO,INCLINADA,ASFALTADA,SI,REGULADORA (R),INFORMATIVA (I),SI,EN PROCESO DE INVESTIGACIÓN,NO CUENTA CON CAUSA ESPECIFICA,18.0,0,2025.0,9.0,1.0,0,3,3,0,0.0,1.0,0.0,1.0,0,0,73.0,0.0,0,0,2,0.0,0.0,1
A-2025-09-216,2025-09-17,01:30,DESPISTE,1,4,1,AYACUCHO,CANGALLO,PARAS,RURAL,CARRETERA,NACIONAL,PE-28A,-13.354,-74.792,DESPEJADO,RESIDENCIAL,CURVA,INCLINADA,ASFALTADA,SI,PREVENTIVA (P),,NO,IMPRUDENCIA DEL CONDUCTOR,INVASIÓN DE CARRIL,1.0,0,2025.0,9.0,2.0,0,0,3,1,0.0,1.0,0.0,1.0,0,1,30.666666666666668,9.791152468768255,0,1,6,0.0,0.167,1
A-2025-09-38,2025-09-17,06:30,ATROPELLO FUGA,1,0,0,LIMA,HUAURA,HUACHO,RURAL,CARRETERA,NACIONAL,PE-1N,-11.4099354,-77.3765669,DESPEJADO,RURAL,TRAMO RECTO,INCLINADA,ASFALTADA,SI,REGULADORA (R),,NO,EN PROCESO DE INVESTIGACIÓN,NO CUENTA CON CAUSA ESPECIFICA,6.0,0,2025.0,9.0,2.0,0,1,3,0,0.0,1.0,0.0,1.0,0,1,59.0,0.0,0,0,2,0.0,0.0,0
A-2025-09-175,2025-09-17,08:30,ATROPELLO FUGA,1,0,1,CUSCO,ESPINAR,ESPINAR,RURAL,AVENIDA,URBANO,NO CORRESPONDE,-14.80180822,-71.41674826,DESPEJADO,RESIDENCIAL,TRAMO RECTO,PLANA ,CONCRETO,,,,,IMPRUDENCIA DEL CONDUCTOR,CONDUCIR EN ESTADO DE EBRIEDAD Y/O DROGADICCIÓN,8.0,0,2025.0,9.0,2.0,0,1,3,1,1.0,0.0,0.0,1.0,0,0,62.0,0.0,0,0,2,0.0,0.0,0
A-2025-09-172,2025-09-19,15:30,ATROPELLO,1,0,1,CUSCO,ACOMAYO,SANGARARA,RURAL,CARRETERA,DEPARTAMENTAL,CU-117,-13.999685,-71.52858,DESPEJADO,RURAL,CURVA,PLANA ,AFIRMADO,,,,,IMPRUDENCIA DEL PEATÓN,CRUCE INDEBIDO POR LA CALZADA,15.0,0,2025.0,9.0,4.0,0,2,3,1,0.0,0.0,1.0,1.0,0,0,15.5,9.192388155425117,0,1,2,0.0,0.5,0
A-2025-09-208,2025-09-19,16:40,ATROPELLO,1,1,0,AYACUCHO,HUAMANGA,VINCHOS,RURAL,CARRETERA,PROVINCIAL,AY-849,-13.366,-74.313,DESPEJADO,RURAL,TRAMO RECTO,INCLINADA,AFIRMADO,,,,,IMPRUDENCIA DEL PEATÓN,CRUCE INDEBIDO POR LA CALZADA,16.0,0,2025.0,9.0,4.0,0,2,3,1,0.0,1.0,1.0,2.0,0,0,34.333333333333336,18.823743871327334,0,0,3,0.0,0.0,0
A-2025-09-57,2025-09-19,20:00,ATROPELLO FUGA,1,0,0,AREQUIPA,AREQUIPA,CERRO COLORADO,URBANA,JIRÓN,URBANO,NO CORRESPONDE,-16.40197,-71.5762,DESPEJADO,COMERCIAL,TRAMO RECTO,PLANA ,ASFALTADA,SI,INFORMATIVA (I),,SI,EN PROCESO DE INVESTIGACIÓN,NO CUENTA CON CAUSA ESPECIFICA,20.0,0,2025.0,9.0,4.0,0,3,3,0,1.0,0.0,0.0,1.0,0,0,16.0,9.899494936611665,1,0,2,0.5,0.0,1
A-2025-09-222,2025-09-20,13:00,ATROPELLO,1,0,0,CUSCO,CANCHIS,SICUANI,RURAL,CARRETERA,NACIONAL,PE-3S,-14.29031,-71.221327,DESPEJADO,RURAL,TRAMO RECTO,PLANA ,CONCRETO,,,,,IMPRUDENCIA DEL PEATÓN,CRUCE INDEBIDO POR LA CALZADA,13.0,0,2025.0,9.0,5.0,1,2,3,1,0.0,0.0,0.0,0.0,0,0,27.0,11.313708498984761,0,0,2,0.0,0.0,0
A-2025-09-78,2025-09-20,14:18,DESPISTE,1,0,1,HUANCAVELICA,ACOBAMBA,PAUCARA,RURAL,CARRETERA,NACIONAL,PE-3SM,-12.665855,-74.712145,DESPEJADO,RURAL,TRAMO RECTO,PLANA ,CONCRETO,,,,,EN PROCESO DE INVESTIGACIÓN,NO CUENTA CON CAUSA ESPECIFICA,14.0,0,2025.0,9.0,5.0,1,2,3,1,0.0,0.0,0.0,0.0,0,0,34.0,0.0,0,0,1,0.0,0.0,0
A-2025-09-174,2025-09-20,19:20,ATROPELLO,1,0,1,CUSCO,CUSCO,WANCHAQ,URBANA,CARRETERA,NACIONAL,PE-3S,-13.532413,-71.962001,DESPEJADO,RESIDENCIAL,TRAMO RECTO,PLANA ,CONCRETO,SI,PREVENTIVA (P),REGULADORA (R),NO,IMPRUDENCIA DEL CONDUCTOR,EXCESO DE VELOCIDAD,19.0,0,2025.0,9.0,5.0,1,3,3,1,0.0,0.0,0.0,0.0,0,1,33.5,7.7781745930520225,0,1,2,0.0,0.5,1
A-2025-09-177,2025-09-20,20:00,ATROPELLO FUGA,1,0,0,CUSCO,CUSCO,SAN JERONIMO,RURAL,AVENIDA,URBANO,NO CORRESPONDE,-13.553208,-71.881763,DESPEJADO,RURAL,TRAMO RECTO,PLANA ,ASFALTADA,,,,,IMPRUDENCIA DEL CONDUCTOR,EXCESO DE VELOCIDAD,20.0,0,2025.0,9.0,5.0,1,3,3,1,1.0,0.0,0.0,1.0,0,0,51.0,0.0,0,0,2,0.0,0.0,1
A-2025-09-170,2025-09-22,10:35,CHOQUE,1,0,2,SAN MARTIN,RIOJA,RIOJA,URBANA,AVENIDA,URBANO,NO CORRESPONDE,-6.060153,-77.179152,SOLEADO,COMERCIAL,INTERSECCIÓN,PLANA ,ASFALTADA,,,,,EN PROCESO DE INVESTIGACIÓN,NO CUENTA CON CAUSA ESPECIFICA,10.0,0,2025.0,9.0,0.0,0,1,3,2,1.0,0.0,0.0,1.0,0,0,47.5,48.79036790187178,0,0,2,0.0,0.0,0
A-2025-09-124,2025-09-25,17:40,CHOQUE,1,0,2,TUMBES,TUMBES,PAMPAS DE HOSPITAL,RURAL,CARRETERA,DEPARTAMENTAL,TU-104,-3.68369253583533,-80.43698072015664,DESPEJADO,RURAL,TRAMO RECTO,PLANA ,ASFALTADA,,,,,IMPRUDENCIA DEL CONDUCTOR,OTRO (IMPRUDENCIA DEL CONDUCTOR),17.0,0,2025.0,9.0,3.0,0,2,3,0,0.0,0.0,0.0,0.0,0,0,64.5,13.435028842544403,0,1,2,0.0,0.5,0
A-2025-09-171,2025-09-27,01:25,CHOQUE,1,0,2,SAN MARTIN,MOYOBAMBA,CALZADA,RURAL,CARRETERA,NACIONAL,PE-5N,-6.04457,-77.144425,DESPEJADO,RURAL,TRAMO RECTO,PLANA ,ASFALTADA,,,,,EN PROCESO DE INVESTIGACIÓN,NO CUENTA CON CAUSA ESPECIFICA,1.0,0,2025.0,9.0,5.0,1,0,3,2,0.0,0.0,0.0,0.0,0,0,47.0,8.48528137423857,0,1,2,0.0,0.5,1
A-2025-09-215,2025-09-27,09:00,ATROPELLO,1,0,0,AYACUCHO,HUAMANGA,ANDRES AVELINO CACERES DORREGARAY,URBANA,PASAJE,URBANO,NO CORRESPONDE,-13.15438996,-74.20093599,DESPEJADO,RESIDENCIAL,TRAMO RECTO,PLANA ,TROCHA,,,,,IMPRUDENCIA DEL CONDUCTOR,OTRO (IMPRUDENCIA DEL CONDUCTOR),9.0,0,2025.0,9.0,5.0,1,1,3,1,1.0,0.0,2.0,3.0,0,0,16.5,16.263455967290593,0,1,2,0.0,0.5,0
A-2025-09-264,2025-09-28,12:40,DESPISTE,1,0,1,AYACUCHO,HUAMANGA,ACOCRO,RURAL,CARRETERA,NACIONAL,PE-3S,-13.414866,-73.967526,LLUVIOSO,RURAL,CURVA,INCLINADA,ASFALTADA,,,,,IMPRUDENCIA DEL CONDUCTOR,CONDUCIR EN ESTADO DE EBRIEDAD Y/O DROGADICCIÓN,12.0,0,2025.0,9.0,6.0,1,2,3,1,0.0,1.0,0.0,1.0,1,0,23.0,0.0,1,0,1,1.0,0.0,0
A-2025-10-1,2025-10-01,07:30,CHOQUE,1,2,2,LIMA,HUARAL,HUARAL,RURAL,CARRETERA,PROVINCIAL,LM-667,-11.4243413,-77.2858457,DESPEJADO,RURAL,TRAMO RECTO,PLANA ,ASFALTADA,,,,,EN PROCESO DE INVESTIGACIÓN,NO CUENTA CON CAUSA ESPECIFICA,7.0,0,2025.0,10.0,2.0,0,1,3,0,0.0,0.0,0.0,0.0,0,0,36.666666666666664,9.451631252505218,0,2,3,0.0,0.667,0
A-2025-10-14,2025-10-02,03:30,CHOQUE,1,6,0,AREQUIPA,CAYLLOMA,SAN ANTONIO DE CHUCA,RURAL,CARRETERA,NACIONAL,PE-34A,-15.85050879,-71.11400513,DESPEJADO,RURAL,TRAMO RECTO,PLANA ,ASFALTADA,,,,,EN PROCESO DE INVESTIGACIÓN,NO CUENTA CON CAUSA ESPECIFICA,3.0,0,2025.0,10.0,3.0,0,0,3,0,0.0,0.0,0.0,0.0,0,0,45.625,19.434413512412164,0,2,8,0.0,0.25,1
A-2025-10-173,2025-10-02,07:00,CHOQUE,3,1,2,CUSCO,QUISPICANCHI,OCONGATE,RURAL,CARRETERA,NACIONAL,PE-30C,-13.617150416740582,-71.25246657565249,DESPEJADO,RURAL,TRAMO RECTO,PLANA ,ASFALTADA,,,,,IMPRUDENCIA DEL CONDUCTOR,EXCESO DE VELOCIDAD,7.0,2,2025.0,10.0,3.0,0,1,3,1,0.0,0.0,0.0,0.0,0,0,37.5,13.852797551397336,0,2,6,0.0,0.333,0
A-2025-10-274,2025-10-06,03:45,CHOQUE,1,1,2,CUSCO,QUISPICANCHI,CUSIPATA,RURAL,CARRETERA,NACIONAL,PE-3S,-13.932017,-71.503561,DESPEJADO,RURAL,TRAMO RECTO,PLANA ,ASFALTADA,,,,,IMPRUDENCIA DEL CONDUCTOR,INVASIÓN DE CARRIL,3.0,0,2025.0,10.0,0.0,0,0,3,1,0.0,0.0,0.0,0.0,0,0,53.0,1.4142135623730951,0,1,2,0.0,0.5,1
A-2025-10-35,2025-10-06,05:35,ATROPELLO FUGA,1,0,1,SAN MARTIN,RIOJA,RIOJA,URBANA,CARRETERA,NACIONAL,PE-5N,-6.049896,-77.17306,DESPEJADO,COMERCIAL,TRAMO RECTO,PLANA ,ASFALTADA,,,,,EN PROCESO DE INVESTIGACIÓN,NO CUENTA CON CAUSA ESPECIFICA,5.0,0,2025.0,10.0,0.0,0,0,3,2,0.0,0.0,0.0,0.0,0,0,67.0,0.0,0,0,2,0.0,0.0,1
A-2025-10-272,2025-10-07,05:45,DESPISTE,1,1,1,CUSCO,PARURO,CCAPI,RURAL,CARRETERA,DEPARTAMENTAL,CU-119B,-13.849161,-71.945618,DESPEJADO,RURAL,TRAMO RECTO,INCLINADA,AFIRMADO,,,,,IMPRUDENCIA DEL CONDUCTOR,FATIGA Y/O CANSANCIO,5.0,0,2025.0,10.0,1.0,0,0,3,1,0.0,1.0,1.0,2.0,0,0,51.5,3.5355339059327378,0,1,2,0.0,0.5,1
A-2025-10-94,2025-10-07,14:50,CHOQUE,1,1,2,AYACUCHO,HUANTA,HUANTA,URBANA,CARRETERA,NACIONAL,PE-3S,-12.941257,-74.251382,DESPEJADO,RURAL,CURVA,INCLINADA,ASFALTADA,SI,PREVENTIVA (P),REGULADORA (R),NO,IMPRUDENCIA DEL CONDUCTOR,EXCESO DE VELOCIDAD,14.0,0,2025.0,10.0,1.0,0,2,3,1,0.0,1.0,0.0,1.0,0,1,15.666666666666666,14.189197769195175,0,0,3,0.0,0.0,0
A-2025-10-93,2025-10-08,17:00,CHOQUE,2,0,0,CUSCO,QUISPICANCHI,URCOS,RURAL,CARRETERA,NACIONAL,PE-30C,-13.650235,-71.592558,DESPEJADO,RURAL,CURVA,PLANA ,ASFALTADA,,,,,IMPRUDENCIA DEL CONDUCTOR,INVASIÓN DE CARRIL,17.0,1,2025.0,10.0,2.0,0,2,3,1,0.0,0.0,0.0,0.0,0,0,25.0,15.588457268119896,0,1,3,0.0,0.333,0
A-2025-10-75,2025-10-10,16:20,DESPISTE,1,1,0,AREQUIPA,AREQUIPA,SOCABAYA,URBANA,CARRETERA,PROVINCIAL,AR-795,-16.465726,-71.541744,DESPEJADO,RURAL,INTERSECCIÓN,PLANA ,ASFALTADA,,,,,EN PROCESO DE INVESTIGACIÓN,NO CUENTA CON CAUSA ESPECIFICA,16.0,0,2025.0,10.0,4.0,0,2,3,0,0.0,0.0,0.0,0.0,0,0,35.0,12.727922061357855,0,1,2,0.0,0.5,0
A-2025-10-275,2025-10-11,06:30,CHOQUE,1,0,0,AREQUIPA,AREQUIPA,CERRO COLORADO,URBANA,CARRETERA,NACIONAL,PE-34A,-16.393403,-71.583374,DESPEJADO,COMERCIAL,TRAMO RECTO,PLANA ,ASFALTADA,NO,,,SI,IMPRUDENCIA DEL CONDUCTOR,OTRO (IMPRUDENCIA DEL CONDUCTOR),6.0,0,2025.0,10.0,5.0,1,1,3,0,0.0,0.0,0.0,0.0,0,1,40.333333333333336,9.291573243177568,0,0,3,0.0,0.0,0
A-2025-10-277,2025-10-11,09:00,DESPISTE,9,0,1,HUANCAVELICA,TAYACAJA,PAMPAS,RURAL,CARRETERA,NACIONAL,PE-3S,-12.503808764420713,-74.84291259122247,DESPEJADO,RURAL,CURVA,PLANA ,ASFALTADA,SI,PREVENTIVA (P),,NO,IMPRUDENCIA DEL CONDUCTOR,EXCESO DE VELOCIDAD,9.0,2,2025.0,10.0,5.0,1,1,3,1,0.0,0.0,0.0,0.0,0,1,44.0,20.42407542932745,0,1,9,0.0,0.111,0
A-2025-10-39,2025-10-11,16:00,DESPISTE,1,2,1,SAN MARTIN,LAMAS,ALONSO DE ALVARADO,RURAL,CARRETERA,PROVINCIAL,SM-656,-6.271443,-76.77876,DESPEJADO,RURAL,TRAMO RECTO,INCLINADA,AFIRMADO,,,,,EN PROCESO DE INVESTIGACIÓN,NO CUENTA CON CAUSA ESPECIFICA,16.0,0,2025.0,10.0,5.0,1,2,3,2,0.0,1.0,1.0,2.0,0,0,63.0,16.6332999331662,0,1,4,0.0,0.25,0
A-2025-10-40,2025-10-11,18:30,ATROPELLO,1,0,1,SAN MARTIN,RIOJA,NUEVA CAJAMARCA,RURAL,CARRETERA,NACIONAL,PE-5N,-5.902148238,-77.3268811,DESPEJADO,RURAL,TRAMO RECTO,PLANA ,ASFALTADA,,,,,EN PROCESO DE INVESTIGACIÓN,NO CUENTA CON CAUSA ESPECIFICA,18.0,0,2025.0,10.0,5.0,1,3,3,2,0.0,0.0,0.0,0.0,0,0,50.5,26.16295090390226,0,0,2,0.0,0.0,1
A-2025-10-49,2025-10-12,05:30,CHOQUE,1,4,2,SAN MARTIN,RIOJA,NUEVA CAJAMARCA,URBANA,CARRETERA,NACIONAL,PE-5N,-5.943543,-77.306208,DESPEJADO,COMERCIAL,TRAMO RECTO,PLANA ,ASFALTADA,,,,,EN PROCESO DE INVESTIGACIÓN,NO CUENTA CON CAUSA ESPECIFICA,5.0,0,2025.0,10.0,6.0,1,0,3,2,0.0,0.0,0.0,0.0,0,0,23.0,5.338539126015656,0,0,5,0.0,0.0,1
A-2025-10-68,2025-10-12,22:10,ATROPELLO,1,0,1,SAN MARTIN,LAMAS,ALONSO DE ALVARADO,RURAL,CARRETERA,NACIONAL,PE-5N,-6.259737439,-76.78171496,DESPEJADO,RURAL,TRAMO RECTO,PLANA ,ASFALTADA,,,,,EN PROCESO DE INVESTIGACIÓN,NO CUENTA CON CAUSA ESPECIFICA,22.0,0,2025.0,10.0,6.0,1,3,3,2,0.0,0.0,0.0,0.0,0,0,57.5,28.991378028648448,0,1,2,0.0,0.5,1
A-2025-10-65,2025-10-13,12:50,DESPISTE,1,0,1,TUMBES,TUMBES,PAMPAS DE HOSPITAL,RURAL,CARRETERA,PROVINCIAL,TU-532,-3.6929703,-80.4471108,DESPEJADO,RURAL,CURVA,INCLINADA,ASFALTADA,SI,PREVENTIVA (P),,NO,IMPRUDENCIA DEL CONDUCTOR,CONDUCIR EN ESTADO DE EBRIEDAD Y/O DROGADICCIÓN,12.0,0,2025.0,10.0,0.0,0,2,3,0,0.0,1.0,0.0,1.0,0,1,54.0,0.0,1,1,1,1.0,1.0,0
A-2025-10-90,2025-10-14,07:00,DESPISTE,1,0,1,CUSCO,PAUCARTAMBO,PAUCARTAMBO,RURAL,CARRETERA,PROVINCIAL,CU-116,-13.357721,-71.556543,DESPEJADO,RURAL,CURVA,PLANA ,AFIRMADO,,,,,IMPRUDENCIA DEL CONDUCTOR,EXCESO DE VELOCIDAD,7.0,0,2025.0,10.0,1.0,0,1,3,1,0.0,0.0,1.0,1.0,0,0,30.0,0.0,0,0,1,0.0,0.0,0
A-2025-10-71,2025-10-15,18:30,ATROPELLO,1,0,1,SAN MARTIN,RIOJA,PARDO MIGUEL,RURAL,CARRETERA,NACIONAL,PE-5N,-5.730781896,-77.52991892,DESPEJADO,RURAL,TRAMO RECTO,PLANA ,ASFALTADA,,,,,IMPRUDENCIA DEL PEATÓN,CRUCE INDEBIDO POR LA CALZADA,18.0,0,2025.0,10.0,2.0,0,3,3,2,0.0,0.0,0.0,0.0,0,0,54.0,29.698484809834994,0,1,2,0.0,0.5,1
A-2025-10-278,2025-10-17,15:30,CHOQUE,1,0,2,HUANCAVELICA,ACOBAMBA,ROSARIO,RURAL,CARRETERA,NACIONAL,PE-3SM,-12.7727366,-74.5922933,DESPEJADO,RURAL,CURVA,INCLINADA,ASFALTADA,SI,PREVENTIVA (P),,NO,IMPRUDENCIA DEL CONDUCTOR,INVASIÓN DE CARRIL,15.0,0,2025.0,10.0,4.0,0,2,3,1,0.0,1.0,0.0,1.0,0,1,32.5,7.7781745930520225,0,2,2,0.0,1.0,0
A-2025-10-81,2025-10-18,11:50,ATROPELLO,1,0,0,CUSCO,CANCHIS,SICUANI,RURAL,CARRETERA,NACIONAL,PE-3S,-14.309416,-71.207773,DESPEJADO,COMERCIAL,PUENTE,PLANA ,ASFALTADA,,,,,IMPRUDENCIA DEL PEATÓN,CRUCE INDEBIDO POR LA CALZADA,11.0,0,2025.0,10.0,5.0,1,1,3,1,0.0,0.0,0.0,0.0,0,0,78.0,2.8284271247461903,0,1,2,0.0,0.5,0
A-2025-10-271,2025-10-18,23:30,DESPISTE,3,0,1,CUSCO,CALCA,TARAY,RURAL,CARRETERA,PROVINCIAL,CU-1125,-13.456858,-71.898928,DESPEJADO,RURAL,TRAMO RECTO,PLANA ,AFIRMADO,,,,,IMPRUDENCIA DEL CONDUCTOR,CONDUCIR EN ESTADO DE EBRIEDAD Y/O DROGADICCIÓN,23.0,2,2025.0,10.0,5.0,1,3,3,1,0.0,0.0,1.0,1.0,0,0,64.0,9.539392014169456,1,1,3,0.333,0.333,1
A-2025-10-78,2025-10-19,19:00,DESPISTE,1,1,0,AREQUIPA,AREQUIPA,CHARACATO,URBANA,CARRETERA,PROVINCIAL,AR-784,-16.470257,-71.495631,DESPEJADO,RURAL,TRAMO RECTO,PLANA ,ASFALTADA,NO,,,NO,EN PROCESO DE INVESTIGACIÓN,NO CUENTA CON CAUSA ESPECIFICA,19.0,0,2025.0,10.0,6.0,1,3,3,0,0.0,0.0,0.0,0.0,0,2,45.5,9.192388155425117,1,1,2,0.5,0.5,1
A-2025-10-73,2025-10-21,06:50,CHOQUE,1,2,2,SAN MARTIN,RIOJA,RIOJA,RURAL,CARRETERA,NACIONAL,PE-5N,-6.041390145,-77.18832713,DESPEJADO,RURAL,TRAMO RECTO,PLANA ,ASFALTADA,,,,,IMPRUDENCIA DEL CONDUCTOR,OTRO (IMPRUDENCIA DEL CONDUCTOR),6.0,0,2025.0,10.0,1.0,0,1,3,2,0.0,0.0,0.0,0.0,0,0,39.5,3.696845502136472,0,0,4,0.0,0.0,0
A-2025-10-82,2025-10-22,06:00,DESPISTE,1,2,0,AREQUIPA,AREQUIPA,YURA,URBANA,CARRETERA,NACIONAL,PE-34E,-16.035324,-71.40243,DESPEJADO,RURAL,CURVA,PLANA ,ASFALTADA,SI,PREVENTIVA (P),,NO,EN PROCESO DE INVESTIGACIÓN,NO CUENTA CON CAUSA ESPECIFICA,6.0,0,2025.0,10.0,2.0,0,1,3,0,0.0,0.0,0.0,0.0,0,1,16.666666666666668,13.576941236277534,0,1,3,0.0,0.333,0
A-2025-10-92,2025-10-23,18:15,CHOQUE,2,0,0,AREQUIPA,CARAVELI,ATIQUIPA,RURAL,CARRETERA,NACIONAL,PE-1S,-15.834422,-74.293082,DESPEJADO,RURAL,CURVA,INCLINADA,ASFALTADA,NO,,,SI,EN PROCESO DE INVESTIGACIÓN,NO CUENTA CON CAUSA ESPECIFICA,18.0,1,2025.0,10.0,3.0,0,3,3,0,0.0,1.0,0.0,1.0,0,1,44.0,21.213203435596427,0,2,2,0.0,1.0,1
A-2025-10-85,2025-10-26,06:00,DESPISTE,1,4,0,AREQUIPA,ISLAY,COCACHACRA,RURAL,CARRETERA,NACIONAL,PE-1S,-16.9936099,-71.7304756,NIEBLA,RURAL,CURVA,PLANA ,ASFALTADA,SI,PREVENTIVA (P),,NO,EN PROCESO DE INVESTIGACIÓN,NO CUENTA CON CAUSA ESPECIFICA,6.0,0,2025.0,10.0,6.0,1,1,3,0,0.0,0.0,0.0,0.0,0,1,46.6,10.21273714534943,0,2,5,0.0,0.4,0