CODIGO_SINIESTRO,FECHA_SINIESTRO,HORA_SINIESTRO,CLASE_SINIESTRO,CANTIDAD_FALLECIDOS,CANTIDAD_LESIONADOS,CANTIDAD_VEHICULOS,DEPARTAMENTO,PROVINCIA,DISTRITO,ZONA,TIPO_VIA,RED_VIAL,COD_CARRETERA,LATITUD,LONGITUD,CONDICION_CLIMATICA,ZONIFICACION,CARACTERISTICAS_VIA,PERFIL_VIA,SUPERFICIE_CALZADA,EXISTE_SENIAL_VERTICAL,CLASIFICACION_SENIAL_VERTICAL_1,CLASIFICACION_SENIAL_VERTICAL_2,EXISTE_SENIAL_HORIZONTAL,CAUSA_FACTOR_PRINCIPAL,CAUSA_ESPECIFICA,HORA,severidad,ANIO,MES,DIA_SEMANA,FIN_SEMANA,FRANJA_HORARIA,TEMPORADA,MACROREGION,TIPO_VIA_SCORE,PERFIL_VIA_SCORE,SUPERFICIE_CALZADA_SCORE,RIESGO_INFRAESTRUCTURA,RIESGO_CLIMATICO,SENIALIZACION_DEFICIENTE,EDAD_PROMEDIO,EDAD_STD,TOTAL_ALCOHOL,TOTAL_LICENCIA,TOTAL_PERSONAS,PCT_ALCOHOL,PCT_LICENCIA,ES_NOCHE
A-2025-10-74,2025-10-26,06:10,VOLCADURA,1,0,1,SAN MARTIN,MOYOBAMBA,CALZADA,RURAL,CARRETERA,NACIONAL,PE-5N,-6.039495501,-77.09817742,DESPEJADO,RURAL,TRAMO RECTO,PLANA ,ASFALTADA,,,,,IMPRUDENCIA DEL CONDUCTOR,OTRO (IMPRUDENCIA DEL CONDUCTOR),6.0,0,2025.0,10.0,6.0,1,1,3,2,0.0,0.0,0.0,0.0,0,0,21.0,0.0,0,0,1,0.0,0.0,0
A-2025-10-281,2025-10-28,14:00,DESPISTE,1,1,1,HUANCAVELICA,ANGARAES,SAN ANTONIO DE ANTAPARCO,RURAL,CARRETERA,PROVINCIAL,HV-680,-13.04564996,-74.39434121,DESPEJADO,RURAL,CURVA,PLANA ,ASFALTADA,,,,,IMPERICIA DEL CONDUCTOR,,14.0,0,2025.0,10.0,1.0,0,2,3,1,0.0,0.0,0.0,0.0,0,0,27.0,7.0710678118654755,0,1,2,0.0,0.5,0
A-2025-10-91,2025-10-30,11:30,CHOQUE,1,0,2,LIMA,HUARAL,AUCALLAMA,RURAL,CARRETERA,SIN CLASIFICAR,SIN CLASIFICAR,-11.5122467,-77.1423172,DESPEJADO,RURAL,TRAMO RECTO,PLANA ,ASFALTADA,,,,,EN PROCESO DE INVESTIGACIÓN,NO CUENTA CON CAUSA ESPECIFICA,11.0,0,2025.0,10.0,3.0,0,1,3,0,0.0,0.0,0.0,0.0,0,0,49.0,16.97056274847714,0,1,2,0.0,0.5,0
A-2025-11-10,2025-11-02,04:45,CHOQUE,1,0,2,SAN MARTIN,RIOJA,AWAJUN,RURAL,CARRETERA,NACIONAL,PE-5N,-5.816409,-77.38497,DESPEJADO,RURAL,TRAMO RECTO,PLANA ,ASFALTADA,,,,,IMPRUDENCIA DEL CONDUCTOR,EXCESO DE VELOCIDAD,4.0,0,2025.0,11.0,6.0,1,0,3,2,0.0,0.0,0.0,0.0,0,0,46.0,2.8284271247461903,0,1,2,0.0,0.5,1
A-2025-11-157,2025-11-02,14:30,CHOQUE,1,0,0,CUSCO,CHUMBIVILCAS,COLQUEMARCA,RURAL,CARRETERA,DEPARTAMENTAL,CU-119,-14.338814616316428,-72.06086568259929,DESPEJADO,RURAL,TRAMO RECTO,PLANA ,ASFALTADA,,,,,IMPRUDENCIA DEL CONDUCTOR,INVASIÓN DE CARRIL,14.0,0,2025.0,11.0,6.0,1,2,3,1,0.0,0.0,0.0,0.0,0,0,24.0,7.0710678118654755,0,1,2,0.0,0.5,0
A-2025-11-156,2025-11-05,08:00,CHOQUE,1,5,2,HUANCAVELICA,ANGARAES,LIRCAY,RURAL,CARRETERA,NACIONAL,PE-26B,-12.979089,-74.736443,DESPEJADO,RURAL,CURVA,INCLINADA,ASFALTADA,SI,PREVENTIVA (P),,NO,IMPRUDENCIA DEL CONDUCTOR,EXCESO DE VELOCIDAD,8.0,0,2025.0,11.0,2.0,0,1,3,1,0.0,1.0,0.0,1.0,0,1,33.857142857142854,20.812084401684928,0,2,7,0.0,0.286,0
A-2025-11-19,2025-11-06,20:30,ATROPELLO,1,0,0,AREQUIPA,AREQUIPA,JOSE LUIS BUSTAMANTE Y RIVERO,URBANA,CALLE,URBANO,NO CORRESPONDE,-16.424305,-71.534437,DESPEJADO,RURAL,TRAMO RECTO,PLANA ,ASFALTADA,NO,,,SI,EN PROCESO DE INVESTIGACIÓN,NO CUENTA CON CAUSA ESPECIFICA,20.0,0,2025.0,11.0,3.0,0,3,3,0,2.0,0.0,0.0,2.0,0,1,20.0,0.0,0,1,2,0.0,0.5,1
A-2025-11-144,2025-11-07,20:30,DESPISTE,1,0,1,CUSCO,ESPINAR,OCORURO,RURAL,CARRETERA,NACIONAL,PE-34J,-15.051019,-71.12941,DESPEJADO,RURAL,PUENTE,PLANA ,ASFALTADA,,,,,IMPRUDENCIA DEL CONDUCTOR,EXCESO DE VELOCIDAD,20.0,0,2025.0,11.0,4.0,0,3,3,1,0.0,0.0,0.0,0.0,0,0,28.0,0.0,0,1,1,0.0,1.0,1
A-2025-11-11,2025-11-08,08:00,CHOQUE,1,1,0,AREQUIPA,ISLAY,COCACHACRA,URBANA,CARRETERA,NACIONAL,PE-1S,-16.980001,-71.781158,DESPEJADO,RESIDENCIAL,OTRO,PLANA ,ASFALTADA,NO,,,SI,EN PROCESO DE INVESTIGACIÓN,NO CUENTA CON CAUSA ESPECIFICA,8.0,0,2025.0,11.0,5.0,1,1,3,0,0.0,0.0,0.0,0.0,0,1,55.666666666666664,9.018499505645787,0,2,3,0.0,0.667,0
A-2025-11-153,2025-11-09,23:30,CHOQUE,1,1,0,AREQUIPA,CAMANA,MARISCAL CACERES,RURAL,CARRETERA,NACIONAL,PE-1S,-16.500944,-72.929594,DESPEJADO,RURAL,CURVA,PLANA ,ASFALTADA,SI,REGULADORA (R),PREVENTIVA (P),SI,NEGLIGENCIA DEL CONDUCTOR,OTRO (NEGLIGENCIA DEL CONDUCTOR),23.0,0,2025.0,11.0,6.0,1,3,3,0,0.0,0.0,0.0,0.0,0,0,38.666666666666664,6.506407098647712,0,1,3,0.0,0.333,1
A-2025-11-150,2025-11-11,07:20,ATROPELLO,1,1,1,CUSCO,CALCA,CALCA,RURAL,CARRETERA,NACIONAL,PE-28B,-13.3126009,-72.01228441,DESPEJADO,RURAL,TRAMO RECTO,PLANA ,ASFALTADA,,,,,IMPRUDENCIA DEL PEATÓN,CRUCE INDEBIDO POR LA CALZADA,7.0,0,2025.0,11.0,1.0,0,1,3,1,0.0,0.0,0.0,0.0,0,0,49.0,32.526911934581186,0,1,2,0.0,0.5,0
A-2025-11-22,2025-11-13,00:08,CHOQUE,1,0,0,AREQUIPA,CAYLLOMA,MAJES,URBANA,AVENIDA,URBANO,NO CORRESPONDE,-16.331055,-72.197832,DESPEJADO,RESIDENCIAL,TRAMO RECTO,PLANA ,ASFALTADA,NO,,,SI,EN PROCESO DE INVESTIGACIÓN,NO CUENTA CON CAUSA ESPECIFICA,0.0,0,2025.0,11.0,3.0,0,0,3,0,1.0,0.0,0.0,1.0,0,1,22.0,0.0,0,2,2,0.0,1.0,1
A-2025-11-12,2025-11-13,12:45,ATROPELLO FUGA,1,0,0,LIMA,HUARAL,AUCALLAMA,URBANA,CARRETERA,NACIONAL,PE-1N,-11.6039142,-77.2063534,DESPEJADO,ESCOLAR,TRAMO RECTO,INCLINADA,ASFALTADA,SI,REGULADORA (R),,NO,EN PROCESO DE INVESTIGACIÓN,NO CUENTA CON CAUSA ESPECIFICA,12.0,0,2025.0,11.0,3.0,0,2,3,0,0.0,1.0,0.0,1.0,0,1,32.0,0.0,0,0,2,0.0,0.0,0
A-2025-11-13,2025-11-15,00:45,CHOQUE,1,1,2,TUMBES,ZARUMILLA,AGUAS VERDES,URBANA,CARRETERA,NACIONAL,PE-1NO,-3.4914283,-80.2676616,DESPEJADO,RURAL,TRAMO RECTO,PLANA ,ASFALTADA,,,,,IMPRUDENCIA DEL CONDUCTOR,INVASIÓN DE CARRIL,0.0,0,2025.0,11.0,5.0,1,0,3,0,0.0,0.0,0.0,0.0,0,0,45.0,15.556349186104045,0,1,2,0.0,0.5,1
A-2025-11-15,2025-11-15,17:30,DESPISTE,1,0,1,SAN MARTIN,MOYOBAMBA,CALZADA,RURAL,CARRETERA,NACIONAL,PE-5N,-6.048196,-77.147931,DESPEJADO,RURAL,TRAMO RECTO,PLANA ,ASFALTADA,,,,,IMPRUDENCIA DEL CONDUCTOR,CONDUCIR EN ESTADO DE EBRIEDAD Y/O DROGADICCIÓN,17.0,0,2025.0,11.0,5.0,1,2,3,2,0.0,0.0,0.0,0.0,0,0,76.0,0.0,0,1,1,0.0,1.0,0
A-2025-11-23,2025-11-16,03:15,CHOQUE,1,1,0,AREQUIPA,CAYLLOMA,SAN ANTONIO DE CHUCA,URBANA,CARRETERA,NACIONAL,PE-34A,-15.819738,-71.07154,DESPEJADO,RESIDENCIAL,TRAMO RECTO,PLANA ,ASFALTADA,NO,,,SI,EN PROCESO DE INVESTIGACIÓN,NO CUENTA CON CAUSA ESPECIFICA,3.0,0,2025.0,11.0,6.0,1,0,3,0,0.0,0.0,0.0,0.0,0,1,33.0,11.313708498984761,0,2,2,0.0,1.0,1
A-2025-11-26,2025-11-17,07:55,CHOQUE,1,0,0,AREQUIPA,AREQUIPA,PAUCARPATA,URBANA,AVENIDA,URBANO,NO CORRESPONDE,-16.42942486,-71.49886011,DESPEJADO,RURAL,TRAMO RECTO,PLANA ,ASFALTADA,,,,,EN PROCESO DE INVESTIGACIÓN,NO CUENTA CON CAUSA ESPECIFICA,7.0,0,2025.0,11.0,0.0,0,1,3,0,1.0,0.0,0.0,1.0,0,0,40.5,16.263455967290593,0,2,2,0.0,1.0,0
A-2025-11-25,2025-11-19,05:27,DESPISTE,1,0,0,AREQUIPA,ISLAY,ISLAY,RURAL,CARRETERA,PROVINCIAL,AR-803,-17.001671,-72.054978,DESPEJADO,RURAL,TRAMO RECTO,PLANA ,ASFALTADA,NO,,,SI,EN PROCESO DE INVESTIGACIÓN,NO CUENTA CON CAUSA ESPECIFICA,5.0,0,2025.0,11.0,2.0,0,0,3,0,0.0,0.0,0.0,0.0,0,1,32.0,0.0,0,0,1,0.0,0.0,1
A-2025-11-20,2025-11-19,23:00,ATROPELLO FUGA,1,1,0,SAN MARTIN,RIOJA,YURACYACU,RURAL,CARRETERA,PROVINCIAL,SM-552,-5.909031252,-77.26909753,DESPEJADO,RURAL,TRAMO RECTO,PLANA ,ASFALTADA,,,,,EN PROCESO DE INVESTIGACIÓN,NO CUENTA CON CAUSA ESPECIFICA,23.0,0,2025.0,11.0,2.0,0,3,3,2,0.0,0.0,0.0,0.0,0,0,42.0,33.94112549695428,0,0,3,0.0,0.0,1
A-2025-11-28,2025-11-21,22:00,CHOQUE,1,0,0,AREQUIPA,AREQUIPA,LA JOYA,RURAL,CARRETERA,NACIONAL,PE-1S,-16.677733,-71.870904,DESPEJADO,RURAL,TRAMO RECTO,PLANA ,ASFALTADA,NO,,,SI,EN PROCESO DE INVESTIGACIÓN,NO CUENTA CON CAUSA ESPECIFICA,22.0,0,2025.0,11.0,4.0,0,3,3,0,0.0,0.0,0.0,0.0,0,1,27.0,0.0,0,1,2,0.0,0.5,1
A-2025-11-14,2025-11-23,04:39,DESPISTE,1,0,1,LIMA,HUARAL,AUCALLAMA,RURAL,CARRETERA,NACIONAL,PE-1N,-11.6070792,-77.2143235,DESPEJADO,RURAL,TRAMO RECTO,INCLINADA,ASFALTADA,SI,REGULADORA (R),,NO,EN PROCESO DE INVESTIGACIÓN,NO CUENTA CON CAUSA ESPECIFICA,4.0,0,2025.0,11.0,6.0,1,0,3,0,0.0,1.0,0.0,1.0,0,1,38.0,0.0,0,0,1,0.0,0.0,1
A-2025-11-16,2025-11-23,20:30,ATROPELLO,1,1,1,TUMBES,ZARUMILLA,ZARUMILLA,RURAL,CARRETERA,NACIONAL,PE-1N,-3.5084116,-80.2982707,DESPEJADO,RURAL,CURVA,INCLINADA,ASFALTADA,SI,REGULADORA (R),PREVENTIVA (P),NO,IMPRUDENCIA DEL CONDUCTOR,NO DAR PASO PREFERENTE AL PEATÓN,20.0,0,2025.0,11.0,6.0,1,3,3,0,0.0,1.0,0.0,1.0,0,1,49.5,34.64823227814083,0,0,2,0.0,0.0,1
A-2025-11-18,2025-11-29,04:30,CHOQUE,1,2,2,TUMBES,TUMBES,CORRALES,RURAL,CARRETERA,NACIONAL,PE-1N,-3.5892631,-80.4766528,DESPEJADO,RURAL,TRAMO RECTO,PLANA ,ASFALTADA,,,,,IMPRUDENCIA DEL CONDUCTOR,CONDUCIR EN ESTADO DE EBRIEDAD Y/O DROGADICCIÓN,4.0,0,2025.0,11.0,5.0,1,0,3,0,0.0,0.0,0.0,0.0,0,0,42.666666666666664,16.502525059315417,1,0,3,0.333,0.0,1
A-2025-11-151,2025-11-29,17:41,ATROPELLO,1,0,0,CUSCO,CANCHIS,SICUANI,URBANA,CALLE,URBANO,NO CORRESPONDE,-14.28332945,-71.22974162,DESPEJADO,RESIDENCIAL,TRAMO RECTO,PLANA ,AFIRMADO,,,,,IMPERICIA DEL CONDUCTOR,,17.0,0,2025.0,11.0,5.0,1,2,3,1,2.0,0.0,1.0,3.0,0,0,24.0,22.627416997969522,0,1,2,0.0,0.5,0
A-2025-11-29,2025-11-30,04:45,CHOQUE,2,0,0,AREQUIPA,CAYLLOMA,MAJES,RURAL,CARRETERA,NACIONAL,PE-1S,-16.391638,-72.20298,DESPEJADO,RURAL,TRAMO RECTO,PLANA ,ASFALTADA,NO,,,SI,EN PROCESO DE INVESTIGACIÓN,NO CUENTA CON CAUSA ESPECIFICA,4.0,1,2025.0,11.0,6.0,1,0,3,0,0.0,0.0,0.0,0.0,0,1,28.333333333333332,10.214368964029708,0,2,3,0.0,0.667,1
A-2025-11-159,2025-11-30,07:30,DESPISTE,1,0,1,CUSCO,PARURO,CCAPI,RURAL,CARRETERA,DEPARTAMENTAL,CU-119B,-13.868303188960542,-71.94447683501927,DESPEJADO,RURAL,CURVA,PLANA ,AFIRMADO,,,,,IMPRUDENCIA DEL CONDUCTOR,EXCESO DE VELOCIDAD,7.0,0,2025.0,11.0,6.0,1,1,3,1,0.0,0.0,1.0,1.0,0,0,19.0,0.0,0,1,1,0.0,1.0,0
A-2025-11-21,2025-11-30,19:30,ATROPELLO,1,0,1,SAN MARTIN,RIOJA,AWAJUN,RURAL,CARRETERA,NACIONAL,PE-5N,-5.797013417,-77.40960565,DESPEJADO,RURAL,TRAMO RECTO,PLANA ,ASFALTADA,,,,,EN PROCESO DE INVESTIGACIÓN,NO CUENTA CON CAUSA ESPECIFICA,19.0,0,2025.0,11.0,6.0,1,3,3,2,0.0,0.0,0.0,0.0,0,0,42.5,6.363961030678928,0,1,2,0.0,0.5,1
A-2025-12-1,2025-12-01,00:30,ATROPELLO FUGA,1,0,0,SAN MARTIN,RIOJA,NUEVA CAJAMARCA,RURAL,CARRETERA,NACIONAL,PE-5N,-5.860813,-77.347487,DESPEJADO,RURAL,TRAMO RECTO,PLANA ,ASFALTADA,,,,,EN PROCESO DE INVESTIGACIÓN,NO CUENTA CON CAUSA ESPECIFICA,0.0,0,2025.0,12.0,0.0,0,0,0,2,0.0,0.0,0.0,0.0,0,0,46.0,0.0,0,0,2,0.0,0.0,1
A-2025-12-2,2025-12-02,13:05,CHOQUE,1,1,3,SAN MARTIN,RIOJA,RIOJA,RURAL,CARRETERA,NACIONAL,PE-5N,-6.019445,-77.2288,DESPEJADO,RURAL,TRAMO RECTO,INCLINADA,ASFALTADA,,,,,EN PROCESO DE INVESTIGACIÓN,NO CUENTA CON CAUSA ESPECIFICA,13.0,0,2025.0,12.0,1.0,0,2,0,2,0.0,1.0,0.0,1.0,0,0,60.5,13.625955623979797,0,2,4,0.0,0.5,0
A-2025-12-8,2025-12-05,10:55,DESPISTE,1,0,1,SAN MARTIN,RIOJA,NUEVA CAJAMARCA,RURAL,CARRETERA,PROVINCIAL,SM-520,-5.929763029,-77.30895902,DESPEJADO,RURAL,TRAMO RECTO,PLANA ,ASFALTADA,,,,,EN PROCESO DE INVESTIGACIÓN,NO CUENTA CON CAUSA ESPECIFICA,10.0,0,2025.0,12.0,4.0,0,1,0,2,0.0,0.0,0.0,0.0,0,0,36.0,0.0,0,1,1,0.0,1.0,0
A-2025-12-7,2025-12-05,16:38,CHOQUE,1,1,2,SAN MARTIN,MOYOBAMBA,SORITOR,URBANA,JIRÓN,URBANO,NO CORRESPONDE,-6.137788,-77.104915,DESPEJADO,ESCOLAR,INTERSECCIÓN,PLANA ,ASFALTADA,,,,,EN PROCESO DE INVESTIGACIÓN,NO CUENTA CON CAUSA ESPECIFICA,16.0,0,2025.0,12.0,4.0,0,2,0,2,1.0,0.0,0.0,1.0,0,0,25.5,10.14889156509222,0,1,4,0.0,0.25,0
A-2025-12-3,2025-12-06,19:40,ATROPELLO,1,0,1,LIMA,HUARAL,CHANCAY,URBANA,CARRETERA,NACIONAL,PE-1N,-11.5914173,-77.2572694,DESPEJADO,RURAL,TRAMO RECTO,INCLINADA,ASFALTADA,,,,,EN PROCESO DE INVESTIGACIÓN,NO CUENTA CON CAUSA ESPECIFICA,19.0,0,2025.0,12.0,5.0,1,3,0,0,0.0,1.0,0.0,1.0,0,0,48.5,7.7781745930520225,0,1,2,0.0,0.5,1
A-2025-12-4,2025-12-07,02:10,CHOQUE,1,0,2,LIMA,HUARAL,AUCALLAMA,RURAL,CARRETERA,NACIONAL,PE-1NA,-11.6729712,-77.1965717,DESPEJADO,RURAL,SINUOSA,PLANA ,ASFALTADA,,,,,EN PROCESO DE INVESTIGACIÓN,NO CUENTA CON CAUSA ESPECIFICA,2.0,0,2025.0,12.0,6.0,1,0,0,0,0.0,0.0,0.0,0.0,0,0,34.0,4.242640687119285,0,2,2,0.0,1.0,1
A-2025-12-5,2025-12-07,06:10,CHOQUE,1,2,2,LIMA,HUARAL,CHANCAY,RURAL,CARRETERA,NACIONAL,PE-1N,-11.4694393,-77.3095766,DESPEJADO,RURAL,TRAMO RECTO,INCLINADA,ASFALTADA,,,,,EN PROCESO DE INVESTIGACIÓN,NO CUENTA CON CAUSA ESPECIFICA,6.0,0,2025.0,12.0,6.0,1,1,0,0,0.0,1.0,0.0,1.0,0,0,40.6,15.757537878742351,0,1,5,0.0,0.2,0
A-2025-12-12,2025-12-07,11:10,CHOQUE,1,0,2,SAN MARTIN,RIOJA,NUEVA CAJAMARCA,URBANA,CARRETERA,NACIONAL,PE-5N,-5.96118,-77.29743,DESPEJADO,RURAL,TRAMO RECTO,PLANA ,ASFALTADA,,,,,EN PROCESO DE INVESTIGACIÓN,NO CUENTA CON CAUSA ESPECIFICA,11.0,0,2025.0,12.0,6.0,1,1,0,2,0.0,0.0,0.0,0.0,0,0,42.5,33.23401871576773,0,0,2,0.0,0.0,0
A-2025-12-11,2025-12-07,17:35,DESPISTE,1,0,1,SAN MARTIN,MOYOBAMBA,MOYOBAMBA,URBANA,CARRETERA,PROVINCIAL,SM-588,-6.00111373,-76.98128325,DESPEJADO,INDUSTRIAL,OTRO,INCLINADA,AFIRMADO,,,,,EN PROCESO DE INVESTIGACIÓN,NO CUENTA CON CAUSA ESPECIFICA,17.0,0,2025.0,12.0,6.0,1,2,0,2,0.0,1.0,1.0,2.0,0,0,17.0,22.627416997969522,0,1,2,0.0,0.5,0
A-2025-12-6,2025-12-08,19:00,CHOQUE,1,0,2,TUMBES,TUMBES,CORRALES,URBANA,CARRETERA,NACIONAL,PE-1N,-3.614284,-80.51437,DESPEJADO,RURAL,TRAMO RECTO,PLANA ,ASFALTADA,SI,REGULADORA (R),,NO,IMPRUDENCIA DEL CONDUCTOR,INVASIÓN DE CARRIL,19.0,0,2025.0,12.0,0.0,0,3,0,0,0.0,0.0,0.0,0.0,0,1,44.0,15.556349186104045,0,1,2,0.0,0.5,1
A-2025-12-70,2025-12-09,15:00,CHOQUE,1,4,0,AREQUIPA,AREQUIPA,UCHUMAYO,RURAL,CARRETERA,DEPARTAMENTAL,AR-115,-16.459298,-71.624885,DESPEJADO,RURAL,CURVA,INCLINADA,ASFALTADA,SI,PREVENTIVA (P),INFORMATIVA (I),SI,IMPRUDENCIA DEL CONDUCTOR,INVASIÓN DE CARRIL,15.0,0,2025.0,12.0,1.0,0,2,0,0,0.0,1.0,0.0,1.0,0,0,43.4,15.725775020646836,0,2,5,0.0,0.4,0
A-2025-12-9,2025-12-12,12:00,ATROPELLO FUGA,1,0,1,LIMA,HUARAL,AUCALLAMA,RURAL,CARRETERA,NACIONAL,PE-1N,-11.676886,-77.1837419,DESPEJADO,RURAL,TRAMO RECTO,INCLINADA,ASFALTADA,,,,,EN PROCESO DE INVESTIGACIÓN,NO CUENTA CON CAUSA ESPECIFICA,12.0,0,2025.0,12.0,4.0,0,2,0,0,0.0,1.0,0.0,1.0,0,0,0.0,0.0,0,0,2,0.0,0.0,0
A-2025-12-130,2025-12-12,16:20,CHOQUE,1,0,0,AREQUIPA,CARAVELI,LOMAS,RURAL,CARRETERA,NACIONAL,PE-1S,-15.315688,-74.907817,DESPEJADO,RURAL,TRAMO RECTO,PLANA ,ASFALTADA,,,,,EN PROCESO DE INVESTIGACIÓN,NO CUENTA CON CAUSA ESPECIFICA,16.0,0,2025.0,12.0,4.0,0,2,0,0,0.0,0.0,0.0,0.0,0,0,32.666666666666664,2.309401076758502,0,3,3,0.0,1.0,0
A-2025-12-13,2025-12-13,20:30,CHOQUE,1,0,2,SAN MARTIN,RIOJA,RIOJA,RURAL,CARRETERA,NACIONAL,PE-5N,-6.052769,-77.156114,DESPEJADO,RURAL,TRAMO RECTO,PLANA ,ASFALTADA,,,,,EN PROCESO DE INVESTIGACIÓN,NO CUENTA CON CAUSA ESPECIFICA,20.0,0,2025.0,12.0,5.0,1,3,0,2,0.0,0.0,0.0,0.0,0,0,38.5,12.020815280171307,0,1,2,0.0,0.5,1
A-2025-12-140,2025-12-14,02:45,DESPISTE,1,0,0,AREQUIPA,AREQUIPA,SOCABAYA,URBANA,CARRETERA,PROVINCIAL,AR-796,-16.460456,-71.547633,DESPEJADO,RESIDENCIAL,TRAMO RECTO,PLANA ,ASFALTADA,,,,,EN PROCESO DE INVESTIGACIÓN,NO CUENTA CON CAUSA ESPECIFICA,2.0,0,2025.0,12.0,6.0,1,0,0,0,0.0,0.0,0.0,0.0,0,0,30.0,0.0,0,0,1,0.0,0.0,1
A-2025-12-35,2025-12-15,12:50,DESPISTE,1,0,1,SAN MARTIN,RIOJA,NUEVA CAJAMARCA,URBANA,CARRETERA,NACIONAL,PE-5N,-5.943530155,-77.3061479,DESPEJADO,COMERCIAL,TRAMO RECTO,PLANA ,ASFALTADA,,,,,IMPRUDENCIA DEL CONDUCTOR,CONDUCIR EN ESTADO DE EBRIEDAD Y/O DROGADICCIÓN,12.0,0,2025.0,12.0,0.0,0,2,0,2,0.0,0.0,0.0,0.0,0,0,30.0,0.0,0,1,1,0.0,1.0,0
A-2025-12-139,2025-12-15,21:40,CHOQUE FUGA,1,0,0,AREQUIPA,AREQUIPA,VITOR,RURAL,CARRETERA,NACIONAL,PE-1S,-16.432225,-72.005177,DESPEJADO,RURAL,TRAMO RECTO,PLANA ,ASFALTADA,SI,REGULADORA (R),,SI,EN PROCESO DE INVESTIGACIÓN,NO CUENTA CON CAUSA ESPECIFICA,21.0,0,2025.0,12.0,0.0,0,3,0,0,0.0,0.0,0.0,0.0,0,0,48.5,24.748737341529164,1,1,2,0.5,0.5,1
A-2025-12-36,2025-12-15,23:30,DESPISTE,1,1,1,SAN MARTIN,MOYOBAMBA,JEPELACIO,RURAL,CARRETERA,NACIONAL,PE-5N,-6.098945,-76.869748,DESPEJADO,RURAL,TRAMO RECTO,PLANA ,ASFALTADA,,,,,EN PROCESO DE INVESTIGACIÓN,NO CUENTA CON CAUSA ESPECIFICA,23.0,0,2025.0,12.0,0.0,0,3,0,2,0.0,0.0,0.0,0.0,0,0,20.5,2.1213203435596424,0,0,2,0.0,0.0,1
A-2025-12-10,2025-12-18,03:00,DESPISTE,1,0,1,TUMBES,TUMBES,SAN JACINTO,RURAL,CARRETERA,DEPARTAMENTAL,TU-105,-3.7124443,-80.4526939,DESPEJADO,RURAL,CURVA,INCLINADA,ASFALTADA,SI,PREVENTIVA (P),,NO,IMPRUDENCIA DEL CONDUCTOR,EXCESO DE VELOCIDAD,3.0,0,2025.0,12.0,3.0,0,0,0,0,0.0,1.0,0.0,1.0,0,1,17.0,0.0,0,0,1,0.0,0.0,1
A-2025-12-159,2025-12-21,21:30,CHOQUE,1,1,2,TUMBES,CONTRALMIRANTE VILLAR,ZORRITOS,URBANA,CARRETERA,NACIONAL,PE-1N,-3.705619733,-80.71773047,DESPEJADO,RESIDENCIAL,TRAMO RECTO,PLANA ,ASFALTADA,,,,,IMPRUDENCIA DEL CONDUCTOR,CONDUCIR EN ESTADO DE EBRIEDAD Y/O DROGADICCIÓN,21.0,0,2025.0,12.0,6.0,1,3,0,0,0.0,0.0,0.0,0.0,0,0,26.5,4.949747468305833,1,1,2,0.5,0.5,1
A-2025-12-93,2025-12-21,22:20,ATROPELLO FUGA,1,0,0,TUMBES,TUMBES,TUMBES,URBANA,AVENIDA,URBANO,NO CORRESPONDE,-3.565192826,-80.45885004,DESPEJADO,RESIDENCIAL,TRAMO RECTO,PLANA ,ASFALTADA,,,,,IMPRUDENCIA DEL PEATÓN,ESTADO DE EBRIEDAD Y/O DROGADICCIÓN,22.0,0,2025.0,12.0,6.0,1,3,0,0,1.0,0.0,0.0,1.0,0,0,36.0,0.0,1,0,2,0.5,0.0,1
A-2025-12-138,2025-12-24,03:20,CHOQUE,2,0,0,AREQUIPA,CAYLLOMA,SAN ANTONIO DE CHUCA,RURAL,CARRETERA,NACIONAL,PE-34A,-15.97581,-71.227033,DESPEJADO,RURAL,CURVA,INCLINADA,ASFALTADA,SI,REGULADORA (R),,SI,EN PROCESO DE INVESTIGACIÓN,NO CUENTA CON CAUSA ESPECIFICA,3.0,1,2025.0,12.0,2.0,0,0,0,0,0.0,1.0,0.0,1.0,0,0,38.25,6.849574196011507,0,3,4,0.0,0.75,1
A-2025-12-132,2025-12-24,07:45,CHOQUE,1,0,0,AREQUIPA,AREQUIPA,MARIANO MELGAR,URBANA,AVENIDA,URBANO,NO CORRESPONDE,-16.403622,-71.49484,DESPEJADO,ESCOLAR,INTERSECCIÓN,INCLINADA,ASFALTADA,SI,PREVENTIVA (P),,SI,EN PROCESO DE INVESTIGACIÓN,NO CUENTA CON CAUSA ESPECIFICA,7.0,0,2025.0,12.0,2.0,0,1,0,0,1.0,1.0,0.0,2.0,0,0,46.0,12.727922061357855,0,2,2,0.0,1.0,0
A-2025-12-164,2025-12-28,03:00,DESPISTE,1,0,1,TUMBES,TUMBES,TUMBES,URBANA,CARRETERA,NACIONAL,PE-1N,-3.558005009,-80.45203726,DESPEJADO,RESIDENCIAL,CURVA,PLANA ,ASFALTADA,SI,PREVENTIVA (P),,NO,IMPRUDENCIA DEL CONDUCTOR,CONDUCIR EN ESTADO DE EBRIEDAD Y/O DROGADICCIÓN,3.0,0,2025.0,12.0,6.0,1,0,0,0,0.0,0.0,0.0,0.0,0,1,33.0,0.0,0,1,1,0.0,1.0,1
A-2025-12-131,2025-12-30,15:00,DESPISTE,1,0,0,AREQUIPA,AREQUIPA,LA JOYA,RURAL,CARRETERA,SIN CLASIFICAR,SIN CLASIFICAR,-16.521657,-71.831193,DESPEJADO,RURAL,TRAMO RECTO,PLANA ,AFIRMADO,NO,,,SI,EN PROCESO DE INVESTIGACIÓN,NO CUENTA CON CAUSA ESPECIFICA,15.0,0,2025.0,12.0,1.0,0,2,0,0,0.0,0.0,1.0,1.0,0,1,52.0,0.0,0,1,1,0.0,1.0,0